no,n,orbit,members,loops,loop_nodes,rep,rep_edges,rep_weight,es_lo,vc_min,chi_min,es_up,mindeg_g,nodes,edges,selfloops,density,min_degree,max_degree,aspl,aspl_se,diameter,diameter_exactly_known,chi_og
1,3,0,7,5,5,5,2,2,1,1,2,1,2,7,14,5,0.6666666666666666,3,5,1.3333333333333333,0.0,2,True,3
2,4,0,10,4,4,21,3,3,1,1,2,1,3,10,20,4,0.4444444444444444,3,6,1.5555555555555556,0.0,2,True,3
3,4,1,37,18,18,81,3,3,2,2,2,2,2,37,122,18,0.1831831831831832,3,9,2.175675675675676,0.0,4,True,4
4,4,2,6,6,6,344,4,5,2,2,2,2,3,6,11,6,0.7333333333333333,3,4,1.2666666666666666,0.0,2,True,4
5,5,4,11,7,7,85,4,4,1,1,2,1,4,11,25,7,0.45454545454545453,3,6,1.5818181818181818,0.0,3,True,3
6,5,3,88,53,53,337,4,4,2,2,2,2,3,88,352,53,0.09195402298850575,6,11,2.5491118077324972,0.0,4,True,6
7,5,0,255,159,159,1348,4,4,2,2,2,2,2,255,1299,159,0.040111162575266326,6,14,3.010251659719006,0.0,5,True,7
8,5,2,219,45,45,20816,5,5,2,3,3,3,2,219,1404,45,0.058816136734950356,3,15,2.663273428008881,0.0,6,True,8
9,5,1,139,70,70,1368,5,6,2,2,2,2,3,139,762,70,0.07944948389114795,7,15,2.5279949953081013,0.0,4,True,7
10,6,20,14,6,6,341,5,5,1,1,2,1,5,14,31,6,0.34065934065934067,3,6,1.8131868131868132,0.0,3,True,4
11,6,7,116,60,60,1361,5,5,2,2,2,2,4,116,467,60,0.07001499250374812,6,12,2.75592203898051,0.0,5,True,5
12,6,15,66,36,36,5441,5,5,2,2,2,2,3,66,254,36,0.11841491841491841,3,11,2.462937062937063,0.0,5,True,4
13,6,6,666,378,378,5444,5,5,2,2,2,2,3,666,3675,378,0.016595542911332386,9,14,3.517248075142812,0.0,6,True,7
14,6,14,420,268,268,278789,5,5,3,3,2,3,3,420,2262,268,0.02570746675758609,6,15,3.2765996135924538,0.0,5,True,8
15,6,1,1850,992,992,279824,5,5,3,3,2,3,2,1850,12470,992,0.007291011942174733,6,17,3.851497814742812,0.0,7,True,8
16,6,18,162,108,108,21780,6,6,2,2,2,2,3,162,801,108,0.06142167011732229,6,15,2.7866728011655546,0.0,5,True,7
17,6,13,164,108,108,279813,6,6,3,3,3,3,3,164,800,108,0.05985335926978902,3,15,2.8366751458925634,0.0,5,True,7
18,6,2,4698,1418,1418,279888,6,6,3,3,3,3,3,4698,35937,1418,0.0032571536245928558,6,18,4.160690686599863,0.0,7,True,9
19,6,0,7572,0,0,1380672,6,6,3,3,2,3,2,7572,65661,0,0.002290728593404519,3,18,4.169115852933138,0.0,9,True,10
20,6,19,180,118,118,5464,6,7,2,2,2,2,4,180,1064,118,0.06604593420235878,9,15,2.6080695220360024,0.0,5,True,8
21,6,16,331,196,196,21784,6,7,2,2,2,2,4,331,2045,196,0.03744392566144832,7,17,2.8988922457200403,0.0,5,True,8
22,6,17,164,108,108,279814,6,7,3,3,3,3,3,164,800,108,0.05985335926978902,3,15,2.8366751458925634,0.0,5,True,6
23,6,9,1008,510,510,279826,6,7,3,3,2,3,3,1008,6559,510,0.012923424914487476,6,17,3.4968257908923253,0.0,6,True,8
24,6,5,980,596,596,344452,6,7,3,3,2,3,3,980,7247,596,0.015107043838986055,12,18,3.3436784724104145,0.0,6,True,9
25,6,3,1892,233,233,1380736,6,7,3,3,2,3,3,1892,16138,233,0.009021256804514094,3,18,3.416417256326004,0.0,6,True,11
26,6,4,1200,188,188,345488,7,8,3,3,3,3,4,1200,10312,188,0.014334167361690298,13,18,3.1452460383653045,0.0,5,True,10
27,6,12,1572,514,514,1335569,7,8,3,3,3,3,3,1572,11979,514,0.009701119042181525,4,18,3.5096468595066757,0.0,6,True,10
28,6,11,119,54,54,1401232,8,10,3,3,2,3,4,119,834,54,0.11878649764990742,6,18,2.214356929212363,0.0,4,True,7
29,6,8,462,0,0,21316944,9,9,3,4,3,4,3,462,3489,0,0.032763332112572895,3,18,2.8426439793034155,0.0,6,True,9
30,6,10,940,24,24,18433360,9,10,3,3,3,3,4,940,7504,24,0.01700314957061609,6,18,3.1811161715722927,0.0,5,True,9
31,7,72,15,9,9,1365,6,6,1,1,2,1,6,15,36,9,0.34285714285714286,3,6,1.8666666666666667,0.0,4,True,4
32,7,68,137,81,81,5457,6,6,2,2,2,2,5,137,575,81,0.06172176899957063,6,12,2.8593817088879345,0.0,5,True,7
33,7,70,156,93,93,21825,6,6,2,2,2,2,4,156,675,93,0.05583126550868486,6,12,2.90272952853598,0.0,5,True,7
34,7,57,852,516,516,21828,6,6,2,2,2,2,4,852,4824,516,0.013306631800201916,9,15,3.6573349221848916,0.0,6,True,7
35,7,24,483,291,291,87300,6,6,2,2,2,2,3,483,2682,291,0.02304064328238963,6,15,3.3608755788081064,0.0,6,True,7
36,7,66,565,389,389,4261125,6,6,3,3,2,3,4,565,3214,389,0.02017197012489801,6,16,3.402108830728676,0.0,6,True,8
37,7,46,1069,729,729,4265217,6,6,3,3,2,3,3,1069,6360,729,0.011141358615108102,9,17,3.7124093012826576,0.0,6,True,8
38,7,60,5052,2820,2820,4265232,6,6,3,3,2,3,3,5052,35688,2820,0.002797122556573779,12,18,4.418839476296643,0.0,7,True,9
39,7,51,5853,3903,3903,4523076,6,6,3,3,2,3,3,5853,42477,3903,0.002480281594905674,12,20,4.457298306107284,0.0,7,True,9
40,7,62,1155,837,837,21251088,6,6,3,3,2,3,3,1155,7629,837,0.011447477998604514,6,20,3.7054476430559617,0.0,7,True,9
41,7,41,13923,7605,7605,21251136,6,6,3,3,2,3,2,13923,115704,7605,0.001193833925777443,9,21,4.725903677632524,0.0042777669752566295,8,False,10
42,7,65,576,417,417,87316,7,7,2,2,2,2,4,576,3309,417,0.019981884057971015,6,17,3.3901570048309178,0.0,6,True,8
43,7,58,577,425,425,4265221,7,7,3,3,3,3,4,577,3319,425,0.019972799922973232,6,17,3.3935225303292893,0.0,6,True,8
44,7,45,6451,2201,2201,4265296,7,7,3,3,3,3,4,6451,50912,2201,0.0024471658140856715,6,18,4.294276928401222,0.0,7,True,10
45,7,53,3144,2232,2232,4527172,7,7,3,3,2,3,3,3144,22230,2232,0.004499275015604773,9,20,4.146680818232528,0.0,7,True,9
46,7,42,14703,7737,7737,4527184,7,7,3,3,3,3,3,14703,121776,7737,0.0011267026729294444,9,21,4.684019385117671,0.003756964623337364,7,False,10
47,7,52,3153,2211,2211,21251089,7,7,3,3,3,3,3,3153,22302,2211,0.004488111394997271,9,20,4.150448931885031,0.0,7,True,9
48,7,59,14724,7596,7596,21251137,7,7,3,3,3,3,3,14724,122040,7596,0.001125926585268928,9,21,4.683339468858248,0.003617229651979892,7,False,10
49,7,23,71046,21210,21210,21251392,7,7,3,3,2,3,3,71046,663606,21210,0.0002629463517798457,12,21,5.3375685973678655,0.003478580408894747,8,False,12
50,7,7,35091,11757,11757,1141904656,7,7,3,4,3,4,3,35091,323811,11757,0.0005259476036083815,9,21,5.011843146195497,0.00477078421986918,8,False,11
51,7,38,48207,480,480,1146160384,7,7,3,4,3,4,2,48207,501600,480,0.00043169430718133266,3,21,4.7833603285898025,0.0038190209866736328,9,False,12
52,7,69,239,130,130,21848,7,8,2,2,2,2,5,239,1406,130,0.04943567385113041,7,15,2.8198023979466265,0.0,5,True,8
53,7,56,896,507,507,87320,7,8,2,2,2,2,4,896,5845,507,0.014577513966480446,7,18,3.411694433359936,0.0,6,True,8
54,7,54,577,425,425,4265222,7,8,3,3,3,3,4,577,3319,425,0.019972799922973232,6,17,3.3935225303292893,0.0,6,True,8
55,7,26,2695,1491,1491,4265234,7,8,3,3,2,3,4,2695,18589,1491,0.005120703879851191,9,18,4.029522625004649,0.0,6,True,8
56,7,61,1597,1021,1021,4523396,7,8,3,3,2,3,4,1597,12242,1021,0.009606043913791993,10,21,3.6050944518465857,0.0,6,True,9
57,7,40,3132,2220,2220,4527176,7,8,3,3,2,3,4,3132,22380,2220,0.004564416397145833,9,20,4.07053369408131,0.0,6,True,9
58,7,28,4872,2604,2604,4527488,7,8,3,3,2,3,4,4872,38770,2604,0.003267385575769466,10,21,4.116592149712163,0.0,7,True,10
59,7,49,1360,760,760,21071105,7,8,3,3,2,3,3,1360,10278,760,0.011121932216595248,12,18,3.5183461022378046,0.0,6,True,9
60,7,47,3153,2211,2211,21251090,7,8,3,3,3,3,3,3153,22302,2211,0.004488111394997271,9,20,4.150448931885031,0.0,7,True,9
61,7,21,14724,7596,7596,21251138,7,8,3,3,3,3,3,14724,122040,7596,0.001125926585268928,9,21,4.688280921007947,0.003983165644013529,7,False,10
62,7,9,14679,8037,8037,21251168,7,8,3,3,2,3,3,14679,120882,8037,0.0011220915157611753,12,21,4.752479697506473,0.003940825247437503,7,False,10
63,7,4,35418,11190,11190,21251456,7,8,3,3,2,3,3,35418,328746,11190,0.0005241488869254843,9,21,4.964552446565209,0.0037692588575070113,8,False,11
64,7,20,7440,4020,4020,21333248,7,8,3,3,2,3,3,7440,66120,4020,0.0023893256551132,15,21,4.278607368605157,0.0,7,True,10
65,7,30,48207,480,480,1146160640,7,8,3,4,3,4,3,48207,501600,480,0.00043169430718133266,3,21,4.783538065800938,0.003883551251895775,9,False,12
66,7,6,71244,22020,22020,22299968,8,8,3,3,2,3,3,71244,666180,22020,0.00026250107835740883,12,21,5.326219263646954,0.0035662530589350054,8,False,11
67,7,39,57072,492,492,1141921088,8,8,3,4,3,4,3,57072,590204,492,0.00036240449011674513,9,21,4.909231360936377,0.0037579109068890553,8,False,12
68,7,27,71400,22632,22632,1145373716,8,8,3,4,3,4,3,71400,668064,22632,0.00026209438943016524,12,21,5.330564895866888,0.0033824024442478703,8,False,11
69,7,71,357,273,273,349272,8,9,2,2,2,2,5,357,2312,273,0.03638309256286784,8,19,2.9100179397601735,0.0,5,True,8
70,7,2,7818,2442,2442,4527504,8,9,3,3,3,3,4,7818,70643,2442,0.002311869693320142,10,21,4.0952013625314265,0.0,6,True,11
71,7,55,2162,793,793,21071121,8,9,3,3,3,3,4,2162,17005,793,0.007279409907617203,4,18,3.6649896127679265,0.0,6,True,9
72,7,44,2062,1390,1390,21251094,8,9,3,3,3,3,4,2062,14969,1390,0.0070445966404865,10,20,3.7362895320277603,0.0,6,True,9
73,7,25,29340,15408,15408,21251169,8,9,3,3,3,3,3,29340,245070,15408,0.0005693964167965042,15,21,5.078105116057126,0.003188783740759582,7,False,10
74,7,36,15600,4836,4836,21333252,8,9,3,3,3,3,4,15600,142932,4836,0.001174730135560958,16,21,4.435446118340918,0.003498769011838887,7,False,11
75,7,37,37260,1290,1290,22300224,8,9,3,3,2,3,4,37260,381072,1290,0.0005489881747383583,9,21,4.707062588904694,0.0033437752097767136,7,False,12
76,7,34,2631,1749,1749,25510992,8,9,3,3,2,3,4,2631,20364,1749,0.005885948901153691,9,21,3.935097325974452,0.0,7,True,10
77,7,32,23634,8022,8022,1141920840,8,9,3,4,3,4,4,23634,220671,8022,0.0007901675175117706,12,21,4.700797952016249,0.003054146780908809,7,False,11
78,7,29,35589,11883,11883,1145373720,8,9,3,4,3,4,3,35589,330933,11883,0.0005225774976919585,9,21,4.96056167809374,0.003757412899913103,8,False,11
79,7,33,11802,4062,4062,1145382144,8,9,3,4,3,4,3,11802,108450,4062,0.0015573460703419834,7,21,4.380887721379544,0.00495580972376549,7,False,11
80,7,22,71400,22632,22632,1145439297,8,9,3,4,3,4,3,71400,668064,22632,0.00026209438943016524,12,21,5.328190296782868,0.0035036146361575515,8,False,11
81,7,3,338868,468,468,1146160416,8,9,3,4,3,4,3,338868,3553668,468,6.189378043314976e-05,12,21,5.8903782250853585,0.0022379987947612943,9,False,12
82,7,67,1030,658,658,22283872,8,10,3,3,2,3,4,1030,9441,658,0.017815392453791504,9,21,3.128547840772925,0.0,6,True,10
83,7,11,10084,340,340,89212176,9,9,3,3,2,3,3,10084,101287,340,0.0019923291972148817,9,21,4.079103280140955,0.0,8,True,12
84,7,1,59454,318,318,1146115392,9,9,3,4,3,4,3,59454,608502,318,0.00034430010316900293,6,21,4.992014111987621,0.004239544893869768,9,False,12
85,7,50,5016,2748,2748,25510996,9,10,3,3,3,3,4,5016,41100,2748,0.0032677088352168373,9,21,4.080845104240707,0.0,7,True,10
86,7,18,19872,312,312,89212192,9,10,3,3,2,3,4,19872,201612,312,0.0010211394898058661,9,21,4.418615369130894,0.0036977341556302342,7,False,11
87,7,8,59454,318,318,1146119488,9,10,3,4,3,4,4,59454,608502,318,0.00034430010316900293,6,21,4.993357021512792,0.00446567440387056,9,False,12
88,7,13,170580,2424,2424,1146177856,9,10,3,4,3,4,4,170580,1784301,2424,0.00012264347302349721,11,21,5.505427666946107,0.00275560323455202,9,False,12
89,7,17,173784,480,480,1146230080,9,10,3,4,3,4,4,173784,1808508,480,0.00011976594636880301,9,21,5.518168957838223,0.0029075256915619247,9,False,12
90,7,48,9669,2883,2883,1146423616,9,10,3,4,3,4,4,9669,96564,2883,0.0020659844151296194,9,21,4.108960459646231,0.0,7,True,12
91,7,64,4107,2073,2073,21333392,9,11,3,3,2,3,4,4107,36513,2073,0.0043304583397525825,12,21,3.874514079119074,0.0,7,True,11
92,7,63,2136,324,324,22287968,9,11,3,3,3,3,4,2136,20480,324,0.008981747055057056,7,21,3.3785793226850513,0.0,6,True,11
93,7,10,15288,4902,4902,1145378128,10,10,3,4,3,4,4,15288,138696,4902,0.0011869187545999777,6,21,4.518131811342971,0.0051180589289937075,8,False,11
94,7,12,88380,1260,1260,1163150656,10,10,3,4,3,4,3,88380,912567,1260,0.00023366392905110493,11,21,5.178192772038606,0.0035155873475912367,8,False,12
95,7,5,58908,492,492,5453714704,10,10,3,4,3,4,3,58908,609698,492,0.0003514014767387442,9,21,4.896855195477618,0.003419772302827058,8,False,12
96,7,43,8214,2610,2610,1099240784,10,11,3,3,3,3,4,8214,75441,2610,0.002236561840485745,12,21,4.119541044857205,0.0,7,True,11
97,7,19,24702,7914,7914,1145378324,10,11,3,4,3,4,4,24702,227640,7914,0.0007461599240395824,12,21,4.740719282620137,0.004117477593424745,8,False,11
98,7,15,114528,1056,1056,1146423620,10,11,3,4,3,4,4,114528,1196934,1056,0.00018250746715355964,12,21,5.278629432360928,0.0028640629619845915,8,False,12
99,7,0,175464,468,468,5470491920,10,11,3,4,3,4,4,175464,1825614,468,0.00011859472628850966,9,21,5.520599613593749,0.0030191800458498406,9,False,12
100,7,16,58908,492,492,1167345984,10,12,3,4,3,4,4,58908,609698,492,0.0003514014767387442,9,21,4.893045291731034,0.0033971052833480656,8,False,12
101,7,35,38388,168,168,5470492752,10,12,3,4,3,4,4,38388,401032,168,0.0005442887588836548,6,21,4.5865032693359735,0.00252690612555629,8,False,12
102,7,14,16745,188,188,5655238032,11,12,3,4,3,4,4,16745,174182,188,0.0012424785543302427,3,21,4.162586239847109,0.0028787993029563684,7,False,12
103,7,31,16745,188,188,5655258688,11,13,3,4,3,4,4,16745,174182,188,0.0012424785543302427,3,21,4.169136108456762,0.003114783563988551,7,False,12
104,8,658,18,8,8,5461,7,7,1,1,2,1,7,18,42,8,0.27450980392156865,3,6,2.104575163398693,0.0,4,True,4
105,8,657,165,88,88,21841,7,7,2,2,2,2,6,165,690,88,0.050997782705099776,6,12,3.0519586104951957,0.0,6,True,6
106,8,639,190,106,106,87361,7,7,2,2,2,2,5,190,829,106,0.04617098301308828,6,12,3.0876636034530773,0.0,6,True,6
107,8,640,1038,606,606,87364,7,7,2,2,2,2,5,1038,5931,606,0.011020005462622839,9,15,3.831039589151305,0.0,6,True,7
108,8,656,108,60,60,349441,7,7,2,2,2,2,4,108,445,60,0.07701626860505364,3,12,2.8058151609553477,0.0,6,True,5
109,8,647,1182,702,702,349444,7,7,2,2,2,2,4,1182,6903,702,0.009890095720309296,9,15,3.8770564966166217,0.0,7,True,8
110,8,629,730,482,482,67376389,7,7,3,3,2,3,5,730,4177,482,0.015697991243399666,6,16,3.6010635699118705,0.0,6,True,7
111,8,626,1378,918,918,67392769,7,7,3,3,2,3,4,1378,8301,918,0.008749379448602533,9,18,3.907540740319135,0.0,7,True,8
112,8,443,6462,3672,3672,67392784,7,7,3,3,2,3,4,6462,46257,3672,0.002215852072653046,12,18,4.60417793286874,0.0,7,True,9
113,8,637,1472,992,992,68424709,7,7,3,3,2,3,4,1472,9006,992,0.008318431708686786,9,17,3.9209093193036386,0.0,7,True,8
114,8,606,8064,5364,5364,68424772,7,7,3,3,2,3,4,8064,59910,5364,0.001842816687632513,12,20,4.656795616464784,0.0,7,True,9
115,8,627,784,528,528,68441092,7,7,3,3,2,3,3,784,4617,528,0.01504222378606615,6,16,3.6044354523418565,0.0,6,True,7
116,8,625,3544,2028,2028,68441104,7,7,3,3,2,3,3,3544,25428,2028,0.004050208053396231,6,18,4.200333662727319,0.0,8,True,9
117,8,598,8118,5418,5418,68441152,7,7,3,3,2,3,3,8118,60423,5418,0.0018339508268804506,12,20,4.654463364887437,0.0,7,True,9
118,8,599,8124,5424,5424,336663553,7,7,3,3,2,3,3,8124,60504,5424,0.001833697593735606,12,20,4.65186337122381,0.0,7,True,9
119,8,519,4230,3042,3042,336663568,7,7,3,3,2,3,3,4230,30723,3042,0.0034349115948810057,9,20,4.327220637420222,0.0,7,True,9
120,8,272,38304,21456,21456,336663616,7,7,3,3,2,3,3,38304,328068,21456,0.00044721560316738376,15,21,5.336545283659243,0.004446206102623414,8,False,10
121,8,505,22464,15066,15066,340791568,7,7,3,3,2,3,3,22464,195075,15066,0.0007731731496923146,9,23,4.957104349374528,0.004704581994255724,8,False,10
122,8,602,1865,1398,1398,69797416981,7,7,4,4,2,4,4,1865,12862,1398,0.007399693932734239,6,21,3.9574762107491743,0.0,7,True,8
123,8,601,4771,3498,3498,69797433361,7,7,4,4,2,4,3,4771,36058,3498,0.003168865705496213,6,21,4.271064832208218,0.0,7,True,9
124,8,372,44358,28968,28968,69797433616,7,7,4,4,2,4,3,44358,388479,28968,0.0003948784382738749,15,23,5.3557634195279205,0.004340033190963828,8,False,10
125,8,583,23190,16116,16116,69797499904,7,7,4,4,2,4,3,23190,198675,16116,0.0007389081353367293,12,23,5.063452455905817,0.005224180494203463,8,False,10
126,8,379,104904,56808,56808,69864788224,7,7,4,4,2,4,2,104904,1033488,56808,0.0001878258995755212,9,24,5.557071313499137,0.004445444811213488,9,False,11
127,8,609,747,522,522,349460,8,8,2,2,2,2,5,747,4323,522,0.015515143684658204,6,18,3.5877558491338006,0.0,6,True,7
128,8,550,795,563,563,1397780,8,8,2,2,2,2,4,795,4706,563,0.014910571424045118,6,17,3.6005893256023955,0.0,6,True,8
129,8,652,748,530,530,67392773,8,8,3,3,3,3,5,748,4333,530,0.015509453142337622,6,18,3.5907873919922113,0.0,6,True,8
130,8,564,8278,2836,2836,67392848,8,8,3,3,3,3,5,8278,65960,2836,0.0019253614204917243,6,18,4.473339013091144,0.0,8,True,10
131,8,646,796,572,572,68441093,8,8,3,3,3,3,4,796,4721,572,0.01492051452229702,6,17,3.600673177206789,0.0,6,True,7
132,8,588,8226,5850,5850,68441156,8,8,3,3,2,3,4,8226,61503,5850,0.0018180326742177854,12,20,4.64324430580774,0.0,7,True,9
133,8,314,40392,21816,21816,68441168,8,8,3,3,3,3,4,40392,344124,21816,0.0004218567424989357,15,21,5.2781698893317825,0.0038169259295782435,8,False,10
134,8,574,5076,3864,3864,72618308,8,8,3,3,2,3,4,5076,37674,3864,0.0029249205184641723,9,21,4.3858888151331294,0.0,7,True,9
135,8,610,4362,3066,3066,336663557,8,8,3,3,2,3,3,4362,31635,3066,0.0033260294210879413,9,20,4.33829099387773,0.0,7,True,10
136,8,539,8244,5760,5760,336663569,8,8,3,3,3,3,4,8244,61740,5760,0.00181707702764341,12,20,4.641141472837759,0.0,8,True,9
137,8,549,40464,21456,21456,336663617,8,8,3,3,3,3,4,40464,345168,21456,0.00042163206437092083,15,21,5.284993055383931,0.00386025386570551,8,False,10
138,8,355,98232,31536,31536,336663872,8,8,3,3,2,3,4,98232,935496,31536,0.00019389668269558015,12,21,5.524381692133847,0.003942332853516264,9,False,11
139,8,636,4374,3042,3042,336679952,8,8,3,3,3,3,3,4374,31731,3042,0.0033178404582051542,9,20,4.342088475536429,0.0,7,True,9
140,8,510,23904,16020,16020,340807952,8,8,3,3,3,3,3,23904,207513,16020,0.0007263606574564165,9,23,4.907101535372129,0.004376773633683321,8,False,10
141,8,504,23850,16452,16452,340857104,8,8,3,3,2,3,3,23850,204381,16452,0.0007186409461414861,12,23,5.073832110361021,0.005263515529755397,8,False,10
142,8,455,114444,58104,58104,340857152,8,8,3,3,2,3,3,114444,1117926,58104,0.00017071071838608917,12,24,5.542452364932761,0.003637851352593701,9,False,11
143,8,589,5095,3870,3870,69797433365,8,8,4,4,3,4,4,5095,37848,3870,0.002916552522103589,9,21,4.391551491431163,0.0,7,True,9
144,8,460,56293,27152,27152,69797434640,8,8,4,4,3,4,4,56293,540004,27152,0.00034082064932292966,9,24,5.232638101328785,0.00459508771174504,8,False,11
145,8,623,1399,1095,1095,69797498900,8,8,4,4,2,4,3,1399,9896,1095,0.010119633787060245,4,21,3.676321018180777,0.0,7,True,8
146,8,403,23928,15870,15870,69797498948,8,8,4,4,3,4,3,23928,207952,15870,0.0007264378219849222,9,23,4.8974844318134325,0.004182079387694066,8,False,10
147,8,409,57769,29248,29248,69797499200,8,8,4,4,2,4,3,57769,560904,29248,0.00033615250424014794,6,24,5.117455425148871,0.0044025269256353005,8,False,11
148,8,547,22683,15336,15336,69797499908,8,8,4,4,2,4,3,22683,197761,15336,0.0007687565095525774,9,23,4.943207785909532,0.0047169352040129075,8,False,10
149,8,467,219528,115200,115200,69797499968,8,8,4,4,3,4,3,219528,2163168,115200,8.977230620358951e-05,18,24,5.9602404897803,0.0033735283265282036,9,False,11
150,8,569,48702,17226,17226,69861643265,8,8,3,4,3,4,3,48702,458667,17226,0.0003867611253688557,9,21,5.196802652922937,0.004891103630654692,8,False,11
151,8,553,23910,16404,16404,69864607808,8,8,4,4,3,4,3,23910,204975,16404,0.0007171168094331744,12,23,5.071549123760928,0.005060999439922135,8,False,10
152,8,411,22764,15678,15678,69864788048,8,8,4,4,3,4,3,22764,198682,15678,0.000766850038009797,9,23,4.938297588191363,0.004626501720539346,8,False,10
153,8,360,113964,56808,56808,69864788225,8,8,4,4,2,4,3,113964,1118160,56808,0.00017218780529097222,9,24,5.489392364188377,0.0036865660517394656,9,False,11
154,8,440,220176,117792,117792,69864788288,8,8,4,4,3,4,3,220176,2171376,117792,8.958329790434403e-05,18,24,5.961955158396729,0.003394521118532001,9,False,11
155,8,7,541392,157512,157512,69864789248,8,8,4,4,3,4,3,541392,5897088,157512,4.0238773843216154e-05,12,24,6.121126858407325,0.0030578084287548723,9,False,12
156,8,404,266478,85920,85920,69865837568,8,8,4,4,3,4,3,266478,2857659,85920,8.04858081140486e-05,12,24,5.906636730374479,0.004539631560163688,10,False,12
157,8,281,533208,175440,175440,74106016784,8,8,4,4,2,4,3,533208,5794284,175440,4.076029086830641e-05,15,24,6.200633044952523,0.0035582682509396803,9,False,12
158,8,161,323940,0,0,348178617344,8,8,4,4,2,4,2,323940,3862419,0,7.361419468698137e-05,3,24,5.503660216892687,0.003900408667274522,10,False,13
159,8,653,280,178,178,87384,8,9,2,2,2,2,6,280,1708,178,0.04372759856630824,9,15,2.9211981566820278,0.0,6,True,8
160,8,642,1159,636,636,349464,8,9,2,2,2,2,5,1159,7614,636,0.011346211447245482,7,18,3.5979292493528905,0.0,6,True,8
161,8,654,606,400,400,1397784,8,9,2,2,2,2,5,606,4070,400,0.0222022202220222,9,18,3.1620652974388346,0.0,6,True,8
162,8,563,748,530,530,67392774,8,9,3,3,3,3,5,748,4333,530,0.015509453142337622,6,18,3.5907873919922113,0.0,6,True,7
163,8,634,3488,1878,1878,67392786,8,9,3,3,2,3,5,3488,24228,1878,0.003983998231965123,9,18,4.216066622290395,0.0,7,True,8
164,8,631,2160,1482,1482,68425092,8,9,3,3,2,3,5,2160,17121,1482,0.00734264834542741,12,21,3.7583890861681506,0.0,6,True,10
165,8,614,796,572,572,68441094,8,9,3,3,3,3,4,796,4721,572,0.01492051452229702,6,17,3.600673177206789,0.0,6,True,7
166,8,644,1842,1094,1094,68441106,8,9,3,3,2,3,4,1842,13101,1094,0.007726646225054716,6,18,3.728535275345446,0.0,6,True,10
167,8,596,8550,5850,5850,68441160,8,9,3,3,2,3,4,8550,63627,5850,0.0017409648814984003,12,20,4.614201886749861,0.0,7,True,9
168,8,605,6588,3804,3804,68441472,8,9,3,3,2,3,4,6588,54202,3804,0.0024980668349250776,13,21,4.259054075067733,0.0,7,True,10
169,8,612,7842,4968,4968,72618372,8,9,3,3,2,3,4,7842,64939,4968,0.002112211002134654,10,23,4.361210491833011,0.0,7,True,10
170,8,517,1740,1056,1056,335942913,8,9,3,3,2,3,4,1740,13415,1056,0.008866900649732638,12,18,3.663094789580483,0.0,6,True,9
171,8,532,4278,3096,3096,336663558,8,9,3,3,2,3,4,4278,31677,3096,0.0034625337063342496,11,20,4.223819022631353,0.0,7,True,9
172,8,328,8244,5760,5760,336663570,8,9,3,3,3,3,4,8244,61740,5760,0.00181707702764341,12,20,4.641141472837759,0.0,8,True,9
173,8,389,40464,21456,21456,336663618,8,9,3,3,3,3,4,40464,345168,21456,0.00042163206437092083,15,21,5.275948496156984,0.0038824063376378206,8,False,10
174,8,545,19872,11766,11766,336663648,8,9,3,3,2,3,4,19872,169311,11766,0.0008575389766408795,15,21,4.879258416788285,0.0035565459535895423,7,False,10
175,8,551,48720,16896,16896,336663936,8,9,3,3,2,3,4,48720,463062,16896,0.0003901786428393976,11,21,5.126503438083704,0.0036970159212345484,8,False,11
176,8,592,4374,3042,3042,336696336,8,9,3,3,3,3,3,4374,31731,3042,0.0033178404582051542,9,20,4.342088475536429,0.0,7,True,9
177,8,638,2180,1502,1502,336991233,8,9,3,3,2,3,4,2180,17356,1502,0.007307451023321025,12,21,3.745118331361495,0.0,6,True,9
178,8,624,6762,3642,3642,336991236,8,9,3,3,2,3,4,6762,55047,3642,0.002408116806460982,10,21,4.294266606663887,0.0,7,True,10
179,8,478,20370,11214,11214,336991248,8,9,3,3,2,3,3,20370,171471,11214,0.0008265325076347284,12,21,4.932669792331484,0.004179004057609952,8,False,10
180,8,191,10320,5760,5760,336991488,8,9,3,3,2,3,3,10320,94056,5760,0.001766441222671207,15,21,4.430753535849802,0.0,7,True,11
181,8,577,11940,8142,8142,340791648,8,9,3,3,2,3,4,11940,110619,8142,0.0015519847331135954,15,24,4.4961116508920345,0.004522645136590761,7,False,11
182,8,484,23904,16020,16020,340807968,8,9,3,3,3,3,4,23904,207513,16020,0.0007263606574564165,9,23,4.910872484625361,0.004328433630460672,8,False,10
183,8,573,23310,16812,16812,340857120,8,9,3,3,2,3,4,23310,203769,16812,0.0007500706887209954,14,23,4.9463302586983575,0.003809009022190088,7,False,10
184,8,382,112644,59076,59076,340857216,8,9,3,3,2,3,3,112644,1105974,59076,0.0001743261908848894,17,24,5.533473416013423,0.0032392784970667566,8,False,12
185,8,503,37002,19272,19272,340858368,8,9,3,3,2,3,4,37002,349629,19272,0.0005107387194891594,13,24,5.025607713305046,0.004802303497636505,8,False,11
186,8,580,5095,3870,3870,69797433366,8,9,4,4,3,4,4,5095,37848,3870,0.002916552522103589,9,21,4.391551491431163,0.0,7,True,9
187,8,463,23655,15108,15108,69797433618,8,9,4,4,2,4,4,23655,203126,15108,0.000726052403085796,12,23,4.983474803415913,0.0041140770847323494,8,False,10
188,8,643,1351,1018,1018,69797498904,8,9,4,4,2,4,4,1351,9740,1018,0.010680702908682184,3,21,3.566482989280917,0.0,7,True,8
189,8,586,23928,15870,15870,69797498952,8,9,4,4,3,4,3,23928,207952,15870,0.0007264378219849222,9,23,4.904889079282818,0.004117216816987875,8,False,10
190,8,556,28971,14712,14712,69797499264,8,9,4,4,2,4,3,28971,278748,14712,0.0006642472641782272,6,24,4.7394569899896455,0.00405180520837175,8,False,11
191,8,256,46518,31128,31128,69797499912,8,9,4,4,2,4,4,46518,408279,31128,0.00037735864647063164,15,23,5.315596792570458,0.003987203453255144,8,False,10
192,8,445,6200,4466,4466,69814196244,8,9,4,4,2,4,4,6200,56794,4466,0.002955419448506263,12,24,4.154010636471023,0.0,7,True,10
193,8,261,17886,10574,10574,69814212624,8,9,4,4,2,4,4,17886,172491,10574,0.0010784357214553414,15,24,4.524441543192619,0.004345389249367754,7,False,11
194,8,557,23910,16404,16404,69864624192,8,9,4,4,3,4,3,23910,204975,16404,0.0007171168094331744,12,23,5.071348446191811,0.004856426543322715,8,False,10
195,8,513,22764,15678,15678,69864788064,8,9,4,4,3,4,3,22764,198682,15678,0.000766850038009797,9,23,4.94628954882924,0.004727903095975865,8,False,10
196,8,426,112998,56808,56808,69864788226,8,9,4,4,2,4,3,112998,1109088,56808,0.00017372340454861222,9,24,5.493448215439348,0.003664635626120143,9,False,11
197,8,487,111426,58848,58848,69864788256,8,9,4,4,2,4,3,111426,1084359,58848,0.00017467626654072232,15,24,5.644030388153467,0.004122104226437118,9,False,11
198,8,395,220176,117792,117792,69864788352,8,9,4,4,3,4,3,220176,2171376,117792,8.958329790434403e-05,18,24,5.965655410468946,0.003250009961714336,9,False,11
199,8,310,541392,157512,157512,69864789504,8,9,4,4,3,4,3,541392,5897088,157512,4.0238773843216154e-05,12,24,6.1221885254834305,0.0031401717347202818,9,False,12
200,8,415,11960,8006,8006,69881305092,8,9,4,4,2,4,3,11960,111242,8006,0.0015555097530833468,15,24,4.489878836023079,0.004693416016436351,7,False,11
201,8,554,56400,30480,30480,69881305152,8,9,4,4,2,4,3,56400,587880,30480,0.00036963081811092923,18,24,5.153802248266813,0.004525085562299413,8,False,12
202,8,461,54242,31172,31172,74094547200,8,9,4,4,2,4,3,54242,533538,31172,0.00036268698403705847,9,24,5.1129526557401235,0.004028049902093581,8,False,11
203,8,408,264624,92292,92292,74106017808,8,9,4,4,2,4,3,264624,2870574,92292,8.198642019906852e-05,14,24,5.811685129410519,0.003712094252589974,9,False,12
204,8,263,322576,3724,3724,348178618368,8,9,4,4,2,4,3,322576,3863634,3724,7.42614144004055e-05,11,24,5.470384195923429,0.0033280940838240833,9,False,13
205,8,451,8094,5400,5400,72634704,9,9,3,3,3,3,4,8094,69175,5400,0.002112060833702696,9,23,4.286958309064098,0.0,7,True,10
206,8,494,47430,31392,31392,340857108,9,9,3,3,3,3,4,47430,415143,31392,0.0003690885923443423,15,23,5.307450020029939,0.003630507469268255,8,False,10
207,8,438,227880,118368,118368,340858176,9,9,3,3,2,3,4,227880,2239920,118368,8.626844848587122e-05,18,24,5.936979511056307,0.0029851063028553896,9,False,11
208,8,648,582,444,444,1413812304,9,9,3,3,2,3,3,582,3648,444,0.021576734034813777,3,21,3.4371831952256744,0.0,7,True,7
209,8,173,29336,14700,14700,1413812496,9,9,3,3,2,3,3,29336,280209,14700,0.000651216036002863,6,24,4.831372762911198,0.0048247087772104085,8,False,11
210,8,406,115476,59028,59028,1413813504,9,9,3,3,2,3,3,115476,1126818,59028,0.00016900675717007924,12,24,5.548493570036804,0.0039105439412767395,9,False,11
211,8,632,2755,2156,2156,69797498901,9,9,4,4,3,4,4,2755,19846,2156,0.0052313941641723575,6,21,4.087156249876438,0.0,7,True,9
212,8,75,274920,77360,77360,69797500224,9,9,4,4,3,4,4,274920,2966450,77360,7.84975202518376e-05,9,24,5.751142292820794,0.003936587874033277,10,False,12
213,8,540,98940,33660,33660,69861643284,9,9,3,4,3,4,4,98940,944418,33660,0.00019295446335099948,12,21,5.518453208542638,0.0037720443732434266,9,False,12
214,8,543,23961,15666,15666,69864607809,9,9,4,4,3,4,4,23961,208352,15666,0.0007258316745791489,9,23,4.905858597662772,0.004473568534210475,8,False,10
215,8,85,115746,59652,59652,69864608064,9,9,4,4,3,4,3,115746,1130274,59652,0.0001687351269218044,12,24,5.54408481575878,0.0037910307047637425,9,False,11
216,8,234,228600,117792,117792,69864788289,9,9,4,4,3,4,4,228600,2250000,117792,8.611166002510396e-05,18,24,5.932349682194585,0.0031051203312368785,9,False,11
217,8,607,8131,5314,5314,69864804432,9,9,4,4,3,4,3,8131,69647,5314,0.00210716189070635,9,23,4.295771350531117,0.0,7,True,10
218,8,384,228600,117792,117792,69864853824,9,9,4,4,3,4,3,228600,2250000,117792,8.611166002510396e-05,18,24,5.939652986233535,0.002892395591486642,9,False,11
219,8,582,30559,16542,16542,69865836864,9,9,4,4,3,4,3,30559,287348,16542,0.0006154235475315817,6,24,4.95538713266575,0.006067735289009084,8,False,11
220,8,239,1088640,331776,331776,69865837572,9,9,4,4,3,4,3,1088640,11888640,331776,2.0062913271773143e-05,21,24,6.560447681003528,0.002218725172509665,10,False,12
221,8,299,543552,166080,166080,69865837632,9,9,4,4,3,4,3,543552,5927328,166080,4.012430832138741e-05,12,24,6.11930232673659,0.003157625561213816,9,False,12
222,8,558,23961,15666,15666,69881320464,9,9,4,4,3,4,3,23961,208352,15666,0.0007258316745791489,9,23,4.904668614357261,0.004074567755521915,8,False,10
223,8,366,228168,116064,116064,69881320512,9,9,4,4,2,4,3,228168,2244528,116064,8.622782970066699e-05,18,24,5.9388470769217285,0.0029478754732589004,9,False,11
224,8,148,543552,166080,166080,69881566464,9,9,4,4,3,4,3,543552,5927328,166080,4.012430832138741e-05,12,24,6.123139103782351,0.0030170504174231623,9,False,12
225,8,146,536772,175440,175440,74106082320,9,9,4,4,2,4,3,536772,5834298,175440,4.0498571619873286e-05,15,24,6.203456643522099,0.0035719500752520034,9,False,12
226,8,21,2612784,0,0,74106082368,9,9,4,4,3,4,3,2612784,31320120,0,9.175855451299935e-06,15,24,6.732216719490291,0.002376149715488497,10,False,13
227,8,300,277554,87984,87984,348166033473,9,9,4,4,3,4,3,277554,3003490,87984,7.797632613934405e-05,9,24,5.748311832334725,0.003884714631674538,9,False,12
228,8,141,545424,173624,173624,348166033476,9,9,4,4,3,4,3,545424,5953536,173624,4.0025548111930664e-05,12,24,6.115039937809737,0.00298925378567656,9,False,12
229,8,169,539580,175440,175440,348166050816,9,9,4,4,3,4,3,539580,5862918,175440,4.0274757396919183e-05,15,24,6.207164913756836,0.003567280282806536,9,False,13
230,8,240,227826,2412,2412,348177831168,9,9,4,4,2,4,3,227826,2678706,2412,0.00010321679793963827,6,24,5.372939892461319,0.003977624587929202,9,False,13
231,8,217,1311904,0,0,348178617360,9,9,4,4,3,4,3,1311904,15699940,0,1.824417405636997e-05,9,24,6.3056330940625935,0.0028499141155701666,10,False,14
232,8,633,1419,1035,1035,1397848,9,10,2,2,2,2,5,1419,9916,1035,0.009856163233012381,10,20,3.6222692036645525,0.0,6,True,8
233,8,447,10704,3756,3756,68441488,9,10,3,3,3,3,5,10704,99190,3756,0.0017315947486609164,15,21,4.25703410258806,0.0035949410525534034,7,False,11
234,8,645,1818,1386,1386,72634696,9,10,3,3,2,3,5,1818,13021,1386,0.00788361720046523,9,21,3.792539352999692,0.0,6,True,8
235,8,620,7707,5493,5493,72634756,9,10,3,3,2,3,5,7707,64961,5493,0.0021876021108014863,12,23,4.312024376031968,0.0,7,True,10
236,8,514,18862,9604,9604,72634768,9,10,3,3,3,3,5,18862,178564,9604,0.0010038560622960587,10,24,4.482750543449446,0.0037935692377513465,7,False,12
237,8,621,2777,1022,1022,335942929,9,10,3,3,3,3,5,2777,22057,1022,0.005722438017515221,4,18,3.84600059774662,0.0,7,True,10
238,8,523,8568,5760,5760,336663574,9,10,3,3,3,3,4,8568,63864,5760,0.0017401147455597156,12,20,4.612168901644935,0.0,7,True,10
239,8,500,40608,22032,22032,336663649,9,10,3,3,3,3,4,40608,346788,22032,0.0004206118953392901,15,21,5.279682788681754,0.0038984089790435536,8,False,10
240,8,524,40680,22104,22104,336991249,9,10,3,3,3,3,4,40680,347580,22104,0.0004200815058192492,15,21,5.267379384940633,0.0038329881616667037,8,False,11
241,8,594,21600,7248,7248,336991492,9,10,3,3,3,3,4,21600,201960,7248,0.0008657808231862587,16,21,4.62274471040326,0.003985664785501418,7,False,11
242,8,134,98628,32724,32724,336991504,9,10,3,3,2,3,4,98628,940662,32724,0.00019340493263047943,12,21,5.5190820769160585,0.0039017818747924507,9,False,11
243,8,536,25176,12918,12918,340808032,9,10,3,3,3,3,4,25176,240204,12918,0.0007579734991380641,16,24,4.665327706057597,0.00422223597559603,7,False,11
244,8,482,47592,32040,32040,340857124,9,10,3,3,3,3,4,47592,416988,32040,0.0003682093109876513,15,23,5.29708659200269,0.0036590461431067907,8,False,10
245,8,520,75600,38016,38016,340858372,9,10,3,3,3,3,4,75600,723384,38016,0.00025314015869446496,16,24,5.3142164711173425,0.004114602460897272,8,False,11
246,8,216,180660,50112,50112,340858432,9,10,3,3,2,3,4,180660,1918254,50112,0.00011754779862380258,13,24,5.547963721707747,0.003713251293810038,9,False,12
247,8,618,6420,4584,4584,341185792,9,10,3,3,2,3,4,6420,58545,4584,0.00284130203411892,12,24,4.173713066592121,0.0,7,True,11
248,8,616,6660,4788,4788,404034640,9,10,3,3,2,3,4,6660,55629,4788,0.0025086958109934534,14,21,4.330794602982619,0.0,7,True,10
249,8,590,12858,8712,8712,1413812320,9,10,3,3,2,3,4,12858,107649,8712,0.0013023476483175732,9,23,4.700663685152057,0.005264749683966053,7,False,9
250,8,420,115218,59904,59904,1413878800,9,10,3,3,2,3,4,115218,1127907,59904,0.00016992856596196682,12,24,5.545204639940287,0.003842533952307662,9,False,11
251,8,327,181008,55440,55440,1413879040,9,10,3,3,2,3,4,181008,1932480,55440,0.00011796464452806954,18,24,5.50946513670742,0.003642506648410838,8,False,12
252,8,630,2755,2156,2156,69797498902,9,10,4,4,3,4,4,2755,19846,2156,0.0052313941641723575,6,21,4.087156249876438,0.0,7,True,8
253,8,578,5181,3920,3920,69797498905,9,10,4,4,3,4,5,5181,38882,3920,0.0028975786937570375,9,21,4.3108166235554775,0.0,7,True,10
254,8,531,24009,16188,16188,69797498950,9,10,4,4,3,4,4,24009,208875,16188,0.0007247469636407174,9,23,4.898770368210597,0.004102321932923932,8,False,10
255,8,499,114274,57784,57784,69797499976,9,10,4,4,3,4,4,114274,1118908,57784,0.0001713694157584715,12,24,5.521888066297375,0.0031849588490189236,8,False,11
256,8,603,12819,8598,8598,69797500948,9,10,4,4,2,4,4,12819,107216,8598,0.0013050140322237538,9,23,4.7070598377281945,0.0052837380514793985,7,False,10
257,8,446,57936,21120,21120,69814212880,9,10,4,4,3,4,4,57936,620076,21120,0.000369475290459575,18,24,4.930449054975404,0.003898176136763832,7,False,12
258,8,533,32496,12300,12300,69861643270,9,10,3,4,3,4,4,32496,311454,12300,0.0005898987300170939,16,21,4.840792398830589,0.0032346525615450875,8,False,12
259,8,497,49074,17916,17916,69861643288,9,10,3,4,3,4,4,49074,467517,17916,0.0003882695530932709,11,21,5.112978908972347,0.003858112595827612,8,False,11
260,8,428,16374,5934,5934,69861676288,9,10,3,4,3,4,3,16374,153561,5934,0.0011455864796490267,7,21,4.554723813595553,0.0051175547488700604,8,False,11
261,8,492,98940,33660,33660,69861905473,9,10,3,4,3,4,4,98940,944418,33660,0.00019295446335099948,12,21,5.514988346354825,0.003969075365686192,9,False,12
262,8,534,47652,31776,31776,69864607810,9,10,4,4,3,4,4,47652,417882,31776,0.00036807007358299296,15,23,5.302600616986003,0.003735305847586896,8,False,10
263,8,289,58046,30014,30014,69864608128,9,10,4,4,3,4,4,58046,561719,30014,0.0003334356232368656,9,24,5.18768417607029,0.0041806097432197705,9,False,11
264,8,584,47652,31776,31776,69864624385,9,10,4,4,3,4,4,47652,417882,31776,0.00036807007358299296,15,23,5.304073975362532,0.003658293412286368,8,False,10
265,8,572,58046,30014,30014,69864624448,9,10,4,4,3,4,4,58046,561719,30014,0.0003334356232368656,9,24,5.180849875096907,0.004212623140344606,9,False,11
266,8,527,115746,59652,59652,69864625408,9,10,4,4,3,4,3,115746,1130274,59652,0.0001687351269218044,12,24,5.551257972266621,0.0040297253606087595,9,False,11
267,8,458,46680,31776,31776,69864788050,9,10,4,4,3,4,4,46680,410124,31776,0.0003764374207896176,15,23,5.308374301077572,0.004044930286177946,8,False,10
268,8,422,226656,117792,117792,69864788290,9,10,4,4,3,4,3,226656,2231856,117792,8.688876850124891e-05,18,24,5.945895012243277,0.0030878889816936357,9,False,11
269,8,380,222120,117792,117792,69864788320,9,10,4,4,3,4,4,222120,2189520,117792,8.875759743399188e-05,18,24,5.969186580166487,0.0033624175933650146,9,False,12
270,8,302,228600,117792,117792,69864788353,9,10,4,4,3,4,4,228600,2250000,117792,8.611166002510396e-05,18,24,5.933266081653901,0.0030856646538579445,9,False,11
271,8,414,226656,117792,117792,69864788545,9,10,4,4,3,4,3,226656,2231856,117792,8.688876850124891e-05,18,24,5.948039416734684,0.0030958624067804067,9,False,11
272,8,63,1093824,314496,314496,69864789280,9,10,4,4,3,4,4,1093824,11929536,314496,1.9941556277440663e-05,21,24,6.561526164653697,0.0022308037011221013,9,False,12
273,8,617,8131,5314,5314,69864804448,9,10,4,4,3,4,3,8131,69647,5314,0.00210716189070635,9,23,4.295771350531117,0.0,7,True,9
274,8,465,24042,15996,15996,69864820816,9,10,4,4,3,4,4,24042,209274,15996,0.0007241393531952584,9,23,4.897716109978786,0.0040070635274892,8,False,10
275,8,412,228600,120384,120384,69864821056,9,10,4,4,3,4,4,228600,2252160,120384,8.619432721872806e-05,18,24,5.92611782641219,0.0029849556771159805,9,False,11
276,8,323,549144,162672,162672,69864822016,9,10,4,4,3,4,3,549144,5984316,162672,3.96892433219318e-05,12,24,6.112168695585668,0.00272822150530465,9,False,13
277,8,559,58126,30032,30032,69865067584,9,10,4,4,2,4,3,58126,565696,30032,0.00033487266631370706,6,24,5.1113340387096775,0.003991119339455026,8,False,12
278,8,506,115122,61248,61248,69865836928,9,10,4,4,3,4,4,115122,1129728,61248,0.0001704868980647253,12,24,5.5252958713006315,0.0031678548129424077,8,False,11
279,8,159,1098144,331776,331776,69865837696,9,10,4,4,3,4,3,1098144,11990016,331776,1.988527345947613e-05,21,24,6.56238051783784,0.002117408655492557,9,False,12
280,8,264,1098144,331776,331776,69866099776,9,10,4,4,3,4,4,1098144,11990016,331776,1.988527345947613e-05,21,24,6.554383062133074,0.0022340402442319308,9,False,12
281,8,619,6440,4562,4562,69881305108,9,10,4,4,3,4,4,6440,58726,4562,0.002832410032420836,12,24,4.179920833739277,0.0,7,True,11
282,8,365,71600,23642,23642,69881305408,9,10,4,4,3,4,4,71600,808308,23642,0.00031534568575245387,12,24,5.0355890166063775,0.005269626975443215,8,False,12
283,8,516,38040,20040,20040,69881321488,9,10,4,4,3,4,4,38040,365192,20040,0.0005047561873310111,15,24,4.891248586976524,0.00403222217053553,8,False,11
284,8,344,181296,56784,56784,69881321536,9,10,4,4,2,4,4,181296,1935648,56784,0.00011778292353960993,18,24,5.520399255357292,0.003642331425189205,8,False,12
285,8,495,117600,38688,38688,69881321728,9,10,4,4,3,4,4,117600,1256040,38688,0.00018164460998644478,19,24,5.301168708917593,0.003951470695914914,8,False,12
286,8,315,866880,2448,2448,69881567488,9,10,4,4,3,4,4,866880,10204200,2448,2.7157606544842717e-05,21,24,6.1027224606894395,0.0032482113323131574,9,False,13
287,8,424,30559,16542,16542,69932945728,9,10,4,4,3,4,3,30559,287348,16542,0.0006154235475315817,6,24,4.960373584658682,0.006039836402588173,8,False,11
288,8,591,24042,15996,15996,70939332880,9,10,4,4,3,4,3,24042,209274,15996,0.0007241393531952584,9,23,4.904708082026538,0.004292728734942483,8,False,10
289,8,271,228600,117792,117792,70939332928,9,10,4,4,3,4,3,228600,2250000,117792,8.611166002510396e-05,18,24,5.936719263863797,0.0029985111257898626,9,False,11
290,8,417,18980,9322,9322,74094481681,9,10,4,4,3,4,4,18980,181445,9322,0.0010074081657886974,7,24,4.618259813478055,0.0049791514210004925,8,False,11
291,8,385,220896,119808,119808,74094547201,9,10,4,4,3,4,3,220896,2180736,119808,8.938391059507734e-05,18,24,5.957669304420652,0.0033383166841661977,9,False,12
292,8,509,114646,59104,59104,74094547216,9,10,4,4,2,4,3,114646,1126944,59104,0.0001714819075387411,9,24,5.477742465872913,0.0033891001577791057,9,False,11
293,8,235,1097280,328320,328320,74094547264,9,10,4,4,3,4,3,1097280,11977920,328320,1.9896508542836714e-05,21,24,6.556402611368667,0.0022208993655663065,9,False,12
294,8,421,177264,63864,63864,74106081856,9,10,4,4,3,4,4,177264,1933236,63864,0.0001230484732344973,19,24,5.5490704377111975,0.0032142899928695426,8,False,12
295,8,198,547620,173376,173376,74106082336,9,10,4,4,2,4,4,547620,5971002,173376,3.9821663992190654e-05,15,24,6.151758330152898,0.0028178277067687865,9,False,12
296,8,321,862848,6984,6984,74106083392,9,10,4,4,3,4,3,862848,10350612,6984,2.7805322363424514e-05,22,24,6.029610031674214,0.0024742126505982306,9,False,13
297,8,575,36420,25260,25260,74106085648,9,10,4,4,2,4,4,36420,351957,25260,0.0005307031247561502,17,24,5.053980779263571,0.004414424673366039,8,False,11
298,8,413,181980,62892,62892,74106086416,9,10,4,4,2,4,4,181980,1984233,62892,0.00011983335787303581,9,24,5.487265552618708,0.0031162177865537983,8,False,12
299,8,410,89526,30216,30216,345212474368,9,10,4,4,3,4,3,89526,956847,30216,0.0002387695741180007,10,24,5.287917319184585,0.005102888653262341,9,False,12
300,8,255,277554,87984,87984,348166033474,9,10,4,4,3,4,3,277554,3003490,87984,7.797632613934405e-05,9,24,5.749011367198337,0.003872070435492605,9,False,12
301,8,206,545424,173624,173624,348166033480,9,10,4,4,3,4,3,545424,5953536,173624,4.0025548111930664e-05,12,24,6.119431331278659,0.003034935975962318,9,False,12
302,8,153,539580,175440,175440,348166067200,9,10,4,4,3,4,4,539580,5862918,175440,4.0274757396919183e-05,15,24,6.20970488473421,0.0036464987733083342,9,False,12
303,8,248,277356,87184,87184,348167082049,9,10,4,4,3,4,3,277356,3000620,87184,7.801308108312027e-05,9,24,5.749492098574029,0.003831547769701637,10,False,12
304,8,41,544992,171904,171904,348167082052,9,10,4,4,3,4,3,544992,5947488,171904,4.0048302481740644e-05,12,24,6.122473728923964,0.0030697875807379304,9,False,12
305,8,55,544992,171904,171904,348167082241,9,10,4,4,3,4,3,544992,5947488,171904,4.0048302481740644e-05,12,24,6.120569225913823,0.0030550416508970265,9,False,12
306,8,219,267810,92454,92454,348167099392,9,10,4,4,3,4,3,267810,2904810,92454,8.100200508426681e-05,14,24,5.81582625677255,0.0038545871817761874,9,False,13
307,8,367,455040,0,0,348177831424,9,10,4,4,2,4,3,455040,5350896,0,5.168426097626741e-05,6,24,5.798652730864827,0.00485238996271343,11,False,13
308,8,56,1311904,0,0,348178617376,9,10,4,4,3,4,3,1311904,15699940,0,1.824417405636997e-05,9,24,6.306555127170225,0.003047210179490045,10,False,14
309,8,152,2621112,0,0,348178617472,9,10,4,4,2,4,3,2621112,31442688,0,9.153320519364666e-06,12,24,6.691519374799465,0.0024805607512841067,10,False,13
310,8,96,2620224,7344,7344,348178618384,9,10,4,4,3,4,3,2620224,31439016,7344,9.158456049807504e-06,23,24,6.713424859258162,0.00204169098760144,10,False,14
311,8,641,1696,1086,1086,340792928,9,11,3,3,2,3,5,1696,15802,1086,0.010993766349418378,9,24,3.4036900985139424,0.0,6,True,11
312,8,491,9940,5344,5344,341186048,9,11,3,3,2,3,4,9940,99481,5344,0.002013914658086359,15,24,4.197328755711652,0.0,7,True,11
313,8,593,6440,4562,4562,69881305112,9,11,4,4,3,4,4,6440,58726,4562,0.002832410032420836,12,24,4.179920833739277,0.0,7,True,11
314,8,562,29960,16394,16394,69881305160,9,11,4,4,2,4,4,29960,308282,16394,0.0006869245556822629,15,24,4.779521846523582,0.004597573929735102,7,False,12
315,8,613,7660,4116,4116,345228974084,9,11,4,4,2,4,3,7660,83027,4116,0.0028304044764482952,9,24,3.9457935628897145,0.0,7,True,12
316,8,650,1404,1086,1086,1413812305,10,10,3,3,3,3,4,1404,9945,1086,0.010097410311237823,3,21,3.678196701004969,0.0,7,True,8
317,8,511,62868,17976,17976,1413813520,10,10,3,3,2,3,4,62868,671674,17976,0.0003398882507604726,9,24,4.918355242018865,0.004408149091371626,8,False,12
318,8,651,584,451,451,69864607765,10,10,4,4,3,4,4,584,3659,451,0.021493691111163327,3,21,3.4449940083178645,0.0,7,True,7
319,8,252,96166,27436,27436,69864609088,10,10,4,4,3,4,4,96166,1021538,27436,0.00022092554456869785,6,24,5.204133998856133,0.004385100304151789,9,False,12
320,8,585,30769,16542,16542,69865836865,10,10,4,4,3,4,4,30769,289430,16542,0.0006114499186877026,6,24,4.958215776131046,0.005652937863125649,8,False,11
321,8,459,114074,61112,61112,69865836868,10,10,4,4,3,4,4,114074,1122768,61112,0.000172564114986896,9,24,5.484490194875212,0.003494753081993596,9,False,11
322,8,246,561456,167904,167904,69865837588,10,10,4,4,3,4,4,561456,6087384,167904,3.86215779002861e-05,15,24,6.174573807339858,0.0031977300012279645,9,False,12
323,8,227,1098144,331776,331776,69865837648,10,10,4,4,3,4,4,1098144,11990016,331776,1.988527345947613e-05,21,24,6.555859241464909,0.0022650244591820076,10,False,13
324,8,381,229248,120384,120384,69881386048,10,10,4,4,3,4,4,229248,2258208,120384,8.593789678872844e-05,18,24,5.931738203771479,0.0029267182555808824,9,False,11
325,8,635,584,451,451,70133289040,10,10,4,4,3,4,4,584,3659,451,0.021493691111163327,3,21,3.4449940083178645,0.0,7,True,6
326,8,187,29601,15676,15676,70134075712,10,10,4,4,3,4,3,29601,283678,15676,0.0006475265170917345,6,24,4.829477398648649,0.0050571216726791315,8,False,11
327,8,448,116048,60856,60856,70149805120,10,10,4,4,3,4,3,116048,1134212,60856,0.0001684428789734377,12,24,5.544260808120847,0.003998332853589002,9,False,11
328,8,437,190112,59888,59888,74173191184,10,10,4,4,2,4,4,190112,2036224,59888,0.00011267790682205572,9,24,5.596628438122992,0.004707362155137315,9,False,12
329,8,10,2682144,0,0,74173191232,10,10,4,4,3,4,3,2682144,31997376,0,8.895704354703727e-06,18,24,6.7925584761886295,0.0028487519367051766,10,False,13
330,8,416,141141,47028,47028,74173191424,10,10,4,4,2,4,3,141141,1516031,47028,0.00015220705195047857,14,24,5.43717389825705,0.00446959111614223,8,False,12
331,8,170,667680,3456,3456,74173388032,10,10,4,4,3,4,3,667680,7942928,3456,3.5634817358023005e-05,15,24,5.935399931703707,0.0033460872968756536,9,False,13
332,8,91,115680,61320,61320,344944037968,10,10,4,4,3,4,4,115680,1133940,61320,0.0001694756332975939,12,24,5.5334457766751095,0.0033719802476453228,8,False,11
333,8,114,58354,30952,30952,344944038160,10,10,4,4,3,4,3,58354,568536,30952,0.00033392900675166456,6,24,5.113407057049337,0.004354070304852416,8,False,11
334,8,140,1101888,346752,346752,348166033477,10,10,4,4,3,4,4,1101888,12042432,346752,1.9836711886372904e-05,21,24,6.554986906098357,0.002195274094609389,9,False,13
335,8,325,563340,175440,175440,348166050832,10,10,4,4,3,4,3,563340,6113694,175440,3.852949222287429e-05,15,24,6.166528836100465,0.0032555031598380385,9,False,12
336,8,377,551880,173624,173624,348166050880,10,10,4,4,3,4,3,551880,6022620,173624,3.954821927006469e-05,12,24,6.108441132929501,0.002792397689373821,9,False,12
337,8,228,1349352,7056,7056,348177847552,10,10,4,4,3,4,3,1349352,16091496,7056,1.7675683843666324e-05,17,24,6.344451388852864,0.0029333888364242475,9,False,13
338,8,329,669902,0,0,348178633744,10,10,4,4,3,4,3,669902,7999770,0,3.565213940740327e-05,6,24,5.898011683815967,0.003222148607875619,9,False,13
339,8,107,2658792,0,0,17940162548992,10,10,4,4,3,4,3,2658792,31867428,0,9.015886702421683e-06,15,24,6.7367508991868865,0.0025957034085537555,10,False,13
340,8,397,57480,72,72,18708965889280,10,10,4,5,3,5,3,57480,662112,72,0.0004008071787023897,6,24,4.718014231284469,0.005034218926303266,9,False,13
341,8,522,12660,7116,7116,341185796,10,11,3,3,3,3,4,12660,120969,7116,0.001509631609154306,15,24,4.289333043684335,0.003912535640176595,7,False,11
342,8,488,60210,19260,19260,357635648,10,11,3,3,2,3,5,60210,639819,19260,0.00035298567985195365,9,24,4.913359049311564,0.0034517089024390345,7,False,12
343,8,566,13608,7560,7560,404034644,10,11,3,3,3,3,4,13608,116226,7560,0.0012553840363056208,14,21,4.6017457191151605,0.0041217352960988855,7,False,10
344,8,552,1404,1086,1086,1413812306,10,11,3,3,3,3,4,1404,9945,1086,0.010097410311237823,3,21,3.678196701004969,0.0,7,True,8
345,8,542,24120,16224,16224,1413812321,10,11,3,3,3,3,4,24120,210142,16224,0.0007224474391314431,9,23,4.897590281520793,0.004094319712539758,8,False,10
346,8,423,32208,9120,9120,1413813536,10,11,3,3,2,3,4,32208,338576,9120,0.0006527879584699021,9,24,4.634408948365262,0.004338626176274112,7,False,12
347,8,431,185676,54096,54096,1413879056,10,11,3,3,2,3,4,185676,2012406,54096,0.00011674449072895657,15,24,5.483606635249765,0.0037191650720465558,9,False,12
348,8,470,46806,14640,14640,1413879104,10,11,3,3,2,3,4,46806,502026,14640,0.00045831326547845613,14,24,4.7424146992842635,0.004015978027630944,8,False,12
349,8,579,35904,1224,1224,69814278464,10,11,4,4,3,4,5,35904,419908,1224,0.0006514942246595017,15,24,4.378825028549146,0.0030400728749111973,7,False,13
350,8,604,2761,2144,2144,69864607766,10,11,4,4,3,4,4,2761,19900,2144,0.005222850364024797,6,21,4.089609414778304,0.0,7,True,9
351,8,472,12861,8742,8742,69864607877,10,11,4,4,3,4,4,12861,107690,8742,0.00130223590603828,9,23,4.707373716951788,0.005330527935736021,8,False,10
352,8,336,96166,27436,27436,69864625472,10,11,4,4,3,4,4,96166,1021538,27436,0.00022092554456869785,6,24,5.197832901783393,0.004690500030301565,9,False,12
353,8,567,24123,16326,16326,69864853637,10,11,4,4,3,4,4,24123,210196,16326,0.0007224533561300232,9,23,4.904394826299644,0.004034367393506183,8,False,10
354,8,576,24123,16326,16326,69864853652,10,11,4,4,3,4,4,24123,210196,16326,0.0007224533561300232,9,23,4.905311582787498,0.004208301416902292,8,False,10
355,8,335,276552,78888,78888,69864855872,10,11,4,4,3,4,4,276552,2998602,78888,7.841457359588274e-05,9,24,5.723730848921176,0.0032579639082009554,9,False,12
356,8,479,116048,60856,60856,69864886592,10,11,4,4,3,4,3,116048,1134212,60856,0.0001684428789734377,12,24,5.543072944582798,0.00369703023883408,9,False,11
357,8,348,229248,120384,120384,69864887360,10,11,4,4,3,4,4,229248,2258208,120384,8.593789678872844e-05,18,24,5.929819897315996,0.003030630973731617,9,False,11
358,8,396,560928,164064,164064,69865067840,10,11,4,4,3,4,4,560928,6081744,164064,3.865847042328813e-05,15,24,6.164419751589779,0.0031725011452835876,9,False,12
359,8,212,115040,61112,61112,69865836872,10,11,4,4,3,4,4,115040,1131840,61112,0.00017104920613425398,9,24,5.479302297481723,0.0034147354199957087,9,False,11
360,8,205,229680,122112,122112,69865836929,10,11,4,4,3,4,4,229680,2263680,122112,8.582238143705565e-05,18,24,5.931666978696354,0.0029653559148465846,9,False,12
361,8,111,115680,61320,61320,69865836944,10,11,4,4,3,4,4,115680,1133940,61320,0.0001694756332975939,12,24,5.538287295014653,0.00356942110001997,9,False,11
362,8,449,561456,167904,167904,69865837592,10,11,4,4,3,4,4,561456,6087384,167904,3.86215779002861e-05,15,24,6.169440250776999,0.003123852618023745,9,False,12
363,8,352,1111104,331776,331776,69865837700,10,11,4,4,3,4,4,1111104,12128256,331776,1.9648043897283438e-05,21,24,6.545003036622167,0.0019300866922773378,9,False,12
364,8,74,1103328,331776,331776,69865838672,10,11,4,4,3,4,4,1103328,12045312,331776,1.9789697851469048e-05,21,24,6.553819871171466,0.002147187306581948,9,False,12
365,8,339,143643,43108,43108,69865838912,10,11,4,4,3,4,4,143643,1517546,43108,0.0001470977228769212,9,24,5.540715347878754,0.005113650253736004,9,False,12
366,8,394,289728,3504,3504,69881321792,10,11,4,4,3,4,4,289728,3404744,3504,8.112132225013947e-05,21,24,5.4990947754265225,0.0031912699685482772,8,False,13
367,8,456,182016,59520,59520,69881387072,10,11,4,4,3,4,4,182016,1945728,59520,0.00011746145556928296,18,24,5.516502562975579,0.003622162811843497,8,False,12
368,8,350,115040,61112,61112,69932945732,10,11,4,4,3,4,4,115040,1131840,61112,0.00017104920613425398,9,24,5.477780587452951,0.003659750570034886,9,False,11
369,8,526,12861,8742,8742,70133289056,10,11,4,4,3,4,4,12861,107690,8742,0.00130223590603828,9,23,4.702877060653189,0.0052738631310063145,8,False,10
370,8,407,182016,59520,59520,70149806144,10,11,4,4,3,4,4,182016,1945728,59520,0.00011746145556928296,18,24,5.522543581572947,0.0035610215795648854,8,False,13
371,8,65,58354,30952,30952,70201184576,10,11,4,4,3,4,3,58354,568536,30952,0.00033392900675166456,6,24,5.119999108871866,0.0044304477342088,9,False,11
372,8,353,229320,119808,119808,74094547217,10,11,4,4,3,4,4,229320,2259360,119808,8.592775374918528e-05,18,24,5.9358127237603515,0.003042635073656259,9,False,11
373,8,284,229320,119808,119808,74094547988,10,11,4,4,3,4,4,229320,2259360,119808,8.592775374918528e-05,18,24,5.930144375302526,0.0029913115799230904,9,False,11
374,8,37,551232,170208,170208,74094548036,10,11,4,4,3,4,4,551232,6012792,170208,3.9576567212299626e-05,20,24,6.1193506914524045,0.0024636793304966525,9,False,12
375,8,324,364032,115200,115200,74106081860,10,11,4,4,3,4,4,364032,3978000,115200,6.0036704343826054e-05,19,24,5.8145781870225335,0.0027038037109551258,9,False,12
376,8,346,76224,40044,40044,74106085652,10,11,4,4,3,4,4,76224,750282,40044,0.00025827165755947906,16,24,5.253392309407922,0.003524251846995454,8,False,11
377,8,464,74280,40044,40044,74161591553,10,11,4,4,3,4,4,74280,732138,40044,0.0002653902727699941,16,24,5.273976736358864,0.004013770293070484,8,False,11
378,8,364,180000,92304,92304,74161591616,10,11,4,4,3,4,4,180000,1929600,92304,0.00011911177284318247,20,24,5.670800037777988,0.0032298125976888787,8,False,12
379,8,192,1101600,345600,345600,74161852688,10,11,4,4,3,4,4,1101600,12038400,345600,1.984044026031868e-05,21,24,6.553561770662465,0.0021822585870838627,10,False,12
380,8,121,1114560,345600,345600,74161852736,10,11,4,4,3,4,4,1114560,12176640,345600,1.9604282230879127e-05,21,24,6.54132619448589,0.002004983840572263,9,False,12
381,8,225,560316,175440,175440,74173191200,10,11,4,4,2,4,4,560316,6084102,175440,3.875798667047235e-05,15,24,6.165077083426287,0.0032491716755461706,9,False,12
382,8,210,2680392,0,0,74173256768,10,11,4,4,3,4,4,2680392,32129364,0,8.944079696831699e-06,15,24,6.711963885865906,0.002057086053419316,10,False,13
383,8,25,2654400,0,0,74173388288,10,11,4,4,3,4,4,2654400,31818144,0,9.03175742767671e-06,15,24,6.722339805733803,0.00234551044066196,10,False,13
384,8,132,1329900,19278,19278,74173388816,10,11,4,4,3,4,4,1329900,15930807,19278,1.8014828267336164e-05,14,24,6.318675870874404,0.0022886262523587543,9,False,14
385,8,485,30576,16506,16506,345212473412,10,11,4,4,3,4,4,30576,287541,16506,0.0006151522814295855,6,24,4.949494194603434,0.005698359899420449,8,False,11
386,8,441,229752,121536,121536,345212473424,10,11,4,4,3,4,4,229752,2264832,121536,8.581224761714937e-05,18,24,5.931920444307098,0.0029734942797212884,9,False,11
387,8,476,116314,61496,61496,345212473616,10,11,4,4,3,4,3,116314,1137628,61496,0.0001681783238146767,12,24,5.543201834704633,0.0038581410140758423,9,False,11
388,8,201,550440,167816,167816,345212474372,10,11,4,4,3,4,3,550440,6002460,167816,3.962233695124072e-05,12,24,6.1086865810743785,0.0028214693964421305,9,False,12
389,8,530,29266,15506,15506,345212522756,10,11,4,4,3,4,4,29266,282657,15506,0.0006600515331842119,6,24,4.739756603451222,0.0040287504984286415,8,False,11
390,8,489,113904,61848,61848,345212522768,10,11,4,4,3,4,4,113904,1122516,61848,0.0001730407534088185,17,24,5.512908904945436,0.0032282243557078126,8,False,11
391,8,178,1104192,335232,335232,345212523776,10,11,4,4,3,4,4,1104192,12057408,335232,1.9778582047885298e-05,21,24,6.5566141998983865,0.002114026265339954,9,False,12
392,8,258,1101888,346752,346752,348166033478,10,11,4,4,3,4,4,1101888,12042432,346752,1.9836711886372904e-05,21,24,6.55352541685309,0.0021322548020410535,9,False,13
393,8,359,1101888,346752,346752,348166033481,10,11,4,4,3,4,4,1101888,12042432,346752,1.9836711886372904e-05,21,24,6.5573069679558795,0.0020670096860293218,9,False,13
394,8,241,1101888,346752,346752,348166033496,10,11,4,4,3,4,4,1101888,12042432,346752,1.9836711886372904e-05,21,24,6.551822824845016,0.002257283357873092,10,False,12
395,8,158,1101888,346752,346752,348166033541,10,11,4,4,3,4,4,1101888,12042432,346752,1.9836711886372904e-05,21,24,6.552130938108899,0.002179044208908419,9,False,12
396,8,229,563340,175440,175440,348166050848,10,11,4,4,3,4,4,563340,6113694,175440,3.852949222287429e-05,15,24,6.170371295081647,0.0031545208842023715,9,False,13
397,8,349,1107072,346752,346752,348166050944,10,11,4,4,3,4,4,1107072,12097728,346752,1.9741605552887378e-05,21,24,6.550948298708936,0.002069059051132797,9,False,12
398,8,193,563340,175440,175440,348166067216,10,11,4,4,3,4,4,563340,6113694,175440,3.852949222287429e-05,15,24,6.174152357639007,0.0034202847639613117,9,False,12
399,8,331,551880,173624,173624,348166067264,10,11,4,4,3,4,3,551880,6022620,173624,3.954821927006469e-05,12,24,6.107683782133402,0.0029553393970852414,9,False,12
400,8,253,282846,87984,87984,348166557956,10,11,4,4,3,4,4,282846,3061936,87984,7.654689119379604e-05,9,24,5.739154494511128,0.004108586644665823,9,False,12
401,8,308,553104,177264,177264,348167082065,10,11,4,4,3,4,4,553104,6039000,177264,3.948046071000974e-05,20,24,6.1220085155929365,0.0024754502488351267,9,False,12
402,8,200,1101024,343296,343296,348167082257,10,11,4,4,3,4,4,1101024,12030336,343296,1.984790057072476e-05,21,24,6.556836085168066,0.002118378217572699,9,False,12
403,8,285,562944,173856,173856,348167099408,10,11,4,4,3,4,4,562944,6107952,173856,3.8547480129270647e-05,15,24,6.172703730217801,0.003233375801531728,9,False,12
404,8,122,562944,173856,173856,348167147780,10,11,4,4,3,4,4,562944,6107952,173856,3.8547480129270647e-05,15,24,6.17661581723194,0.003156077821861283,9,False,12
405,8,226,2693952,0,0,348177847808,10,11,4,4,3,4,3,2693952,32130432,0,8.854560608336258e-06,18,24,6.8025468384540035,0.0027057646723086396,10,False,13
406,8,42,1349352,7056,7056,348177863936,10,11,4,4,3,4,4,1349352,16091496,7056,1.7675683843666324e-05,17,24,6.3366793917965,0.002592315891675488,9,False,13
407,8,257,2693952,0,0,348178109696,10,11,4,4,3,4,4,2693952,32130432,0,8.854560608336258e-06,18,24,6.802431287725724,0.0028292952153611693,10,False,13
408,8,102,5275008,0,0,348178617488,10,11,4,4,3,4,3,5275008,63300096,0,4.549756995583134e-06,24,24,7.189735514284625,0.0015069665942946471,10,False,13
409,8,80,1336144,0,0,348178633760,10,11,4,4,3,4,4,1336144,15990420,0,1.7913632486817606e-05,9,24,6.291024770552253,0.002748892834027546,10,False,13
410,8,1,5326848,0,0,348178633856,10,11,4,4,3,4,4,5326848,63922176,0,4.505479507858964e-06,24,24,7.1778321705128745,0.0011065145398924396,10,False,13
411,8,204,2668608,7344,7344,348178634768,10,11,4,4,3,4,4,2668608,32019624,7344,8.992424888135827e-06,23,24,6.696610796569146,0.001660277968470837,10,False,14
412,8,95,5275008,0,0,348178687232,10,11,4,4,3,4,4,5275008,63300096,0,4.549756995583134e-06,24,24,7.187441536286113,0.0013830689324338824,10,False,13
413,8,269,1325868,18270,18270,348178883840,10,11,4,4,2,4,4,1325868,15882927,18270,1.8070088729664876e-05,14,24,6.319016020460574,0.002243695034017941,9,False,14
414,8,100,5326848,0,0,348179682560,10,11,4,4,3,4,4,5326848,63922176,0,4.505479507858964e-06,24,24,7.178093743822565,0.0011112759892563302,10,False,13
415,8,44,1349952,0,0,348179928320,10,11,4,4,2,4,4,1349952,16100208,0,1.76695362327632e-05,9,24,6.309950124856384,0.0033728251152982365,10,False,13
416,8,369,438600,133128,133128,348182816000,10,11,4,4,2,4,4,438600,5143746,133128,5.347776469542124e-05,17,24,5.911355228808092,0.0034928380161359817,9,False,13
417,8,535,172233,0,0,18708965889536,10,11,4,5,3,5,3,172233,1990548,0,0.00013420615660312602,3,24,5.350204108411909,0.005256139681417326,10,False,13
418,8,131,2659192,0,0,18708965890304,10,11,4,5,3,5,4,2659192,31898880,0,9.022070214734346e-06,12,24,6.679934934722628,0.002134779195528106,10,False,13
419,8,655,163,128,128,5591400,10,12,2,2,2,2,6,163,1007,128,0.07627054457320306,6,18,2.520033325759297,0.0,4,True,8
420,8,622,5562,3060,3060,336991632,10,12,3,3,2,3,4,5562,51130,3060,0.0033061450910793506,12,21,4.007577493150563,0.0,7,True,11
421,8,628,3540,1010,1010,340809312,10,12,3,3,3,3,5,3540,34576,1010,0.0055197692220503415,8,24,3.6421615158292666,0.0,6,True,11
422,8,611,6447,4575,4575,341184912,10,12,3,3,2,3,5,6447,60978,4575,0.0029346424828409464,12,24,4.032773061966734,0.0,7,True,11
423,8,541,20160,6576,6576,341186052,10,12,3,3,3,3,5,20160,208836,6576,0.0010277224635575745,16,24,4.398118755890669,0.004307776618946004,7,False,12
424,8,608,10140,5174,5174,1413878352,10,12,3,3,2,3,4,10140,95718,5174,0.0018620465470784498,6,24,4.2098152835351925,0.0,7,True,10
425,8,481,48564,2034,2034,1430329728,10,12,3,3,2,3,4,48564,554289,2034,0.0004700524250553698,12,24,4.6795060025122,0.004160733957555562,7,False,13
426,8,538,30240,15424,15424,69864821025,10,12,4,4,2,4,4,30240,287448,15424,0.0006286950994117236,6,24,4.837721452428983,0.0046387691299324485,8,False,11
427,8,548,60960,21264,21264,69881321760,10,12,4,4,3,4,4,60960,649728,21264,0.00034968643568744347,18,24,4.9136016502895385,0.003512149490113415,7,False,12
428,8,425,875520,9792,9792,69881567520,10,12,4,4,3,4,4,875520,10303824,9792,2.68841791544476e-05,21,24,6.1361450134149,0.00301086633743778,9,False,14
429,8,560,19020,12900,12900,74094549264,10,12,4,4,2,4,4,19020,183351,12900,0.0010137131671250881,17,24,4.541760292339241,0.003470631793519329,7,False,11
430,8,502,30282,16290,16290,74111260944,10,12,4,4,2,4,4,30282,319169,16290,0.0006961389442111734,15,24,4.702875829728213,0.004960527087978786,8,False,12
431,8,475,57580,31024,31024,345212473416,10,12,4,4,3,4,4,57580,564748,31024,0.00034068178862415113,12,24,5.0853959082304305,0.0031683379271002085,8,False,11
432,8,486,24100,8308,8308,345228974148,10,12,4,4,3,4,4,24100,270705,8308,0.0009322023830123975,10,24,4.462271754014689,0.005538246047770112,8,False,13
433,8,483,12221,24,24,345228990480,10,12,4,4,2,4,4,12221,138218,24,0.0018510436075596848,6,24,3.912570049099836,0.004261889069936067,7,False,12
434,8,345,439488,1200,1200,345228990528,10,12,4,4,3,4,4,439488,5164616,1200,5.347797790145554e-05,21,24,5.6932435839967965,0.0031458224534738374,9,False,14
435,8,337,563340,175440,175440,348166067232,10,12,4,4,3,4,4,563340,6113694,175440,3.852949222287429e-05,15,24,6.170992668712799,0.0033138966222933256,9,False,13
436,8,117,1107072,346752,346752,348166067328,10,12,4,4,3,4,4,1107072,12097728,346752,1.9741605552887378e-05,21,24,6.552033557016668,0.002066173731657455,9,False,12
437,8,282,282846,87984,87984,348166557960,10,12,4,4,3,4,4,282846,3061936,87984,7.654689119379604e-05,9,24,5.729837911223462,0.0034828241502072436,9,False,12
438,8,362,553104,177264,177264,348167082057,10,12,4,4,3,4,4,553104,6039000,177264,3.948046071000974e-05,20,24,6.119983536520323,0.002372327383892777,9,False,12
439,8,202,669902,0,0,348178650144,10,12,4,4,3,4,3,669902,7999770,0,3.565213940740327e-05,6,24,5.899401129420616,0.003191263385607576,9,False,13
440,8,322,675672,15120,15120,348179142144,10,12,4,4,2,4,3,675672,8049240,15120,3.5262546435746493e-05,9,24,5.926385381346838,0.003186311515319214,9,False,13
441,8,317,109416,34776,34776,348183861504,10,12,4,4,2,4,4,109416,1274827,34776,0.00021297251034519456,12,24,5.084332303614677,0.003997507105595506,8,False,13
442,8,237,664252,0,0,349523941440,10,12,4,4,2,4,3,664252,7951936,0,3.6044398632175706e-05,6,24,5.8307679627128906,0.0028707321047516813,9,False,14
443,8,600,21168,7056,7056,69861659984,11,11,3,4,3,4,5,21168,195894,7056,0.0008744037133916259,6,21,4.702340010393537,0.006246539438097381,9,False,11
444,8,507,59497,30952,30952,69865853264,11,11,4,4,3,4,4,59497,579168,30952,0.00032722894906589607,6,24,5.10575889135404,0.004144623703470005,8,False,12
445,8,453,60145,31160,31160,70134075713,11,11,4,4,3,4,4,60145,581384,31160,0.00032144097273479667,9,24,5.2075521581537645,0.004432634001648416,8,False,11
446,8,363,564672,167808,167808,70134076736,11,11,4,4,3,4,4,564672,6123072,167808,3.840675584698674e-05,15,24,6.162164378903822,0.003174707636496353,9,False,12
447,8,374,284874,84152,84152,344944039184,11,11,4,4,3,4,4,284874,3079462,84152,7.589282903047328e-05,9,24,5.728876165870405,0.003433929810574648,9,False,12
448,8,356,1126080,346752,346752,348166050896,11,11,4,4,3,4,4,1126080,12300480,346752,1.9400545889389648e-05,21,24,6.53499864485529,0.0019433503765301432,9,False,12
449,8,145,566580,175440,175440,348166051136,11,11,4,4,3,4,4,566580,6149586,175440,3.83137059155842e-05,15,24,6.16567962631866,0.0031348359615765028,9,False,13
450,8,334,563772,175440,175440,348166116608,11,11,4,4,3,4,4,563772,6120966,175440,3.851622613690564e-05,15,24,6.163134602524784,0.0034147857034277384,9,False,13
451,8,238,559584,177696,177696,348166295828,11,11,4,4,3,4,4,559584,6107904,177696,3.9011477380642594e-05,20,24,6.110260043639639,0.0024067666977444905,9,False,12
452,8,373,144066,44144,44144,348233405696,11,11,4,4,3,4,3,144066,1544969,44144,0.00014887774554024887,9,24,5.402131933502238,0.004424205762387465,9,False,12
453,8,19,5371776,0,0,348245988608,11,11,4,4,3,4,3,5371776,64461312,0,4.467796957244114e-06,24,24,7.17132313993047,0.001048628006391916,10,False,13
454,8,295,285816,87984,87984,17940149982464,11,11,4,4,3,4,3,285816,3092614,87984,7.57153891452664e-05,9,24,5.732296740898834,0.003614536880640779,9,False,12
455,8,45,2707032,0,0,17940162565376,11,11,4,4,3,4,3,2707032,32447676,0,8.855783152341223e-06,15,24,6.710859269435777,0.002041622658416087,10,False,13
456,8,177,2716848,0,0,17940166743296,11,11,4,4,3,4,3,2716848,32416416,0,8.783436571662546e-06,18,24,6.784871635760129,0.0026622432536571,10,False,14
457,8,316,115248,37632,37632,18708965643344,11,11,4,5,3,5,4,115248,1220256,37632,0.00018374601154985565,9,24,5.414074067003913,0.006049077336086435,9,False,12
458,8,268,1329316,0,0,18708965889284,11,11,4,5,3,5,4,1329316,15935616,0,1.8036103310072948e-05,6,24,6.230628531236013,0.0025172323119954675,9,False,13
459,8,251,1365456,0,0,18709231179008,11,11,4,5,3,5,3,1365456,16253056,0,1.74345171941326e-05,15,24,6.393067966355536,0.003495168780323864,10,False,14
460,8,223,1356404,0,0,18765802967300,11,11,4,5,3,5,3,1356404,16235378,0,1.7648776231023944e-05,9,24,6.272237082931842,0.0025654140522744836,10,False,13
461,8,53,2684304,0,0,18765802967360,11,11,4,5,3,5,4,2684304,32177448,0,8.931375680917315e-06,15,24,6.712995679697858,0.0020407967804532278,10,False,13
462,8,215,1362976,0,0,18765871059968,11,11,4,5,3,5,3,1362976,16249248,0,1.7493921125830972e-05,9,24,6.311100196995543,0.003190565658938013,10,False,13
463,8,649,862,658,658,1413812310,11,12,3,3,3,3,5,862,6420,658,0.017300338730931227,6,21,3.2111018591127243,0.0,6,True,9
464,8,392,73128,2848,2848,1430591760,11,12,3,3,2,3,5,73128,855024,2848,0.0003197767232139164,15,24,4.771578445717724,0.0036880669717128944,7,False,13
465,8,498,11364,3804,3804,69123462480,11,12,3,3,3,3,5,11364,106446,3804,0.001648675219159686,12,21,4.301790460265774,0.0045257435129301945,7,False,11
466,8,565,13146,6846,6846,69127655760,11,12,3,3,3,3,4,13146,126861,6846,0.001468263179065644,12,24,4.319695701787752,0.004630278075752421,7,False,11
467,8,544,34212,11580,11580,69861660180,11,12,3,4,3,4,4,34212,321600,11580,0.0005495431558547143,12,21,4.931655140159597,0.004702406396933091,8,False,11
468,8,405,117638,60856,60856,69865132368,11,12,4,4,3,4,5,117638,1149236,60856,0.0001660915907900394,12,24,5.540927743822097,0.0041451147970770555,9,False,11
469,8,436,281892,84096,84096,69865837656,11,12,4,4,3,4,4,281892,3048682,84096,7.673229028317323e-05,9,24,5.730906981776644,0.0037017717620034074,9,False,12
470,8,137,555648,166096,166096,69865838916,11,12,4,4,3,4,4,555648,6056352,166096,3.923217403584686e-05,12,24,6.099422822403432,0.0027736464853288564,9,False,12
471,8,432,59497,30952,30952,69865853280,11,12,4,4,3,4,4,59497,579168,30952,0.00032722894906589607,6,24,5.104927642194434,0.0042206421706312254,8,False,11
472,8,47,117282,61320,61320,69865853505,11,12,4,4,3,4,4,117282,1149015,61320,0.00016706930665463907,12,24,5.528048686488008,0.003501081576673599,9,False,11
473,8,243,148968,2424,2424,69881387328,11,12,4,4,3,4,5,148968,1741884,2424,0.00015698789522931752,15,24,5.1010414387079015,0.003576770159865035,8,False,13
474,8,518,59131,30952,30952,69932945748,11,12,4,4,3,4,4,59131,576048,30952,0.00032950769877347803,6,24,5.1110290377135135,0.004020011983868692,8,False,11
475,8,139,59131,30952,30952,69932962128,11,12,4,4,3,4,4,59131,576048,30952,0.00032950769877347803,6,24,5.100129748012853,0.004013435833086236,8,False,11
476,8,546,143454,41544,41544,70133355840,11,12,4,4,3,4,4,143454,1536602,41544,0.00014933757417126672,9,24,5.39310871853499,0.004139990462086012,9,False,12
477,8,587,8212,5632,5632,70939382037,11,12,4,4,3,4,4,8212,70570,5632,0.0020931729815117984,9,23,4.288268567767224,0.0,7,True,10
478,8,375,369504,110304,110304,74161591617,11,12,4,4,3,4,4,369504,4028760,110304,5.901525380886537e-05,19,24,5.890895326966222,0.002972385574021078,9,False,12
479,8,197,375264,115200,115200,74161852752,11,12,4,4,3,4,4,375264,4097808,115200,5.819811950805608e-05,19,24,5.793796164290112,0.0026983574114097853,9,False,12
480,8,168,553392,178416,178416,74161853460,11,12,4,4,3,4,4,553392,6043032,178416,3.94657100935776e-05,20,24,6.121120582011634,0.0024936868907727435,9,False,13
481,8,163,559872,178848,178848,74161853520,11,12,4,4,3,4,4,559872,6111936,178848,3.8997078493676815e-05,20,24,6.111095705975126,0.0023201784463939557,9,False,12
482,8,32,370944,116496,116496,74161919040,11,12,4,4,3,4,4,370944,4049208,116496,5.885516086808e-05,19,24,5.875172282533975,0.0030400340812842055,9,False,12
483,8,496,59306,30748,30748,345212473617,11,12,4,4,3,4,4,59306,579446,30748,0.00032949818098490204,12,24,5.061854413624483,0.0034455606980153346,8,False,11
484,8,293,370080,113040,113040,345212474448,11,12,4,4,3,4,4,370080,4037112,113040,5.8953655105062593e-05,19,24,5.883410144860963,0.0029644160012071183,9,False,12
485,8,186,567384,169584,169584,345212474640,11,12,4,4,3,4,4,567384,6152748,169584,3.8224843817650856e-05,15,24,6.161448448402578,0.0031675686572532075,9,False,12
486,8,388,59148,30812,30812,345212522757,11,12,4,4,3,4,4,59148,576326,30812,0.0003294772423127443,6,24,5.1091669569039855,0.004003505347035621,8,False,11
487,8,386,370080,113040,113040,345212523588,11,12,4,4,3,4,4,370080,4037112,113040,5.8953655105062593e-05,19,24,5.8840216305167266,0.002931443100585336,9,False,12
488,8,262,284628,84992,84992,345213310020,11,12,4,4,3,4,4,284628,3077790,84992,7.598279475318314e-05,9,24,5.741061722886445,0.0036602440715217304,9,False,12
489,8,260,77520,40044,40044,345279631617,11,12,4,4,3,4,4,77520,762540,40044,0.0002537877760678427,16,24,5.241522362259575,0.0034704167550679054,8,False,11
490,8,97,1114848,346752,346752,348166033497,11,12,4,4,3,4,4,1114848,12180672,346752,1.960064287059194e-05,21,24,6.540744602622603,0.0019586973627929334,9,False,12
491,8,87,1113120,346752,346752,348166033734,11,12,4,4,3,4,4,1113120,12162240,346752,1.9631793760656825e-05,21,24,6.544398453354943,0.0021057573908323814,9,False,12
492,8,181,1124352,346752,346752,348166050960,11,12,4,4,3,4,4,1124352,12282048,346752,1.9431063845341687e-05,21,24,6.536859898732692,0.0019452972605538057,9,False,12
493,8,298,1114848,346752,346752,348166051857,11,12,4,4,3,4,4,1114848,12180672,346752,1.960064287059194e-05,21,24,6.543645010481258,0.001957599152122885,9,False,12
494,8,383,557520,173624,173624,348166051905,11,12,4,4,3,4,4,557520,6082560,173624,3.913778771108474e-05,12,24,6.101196995976817,0.002849854615982178,9,False,12
495,8,105,557520,173624,173624,348166051908,11,12,4,4,3,4,4,557520,6082560,173624,3.913778771108474e-05,12,24,6.0961498800937735,0.0026623094974825706,9,False,12
496,8,52,1124352,346752,346752,348166051920,11,12,4,4,3,4,4,1124352,12282048,346752,1.9431063845341687e-05,21,24,6.535724276493729,0.0019383103911786265,9,False,12
497,8,326,563772,175440,175440,348166052160,11,12,4,4,3,4,4,563772,6120966,175440,3.851622613690564e-05,15,24,6.1598496676842185,0.0033442905225278857,9,False,12
498,8,361,566580,175440,175440,348166067280,11,12,4,4,3,4,4,566580,6149586,175440,3.83137059155842e-05,15,24,6.156066665019353,0.0029337001255155207,9,False,12
499,8,341,278496,86952,86952,348166116864,11,12,4,4,3,4,4,278496,3026214,86952,7.803568868738312e-05,9,24,5.725261089068026,0.0036228887176094878,9,False,13
500,8,71,557088,171904,171904,348167083281,11,12,4,4,3,4,4,557088,6076512,171904,3.915953516209455e-05,12,24,6.100280363749289,0.0027790958388763504,9,False,12
501,8,82,1123488,343296,343296,348167099664,11,12,4,4,3,4,4,1123488,12269952,343296,1.94417954639393e-05,21,24,6.542695050321009,0.0018302193093496667,9,False,13
502,8,233,897408,2520,2520,348177929472,11,12,4,4,3,4,4,897408,10767336,2520,2.6739844151534768e-05,21,24,5.997688975013567,0.0019875041080251858,9,False,14
503,8,61,5371776,0,0,348178703616,11,12,4,4,3,4,4,5371776,64461312,0,4.467796957244114e-06,24,24,7.169731614596664,0.0009347681139475316,10,False,13
504,8,274,1347432,19296,19296,348178900224,11,12,4,4,3,4,4,1347432,16141524,19296,1.7781202989113438e-05,14,24,6.310280991011785,0.0022245289059892076,9,False,13
505,8,5,5371776,0,0,348179682576,11,12,4,4,3,4,4,5371776,64461312,0,4.467796957244114e-06,24,24,7.169838472758073,0.0009515921685199037,10,False,13
506,8,18,2716848,0,0,348179928336,11,12,4,4,3,4,4,2716848,32416416,0,8.783436571662546e-06,18,24,6.789834429027472,0.002860533378078834,10,False,13
507,8,265,5371776,0,0,348179944704,11,12,4,4,3,4,4,5371776,64461312,0,4.467796957244114e-06,24,24,7.1715209229723875,0.0008971117538923898,10,False,13
508,8,99,1785600,8640,8640,348182816004,11,12,4,4,3,4,4,1785600,21410784,8640,1.3430570303425241e-05,22,24,6.503666366300608,0.002552690951516321,10,False,13
509,8,259,1364352,0,0,348182816064,11,12,4,4,2,4,4,1364352,16239984,0,1.744869885580787e-05,12,24,6.352117194182435,0.0032186333285462634,10,False,13
510,8,26,1791360,192,192,348245218560,11,12,4,4,3,4,4,1791360,21495984,192,1.3397440080979625e-05,22,24,6.385022692268831,0.002097103343586909,10,False,13
511,8,151,5416704,0,0,348247037184,11,12,4,4,3,4,4,5416704,65000448,0,4.430739510731898e-06,24,24,7.163069688517165,0.0008072422897312141,10,False,13
512,8,124,5371776,0,0,348313097472,11,12,4,4,3,4,4,5371776,64461312,0,4.467796957244114e-06,24,24,7.171345215501394,0.0010085098216156129,10,False,14
513,8,57,5330304,0,0,348450460932,11,12,4,4,3,4,4,5330304,63963648,0,4.502558297342571e-06,24,24,7.1782624668804,0.0011020453438787855,10,False,13
514,8,89,278496,86952,86952,348501840960,11,12,4,4,3,4,4,278496,3026214,86952,7.803568868738312e-05,9,24,5.722610940950466,0.003475590772935638,9,False,13
515,8,398,96826,30116,30116,348501841152,11,12,4,4,3,4,4,96826,1030844,30116,0.00021990922422487053,6,24,5.2034,0.004776690384370633,9,False,12
516,8,118,2691408,0,0,348517569792,11,12,4,4,3,4,4,2691408,32260872,0,8.907322589500495e-06,15,24,6.715050837721683,0.0020335120470666855,10,False,13
517,8,368,96826,30116,30116,349243249920,11,12,4,4,3,4,4,96826,1030844,30116,0.00021990922422487053,6,24,5.205803759359669,0.004762015123307967,9,False,12
518,8,214,887616,11664,11664,365362681857,11,12,4,4,3,4,4,887616,10639512,11664,2.7008592315078288e-05,21,24,6.090235445547901,0.002428974814553592,9,False,13
519,8,304,907200,0,0,365362681872,11,12,4,4,3,4,4,907200,10820592,0,2.629513550491197e-05,18,24,6.021436147967536,0.002801354911543837,9,False,13
520,8,203,568848,175440,175440,17940149998848,11,12,4,4,3,4,4,568848,6173112,175440,3.815420814965072e-05,15,24,6.167250353785816,0.003370922652125554,9,False,12
521,8,442,285162,87184,87184,17940150244608,11,12,4,4,3,4,4,285162,3085100,87184,7.58782769609989e-05,9,24,5.734317988785282,0.003597745455104285,9,False,12
522,8,490,47922,14510,14510,17940151013760,11,12,4,4,3,4,4,47922,505636,14510,0.00044035930304414726,9,24,4.853043655182487,0.004866561675099906,8,False,12
523,8,62,2707032,0,0,17940162581760,11,12,4,4,3,4,4,2707032,32447676,0,8.855783152341223e-06,15,24,6.712827696468936,0.0020741781380269253,10,False,13
524,8,46,2713152,0,0,17940166744320,11,12,4,4,3,4,4,2713152,32523168,0,8.836387406951963e-06,15,24,6.709998455301603,0.002143489250374069,10,False,13
525,8,218,1347432,19296,19296,17940166747392,11,12,4,4,3,4,4,1347432,16141524,19296,1.7781202989113438e-05,14,24,6.308181643438513,0.0020715503596537943,9,False,13
526,8,11,2708352,0,0,17940233852160,11,12,4,4,3,4,4,2708352,32313600,0,8.810595932248276e-06,18,24,6.790899681023619,0.0028344971948035982,10,False,14
527,8,434,61764,20688,20688,18008815767876,11,12,4,4,3,4,4,61764,661734,20688,0.0003469362244750384,15,24,4.985937276362871,0.0045655656053684305,8,False,12
528,8,391,186372,61416,61416,18008882876736,11,12,4,4,3,4,4,186372,1999368,61416,0.00011512343286535027,15,24,5.620253880700324,0.004492084432747163,9,False,12
529,8,357,887832,4320,4320,18009956815872,11,12,4,4,3,4,4,887832,10610676,4320,2.692228701447888e-05,15,24,6.121904522369685,0.00304900291277393,10,False,13
530,8,43,1329316,0,0,18708965889288,11,12,4,5,3,5,4,1329316,15935616,0,1.8036103310072948e-05,6,24,6.227826809296517,0.0025105230318944335,10,False,13
531,8,79,2684304,0,0,18708965890320,11,12,4,5,3,5,4,2684304,32177448,0,8.931375680917315e-06,15,24,6.719113599694222,0.0022460108529882773,10,False,13
532,8,14,2675688,0,0,18708965909760,11,12,4,5,3,5,4,2675688,32073828,0,8.960041311979329e-06,15,24,6.7234889607790445,0.0022895716731086155,10,False,14
533,8,125,1331904,0,0,18709032998148,11,12,4,5,3,5,4,1331904,15966720,0,1.8001147259481437e-05,6,24,6.22284733648021,0.002458384362455464,10,False,13
534,8,270,1364864,0,0,18709231179264,11,12,4,5,3,5,3,1364864,16270848,0,1.746874656339703e-05,9,24,6.3046993962031355,0.002900568798475521,10,False,13
535,8,288,1362976,0,0,18709231441152,11,12,4,5,3,5,4,1362976,16249248,0,1.7493921125830972e-05,9,24,6.307588563253178,0.0031119844478189195,10,False,13
536,8,249,452792,0,0,18709235114256,11,12,4,5,3,5,4,452792,5404488,0,5.2721531990332136e-05,9,24,5.638865427978914,0.00327489152112169,9,False,13
537,8,30,1355220,0,0,18765802967304,11,12,4,5,3,5,4,1355220,16221494,0,1.76645086555318e-05,9,24,6.2821685484043535,0.002649992146222122,10,False,13
538,8,2,5356800,0,0,18765802967424,11,12,4,5,3,5,4,5356800,64281600,0,4.48028757472513e-06,24,24,7.176587160354533,0.0010087072525721075,10,False,13
539,8,49,5404032,0,0,18765802967556,11,12,4,5,3,5,4,5404032,64848384,0,4.44112922372207e-06,24,24,7.167531862048904,0.0008194109352109799,10,False,13
540,8,104,2706048,7200,7200,18765802971396,11,12,4,5,3,5,4,2706048,32468976,7200,8.86804231165102e-06,23,24,6.692228435795831,0.0016266891332296037,9,False,14
541,8,86,2659968,7200,7200,18765802971456,11,12,4,5,3,5,4,2659968,31916016,7200,9.021650719922354e-06,23,24,6.700402054987901,0.0017132501345101657,10,False,13
542,8,273,1360944,0,0,18765938168832,11,12,4,5,3,5,4,1360944,16235424,0,1.7531272458189126e-05,18,24,6.266254488248221,0.002659210433625192,9,False,14
543,8,435,451640,0,0,18766877692932,11,12,4,5,3,5,4,451640,5390604,0,5.2854697186442935e-05,9,24,5.647711107765273,0.0031374492892487795,9,False,13
544,8,123,1363712,0,0,18766944801792,11,12,4,5,3,5,4,1363712,16257024,0,1.7483405755608287e-05,9,24,6.319115603672626,0.003092295793887502,10,False,13
545,8,508,19754,10084,10084,1413878353,11,13,3,3,3,3,5,19754,190898,10084,0.0009784604162305557,6,24,4.488190097706678,0.004382288594553791,7,False,11
546,8,444,148968,2424,2424,69881403712,11,13,4,4,3,4,5,148968,1741884,2424,0.00015698789522931752,15,24,5.100944014446152,0.003454522593358791,8,False,13
547,8,333,223548,6308,6308,69948692752,11,13,4,4,3,4,5,223548,2614242,6308,0.00010462516323463412,15,24,5.376261779402095,0.0038431622426277714,9,False,13
548,8,351,284874,84152,84152,70201186624,11,13,4,4,3,4,4,284874,3079462,84152,7.589282903047328e-05,9,24,5.7325620434369,0.0036710884785943745,9,False,12
549,8,466,48504,15744,15744,74111326528,11,13,4,4,3,4,5,48504,565912,15744,0.00048109710352224,15,24,4.666547120796652,0.003933208133218931,8,False,13
550,8,160,375264,115200,115200,74161853536,11,13,4,4,3,4,4,375264,4097808,115200,5.819811950805608e-05,19,24,5.787027282199418,0.0026848180966656037,9,False,12
551,8,231,899544,96,96,74173387936,11,13,4,4,3,4,4,899544,10757688,96,2.6589158976497496e-05,15,24,6.039547394621492,0.002927170931633375,9,False,13
552,8,477,32436,10048,10048,74178369808,11,13,4,4,2,4,4,32436,341808,10048,0.000649787009632116,9,24,4.6323759210729145,0.004238587700402957,7,False,12
553,8,254,450432,0,0,74178369856,11,13,4,4,3,4,4,450432,5364288,0,5.287916311765984e-05,9,24,5.680016251101723,0.0031490920239266814,9,False,13
554,8,595,5179,3365,3365,75184022800,11,13,4,4,2,4,4,5179,51981,3365,0.0038767399407134214,9,24,3.890960321904927,0.0,6,True,12
555,8,371,371808,111744,111744,345212475472,11,13,4,4,3,4,5,371808,4057560,111744,5.870277804212228e-05,19,24,5.798425408881489,0.0029120819636491717,9,False,12
556,8,597,24000,7224,7224,345229039936,11,13,4,4,3,4,4,24000,277032,7224,0.0009619567481978416,21,24,4.206767198633277,0.002495697704565281,6,False,12
557,8,250,1126080,346752,346752,348166067296,11,13,4,4,3,4,4,1126080,12300480,346752,1.9400545889389648e-05,21,24,6.5352325316429845,0.001928155668901629,9,False,13
558,8,290,1124352,346752,346752,348166068304,11,13,4,4,3,4,4,1124352,12282048,346752,1.9431063845341687e-05,21,24,6.539828268930254,0.0018819725046275175,9,False,12
559,8,190,1118304,346752,346752,348166133248,11,13,4,4,3,4,4,1118304,12217536,346752,1.95386365678854e-05,21,24,6.544398899046144,0.0018888293762566752,9,False,12
560,8,439,187308,57496,57496,348167083153,11,13,4,4,3,4,5,187308,2035632,57496,0.00011604299530337361,6,24,5.442788267389901,0.003083209559009804,9,False,12
561,8,354,282732,87504,87504,348179141188,11,13,4,4,3,4,4,282732,3060570,87504,7.657445562049029e-05,9,24,5.731301010501148,0.0034553295100256394,9,False,12
562,8,175,2687616,31104,31104,348179158528,11,13,4,4,3,4,4,2687616,32235840,31104,8.925544364848076e-06,23,24,6.7307708090630545,0.0014016661011337006,9,False,14
563,8,528,60240,31530,31530,348246250048,11,13,4,4,3,4,4,60240,646170,31530,0.00035613451835183214,18,24,4.956211457693521,0.0032057541417466807,7,False,12
564,8,92,5399424,0,0,348246251008,11,13,4,4,3,4,4,5399424,64793088,0,4.444919392312845e-06,24,24,7.168546884361533,0.0009321400629080456,10,False,13
565,8,266,2687616,7776,7776,348246251584,11,13,4,4,3,4,4,2687616,32247504,7776,8.928773923918712e-06,23,24,6.694655422000547,0.00158109880488172,9,False,13
566,8,399,285816,87984,87984,348301563136,11,13,4,4,3,4,4,285816,3092614,87984,7.57153891452664e-05,9,24,5.726638231023564,0.0035257784408170194,9,False,12
567,8,143,5416704,0,0,348314146048,11,13,4,4,3,4,4,5416704,65000448,0,4.430739510731898e-06,24,24,7.163059446678173,0.0008057304907423772,10,False,13
568,8,176,455616,72,72,349522105360,11,13,4,4,3,4,4,455616,5398680,72,5.201404163849071e-05,12,24,5.73961420058602,0.0036896428529552923,9,False,13
569,8,50,2660960,0,0,349523941444,11,13,4,4,3,4,4,2660960,31919616,0,9.015942317452334e-06,12,24,6.678698197529537,0.002131396511096711,10,False,14
570,8,76,2709296,0,0,349524006976,11,13,4,4,3,4,4,2709296,32500224,0,8.855306520717299e-06,12,24,6.6597899922304515,0.0019185954545190033,10,False,13
571,8,164,2709296,0,0,349524007168,11,13,4,4,3,4,4,2709296,32500224,0,8.855306520717299e-06,12,24,6.662249697061412,0.001889199145146356,10,False,13
572,8,144,453376,3708,3708,349524206848,11,13,4,4,2,4,4,453376,5430942,3708,5.2843194673489204e-05,6,24,5.605717558312655,0.002688954852721938,9,False,14
573,8,347,691272,0,0,349524990016,11,13,4,4,2,4,4,691272,8189796,0,3.427723450643194e-05,12,24,5.962780883329404,0.0039402827482518535,10,False,13
574,8,305,568848,175440,175440,17940149999104,11,13,4,4,3,4,4,568848,6173112,175440,3.815420814965072e-05,15,24,6.168645275443133,0.0031580733201723777,9,False,12
575,8,155,2713152,0,0,18008886224128,11,13,4,4,3,4,4,2713152,32523168,0,8.836387406951963e-06,15,24,6.705390392204488,0.0019184565994290396,10,False,13
576,8,276,1355192,3600,3600,18709231048192,11,13,4,5,3,5,4,1355192,16255224,3600,1.7701970641815447e-05,12,24,6.213964741501383,0.0019549444331177146,9,False,13
577,8,135,1364864,0,0,18709231442176,11,13,4,5,3,5,4,1364864,16270848,0,1.746874656339703e-05,9,24,6.309375168789835,0.0030838992219793713,10,False,13
578,8,115,451640,0,0,18765803032840,11,13,4,5,3,5,4,451640,5390604,0,5.2854697186442935e-05,9,24,5.639005515466999,0.003006285632101575,9,False,13
579,8,174,664592,3600,3600,18765803032960,11,13,4,5,3,5,4,664592,7967736,3600,3.6079072689242834e-05,12,24,5.817015587030219,0.0024422182688203812,9,False,13
580,8,172,2706048,7200,7200,18765803033092,11,13,4,5,3,5,4,2706048,32468976,7200,8.86804231165102e-06,23,24,6.687905775472489,0.001496378554739338,9,False,13
581,8,165,2734128,0,0,18765938169856,11,13,4,5,3,5,4,2734128,32616864,0,8.726391079531542e-06,18,24,6.79402059194763,0.002927162869403885,10,False,13
582,8,73,1355220,0,0,18766876710916,11,13,4,5,3,5,4,1355220,16221494,0,1.76645086555318e-05,9,24,6.277727827015412,0.002681713429445304,10,False,14
583,8,183,1356404,0,0,18766876971268,11,13,4,5,3,5,4,1356404,16235378,0,1.7648776231023944e-05,9,24,6.277311323404622,0.002787945349276261,10,False,13
584,8,473,122348,0,0,1461652296960,12,12,4,4,2,4,3,122348,1411992,0,0.0001886566127644298,3,24,5.093344838859965,0.0048908929885163425,9,False,13
585,8,419,96936,30544,30544,17957346612480,12,12,4,4,3,4,3,96936,1032449,30544,0.00021975202922449192,6,24,5.19775308196214,0.004610633045521428,9,False,12
586,8,189,1374648,0,0,18697419035904,12,12,4,4,3,4,4,1374648,16363716,0,1.7319256172922252e-05,12,24,6.354401129162614,0.0032840763032821506,10,False,13
587,8,340,97000,30812,30812,18708965905488,12,12,4,5,3,5,4,97000,1033248,30812,0.00021963198047636373,6,24,5.207989989587522,0.004963715023601805,9,False,12
588,8,162,1369088,0,0,18708965905680,12,12,4,5,3,5,4,1369088,16322256,0,1.7415974099700273e-05,9,24,6.30389945270096,0.0028690197833897285,10,False,13
589,8,278,144420,45536,45536,18709230997824,12,12,4,5,3,5,4,144420,1549957,45536,0.00014862708884255899,9,24,5.395725403167173,0.004208324497076527,9,False,12
590,8,209,2702984,0,0,18765802967316,12,12,4,5,3,5,4,2702984,32424192,0,8.875899350666253e-06,12,24,6.67157845424851,0.002006735058404972,10,False,13
591,8,72,5404032,0,0,18765802968336,12,12,4,5,3,5,4,5404032,64848384,0,4.44112922372207e-06,24,24,7.169382302766212,0.0008227458572188105,10,False,13
592,8,267,286326,90016,90016,18765858476112,12,12,4,5,3,5,4,286326,3099722,90016,7.561930573715804e-05,9,24,5.731341908670218,0.0038130018820217992,9,False,12
593,8,39,5451264,0,0,18765870077184,12,12,4,5,3,5,4,5451264,65415168,0,4.402649441056137e-06,24,24,7.160844999406559,0.0006563381575221032,10,False,13
594,8,207,2717304,0,0,18765871060032,12,12,4,5,3,5,4,2717304,32571852,0,8.822591112412986e-06,15,24,6.712197865677843,0.0020393921396758786,10,False,14
595,8,537,16848,52,52,18778759107840,12,12,4,5,3,5,3,16848,194464,52,0.0013702451723068647,3,24,4.072622365999881,0.005654097268023129,8,False,12
596,8,9,1367184,0,0,18778960237824,12,12,4,5,3,5,3,1367184,16363548,0,1.750869807079759e-05,9,24,6.280394593847349,0.0026199821283434442,10,False,13
597,8,277,566616,173624,173624,348166051216,12,13,4,4,3,4,5,566616,6179364,173624,3.8494339546326156e-05,12,24,6.091209634407843,0.002483248237751356,9,False,12
598,8,390,911952,144,144,348182816020,12,13,4,4,3,4,4,911952,10878456,144,2.616096568431838e-05,17,24,6.058731165380595,0.0026305133970968048,9,False,13
599,8,112,904896,7344,7344,348182832400,12,13,4,4,3,4,5,904896,10853352,7344,2.6509224746294562e-05,22,24,6.017337922079357,0.0019760415831778537,9,False,13
600,8,51,1374648,0,0,348249924928,12,13,4,4,3,4,4,1374648,16363716,0,1.7319256172922252e-05,12,24,6.358294362843697,0.003362212509253698,10,False,13
601,8,90,1361832,0,0,349524202756,12,13,4,4,3,4,4,1361832,16209312,0,1.7480257523283638e-05,12,24,6.355866946045435,0.003215831628870512,10,False,13
602,8,147,2709936,0,0,349524202768,12,13,4,4,3,4,4,2709936,32482296,0,8.846241815998704e-06,15,24,6.715550871146356,0.0021457170686253,10,False,14
603,8,67,1361832,0,0,349524219136,12,13,4,4,3,4,4,1361832,16209312,0,1.7480257523283638e-05,12,24,6.359433153599823,0.0032580484472371604,10,False,13
604,8,84,2709936,0,0,349524268288,12,13,4,4,3,4,4,2709936,32482296,0,8.846241815998704e-06,15,24,6.71275756097471,0.0020859941012727036,10,False,13
605,8,120,2709936,0,0,349591311616,12,13,4,4,3,4,4,2709936,32482296,0,8.846241815998704e-06,15,24,6.7152021749599164,0.002228710365501456,10,False,14
606,8,108,1792512,0,0,365362681873,12,13,4,4,3,4,4,1792512,21504960,0,1.338581238179478e-05,22,24,6.411418595478634,0.002269380210449947,9,False,13
607,8,31,2697176,0,0,365362747648,12,13,4,4,3,4,4,2697176,32355072,0,8.895163888111409e-06,12,24,6.668087261301176,0.0019765676569173914,10,False,13
608,8,130,2750976,0,0,17957346613504,12,13,4,4,3,4,4,2750976,32818176,0,8.673032827420119e-06,18,24,6.781010857241523,0.00249115433240647,10,False,13
609,8,400,99288,1200,1200,18008815785280,12,13,4,4,3,4,4,99288,1177320,1200,0.00023885556617181836,15,24,4.930174363209685,0.003594030457258032,8,False,13
610,8,110,567288,178272,178272,18008882876740,12,13,4,4,3,4,4,567288,6159564,178272,3.828014194152864e-05,15,24,6.158372534537192,0.0032957287132604164,9,False,12
611,8,297,564480,178272,178272,18009151312192,12,13,4,4,3,4,4,564480,6130944,178272,3.8482297799549386e-05,15,24,6.1619573500519955,0.0033839199544345275,9,False,12
612,8,195,278862,88368,88368,18009944232208,12,13,4,4,3,4,4,278862,3031305,88368,7.796191769658457e-05,9,24,5.717461842997047,0.0031602145289310593,9,False,12
613,8,320,371520,118800,118800,18009944232961,12,13,4,4,3,4,4,371520,4057344,118800,5.8790695671328464e-05,19,24,5.875665357626393,0.0029826166625581273,9,False,12
614,8,433,96936,30544,30544,18009944233216,12,13,4,4,3,4,4,96936,1032449,30544,0.00021975202922449192,6,24,5.200475019342858,0.004803707070576413,9,False,12
615,8,555,97000,30812,30812,18708965905504,12,13,4,5,3,5,4,97000,1033248,30812,0.00021963198047636373,6,24,5.2101893215393975,0.004663084028071098,9,False,12
616,8,462,144420,45536,45536,18708965906512,12,13,4,5,3,5,4,144420,1549957,45536,0.00014862708884255899,9,24,5.394606540690629,0.004022494280253969,9,False,12
617,8,208,686952,3600,3600,18708965906704,12,13,4,5,3,5,4,686952,8176080,3600,3.465157471102268e-05,15,24,5.9322866754688475,0.003472911854625959,9,False,13
618,8,8,1369088,0,0,18709033014544,12,13,4,5,3,5,4,1369088,16322256,0,1.7415974099700273e-05,9,24,6.306166829427202,0.003266546380287071,10,False,13
619,8,13,5438592,0,0,18709231048000,12,13,4,5,3,5,4,5438592,65263104,0,4.412907681419691e-06,24,24,7.162953680833878,0.0006536095015521606,10,False,14
620,8,12,2705224,0,0,18709235114257,12,13,4,5,3,5,4,2705224,32451840,0,8.868762376237854e-06,12,24,6.662050042824566,0.001925680122788153,10,False,13
621,8,34,2719608,0,0,18709235180608,12,13,4,5,3,5,4,2719608,32599500,0,8.815124986057436e-06,15,24,6.710460923581974,0.001985462072122577,10,False,13
622,8,109,5455872,0,0,18709235180800,12,13,4,5,3,5,4,5455872,65470464,0,4.398930986454775e-06,24,24,7.1599481549325485,0.0006522270694013865,10,False,13
623,8,40,899520,72,72,18765802967332,12,13,4,5,3,5,4,899520,10782576,72,2.6652095362769732e-05,12,24,5.963351024269637,0.002256468736025979,9,False,13
624,8,54,5414400,0,0,18765802967368,12,13,4,5,3,5,4,5414400,64972800,0,4.432624932148517e-06,24,24,7.165878987307733,0.0008114549766269258,10,False,13
625,8,81,5436288,0,0,18765802968580,12,13,4,5,3,5,4,5436288,65235456,0,4.414777954144069e-06,24,24,7.163519763213384,0.0006852490693310671,10,False,13
626,8,275,1354056,3600,3600,18765802968592,12,13,4,5,3,5,4,1354056,16241400,3600,1.7716606000193454e-05,12,24,6.220524967597329,0.002084840716567249,9,False,14
627,8,211,2702936,0,0,18765802971412,12,13,4,5,3,5,4,2702936,32424192,0,8.87621459825671e-06,12,24,6.669058903007287,0.0019494725820244094,10,False,13
628,8,133,569868,179520,179520,18765858738436,12,13,4,5,3,5,4,569868,6187326,179520,3.8105285116468014e-05,15,24,6.167880442278636,0.0032523891837005704,9,False,13
629,8,306,285714,89376,89376,18765862670416,12,13,4,4,3,4,4,285714,3092960,89376,7.577793677831128e-05,9,24,5.734517396828286,0.0035896135118901745,9,False,12
630,8,301,286170,89376,89376,18765862671361,12,13,4,4,3,4,4,286170,3097604,89376,7.56500470916478e-05,9,24,5.727489689658909,0.003422726912418456,9,False,12
631,8,33,5436288,0,0,18765870077440,12,13,4,5,3,5,4,5436288,65235456,0,4.414777954144069e-06,24,24,7.164036432587169,0.0007142197448834371,10,False,13
632,8,16,5453568,0,0,18765870078208,12,13,4,5,3,5,4,5453568,65442816,0,4.400789428276942e-06,24,24,7.161009577217993,0.0006673226248003253,10,False,13
633,8,69,2702984,0,0,18765870081088,12,13,4,5,3,5,4,2702984,32424192,0,8.875899350666253e-06,12,24,6.67004336024311,0.002007399285046375,10,False,13
634,8,128,2730816,7632,7632,18765871060096,12,13,4,5,3,5,4,2730816,32765976,7632,8.787561673333394e-06,23,24,6.684777807724068,0.0013692079015931596,9,False,13
635,8,77,5453568,0,0,18765871060996,12,13,4,5,3,5,4,5453568,65442816,0,4.400789428276942e-06,24,24,7.16125162833793,0.0006789876306227895,10,False,13
636,8,64,2702936,0,0,18765874206736,12,13,4,5,3,5,4,2702936,32424192,0,8.87621459825671e-06,12,24,6.667847965267385,0.0018925450873836026,10,False,14
637,8,242,2717304,0,0,18766944802048,12,13,4,5,3,5,4,2717304,32571852,0,8.822591112412986e-06,15,24,6.711446197939649,0.0019957083479831468,10,False,13
638,8,332,683351,0,0,18778759108096,12,13,4,5,3,5,4,683351,8160650,0,3.495165255584556e-05,6,24,5.888424821833614,0.0034165503182591603,10,False,13
639,8,182,1367184,0,0,18778759111936,12,13,4,5,3,5,4,1367184,16363548,0,1.750869807079759e-05,9,24,6.277650936268224,0.0027137720149907375,10,False,13
640,8,286,1375216,0,0,18778960241920,12,13,4,5,3,5,4,1375216,16460196,0,1.7406982018592257e-05,9,24,6.272000360670876,0.002590467502613646,9,False,13
641,8,221,457496,52,52,18778961221648,12,13,4,5,3,5,4,457496,5459905,52,5.2172473679677155e-05,9,24,5.646369938469273,0.003066581306170967,9,False,13
642,8,480,16848,52,52,18847679714560,12,13,4,5,3,5,4,16848,194464,52,0.0013702451723068647,3,24,4.072385587938506,0.0052999008841216385,8,False,12
643,8,568,12854,24,24,5722477712,12,14,3,3,2,3,5,12854,147498,24,0.001785555377777737,6,24,3.9917827744495447,0.004503594689976726,7,False,12
644,8,571,32496,10288,10288,74178369812,12,14,4,4,3,4,4,32496,342584,10288,0.0006488594351787939,9,24,4.622301554085244,0.00406655349483642,7,False,12
645,8,454,10752,3488,3488,75184022804,12,14,4,4,3,4,4,10752,111264,3488,0.0019250700931474813,9,24,4.171896195702726,0.004315760812123783,7,False,11
646,8,343,32496,10288,10288,75251082512,12,14,4,4,3,4,5,32496,342584,10288,0.0006488594351787939,9,24,4.635790336974918,0.004202799107456228,7,False,12
647,8,279,226152,5040,5040,75251082560,12,14,4,4,3,4,5,226152,2690424,5040,0.00010520873016338588,9,24,5.290592838413273,0.0029217205224472188,8,False,13
648,8,303,197040,1008,1008,345229039940,12,14,4,4,3,4,4,197040,2314848,1008,0.00011924656599419695,12,24,5.248314678819929,0.0031401110009306294,8,False,13
649,8,469,113064,1200,1200,345229252880,12,14,4,4,3,4,5,113064,1321960,1200,0.0002068252030379813,16,24,4.883130484773976,0.002626308958901827,7,False,13
650,8,457,566616,173624,173624,348166133312,12,14,4,4,3,4,4,566616,6179364,173624,3.8494339546326156e-05,12,24,6.083009796775588,0.0026252162730284493,9,False,12
651,8,220,450072,8928,8928,348451251476,12,14,4,4,3,4,4,450072,5376924,8928,5.3088550520421436e-05,14,24,5.683373234445232,0.0025046511456020912,8,False,13
652,8,376,286170,89376,89376,349509588032,12,14,4,4,3,4,4,286170,3097604,89376,7.56500470916478e-05,9,24,5.727938096020184,0.0036219704676091957,9,False,12
653,8,138,903744,7416,7416,349524206852,12,14,4,4,3,4,4,903744,10841148,7416,2.6546966116733607e-05,22,24,5.999343246918648,0.0019810705945127894,9,False,13
654,8,185,5446656,0,0,349524206864,12,14,4,4,3,4,4,5446656,65359872,0,4.4063741874600095e-06,24,24,7.160027463461519,0.0006640282781858988,10,False,13
655,8,166,903744,7416,7416,349524223232,12,14,4,4,3,4,5,903744,10841148,7416,2.6546966116733607e-05,22,24,5.995147094915259,0.002090859353711463,9,False,13
656,8,28,2739744,0,0,349524990020,12,14,4,4,3,4,4,2739744,32688576,0,8.709759981857474e-06,18,24,6.782254039521225,0.002758848353657928,10,False,13
657,8,93,5461632,0,0,349592098880,12,14,4,4,3,4,4,5461632,65539584,0,4.39429174178922e-06,24,24,7.1586031214851396,0.0006465594057227664,10,False,14
658,8,418,88990,0,0,1461652559360,12,14,4,4,2,4,4,88990,1043794,0,0.0002636132640061821,3,24,4.792563800020227,0.0035560767426730316,9,False,13
659,8,615,2804,32,32,1461656495360,12,14,4,4,2,4,4,2804,30013,32,0.007637272679618281,3,24,3.339147275972402,0.0,7,True,12
660,8,179,2723664,0,0,17940166744328,12,14,4,4,3,4,4,2723664,32647944,0,8.801950681092677e-06,15,24,6.706106674724442,0.002018328239838864,10,False,13
661,8,313,286326,90016,90016,18708965905568,12,14,4,5,3,5,5,286326,3099722,90016,7.561930573715804e-05,9,24,5.724392892691871,0.003631831997330386,9,False,12
662,8,68,2705224,0,0,18709231047812,12,14,4,5,3,5,4,2705224,32451840,0,8.868762376237854e-06,12,24,6.662874274690109,0.001991832787689181,10,False,13
663,8,66,2719608,0,0,18709231048064,12,14,4,5,3,5,4,2719608,32599500,0,8.815124986057436e-06,15,24,6.710457069348623,0.0021261377056344868,10,False,13
664,8,196,5455872,0,0,18709231048256,12,14,4,5,3,5,4,5455872,65470464,0,4.398930986454775e-06,24,24,7.160201199955058,0.000621333477563944,10,False,13
665,8,292,2704072,0,0,18765802967588,12,14,4,5,3,5,4,2704072,32438016,0,8.87253942111847e-06,12,24,6.666926550005529,0.0017625081842153893,10,False,13
666,8,6,5451264,0,0,18765803034884,12,14,4,5,3,5,4,5451264,65415168,0,4.402649441056137e-06,24,24,7.1611793857680315,0.000683721059939094,10,False,13
667,8,493,285714,89376,89376,18765862670432,12,14,4,4,3,4,4,285714,3092960,89376,7.577793677831128e-05,9,24,5.743198744894353,0.0037147859527736555,9,False,12
668,8,199,2729664,7632,7632,18765937187072,12,14,4,5,3,5,4,2729664,32752152,7632,8.791269856933861e-06,23,24,6.685885966143073,0.0014255292888086678,9,False,13
669,8,116,5453568,0,0,18765937190144,12,14,4,5,3,5,4,5453568,65442816,0,4.400789428276942e-06,24,24,7.161656372608974,0.0006757418688144533,10,False,14
670,8,127,5453568,0,0,18765941315840,12,14,4,5,3,5,4,5453568,65442816,0,4.400789428276942e-06,24,24,7.161648465307202,0.0006392344489854069,10,False,13
671,8,184,1354056,3600,3600,18765941318912,12,14,4,5,3,5,4,1354056,16241400,3600,1.7716606000193454e-05,12,24,6.217900498133384,0.002068345523066995,9,False,14
672,8,94,2729664,7632,7632,18766944081152,12,14,4,5,3,5,4,2729664,32752152,7632,8.791269856933861e-06,23,24,6.682895131377023,0.0013887657167107321,9,False,13
673,8,35,5453568,0,0,18766945850624,12,14,4,5,3,5,4,5453568,65442816,0,4.400789428276942e-06,24,24,7.161172174468564,0.0006606639267935049,10,False,13
674,8,387,685160,3600,3600,18766947686720,12,14,4,5,3,5,4,685160,8167320,3600,3.479574984606215e-05,9,24,5.865787085917283,0.0027266555879710387,9,False,13
675,8,244,5453568,0,0,18766947951872,12,14,4,5,3,5,4,5453568,65442816,0,4.400789428276942e-06,24,24,7.16103037589893,0.000613150451969846,10,False,14
676,8,149,2730816,7632,7632,18766948735040,12,14,4,5,3,5,4,2730816,32765976,7632,8.787561673333394e-06,23,24,6.684445021724285,0.0014361245878607987,9,False,13
677,8,319,227223,0,0,18778759370240,12,14,4,5,3,5,4,227223,2717928,0,0.00010528470285696218,3,24,5.1891433884042915,0.002146567614518363,8,False,13
678,8,129,1370688,0,0,18778759374080,12,14,4,5,3,5,4,1370688,16436736,0,1.749720463030471e-05,12,24,6.181948395220791,0.001910789599936129,9,False,14
679,8,213,457496,52,52,18778960303616,12,14,4,5,3,5,4,457496,5459905,52,5.2172473679677155e-05,9,24,5.64420843725068,0.0032979347845550275,9,False,14
680,8,224,5476608,0,0,18778960307456,12,14,4,5,3,5,4,5476608,65719296,0,4.3822753759764025e-06,24,24,7.157669202299892,0.0005157346605773978,10,False,13
681,8,296,692996,0,0,18779833636928,12,14,4,4,3,4,4,692996,8276364,0,3.446741788654638e-05,6,24,5.875329752739919,0.0030840143959476912,9,False,13
682,8,581,3200,1626,1626,366706169856,12,15,4,4,2,4,5,3200,35692,1626,0.0069732728977805565,11,24,3.356188848077524,0.0,6,True,12
683,8,230,899520,72,72,18766876791816,12,15,4,5,3,5,4,899520,10782576,72,2.6652095362769732e-05,12,24,5.96357315187339,0.002315694947025251,9,False,13
684,8,113,1375216,0,0,18779230705680,12,15,4,5,3,5,4,1375216,16460196,0,1.7406982018592257e-05,9,24,6.269194416872998,0.0024666440509697692,10,False,13
685,8,291,703319,0,0,1461652296961,13,13,4,4,3,4,4,703319,8334576,0,3.369841112238477e-05,6,24,5.9292228693137385,0.0034875841831663113,10,False,13
686,8,525,88110,0,0,18709235111248,13,13,4,5,3,5,5,88110,1031724,0,0.0002657957640939012,3,24,4.805806512388065,0.004154919649641678,9,False,13
687,8,393,345730,0,0,18709235176768,13,13,4,5,3,5,4,345730,4122816,0,6.898442874543496e-05,3,24,5.467992294542835,0.0031349685121943843,9,False,13
688,8,3,2751696,0,0,18766138512640,13,13,4,5,3,5,4,2751696,32825952,0,8.67054863351481e-06,18,24,6.78092412930939,0.0024311770151222408,10,False,13
689,8,287,2746800,0,0,18778960254208,13,13,4,5,3,5,4,2746800,32924664,0,8.727652136139248e-06,15,24,6.7030211296858635,0.0020512349041445907,10,False,13
690,8,88,703319,0,0,1461652296962,13,14,4,4,3,4,4,703319,8334576,0,3.369841112238477e-05,6,24,5.932147674309486,0.0036704237454880085,9,False,13
691,8,232,343555,0,0,18709235111264,13,14,4,5,3,5,4,343555,4096894,0,6.942141159301774e-05,3,24,5.4705179069374825,0.002994523103674879,9,False,13
692,8,247,350340,0,0,18709235176832,13,14,4,5,3,5,4,350340,4142880,0,6.750782843770998e-05,6,24,5.525300817208476,0.004004708625595332,10,False,13
693,8,70,1379588,0,0,18709235177024,13,14,4,5,3,5,5,1379588,16512282,0,1.735156259270075e-05,9,24,6.265166713661408,0.002582032511722773,10,False,13
694,8,119,1379588,0,0,18709235177792,13,14,4,5,3,5,4,1379588,16512282,0,1.735156259270075e-05,9,24,6.262386657746122,0.002524238255432414,10,False,13
695,8,83,343555,0,0,18709235439104,13,14,4,5,3,5,4,343555,4096894,0,6.942141159301774e-05,3,24,5.4716870069916235,0.0033198105754499254,10,False,14
696,8,22,350340,0,0,18709302285632,13,14,4,5,3,5,4,350340,4142880,0,6.750782843770998e-05,6,24,5.528102121088432,0.003957280319012185,9,False,13
697,8,150,2759040,0,0,18765870077312,13,14,4,5,3,5,4,2759040,32914944,0,8.647832714371158e-06,18,24,6.7853562523037905,0.002771133862156047,10,False,13
698,8,103,1382832,0,0,18765870339392,13,14,4,5,3,5,4,1382832,16461288,0,1.7216912846241375e-05,12,24,6.350652258301991,0.0031938186151842184,10,False,13
699,8,157,1379472,0,0,18765873961280,13,14,4,5,3,5,4,1379472,16422036,0,1.7259631964891613e-05,12,24,6.349937225936609,0.003195779285055701,10,False,13
700,8,101,2729664,7632,7632,18766943819072,13,14,4,5,3,5,4,2729664,32752152,7632,8.791269856933861e-06,23,24,6.683668363457321,0.0013883523724600262,10,False,13
701,8,142,2742656,0,0,18777954588164,13,14,4,5,3,5,4,2742656,32901120,0,8.747786150654931e-06,12,24,6.653341442142741,0.0017802664767771256,10,False,13
702,8,38,5506560,0,0,18777954604544,13,14,4,5,3,5,4,5506560,66078720,0,4.358438727343156e-06,24,24,7.1545730535167245,0.00039414322483316734,10,False,14
703,8,29,2759040,0,0,18778020730112,13,14,4,5,3,5,4,2759040,32914944,0,8.647832714371158e-06,18,24,6.7847344521045185,0.0026920365554998576,10,False,13
704,8,60,2746800,0,0,18778691999252,13,14,4,5,3,5,4,2746800,32924664,0,8.727652136139248e-06,15,24,6.7022674283775405,0.0019540748564580886,10,False,13
705,8,126,2742656,0,0,18778961224976,13,14,4,5,3,5,4,2742656,32901120,0,8.747786150654931e-06,12,24,6.654987416572628,0.0018315043230383134,10,False,14
706,8,222,1372256,0,0,18778961290496,13,14,4,5,3,5,4,1372256,16450560,0,1.7471923599845922e-05,6,24,6.204959073933052,0.0020043986898067496,9,False,13
707,8,452,51728,18,18,74446870848,13,15,4,4,3,4,5,51728,606023,18,0.0004529769715666413,9,24,4.58991544067895,0.004000480016326879,8,False,13
708,8,427,51260,480,480,75251328336,13,15,4,4,3,4,4,51260,599924,480,0.0004566437318998222,9,24,4.611005696560603,0.004297629322457286,7,False,13
709,8,471,62466,19280,19280,349509522513,13,15,4,4,3,4,5,62466,678455,19280,0.00034775277312212204,6,24,4.796021996317938,0.002905241256966906,8,False,12
710,8,330,189112,58872,58872,349509588033,13,15,4,4,3,4,5,189112,2063000,58872,0.00011537012013284699,10,24,5.383999677438118,0.0026441428250358347,9,False,12
711,8,311,189112,58872,58872,418030818369,13,15,4,4,3,4,5,189112,2063000,58872,0.00011537012013284699,10,24,5.390364627123752,0.002956111163535214,9,False,12
712,8,280,354842,0,0,1461652559361,13,15,4,4,3,4,4,354842,4173200,0,6.628730789068621e-05,6,24,5.634321879376961,0.004614146895744641,9,False,13
713,8,474,41149,34,34,1461656495361,13,15,4,4,3,4,4,41149,471498,34,0.0005569315662480066,3,24,4.5140324438611845,0.004655042336941667,8,False,13
714,8,512,60333,4,4,1461656495364,13,15,4,4,3,4,5,60333,700670,4,0.0003849824000345564,3,24,4.653307614532918,0.004264038542683075,8,False,13
715,8,561,41149,34,34,1461656495376,13,15,4,4,3,4,4,41149,471498,34,0.0005569315662480066,3,24,4.514050695052006,0.0043863054430771965,8,False,13
716,8,450,50640,15888,15888,18027140880384,13,15,4,4,3,4,4,50640,586512,15888,0.0004574336191997083,17,24,4.687878157151603,0.003778180108614029,8,False,12
717,8,0,2736840,0,0,18709231310340,13,15,4,5,3,5,5,2736840,32806740,0,8.759804502756253e-06,15,24,6.701893016724769,0.0019237880352880265,10,False,13
718,8,245,1375264,0,0,18709235177856,13,15,4,5,3,5,4,1375264,16460440,0,1.740602496561939e-05,9,24,6.267713365370842,0.002659801090183095,10,False,13
719,8,36,703196,0,0,18709235178048,13,15,4,5,3,5,4,703196,8327232,0,3.3680497225703044e-05,6,24,5.937960289820036,0.003716038183890484,9,False,13
720,8,430,353076,0,0,18709236226368,13,15,4,5,3,5,4,353076,4163336,0,6.679382153942092e-05,6,24,5.568616384620831,0.00406639377686064,9,False,13
721,8,401,353076,0,0,18709236422928,13,15,4,5,3,5,5,353076,4163336,0,6.679382153942092e-05,6,24,5.564678821780075,0.0038606303793131775,9,False,13
722,8,20,5500800,0,0,18777954588168,13,15,4,5,3,5,4,5500800,66009600,0,4.363002538358519e-06,24,24,7.154565348052164,0.0004307798168312583,10,False,13
723,8,136,913312,96,96,18777954620928,13,15,4,5,3,5,4,913312,10948440,96,2.6250911395062634e-05,12,24,5.956408130417787,0.0022529890035140067,9,False,13
724,8,17,2753112,0,0,18777955637568,13,15,4,5,3,5,4,2753112,33000636,0,8.70772498804641e-06,15,24,6.70488569403849,0.001913769839615315,10,False,13
725,8,154,913312,96,96,18778021697028,13,15,4,5,3,5,4,913312,10948440,96,2.6250911395062634e-05,12,24,5.959971872669879,0.002296250121271869,9,False,13
726,8,171,2753112,0,0,18778691754576,13,15,4,5,3,5,4,2753112,33000636,0,8.70772498804641e-06,15,24,6.702832710341138,0.0019170991276074877,10,False,13
727,8,78,2752472,0,0,18778692281616,13,15,4,5,3,5,4,2752472,33018624,0,8.716523487452452e-06,12,24,6.6507085233595555,0.0018649889847055965,10,False,13
728,8,294,918480,8,8,18778692330756,13,15,4,5,3,5,4,918480,11017564,8,2.6120208698543474e-05,11,24,5.939452931422493,0.001973480947294139,9,False,13
729,8,48,909824,96,96,18778696197396,13,15,4,5,3,5,4,909824,10906968,96,2.635237332683812e-05,12,24,5.956179543713448,0.0020036524486738297,9,False,13
730,8,98,909824,96,96,18778759370304,13,15,4,5,3,5,4,909824,10906968,96,2.635237332683812e-05,12,24,5.957598797788141,0.0020345567837828037,9,False,13
731,8,24,1371656,0,0,18778759374081,13,15,4,5,3,5,4,1371656,16443648,0,1.747986477865506e-05,6,24,6.205812618333327,0.002195633513749327,10,False,13
732,8,167,2750184,0,0,18778961356032,13,15,4,5,3,5,5,2750184,32990976,0,8.72372195568543e-06,12,24,6.658797994897066,0.0018035322163302318,10,False,13
733,8,59,689434,0,0,18779833636929,13,15,4,5,3,5,5,689434,8270136,0,3.4798288364542004e-05,6,24,5.741642742659548,0.0016490181355945516,9,False,13
734,8,23,2754264,0,0,18779833702464,13,15,4,5,3,5,4,2754264,33014460,0,8.70408693836853e-06,15,24,6.700988983985916,0.0018268918748579534,10,False,13
735,8,27,1372256,0,0,18779833899264,13,15,4,5,3,5,4,1372256,16450560,0,1.7471923599845922e-05,6,24,6.2058933616565435,0.0022067916440771706,9,False,13
736,8,529,51728,18,18,75586676032,13,16,4,4,3,4,5,51728,606023,18,0.0004529769715666413,9,24,4.590753011000057,0.003915128029156789,7,False,13
737,8,342,231336,1332,1332,366706169872,13,16,4,4,3,4,5,231336,2742380,1332,0.0001024880103419827,17,24,5.290464668121987,0.0034681019493413264,9,False,13
738,8,15,2751384,0,0,18778826482945,13,16,4,5,3,5,5,2751384,33004800,0,8.719766271502558e-06,12,24,6.6559343522875585,0.0018709748455691736,10,False,13
739,8,58,2754264,0,0,18778827531520,13,16,4,5,3,5,5,2754264,33014460,0,8.70408693836853e-06,15,24,6.699624118321307,0.0019315488855149996,10,False,13
740,8,236,705022,0,0,19053838341377,14,14,4,5,3,5,4,705022,8349264,0,3.359490881709846e-05,6,24,5.938329324942094,0.0038981608366799665,10,False,13
741,8,4,2750184,0,0,19053838341380,14,14,4,5,3,5,4,2750184,32990976,0,8.72372195568543e-06,12,24,6.657829674243496,0.0018352187540616974,10,False,13
742,8,283,459828,288,288,1461652296966,14,15,4,4,3,4,5,459828,5511600,288,5.2133610835311156e-05,6,24,5.595608618023735,0.002540954090637601,9,False,13
743,8,468,23520,7452,7452,18765875258688,14,15,4,5,3,5,5,23520,269218,7452,0.0009733699168684864,11,24,4.228487308133849,0.003991305348205576,7,False,12
744,8,194,2749032,0,0,18777954608400,14,15,4,5,3,5,5,2749032,32977152,0,8.727376445126584e-06,12,24,6.6496511290705715,0.0016890100256371464,10,False,13
745,8,358,704771,0,0,18777954670080,14,15,4,5,3,5,4,704771,8351856,0,3.362927920195004e-05,6,24,5.931976054599372,0.0038598866745065356,10,False,13
746,8,180,2750184,0,0,18777954670848,14,15,4,5,3,5,4,2750184,32990976,0,8.72372195568543e-06,12,24,6.659592378398092,0.001881837138191773,10,False,13
747,8,106,461236,52,52,18778826036544,14,15,4,5,3,5,4,461236,5504831,52,5.175216628101738e-05,9,24,5.633034262360836,0.0031791272509472997,9,False,14
748,8,429,461236,52,52,18778826282244,14,15,4,5,3,5,4,461236,5504831,52,5.175216628101738e-05,9,24,5.637607679382528,0.0031835856975508375,9,False,13
749,8,318,1369456,0,0,18778961224980,14,15,4,5,3,5,5,1369456,16422912,0,1.7513958339457094e-05,12,24,6.185136582801188,0.0018033596869865488,9,False,13
750,8,307,118151,4,4,1461656495377,14,16,4,4,3,4,5,118151,1391840,4,0.0001994105730119422,6,24,4.92969972915785,0.003449384647639058,8,False,13
751,8,370,346069,0,0,1461719668228,14,16,4,4,3,4,5,346069,4132900,0,6.901774280066586e-05,6,24,5.455992235629992,0.002714175347948152,9,False,13
752,8,570,50220,2130,2130,18027140880385,14,16,4,4,3,4,5,50220,600183,2130,0.00047595831334025783,9,24,4.502057050120472,0.0026950497667319172,7,False,13
753,8,309,705022,0,0,18777954604576,14,16,4,5,3,5,5,705022,8349264,0,3.359490881709846e-05,6,24,5.9371974919896005,0.00379327500997963,10,False,13
754,8,312,354438,0,0,18777955657024,14,16,4,5,3,5,5,354438,4185392,0,6.663260713762264e-05,9,24,5.522896926675263,0.003485723688827885,9,False,13
755,8,402,459528,1344,1344,18779095439425,14,16,4,5,3,5,5,459528,5508126,1344,5.2168800238497204e-05,12,24,5.537743327377934,0.001728129085757015,8,False,13
756,8,378,230073,96,96,18779833899265,14,16,4,5,3,5,5,230073,2752460,96,0.00010399718614806714,3,24,5.185422650300776,0.0021067952557915176,8,False,13
757,8,501,61731,0,0,19053838341634,14,16,4,5,3,5,5,61731,709608,0,0.0003724336466566638,3,24,4.711495204924671,0.005612140732083636,9,False,13
758,8,521,22714,488,488,19054107567169,14,16,4,5,3,5,5,22714,263706,488,0.0010223082947195883,6,24,4.117804473209175,0.0031637426682389357,7,False,13
759,8,156,1376640,4032,4032,19057060354081,14,16,4,5,3,5,5,1376640,16517664,4032,1.7431636855927453e-05,23,24,6.190669950509902,0.0014615548721358688,9,False,13
760,8,338,352834,0,0,19057061404993,14,16,4,5,3,5,5,352834,4177872,0,6.711900353163194e-05,6,24,5.4749257892544065,0.0030954200690745982,9,False,13
761,8,188,230073,96,96,18778826495504,14,17,4,5,3,5,5,230073,2752460,96,0.00010399718614806714,3,24,5.184028208560798,0.002242314284018228,9,False,13
762,8,515,28788,340,340,89628537591841,15,19,4,5,3,5,5,28788,343606,340,0.0008292449447796465,6,24,4.13779806857262,0.0017808944021522495,6,False,13
