365358810448
730699729504
369655155088
644533062032
438374631824
713252538768
386835024272
661712931216
455554501008
730432407952
369923590544
644801497488
438642804064
713520711008
365359139232
640237046176
434078615968
708956522912
382539008416
657416915360
451258485152
726136392096
369654106528
644532013472
657685088656
451526658448
726404565392
455838337424
730716244368
451544745552
726422652496
369653777744
644531684688
365376701792
640254608736
434096178528
708974085472
382556570976
657434477920
451276047712
726153954656
369671669088
455839450464
644548790608
709241735504
713268267344
369939319120
644817226064
438658795856
713536702800
434095393104
708973300048
382555785552
365375654560
640253561504
434095131296
708973038240
382555523744
657433430688
451275000480
382555523664
657433430608
708973038160
365360186960
640238093904
434079663696
708957570640
382540056144
657417963088
438641690976
713519597920
451259532880
726137439824
369654105680
644532012624
365360187040
640238093984
434079663776
708957570720
382540056224
657417963168
451259532960
726137439904
365644024224
640521931168
434363500960
365628556704
640506463648
434348033440
709225940384
382808425888
657686332832
451527902624
726405809568
369923524000
644801430944
369922280096
644800187040
438641756832
713519663776
365645400736
640523307680
434364877472
709242784416
382825269920
657703176864
451544746656
726422653600
382555785568
365644088720
640521995664
434363565456
709241472400
382823957904
657701864848
451543434640
726421341584
365375653264
640253560208
451276244576
726154151520
369671865952
644549772896
438391342688
713269249632
386851735136
661729642080
455571211872
730449118816
387119909536
661997816480
455839386272
730717293216
365628295568
640506202512
382808164752
657686071696
438642739600
434347772304
709225679248
713520646544
438374304144
713252211088
365628294496
640506201440
434347771232
709225678176
438643067488
434079337040
708957243984
713520974432
713536374432
369938990480
644816897424
438658467216
713536374160
387118859664
661996766608
455838336400
730716243344
365644023184
640521930128
438374631776
713252538720
386835024224
661712931168
455554500960
730432407904
434347837088
709225744032
726422652560
369940366992
644818273936
438659843728
713537750672
387120236176
661998143120
455839712912
730717619856
365645399696
365375916384
640253823328
434095393120
387119122080
661997029024
455838598816
730716505760
369939056032
644816962976
438658532768
713536439712
369923262880
644801169824
438642739616
713520646560
365645138528
640523045472
434364615264
709242522208
365375653280
640253560224
434095130016
708973036960
382555522464
657433429408
451274999200
726152906144
369670620576
644548527520
455839713952
640253561168
434095130960
726152907088
640238093648
434079663440
708957570384
382540055888
657417962832
451259532624
438390098256
455553190496
730431097440
438391147152
713269054096
386851539600
661729446544
455571016336
369940105872
644818012816
438659582608
713537489552
387119975056
726137177760
708974019920
455553452688
730431359632
365359860128
640237767072
434079336864
708957243808
382539729312
657417636256
451259206048
726137112992
369654827424
644532734368
709225941600
365645400480
640523307424
434364877216
709242784160
382825269664
657703176608
451544746400
726422653344
369940367776
644818274720
438373517968
713251424912
386851734880
661729641824
369671865696
644549772640
713269249376
438391342432
455571211616
730449118560
365628360288
640506267232
434347837024
709225743968
382808230240
657686137184
451527706976
726405613920
438391409232
713269316176
386851801680
661729708624
455571278416
438373583440
713251490384
386833975888
661711882832
455553452624
644800449104
438642018896
713519925840
387102411344
661980318288
455821888080
730699795024
451275197088
726153104032
369670818464
644548725408
438390295200
713268202144
386850687648
661728594592
455570164384
730448071328
365359139424
640237046368
434078616160
708956523104
382539008608
657416915552
451258485344
726136392288
369654106720
644532013664
644800447904
730716506784
713252211360
365645399440
640523306384
434364876176
709242783120
382825268624
657703175568
451544745360
726422652304
708957505168
365360121488
640238028432
365644286560
438658468512
382825269584
657703176528
451544746320
726422653264
369671932240
644549839184
438391408976
713269315920
386851801424
661729708368
365376703136
640254610080
434096179872
708974086816
382556572320
657434479264
451276049056
730699794016
438390294160
713268201104
386850686608
661728593552
455570163344
730448070288
661712669344
455554239136
730432146080
369671932560
644549839504
438391409296
713269316240
386851801744
455570229904
730448136848
434347051664
709224958608
369940368016
644549576016
438391145808
713269052752
386851538256
661729445200
455571014992
730448921936
387119973712
661997880656
455839450448
387119973728
661997880672
451543434592
726421341536
365644285280
640522192224
434363762016
709241668960
382824154464
657702061408
386851538320
661729445264
438391145872
713269052816
455571015056
730448922000
365645137296
640523044240
434364614032
709242520976
438374368672
713252275616
365359139488
369939252816
644817159760
438658729552
713536636496
382824154704
657702061648
451543631440
726421538384
369923523984
644801430928
438643000720
713520907664
387103393168
661981300112
455822869904
730700776848
387102410128
661980317072
640237046160
713251490192
386833975696
661711882640
455553452432
730431359376
365358810528
730448922976
640236717472
434078287264
708956194208
382538679712
657416586656
451258156448
726136063392
369653777824
369923327328
644801234272
387103196512
661981103456
455822673248
730700580192
365628360032
640506266976
434347836768
709225743712
726137375056
438390294944
713268201888
386850687392
661728594336
455570164128
730448071072
640505219744
434346789536
709224696480
382807181984
365644286624
640522193568
434363763360
709241670304
434078549584
708956456528
369938990672
644816897616
438658467408
713536374352
438390031952
713267938896
386850424400
661728331344
365376964960
640254871904
434096441696
708974348640
382556834144
657434741088
451276310880
726154217824
369671932256
644549839200
365358810720
455553123936
730431030880
382823958944
657701865888
451543435680
726421342624
365644088976
640521995920
438374631056
713252538000
386835023504
661712930448
455554500240
730432407184
365628622480
640506529424
365358810784
640236717728
434078287520
708956194464
382538679968
657416586912
451258156704
726136063648
369653778080
644531685024
438642738784
713520645728
365644286304
640522193248
434363763040
709241669984
382824155488
657702062432
451543632224
726421539168
365376701856
640254608800
434096178592
708974085536
382556571040
657434477984
451276047776
726153954720
369671669152
644549576096
382824221072
657702128016
369670883728
644548790672
438390360464
713268267408
386850752912
661728659856
455570229648
730448136592
708973233552
382555719056
657433626000
451275195792
726153102736
455570163088
730448070032
455821624976
730699531920
365627311760
640505218704
434346788496
661728332192
455569901984
730447808928
726404762016
386850425440
438658729296
713536636240
387119121744
661997028688
455838598480
730716505424
365644285264
640522192208
434363762000
709241668944
455571212640
730449119584
365644023456
386833712720
661711619664
455553189456
730431096400
640521930400
434363500192
709241407136
382823892640
657701799584
365627312544
640505219488
434346789280
709224696224
382807181728
657685088672
451526658464
726404565408
369922279840
644800186784
438373254496
713251161440
386833646944
661711553888
455553123680
365375916448
640253823392
434095393184
708973300128
382555785632
657433692576
451275262368
726153169312
369670883744
644548790688
387103197792
661981104736
455822674528
730700581472
438390098528
713268005472
386850490976
369655154272
644533061216
382555720080
657433627024
451275196816
726153103760
438374631008
713252537952
386835023456
661712930400
661998144096
730432079184
369923525264
644801432208
369671866704
644549773648
726153169232
365359139152
640237046096
434078615888
708956522832
382539008336
657416915280
451258485072
451527641440
726405548384
661980055904
644532996448
455839648096
730717555040
713268005216
434363566432
709241473376
382807116128
369938990752
644816897696
365627311504
640505218448
434346788240
369922278800
644800185744
438641755536
713519662480
387102147984
661980054928
455821624720
365358877072
640236784016
434078353808
365628557712
640506464656
713251228048
386833713552
661711620496
455553190288
730431097232
387102410336
365358811552
640236718496
434078288288
708956195232
382538680736
657416587680
451258157472
726136064416
369653778848
644531685792
369670620752
644548527696
438390097488
713268004432
386850489936
661728396880
455569966672
730447873616
661712603728
455554173520
730432080464
365359860304
640237767248
438659778144
713537685088
713252210256
365644023200
640521930144
434363499936
709241406880
382823892384
657701799328
451543369120
726421276064
369938990496
644816897440
365645399712
640523306656
434364876448
709242783392
382825268896
657703175840
451544745632
726422652576
369940367008
644818273952
386834762320
661712669264
455554239056
730432146000
451275000400
726152907344
365375654480
640253561424
434095131216
451527903824
365358811744
640236718688
434078288480
708956195424
382538680928
657416587872
451258157664
726136064608
369653779040
644531685984
661979989408
455821559200
730699466144
382823958112
657701865056
451543434848
726421341792
382808164960
657686071904
451527641696
726405548640
365359139472
640237046416
434078616208
708956523152
382539008656
657416915600
451258485392
726136392336
365375654544
640253561488
365358811808
640236718752
434078288544
708956195488
382538680992
657416587936
451258157728
726136064672
369653779104
644531686048
455822869856
455838337376
730700776800
730716244320
730447874400
726152907104
455569967456
455554499936
730432406880
369655154016
644533060960
438374630752
713252537696
451259532640
726137439584
438391409040
713269315984
386851801488
661729708432
455571278224
369940367760
644818274704
438659844496
713537751440
387120236944
644817947280
387119909520
661997816464
438659517072
713537424016
455839386256
369940040336
726404761184
644532013728
438373583520
713251490464
386833975968
661711882912
455553452704
730431359648
387103458976
382539728528
657417635472
451259205264
726137112208
661981365920
455822935712
730700842656
387118926496
661996833440
438643067552
713268987296
382825268560
657703175504
451544745296
726422652240
382807444064
657685351008
451526920800
726404827744
369922542176
644800449120
438642018912
713519925856
387102411360
661980318304
382555522384
657433429328
451274999120
726152906064
369654827344
644532734288
369670620496
644548527440
438374304080
713252211024
386834696528
661712603472
455554173264
387102345888
661980252832
365359138448
640237045392
434078615184
708956522128
382539007632
657416914576
455821822624
730699729568
438641756576
713519663520
365645399456
640523306400
434364876192
713519924640
709242783136
382825268640
657703175584
451544745376
726422652320
369940366752
365376965024
640254871968
434096441760
708974348704
382556834208
657434741152
451276310944
726154217888
369671932320
644549839264
365627573840
640505480784
434347050576
709224957520
382807443024
657685349968
451526919760
726404826704
387119909280
661997816224
455839386016
730717292960
438390294176
713268201120
386850686624
661728593568
455570163360
730448070304
438643067232
713520974176
386851473056
661729380000
455570949792
730448856736
369670817360
644548724304
438390294096
713268201040
657433626192
451275195984
726153102928
386850686544
661728593488
455570163280
382823893664
657701800608
451543370400
726421277344
661711817296
661997816208
438659516816
713537423760
455839386000
730717292944
365645072784
640522979728
434364549520
382824941968
657702848912
365644285536
640522192480
387103196752
661981103696
455822673488
730700580432
387119121824
661997028768
455838598560
730716505504
640523045216
434364615008
709242521952
365627574624
640505481568
434347051360
709224958304
382807443808
657685350752
451526920544
726404827488
369922541920
644800448864
730716310176
369654105488
644532012432
438373582224
713251489168
386833974672
661711881616
455553451408
365375850080
640253757024
434095326816
708973233760
382555719264
657433626208
451275196000
726153102944
369670817376
644548724320
434363827552
709241734496
438642017616
713519924560
387102410064
661980317008
455821886800
730699793744
434347050320
709224957264
382807442768
657685349712
438390293920
713268200864
386850686368
661728593312
455570163104
730448070048
365627311776
640505218720
434346788512
709224695456
382807180960
657685087904
640506530464
434348100256
709226007200
455569902176
369939252576
644817159520
438658729312
713536636256
661997028704
387119121760
438658795936
713536702880
455838402192
730716309136
387103132304
661981039248
365376899728
640254806672
434096376464
708974283408
382556768912
455571212944
730449119888
369671867024
644549773968
438391343760
369922279008
644800185952
438641755744
713519662688
365358811728
640236718672
434078288464
708956195408
382538680912
657416587856
451258157648
726136064592
369922214480
644800121424
709242718800
451544681040
726422587984
369940302416
644818209360
438659779152
713537686096
387120171600
661998078544
455839648336
387119908448
661997815392
455839385184
451259533920
726137440864
730717620832
438659778128
713537685072
387120170576
661998077520
455839647312
730717554256
365645334096
640523241040
434364810832
709242717776
438391342496
713269249440
365627311520
640505218464
434346788256
709224695200
382807180704
657685087648
451526657440
726404564384
369922278816
644800185760
386850752864
661728659808
455570229600
730448136544
438390097504
713268004448
386850489952
661728396896
455569966688
730447873632
365359860320
640237767264
434079337056
708957244000
382539729504
657417636448
451259206240
713520645472
369654827600
644532734544
369923327648
644801234592
438642804384
382807116384
657685023328
451526593120
726404500064
369922214496
644800121440
438641691232
713519598176
387102083680
661979990624
451276245392
369671866768
730700581520
365628361360
640506268304
434347838096
382808230544
657686137488
709225745040
451527707280
726405614224
369923328656
713519860048
434079336016
708957242960
382539728464
657417635408
451259205200
455554172496
730432079440
369654826576
644532733520
438374303312
365376898656
640254805600
434096375392
708974282336
382556767840
657434674784
369940105824
644818012768
438659582560
713537489504
657416586576
451258156368
726136063312
730699466064
382538679632
434078287184
438641689936
713519596880
369922213200
644800120144
709242718544
382825204048
657703110992
451544680784
726422587728
369940302160
644818209104
438659778896
713537685840
365645334864
365645073056
640522980000
434364549792
709242456736
382824942240
657702849184
451544418976
726422325920
369940040352
644817947296
365375850128
640253757072
434095326864
708973233808
382555719312
657433626256
451275196048
726153102992
369670817424
644548724368
455838402912
369939318368
644817225312
438658795104
713536702048
369923525216
644801432160
438643001952
713520908896
387103197536
661981104480
455822674272
730700581216
365375653216
640253560160
434095129952
713252211040
455554173280
730432080224
708973036896
386834696544
386850489696
661728396640
661712603488
708957243744
451259205984
386834761312
661712668256
455554238048
730432144992
438659516048
713537422992
387119908496
661997815440
455839385232
730717292176
365645072016
640522978960
434364548752
709242455696
726404565600
726421341776
644816963152
365375653456
640253560400
434095130192
708973037136
382555522640
657433429584
451274999376
726152906320
369653777760
644531684704
730431030624
365627245920
640505152864
434346722656
709224629600
382807115104
657685022048
451526591840
438658467232
713536374176
369670556304
644548463248
438390033040
455821886816
730699793760
365627509392
640505416336
661981104528
455822674320
730700581264
369923263056
644801170000
438374304336
713252211280
386834696784
387103132240
661981039184
438642739792
365627573856
386834695504
661712602448
438374303056
365359859024
640237765968
434079335760
708957242704
382539728208
657417635152
455554172240
365375850144
640253757088
434095326880
708973233824
382555719328
657433626272
451275196064
726153103008
369670817440
644548724384
365376703056
640254610000
434096179792
708974086736
382556572240
657434479184
451276048976
726153955920
369671670352
644549577296
369940301152
644818208096
438659777888
713537684832
451258157712
726136064656
369653779088
644531686032
438373255824
713251162768
386833648272
661711555216
455553125008
730431031952
730431294032
709242456464
434363762272
709241669216
365645072800
640522979744
434364549536
709242456480
382824941984
657702848928
451544418720
726422325664
369940040096
438659843744
713537750688
382823957856
657701864800
382808164704
657686071648
661711554960
455553124752
730431031696
438641691216
713519598160
387102083664
661979990608
455821560400
730699467344
365627247184
640505154128
434346723920
709224630864
365375653472
640253560416
434095130208
708973037152
382555522656
657433429600
451274999392
726152906336
369670620768
644548527712
451527707296
726405614240
661728658768
455570228560
730448135504
661712865616
455569900896
730447807840
386850424160
438659515792
713537422736
387119908240
661997815184
455839384976
730717291920
661728331104
369939253920
644817160864
438658730656
387103458720
657417635216
451259205008
726137111952
661981365664
455822935456
730700842400
387118926240
661996833184
455838402976
386834696864
661712603808
455554173600
730432080544
713519662752
369654826320
644532733264
713520645456
387103130960
661981037904
455822607696
730700514640
369923261776
644801168720
387102410080
661980317024
438642017632
365358811792
640236718736
434078288528
708956195472
382538680976
657416587920
438641691280
713519598224
387102083728
661979990672
713537685152
387120236896
661998143840
455839713632
730717620576
726153955664
369671670096
644549577040
438391146832
713269053776
386851539280
661729446224
455571016016
730448922960
708956195216
382538680720
657416587664
451258157456
726136064400
369653778832
644531685776
438373255568
713251162512
386833648016
387102345632
661980252576
365645334160
640523241104
434364810896
709242717840
382825203344
657703110288
451544680080
726422587024
365376898704
640254805648
455554501264
730432408208
438374632080
713252539024
386835024528
661712931472
438641690256
713519597200
726404499792
369922214224
644800121168
438641690960
713519597904
387102083408
661979990352
455821560144
730699467088
726153102672
365628623440
640506530384
434348100176
709226007120
369923590736
644801497680
438643067472
713520974416
387103459920
661981366864
451543697808
726421604752
386851472800
661729379744
455570949536
730448856480
369671867040
644549773984
438391343776
713269250720
386851736224
661729643168
455571212960
730449119904
382823893408
657701800352
451543370144
726421277088
382539991696
657417898640
365645137488
640523044432
434364614224
709242521168
382825006672
657702913616
451544483408
726422390352
438659581520
713537488464
726421603664
387103130976
661981037920
730432079200
455822607712
730700514656
382539728224
657417635168
369654826336
644532733280
438374303072
713251424592
386833910096
661711817040
455553386832
730431293776
365359073616
640236980560
434078550352
708956457296
382538942800
382807116448
657685023392
451526593184
726404500128
369922214560
644800121504
438641691296
365645335136
640523242080
434364811872
709242718816
382825204320
657703111264
451544681056
726422588000
369940302432
644818209376
661728594320
455570164112
382807180880
657685087824
451526657616
726404564560
365376898720
640254805664
434096375456
708974282400
382556767904
657434674848
451276244640
726154151584
369671866016
644549772960
434096375440
708974282384
382556767888
657434674832
451276244624
726154151568
369671866000
644549772944
438391342736
713269249680
387102082448
661979989392
455821559184
730699466128
369653777808
644531684752
438373254544
713251161488
386833646992
661711553936
382825203280
657703110224
451544680016
726422586960
438659779232
386850425504
365360187792
640238094736
434079664528
708957571472
382540056976
657417963920
451259533712
382556767632
657434674576
451276244368
387102149264
661980056208
365376702048
640254608992
434096178784
708974085728
382556571232
657434478176
451276047968
726153954912
369671669344
644549576288
365375916624
640253823568
434095393360
708973300304
382555785808
657433692752
451275262544
726153169488
369670883920
644548790864
365359073632
640236980576
434078550368
708956457312
451526855008
726404761952
382538942816
657416849760
451258419552
726136326496
365628623184
640506530128
434348099920
709226006864
382808492368
657686399312
713520974160
387103459664
661981366608
455822936400
455822936656
730700843600
438391343520
713269250464
386851735968
661729642912
455571212704
730449119648
365628361376
640506268320
434347838112
709225745056
382808230560
657686137504
387118925408
661996832352
455838402144
730716309088
387103132256
661981039200
455822608992
730700515936
369654826592
644532733536
438374303328
713252210272
386834695776
661712602720
455554172512
730432079456
365375653520
640253560464
434095130256
708973037200
382555522704
657433429648
451274999440
726152906384
369670620816
644548527760
434078550608
708956457552
382538943056
657416850000
451258419792
726136326736
369654041168
644531948112
438373517904
713251424848
434346722720
709224629664
382807115168
657685022112
451526591904
726404498848
369922213280
644800120224
438641690016
713519596960
661998078304
657703111008
709242718560
451544680800
726422587744
365645334880
640523241824
434364811616
730700515984
726137113232
369654827664
644532734608
365628295824
640506202768
451527641744
726405548688
382808165008
657686071952
438658729616
713536636560
661998144160
387118925200
661996832144
455838401936
730716308880
451544484432
726422391376
387102344800
661980251744
455821821536
730699728480
726154151312
365376898448
451527706256
726405613200
365628360336
640506267280
434347837072
709225744016
382808229520
657686136464
644800185696
438641755488
713519662432
365375916640
640253823584
434095393376
708973300320
382555785824
657433692768
451275262560
726153169504
369670883936
644548790880
730717619536
644818208080
438659777872
713537684816
387120170320
661998077264
455839647056
730717554000
365645333840
640523240784
434364810576
365645072032
640522978976
434364548768
709242455712
382824941216
657702848160
451544417952
726422324896
369940039328
644817946272
382824220240
657702127184
451543696976
726421603920
369939253904
644817160848
438658730640
713536637584
387119123088
661997030032
365644286608
640522193552
434363763344
709241670288
709241734480
365644350800
640522257744
434363827536
434095392080
708973299024
382555784528
657433691472
451275261264
726153168208
365375653536
640253560480
434095130272
708973037216
382555522720
657433429664
451274999456
387119974048
661997880992
455839450784
730717357728
640237831760
434079401552
708957308496
382539991376
657417898320
451259468112
365628557648
640506464592
434348034384
709225941328
455554435408
369923524944
438643001680
365359860384
640237767328
434079337120
708957244064
382539729568
657417636512
365628361120
640506268064
434347837856
709225744800
382808230304
657686137248
451527707040
726405613984
369923328416
644801235360
644816898720
713252210016
386834695520
661712602464
455554172256
434079335776
708957242720
365359859040
640237765984
451259204960
726137111904
657416849744
451258419536
726136326480
369654040912
644531947856
438373517648
369671670368
644549577312
438391147104
713269054048
382823892368
657701799312
386851539552
661729446496
455571016288
730448923232
387119188624
661997095568
365627573584
640505480528
387103393440
661981300384
455822870176
730700777120
387118860960
661996767904
455838337696
730716244640
730432079248
369923261840
644801168784
438642738576
713520645520
387103131024
661981037968
455822607760
730700514704
451527640464
644801234336
438642804128
713520711072
382825203024
657703109968
451544679760
726422586704
382808229264
657686136208
451527706000
726405612944
369923327376
644801234320
438642804112
713520711056
387103196560
661981103504
455821560416
730699467360
387120171616
661998078560
455839648352
730717555296
644817225056
387119187296
661997094240
455570228576
730448135520
661728658784
438658794848
713536701792
726153168224
455838664032
438391146064
713269053008
386851538512
661729445456
455571015248
730448922192
365376702032
640254608976
434096178768
708974085712
369940105568
644818012512
438659582304
713537489248
369940367952
644818274896
438659844688
713537751632
387120237136
661998144080
455839713872
730717620816
730449185360
438373254800
438642018704
713519925648
369923524960
644801431904
387103394144
661981301088
438374566240
713252473184
455554435424
730432342368
661712865632
438643001696
434363566688
709241473632
365645071776
640522978720
434364548512
709242455456
382824940960
657702847904
451544417696
726422324640
369940039072
726421539216
369939253648
644817160592
438658730384
713536637328
387119122832
661997029776
455838599568
730716506512
387120171408
661998078352
455839648144
730717555088
657685022288
451526592080
369922213456
644800120400
726404499024
387102082640
661979989584
455821559376
730699466320
713519597136
434364614288
709242521232
451544483472
726422390416
369671669392
644549576336
438391146128
713269053072
386851538576
661729445520
386851735184
661729642128
455571211920
730449118864
369939318112
708972971344
365359859104
640237766048
434079335840
708957242784
382539728288
657417635232
451259205024
726137111968
369654826400
644532733344
455821822352
730699729296
657685285264
455553386896
730431293840
451526855056
726404762000
369922476432
644800383376
387102345616
438390032992
713267939936
644801431888
365644089744
640521996688
434363566480
709241473424
640506201504
434347771296
709225678240
369923590816
708957244048
644801497760
434096179552
708974086496
382556572000
657434478944
451276048736
726153955680
369671670112
644549577056
438391146848
713269053792
451526658400
644533062304
438374632096
713252539040
386835024544
661712931488
455554501280
730432408224
434364877136
709242784080
365376965216
640254872160
434096441952
708974348896
382556834400
657434741344
451276311136
726154218080
369671932512
369655088528
644532995472
438374565264
713252472208
434346723680
709224630624
387102083424
661979990368
369653844304
644531751248
369922279760
644800186704
365358877008
640236783952
434078353744
708956260688
382538746192
657416653136
713536636576
386833647968
365628623456
640506530400
434348100192
709226007136
382808492640
657686399584
451527969376
726405876320
369923590752
644801497696
451276309840
455553123728
730431030672
726154216784
369671931216
644549838160
438391407952
713269314896
386851800400
661729707344
365358810512
365376702112
640254609056
434096178848
708974085792
382556571296
657434478240
438658796176
713536703120
365375916688
640253823632
434095393424
708973300368
382555785872
455838665360
730716572304
657433692816
451275000464
726152907408
365360187024
640238093968
434079663760
708957570704
382540056208
657417963152
451259532944
726137439888
369655154320
644533061264
644531947936
438373517728
713251424672
386833910176
661711817120
455553386912
730431293856
365627509152
640505416096
434346985888
644818273696
438659843488
713537750432
387102082384
661979989328
709224629584
365627245904
640505152848
434346722640
657685022032
451526591824
726404498768
382555523408
657433430352
451275000144
709225941664
369939057232
644816964176
387118926416
730700842576
661996833360
438658533968
713536440912
455838403152
730716310096
382808491600
657686398544
451527968336
726405875280
386835024480
438391342752
713269249696
386851735200
661729642144
455571211936
730449118880
455821625696
455553190240
730699532640
382807181664
657685088608
369653844320
644531751264
726404565344
438373321056
713251228000
438658730400
713536637344
365645334112
640523241056
434364810848
709242717792
382825203296
657703110240
451544680032
726422586976
369940301408
644818208352
438374631840
713252538784
386835024288
661712931232
455554501024
730432407968
455569902240
369940366688
438659843424
713537750368
455839712608
730717619552
640254870880
434096440672
708974347616
382556833120
640523306336
365375916704
640253823648
434095393440
708973300384
382555785888
657433692832
451275262624
726153169568
369670884000
644548790944
382807442848
657685349792
451526919584
726404826528
438641690208
713519597152
365628623200
640506530144
434348099936
709226006880
382808492384
657686399328
451527969120
726405876064
369923590496
644801497440
640523240864
434364810656
709242717600
386851800416
661729707360
369655089744
365644350864
640522257808
434363827600
709241734544
382824220048
657702126992
451543696784
726421603728
365375915408
640253822352
455569967504
730447874448
708973037968
657417962896
451259532688
726137439632
369655154064
644533061008
382556572048
382555523472
451259468176
726137375120
369655089552
434348034448
709225941392
451527903632
726405810576
386834958736
661712865680
644532996496
438641690000
713519596944
730717620896
661996833104
455838402896
730716309840
730700842320
438643066192
713520973136
369939056976
644816963920
438658533712
713536440656
387103458640
661981365584
455822935376
365376898464
640254805408
434096375200
708974282144
382556767648
657434674592
451276244384
726154151328
369671865760
644549772704
365628360352
640506267296
369922542224
644800449168
438642018960
713519925904
387102411408
661980318352
455821888144
730699795088
382807444112
657685351056
730431293008
386833909328
369654040144
644531947088
455553386064
382538942032
657416848976
434364810592
451527706960
726405613904
387103197520
661981104464
455822674256
730700581200
644532799824
709242717536
382825203040
369654892880
644801169056
438642738848
713520645792
386834695760
365375915424
640253822368
434095392160
708973299104
382555784608
657433691552
451275261344
726153168288
369670882720
387102149216
661980056160
455821625952
730699532896
369939057312
644818274960
438659844752
713537751696
387120237200
661998144144
455839713936
730717620880
657703176848
455571278480
451544746640
365360122272
640238029216
434079599008
708957505952
382539991456
657417898400
451259468192
726137375136
369655089568
644532996512
438659517024
713537423968
713536375456
386833910112
661711817056
455553386848
730431293792
438373517664
713251424608
369654040928
644531947872
365644285584
640522192528
434363762320
709241669264
382824154768
657702061712
451543631504
726421538448
369939252880
644817159824
382808229472
657686136416
451527706208
726405613152
369939252832
644817159776
438658729568
713536636512
365359925600
640237832544
434079402336
708957309280
382539794784
657417701728
451259271520
726137178464
369654892896
644532799840
365628360096
730700843344
640506267040
434347836832
709225743776
382808229280
657686136224
451527706016
726405612960
369923327392
730700515680
365627574672
640505481616
434347051408
709224958352
382807443856
657685350800
451526920592
726404827536
369922541968
644800448912
640236979536
434078549328
708956456272
382538941776
657416848720
451258418512
726136325456
438373516624
713251423568
386833909072
438391146080
713269053024
386851538528
661729445472
455571015264
730448922208
365376965280
640254872224
434096442016
708974348960
382556834464
657434741408
451276311200
726154218144
369671932576
644549839520
438390360656
713268267600
386850753104
661728660048
455570229840
730448136784
387103197856
661981104800
455822674592
730700581536
369922279824
644800186768
438641756560
713519663504
387102149008
661980055952
455821625744
730699532688
708956260752
382538746256
365644286368
640522193312
434363763104
709241670048
382824155552
657702062496
451543632288
726421539232
369939253664
644817160608
365627246176
640505153120
434346722912
709224629856
382807115360
657685022304
451526592096
726404499040
369922213472
644800120416
365376963984
640254870928
434096440720
708974347664
382556833168
657434740112
451276309904
726154216848
369671931280
644549838224
382556571216
657434478160
451276047952
726153954896
387102410400
661980317344
455821887136
730699794080
713520908624
713536701776
382808426832
657686333776
451527903568
726405810512
382824219984
657702126928
730716505488
365644285328
640522192272
434363762064
709241669008
382824154512
657702061456
451543631248
726421538192
438659778208
387119188576
661997095520
455838665312
730716572256
387119973792
661997880736
455839450528
730717357472
730448923280
661728332384
451527969424
726405876368
657416653216
451258223008
726136129952
369653844384
644531751328
438373321120
713251228064
386833713568
661711620512
455553190304
382808165024
657686071968
451527641760
726405548704
644549576032
438391145824
386851538272
661729445216
365376964000
640254870944
434096440736
708974347680
382556833184
657434740128
451276309920
726154216864
369671931296
644549838240
365375916368
640253823312
438390360400
386850752848
661728659792
455570229584
730448136528
369670883664
657433692496
451275262288
387103393184
661981300128
455822869920
730700776864
387118860704
661996767648
455838337440
730716244384
726152907424
369670621856
644548528800
369655154336
644533061280
438374631072
713252538016
386835023520
661712930464
455554500256
730432407200
455554435728
730432342672
438642018656
713519925600
438374369680
438373582432
713251489376
726404498784
369922213216
644800120160
438641689952
713519596896
387102082400
661979989344
455821559136
730699466080
640236784272
434078354064
365644089952
640521996896
365628622432
640506529376
434348099168
709226006112
382808491616
657686398560
451527968352
726405875296
369923589728
644801496672
382824155744
657702062688
451543632480
726421539424
730717292128
438390097552
713268004496
386850490000
661728396944
455569966736
730447873680
438374304400
713252211344
386834696848
661712603792
365359860368
640237767312
434079337104
455821822368
661729641872
387118925392
661996832336
438658532944
713536439888
713520646736
369939056208
455822608976
455838402128
730716309072
730700515920
365628295760
640506202704
382808164944
713252276624
386834762128
661712669072
455554238864
730432145808
369923328400
644801235344
438642805136
713520712080
387103197584
386834958944
438643067296
713520974240
438390098592
713268005536
438390098336
713268005280
386850490784
438374630816
713252537760
386835023264
661712930208
455554500000
730432406944
661728397728
365644089696
640521996640
382823958880
387103458656
661981365600
455822935392
730700842336
438643066208
369923589472
644801496416
713520973152
640523045280
434364615072
709242522016
365627574944
640505481888
434347051680
709224958624
382807444128
657685351072
451526920864
726404827808
369922542240
644800449184
434095130000
708973036944
382555522448
657433429392
451274999184
726152906128
369670620560
644548527504
386834696592
438390097296
661712603536
455554173328
730432080272
708973234512
365359925664
640237832608
434079402400
708957309344
382539794848
657417701792
451259271584
726137178528
369654892960
644532799904
644549839248
709225941408
365644088656
640521995600
434363565392
709241472336
382823957840
657701864784
451543434576
382808164688
657686071632
451527641424
726405548368
365628295504
640506202448
451258156624
726136063568
365358810704
640236717648
434078287440
708956194384
382538679888
709224629840
438641690192
382807115344
438643066528
438658534048
387118859872
661996766816
455838336608
730716243552
365627573904
640505480848
434347050640
709224957584
382807443088
657685350032
451526919824
726404826768
369922541200
644800448144
644801235280
369654892112
644532799056
438374368848
434346789456
709224696400
365644285600
640522192544
434363762336
709241669280
382824154784
657702061728
451543631520
726421538464
369939252896
644817159840
382807443872
657685350816
451526920608
726404827552
369922541984
644800448928
438642018720
713519925664
387102411168
661980318112
369922279072
644800186016
438641755808
713251161696
386833647200
661711554144
455553385824
730431292768
365359072608
640236979552
434078549344
708956456288
382538941792
657416848736
451258418528
726136325472
451275261280
451259468128
726137375072
382539991392
438390360672
713268267616
386850753120
661728660064
455570229856
730448136800
434347772240
709225679184
387119908512
661997815456
455839385248
730717292192
438643066464
713520973408
369939057248
644816964192
438658533984
713536440928
713520711328
365627573648
640505480592
434347050384
709224957328
382807442832
657685349776
451526919568
726404826512
730716506528
455838599824
730716506768
730448135760
365375915600
640253822544
434095392336
708973299280
382555784784
657433691728
451275261520
726153168464
365360122448
640238029392
434079599184
708957506128
713536440720
369922476640
644800383584
438641953376
713519860320
369923261856
644801168800
438642738592
713520645536
365644285344
640522192288
434363762080
709241669024
382824154528
657702061472
451543631264
726421538208
369939252640
644817159584
387102148960
730431096416
730447809120
438391080544
713268987488
365644024416
640521931360
434363501152
709241408096
438659582624
713537489568
708973300064
726137112144
451527640656
657686070864
726405547600
365628294736
640506201680
434347771472
709225678416
382808163920
387103131216
382808229216
657686136160
369940302480
438659779216
455839648400
730717555344
713537686160
640521931152
365644024208
386850490704
661728397648
730447874384
438658795168
713536702112
369923525280
644801432224
438643002016
713520908960
369670882640
644548789584
451258484304
365360122192
640238029136
726136391248
730432342352
438390359376
713268266320
386850751824
438374566224
713252473168
386834958672
387103197600
661981104544
455822674336
730700581280
726152906400
369670620832
644548527776
438390097568
713268004512
386850490016
661728396960
455569966752
730447873696
451259206304
726137113248
369654827680
644532734624
640523241808
434364811600
386834761376
661712668320
455554238112
455821887120
730432145056
657685088928
451526658720
726404565664
365359859296
640237766240
434364877456
709242784400
434079336032
708957242976
382539728480
657417635424
451259205216
726137112160
365644088928
640521995872
369922476624
644800383568
438641953360
713519860304
387102345808
661980252752
455821822544
730699729488
365359073872
640236980816
387102410144
382538679696
657416586640
451258156432
726136063376
661980317088
455821886880
730699793824
438374303376
713252210320
386834695824
661712602768
455554172560
730432079504
365359859344
640237766288
434079336080
708957243024
455554435680
369940301216
644818208160
438659777952
713537684896
365358810768
640236717712
434078287504
708956194448
382538679952
657416586896
451258156688
726136063632
369653778064
644531685008
387119188320
661997095264
455838665056
730716572000
382825204112
657703111056
434364811664
709242718608
451544680848
726422587792
369940302224
644818209168
438659778960
713537685904
661981038160
455822607952
730700514896
438642738768
644801168976
713520645712
369923262032
386850752096
661728659040
455570228832
730448135776
451543434656
726421341600
382808164768
657686071712
451527641504
726405548448
438373517920
713251424864
386833910368
661711817312
455553387104
730431294048
365627509344
640505416288
434346986080
709224893024
438390097312
713268004256
386850489760
661728396704
455569966496
730447873440
438374304160
713252211104
386834696608
661712603552
455554173344
730432080288
386850751888
661728658832
455570228624
730448135568
386850424224
661728331168
455569900960
730716309856
730447807904
369654105440
644532012384
713268987216
455838401888
730716308832
365644088672
438642739552
713520646496
455822608736
657685284176
451526853968
726404760912
369922475344
644800382288
438641952080
713519859024
387102344528
661980251472
365359072592
382807115424
657685022368
451526592160
726404499104
369922213536
644800120480
438641690272
640505480864
434347050656
709224957600
382807443104
657685350048
451526919840
726404826784
369922541216
644800448160
438642017952
438391080608
438374303120
713252210064
386834695568
661712602512
455554172304
365359859088
640237766032
434079335824
708957242768
382539728272
387120236960
661998143904
455839713696
369940038992
644817945936
713537422672
438659515728
708957571408
365376703120
640254610064
434096179856
708974086800
382556572304
657434479248
451276049040
726153955984
369671670416
644549577360
365359860064
640237767008
434079336800
365628294480
640506201424
434347771216
709225678160
382808163664
657686070608
451527640400
438642738512
726405547344
387119974992
661997881936
455839451728
730717358672
365645138512
640523045456
434364615248
709242522192
382825007696
657702914640
387103196768
661981103712
455822673504
455821560464
730699467408
365627247248
640505154192
434346723984
709224630928
382807116432
657685023376
451526593168
726404500112
644817225296
387119187536
661997094480
369670882896
644548789840
438390359632
713268266576
386850752080
661728659024
455570228816
369922475360
644800382304
438641952096
713519859040
387102344544
661980251488
438373516640
713251423584
386833909088
661711816032
369938991760
644816898704
438658468496
713536375440
369923525200
644801432144
387103394384
661981301328
713252473424
386834958928
455554435664
730432342608
438374566480
438643001936
455822673296
730700580240
382807180944
657685087888
365628294800
640506201744
434347771536
709225678480
382808163984
657686070928
451527640720
726405547664
369654826640
644532733584
661997881680
455839451472
382823959120
657701866064
369671670160
644549577104
438391146896
713269053840
386851539344
661729446288
455571016080
730448923024
365376702864
640254609808
438390359648
713268266592
451259468384
726137375328
369655089760
386833647248
661711554192
455553123984
730431030928
365375915616
640253822560
434095392352
708973299296
382555784800
657433691744
451275261536
726153168480
369670882912
644548789856
387119187280
661997094224
455838664016
730716570960
387103394128
661981301072
455822870864
730700777808
640523045200
434364614992
709242521936
382825007440
657702914384
451544484176
726422391120
369940105552
644818012496
387119974736
365360122464
640238029408
434079599200
708957506144
382539991648
657417898592
726404499856
369922214288
644800121232
438641691024
713519597968
387102083472
365627246992
640505153936
434346723728
386850425424
661728332368
455569902160
730447809104
455554434640
730432341584
438658729376
365628623504
640506530448
382808492688
657686399632
369923590800
644801497744
438643067536
713520974480
387103459984
455838337360
730716244304
455569901904
382823893328
657701800272
708972972368
382555457872
657433364816
451274934608
726152841552
726422390112
661981366928
455822936720
730700843664
369670556240
644548463184
438390032976
434079598160
708957505104
382539990608
657417897552
713252472400
386834957904
661712864848
451259467344
726137374288
369655088720
387118925472
661996832416
455838402208
730716309152
387103132320
661981039264
455822609056
730700516000
708956259920
434079597904
708957504848
434348033360
709225940304
382808425808
657686332752
451527902544
726405809488
382539990352
657417897296
365359859360
640237766304
434079336096
708957243040
382539728544
657417635488
451259205280
369922476688
644800383632
438641953424
713519860368
387102345872
661980252816
455821822608
730699729552
434346986128
709224893072
382824941904
657702848848
451544418640
726422325584
365645335200
640523242144
434364811936
709242718880
382825204384
657703111328
451544681120
726422588064
369940302496
644818209440
387120236128
661998143072
455839712864
730717619808
438373255504
713251162448
382825007760
657702914704
451544484496
726422391440
455821821600
730699728544
438641755552
713519662496
434347838048
709225744992
382824154448
657702061392
451543631184
726421538128
365375915360
640253822304
434095392096
657417898336
708973299040
382555784544
657433691488
382538746448
657416653392
451258223184
726136130128
369653844560
644531751504
455821625936
730699532880
382807181904
657685088848
387120235920
661998142864
455839712656
730717619600
455839647392
387119123040
661997029984
455838599776
730716506720
369940301456
644818208400
438659778192
713537685136
387120170640
387118860640
661996767584
438390032736
713267939680
455569901920
730447808864
369670556000
644548462944
438658468192
709241407840
387119908256
661997815200
455839384992
730448857744
369939056992
644816963936
438658533728
713536440672
365376964176
640254871120
455571277392
730449184336
369671931472
644549838416
438391408208
713269315152
386851800656
661729707600
451543369376
726421276320
369654827616
644532734560
438374304352
713252211296
713252472160
386834957664
709225940320
387103393120
661981300064
661712864608
455554434400
730432341344
369923523936
644801430880
365628361104
640506268048
434347837840
709225744784
640505480800
434347050592
709224957536
657416850080
451258419872
726136326816
369654041248
644531948192
438373517984
713251424928
730699795104
713537686176
661728332448
709226006928
382808492432
657686399376
451527969168
726405876112
730447808848
386850425168
661728332112
451259467088
726137374032
661712864592
730432341328
369655088464
644532995408
438374565200
713252472144
386834957648
365360121168
726137112224
369654826656
644532733600
438374303392
713252210336
386834695840
661712602784
455554172576
730432079520
365376965200
640254872144
434096441936
708974348880
382556834384
657434741328
451276311120
726154218064
369671932496
644549839440
369922476384
644800383328
438641953120
713519860064
365359073936
640236980880
434078550672
708956457616
382538943120
657416850064
451258419856
726136326800
369654041232
644531948176
365645137248
386833909136
661711816080
455553385872
730431292816
365627508112
640505415056
434346984848
709224891792
382807377296
657685284240
713268004240
365645334944
640523241888
434364811680
709242718624
382825204128
657703111072
451544680864
726422587808
369940302240
644818209184
438642018976
713519925920
434078354016
708956260960
365628294752
640506201696
434347771488
709225678432
382808163936
657686070880
451527640672
726405547616
369923262048
644801168992
382807378512
657685285456
451526855248
726404762192
365627509328
640505416272
434346986064
709224893008
726422586768
365376964192
640254871136
434096440928
708974347872
382556833376
657434740320
451276310112
726154217056
369671931488
644549838432
387120171680
661998078624
455839648416
730717555360
369940105632
644818012576
438659582368
713537489312
709224695120
438641755472
386833712464
661711619408
730699531600
455553189200
730431096144
708956259664
726404564304
644800185680
382539794768
657417701712
451259271504
726137178448
644818208144
455839647120
730717554064
365645333904
640523240848
434364810640
709242717584
382825203088
657703110032
451544679824
709241473696
369671604560
644549511504
438391081296
713268988240
386851473744
661729380688
455570950480
730448857424
387119909200
661997816144
455838664336
730716571280
438390359696
713268266640
386850752144
661728659088
455570228880
730448135824
640522258064
369939318416
451275262304
438373516704
713251423648
386833909152
661711816096
455553385888
730431292832
365627508128
640505415072
434346984864
709224891808
369939318176
644817225120
438658794912
713536701856
369923525024
644801431968
438643001760
713520908704
455822871184
369655089808
644532996752
438374566544
713252473488
726137375376
365628557968
640506464912
451259468432
434079599248
369670556320
644548463264
438390033056
713267940000
438374303136
713252210080
386834695584
661712602528
455554172320
730432079264
455571278160
730449185104
365376964944
640254871888
434096441680
708974348624
382556834128
657434741072
451276310864
726154217808
451258419600
726136326544
369654040976
644531947920
438373517712
713251424656
386833910160
661711817104
365359073680
640236980624
386834761120
661712668064
455554237856
730432144800
726153956000
369671670432
644549577376
438391147168
713269054112
386851539616
661729446560
365376898384
640254805328
434096375120
365358876000
640236782944
434078352736
708956259680
382538745184
657416652128
451258221920
726136128864
434346788192
709224695136
369923261792
644801168736
438642738528
661980252496
455821822288
730699729232
382807378256
657685285200
451526854992
726404761936
369922476368
644800383312
438641953104
386851539296
661729446240
455571016032
365628361296
640506268240
434347838032
709225744976
382808230480
657686137424
451527707216
726405614160
438374369872
713252276816
387119909456
661997816400
455839386192
730717293136
713519598240
387102083744
661979990688
455821560480
730699467424
365645072736
640522979680
369671604576
644549511520
438391081312
713268988256
386851473760
661729380704
455570950496
730448857440
365375915680
640253822624
434095392416
708973299360
382555784864
657433691808
451275261600
726153168544
369670882976
644548789920
455571015312
730448922256
365376702096
640254609040
434096178832
708974085776
382556571280
657434478224
451276048016
726153954960
644549773712
438391343504
713269250448
365628360272
640506267216
434347837008
709225743952
365360122528
640238029472
434079599264
708957506208
382539991712
657417898656
451259468448
726137375392
369655089824
644532996768
387119122000
661997028944
455838598736
730716505680
434363500944
709241407888
451543370128
726421277072
369670556048
644816898448
386850425232
369938991504
434095065488
708972972432
455839450704
730717357648
369940104784
451526592144
726404499088
365627246224
640505153168
434346722960
709224629904
382807115408
657685022352
369922213520
644800120464
657433430416
451275000208
369923262800
644801169744
438642739536
713520646480
369939055952
644816962896
438658532688
713536439632
451527902608
726405809552
708957504912
382539990416
657417897360
451259467152
726137374096
365628556688
640506463632
434348033424
644801235600
438642805392
713520712336
365359925856
640237832800
434079402592
708957309536
382539795040
657417701984
451259271776
726137178720
369654893152
644532800096
438391146912
713269053856
386851539360
661729446304
455571016096
730448923040
382538942864
657416849808
438373321296
713251228240
386833713744
661711620688
455553190480
730431097424
438659581536
713537488480
365645138272
365359924560
640237831504
434079401296
708957308240
382539793744
657417700688
451259270480
726137177424
365628360016
640506266960
455821560224
730699467168
365358877328
451526658704
726404565648
657416653456
451258223248
726136130192
365627312784
640505219728
434346789520
709224696464
438642017936
713519924880
365375588768
640253495712
434095065504
708972972448
382555457952
657433364896
451274934688
726152841632
369670556064
644548463008
365628623520
365376701840
640254608784
434096178576
708974085520
382556571024
657434477968
451276047760
726153954704
369671669136
644549576080
438374565472
713252472416
386834957920
661712864864
455554434656
434096440976
708974347920
382556833424
657434740368
451276310160
726154217104
369671931536
644549838480
709242783376
451544745616
661998077584
455839647376
730717554320
365644023120
640521930064
434363499856
709241406800
365360121248
640238028192
434079597984
708957504928
382539990432
713536703056
369939319376
657417897376
451259467168
726137374112
369923524192
644801431136
438643000928
713520907872
369938991712
644816898656
438658468448
713536375392
640523044176
434364613968
709242520912
382825006416
657702913360
451544483152
726422390096
438659581264
713537488208
434363565712
709241472656
709225679504
365627245968
640505152912
434346722704
709224629648
382807115152
657685022096
451526591888
726404498832
369922213264
644800120208
365644090000
640521996944
434363566736
709241473680
382823959184
451543435920
726421342864
369939057296
644816964240
382807180896
657685087840
451526657632
726404564576
438658468240
713536375184
709242783312
451527705952
726405612896
640237831520
434079401312
708957308256
382539793760
657417700704
451259270496
726137177440
369654891872
644532013392
730699794768
365627574608
640505481552
434347051344
709224958288
382807443792
657685350736
451526920528
726404827472
438373321376
713251228320
386833713824
661711620768
455553190560
730431097504
365627312800
455821560160
730699467104
365645334176
640523241120
434364810912
709242717856
382825203360
657703110304
451544680096
726422587040
369940301472
644818208416
451258222928
726136129872
438373321040
713251227984
386833713488
661711620432
455553190224
365376964256
640254871200
434096440992
708974347936
382556833440
657434740384
451276310176
726154217120
369671931552
644549838496
387102149280
661980056224
455821626016
730699532960
657416652176
451258221968
726136128912
369653843344
644531750288
438373320080
713251227024
386833712528
661711619472
455553189264
365628623264
640506530208
434348100000
709226006944
382808492448
657686399392
451527969184
726405876128
369923590560
644801497504
730432341664
730447809184
438659517088
713537424032
657433364832
451274934624
726152841568
365360121184
640238028128
434079597920
640253495648
434095065440
708972972384
382555457888
644549511568
438391081360
713268988304
386851473808
661729380752
455570950544
730448857488
369940040080
644817947024
387119909264
382808163680
657686070624
451527640416
726405547360
387103459936
382539729488
657417636432
451259206224
726137113168
661981366880
455822936672
730700843616
644549839456
438391409248
713269316192
386851801696
661729708640
455571278432
730449185376
386833910432
661711817376
455553387168
730431294112
382808229536
657686136480
451527706272
726405613216
708956522848
382539008352
657416915296
451258485088
726136392032
369654106464
644532013408
438373583200
713251490144
386833975648
644532996688
713536637600
726421342608
387118926224
438658533776
369923589520
644801496464
438643066256
713520973200
387103458704
661981365648
455822935440
730700842384
382808491408
657686398352
382807378528
657685285472
365375587664
640253494608
434095064400
438373254480
713251161424
386833646928
661711553872
455553123664
730431030608
640236717392
708956194128
455821559120
382807115088
387118925216
661996832160
455838401952
730716308896
387103132064
661981039008
455822608800
730700515744
382825007712
657702914656
451544484448
726422391392
726154217040
434096440912
708974347856
382556833360
657434740304
451276310096
661711816336
455553386128
730431293072
365359072912
640236979856
438373320096
713251227040
386833712544
661711619488
455839384928
730717291872
365358810464
640236717408
434078287200
708956194144
382538679648
657416586592
451258156384
726136063328
365645333920
640237832848
434079402640
708957309584
382539795088
657417702032
451259271824
726137178768
369654893200
644532800144
455822674576
382556505424
657434412368
365376637344
640254544288
434096114080
708974021024
382556506528
657434413472
451275983264
726153890208
369671604640
644549511584
455838665120
451526854224
657685284432
726404761168
730699728464
369922475600
644800382544
438641952336
713519859280
387102344784
661980251728
455821821344
730699728288
382824220256
657702127200
451543696992
726421603936
382808427104
657686334048
451527903840
726405810784
386833910416
661711817360
455553387152
730431294096
709225744736
365645071760
640522978704
434364548496
709242455440
382824940944
657702847888
451544417680
726422324624
365375587728
640253494672
661712602704
644816964256
438391408992
713269315936
386851801440
661729708384
455571278176
730449185120
644531684768
438373254560
713251161504
386833647008
661711553952
455553123744
730431030688
365627245984
640505152928
661728593504
455570163296
730448070240
387119188640
382555458192
661997095584
455838665376
730716572320
644533061968
451527969104
438643067216
726405876048
644801497424
438374631760
713252538704
369923590480
365627509088
640505416032
434346985824
709224892768
455821822304
730699729248
365359925920
640237832864
434079402656
657703109984
451544679776
726422586720
455571277136
730449184080
365376963920
640254870864
434096440656
708974347600
382556833104
657434740048
365359072656
640236979600
434078549392
708956456336
382538941840
657416848784
451258418576
726136325520
369654039952
644531946896
451276048032
726153954976
369671669408
644549576352
438391146144
713269053088
386851538592
661729445536
455571015328
730448922272
369654039904
644531946848
451275262608
726153169552
661728660112
369670883984
644548790928
438390360720
713268267664
386850753168
365359924624
640237831568
434079401360
708957308304
382539793808
657417700752
451259270544
726137177488
369654891920
709225743760
730716309920
365627508048
640505414992
434346984784
709224891728
455821821264
730699728208
365645137504
640523044448
434364614240
709242521184
382825006688
657702913632
451544483424
726422390368
369940104800
644818011744
713519597216
387102082720
661979989664
455821559456
730699466400
644817226320
365644352080
640522259024
434363828816
709241735760
382824221264
657702128208
451543698000
726421604944
438658796112
387120171424
661998078368
455839648160
730717555104
365375915344
640253822288
382824155808
657702062752
451543632544
726421539488
365360187744
640238094688
434079664480
708957571424
382540056928
657417963872
451259533664
726137440608
369655155040
644533061984
365644089760
640521996704
434363566496
709241473440
387103131232
661981038176
455822607968
730700514912
382538746464
657416653408
451258223200
726136130144
369653844576
644531751520
438373321312
713251228256
386833713760
661711620704
730717554272
365359924640
640237831584
434079401376
708957308320
382539793824
657417700768
451259270560
726137177504
369654891936
644532798880
434078615952
708956522896
382539008400
657416915344
451258485136
726136392080
369654106512
644532013456
438373583248
365359139216
438391145888
713269052832
386851538336
661729445280
455571015072
730448922016
365375916432
640253823376
434095393168
708973300112
382555785616
657433692560
451275262352
726153169296
434078352976
455569901136
730447808080
387118859856
661996766800
455838336592
730716243536
365359859280
640237766224
365376636496
640254543440
369653843536
644531750480
438373320272
713251227216
730717357408
369940104544
644818011488
438659581280
713537488224
640523044192
382825006432
657702913376
434364613984
709242520928
387102082464
640236717664
434078287456
708956194400
382538679904
657416586848
451258156640
726136063584
369653778016
644531684960
438373254752
455838665040
387119188304
661997095248
730716571984
365644351824
640522258768
434363828560
382824221008
657702127952
451543697744
365644090016
640521996960
434363566752
365628622496
640506529440
434348099232
709226006176
382808491680
657686398624
451527968416
726405875360
369923589792
644801496736
451543370320
726421277264
438390031968
713267938912
386850424416
661728331360
455569901152
730447808096
730717358736
438373583264
713251490208
386833975712
661711882656
455553452448
730431359392
365627574688
640505481632
434347051424
709224958368
369923328608
644801235552
438642805344
713520712288
365375850896
640253757840
434095327632
708973234576
730700514976
369670555280
644548462224
438390032016
713267938960
386850424464
661728331408
455569901200
730447808144
369938990736
644816897680
730431097184
386833713504
661711620448
451543434896
726421341840
382823958160
657701865104
369939056272
644816963216
438658533008
713536439952
387118925456
661996832400
369923263120
644801170064
434347772560
713252210000
387103394448
387119187600
661997094544
661981301392
438373254816
713251161760
386833647264
661711554208
455553124000
730431030944
365627246240
640505153184
434346722976
709224629920
387118859936
661996766880
455838336672
730716243616
369922541152
644800448096
438642017888
713519924832
730699729312
369654892176
644532799120
438658796192
387120170592
661998077536
369653843280
644531750224
438373320016
713251226960
365358875984
640236782928
434078352720
455839647328
661712865888
434363565664
709241472608
365628295776
640506202720
434347772512
709225679456
365628622240
640506529184
434348098976
709226005920
382808491424
657686398368
451527968160
726405875104
713267938656
365375587680
640253494624
434095064416
708972971360
382555456864
657433363808
451274933600
726152840544
369670554976
730717357392
369940104528
644818011472
382538745168
657416652112
451258221904
726136128848
365627311440
640505218384
434346788176
438391408224
713269315168
386851800672
661729707616
455571277408
730449184352
713536375136
365359924576
713269052768
382555522400
455571015008
730448921952
657433429344
369670620512
644548527456
438643067280
713520974224
387103459728
661981366672
455822936464
730700843408
726137440656
365628623248
640506530192
434348099984
369939056016
644816962960
438658532752
451527641488
726405548432
369923262864
644801169808
387103132048
661981038992
713536439696
455822608784
730700515728
382807377504
657685284448
451526854240
369671604816
644549511760
438391081552
713268988496
386851474000
661729380944
455570950736
730448857680
365645399376
640523306320
434364876112
709242783056
438659844704
713537751648
709224695184
382807180688
657685087632
451526657424
726404564368
365358876048
640236782992
434078352784
708956259728
382538745232
713520973472
713536440992
438641953440
713519860384
644549510816
365358876064
640236783008
434078352800
708956259744
382538745248
657416652192
451258221984
726136128928
369653843360
644531750304
387102149024
661980055968
455821625760
730699532704
365360187808
640238094752
434079664544
708957571488
382540056992
657417963936
451259533728
726137440672
369655155104
644533062048
644817947040
438659516832
713537423776
387103459680
661981366624
455822936416
730700843360
369671603872
657434740064
455571277152
713269314912
451276309856
726154216800
365376963936
661711816272
438373516880
713251423824
365627508304
640505415248
434346985040
709224891984
382807377488
365359072848
640236979792
709241408160
455554500192
730432407136
661728397920
455569967712
730447874656
438390360736
713268267680
386850753184
661728660128
455570229920
730448136864
365627508064
640505415008
434346984800
709224891744
455821821280
730699728224
382807377248
657685284192
451526853984
726404760928
386851472720
365644352096
640522259040
434363828832
709241735776
382824221280
657702128224
451543698016
726421604960
369939319392
644817226336
382825007456
657702914400
451544484192
726422391136
365376637264
640254544208
434096114000
708974020944
382556506448
657434413392
451275983184
726153890128
365375915664
640253822608
434095392400
708973299344
382555784848
657433691792
451275261584
726153168528
369670882960
644548789904
386834958992
661712865936
708957506192
438373516896
713251423840
386833909344
661711816288
455553386080
730431293024
365627508320
640505415264
434346985056
709224892000
382824220000
657702126944
451543696736
726421603680
726405810528
369939318352
438658795088
713536702032
713520908880
455822871120
455838664272
730716571216
730700778064
382808427088
657686334032
365628557904
640506464848
434348034640
455571016352
730448923296
382808492704
657686399648
451527969440
726405876384
438390360480
713268267424
386850752928
661728659872
455570229664
730448136608
451258222176
726136129120
657433364880
369653843552
644531750496
438373320288
713251227232
386833712736
661711619680
455553189472
387119188384
713536374096
369938990416
644816897360
644818011728
387119973968
661997880912
365644088912
640521995856
434363565648
709241472592
382823958096
657701865040
451543434832
730432342688
365644351840
640522258784
434363828576
709241735520
382824221024
657702127968
451543697760
726421604704
369939319136
644817226080
365358876256
640236783200
434078352992
708956259936
387102148192
661980055136
455821624928
730699531872
434095392144
708973299088
382555784592
657433691536
451275261328
726153168272
369670882704
644548789648
438374566288
713252473232
455554435472
730432342416
657433365072
451274934864
726152841808
640521931344
365644024400
438658468432
713536375376
455838337616
730716244560
382823893584
438659516000
713537422944
369939318096
644817225040
438658794832
640523044496
387103196816
661981103760
451526657680
726404564624
382825006736
657702913680
365645137552
386833712784
661711619728
365628556880
640506463824
434348033616
709225940560
382808426064
657686333008
451527902800
726405809744
365360121424
640238028368
455821887904
365644088992
640521995936
434363565728
438659778976
709241472672
382823958176
657701865120
451543434912
726421341856
365628295840
640506202784
434347772576
730699531664
730699794064
386851734944
661729641888
455571211680
730449118624
365358876320
640236783264
434078353056
708956260000
382538745504
657416652448
451258222240
726136129184
369653843616
644531750560
369670883680
644548790624
438390360416
713268267360
387118926160
438373320032
713251226976
386833712480
661711619424
455553189216
730431096160
369653843296
644531750240
369923262096
644801169040
438642738832
713520645776
387103131280
661981038224
455822608016
730700514960
730432342624
387103196832
661981103776
455822673568
365375588960
640253495904
434095065696
708972972640
382555458144
657433365088
451274934880
726152841824
369670556256
644548463200
387102345552
365360121440
640238028384
434079598176
708957505120
382539990624
657417897568
451259467360
726137374304
369655088736
644532995680
387119975008
661997881952
455839451744
730717358688
386850424144
661728331088
387118859600
455569900880
730447807824
369670554960
644548461904
438390031696
713267938640
661996766544
365359925840
640237832784
434079402576
708957309520
382539795024
657417701968
451259271760
726137178704
369654893136
644532800080
365644088736
640521995680
434363565472
709241472416
382823957920
657701864864
708956456592
382538942096
657416849040
451258418832
726136325776
369654040208
644531947152
438373516944
713251423888
386833909392
387119187552
661997094496
455838664288
730716571232
387103394400
661981301344
455822871136
730700778080
369671604832
644549511776
438391081568
713268988512
386851474016
661729380960
455570950752
730448857696
657433692512
369923328352
644801235296
438642805088
713520712032
369654892128
644532799072
438374368864
713252275808
713268987552
726405547408
657686070672
365628294544
640506201488
434347771280
709225678224
382808163728
369922278992
644800185936
438641755728
713519662672
387102148176
661980055120
455821624912
730699531856
365358876240
640236783184
455838664080
730716571024
730700777872
661997882000
455839451792
365645138576
640523045520
434364615312
365644023136
640521930080
434363499872
709241406816
382823892320
657701799264
451543369056
726421276000
455838336352
730716243296
387118859680
661996766624
455838336416
455569902224
730447809168
713268987472
386851472976
661729379920
455570949712
730448856656
713519924576
369922540896
644800447840
382807378576
657685285520
451526855312
726404762256
365376637520
640254544464
434096114256
708974021200
382556506704
657434413648
451275983440
726153890384
365645072976
640522979920
438373516960
713251423904
386833909408
661711816352
455553386144
730431293088
365627508384
640505415328
434346985120
709224892064
387120170336
661998077280
455839647072
730717554016
369670818128
730449119824
438374369616
713252276560
386834762064
661712669008
455554238800
730432145744
365359925584
640237832528
434079402320
708957309264
451544418704
726422325648
382824154720
657702061664
451543631456
726421538400
387120236192
661998143136
455839712928
730717619872
640521995616
434363565408
709241472352
365628295520
640506202464
434347772256
709225679200
455570949456
365376637280
640254544224
434096114016
708974020960
382556506464
657434413408
451275983200
726153890144
382538745440
657416652384
438390359712
713268266656
386850752160
661728659104
455570228896
730448135840
438374566560
369655089488
644532996432
713252473504
386834959008
661712865952
455554435744
644548461920
438390031712
365376637536
640254544480
434096114272
708974021216
382556506720
657434413664
451275983456
726153890400
387119123104
661997030048
455838599840
369923589536
644801496480
438643066272
713520973216
369939057056
644816964000
438658533792
713536440736
369940105616
644818012560
438659582352
713537489296
387119974800
661997881744
455839451536
730717358480
365644351072
640522258016
434363827808
709241734752
365628557920
640506464864
434348034656
369671603536
644549510480
438391080272
369670555984
644548462928
438390032720
713267939664
369938991440
644816898384
438658468176
713536375120
387118860624
661996767568
451275982160
726153889104
365376636240
640254543184
434096112976
726422324560
365645071696
640522978640
434364548432
709242455376
382823893648
657701800592
365375589008
434095065744
708972972688
640253495952
451274934928
726152841872
640521931408
434363501200
438659844448
713537751392
657433365136
386850425488
661728332432
657417897616
369655088784
644532995728
438374565520
713252472464
386834957968
661712864912
455554434704
730432341648
434079598224
657685023072
434363500896
365375588704
369654827360
644532734304
369938991456
644816898400
382539729248
455839385952
730717292896
369922476448
644800383392
438641953184
713519860128
382539990672
382808426128
657686333072
451259467408
726137374352
640506463888
434348033680
709225940624
451527902864
726405809808
713536636320
657701800528
434363501136
709241408080
369923524176
644801431120
438643000912
713520907856
387103393360
661981300304
455822870096
730700777040
387102082704
661979989648
455821559440
730699466384
365375849808
640253756752
365359860112
640237767056
434079336848
708957243792
382539729296
657417636240
451259206032
726137112976
369654827408
644532734352
365644351888
640522258832
369671603616
644549510560
438391080352
709241407904
365360122512
640238029456
451527706192
726405613136
713252275792
386834761296
661712668240
455554238032
730432144976
369923327568
644801234512
438642804304
644548789664
438390359456
713268266400
386850751904
661728658848
455570228640
730448135584
438374566304
713252473248
386834958752
661712865696
455554435488
730432342432
438373255584
713251162528
386833648032
661711554976
455553124768
730431031712
365627247008
640505153952
434346723744
709224630688
640254543200
434096112992
708974019936
382556505440
657434412384
451275982176
726153889120
365645071712
640522978656
434364548448
709226007184
365375850832
640253757776
434095327568
365644286288
640522193232
434363763024
709241669968
382824155472
657702062416
451543632208
365375589024
369923327312
644801234256
438642804048
713520710992
640253495968
434095065760
365627311696
640505218640
434346788432
709224695376
730716570976
365644350816
640522257760
713520908640
455822870880
730700777824
382808426848
657686333792
365628557664
640506464608
434348034400
709225941344
451527903584
365360121504
640238028448
730717554336
434095064464
708972971408
382555456912
657433363856
451274933648
726152840592
434363499920
709241406864
451543369104
726421276048
726422324816
382555457936
451274934672
726152841616
438390032784
713267939728
644548462992
455569901968
730447808912
365375588752
640253495696
434079597968
365360121232
640238028176
661729708688
726154218128
365376965264
640254872208
434096442000
708974348944
382556834448
657434741392
451276311184
730449185424
455554501216
640254805392
434096375184
708974282128
438641756816
713519663760
365644024144
640521931088
434363500880
709241407824
726421277008
455822869840
451543370064
730700776784
365628556624
640506463568
387103393104
661981300048
365359924832
640237831776
434079401568
708957308512
382539794016
657417700960
451259270752
365627574864
640505481808
434347051600
382807444048
657685350992
709224958544
451526920784
726404827728
730431359568
369922542160
365628294816
640506201760
434347771552
709225678496
382808164000
657686070944
451527640736
726405547680
369923262112
365645400656
640523307600
434364877392
709242784336
382825269840
657703176784
451544746576
726422653520
661997029728
455838599520
730716506464
455570164064
365375850848
640253757792
434095327584
708973234528
382555720032
657433626976
369939056224
644816963168
438658532960
713536439904
369923263072
644801170016
438642739808
713520646752
730717620640
455553189520
730431096464
438373320336
713251227280
369922279056
644800186000
387102148240
661980055184
438641755792
713519662736
365375587744
640253494688
434095064480
708972971424
382555456928
657433363872
451274933664
726152840608
369670555040
644548461984
438374369888
713252276832
386834762336
661712669280
455554239072
730432146016
730717293200
365645073040
640522979984
434364549776
709242456720
382824942224
657702849168
451544418960
726422325904
386851474064
387119122064
661997029008
455838598800
730716505744
369922475616
644800382560
438641952352
713519859296
661997095328
387102147936
661980054880
455821624672
730699531616
438373583456
713251490400
386833975904
661711882848
455553452640
730431359584
365627574880
640505481824
434347051616
709224958560
730449185168
365376965008
640254871952
434096441744
708974348688
382556834192
657434741136
451276310928
726154217872
369671932304
726153169248
369940366672
644818273616
438659843408
713537750352
365359924816
434347772496
709225679440
451527641680
726405548624
369938991696
644816898640
387118860880
661996767824
708972972624
382555458128
713537422688
365644351056
640522258000
434363827792
709241734736
709225941584
369654105424
644532012368
438373582160
713251489104
386833974608
661711881552
455553451344
730431358288
369922540880
644800447824
365628294560
438373255776
713251162720
386833648224
661711555168
455553124960
730431031904
365627247200
640505154144
434346723936
709224630880
387120236880
661998143824
455839713616
730717620560
369940367696
644818274640
438659844432
713537751376
365645400400
640523307344
438659581600
713537488544
661980252560
365627509136
640505416080
434346985872
709224892816
382807378320
365645138592
640523045536
434364615328
709242522272
382825007776
657702914720
451544484512
726422391456
369940105888
644818012832
382539794000
657417700944
451259270736
726137177680
644549510752
438391343440
713269250384
386851735888
661729642832
640254806352
434096376144
708974283088
382556768592
657434675536
451276245328
365376637600
640254544544
434096114336
708974021280
382556506784
657434413728
451275983520
365375851088
640253758032
434095327824
708973234768
382555720272
657433627216
451275197008
726153103952
369670818384
644548725328
730432080208
386850489680
661728396624
438390294864
451526919504
726404826448
438643000992
713520907936
369938991776
455554173584
730432080528
455838337680
730716244624
365644024464
726153890448
438642739856
713520646800
713267939984
455822609040
438374369632
713252276576
386834762080
369671603600
644549510544
438391080336
713268987280
386851472784
661729379728
455570949520
730448856464
369940039056
644817946000
455821888096
730699795040
369940104848
644818011792
438659581584
713537488528
387119974032
661997880976
455839450768
730717357712
387103196576
661981103520
455822673312
730700580256
438373255840
713251162784
386833648288
661711555232
455553125024
730431031968
365627247264
640505154208
434346724000
709224630944
709242717520
451526657696
726404564640
438659779168
713537686112
382807442784
365627573600
640505480544
434347050336
709224957280
451526919520
726404826464
657685349728
386833974624
661711881568
661711816016
455553385808
730431292752
387119974752
661997881696
455839451488
730717358432
640523306640
434364876432
382808492624
657686399568
451527969360
726405876304
438374632016
713252538960
386835024464
661712931408
455554501200
730432408144
387102411152
661980318096
455821887888
730699794832
730432144720
369654891856
644532798800
438374368592
713252275536
369671866720
644549773664
438391343456
713269250400
382825204064
369940302176
644818209120
438659778912
713537685856
387120171360
382823959136
657701866080
451543435872
726421342816
730700580448
455553190544
730431097488
369653844624
644531751568
438373321360
713251228304
386833713808
661711620752
708956261008
382538746512
365645138336
386834761360
661712668304
455554238096
730432145040
455822673552
730700580496
369923327632
644801234576
438642804368
713520711312
382555456848
657433363792
451274933584
726152840528
661729379680
369671603552
644549510496
438391080288
713268987232
386851472736
455570949472
730448856416
365376636256
365376636320
640254543264
434096113056
708974020000
382556505504
657434412448
451275982240
726153889184
365644286352
640522193296
434363763088
709241670032
382824155536
657702062480
451543632272
713519663440
455821625680
387102148944
730699532624
661980055888
730431097168
365627312464
640505219408
434346789200
709224696144
386850687312
661728594256
451526658640
726404565584
365627312720
640505219664
455570164048
730448070992
369922280016
644800186960
438641756752
713519663696
730432341600
451527968144
726405875088
382823958928
657701865872
451526855264
726404762208
708972972704
434079598240
708957505184
382539990688
657417897632
451259467424
726137374368
369655088800
644532995744
438374565536
713252472480
382808163744
657686070688
451527640480
726405547424
387103460000
382539729552
657417636496
451259206288
661981366944
455822936736
730700843680
365358877024
640236783968
434078353760
708956260704
382538746208
657416653152
451258222944
726136129888
661728397664
369670621536
365627312480
640505219424
365360188000
640238094944
434079664736
708957571680
382540057184
382825006480
657702913424
451544483216
726422390160
369940104592
644818011536
438659581328
713537488272
387119973776
661997880720
365628556896
640506463840
434348033632
709225940576
382808426080
661728332176
386834957712
661712864656
455554434448
730432341392
365644089680
640521996624
434363566416
709241473360
382823958864
657701865808
451543435600
726421342544
455569967440
365375654224
644531685728
438373255520
713251162464
365375587984
640253494928
434095064720
708972971664
382555457168
657433364112
451274933904
455821822560
365627312528
640505219472
434346789264
709224696208
382807181712
661996833168
365375654288
640253561232
434095131024
657434478992
451527968080
726405875024
369923589456
644801496400
438374630736
713252537680
386835023184
661712930128
455554499920
365360186704
365359924896
640237831840
434079401632
708957308576
382539794080
657417701024
451259270816
365627574928
640505481872
369654106768
451526920848
726404827792
644532013712
438373583504
713251490448
386833975952
661711882896
365375850912
640253757856
434095327648
708973234592
382555720096
657433627040
451275196832
726153103776
369670818208
644548725152
365358877088
640236784032
434078353824
708956260768
382538746272
640521930320
382823892560
657701799504
451543369296
726421276240
365644023376
434363500112
709241407056
657416653200
451258222992
726136129936
369653844368
644531751312
438373321104
387120235936
661998142880
455839712672
730717619616
708973037904
382808427168
657686334112
451527903904
726405810848
369655155296
644533062240
438374632032
713252538976
382807181648
657685088592
451526658384
726404565328
438641756496
438390032800
713267939744
386850425248
369655088544
644532995488
438374565280
713252472224
386834957728
661712864672
455554434464
730432341408
644548528480
386850490720
708973037920
438390098272
434095130976
365375654240
640253561184
451275000160
382555523424
657433430368
387119122848
661997029792
455838599584
438391409312
713269316256
386851801760
661729708704
455571278496
730449185440
661712930144
451527968096
726405875040
708957570400
382540055904
657417962848
382808491360
365628622176
640506529120
657686398304
726421277024
438643000672
713520907616
726405809504
365628556640
640506463584
365644024160
640521931104
382808425824
657686332768
434348033376
640237046432
434078616224
708956523168
382539008672
657416915616
451258485408
726136392352
369654106784
365645400672
640523307616
434364877408
709242784352
382825269856
657703176800
451544746592
726422653536
369940367968
644818274912
365627509408
640505416352
434346986144
709224893088
382807378592
657685285536
451526855328
726404762272
369922476704
644800383648
387102082656
661979989600
455821559392
730699466336
438658467488
661728331152
369670555024
644548461968
438390031760
713267938704
386850424208
455569900944
730447807888
382825203104
657703110048
451544679840
726422586784
438391407968
438391408272
713269315216
386851800720
661729707664
455571277456
730449184400
455821886864
730699793808
730431358352
369922540944
644800447888
438642017680
713519924624
657416914320
451258484112
726136391056
434096179600
708974086544
455838336336
730716243280
438658467152
455554434384
369654039888
644531946832
369923523920
644801430864
382555718992
657433625936
438643000656
713520907600
382807377232
730449119632
726154152336
365645334928
640523241872
365376899472
640254806416
434096376208
708974283152
382556768656
657434675600
382825268816
657703175760
369940366928
644818273872
438659843664
713537750608
387120236112
661998143056
455839712848
730717619792
657686071888
369922475664
644800382608
438641952400
713519859344
387102344848
661980251792
455821821584
730699728528
451543631200
726421538144
708957504864
382539990368
657417897312
451259467104
726137374048
369655088480
644532995424
438374565216
730716572064
438391409056
713269316000
386851801504
661729708448
455571278240
730449185184
451258484064
726136391008
713537489232
438659582288
730717358416
365376702800
640254609744
434096179536
708974086480
382556571984
657434478928
451276048720
726137177696
369923328592
644801235536
438642805328
713520712272
387103197776
661981104720
365358877264
640236784208
434078354000
708956260944
365359139408
640237046352
434078616144
708956523088
382539008592
657416915536
451258485328
726136392272
369654106704
644532013648
387103131296
661981038240
455822608032
387120170384
661998077328
369670817168
644548724112
438390293904
713268200848
386850686352
661728593296
438373516688
713251423632
438373582240
713251489184
386833974688
661711881632
455553451424
730431358368
365627573664
640505480608
434347050400
709224957344
369922280032
644800186976
438641756768
713519663712
365645400416
640523307360
434364877152
709242784096
382825269600
657703176544
451544746336
726422653280
369940367712
644818274656
365358877280
640236784224
365360188048
640238094992
434079664784
708957571728
382540057232
657417964176
451259533968
726137440912
369655155344
644533062288
709224892832
382807378336
657685285280
451526855072
365359072672
640236979616
434078549408
708956456352
382538941856
657416848800
451258418592
726136325536
369654039968
644531946912
365376899488
640254806432
434096376224
708974283168
382556768672
657434675616
451276245408
726154152352
369671866784
644549773728
369922540960
438374304416
387119909472
661997816416
455839386208
730717293152
438391408016
713269314960
386851800464
661729707408
455571277200
730449184144
438390295136
713268202080
386850687584
661728594528
455570164320
730448071264
455821887072
387120235856
661998142800
455839712592
434095131280
387118926480
661996833424
369670621840
644548528784
438390098576
713268005520
386850491024
661728397968
365359925904
451526854032
726404760976
369922475408
644800382352
438641952144
713519859088
387102344592
661980251536
455821821328
730699728272
365645137568
640523044512
434364614304
709242521248
382825006752
657702913696
451544483488
726422390432
369940104864
644818011808
387119122016
661997028960
455838598752
730716505696
365376702816
640254609760
365644352144
640522259088
434363828880
709241735824
382824221328
657702128272
451543698064
726421605008
644817226384
369939319440
365358877344
640236784288
434078354080
708956261024
382538746528
657416653472
451258223264
726136130208
369653844640
644531751584
365375850064
640253757008
434095326800
708973233744
382555719248
730448070224
369655154256
644533061200
365628360080
640506267024
434347836816
365360188064
640238095008
434079664800
708957571744
382540057248
657417964192
451259533984
726137440928
369655155360
369923328672
644801235616
438642805408
713520712352
644532798816
438374368608
713252275552
386834761056
661712668000
455554237792
730432144736
726152907152
369670621584
644548528528
438390098320
713268005264
386850490768
661728397712
369939057040
644816963984
451543435664
438373583184
713251490128
386833975632
661711882576
455553452368
730431359312
365645138256
730432406928
365628622224
640506529168
434348098960
709226005904
365360186768
640238093712
434079663504
708957570448
382540055952
369654826384
644532733328
713519924896
451275196768
726153103712
369670818144
644548725088
730448071008
365627312736
640505219680
434346789472
709224696416
382807181920
657685088864
451526658656
387120170656
661998077600
365358876304
640236783248
434078353040
708956259984
382538745488
657416652432
451258222224
726136129168
369653843600
644531750544
438658796128
365375588944
640253495888
434095065680
713536703072
438659581344
713537488288
365645137312
640523044256
434364614048
709242520992
382825006496
657702913440
451544483232
726422390176
369940104608
644818011552
434348100240
369939319184
644817226128
438658795920
713536702864
387119188368
661997095312
455838665104
730716572048
434363828624
709241735568
365375654304
640253561248
434095131040
708973037984
382555523488
657433430432
451275000224
726152907168
369670621600
644548528544
709225679520
434095326544
708973233488
451275195728
438391342672
713269249616
386851735120
661729642064
455571211856
730449118800
451258418768
726136325712
369940301392
644818208336
726152840864
369670555296
644548462240
438390032032
713267938976
386850424480
661728331424
455569901216
730447808160
365360186784
640238093728
434079663520
708957570464
382540055968
657417962912
451259532704
726137439648
369655154080
644533061024
365359072864
640236979808
434078549600
708956456544
382538942048
657416848992
451258418784
726136325728
369654040160
644531947104
438643000736
713520907680
369938991520
644816898464
438658468256
713536375200
387102411104
661980318048
455821887840
730699794784
365644023392
640521930336
434363500128
709241407072
382823892576
657701799520
451543369312
726421276256
369938990688
644816897632
730431097248
386833974880
661711881824
455553451616
730431358560
387120237152
365627508368
640505415312
434346985104
709224892048
382807377552
657685284496
451526854288
726404761232
365628556944
434078549648
434346789216
709224696160
369922279776
640522193504
434363763296
709241670240
369940368032
644818274976
438659844768
713537751712
387119908432
661997815376
455839385168
730717292112
657701865824
451543435616
726421342560
365359072928
640236979872
434078549664
708956456608
382538942112
657416849056
451258418848
726136325792
369654040224
644531947168
730431096208
726137113184
713536703136
661980054864
713519662416
455821624656
382807180624
657685087568
451526657360
387102147920
369922278736
386850425184
661728332128
438390031776
451276048784
726153955728
365645138320
640523045264
434364615056
709242522000
382825007504
657702914448
451544484240
726422391184
382807378272
657685285216
387103459744
661981366688
455822936480
730700843424
438391408288
713269315232
386851800736
661729707680
455571277472
730449184416
386850491040
661728397984
455569967776
730447874720
365627246160
640505153104
434346722896
369938990432
644816897376
438658467168
713536374112
387118859616
661996766560
726137439568
369655154000
644533060944
730432406864
365628622160
640506529104
434348098896
709226005840
382808491344
657686398288
365645399648
640523306592
434364876384
709242783328
382825268832
657703175776
451544745568
726422652512
369940366944
644818273888
382807377568
657685284512
451526854304
726404761248
369922475680
644800382624
438641952416
713519859360
387102344864
661980251808
434348098912
709226005856
730449184096
386850751840
365360186720
640238093664
434079663456
386835023200
369671931232
644549838176
382825007520
657702914464
451544484256
726422391200
661729381008
365376637584
640254544528
434096114320
708974021264
382556506768
657434413712
451275983504
713268988560
455570950800
369922214544
644800121488
382555720016
657433626960
451275196752
726153103696
365376702880
640254609824
434096179616
708974086560
382556572064
657434479008
451276048800
726153955744
369671670176
644549577120
434364549712
709242456656
382824942160
657702849104
451544418896
726422325840
369940040272
644817947216
438659517008
713537423952
451543696800
726421603744
382808426912
657686333856
451527903648
726405810592
365359138192
640237045136
434078614928
708956521872
382539007376
438374630800
713252537744
386835023248
661712930192
455554499984
365375587920
640253494864
434095064656
708972971600
382555457104
657433364048
451274933840
726152840784
369670555216
644548462160
382555458208
657433365152
451274934944
726152841888
438658467424
713536374368
365359138208
640237045152
434078614944
708956521888
382539007392
657416914336
451258484128
726136391072
369654105504
644532012448
438391408032
713269314976
386851800480
438642017696
661729707424
455571277216
730449184160
713251489360
386833974864
661711881808
455553451600
365359138384
640237045328
434078615120
708956522064
382539007568
657416914512
382825268576
657703175520
434364876128
709242783072
365645399392
451544745312
726422652256
661998142816
387120235872
644818273632
382807377312
657685284256
451526854048
726404760992
369922475424
644800382368
438641952160
713519859104
387102344608
661980251552
386833910352
365644352160
640522259104
434363828896
709241735840
382824221344
657702128288
451543698080
726421605024
369939319456
644817226400
365376637328
640254544272
434096114064
708974021008
382556506512
657434413456
451275983248
726153890192
369671604624
438390294112
713268201056
386850686560
387102148256
661980055200
455821624992
365375587936
640253494880
434095064672
708972971616
382555457120
657433364064
451274933856
726152840800
369670555232
644548462176
365360122208
640238029152
434079598944
708957505888
365644285520
640522192464
434363762256
709241669200
661729379664
455839385936
730717292880
365645072720
640522979664
434364549456
709242456400
369940040016
644817946960
438659516752
713537423696
726421341520
438659516064
713537423008
661711882592
455553452384
730431359328
455838403232
387103458912
661981365856
455822935648
730700842592
387118926432
661996833376
455838403168
730716310112
644817225360
382824220304
657702127248
434363827856
709241734800
434348034704
709225941648
451527903888
451543697040
726421603984
726405810832
730700778128
382808427152
713520974496
455838402960
730716309904
387102345824
661980252768
365359138128
640237045072
434078614864
708956521808
382539007312
657416914256
451258484048
726136390992
387103131040
661981037984
455822607776
730700514720
438373320352
713251227296
386833712800
661711619744
455553189536
730431096480
644800186720
438641756512
713519663456
365644351904
640522258848
434363828640
709241735584
382824221088
657702128032
451543697824
726421604768
369939319200
644817226144
387119909216
661997816160
365375849824
640253756768
434095326560
708973233504
382555719008
657433625952
451275195744
726153102688
365627311712
640505218656
434346788448
709224695392
365645399632
640523306576
434364876368
438374630992
713252537936
386835023440
661712930384
455554500176
730432407120
365628622416
386851472992
661729379936
455570949728
730448856672
657686333024
451527902816
726405809760
382823893600
657701800544
451543370336
726421277280
387119975072
661997882016
455839451808
730717358752
434096113232
708974020176
382556505680
657434412624
451275982416
726153889360
438659515984
369671603792
644549510736
438391080528
365359138400
640237045344
434078615136
730700580512
369939318160
644817225104
438658794896
369923525008
644801431952
387103394192
661981301136
713536701840
387119187344
661997094288
438643001744
713520908688
455822870928
382808425872
657686332816
382823893392
657701800336
644548528464
713268005200
369670621520
657434675792
451276245584
726154152528
369671866960
644549773904
438391343696
713269250640
386851736144
661729643088
455571212880
387119187616
661997094560
455838664352
730716571296
387103394464
661981301408
455822871200
730700778144
455839713888
434348099216
709226006160
387103458960
661981365904
438658795152
713536702096
382825268880
657703175824
365376964240
640254871184
438642805152
713520712096
730699794848
713537685920
369654892192
644532799136
438374368928
713252275872
455553189280
730431096224
365359138464
640237045408
434078615200
708956522144
382539007648
657416914592
451258484384
726136391328
369654105760
661712931424
365376636512
640254543456
382825269904
434096113248
708974020192
382556505696
657434412640
451275982432
726153889376
369671603808
438390295120
713268202064
386850687568
661728594512
455570164304
730448071248
369939253840
644817160784
438658730576
713536637520
382807180640
640236717456
434078287248
708956194192
657685087584
451526657376
726404564320
365627311456
640505218400
369922278752
387120170400
661998077344
455839647136
730717554080
438658467472
713536374416
387118859920
661996766864
455838336656
730716243600
726152840848
365644023440
640521930384
434363500176
438658795872
365375588688
640253495632
434095065424
640238028112
713536702816
438374369936
713252276880
386834762384
661712669328
455554239120
730432146064
644532996704
438374566496
713252473440
730717291936
365628295584
640506202528
434347772320
709225679264
661712669024
455554238816
730432145760
726154152272
365376899408
455571212624
730449119568
455822674512
730700581456
726153890464
369671604896
644549511840
438391081632
713268988576
386851474080
661729381024
455570950816
730448857760
365375851104
640253758048
434095327840
708973234784
382555720288
657433627232
451275197024
726153103968
369670818400
644548725344
438390359440
713268266384
713267938720
365645072992
640522979936
434364549728
709242456672
382824942176
657702849120
451544418912
726422325856
369940040288
644817947232
455821821520
369670817104
644548724048
438390293840
713268200784
386850686288
661728593232
455570163024
730448069968
369939252560
644817159504
365375588000
640253494944
434095064736
708972971680
382555457184
657433364128
451274933920
365376636560
640254543504
434096113296
708974020240
382556505744
657434412688
451275982480
726153889424
438659844512
713537751456
387119908176
455839384912
661997815120
730717291856
382540056912
451274999136
726152906080
726137112928
644817946192
640522978896
434364548688
709242455632
365645071952
369940039248
713537422928
382824941136
657702848080
451544417872
365359925648
640237832592
434079402384
708957309328
382539794832
657417701776
451259271568
726137178512
369654892944
644532799888
369654105696
644532012640
369923327584
644801234528
438642804320
713520711264
644548725072
438642805072
713520712016
365628361040
640506267984
434347837776
709225744720
382808230224
657686137168
369923328336
455553387088
730431358544
369922541136
644800448080
438642017872
713519924816
387102410320
661980317264
455821887056
730699794000
438373582416
438391081376
713268988320
386851473824
661729380768
455570950560
730448857504
455570163040
730448069984
455838598496
730716505440
369670817120
644548724064
438390293856
713268200800
386850686304
661728593248
455569967520
730447874464
387118860944
661996767888
644531685968
438373255760
713251162704
386833648208
661711555152
455553124944
730431031888
369653779024
365645335120
640523242064
434364811856
382825204304
657703111248
365376899664
640254806608
434096376400
708974283344
382556768848
730448856400
709242456416
369940040032
644817946976
438659516768
713537423712
451544418656
726422325600
434364549472
382824941920
657702848864
709224695440
730717555280
365644351136
640522258080
434363827872
709241734816
382824220320
657702127264
451543697056
726421604000
369939318432
644817225376
365628557984
640506464928
434348034720
365376636304
640254543248
434096113040
708974019984
382556505488
657434412432
451275982224
726153889168
369671603856
644549510800
438391080592
713268987536
386851473040
661729379984
455570949776
730448856720
369940039312
644817946256
382824941200
657702848144
451544417936
726422324880
369671669328
644549576272
365644089936
640521996880
434363566672
709241473616
713251161744
382824940880
657702847824
451544417616
387120171344
661998078288
455839648080
730717555024
365627509072
640505416016
434346985808
709224892752
434079598928
708957505872
708956522080
382539007584
657416914528
451258484320
726136391264
455553451360
730431358304
438373582176
713251489120
365359138144
640237045088
434078614880
708956521824
382539007328
657416914272
709241408144
451543370384
726421277328
369923524240
644801431184
438643000976
713520907920
387103393424
661981300368
455822870160
730700777104
386834958688
438390294880
713268201824
386850687328
661728594272
369939253600
644817160544
438658730336
713536637280
387119122784
365376899680
640254806624
434096376416
708974283360
382556768864
657434675808
451276245600
726154152544
369671866976
644549773920
713267939920
644532995664
438374565456
726136064336
365627246928
640505153872
434346723664
709224630608
382807116112
657685023056
451526592848
365358811472
640236718416
386834761040
661712667984
455554237776
369939056288
644816963232
438658533024
713536439968
369923263136
644801170080
438642739872
713520646816
382538745424
657416652368
451258222160
726136129104
434078288208
708956195152
382538680656
657416587600
451258157392
369653778768
644531685712
369671865680
644549772624
438391342416
713269249360
386851734864
661729641808
455571211600
369940301136
730449118544
708974282064
365376636576
640254543520
434096113312
708974020256
382556505760
657434412704
451275982496
382824155792
657702062736
438390295184
713268202128
386850687632
661728594576
455570164368
730448071312
451543632528
726421539472
365360187984
640238094928
434079664720
708957571664
382540057168
657417964112
451259533904
726137440848
369655155280
644533062224
438641953168
713519860112
382808426896
657686333840
365360122256
640238029200
434079598992
708957505936
382539991440
657417898384
438659843680
713537750624
365644350880
640522257824
434363827616
709241734560
382824220064
657702127008
386833647952
661711554896
455553124688
730431031632
365628557728
640506464672
434348034464
451543696720
365359073696
640236980640
434078550432
708956457376
382538942880
657416849824
451258419616
726136326560
369654040992
709242522256
438391343712
713269250656
386851736160
661729643104
455571212896
730449119840
387102148000
661980054944
455821624736
730699531680
382808230496
657686137440
451527707232
726405614176
369670621776
644548528720
438390098512
713268005456
386850490960
661728397904
455569967696
730447874640
451543435856
726421342800
369940366736
644818273680
438659843472
713537750416
369939253856
644817160800
438658730592
713536637536
451526592864
726404499808
365358811488
640236718432
434078288224
661711554912
369922214240
644800121184
365627246944
640505153888
644817946016
438659515808
713537422752
369671604880
644549511824
438391081616
730699531936
387118926176
451259204944
726137111888
661996833120
365644351120
387118860688
661996767632
640506529360
434348099152
709226006096
369923589712
644801496656
438643066448
713520973392
387103458896
661981365840
455822935632
709225940368
386834696800
661712603744
455554173536
730432080480
365376898400
640254805344
434096375136
708974282080
382556767584
657434674528
451276244320
726154151264
365645333856
640523240800
726422653584
365645400720
640523307664
382808230288
657686137232
451527707024
726405613968
382807443040
657685349984
451526919776
726404826720
365375851168
640253758112
434095327904
708973234848
382555720352
657433627296
730432408160
365376898640
640254805584
434096375376
708974282320
382556767824
657434674768
451276244560
726154151504
369671865936
644549772880
387102345568
661980252512
451544483168
369939252624
644817159568
438658729360
713536636304
387119121808
661997028752
455838598544
365375849872
640253756816
434095326608
386850489744
661728396688
455569966480
730447873424
657417963856
451259533648
726137440592
386835024208
661712931152
455554500944
730432407888
365360187728
640238094672
434079664464
708957309600
382539795104
657417702048
451259271840
726137178784
369654893216
644532800160
438374369952
713252276896
386834762400
387102411424
661980318368
455821888160
365375654496
640253561440
434095131232
708973038176
382555523680
657433430624
451275000416
726152907360
369670621792
644548528736
726421604688
365360186976
640238093920
434079663712
708957570656
382540056160
657417963104
451259532896
726137439840
386851735904
661729642848
451276245344
726154152288
365376899424
640254806368
434096376160
708974283104
382556768608
657434675552
365628361312
640506268256
382823893344
657701800288
451543370080
451527902560
382539991632
657417898576
451259468368
726137375312
387120237216
387119974816
661997881760
455839451552
730717358496
438390097232
713268004176
455569966416
730447873360
455838401872
730716308816
365375653200
640253560144
434095129936
708973036880
438374368912
713252275856
365359924880
640237831824
434079401616
708957308560
382539794064
657417701008
451259270800
726137177744
382823959200
657701866144
451543435936
726421342880
661981038928
730700515664
365359860048
640237766992
434079336784
708957243728
382539729232
657417636176
451259205968
726137112912
730716243360
451258484368
726136391312
369654105744
644532012688
438373582480
713251489424
386833974928
661711881872
455553451664
730431358608
661998143888
455839713680
730717620624
365645400464
640523307408
434364877200
709242784144
382825269648
657703176592
451544746384
365375849888
640253756832
434095326624
708973233568
382555719072
657433626016
451275195808
726153102752
369670817184
644548724128
382556767568
657434674512
713520711248
726405810768
365644286544
640522193488
434363763280
709241670224
382824155728
657702062672
451543632464
726421539408
661712865872
387119187360
661997094304
455838664096
730716571040
387103394208
661981301152
455822870944
730700777888
726153889440
382825204368
657703111312
451544681104
726422588048
386851736208
661729643152
644818209424
387120171664
661998078608
713269250704
365375851152
640253758096
434095327888
708973234832
382555720336
657433627280
451275197072
726153104016
369670818448
644548725392
386834957984
661712864928
455554434720
365359073888
640236980832
434078550624
708956457568
382538943072
657416850016
451258419808
726136326752
369654041184
644531948128
451276244304
726154151248
365645071968
640522978912
434364548704
709242455648
382824941152
657702848096
451544417888
726422324832
369940039264
644817946208
387102149200
661980056144
438374369696
713252276640
386834762144
661712669088
455554238880
730432145824
387119123024
661997029968
455838599760
730716506704
438390097248
369939055968
644816962912
387118925152
661996832096
713268004192
455569966432
730447873376
438658532704
713536439648
726422653328
661980317280
730448923216
438391147088
713269054032
386851539536
661729446480
455571016272
369940105808
644818012752
438659582544
713537489488
713268201808
657417636192
369923262816
644801169760
387103132000
661981038944
438374304096
726154152592
657686334096
438643002000
713520908944
657434675856
451276245648
365645335184
640523242128
434364811920
709242718864
365628361056
640506268000
434347837792
644532012704
438373582496
713251489440
386833974944
661711881888
455553451680
730431358624
365627573920
386851735952
661729642896
455571212688
365359073952
640236980896
434078550688
708956457632
382808229456
657686136400
382538943136
644532798864
438374368656
713252275600
386834761104
661712668048
455554237840
730432144784
365376899744
640254806688
434096376480
708974283424
382556768928
657434675872
451276245664
726154152608
369670882656
644548789600
438390359392
713268266336
369655089504
365358811536
640236718480
434078288272
661979990416
455821560208
730699467152
709224630672
382807116176
657685023120
451526592912
387103131984
455822608720
387118925136
661996832080
434347836752
709225743696
455822673232
387103196496
661981103440
730700580176
382808229200
657686136144
451527705936
726405612880
455571211664
730449118608
438659777936
713537684880
369671865744
644549772688
438391342480
713269249424
386851734928
369940301200
382807116368
657685023312
451526593104
726404500048
730448071056
369670818192
382807181968
657685088912
730699532944
455821626000
644548725136
438390294928
713268201872
386850687376
369922280080
644800187024
387103197840
661981104784
369653778000
644531684944
438373254736
713251161680
386833647184
661711554128
455553123920
730431030864
657416586832
365376703072
640254610016
434096179808
708974086752
382556572256
657434479200
451276048992
726153955936
709242455392
382824940896
657702847840
451544417632
726422324576
387119908192
661997815136
369940039008
644817945952
438659515744
434078550416
708956457360
726136392016
369654106448
369922541904
644800448848
387102411088
661980318032
438642018640
713519925584
455821887824
369655155024
726421539152
438658730320
387119122768
661997029712
455838599504
730716506448
369939253584
644817160528
713536637264
365644024480
640521931424
434363501216
365628556960
640506463904
434348033696
709225940640
382808426144
657686333088
451527902880
726405809824
369923524256
644801431200
387119973984
661997880928
455839450720
730717357664
365376701776
640254608720
434096178512
708974085456
382556570960
657434477904
451276047696
726153954640
369671669072
365645137232
365359139168
640237046112
434078615904
455569967760
730447874704
438658534032
713536440976
455838403216
730716310160
657701866128
708973038224
382555523728
657433430672
387102410384
661980317328
382807116192
657685023136
451526592928
726404499872
369922214304
644800121248
438641691040
713519597984
387102083488
661979990432
369923589776
644801496720
438643066512
713520973456
455822935696
730700842640
382808491664
657686398608
451527968400
726405875344
657701799248
451543369040
726421275984
382823892304
455553124704
730431031648
708956195168
382538680672
657416587616
451258157408
726136064352
455838665296
730716572240
369653778784
387119188560
661997095504
455839450512
730717357456
438658729632
387103393376
661981300320
455822870112
730700777056
387118860896
661996767840
455838337632
730716244576
709241407120
382823892624
657701799568
451543369360
726421276304
657417964128
