1396218086736
1675743299152
2775254926928
1417776825936
2517288453712
1692654732880
2792166360656
1396301989456
2495813617232
1671179896400
2770691524176
2787855648400
1417761080976
2517272708752
1692638987920
2792150615696
1396286244496
2495797872272
1671164151440
2770675779216
1413466113680
1396553976416
2496065604192
1671431883360
2770943511136
1413733845600
2513245473376
1688611752544
2788123380320
1400848943712
2500360571488
1675392026976
2774903654752
1417693989216
2517205616992
1692571896160
2792083523936
2517490828944
1675677238928
2775188866704
1418045524576
2517557152352
1692923431520
2792435059296
1413683168656
2513194796432
1688561075600
2517272004240
2500092135056
1675458414224
2774970042000
2774970763872
2500294248848
1675660528016
2775172155792
2517474118032
1396219398752
2495731026528
1671097305696
2770608933472
1413399267936
2512910895712
1688277174880
2787788802656
1400514366048
2500025993824
1400848942672
2500360570448
1675726849616
2775238477392
2787788555600
1396219151696
2770608686416
1400596941136
2500108568912
1396570409296
2496082037072
1675474848080
2774986475856
1417776810320
2517288438096
1692654717264
2792166345040
2774902606480
1417692940944
2517204568720
1692570847888
2792082475664
1396218104464
2495729732240
1671096011408
2770607639184
1413397973648
1396301989472
2495813617248
1671179896416
2770691524192
1413481858656
2512993486432
1688359765600
2787871393376
1400596956768
2500108584544
1396286244512
2495797872288
1671164151456
2770675779232
1413466113696
2512977741472
1688344020640
2787855648416
1400581211808
2500092839584
1400513382032
2500025009808
1675391288976
1396503299744
2496014927520
1671381206688
2770892834464
1413683168928
2513194796704
1688561075872
2788072703648
1400798267040
2500309894816
2770876074576
1413666409040
2513178036816
1688544315984
2788055943760
1400781507152
2500293134928
1675659414096
2775171041872
1417961376336
1417760295328
2517271923104
1692638202272
2792149830048
1413415061920
2512926689696
1688292968864
2787804596640
2500310222176
2513178085792
1688544364960
2788055992736
1400781556128
2500293183904
1675659463072
2775171090848
1417961425312
2517473053088
1692839332256
1396487915856
2495999543632
1671365822800
2770877450576
1413667785040
2513179412816
1688545691984
2788057319760
1400581556560
2500093184336
1396218086752
2774902588768
1417692923232
2517204551008
1692570830176
2792082457952
1400781556304
2500293184080
1675659463248
2775171091024
1396218153552
2495729781328
1671096060496
2770607688272
1413398022736
2512909650512
1417694299744
2517205927520
1692572206688
2792083834464
1396219480416
2495731108192
1671097387360
1396570409312
2496082037088
2788139813216
1418045245792
2517556873568
1692923152736
2792434780512
1671448316256
2770959944032
1396301973856
1418046621264
2517558249040
1692924528208
2495814977104
1671181256272
2770692884048
1400598316624
2500109944400
1675476223568
2774987851344
2788055991696
1417961424272
2517473052048
1692839331216
2792350958992
1400781555088
2500293182864
1675659462032
2775171089808
1675727555232
2775239183008
1675474864800
2774986492576
1417979202144
2517490829920
1692857109088
2792368736864
2792368802192
1400514447760
2500026075536
1675392354704
2774903982480
1417694316944
2517205944720
1692572223888
2792083851664
1418029861264
2517541489040
1417760294288
2517271922064
1418028729744
2517540357520
1692906636688
2792418264464
1675458332048
2774969959824
1396285457808
2495797085584
1396219480480
2495731108256
1671097387424
2770609015200
1413399349664
2512910977440
1688277256608
2787788884384
1400514447776
2500026075552
2512909650528
1688275929696
2787787557472
1400513120864
2500024748640
1675391027808
2774902655584
1417692990048
2517204617824
1692570896992
1692638284176
2792149911952
1418028533152
2517540160928
1692906440096
2792418067872
2792167672464
1400598268560
2500109896336
1675476175504
2774987803280
1396303349344
2495814977120
1671181256288
2770692884064
1413483218528
2512994846304
1688361125472
2787872753248
1400598316640
2500109944416
1675744331168
2775255958944
2517558200912
1396302039376
2495813667152
1671179946320
1688359815504
2787871443280
1692654782800
2792166410576
1417776875856
2517288503632
1400597006672
1675459184288
2774970812064
1417761146528
2517272774304
1417709980240
2517221608016
1692587887184
2792099514960
1417978415696
2517490043472
1413683448400
2513195076176
1688561355344
2788072983120
1396285457824
2495797085600
1671163364768
2770674992544
1413465327008
2512976954784
1396571785632
2496083413408
1671449692576
2770961320352
1413751654816
2513263282592
1688629561760
2788141189536
1400866752928
2500378380704
1688277174928
2787788802704
1417962670736
2517474298512
1417694235280
2517205863056
1692572142224
2792083770000
1413667703440
2513179331216
2792167654752
2787872687456
1417778120032
2517289747808
1692656026976
1396554745440
2496066373216
1671432652384
2770944280160
1413734614624
2513246242400
1688612521568
2495747803792
1671114082960
2770625710736
1675474929248
2774986557024
1417776891488
2517288519264
1692654798432
2792166426208
1675475110560
2774986738336
1417777072800
2517288700576
1692654979744
2792166607520
1675743299216
2775254926992
1417776826000
2517288453776
1692654732944
2792166360720
1396301989520
2495813617296
1671179896464
2770691524240
1418028796576
2517540424352
1692906703520
2792418331296
1675744413280
2775256041056
1675475109200
1418046621072
2517558248848
1692924528016
2792436155792
1671449691536
2770961319312
1396570671712
2496082299488
1671448578656
2770960206432
1413750540896
2513262168672
1675744594592
2775256222368
1688360011408
2787871639184
1417777071760
2517288699536
1692654978704
2792166606480
1396235143776
2495746771552
1671113050720
2770624678496
1413415012960
2512926640736
1688292919904
2787804547680
1400530111072
2500041738848
1400865393248
2500377021024
1675743300192
2775254927968
2512910895776
1688277174944
2787788802720
1400514366112
2500025993888
1675392273056
2774903900832
1417694235296
2517205863072
1692572142240
1692857092496
2792368720272
2770960205392
1417979529808
2517491157584
1692857436752
2792369064528
1396487916112
2495999543888
1671365823056
2770877450832
1413667785296
2513179413072
2770691508624
1692638267792
2792149895568
2512977021328
1688343300496
2787854928272
1418045572512
2517557200288
1692923479456
2792435107232
1396301989536
2495813617312
1671179896480
2770691524256
1413481858720
2512993486496
1688359765664
2787871393440
1400596956832
2500108584608
1396219480672
2495731108448
1671097387616
2770609015392
1413399349856
2512910977632
1688277256800
2787788884576
1400514447968
2500026075744
1671431866704
1692906719568
2792418347344
1675727554192
2775239181968
2775254911392
1396504364704
2496015992480
1671382271648
2770893899424
1413684233888
2513195861664
1688562140832
2788073768608
1400799332000
2500310959776
1675458414240
2774970042016
1417760376480
2517272004256
1692638283424
2792149911200
2513262954912
1688629234080
2788140861856
1400598267472
1688277256848
2787788884624
1400514448016
2500026075792
1675392354960
1396286589584
2495798217360
1671164496528
2770676124304
1418046638736
2500025795920
2774903702864
1400782603600
2500294231376
1675392075088
1396219200848
2495730828624
1671097107792
2770608735568
1413399070032
1413667522976
2513179150752
2500024748688
1675391027856
2774902655632
1417692990096
1396218153616
2495729781392
1671096060560
2770607688336
1413398022800
2512909650576
1675744676496
1396553975392
2496065603168
1671431882336
2770943510112
1413733844576
2513245472352
1688611751520
1396219151712
2495730779488
1671097058656
2770608686432
1413399020896
2512910648672
1688276927840
2517205615968
1692571895136
2792083522912
2792099252576
2792099301968
1417709767248
2517221395024
1396219480736
1396301973920
2495813601696
1671179880864
2770691508640
1413481843104
2512993470880
1688359750048
2787871377824
1400596941216
2500108568992
2787872753296
1417778185872
2517289813648
1692656092816
2792167720592
1413751654032
2513263281808
1688629560976
2788141188752
1418046621328
1400581474656
2500093102432
1417962474144
2517474101920
1692840381088
2792352008864
2792352023952
1692839283296
2792350911072
2496016255648
1671382534816
2770894162592
1417711094368
2517222722144
1692589001312
2792100629088
1413398234512
2500024698512
1675390977680
2774902605456
1417692939920
2517204567696
1692570846864
2792082474640
2787788604768
1400514168160
2500025795936
1417962472800
2517474100576
1675392075104
2774903702880
1417694037344
2517205665120
1692571944288
1413666458272
2517540357456
1692906636624
2792418264400
2513178086048
1688544365216
2788055992992
1400781556384
2500293184160
1675659463328
1417978415504
2517490043280
2513195075984
2775171040848
1417961375312
2517473003088
1417979250080
2517490877856
1692857157024
2792368784800
1418028746144
2517540373920
1692906653088
2792418280864
1396303349408
2495814977184
1671181256352
2770692884128
1413483218592
2512994846368
1688561419680
2788073047456
1396486587808
2495998215584
1671364494752
2770876122528
1413666456992
1400580180304
2500091808080
1675458087248
2774969715024
1417760049488
2517271677264
1692637956432
2792149584208
1675726522704
2775238150480
1400598071632
2500109699408
1675475978576
2774987606352
2792167475536
1417777940816
1417711027536
2517222655312
1692588934480
2792100562256
1413684495696
2513196123472
1688562402640
2788074030416
1396236191056
2495747818832
1417978136992
1413466114640
2512977742416
1688344021584
2787855649360
1417761081936
2517272709712
1692638988880
1413683448464
2513195076240
1688561355408
2788072983184
1400798546576
2500310174352
1396235143824
2495746771600
1675676453520
2775188081296
1400865392208
2500377019984
1413666653856
2513178281632
1688544560800
2788056188576
1692839331152
2792350958928
1675391026512
2774902654288
1417692988752
2517204616528
1692570895696
2792082523472
1396486587728
2495998215504
1413483170384
1675476175520
2774987803296
1417778137760
2517289765536
1692656044704
2792167672480
1417979513504
2517491141280
1692857420448
2792369048224
2792166409568
2517271725408
1400580228448
1688275928416
2787787556192
1400513119584
2500024747360
1675391026528
2774902654304
1417692988768
1396553648480
2496065276256
1671431555424
2770943183200
1688611424608
2788123052384
1400580180320
2500091808096
1675458087264
2774969715040
1396571736672
1413481908576
1400597006688
2500108634464
1675474913632
1417776875872
2517288503648
2774986541408
2512993536352
2496083364448
1400848665248
2500360293024
1675726572192
2775238199968
1396555023952
2496066651728
1671432930896
2770944558672
1413734893136
2513246520912
1688612800080
2788124427856
1400849991248
2500361619024
1675726587552
1417978219104
2517489846880
1692856126048
2792367753824
1688293967200
1396504626528
2496016254304
1671382533472
2770894161248
1413684495712
2513196123488
1688562402656
2788074030432
1400799593824
1396235143840
2495746771616
1671113050784
2770624678560
1413415013024
2512926640800
1688292919968
2787804547744
1400530111136
2500041738912
1417778136720
2517289764496
1692656043664
2792167671440
1675727882848
2775239510624
1692923217296
2792434845072
1400513119632
2500024747408
1675391026576
2774902654352
1417692988816
2517204616592
1692570895760
2792082523536
2774986820192
1692924479056
2770691573072
1400597005648
2500108633424
1675474912592
2774986540368
2792436106832
1413481907536
2512993535312
1688359814480
2787871442256
1671096059296
2770607687072
1413398021536
2512909649312
2792150960528
1413466458512
2512978086288
1688344365456
2787855993232
1417761425808
2517273053584
1692639332752
1417962423712
2517474051488
1692840330656
2792351958432
1396571784608
2496083412384
1671449691552
2770961319328
1413751653792
2513263281568
1688629560736
2788141188512
1400866751904
2500378379680
1671432915280
2770944543056
1413734877520
2513246505296
1688612784464
2788124412240
1400849975632
2500361603408
1675727882576
2775239510352
1675743348128
1396555024720
1688612800848
2788124428624
2792350894496
1396286588512
2495798216288
1671164495456
2770676123232
1413466457696
2512978085472
1688344364640
2787855992416
1400581555808
2500093183584
2500108830368
1675475109536
2774986737312
1417777071776
2517288699552
1692654978720
2792166606496
1396503381328
2496015009104
1671381288272
2770892916048
1413683250512
2513194878288
1688561157456
1417978217808
2517489845584
2770624480592
1413465344592
2512976972368
1688343251536
2787854879312
1396235979344
2495747607120
1671113886288
2770625514064
1413415848528
2512927476304
1688293755472
2787805383248
1400530946640
2500042574416
1400866751840
2500378379616
1413399070096
2512910697872
1688276977040
1396487636368
2495999264144
1671365543312
2770877171088
1413667505552
2513179133328
1688545412496
1396504349088
2496015976864
1671382256032
2774920415648
2770893883808
1413684218272
2513195846048
1688562125216
2788073752992
1400799316384
2500092054160
1396570670688
2496082298464
1671448577632
2770960205408
1413750539872
2513262167648
1688628446816
2788140074592
1400865637984
2500377265760
1675458398624
2774970026400
1417760360864
2517271988640
1692638267808
2792149895584
1417978136160
2517489763936
1692856043104
2792367670880
1692840594080
2792352221856
2500360554848
1675726834016
2775238461792
1413733828960
2513245456736
1671364495952
1688611735904
2788123363680
1418028796256
2517540424032
2774971074912
1400849975648
2500361603424
1675727882592
1396555008352
2496066636128
1671432915296
2770944543072
1413734877536
2513246505312
1400799315344
2500310943120
1675677222288
2775188850064
2788073751952
1417979184528
2517490812304
1692857091472
2792368719248
1675743611552
2775255239328
1675659658912
1400580490640
2500092118416
1675458397584
2774970025360
2512977020304
1688343299472
2787854927248
1417760359824
2517271987600
1692638266768
1396234945888
2495746573664
1671112852832
1396503381344
2496015009120
1671381288288
2770892916064
1413683250528
2513194878304
1688561157472
1671181011536
2770692639312
1413482973776
2512994601552
1688360880720
2787872508496
1400598071888
2500109699664
1675475978832
2774987606608
2512910697888
1688276977056
2787788604832
1400514168224
2500025796000
1675392075168
2774920497760
2775238460752
1413733827920
1418028795216
2517540422992
1692906702160
2775238395296
2512909584784
1688275863952
2787787491728
1400513055120
1688343037520
2787854665296
1688292705872
2787804333648
1417709766224
2517221394000
1692587673168
2792099300944
1400529897040
2500041524816
1400514431632
2500026059408
1675392338576
2774903966352
1413399333520
2512910961296
1688277240464
2787788868240
1417694300816
2517205928592
1396285213072
2495796840848
1671163120016
2770674747792
2517540112784
1418028485008
1400580180368
2500091808144
1675458087312
2774969715088
1675391026784
2774902654560
1417692989024
2517204616800
1692570895968
2792082523744
1396486588000
2495998215776
1671364494944
2770876122720
2500360242592
1675726521760
1396486523216
2495998150992
1671364430160
2770876057936
1413666392400
2792350894416
1396236191120
2495747818896
1671114098064
2770625725840
1396504626576
2496016254352
1671382533520
2770894161296
1413684495760
2513196123536
1671365806672
2770877434448
1692840643152
2792352270928
1400782867024
2500294494800
1675660773968
2775172401744
1417710029216
2517221656992
1692587936160
2792099563936
1396235209296
2495746837072
1671113116240
2770624744016
1692587952720
2792099580496
1396303104608
2495814732384
1671181011552
2770692639328
1413482973792
2512994601568
1688360880736
2787872508512
1400598071904
2500109699680
1396503579040
2496015206816
1671381485984
2770893113760
1413683448224
2513195076000
1688561355168
2788072982944
1400798546336
2500310174112
2496065324688
1671431603856
2770943231632
1692856108688
2792367736464
1413750343312
2513261971088
1688628250256
2788139878032
2517288502928
1692839282272
2792350910048
1675727898272
2775239526048
1675391026848
2774902654624
1417692989088
2517204616864
1692570896032
2792082523808
1396486588064
2495998215840
1671364495008
2770876122784
1400799316320
2500310944096
1396285213088
2495796840864
1671163120032
2770674747808
1413465082272
2512976710048
1688342989216
2787854616992
1400580180384
2500091808160
1417761425040
2517273052816
1692639331984
2792150959760
1396286588560
2495798216336
1671164495504
2770676123280
1413466457744
2512978085520
1675475978592
2774987606368
1417777940832
2517289568608
1692655847776
2792167475552
1413683447184
2513195074960
1688561354128
2788072981904
1400798545296
2500310173072
1675676452240
2775188080016
1400799382176
2500311009952
1675677289120
2775188916896
2500360506016
1675726785184
2775238412960
1396236191136
2495747818912
1671114098080
2770625725856
1413416060320
2512927688096
1688293967264
2787805595040
1400531158432
2500042786208
1675459119712
2774970747488
1417761081952
2517272709728
1692638988896
2792150616672
2770692819344
1400598251920
2500109879696
1675476158864
2774987786640
1400849713808
1417778121104
2517289748880
1418029582992
2517541210768
1692907489936
2792419117712
1400597285200
2500108912976
1675475192144
2774986819920
1417777154384
2517288782160
1692655061328
2792166689104
1396302317904
2495813945680
2774970746448
2500092839504
2792150615632
1413466113616
2512977741392
1688344020560
1400597023376
2500108651152
1675474930320
2774986558096
2517288520336
1692654799504
2792166427280
1413481925264
2512993553040
1688359832208
2788124165536
1396286572944
2495798200720
1671164479888
2770676107664
1413466442128
2512978069904
1688344349072
2787855976848
1692639316368
2792150944144
1675743561120
2775255188896
1396286588576
2495798216352
1671164495520
2770676123296
1413466457760
2770961254736
1396571720016
2496083347792
1671449626960
1413751589200
2513263216976
1688629496144
2788141123920
1396486604432
2495998232208
2500377086544
1675743365712
2775254993488
1418045327952
2517556955728
1413750360656
2513261988432
1688628267600
2788139895376
2500041541008
1675407820176
2774919447952
1417709782416
2517221410192
1692587689360
2792099317136
1396503381392
2496015009168
1671381288336
1400598267552
2500109895328
1675476174496
1417778136736
2517289764512
1692656043680
2792167671456
1417693252240
2517204880016
1692571159184
2792082786960
1396571735648
2770691573088
1400597005664
2500108633440
1675474912608
2774986540384
1688359814496
2787871442272
2496083363424
1671449642592
1400581556640
2500093184416
1675459463584
2774971091360
1417761425824
2517273053600
1692639332768
2792150960544
1396302317920
2495813945696
1671180224864
2770691852640
1413482187104
2512993814880
1688360094048
2787871721824
1400597285216
2500108912992
1417777941152
2517289568928
1692655848096
2792167475872
1396286572960
2495798200736
1671164479904
2770676107680
1413466442144
2512978069920
1688344349088
1400529848912
2500041476688
2787855976864
1396555024736
2496066652512
1671432931680
2770944559456
1413734893920
2513246521696
1688612800864
2788124428640
1400849992032
2500361619808
2495797085776
1671163364944
2770674992720
1413465327184
2512976954960
1688343234128
2787854861904
1400580425296
2500092053072
1675458332240
1396234945952
2495746573728
1671112852896
2770624480672
1413414815136
2512926442912
1688292722080
2512978085264
1400581555600
2500093183376
1675459462544
2774971090320
1688344364432
2787855992208
1396286588304
2495798216080
1675458349664
2774969977440
1675408853600
2774920481376
1417710815840
2517222443616
1692588722784
2792100350560
1692924283536
2792435911312
1400598071952
2500109699728
1675475978896
1396303104656
2495814732432
2775239525712
1396555023696
2496066651472
1671432930640
2770944558416
1413734892880
2513246520656
1692906719888
2792418347664
1400848943760
2500360571536
2517205617040
1692571896208
2792083523984
1413684497056
2500092069456
1675458348624
2774969976400
1692638217808
2792149845584
1400530945616
2500042573392
1675408852560
2774920480336
1396503577936
2496015205712
1671381484880
2770893112656
1396504348064
2496015975840
1671382255008
2770893882784
1413684217248
2513195845024
1688562124192
2788073751968
1400799315360
2500310943136
1400799331744
2500310959520
1675677238688
2775188866464
2500311008912
1692840331600
2792351959376
2500294183248
1675660462416
2775172090192
1688343299488
2787854927264
1400580490656
2500092118432
1675458397600
2774970025376
1396503643792
2496015271568
1417760359840
1396285458016
2495797085792
1671163364960
2770674992736
1413465327200
2512976954976
1688343234144
2787854861920
1400580425312
2787871639120
1418046294432
2517557922208
1692924201376
2792435829152
1396303104672
2495814732448
1671181011616
2770692639392
1413482973856
2512994601632
1688360880800
2787872508576
1400598071968
2500109699744
1400848926048
2500360553824
1675726832992
2775238460768
1692839545184
2792351172960
1417961704096
2517473331872
1692839611040
2792351238816
2788055927136
1400781490528
2500293118304
1417961359712
1396486523232
2495998151008
1671364430176
2517472987488
1675659397472
2775171025248
1413667768928
2513179396704
1688545675872
2788057303648
1400782867040
2500294494816
1675660773984
2775172401760
1417962736224
2517474364000
1400799595168
2500311222944
1675677502112
2775189129888
1418046376544
2517558004320
1413397955984
2512909583760
1688275862928
2787787490704
1400513054096
2500024681872
1692924283488
2792435911264
1675408083552
1396219463312
2495731091088
1671097370256
2770608998032
1413399332496
2512910960272
1688277239440
2787788867216
1400514430608
2500026058384
1400865376848
2500377004624
1675743283792
2775254911568
1413481843280
2512993471056
1688359750224
2787871378000
1396301974096
2495813601872
1400781489488
2500293117264
1417961358672
1675659396432
2775171024208
2517472986448
1400597285264
2500108913040
1675475192208
2774986819984
2517288782224
1675743627664
1400782866000
1417962735184
2517474362960
2775255255440
1692924283280
2792435911056
1418046376336
2500294493776
1675660772944
2775172400720
2517558004112
1417978480032
2517490107808
1692856386976
2792368014752
1396235208272
2495746836048
1671113115216
2770624742992
1413415077456
2512926705232
1688292984400
2787804612176
1400530175568
2500041803344
1396503578016
2496015205792
1671381484960
2770893112736
1413683447200
2513195074976
1688561354144
2788072981920
1400798545312
2500310173088
2512977021264
1413415781968
1400513055056
2500024682832
1413684234656
2513195862432
1688562141600
2788073769376
1396303284560
2495814912336
1417961621152
2517473248928
1692839528096
2792351155872
1396301974112
2495813601888
1671179881056
2770691508832
1413481843296
2512993471072
1688359750240
2787871378016
1400596941408
2500108569184
1400598070624
2500109698400
1417777939808
2517289567584
1692655846752
2792167474528
1675475977568
2774987605344
1417778121120
2517289748896
1692656028064
2792167655840
1396554746528
2496066374304
1671432653472
2770944281248
1413734615712
1396302317984
2495813945760
1671180224928
2770691852704
1413482187168
2512993814944
1688360094112
2787871721888
1400597285280
2500108913056
2512977741408
1688344020576
2787855648352
1400581211744
2500092839520
1675459118688
2774970746464
1417761080928
2517272708704
1692638987872
1418046293600
2517557921376
1692924200544
2792435828320
1675474930336
2774986558112
1417776892576
2517288520352
1692654799520
2792166427296
1688628463200
2788140090976
1413751589216
2513263216992
1671449626976
2770961254752
1400866687328
2500378315104
1675744594272
1688629496160
2788141123936
1671179962960
2775238395536
1418028730000
2517540357776
1692906636944
2792418264720
1400580425360
2500092053136
1396285458064
2495797085840
1671163365008
1396570491488
2496082119264
1671448398432
2770960026208
1413750360672
2513261988448
2517289747856
1692656027024
2792167654800
2495814911376
1671181190544
2770692818320
1396554745488
2496066373264
1671432652432
2770944280208
1400849712784
2500361340560
1692654798480
2792166426256
1396302055056
2495813682832
1671179962000
2770691589776
1400597022352
2500108650128
2792436090192
1418046555472
1692924462416
1413751588176
1396571718992
2792351171920
2496083346768
1671449625936
2517556954704
1692923233872
2792434861648
2496082118224
1671448397392
2770960025168
1400865457744
2500377085520
1675743364688
2775254992464
2775255173776
2513262168720
1688628447888
2788140075664
2792435042960
1396285458080
2495797085856
1671163365024
2770674992800
1413465327264
2512976955040
1688343234208
2787854861984
1400580425376
2500092053152
1688344364448
2787855992224
1400581555616
2500093183392
1675459462560
2774971090336
1417761424800
2517273052576
1692639331744
2792150959520
2792435910224
1417760295248
2517271923024
1692638202192
1396285458768
2495797086544
1671163365712
2770674993488
1400530094416
1400782620000
2500294247776
2788124427616
2792419394912
1675727897952
2775239525728
1418029860192
2517541487968
1675660708256
2775172336032
1396553976480
2496065604256
1671431883424
2770943511200
1413733845664
2513245473440
1688611752608
2788123380384
1400848943776
2500360571552
2774903654816
1417693989280
2517205617056
1692571896224
2792083524000
1675458348640
2774969976416
1417760310880
2517271938656
1692638217824
2792149845600
1675408852576
2774920480352
1417710814816
2517222442592
1692588721760
2792100349536
2513195861600
1688562140768
2788073768544
1688545364320
2788056992096
1675660462432
2775172090208
2770877122912
1417962424672
2517474052448
1413733566800
2513245194576
1688611473744
2788123101520
2770691574096
1413481908560
2512993536336
2792099301712
1396503365968
1688561142096
1675726849680
2775238477456
1692639053200
2792150680976
1417760033376
2517271661152
2495730779536
1671097058704
2770608686480
1413399020944
2512910648720
1688276927888
2787788555664
1400514119056
2500025746832
2775255958864
1692924200272
2792435828048
1400866424144
2500378051920
1396303021392
2495814649168
1671180928336
2770692556112
1417711027872
1418045246096
2774986476176
2770959944336
1400865376912
2500377004688
1675743283856
1400596941456
2500108569232
1692923153040
2792434780816
2770892900704
1688628250976
2788139878752
1400529897824
2500041525600
1417961425248
1396302039392
2495813667168
1671179946336
2770691574112
1692840330576
2792351958352
2513179084112
1688545363280
1413667456336
1396486539920
2495998167696
1671364446864
2770876074640
2517473004176
1692839283344
2792350911120
1417961425296
2517473053072
1692839332240
2792350960016
2495813667216
1671179946384
2770691574160
1418045311376
2517556939152
1417760098704
1675676255648
2775187883424
2513179133520
1688545412688
2788057040464
1396219201104
2495730828880
1671097108048
2770608735824
1413399070288
2512910698064
1688276977232
1671096060320
2770607688096
1413398022560
2512909650336
1688275929504
2787787557280
1400513120672
2500024748448
1675391027616
2787804596560
1396235192656
2495746820432
1671113099600
2770624727376
1413415061840
2512926689616
1688292968784
1688360797536
1418046293344
2517557921120
1692924200288
2792435828064
1400866424160
2770692556128
1400597988704
2500109616480
1675475895648
1418045311392
2517556939168
1692923218336
2792434846112
1692639267232
2792150895008
2517205927584
1396301974176
2495813601952
1671179881120
2770691508896
1413481843360
2512993471136
1688359750304
2787871378080
1400596941472
2500108569248
1396285262160
2495796889936
1400781489504
2500293117280
1675659396448
2775171024224
1417961358688
2517472986464
1692839265632
2792350893408
1396486522208
2495998149984
1396487898720
2495999526496
1671365805664
2770877433440
1413667767904
2513179395680
1688545674848
2788057302624
1400782866016
2500294493792
2788057253536
1675408082528
2774919710304
1417710044768
2517221672544
1692587951712
2792099579488
1675676453216
2775188080992
1675392075360
2774903703136
1417694037600
2517205665376
1692571944544
2792083572320
1396487636576
2495999264352
1671365543520
2770877171296
1400798612128
2500310239904
1675676519072
1692656092560
2792167720336
1417777072736
2517288700512
1692654979680
2792166607456
1417961620880
1400530109840
2500041737616
1675408016784
2774919644560
1675726522960
2775238150736
1417760049744
2517271677520
1692637956688
2792149584464
1418028485200
2517540112976
1692906392144
2792418019920
1675744610960
1413481908624
2512993536400
1688359815568
2787871443344
2775256238736
1413751605904
2513263233680
1688629512848
2788141140624
1417776875920
1692654979472
2792166607248
1418029598112
2517541225888
1692907505056
2792419132832
1396236191312
2495747819088
1671114098256
2770625726032
1413416060496
2512927688272
1688293967440
2787805595216
1400531158608
2500042786384
1688628250960
2788139878736
2792434846032
1418045311312
2517556939088
1692923218256
2792166345120
1400598250912
2500109878688
1675476157856
2774987785632
1417778120096
2517289747872
1692656027040
2792167654816
1396554745504
2496066373280
1671432652448
2770944280224
2788056974688
1400597022368
2500108650144
1675474929312
2774986557088
1417776891552
2517288519328
1692654798496
2792166426272
1418028485024
2517540112800
1692906391968
2792418019744
2792082524752
1396302039632
1418028534352
2517540162128
1692906441296
2770876123728
1400865442384
2500377070160
1413399349904
2512910977680
1688545412768
2788057040544
1671449625952
2770961253728
1413751588192
2513263215968
1688629495136
2788141122912
1418046555488
2517558183264
1692924462432
2792436090208
1396218153568
2495729781344
1671096060512
2770607688288
1413398022752
1413398283600
1688276190544
2787787818320
1396486849872
2495998477648
1671364756816
2770876384592
1413666719056
2788056253776
1417961686352
1396570490464
2496082118240
1671448397408
2770960025184
1413750359648
2513261987424
1688628266592
2788139894368
1400865457760
2500377085536
1396570671776
2496082299552
1671448578720
2770960206496
1413750540960
2513262168736
1418029795680
2517541423456
1692907702624
2792419330400
1675676436128
2775188063904
1396285213280
2495796841056
1671163120224
2770674748000
1413465082464
2512976710240
1688342989408
2787854617184
1400580180576
2500091808352
1418045310560
2517556938336
1692923217504
2792434845280
1671382518096
2770894145872
1400799578448
2500311206224
1675677485392
2775189113168
1400531142992
2500042770768
1675409049936
2774920677712
1418029861536
2517541489312
1692907768480
2792419396256
1413465327968
2512976955744
1417760295264
2517271923040
1692638202208
2792149829984
1688343234912
1417760098960
2517271726736
1692638005904
2792149633680
1692587674256
2792099302032
1400798333584
2500309961360
1675676240528
2775187868304
1396571456912
2500109616528
1675475895696
2774987523472
1413750539920
2513262167696
1688628446864
2788140074640
1418045507216
2517557134992
1692923414160
1675391027872
2774902655648
1417692990112
2517204617888
1692570897056
2792082524832
1396486589088
2495998216864
1671364496032
2770876123808
2513178346848
1688544626016
2788056253792
1400781817184
2500293444960
1675659724128
2775171351904
1692839593312
2792351221088
2517558248784
1675726834064
2775238461840
1418028796304
2517540424080
1692906703248
2792418331024
1413734877776
2513246505552
1688612784720
2788124412496
1418029845072
2517541472848
1692907752016
2792419379792
2517273037392
1675459447376
1400580425040
2500092052816
1675458331984
2774969959760
1692638201168
2792149828944
1692857354592
2792368982368
1396504611168
2496016238944
1671382518112
2770894145888
1396236175712
2495747803488
1671114082656
2770625710432
1418046637472
1413415012752
2512926640528
2517558265248
1692924544416
2792436172192
1692856125008
2792367752784
1396503381584
2496015009360
1671381288528
2770892916304
1413683250768
2513194878544
1688561157712
2788072785488
1396219201168
2495730828944
1671097108112
2770608735888
1413399070352
2512910698128
1688276977296
2787788605072
1400514168464
2500025796240
1396553975456
2496065603232
1671431882400
2770943510176
1413733844640
2513245472416
1688611751584
2788123379360
1400848942752
2500360570528
1692571895200
2792083522976
1396303021472
2495814649248
1671180928416
2770692556192
1413482890656
2512994518432
1688360797600
2787872425376
1400597988768
2500109616544
1675409131856
2774920759632
1417711094096
2517222721872
1692589001040
2792100628816
1418045524384
2517557152160
1692923431328
2792435059104
2517557201552
1692572142160
2792083769936
1396219398736
2495731026512
1671097305680
2770608933456
1413399267920
2512910895696
1688277174864
2787788802640
1400513316192
2500024943968
1418029778592
2517541406368
1692907685536
2792419313312
1675660461408
2775172089184
1417962423648
2517474051424
1692840330592
2792351958368
1400781818272
2500293446048
1675659725216
2775171352992
1675459135904
2774970763680
1396286573152
2495798200928
1671164480096
2770676107872
1413466442336
2512978070112
1688344349280
2787855977056
1400581540448
2500093168224
1692839283360
2792350911136
1418028484192
2517540111968
1692906391136
2792418018912
2513194862928
1413683235152
2495746558288
1671112837456
2770624465232
1413414799696
2512926427472
1688292706640
2787804334416
1396234946144
2495746573920
1671112853088
2770624480864
1413414815328
2512926443104
1688292722272
2787804350048
1400529913440
2500041541216
1688276977312
2787788605088
1400514168480
2500025796256
1675392075424
2774903703200
1417694037664
2517205665440
1692571944608
2792083572384
2774919694688
1396235192672
2495746820448
1671113099616
2770624727392
1413415061856
1692587936096
2792099563872
1417710029152
2517221656928
2770876073616
1413666408080
1396486538896
2495998166672
1671364445840
2774970762576
2788124099920
1396554696016
2513246192976
1400849663312
2500361291088
1675727570256
2775239198032
1418029532496
2517541160272
1671431801440
2770943429216
1413465082512
2512976710288
1688342989456
2787854617232
1400580180624
2500091808400
1675458087568
2774969715344
1396553648784
2496065276560
2500041786704
1688360880528
2787872508304
1396235191632
1413415060816
2512926688592
1688292967760
2787804595536
1413482973584
2512994601360
1692856109408
2792367737184
1400798333280
1396503365984
2496014993760
1671381272928
1396234930528
2495746558304
1671112837472
2770624465248
2787805595280
1400531158672
2500042786448
1675409065616
2774920693392
1417711027856
2496016254608
1671382533776
2770894161552
1400799594128
2495797873296
1671164152464
1692638988944
1400581212816
2500092840592
1675459119760
2774970747536
1413466114704
2512977742480
1688344021648
1396571539792
2496083167568
1671449446736
2770961074512
1413751408976
1400866507088
2500378134864
1413683448144
2513195075920
1688561355088
2788072982864
2792100283984
2500361275984
1675727555152
2775239182928
1413734550096
2513246177872
2512910959968
1688277239136
2787788866912
1688612457040
2788124084816
1413667702352
2513179330128
1688545609296
2788057237072
1417979201952
2517490829728
1692857108896
2792368736672
1671179897424
2770691525200
1400596957776
2500108585552
1675474864720
2774986492496
1413481859664
2512993487440
1688359766608
1400598251856
2500109879632
1417710765728
2517222393504
1692588672672
2792100300448
1413666719120
2513178346896
1688544626064
2788056253840
1400781817232
2500293445008
1675659724176
2775171351952
1417961686416
2517473314192
2517490895504
1413667718816
2513179346592
1688545625760
1413466129760
2512977757536
1688344036704
2787855664480
1418029532512
2517541160288
1692907439456
2792419067232
1396285213344
2495796841120
1671163120288
2770674748064
1413465082528
2512976710304
1688342989472
2787854617248
1400580180640
2500091808416
2513178346832
1688544626000
1400781817168
2500293444944
1675659724112
2775171351888
2513245455696
1688611734864
2788123362640
1400848926032
1396571736736
1675474913696
2774986541472
1417776875936
2517288503712
1692654782880
2792166410656
2496083364512
1671449643680
2770961271456
2775188080288
1417711012240
1396504611216
2496016238992
1671382518160
2770894145936
1413684480400
2513196108176
1418045523552
2517557151328
1692923430496
2792435058272
1675676501344
2775188129120
1675458397536
1413733827936
2513245455712
1688611734880
2788123362656
1396236191392
2495747819168
1671114098336
2770625726112
1418045311328
2517556939104
1692923218272
2792434846048
1413750344032
2513261971808
1400865442144
2500377069920
1675659724384
2775171352160
1675459397984
1417761360224
2517272988000
1692639267168
2792150894944
1400849730208
2500361357984
1675727637152
2775239264928
1396571735696
2770691573136
2496083363472
1671449642640
2770961270416
1417776874896
2517288502672
1400597005712
2500108633488
1400866702992
1692654781840
2517557200272
1396285523344
2495797151120
1671163430288
2770675058064
1413465392528
1418028795280
2517540423056
1417710028176
2517221655952
1396302318160
2495813945936
1671180225104
2770691852880
1413482187344
2512993815120
1688360094288
2787871722064
1400597285456
2500108913232
1671096321440
2770607949216
1413398283680
2512909911456
1688276190624
2787787818400
1400865441104
2500377068880
1396286573200
2495798200976
1671164480144
2770676107920
1413466442384
2512978070160
1688344349328
2787855977104
1400581540496
2500093168272
1396218414496
2495730042272
2513246521744
1688612800912
2788124428688
1400849992080
2500361619856
1675727899024
1396236175776
2495747803552
1671114082720
2770625710496
1413416044960
2512927672736
1688293951904
2787805579680
1675459396944
2774971024720
1396286522704
2495798150480
1671164429648
2770676057424
1413466391888
2512978019664
1688344298832
2787855926608
2792149829024
1675407820432
2774919448208
1417709782672
2517221410448
1692587689616
2792099317392
1396234946192
2495746573968
1671112853136
2770624480912
1396285475472
2495797103248
1671163382416
2770675010192
1400530946704
2500042574480
1675408853648
2774920481424
1417710815888
2517222443664
1692588722832
1396235979408
2495747607184
1671113886352
1400866506144
2500378133920
1675744413088
2775256040864
1396570670752
2496082298528
1671448577696
2770960205472
1413750539936
2513262167712
1688628446880
2788140074656
1400865638048
2500377265824
1396553910864
2496065538640
1671431817808
2770943445584
1413733780048
2513245407824
1688611686992
2788123314768
1400848878160
1400799382096
2500311009872
1675677289040
2775188916816
1396302318176
2495813945952
1671180225120
2770691852896
1413482187360
2512993815136
1688360094304
2787871722080
2770943428176
1396553959840
2496065587616
1671431866784
2770943494560
1413733829024
2513245456800
1688611735968
2788123363744
1400848927136
2500360554912
1400865393056
2500377020832
1675743300000
2775254927776
1413466442400
2512978070176
1688344349344
2787855977120
2770674992480
1413465326944
2512976954720
1400580425056
2500092052832
1675458332000
2774969959776
1418028812640
2517540440416
1692906719584
2792418347360
1400849647264
2500361275040
1675727554208
2775239181984
1400798333328
2500309961104
1675676240272
2775187868048
2512926427536
1688292706704
2787804334480
1396234930576
2495746558352
1671112837520
1417979201120
2517490828896
1692857108064
2792368735840
1417760376416
2517272004192
1692638283360
2792149911136
1396234946208
2495746573984
1671112853152
2770624480928
1413414815392
2512926443168
1688292722336
2787804350112
1400529913504
2500041541280
1675744610656
2775256238432
1396219414864
2495731042640
1671097321808
2770608949584
1413399284048
2512910911824
1688277190992
2787788818768
1400514382160
2500026009936
1692906702224
2792418330000
1675726833040
2775238460816
1675409131872
2774920759648
1417711094112
2517222721888
1692589001056
2792100628832
1400866769568
2500378397344
1675744676512
2775256304288
1675392272992
2774903900768
1417694235232
2517205863008
1692572142176
2792083769952
2788055991648
1692638218848
1418029532560
2517541160336
1692907439504
2792419067280
1396286260624
2495797888400
1671164167568
2770675795344
1400581227920
2500092855696
2517472987536
1692839266704
2792350894480
2770876058000
1413666392464
2513178020240
1688544299408
2788055927184
1396234930592
2495746558368
1671112837536
2770624465312
1413414799776
2512926427552
1688292706720
2787804334496
1400529897888
2500041525664
1396486850128
2495998477904
1671364757072
2770876384848
1413666719312
2513178347088
1688544626256
2788056254032
1396553958992
2792099301776
2513179396752
1692840643216
2792352270992
1400782867088
2500294494864
1675660774032
2770608932432
1400514365008
2495746837136
1671113116304
2770624744080
1413415078544
2512926706320
1688292985488
2787804613264
1400530176656
1396235209360
1692587952784
1413398283920
2512909911696
1688276190864
2787787818640
1396218414688
2495730042464
1671096321632
2770607949408
1413398283872
2512909911648
1688276190816
2787787818592
1400513381984
2500025009760
1675392289120
2774903916896
1417694251360
2517205879136
1692572158304
2792083786080
1396487850336
2495999478112
1671365757280
2770877385056
1692839282336
2792350910112
2512994534752
1396503644752
2496015272528
1671381551696
2770893179472
1413683513936
2513195141712
1688561420880
2788073048656
1400798612048
2500310239824
2792368999056
1413751409056
2513263036832
1688629316000
2788140943776
1396503316816
2496014944592
1671381223760
2770892851536
1418028795552
2517540423328
1692906702496
2792418330272
1396286260640
2495797888416
1671164167584
2770675795360
1413466129824
2512977757600
1688344036768
2787855664544
1400581227936
2500092855712
2496082364048
1671448643216
2770960270992
1396235191952
2495746819728
1671113098896
2770624726672
1413415061136
2512926688912
2774902916752
1400530158944
2500041786720
1675408065888
2774919693664
1396235191648
2495746819424
1671113098592
2770624726368
1413415060832
1692840397152
2792352024928
1675744593568
2775256221344
1396218414752
2495730042528
1671096321696
2770607949472
1413398283936
2512909911712
1688276190880
2787787818656
1400513382048
2500025009824
1675459119776
2774970747552
1417761082016
2517272709792
1692638988960
2792150616736
1396571539808
2496083167584
1671449446752
2770961074528
1413751408992
2513263036768
1688629315936
2788140943712
1400866507104
2500378134880
1675743299168
2775254926944
2500024764752
1675391043920
2774902671696
1417693006160
2517204633936
1692570913104
2792082540880
2770607704400
1413398038864
2512909666640
1396554680928
2496066308704
1671432587872
2770944215648
1413734550112
2513246177888
1688612457056
2788124084832
1400849648224
2500361276000
1396303103376
2495814731152
1671181010320
2770692638096
1400598070672
2500109698448
1417694053776
2517205681552
1692571960720
1675474864736
1400866768208
2500378395984
1675744675152
2775256302928
1418046637392
2517558265168
1692924544336
2792435124880
1418045590160
2517557217936
1400865720976
1688360094352
2787871722128
1688344020624
1400581211792
2500092839568
1675459118736
2774970746512
1400865392016
2500377019792
1413751407952
2513263035728
1688629314896
2788140942672
1400866506064
2500378133840
1675744413008
1418046375248
2517558003024
2496083347856
1671449627024
2770961254800
1400866687376
2500378315152
1675744594320
2775256222096
1418046556560
2517558184336
2500361274960
1675727554128
2775239181904
1418029516368
2517541144144
1692907423312
2792419051088
1396554679888
2496066307664
1671432586832
2775254993552
1675743365776
1418045328016
2517556955792
1413481858640
2512993486416
1688359765584
2787871393360
1400596956752
2500108584528
1675474863696
2774986491472
1413666474336
2513178102112
1688544381280
2788056009056
1400781572448
2500293200224
1675659479392
2775171107168
1692906374560
1396571735712
1675474912672
2774986540448
1417776874912
2517288502688
1692654781856
2792166409632
2496083363488
2770892834448
1671449642656
1396285278544
2495796906320
1671163185488
2770674813264
1400580245840
2500091873616
2500378396000
1400598332768
2500109960544
1675744675168
2775256302944
1396303365472
2495814993248
1671181272416
2770692900192
1413483234656
1417978218912
2517489846688
1692856125856
2792367753632
1396302318240
2495813946016
1671180225184
2770691852960
1413482187424
2512993815200
1688360094368
2787871722144
1400597285536
2500108913312
1417962473120
2517474100896
1692840380064
2792352007840
1692923217248
2792434845024
1396570473824
2496082101600
1671448380768
2770960008544
1413750343008
2513261970784
1688628249952
2788139877728
1396555024800
2496066652576
1671432931744
2770944559520
1413734893984
2513246521760
1688612800928
2788124428704
1675727882656
2775239510432
1417979529568
2517491157344
1692857436512
2792369064288
1417711093344
2517222721120
1692589000288
2792100628064
1675458349728
2774969977504
1417760311968
2517271939744
1692638218912
2792149846688
1675408853664
2774920481440
1417710815904
2517222443680
1692588722848
2792100350624
1400848681312
2500360309088
1675726588256
2775238216032
2495999478160
1671365757328
2770877385104
2792352221584
1400782817680
2500294445456
1675660724624
2775172352400
1396219414928
2495731042704
2513246520720
1671432930704
2770944558480
1692907767184
2792419394960
1396555023760
1396553910880
1396504414816
2496016042592
1671382321760
2770893949536
1413684284000
2513195911776
1688562190944
2788073818720
1400799382112
2500311009888
1417962670688
2517474298464
1692840577632
2792352205408
2517221608032
1692587887200
2792099514976
1413750295136
2513261922912
1688628202080
2788139829856
1688343250576
2787854878352
1400580441744
1692638217872
2792149845648
2500092069520
1675458348688
2774969976464
2792100349584
1396235978384
2495747606160
1671113885328
2770625513104
1413415847568
2512927475344
1688293754512
1417962489168
2517474116944
1692840396112
1413667457424
2513179085200
1688545364368
2788056992144
1396487588240
2495999216016
1671365495184
1417962424720
2517474052496
1692840331664
1688562404000
2496065537616
1671431816784
2770943444560
1413733779024
2513245406800
1688611685968
2788123313744
1400848877136
1418028746320
2788073817680
1413684282960
2513195910736
1688562189904
1400799381072
2500311008848
1675677288016
2775188915792
1417979250256
2517490878032
1692856042912
2792367670688
1675459462480
2495729714512
2770607621456
2512910911904
1688277191072
2787788818848
1400514382240
2500026010016
1675392289184
2774903916960
1417694251424
2517205879200
1692572158368
1396553958816
2496065586592
1671431865760
2770943493536
1413733828000
2513245455776
1688611734944
2788123362720
1400848926112
2500360553888
1417692939856
1692570846800
2792082474576
2787872704080
1688275929680
2787787557456
1400513120848
2500024748624
2775238133088
1417979512480
1413751671440
2513263299216
2517491140256
1692857419424
2792369047200
1413666392480
2513178020256
1688544299424
2788055927200
1400781490592
2500293118368
1675659397536
2775171025312
1400580508304
2500092136080
1400531223904
2500042851680
1675409130848
2774920758624
1417711093088
2517222720864
1692589000032
2792100627808
1400848664224
2500360292000
1675726571168
2775238198944
1413667768992
2513179396768
1688545675936
2788057303712
1400782867104
2500294494880
1675660774048
2775172401824
1417962736288
2517474364064
1688344283488
2787855911264
1417978218080
2517489845856
1692856125024
2792367752800
1675408083616
2774919711392
1417710045856
2517221673632
1692587952800
2792099580576
1675743627616
2775255255392
1417978399392
2517490027168
1692856306336
2792367934112
2770960991824
2500378052176
1413751326288
1688629233232
2770692556368
1413482890832
2512994518608
1688360797776
2787872425552
1400597988944
2774902671760
1417693006224
2517204634000
1692570913168
2792082540944
1396486605200
2495998232976
1671364512144
2770876139920
1400849974880
2500361602656
1675727881824
2775239509600
1396503644768
1413666391440
2513178019216
1688544298384
2788055926160
1400781489552
2500293117328
1675659396496
2775171024272
1417961358736
2517472986512
1671181272464
2770692900240
1400598332816
2500109960592
1675476239760
2774987867536
1396571800976
2496083428752
1671449707920
2770961335696
2792367752592
1413667767952
2513179395728
1688545674896
2788057302672
1400782866064
1417962735248
2517474363024
1692840642192
2792352269968
1417710044816
2517221672592
1692587951760
2792099579536
1396235208336
2495746836112
1671113115280
2770624743056
1413415077520
2512926705296
1400849974672
2500361602448
1400848861792
2500360489568
1675726768736
2775238396512
2774902916688
1417978480208
2517490107984
1396503643728
2496015271504
1671381550672
2770893178448
1413683512912
2513195140688
1688561419856
2788073047632
1396303021664
2495814649440
1671180928608
2770692556384
1413482890848
2512994518624
1688360797792
2787872425568
1400597988960
2500109616736
2787787573664
1400513137056
2500024764832
1675391044000
2774902671776
1417693006240
2517204634016
1692570913184
2792082540960
1396486605216
2787872507296
1400598070688
2500109698464
1675475977632
2774987605408
1417777939872
1396303365536
2495814993312
1671181272480
1692840576592
2792352204368
2512993470800
1688359749968
2787871377744
1413481843024
1413750294096
2513261921872
1688628201040
2788139828816
1675459118752
2774970746528
1417761080992
2517272708768
1692638987936
2792150615712
1396303350352
2495814978128
1671181257296
2770692885072
1413483219536
2512994847312
1688361126480
2787872754256
1417778186832
2517289814608
1400514120016
2500025747792
1417962686112
2517474313888
1692840593056
2792352220832
1396571538784
1418046375264
2517558003040
1413751407968
2513263035744
1688629314912
2788140942688
1692924282208
2792435909984
1396571720096
2496083347872
1671449627040
2770961254816
1413751589280
2513263217056
1688629496224
2788141124000
1400866687392
2500378315168
2517490042464
1396554679904
2496066307680
1671432586848
2770944214624
1413734549088
2513246176864
1688612456032
2788124083808
1400849647200
2500361274976
1396570491552
2496082119328
1671448398496
2770960026272
1413750360736
2513261988512
1688628267680
2788139895456
1400865703584
2500377331360
1675743610528
2775255238304
1675474863712
2774986491488
1417776825952
2517288453728
1692654732896
2792166360672
1675677305184
2775188932960
1413733567136
1688611474080
2788123101856
1396571719056
1413751588240
2513263216016
1688629495184
2788141122960
1418046555536
2517558183312
1692924462480
2792436090256
1675458152800
2774969780576
1417760115040
2517271742816
1692638021984
2792149649760
1396570490512
1413750359696
2513261987472
1688628266640
2788139894416
1396570670416
2496082298192
1671448577360
2770960205136
1413750539600
2513262167376
1688628446544
2788140074320
1400865637712
2500377265488
1417760114000
2517271741776
1692638020944
2792149648720
2770674993552
1413465328016
2512976955792
1688343234960
2787854862736
1400580426128
2500092053904
1417760295312
2517271923088
1400848599712
1396555023776
2496066651552
1671432930720
2770944558496
1413734892960
2513246520736
1688612799904
2788124427680
1400849991072
2500361618848
2770943428944
1413733763408
2513245391184
1688611670352
2788123298128
1400848861520
2775187802528
1417961686608
2517473314384
1692839593552
2792351221328
2517204878928
1692571158096
2792082785872
1400781817424
2500293445200
1675659724368
2788141188448
2500092069536
1675458348704
2774969976480
2500042573472
1396570670432
2496082298208
1671448577376
2770960205152
1396219218512
2495730846288
1671097125456
2770608753232
1413399087696
2512910715472
1688276994640
2787788622416
1671382518352
2770894146128
1400799578704
2500311206480
1675677485648
2775189113424
1396236175952
2495747803728
1671114082896
2770625710672
1400848860752
2500360488528
1396487588256
2495999216032
1671365495200
2770877122976
1413667457440
2513179085216
1688545364384
2788056992160
1400782555552
2500294183328
1396553909856
2496065537632
1671431816800
2770943444576
1413733779040
2513245406816
1688611685984
2788123313760
1400848877152
1396504413792
2496016041568
1671382320736
2770893948512
1413684282976
1688562189920
2788073817696
1400799381088
2500311008864
1675677288096
2775188915872
2500360504992
1675726784160
2775238411936
1396503643808
2496015271584
1671381550752
2770893178528
1418046293648
2517557921424
1692924200592
1396571457168
1400597989008
2500109616784
2495814649488
1671180928656
2770692556432
2792435828368
1400848927056
2500360554832
1413733828944
1688611735888
2513245456720
2770943494480
2788123363664
1396553959760
2496065587536
1396487587216
2495999214992
1671365494160
2770877121936
1413667456400
2513179084176
1688545363344
2788056991120
1400782554512
1692840330640
1675676175008
1675391288928
2774902916704
1417693251168
2517204878944
1692571158112
2792082785888
1396486850144
2495998477920
1671364757088
2770876384864
1692588934816
1692839594592
2792351222368
2792082524768
1396486850912
2495998478688
1671364757856
2770876385632
1413666720096
2513178347872
1688544627040
2788056254816
1400781818208
2500293445984
1396236175968
2495747803744
1671114082912
2770625710688
1413416045152
2512927672928
1688293952096
2787805579872
1400531143264
2500042771040
1675677485664
2775189113440
2787804596624
1417710029200
2517221656976
1692587936144
1671180928672
2770692556448
1413482890912
2512994518688
1688360797856
2787872425632
1675391026768
2512909649488
1688275928656
2787787556432
2774902654544
1400513119824
2500024747600
1396218152528
2495729780304
1671096059472
2787871705488
1396285524368
2495797152144
1671163431312
2770675059088
1413465393552
1400580491664
2500092119440
1675458398608
2774970026384
1396486522272
2495998150048
1671364429216
2770876056992
1413666391456
2513178019232
1688544298400
2788055926176
1400781489568
2500293117344
1692924266832
2792435894608
1396218415520
2495730043296
1671096322464
2770607950240
1413398284704
2512909912480
1688276191648
1400798595408
2500310223184
1675676502352
2775188130128
1417978464592
2517490092368
1692856371536
2792367999312
1671381535056
2770893162832
1396487898784
2495999526560
1671365805728
2770877433504
1413667767968
2513179395744
1688545674912
2788057302688
1400782866080
1400598006096
2500109633872
1675475913040
2774987540816
1417777875280
2517289503056
1692655782224
2792167410000
2770692573520
1413482907984
1675408082592
2774919710368
1417710044832
2517221672608
1418046376352
2517558004128
1692924283296
2792435911072
1692587951776
2792099579552
1400798284112
2500309911888
1692856109648
2792367737424
1413683235408
2513194863184
1688561142352
2788072770128
1396503366224
2496014994000
1671381273168
1396234930768
2775172073040
1396503643744
2496015271520
1671381550688
2770893178464
1413683512928
2513195140704
1688561419872
2788073047648
1400798611040
2500310238816
1675660461728
2775172089504
1688562125152
2788073752928
2512977021280
1418029517472
2517541145248
1692907424416
2792419052192
1417776827040
2517288454816
1692654733984
2792166361760
1400799660624
2500311288400
2788073818784
2517474101856
2495813601632
1671179880800
2770691508576
1400596941152
1675474848096
2774986475872
2787871377760
1413481843040
2512993470816
1688359749984
1675459135056
2774970762832
1396286260816
2495797888592
1671164167760
2770675795536
2787855664720
1396302235024
2495813862800
1671180141968
1400597202320
2500108830096
1675475109264
2774986737040
1671448577424
2770960205200
1396570670480
2770692885088
1413483219552
2512994847328
1688361126496
2787872754272
1692656044640
2792167672416
1413414799968
2512926427744
1688292706912
2787804334688
1400529898080
2500041525856
2792419116624
1400865442192
2500377069968
1675743349136
2775254976912
1396570474896
1688628251024
2788139878800
1413750344080
2513261971856
1396301972816
2495813600592
1671179879760
2770691507536
1413481842000
2512993469776
1688359748944
2787871376720
1417776809296
1692654716240
1396286523792
2495798151568
1671164430736
1688344299920
2787855927696
2792150894992
1417778137488
2517289765264
1418046293408
2517557921184
1692924200352
2792435828128
1396303349328
1413483218512
2512994846288
1688361125456
2787872753232
1417778185808
2517289813584
1692656092752
2792167720528
1675726570832
2775238198608
1418029581648
2517541209424
1692907488592
2792419116368
1400849712464
2500361340240
1396554745168
2496066372944
1396487636320
2495999264096
1671365543264
2770877171040
1413667505504
2513179133280
1688545412448
2788057040224
1400782603616
2500294231392
1396571719072
2496083346848
1671449626016
2770961253792
1675727619472
2775239247248
1692655043984
2792166671760
1671364494736
2770876122512
1413666456976
2513178084752
1688544363920
1400866751888
1418029517136
1400581212496
2500092840272
1675459119440
2774970747216
1417761081680
2517272709456
1396286245200
2495797872976
1671164152144
1396218152352
2495729780128
1417693251216
2517204878992
1692571158160
2792082785936
1400781817488
2500293445264
1675659724432
1396486850192
2495998477968
1671364757136
2770876384672
1396570490528
2496082118304
1671448397472
2770960025248
1413750359712
2513261987488
1688628266656
2788139894432
1396286260832
2495797888608
1671164167776
2770675795552
1413466130016
2512977757792
1688344036960
2787855664736
1400581228128
2500092855904
1396302235040
2495813862816
1671180141984
2770691769760
1413482104224
2512993732000
1688360011168
2787871638944
1400597202336
2500108830112
1396553960016
2496065587792
1671431866960
2770943494736
1413733829200
2513245456976
1688611736144
2788123363920
1400848927312
1418045573712
2787805579920
1400531143312
2500042771088
1675409050256
2774920678032
1417711012496
2517222640272
1396504611472
2496016239248
1671382518416
1417710750288
2517222378064
1692588657232
2792100285008
1413416045200
2512927672976
1688293952144
1692839610016
2792351237792
1396218415712
2495730043488
1671096322656
2770607950432
1413398284896
2512909912672
1688276191840
2787787819616
1400513383008
2500025010784
1396286572112
2495798199888
1671164479056
2770676106832
1413466441296
2512978069072
1688344348240
2787855976016
1400581539408
1396236240464
1396218152544
2495729780320
1671096059488
2770607687264
2512909649504
1688275928672
2787787556448
1400513119840
2500024747616
1400580244832
2500091872608
1675458151776
2774969779552
1396285277536
2495796905312
1413465146720
2512976774496
1688343053664
1675476223632
2774987851408
1418046359184
2517557986960
1692924266128
2792435893904
1671364494992
2770876122768
2788074079888
1396553696912
1400799594144
2500311221920
1675677501088
2775189128864
1396218152608
2495729780384
1671096059552
2770607687328
1413398021792
2512909649568
1688275928736
2787787556512
1400513119904
2500024747680
1688276978016
2517540111696
1692906390864
1671364445520
2770876073296
1413666407760
2787804285520
1418046556832
2517558184608
1692924463776
2792436091552
2495729730912
1671096010080
2770607637856
1692839282016
2792350909792
1417760048480
2517271676256
1692637955424
2792149583200
1413666407776
1675726768480
2775238396256
1396553894240
2496065522016
1671431801184
2770943428960
1413733763424
2517221657232
1396285524624
2495797152400
1671163431568
2770675059344
2500310223504
1396286245216
2495797872992
1671164152160
1418029517152
2517541144928
1688344021344
1413734549856
2513246177632
1688612456800
2788124084576
1675391288992
2774902916768
1417693251232
2517204879008
1692571158176
2792082785952
1396486850208
2495998477984
1671364757152
2770876384928
1396218415776
2495730043552
1671096322720
2770607950496
1413398284960
2512909912736
1688276191904
2787787819680
1400513383072
2500025010848
1671163364752
2770674992528
1413465326992
2512976954768
1400580425104
2500092052880
1692638201232
2792149829008
1418045262432
2517556890208
1692923169376
2792434797152
2792083589728
1396236176032
2495747803808
1671114082976
2770625710752
1413416045216
2512927672992
1688293952160
2787805579936
1400531143328
2500042771104
1400781556320
2500293184096
1675659463264
2775171091040
1396218103184
2495729730960
1671096010128
2770607637904
1413397972368
2512909600144
1396285474128
2495797101904
1671163381072
2770675008848
1413465343312
2512976971088
1688343250256
2787854878032
1400580441424
1413733778768
1396553893200
1671431800144
2770943427920
1400848860496
2500360488272
1675726767440
1418028729680
1688275879328
2787787507104
1400513070496
2500024698272
1675390977440
2774902605216
1417692939680
2517204567456
1692570846624
2792082474400
1400531224976
2500042852752
1688294033808
2787805661584
1417694053968
2517205681744
1692571960912
2792083588688
1396219217488
2495730845264
1671097124432
2770608752208
1413399086672
2512910714448
1688562140576
2788073768352
1400514366096
2500025993872
1675392273040
2774903900816
1396487587232
2495999215008
1671365494176
2770877121952
1671382600016
2770894227792
2775189195088
1400799660368
2500311288144
1675677567312
1417979529552
1692857436496
2517491157328
2792369064272
2770877368912
1396487834192
2495999461968
1671365741136
1400782801488
2500294429264
1675660708432
2775172336208
1413667703376
2513179331152
1417710814544
2517222442320
2512927475024
1688293754192
2787805381968
1400530945360
2500042573136
1675408852304
1692588721488
2792100349264
2512926427792
1688292706960
2787804334736
2495746558608
1413666720080
2513178347856
1692839594320
1671364757840
2770876385616
2792351222096
1400781818192
2500293445968
1675659725136
2775171352912
1675659725152
2775171352928
2792419117408
1675677288800
2775188916576
1417778186592
2517289814368
1692656093536
1692907751776
1675676239200
1675392337488
2774903965264
1396554745424
2496066373200
1671432652368
2500293446032
1675659725200
2775171352976
2770892900752
1396553697680
2496065325456
1671431604624
2770943232400
2512993798544
1688360077712
2500092069216
1675458348384
2774969976160
1396285474144
2495797101920
1671163381088
2770675008864
1413465343328
2512976971104
1688343250272
1396218153376
2495729781152
1400782817872
2500294445648
1675660724816
2775172352592
1675391224400
2774902852176
2792435108432
2500360555088
1675726834256
2775238462032
2770960009808
1675391027792
2774902655568
1417692990032
2517204617808
1692570896976
1396503628128
2496015255904
1671381535072
2770893162848
1413683497312
2513195125088
1688561404256
2788073032032
2774987802960
1396286260880
2495797888656
1671164167824
2770675795600
1413466130064
1688344037008
2496066324112
1671432603280
2770944231056
1675475913056
2774987540832
1417777875296
2517289503072
1692655782240
2792167410016
1396553697936
2496065325712
1417978464912
2775189179024
2792418069136
1400849975952
2500361603728
1675727882896
2775239510672
1417710029456
1396218153632
2495729781408
1671096060576
2770607688352
1413398022816
2512909650592
1688275929760
2787787557536
1400513120928
2500024748704
2500041786768
1675408065936
2774919693712
1396235191696
2495746819472
1671113098640
2787805381984
1400530945376
2500042573152
1675408852320
2774920480096
1675677287776
2500311008608
1396504413536
2496016041312
1671382320480
1396234930848
2495746558624
1671112837792
2770624465568
1413414800032
2512926427808
1688292706976
2787804334752
1400529898144
2500041525920
1675676502624
2775188130400
2496066587232
1671432866400
2770944494176
1396503627088
2496015254864
1671381534032
1671449446800
2770961074576
1413683496272
2513195124048
1688561403216
2788073030992
2770608949856
1413399284320
2512910912096
1688277191264
2787788819040
1400514382432
2500026010208
1675392289376
2774903917152
1417694251616
2500109632848
1396554680976
2496066308752
1692907424400
2792419052176
1413750294864
2513261922640
1688628201808
2788139829584
1413481859408
2512993487184
1675408000336
2774919628112
1396301990544
2495813618320
1671179897488
2770691525264
1692654733968
2792166361744
1400596957840
2500108585616
1418028484176
2517540111952
1692906391120
2792418018896
1396218103376
2495729731152
1671096010320
1692839282256
2792350910032
1396486538832
1671448315216
2770959942992
1692907424144
2792419051920
1413734549904
2513246177680
1675459119504
1400849648016
2500361275792
1396286245264
2495797873040
1671164152208
1675475913104
2774987540880
1675660707232
2496066587024
1671432866192
2775172335008
1396286260896
2495797888672
1671164167840
2770675795616
1675390977632
2774902605408
1417692939872
2517204567648
1692570846816
2792082474592
1396486538848
2495998166624
1671364445792
2770876073568
1413397956944
2512909584720
1688275863888
1396570474128
2496082101904
1671448381072
2770960008848
2787787491664
1396570425936
1692923168336
2496082053712
1400865393232
2500377021008
1675743300176
2775254927952
1417961358752
2788141139552
1400781555280
1675659462224
2500293183056
1396570474912
2496082102688
1671448381856
2770960009632
1413750344096
2513261971872
1688628251040
2788139878816
1400865442208
2500377069984
1396301972832
2495813600608
1671179879776
2770691507552
1413481842016
2512993469792
1688359748960
2787871376736
1400596940128
2500108567904
1675459398048
2774971025824
1417761360288
2517272988064
2512926377616
1688292656784
2787804284560
1400781571744
2500293199520
1675659478688
1417961441872
2517473069648
1413666474576
2513178102352
1675391044176
2774902671952
1417693006416
2517204634192
1692570913360
2792082541136
1675476223584
2774987851360
1417778185824
2517289813600
1692656092768
2792167720544
1688628201824
2517288454496
1675743299936
2775254927712
1413481859424
1688359766368
1417776826720
1396301990240
2495813618016
1675390977696
2774902605472
1417692939936
2517204567712
1692570846880
2792082474656
1396486538912
2495998166688
1671364445856
2770876073632
1418028534432
2517540162208
1400866768464
2500378396240
1675744675408
2775256303184
1396303365712
2495814993488
1671181272656
2770692900432
1413483234896
1396286245280
2495797873056
1671164152224
2770675780000
1413466114464
2512977742240
1688344021408
2787855649184
1396554959200
2496066586976
1671432866144
2770944493920
1671448578640
1413734828384
2513246456160
1688612735328
2788124363104
1400849926496
1396570473872
2496082101648
1671448380816
2770960008592
1400865441168
2500377068944
1675743348112
2775254975888
1418045310352
2517556938128
1400866425504
2500378053280
1675744332448
2775255960224
1396286522768
2495798150544
1671164429712
2770676057488
1413466391952
1400581490064
2500093117840
1675459397008
2774971024784
1418029845088
2517541472864
1675408788064
2774920415840
1417710750304
2517222378080
1692588657248
2792100285024
1692907752032
2792149845392
2500360504720
1675726783888
2775238411664
2787854878096
1396285474192
2495797101968
1671163381136
2770675008912
1413465343376
1400781769312
2500293397088
1675659676256
2775171304032
1400849925456
2500361553232
1675727832400
2775239460176
1418029794640
2517541422416
1692907701584
2792419329360
1396554958160
2496066585936
1413666474592
2513178102368
1688544381536
2788056009312
1400781572704
2500293200480
1675659479648
2775171107424
1417961441888
2517473069664
2788123314832
1418028747408
2517540375184
1692906654352
2792418282128
2792166689168
1396504414864
2496016042640
1671382321808
2770893949584
2775188916880
1400799382160
2500311009936
1675677289104
2770961320272
1675744659792
2774987852112
1413483219280
2512994847056
1688361126224
2787872754000
1417778186576
1692656093520
1400598317392
1418045310368
2517222377040
1692588656208
2500042507856
1675408787024
2774920414800
1396235912784
2495747540560
1671113819728
2770625447504
1396303365728
2495814993504
1671181272672
2770692900448
2788074030736
1413483234912
2512994862688
1688361141856
2787872769632
1400598333024
2775171303824
1692906457424
2792418085200
1692923217312
2787804531024
1688343233952
2787854861728
1400580425120
2500092052896
1675458332064
2774969959840
1417760294304
2517271922080
1692638201248
1400530945424
2500042573200
1675408852368
2774920480144
1417710814608
1688545428832
2788057056608
1400514169168
2500025796944
1675392076112
2774903703888
1417694038352
2517205666128
1396219201872
2495730829648
1671097108816
2770608736592
1417710750112
2517222377888
1692588657056
2792100284832
2775255976272
1400798545248
2500310173024
2500310222416
1675676501584
2775188129360
1396285474208
2495797101984
1671163381152
2770675008928
1413465343392
2512976971168
1688343250336
2787854878112
1400580441504
2500092069280
2788123297120
1396553893216
2496065520992
1671431800160
2517205879440
2770877385360
1692572158608
2792083786384
1413399284368
1675744414352
2775256042128
1400798611104
2500310238880
1675676518048
2787805661600
1400531224992
2500042852768
1675409131936
2774920759712
1417711094176
2517222721952
1692589001120
2792100628896
1413751654752
2513263282528
2787872754016
1418046622048
2517558249824
1692924528992
2792436156768
2792167721312
1396303350112
2495814977888
2792083770016
1418045573792
2517557201568
1692923480736
2792435108512
1396504693088
2496016320864
1671382600032
2770894227808
1413684562272
2513196190048
1688562469216
2788074096992
1400799660384
2500311288160
1396487834208
2495999461984
1671365741152
2770877368928
1413667703392
2513179331168
1688545610336
2788057238112
1396235978144
2495747605920
1671113885088
2770625512864
1413415847328
2512927475104
1688293754272
2787805382048
1400530945440
2500042573216
1692654978448
2792166606224
1675409130896
2774920758672
1675408018016
2774919645792
1417709980256
1417710832224
1400514365072
2500025992848
1675392272016
2774903899792
1417694234256
2517205862032
1692572141200
2792083768976
1675392289440
2774903917216
1417694251680
2517205879456
1692572158624
2792083786400
1396487850656
2495999478432
1671365757600
2770877385376
2770894226768
1413684561232
2513196189008
1688562468176
2788074095952
1400799659344
2500311287120
2775189194064
1417979528528
1418045262224
2517556890000
1413481859472
2512993487248
1692654733712
1413750294928
2513261922704
1688628201872
2788139829648
1688359766416
1417962669648
2517474297424
2495999460944
1671365740112
2775188146832
1396503644816
2496015272592
1671381551760
2770893179536
1413683514000
1418028484000
2517540111776
1692906390944
2792418018720
1688292918864
2787804546640
1400530110032
2500041737808
1675408016976
2774919644752
1417709979216
2517221606992
1692587886160
2792099513936
2517557217616
1692571175248
2792082803024
1396218431824
2495730059600
1671096338768
2770607966544
1675459201360
2774970829136
1418029860512
2517541488288
1692907767456
2792419395232
2792367998304
1396503627104
2496015254880
1671381534048
2770893161824
1413683496288
2513195124064
1688561403232
2788073031008
1400798594400
1692571960656
2792083588432
1396219217232
2495730845008
1671097124176
2770608751952
1413399086416
2512910714192
1688276993360
1675659479696
2775171107472
1413666474640
2513178102416
1688544381584
2788056009360
1417961441936
2517473069712
1692839348880
2792350976656
2774987539808
1671180944736
2770692572512
2496066308768
1671432587936
2770944215712
1413734550176
2513246177952
1400849648288
2500361276064
1396301990304
2495813618080
1671179897248
2770691525024
1413481859488
2512993487264
1688359766432
2787871394208
2512993487520
1688359766688
2787871394464
1400598333072
2500109960848
1675476240016
1396571801232
2496083429008
1671449708176
2770961335952
2774987867792
1400866768528
2500378396304
1417979251360
2517490879136
1692857158304
2792368786080
1418028747424
2517540375200
1692906654368
2792418282144
1688561420960
2788073048736
1396570425952
2496082053728
1671448332896
1418029516432
2517541144208
1692907423376
2792419051152
1413481858704
2512993486480
1688359765648
2787871393424
1400596956816
2500108584592
1675474863760
2774986491536
1400849713760
2500361341536
1675727620704
2775239248480
1675660526944
2775172154720
1417694053728
2517205681504
1692571960672
1675392091488
2774903719264
1396219217248
2495730845024
1671097124192
1418029861472
1413666474656
2513178102432
1688544381600
2788056009376
1400781572768
2500293200544
1675659479712
2775171107488
1417961441952
2517473069728
2792434796112
1418045261392
2517556889168
1418046622096
2517558249872
1671181257104
2770692884880
1400598317456
2500109945232
1675476224400
2774987852176
1692924529040
2792436156816
2495796906384
1671163185552
2770674813328
1413465147792
1418045523360
2517557151136
1692923430304
2792435058080
1396570473888
2496082101664
1671448380832
2770960008608
1413750343072
2513261970848
1688628250016
2788139877792
1400865441184
2500377068960
1400781817248
2500293445024
1675659724192
2775171351968
1413733583184
2513245210960
1688611490128
2788123117904
1400848681296
2500360309072
1675726588240
2775238216016
1418028550480
2517540178256
1675459397024
2774971024800
1417761359264
2517272987040
1692639266208
2792150893984
1675476240720
2774987868496
1692588919440
2792100547216
1675744396640
2775256024416
1688629234320
2788140862096
1418029794656
2517541422432
1692907701600
2792419329376
1396554958176
2496066585952
1413734827360
2513246455136
1396553910944
2496065538720
1671431817888
2770943445664
1413733780128
2513245407904
1688611687072
2788123314848
1400848878240
1396504414880
2496016042656
1671382321824
2770893949600
1413684284064
2513195911840
1688562191008
1671181257120
2770692884896
1413483219360
2512994847136
1688361126304
2787872754080
1675408787040
2774920414816
1417710749280
2517222377056
1692588656224
2792100284000
1417962424992
2517474052768
1692840331936
2792351959712
1413750539856
2513262167632
1688628446800
2788140074576
2792435041872
1396302235216
2495813862992
1671180142160
2770691769936
1413482104400
1400514169184
2500025796960
1675392076128
2774903703904
1396219201888
2495730829664
1671097108832
2770608736608
1413399071072
2512910698848
1675743349408
2775254977184
1675726784144
2775238411920
1396553909904
2496065537680
1671431816848
2770943444624
1413733779088
2513245406864
1688611686032
2788123313808
1396504413840
2496016041616
1671382320784
2770893948560
1413684283024
2513195910800
1688562189968
2788073817744
1400799381136
2770877188704
1417760359760
2517271987536
1692638266704
1413683447120
2513195074896
1417694037328
2517205665104
1692571944272
2792083572048
1417979200928
2517490828704
1692857107872
2792368735648
2792149910944
1400598250832
2500109878608
1675476157776
2774987785552
1417979250320
2517490878096
1692857157264
2792368785040
1418028746384
2517540374160
1692906653328
2792418281104
1688275929744
2787787557520
1400513120912
2517204617872
1692570897040
2792082524816
1413683512976
2513195140752
1688561419920
2788073047696
1396302235232
2495813863008
1671180142176
2770691769952
1413482104416
2512993732192
1688360011360
2787871639136
1400597202528
1675409130912
2774920758688
1417711093152
2517222720928
1692589000096
2792100627872
2512909845856
1688276125024
2787787752800
1413666458192
2513178085968
1688544365136
2788055992912
2512926624080
1688292903248
1396486589008
2495998216784
2517205862048
1692572141216
2792083768992
2513178347936
1688544627104
2788056254880
1675727619664
2792083588496
1413667521936
1396504692064
2496016319840
1671382599008
2770894226784
1413684561248
2513196189024
1688562468192
2788074095968
1400799659360
2500311287136
2770877367904
1413667702368
2513179330144
1688545609312
2788057237088
1400782800480
2500294428256
1675660707424
2775172335200
1417962669664
1400849729184
2500361356960
1675727636128
2775239263904
1396503644832
2496015272608
1671381551776
2770893179552
1413683514016
2513195141792
1675408016992
2774919644768
1417709979232
2517221607008
1692587886176
2792099513952
1417979464352
2517491092128
1692857371296
2792368999072
1396286589280
2495798217056
1671164496224
2770676124000
1413466458464
2512978086240
1688344365408
2787855993184
1400581556576
2500093184352
1400848616096
2500360243872
2500293134672
1675659413840
2775171041616
1417961376080
2517473003856
1692839283024
2792350910800
1413397973328
2512909601104
1688275880272
1692856387216
2792368014992
1692588739168
2770959960416
2495998167392
1671364446560
2770876074336
1413666408800
1400849926752
2500361554528
1675727833696
2775239461472
1396234880400
2495746508176
2517474100816
1400596941200
2500108568976
1675474848144
2774986475920
1417776810384
2517288438160
1396301973904
2495813601680
1671179880848
1688276206928
2787787834704
1400513398096
2500025025872
1417693267280
1413481843088
2512993470864
1688359750032
2787871377808
1400865375568
2500377003344
1396303350416
2517474051728
1692840330896
2792351958672
1413483219600
2512994847376
1688361126544
2787872754320
1417778186896
2517289814672
1396571538848
2496083166624
1671449445792
2770961073568
1413751408032
2513263035808
1688629314976
2792367688080
1400865393040
2500377020816
1396218104208
2495729731984
1671096011152
2770607638928
1413397973392
1675743298976
2775254926752
1671448316240
2770959944016
1675743283536
1418045245776
2517556873552
1400581490320
2500093118096
1396554679968
2512994781520
1688361060688
2787872688464
2496066307744
1671432586912
2770944214688
1413734549152
2513246176928
1396236256912
2495747884688
1671114163856
2770625791632
2775256287824
1396571785808
2496083413584
1413751654992
2513263282768
1688629561936
2788141189712
1418046622288
2517558250064
1692924529232
2770607638944
1413397973408
2512909601184
1688275880352
2787787508128
1400513071520
2500024699296
1675474863776
2774986491552
1417776826016
2517288453792
1692654732960
2792166360736
2792367949408
1692839265616
1413666391376
2792350893392
1396486522192
2495998149968
1671364429136
2770876056912
2513178019152
1688544298320
2788055926096
1400530881168
2500042508944
1675408788112
2774920415888
1396570424928
2496082052704
1671448331872
2770959959648
1413750294112
2513261921888
1688628201056
2788139828832
1400865392224
2500377020000
1675458152864
2774969780640
1417760115104
2517271742880
1692638022048
2792149649824
1400866768544
2500378396320
1675744675488
2775256303264
1688612522576
2788124150352
2496082298512
1671448577680
2770960205456
1400865638032
2500377265808
1675743544976
2775255172752
1396570670736
1413482104464
2512993732240
1396553714016
2496065341792
1671431620960
2770943248736
1413733583200
2513245210976
1688611490144
1396486539856
2495998167632
1671364446800
1400865655456
2500377283232
1675743562400
2775255190176
1396285277584
1692587672976
2792099300752
2495796905360
1671163184528
2770674812304
1413465146768
2512976774544
1688343053712
2787854681488
2512909583712
1688275862880
2787787490656
1400513054048
2500024681824
1675390960992
2513178019168
1688544298336
2788055926112
1671431619920
2770943247696
1413733582160
2513245209936
1688611489104
2788123116880
1400848680272
2500360308048
1675726587216
2775238214992
2770943429008
1413733763472
2513245391248
1688611670416
2788123298192
1400848861584
2500360489360
1413751391568
2513263019344
1688629298512
2788140926288
1675726506656
2770675780176
1400581212752
2500092840528
1675459119696
2774970747472
1396554680912
2496066308688
1671432587856
2770944215632
1400849648208
1396302235296
2495813863072
1671180142240
2770691770016
2500091856208
1413482104480
2512993732256
1688360011424
2787871639200
1400597202592
1417979463312
2517491091088
1692857370256
2792368998032
2788140942752
1396219218576
2495730846352
1671097125520
2770608753296
1413399087760
2770892850512
2512910715536
1688276994704
2787788622480
1400514185872
1692907768208
1396286589328
2495798217104
1671164496272
2770676124048
1400581556624
2500093184400
1675459463568
2774971091344
2788123313824
1400848877216
1396504413856
2496016041632
1671382320800
2770893948576
1413684283040
2513195910816
1688562189984
2788073817760
1400799381152
2500311008928
1396236192080
2495747819856
1400782621264
2500294249040
2792352025168
1671114099024
2770625726800
1413416061264
1396487653968
2495999281744
1417962670496
2517474298272
1692840577440
1396553648720
2496065276496
1671431555664
2770943183440
1413733517904
2513245145680
1688611424848
2788123052624
1400848616016
2500360243792
1413750344336
2513261972112
1688628251280
1688612456096
2788124083872
1675390978656
2774902606432
1417692940896
2517204568672
1692570847840
2792082475616
1396486539872
2495998167648
1671364446816
2770876074592
2792083572064
1396286245472
2495797873248
1671164152416
2770675780192
1413466114656
2512977742432
1688344021600
2787855649376
1400581212768
2500092840544
1417961425488
2517473053264
1692839332432
2792350960208
1396286589344
2495798217120
1671164496288
2770676124064
1413466458528
2512978086304
1688344365472
2787855993248
2513263299232
1688629578400
2788141206176
2500041722208
1675408001376
2774919629152
1396486589024
2495998216800
1671364495968
2770876123744
1413683186320
2513194814096
1688561093264
2788072721040
1692587625104
2792099252880
1396285213328
2495796841104
1671163120272
2770674748048
1417760310864
2517271938640
1396553909840
2517474380384
1675390978720
2774902606496
1417692940960
2517204568736
1692570847904
2792082475680
1396486539936
2495998167712
1671364446880
2770876074656
1675391026832
2774902654608
1417692989072
2517204616848
1692570896016
2792082523792
1692856108368
2792367736144
1675676502416
2775188130192
1671180945808
2770692573584
1671364494928
2770876122704
1688292902224
2787804530000
1400530093392
2500041721168
1400598006160
2500109633936
2775171090000
2788055991888
1417978217888
2517489845664
1692856124832
2792367752608
1417710814800
1692588721744
2517222442576
2792100349520
1396235978320
2495747606096
1671113885264
2770625513040
1413415847504
2512927475280
1675727881632
2775239509408
2787854862672
1400580426064
1675458333008
2770961008976
1400866441552
2500378069328
1675744348496
2512976759120
1688343038288
1417979528544
2517491156320
1692857435488
2792369063264
1396285474400
2495797102176
1671163381344
2770675009120
1413465343584
2512976971360
1688343250528
2787854878304
1400580441696
2500092069472
1671364429200
2770876056976
1396218086800
2495729714576
1671095993744
2770607621520
1675726768544
2775238396320
1675474848160
2774986475936
1417776810400
2517288438176
1688276206944
2787787834720
1400513398112
2500025025888
1396218430816
2495730058592
1671096337760
2770607965536
1417978464848
2517490092624
1692856371792
2792367999568
2517474297440
1692840576608
2792352204384
1413483219616
2512994847392
1688361126560
2787872754336
1400598317728
2500109945504
1675476224672
2774987852448
1417778186912
1396235978336
2495747606112
1671113885280
2770625513056
1688293754464
2787805382240
1400530945632
2500042573408
1417978481312
2517490109088
1692856388256
1413750278496
2513261906272
1675743283552
1400865376608
2500377004384
2775254911328
1688628185440
1400580426080
2500092053856
1400848861536
2500360489312
1396571785824
2496083413600
1671449692768
2770961320544
1400866753120
2500378380896
1396301972880
2495813600656
1671179879824
1417709979024
2517221606800
1692587885968
2792099513744
1396303349392
2495814977168
1671181256336
2770692884112
1400598316688
2500109944464
1396301990480
2495813618256
1675390961056
2774902588832
1417692923296
2517204551072
1692570830240
2792082458016
1675726850656
2775238478432
1675743282512
2775254910288
1396570408272
2496082036048
1417761082000
2517272709776
1418029517456
2517541145232
2770675780240
1396286245520
2770944493968
1692907702672
2792419330448
1413734828432
2513246456208
1396554959248
1400866752080
2500378379856
1675744659024
1396571784784
2496083412560
1671449691728
2770961319504
1413751653968
1692839347856
2792350975632
2517222378128
1692588657296
2792100285072
1396235913872
2495747541648
1671113820816
2770625448592
1413415783056
2512927410832
1688293690000
1675458151840
2774969779616
1417760114080
2517271741856
1692638021024
2792149648800
1417979185744
2517490813520
1692857092688
2792368720464
1396504349264
2496015977040
1417978463568
2517490091344
1692856370512
2792367998288
2495746819408
1671113098576
2770624726352
1675408065872
2774919693648
1400530158928
1675458398800
2774970026576
1396285524560
2495797152336
1671163431504
2770675059280
1675743626592
2775255254368
1692856305312
2792367933088
1396301990496
2495813618272
1671179897440
2770691525216
1413481859680
2512993487456
1688359766624
2787871394400
1400596957792
2500108585568
2770943247712
1400848680288
2775238215008
1396553712992
2496065340768
1671431619936
1396553894304
2496065522080
1671431801248
2770943429024
1413733763488
2513245391264
1688611670432
2788123298208
1400848861600
2500360489376
1675660446112
2775172073888
1396286245536
2495797873312
1671164152480
2770675780256
1413466114720
2512977742496
1688344021664
2787855649440
2770876336544
1417760310608
2517271938384
1675408016720
2774919644496
1417709978960
2517221606736
1692587885904
2792099513680
1400798545232
2500310173008
1671164168848
2770675796624
2788123117920
1675659674976
2775171302752
1400848876896
2500360504672
1396235142496
2495746770272
2792436173408
1400598006416
1675726767712
2775238395488
1400848877200
2500360504976
1417760310928
2517271938704
1396285474448
2495797102224
1671163381392
2770675009168
1413465343632
2512976971408
1396553893264
2496065521040
1671431800208
2770943427984
1413733762448
2513245390224
1688611669392
2787805596000
1400531159392
2500042787168
1675409066336
2774920694112
1417711028576
2517222656352
1692588935520
2792100563296
1396487653984
2495999281760
1671365560928
1396571540128
2496083167904
1671449447072
2770961074848
1417710028128
2517221655904
1692587935072
2792099562848
1417978463584
2517490091360
1692856370528
2787788621456
1400514184848
1692654994832
2792166622608
1417978414480
2517490042256
1692856321424
2792367949200
1417777087888
2517288715664
1671449692752
2770961320528
1400866753104
2500378380880
1675744660048
1400848860560
2500360488336
1675726767504
2775238395280
1400782621280
2500294249056
1675660528224
2775172156000
1396218365344
2495729993120
1671096272288
2770607900064
1413398234528
2512909862304
1688276141472
2787787769248
1400513332640
2500024960416
1671114098000
2770625725776
1671365559888
2770877187664
1413416060240
2512927688016
1688293967184
2787805594960
1400531158352
2500042786128
1396487652944
2495999280720
1688545610384
2788057238160
1396487834256
2495999462032
1400530945680
2500042573456
1675408852624
2774920480400
1692587887248
2792099515024
1671113050768
2770624678544
1413415013008
2512926640784
1688292919952
2787804547728
1400530111120
2500041738896
2517540358544
1675458333072
2774969960848
1692906637712
2775238396304
1396285458832
2495797086608
1671163365776
1396285474464
2495797102240
1671163381408
2770675009184
2792150616400
1413465343648
2512976971424
1688343250592
2787854878368
1400580441760
2500025812624
1675392091792
2774903719568
1413733500256
2513245128032
1688611407200
1692856322640
2792367950416
1396503579216
2496015206992
1671381486160
2770893113936
1400798546512
2500310174288
1675676453456
2775188081232
1417961687456
2517473315232
1692839594400
2792351222176
1417761098144
2517272725920
1692639005088
2792150632864
1400799397216
2500311024992
1675677304160
2775188931936
1396303350368
2512977037968
1688343317136
2787854944912
2495814978144
1671181257312
1688611473056
2788123100832
1396503628192
1675677485472
2775189113248
2496015255968
1671381535136
2770893162912
1413683497376
2513195125152
1688561404320
2788073032096
1400513071760
2500024699536
2495746753888
1671113033056
2770624660832
1413414995296
2512926623072
1688292902240
2787804530016
1400530093408
2500041721184
1675408000352
1692839331424
2792350959200
1396235978400
2495747606176
1671113885344
2770625513120
1413415847584
2512927475360
1688293754528
2787805382304
1400530945696
1396285458848
2495797086624
1671163365792
2770674993568
1413465328032
2512976955808
1688343234976
2787854862752
1400580426144
2500092053920
1396571474272
2496083102048
1671449381216
2770961008992
1413751343456
2513262971232
1688629250400
2788140878176
1400866441568
2500378069344
2775172073056
1396503627152
2496015254928
1671381534096
2770893161872
1413683496336
2513195124112
1688561403280
2788073031056
1400798349984
2500309977760
1675676256928
2775187884704
1692655781264
2792167409040
1692654717536
2792166345312
1688612783504
2788124411280
1417777874256
2517289502032
1692655781200
2792167408976
1413733763680
2513245391456
1688611670624
2788123298400
1413481859728
2512993487504
1688359766672
2787871394448
1675474864784
2774986492560
1417776827024
2517288454800
1413750295184
2513261922960
2517204895056
1692571174224
2792082802000
1688628202128
1418045262480
2517556890256
1396570426000
1692654717328
2792166345104
2496082053776
1671448332944
2770959960720
1675391239760
2774902867536
1417693202000
2517204829776
1692571108944
2792082736720
1417961637456
2517473265232
1675409065296
2774920693072
1396218365536
2495729993312
1671096272480
2770607900256
1413398234720
2512909862496
1688276141664
2787787769440
1400513332832
2500024960608
1692839265696
1675474847136
2774986474912
1417776809376
2517288437152
1692654716320
2792166344096
2787788556624
1413667522128
2513179149904
1688545429072
2788057056848
1417962489424
2517474117200
1692840396368
2792352024144
1675392091728
2774903719504
1396285213008
2495796840784
1671163119952
2770674747728
1413465082192
1692587935120
1417978463632
2517490091408
2792099562896
2770624726416
1413415060880
2512926688656
1688292967824
2787804595600
1400530158992
1400598316704
2500109944480
1675476223648
2774987851424
1417778185888
2517289813664
1692656092832
1400866440544
2500378068320
2500109632864
2787872441696
1692655781216
2792167408992
1675475912032
1417778137504
2517289765280
1692656044448
2792167672224
1688344365648
2787855993424
1417761426000
2517273053776
1692639332944
2792150960720
1396286589520
2495798217296
1671164496464
2770676124240
1692656093840
2792167721616
1400782620240
2500294248016
1675660527184
2775172154960
1396570408288
2496082036064
1671448315232
2770959943008
1413750277472
2513261905248
1396554959264
2496066587040
1671432866208
2770944493984
1417777088144
2517288715920
1692654995088
2792166622864
1396503578256
2496015206032
1671381485200
2770893112976
1413683447440
2513195075216
1675408018064
2774919645840
1396571784800
2496083412576
1671449691744
2770961319520
1413751653984
2513263281760
1688629560928
2788141188704
1400866752096
1675676173984
2775187801760
1418029582928
2517541210704
1692907489872
2792419117648
1396218365600
2495729993376
1671096272544
2770607900320
1413398234784
2512909862560
1688276141728
2787787769504
1400513332896
2500024960672
1417961686624
2517473314400
1692839593568
2792351221344
1688293690016
2787805317792
1400530881184
2500042508960
1418029599392
2517541227168
1692907506336
2792419134112
2775239199328
1396571736656
2496083364432
1671449643600
2770961271376
1692571945296
2792083573072
1413667506512
2513179134288
1688545413456
2788057041232
1413399071056
2512910698832
1688276978000
2787788605776
1418029794704
2517541422480
1692907701648
1396554958224
2496066586000
1671432865168
2770944492944
1413734827408
2513246455184
1688612734352
1396504349280
2496015977056
1671382256224
2770893884000
1413684218464
2513195846240
1688562125408
2788073753184
1675392091744
2774903719520
1417694053984
2517205681760
1692571960928
2792083588704
1396487652960
2495999280736
1671365559904
1692639250080
1413415060896
2512926688672
1688292967840
2787804595616
1400530159008
2500041786784
1675458398816
2774970026592
1417760361056
2517271988832
1692638268000
2792149895776
2495814978192
1671181257360
2770692885136
2774987852432
1400598317712
2500109945488
1675476224656
2775256287888
1671449692816
2770961320592
2792100284048
1400530880144
2500042507920
1675408787088
2774920414864
1417710749328
1400799577488
2500311205264
1675677484432
2775189112208
2788140156240
1413684217424
2513195845200
1688562124368
2788073752144
1400799315536
2500310943312
1675677222480
2775188850256
1417979184720
2517490812496
1400514169232
2500025797008
1675392076176
2774903703952
1417694038416
2517205666192
1692571945360
1396219201936
2495730829712
1671097108880
1418046375328
2517558003104
1692924282272
2792435910048
2774970025552
1417760360016
2517271987792
1692638266960
2792149894736
2770675058256
1413465392720
1396553893280
2496065521056
1671431800224
2770943428000
2792352008544
1400782604640
2500294232416
1675660511584
2775172139360
1417694038368
2787788605792
1396286507408
2495798135184
1671164414352
2770676042128
1400798348944
2500309976720
1675676255888
2775187883664
1692840380752
2792352008528
1396487637328
2495999265104
1671365544272
2770877172048
1400782604624
2500294232400
1675660511568
2775172139344
2512927689040
1688293968208
2787805595984
1413465392480
2512977020256
1396234946896
2495746574672
1400529914192
2500041541968
2787804350800
1413733762640
2513245390416
1688611669584
2774903719584
1417694054048
2517205681824
1692571960992
2792083588768
1396303350432
2495814978208
1671181257376
2770692885152
2792150895248
1396218088016
2495729715792
1671095994960
2770607622736
1413397957200
2512909584976
1688275864144
2787787491920
1400513055312
2500024683088
1418029516448
2517541144224
1675677566544
2775189194320
1396504693152
2496016320928
1671382600096
2770894227872
1413684562336
2513196190112
1675391305040
2774902932816
1671364773200
2770876400976
1396218430800
2495730058576
1671096337744
2770607965520
1413398299984
2512909927760
2517222655328
1692588934496
2792100562272
2787805594976
1400531158368
2500042786144
1675409065312
2774920693088
1417711027552
1418046572896
2517558200672
1692924479840
2792436107616
2792436157008
1688545610400
2788057238176
1400782801568
1413667523152
2513179150928
1688545430096
2788057057872
2500293379744
1675408018080
1400531159376
2500042787152
1675676436064
1418046638752
2517558266528
1692924545696
2792436173472
1417979528592
2517491156368
1396504692112
2496016319888
1671382599056
2770894226832
1413684561296
2513196189072
1688562468240
2788074096016
1396503579232
2496015207008
1675744347536
2775255975312
1688360813968
2787872441744
1417778136464
2517289764240
1692656043408
2792167671184
1417962669712
2517474297488
1692840576656
2792352204432
1396487833232
2495999461008
1671365740176
2770877367952
1413667702416
2513179330192
2512926639760
1688292918928
2787804546704
1400530110096
2500041737872
1675408017040
2774919644816
1417709979280
2517221607056
1692587886224
1413666735456
2513178363232
1688544642400
2788056270176
1417961702752
2517473330528
1413684299088
2513195926864
1688562206032
2788073833808
1396555024976
2496066652752
1671432931920
2770944559696
1413734894160
2513246521936
1688612801104
2788124428880
1400849992272
2500361620048
1413683447376
2513195075152
1688561354320
2788072982096
1417978414672
2517490042448
1692856321616
2792367949392
1396503578192
2496015205968
1396236192096
2495747819872
1671114099040
2770625726816
1413416061280
2512927689056
1688293968224
1418029598352
2517541226128
1692907505296
1396503627168
2496015254944
1671381534112
2770893161888
1413683496352
2513195124128
1688561403296
2788073031072
1692571960976
2792083588752
1413667522192
1417760098640
1417961703760
2517473331536
1692839610704
2792351238480
1396486867280
2495998495056
1671364774224
2770876402000
1413666736464
2513178364240
1675475912096
2774987539872
1417777874336
2517289502112
1413683186000
2513194813776
1688561092944
2788072720720
1692655781280
2792167409056
1396303037856
2495814665632
1671180944800
2770692572576
1413482907040
2512994534816
1688360813984
2787872441760
1400598005152
2500109632928
1413483154000
2512994781776
1688361060944
2787872688720
2774987786832
1396303284816
2495814912592
1671181191760
2770692819536
1418028485264
2517540113040
1692906392208
2792418019984
2774919628128
1418046555808
2517558183584
1688561158800
2788072786576
1692924462752
2792436090528
2513262970208
2788140877152
1418046309728
2517557937504
1692924216672
2792435844448
1396571473248
2496083101024
1671449380192
2495798134352
1671164413520
2770676041296
1400798595488
2500310223264
1675676502432
2775188130208
1396570426016
2496082053792
1671448332960
2770959960736
1413750295200
2513261922976
1396286589536
1671432915600
2770944543376
2495798217312
1671164496480
2770676124256
1413466458720
2512978086496
1688344365664
2787855993440
1418029795920
2517541423696
1692907702864
2792419330640
1418045261408
2517556889184
1692923168352
2792434796128
1675676256592
2775187884368
1417709783376
2517221411152
1692587690320
2792099318096
1413414816080
2512926443856
1688292723024
1400782604688
2500294232464
1675660511632
2775172139408
1417962473872
2517474101648
2792083573136
1688545413520
2788057041296
1692840380816
1671431621200
2770943248976
2495730845344
1671097124512
2770608752288
1413399086752
2512910714528
1688276993696
2787788621472
1400514184864
2500025812640
1675392091808
1417760049504
2517271677280
1692637956448
2792149584224
1396285213024
2495796840800
1671163119968
2770674747744
2792434796176
1413750294160
2513261921936
1688628201104
2788139828880
1418045261456
2517556889232
1692923168400
1400865392272
2500377020048
1400581556832
2500093184608
1675459463776
2774971091552
1417761426016
2517273053792
1692907768416
1418028550544
2517540178320
1692906457488
2792418085264
1396553714064
2496065341840
1671431621008
2770943248784
1413733583248
2513245211024
2787854615888
1692637955408
2792149583184
1671163118928
2770674746704
1688342988112
1400580179280
2500091807056
1675458086224
1413465081168
1396234946912
2495746574688
1671112853856
2770624481632
1413414816096
2512926443872
1688292723040
2787804350816
1400529914208
2500041541984
1671164495440
2770676123216
1400581555792
2500093183568
1675459462736
2774971090512
1413466457680
2512978085456
1688344364624
2787855992400
1688276978080
2787788605856
1400514169248
2500025797024
1675392076192
2774903703968
1417694038432
2517205666208
1692571945376
2792083573152
1396554958240
2496066586016
1671432865184
2770944492960
1413734827424
2513246455200
1688612734368
2788124362144
1400849925536
2500361553312
1396486522448
2495998150224
1671364429392
2770876057168
1413666391632
2513178019408
1688544298576
2788055926352
1400781489744
2500293117520
1675408787104
2774920414880
1418029844896
2517541472672
1692907751840
2792419379616
1417710749344
2517222377120
1692588656288
2792100284064
2787788556880
1400514120272
2500025748048
1675392027216
2774903654992
1417693989456
2517205617232
1692571896400
2792083524176
1400513316432
2500024944208
1675391223376
2774902851152
2788056270224
1413666735504
2513178363280
1688544642448
1417961702800
2517473330576
1692839609744
2792351237520
1400781833616
2500293461392
1413684496032
2513196123808
1688562402976
2788074030752
1400781769120
2500293396896
1675659676064
2775171303840
1400581229200
1396504348256
2496015976032
1671382255200
2770893882976
1418028550496
2517540178272
1692906457440
2792418085216
1675744348512
2775255976288
1675676501600
1396570753616
2496082381392
1671448660560
2770960288336
2775188129376
2770877172064
1671432865376
2770944493152
1675407821152
2774919448928
1417709783392
2517221411168
1692587690336
2792099318112
1400866507424
2500378135200
1675744414368
2775256042144
2517204551264
1692570830432
2792082458208
1396486522464
2495998150240
1671364429408
2770876057184
1413666391648
2513178019424
1688544298592
1417760114064
2517271741840
1692638021008
2792149648784
2787788604816
1400514168208
2500025795984
1675392075152
2774903702928
1417694037392
2517205665168
1692571944336
2792083572112
2792369047952
1413666458208
2513178085984
1688544365152
2788055992928
1692924201568
1671096337824
2770607965600
1413398300064
2512909927840
1688276207008
2787787834784
1400513398176
2500025025952
1675391305120
2774902932896
1400798594448
2500310222224
1675676501392
2775188129168
1400581556880
2500093184656
1675459463824
2774971091600
1418029861520
2517541489296
1396555025040
2496066652816
1671432931984
2770944559760
1417761424720
2517273052496
1692639331664
2792150959440
1675660510544
2775172138320
1396487636304
2495999264080
1671365543248
1396236192160
2495747819936
1671114099104
2770625726880
1413416061344
2512927689120
1688293968288
2787805596064
1400531159456
2500042787232
1400529913168
2500041540944
1675407820112
2774919447888
1413414815056
2512926442832
1688292722000
2787804349776
1396234945872
2495746573648
1671364496016
2770876123792
1400781556368
2500293184144
1675659463312
1413666458256
2513178086032
1688544365200
2788055992976
1396218086992
2495729714768
1671095993936
2770607621712
1413397956176
2512909583952
1688275863120
2787787490896
1400513054288
2500024682064
1396504692128
2496016319904
1671382599072
2770894226848
1413684561312
2513196189088
1688562468256
2788074096032
1692856306000
2792367933776
1396487833248
2495999461024
1671365740192
2770877367968
1413667702432
2513179330208
1688545609376
2788057237152
1400782800544
2500294428320
1418028533408
2517540161184
1692906440352
2792418068128
2792434795856
1396286589600
2495798217376
1671164496544
2770676124320
1413466458784
2512978086560
1688344365728
2787855993504
1400581556896
1396503578208
2496015205984
1671381485152
2770893112928
1413683447392
1418045589856
2517557217632
1692923496800
2792435124576
2513195075168
2500378052256
1675744331424
2775255959200
2792099318160
1675407821200
2774919448976
1396503382416
2496015010192
1671381289360
2770892917136
1413666736480
2513178364256
1688544643424
2788056271200
1400781834592
2500293462368
1417961703776
2517473331552
1396218366288
2495729994064
1671096273232
2770607901008
1413398235472
2512909863248
1688276142416
2787787770192
1400513333584
2500024961360
1675476159072
1418029843856
2774987786848
1417778121312
2517289749088
2517288781200
1692655060368
1692656028256
2792167656032
1418028730976
2517540358752
1692906637920
2792418265696
1396218366304
2495729994080
1671096273248
2770607901024
1413398235488
2512909863264
1688276142432
2787787770208
1400513333600
2500024961376
1418028549456
2517540177232
2792418084176
2770959944080
1675743283600
2775254911376
1400865376656
2500377004432
1418045245840
2517556873616
2792099317328
1400781833552
2500293461328
1675659740496
2775171368272
1417760295504
2517271923280
1413465328208
2512976955984
1688343235152
2787854862928
1396553894480
2496065522256
1671431801424
2770943429200
1396234946976
2495746574752
1671112853920
2770624481696
1413414816160
1400866753168
2500378380944
1675744660112
1396571785872
2496083413648
2517474313808
1413751655056
2513263282832
1688629562000
2788141189776
1413482908048
2512994535824
1688360814992
2787872442768
1400598251088
2500109878864
1675476158032
2774987785808
1417778120272
2517289748048
1692656027216
2792167654992
1396303283792
2495814911568
2774986754448
1413465344400
2512976972176
1688343251344
2787854879120
1417777088912
2517288716688
2770608736656
2792083523920
1417693989200
1396218366368
2495729994144
1671096273312
1396570424992
2496082052768
1671448331936
2770959959712
1413750294176
2513261921952
1688628201120
2788139828896
1400865392288
2500377020064
2792150944080
1688544364112
1413666457168
2513178084944
1417694055056
2517205682832
1692571962000
2792083589776
1418045572768
2517557200544
1692923479712
2792435107488
1396504348240
2496015976016
1671382255184
2770893882960
1396553714080
2496065341856
1671431621024
2770943248800
1413733583264
2513245211040
1688611490208
1400848681376
2500360309152
1675727620512
2775239248288
1675743300240
2775254928016
2774969714016
1396285212000
2495796839776
1671163118944
2770674746720
1413465081184
2512976708960
1688342988128
2787854615904
1400580179296
1396285459040
2495797086816
1671163365984
2770674993760
1413465328224
2512976956000
1688343235168
2787854862944
1400580426336
2500092054112
1400866703952
2500378331728
1675744610896
2775256238672
1413751327392
2513262955168
1688629234336
2788140862112
1413666391712
2513178019488
1688544298656
2788055926432
1417961359008
2517472986784
1396553713040
2496065340816
1671431619984
2770943247760
1413733582224
2513245210000
1688611489168
2788123116944
1400848680336
2500360308112
1692906374816
1692840315488
2792351943264
2788056205920
1418045588816
2517557216592
1692923495760
2792435123536
1417709717904
2517221345680
1400531159440
2500042787216
2792352025232
1400782621328
1396236192144
2500294249104
2495747819920
1671114099088
1396487654032
2495999281808
1396219151952
2495730779728
1671097058896
2770608686672
1413399021136
2512910648912
1688276928080
2787788555856
1400514119248
2500025747024
1417978463824
2517490091600
1692856370768
2792367998544
1675408066128
2774919693904
1417710028368
2517221656144
1692587935312
2792099563088
1400581474704
2500093102480
1675459381648
2774971009424
1400799594832
2500311222608
1675677501776
1417979464016
2517491091792
1692857370960
2792368998736
2775189129552
1417979184480
1413751343440
2513262971216
1688629250384
2788140878160
2517490812256
1692857091424
2792368719200
1417760359776
1418028729936
2517540357712
1692906636880
2792418264656
2788072981856
1396235143760
2495746771536
1671113050704
2770624678480
1413415012944
2512926640720
1688292919888
2787804547664
2774902868560
1417693203024
1417979250336
2517490878112
1692857157280
2792368785056
1418028746400
2517540374176
1692906653344
2792418281120
1396218366560
2495729994336
1671096273504
2770607901280
1413398235744
2512909863520
1688276142688
2787787770464
1400513333856
2500024961632
1413683512992
2513195140768
1688561419936
2788073047712
1675660510560
2775172138336
1692840379744
2792352007520
1417709782368
2517221410144
1692587689312
2792099317088
2774919447904
2500041540960
1675407820128
1675408001440
2774919629216
1417709963680
2517221591456
1692587870624
2792099498400
2775171091104
1417961425568
2517473053344
1692839332512
2792350960288
1675743365472
2775254993248
2517489765024
1692856044192
2792367671968
1396235191904
2495746819680
1671113098848
2770624726624
1413415061088
1400849712736
2500361340512
1675727619680
2775239247456
1400798529888
2500310157664
2792367933792
1692856306016
1675676436832
2775188064608
1417978399072
2770607901328
1413398235792
2512909863568
1688276142736
1417709980304
2517221608080
1396503579280
2496015207056
1671381486224
2770893114000
1396218366624
2495729994400
1671096273568
2770607901344
1413398235808
2512909863584
1688276142752
2787787770528
1400513333920
2500024961696
1417979447904
1396486588048
2495998215824
1692840643168
1396554941776
2496066569552
1671432848720
2770944476496
1692639249744
2792150877520
1400581473616
2500093101392
1675459380560
2774971008336
1675458333328
1692638202512
2792149830288
1400848861840
2500360489616
1675726768784
2775238396560
1671381468496
2770893096272
1396571474320
2496083102096
2500091790992
1671365477792
2770877105568
1417693267360
2517204895136
1692571174304
2792082802080
1417962407504
2792351942224
1413398300000
2512909927776
1400597006928
2500108634704
1675474913872
2774986541648
1675475126608
2774986754384
1692840330912
2792351958688
1396570409376
2496082037152
1671448316320
2770959944096
2500093101408
1675459380576
1400849926560
2500361554336
1675727833504
2775239461280
1396285459104
2495797086880
1396571785888
2496083413664
1671449692832
2770961320608
1688629562016
2788141189792
1400866753184
1675743348384
2775254976160
1675476158048
2774987785824
1417778120288
2517289748064
1692656027232
2792167655008
1417777874512
2517289502288
1692655781456
2792167409232
1418046309968
2517557937744
1692924216912
2792435844688
1396303038032
2495814665808
2500378379872
1675744659040
2775256286816
1688628184464
2788139812240
1418045244816
2517556872592
1692923151760
2792434779536
1417761409376
2517273037152
1675459447136
2792150944096
1692639316320
1688344349024
2512978069856
2787855976800
2500093167968
1692924528272
2792436156048
1400866752144
2500378379920
1675744659088
2775256286864
1688612522592
2788124150368
1400865639008
2500377266784
1675743545952
2775255173728
1413465130320
2512976758096
1688343037264
2787854665040
1418028533072
2517540160848
1692906440016
2792418067792
1675458135376
2774969763152
2770609014096
1692857173328
2792368801104
2496065602896
1671431882064
2770943509840
1413733844304
2513245472080
2792418346320
1675474928992
2774986556768
2770624480608
1413414815072
2512926442848
1688292722016
2787804349792
1400529913184
1675459446096
2774971073872
1396286571856
2517273036112
1692639315280
2792150943056
2513195846288
1688562125456
2788073753232
1675677223568
2775188851344
1417979185808
2517490813584
1692857092752
2792368720528
1418046637456
2517558265232
1692924544400
2792436172176
1400597022096
2500108649872
1396285539728
2495797167504
1400866425168
2500378052944
1675744332112
2775255959888
1396303022416
2495814650192
1400597989712
2500109617488
1675475896656
2774987524432
1396218168736
2495729796512
1671096075680
2770607703456
1413398037920
2512909665696
1417978463888
2517490091664
1692856370832
2792367998608
1688292968080
2787804595856
1413465393808
2512977021584
1688343300752
2787854928528
1675458398864
2774970026640
1417760361104
2517271988880
1692638268048
2792149895824
1413666719136
2513178346912
1396303038048
2495814665824
1671180944992
2770692572768
1413482907232
2512994535008
1688360814176
2787872441952
1400598005344
2500109633120
1396553713056
2496065340832
1671431620000
2770943247776
1413733582240
2513245210016
1688611489184
2788123116960
1400848680352
2500360308128
1692856108448
1417693972816
2517205600592
1692571879760
1396553975376
2496065603152
1671431882320
2770943510096
1413733844560
2513245472336
1396285539984
2495797167760
1671163446928
2770675074704
2792419133072
1413465409168
2512977036944
1688343316112
2787854943888
1400580507280
1417979463328
2517491091104
1692857370272
2792368998048
1396218168992
2495729796768
2774986736976
1671163168096
2770674795872
1400848663904
2500360291680
1675726570848
2775238198624
1688343037280
2787854665056
1413465130336
2512976758112
1675726522016
2775238149792
1675409066400
2512910699088
1688276978256
2787788606032
1400514169424
2500025797200
1692840381008
2792352008784
1413667506768
2513179134544
1688545413712
1413667523232
1396571457888
2496083085664
1671449364832
1688292968096
2787804595872
1400530159264
2500041787040
1400849925728
2500361553504
1396504627552
2496016255328
1671382534496
2770894162272
1413684496736
2513196124512
1688562403680
2788074031456
1400799594848
2500311222624
1417961425504
2792100562320
1692588934544
1671365559952
2770877187728
2517473053280
1692839332448
2792350960224
1671180158288
2770691786064
1400597218640
2500108846416
1675475125584
2774986753360
1417777087824
2517288715600
1692654994768
2792166622544
2495798134160
1671164413328
2770676041104
1400581473680
2500093101456
1675459380624
2774971008400
2496066569616
1400849925520
2500361553296
1418045311584
1671381486176
2770893113952
2517204550992
1692570830160
2792082457936
1671382533456
2770894161232
1675392076384
2774903704160
1417694038624
2517205666400
1692571945568
2792083573344
1396487637600
1417978415760
2517490043536
1692856322704
2792367950480
2496082381136
2770960288080
1400781834576
2500293462352
1692923496784
2792435124560
1396218169696
2495729797472
1671096076640
2770607704416
1413398038880
2512909666656
1688275945824
2787787573600
1400513136992
2500024764768
1675408000416
2774919628192
1417709962656
2517221590432
1692587869600
1692571174480
2792082802256
1396486866512
2495998494288
1396218431056
2495730058832
1671096338000
2770607965776
1413398300240
2512909928016
1417694299728
2517205927504
1692571109712
2792082737488
1396554762640
2496066390416
1671432669584
2770944297360
1396487653776
2495999281552
1671365560720
2770877188496
1413667522960
2513179150736
2517205943968
2517491092048
1692857371216
2792368998992
2496016255568
1671382534736
1396286506400
2495798134176
1671164413344
2770676041120
1413466375584
2512978003360
2513246258848
1688612538016
2788124165792
1417978398048
2517490025824
1692856304992
2792367932768
2500377282208
1675743561376
2775255189152
1417693186640
2517204814416
1692571093584
2792082721360
1400581556816
2500093184592
1675459463760
2774971091536
1675408869968
1396218169952
2495729797728
1671096076896
2770607704672
1413398039136
2512909666912
1688275946080
2787787573856
1400513137248
2500024765024
1400866440848
2500378068624
1675744347792
2775255975568
1417777874576
2517289502352
1692655781520
2792167409296
1688629249680
2788140877456
1400580246160
2500091873936
1400781572752
2500293200528
1417978219152
2517489846928
1396218170016
2495729797792
1671096076960
2770607704736
1413398039200
2512909666976
1688275946144
2787787573920
1400513137312
2500024765088
1688544627024
2788056254800
1417961687376
2517473315152
1400513382736
2500025010512
1675391289680
2774902917456
1417693251920
2517204879696
1675391305312
2774902933088
1417693267552
2517204895328
1692571174496
2792082802272
1396486866528
2495998494304
1671364773472
1675474913888
2774986541664
1413734828640
2513246456416
1688612735584
2788124363360
1396236192352
2495747820128
1671114099296
2770625727072
1413416061536
2512927689312
1688293968480
2787805596256
1400531159648
2500042787424
1396553696656
2496065324432
1671431603600
2770943231376
1413733565840
2513245193616
1688611472784
2788123100560
1400848663952
2500360291728
1417709962576
2517221590352
1692587869520
2792099497296
1413750277456
2513261905232
1688628184400
2788139812176
1396571457936
1400597989776
2500109617552
1675475896720
2774987524496
2496083085712
1671449364880
2770960992656
1400866425232
2500378053008
1413465082256
2512976710032
1688342989200
2787854616976
2517289503120
1692637956496
1417760049552
2517271677328
2792149584272
1692840576416
2792352204192
1417776875088
2517288502864
1417761426064
2517273053840
1692639333008
2792150960784
1396570408352
2496082036128
1671448315296
2770959943072
1413750277536
2513261905312
1688628184480
2788139812256
1400865375648
2500377003424
1396218415456
2495730043232
1671096322400
2770607950176
1413398284640
2512909912416
1417961687392
1417693251936
1418028484944
2517540112720
1692906391888
2792418019664
1396553648464
2496065276240
1671431555408
2770943183184
1413733517648
2513245145424
1396571784864
2496083412640
1671449691808
2770961319584
1413751654048
2513263281824
1688629560992
2788141188768
2500378379936
2792350959184
1675727899216
2775239526992
1418029861456
2517541489232
1692907768400
2792419396176
1671432652112
2770944279888
1675677287760
2775188915536
1688344085840
2787855713616
1400581277008
2500092904784
1675459183952
2774970811728
2787805317776
1417961440928
2517473068704
1692839347872
2792350975648
1396554745184
2496066372960
1671432652128
2512910697824
1688276976992
1671112854096
2770624481872
1413414816336
2512926444112
1688292723280
2787804351056
1675458397776
2513263298208
1688629577376
2788141205152
1671381485136
2770893112912
1413399071376
2512910699152
1671365544592
2770877172368
1400782604944
2500294232720
1675660511888
2775172139664
1692840381072
2792352008848
1417761408352
2517273036128
1692639315296
2792150943072
1675677238944
2775188866720
1396504349344
2496015977120
1413684218528
2513195846304
1688562125472
2788073753248
1396303022496
2495814650272
1671180929440
2770692557216
1413482891680
2512994519456
1688360798624
2787872426400
2775238215328
1692840658528
2792352286304
1400580491936
2500092119712
1675458398880
2774970026656
1418046294688
2517557922464
1692924201632
2792435829408
1688628464288
2788140092064
1692924265872
2792435893648
1692907488656
2792419116432
1396219200912
2495730828688
1671097107856
2770608735632
1396553960032
2496065587808
1671431866976
2770943494752
1413733829216
2513245456992
1688611736160
2788123363936
1400848927328
2500360555104
2770608671072
1413399005536
2512910633312
1688276912480
2517205600608
1692571879776
1396219200928
2495730828704
1671097107872
2770608735648
1413399070112
1396570686864
2496082314640
1671448593808
2770960221584
1413750556048
2513262183824
1688628462992
2788140090768
1671180158352
2770691786128
2788073752208
1417961638496
2517473266272
1692839545440
2792351173216
1688343299728
2787854927504
1400580490896
2500092118672
1675458397840
2774970025616
1417760360080
2517271987856
1692638267024
2792149894800
2512910699168
1688276978336
2787788606112
2792352008592
1417961638288
2517473266064
2517221411216
1692587690384
1417709783440
1396218088080
2495729715856
1671095995024
2770607622800
1413397957264
2512909585040
1688275864208
2787787491984
1400513055376
1400848860576
2496066324816
1671432603984
2770944231760
1396554697040
1675727571280
2792150632784
2788056270480
1675659740816
2775171368592
1417961703056
2517473330832
1675409065376
2774920693152
1417711027616
2517222655392
1692588934560
2792100562336
1396487653024
2495999280800
1671365559968
2770877187744
1413667522208
2513179149984
1396302251424
2495813879200
1671180158368
2770691786144
1413482120608
2512993748384
1688360027552
2787871655328
1400597218720
2500108846496
1413666392656
2513178020432
1688544299600
2788055927376
1400781490768
2500293118544
1396236192400
2495747820176
1671114099344
2770625727120
1413416061584
2512927689360
1692588935824
1396504627856
2792100563600
1413684497040
1418046376592
2517558004368
1417978480288
2517490108064
1692856387232
2792368015008
2500311221600
1675677500768
2775189128544
1417979463008
2517491090784
1692857369952
2792368997728
1400782621088
2500294248864
1675660528032
2775172155808
1692638988640
2775171286688
1396503579296
2496015207072
1671381486240
2770893114016
1413683448480
2513195076256
1688561355424
2788072983200
1400798546592
2500310174368
1413684218448
2513195846224
1688562125392
2788073753168
1413465393744
2512977021520
1692839594384
2792351222160
1675391289744
2774902917520
1417693251984
2517204879760
1692571158928
2792082786704
1396486850960
2495998478736
2496066324832
1671432604000
2770944231776
1675727571296
2775239199072
1396554697056
1400849664352
2500361292128
1417761098080
2517272725856
2517271939680
1675391305376
2774902933152
1417693267616
2517204895392
1692571174560
2792082802336
1396486866592
2495998494368
1671364773536
2770876401312
1675475978848
2774987606624
1417978414736
2517490042512
1692856321680
2792367949456
1396236192416
2495747820192
1671114099360
2770625727136
1413416061600
2512927689376
1688293968544
2787805596320
1400531159712
2500042787488
1688293754448
2787805382224
1688360863312
2787872491088
1396487636560
2495999264336
1671365543504
2770877171280
1413667505744
1675676240480
2775187868256
1396219201120
2495730828896
1671097108064
2770608735840
1413399070304
2512910698080
1688276977248
2787788605024
1400514168416
2500025796192
2775239247264
1400781834640
2500293462416
1675659741584
2775171369360
1396486867344
1675391239504
2774902867280
1417693201744
2792167458208
1692655846992
2792167474768
2500109698640
1675475977808
2774987605584
1692656028304
2792167656080
1400598252176
2500109879952
1417693252000
2517204879776
1396486850976
1396571473312
2496083101088
1671449380256
2770961008032
1413751342496
2513262970272
1688629249440
2788140877216
1400866440608
2500378068384
1400782538144
2500294165920
1675660445088
2775172072864
1688545346976
2517289551504
1417962473104
2517474100880
1417761146512
2517272774288
2500378315344
1675744594512
2775256222288
1413751589456
2513263217232
1688629496400
2788141124176
1671113901392
2770625529168
1400530961744
2500042589520
1675408868688
2774920496464
1417710830928
2517222458704
1692588737872
2792100365648
1692654717344
1396219201184
2495730828960
1671097108128
2770608735904
1413399070368
2512910698144
1396234947216
2495746574992
1671112854160
2770624481936
1413414816400
2512926444176
1688292723344
2787804351120
1400529914512
1692587690640
1400799660448
2500311288224
1675677567392
2775189195168
1675458087328
2774969715104
1417760049568
2517271677344
1692637956512
2792149584288
1675474912864
2774986540640
2500093184672
1675459463840
2774971091616
1417761426080
2517273053856
1692639333024
2792150960800
2517289814688
1692656093856
2792167721632
1400848615776
2500360243552
1675726522720
2775238150496
1413733517664
2513245145440
1396555024992
2496066652768
1671432931936
2770944559712
1413734894176
2513246521952
1688612801120
2788124428896
1400849992288
2500361620064
2500294429344
1675660708512
2775172336288
2774919645856
2500091807120
1675458086288
2774969714064
1417760048528
1692637955472
2792149583248
1418029582944
2517541210720
2512927491424
1688293770592
2787805398368
1400530961760
1396235994464
2495747622240
1671113901408
2770625529184
1413415863648
1417979266400
1396234947232
2495746575008
1671112854176
2770624481952
1413414816416
2512926444192
1688292723360
2787804351136
1400529914528
2500041542304
1688344364688
2787855992464
1671449643616
2770961271392
1671431554384
2770943182160
1396553647440
2788123051344
1675727898192
2775239525968
1418029860432
2517541488208
1417961686432
2517473314208
1396219153040
2495730780816
1671097059984
2770608687760
1413399022224
2512910650000
1688276929168
2787788556944
2517205617296
1400849664400
2500361292176
1675727571344
2775239199120
1413466130832
2512977758608
1688344037776
2787855665552
1692907440528
1675677484448
2775189112224
2775238134176
1396504348320
2496015976096
1671382255264
2770893883040
1413684217504
2513195845280
1688562124448
2788073752224
1400799315616
2500310943392
2495999216208
1671365495376
2770877123152
1400782555728
2500294183504
1675660462672
2775172090448
1417760360096
1692638267040
2792149894816
1675660724560
2775172352336
2500309910880
1688545413536
2788057041312
1400782604704
1396219135328
2495730763104
1671097042272
2770608670048
1675676255904
2775187883680
2512926443936
1688292723104
2787804350880
1400529914272
2500041542048
1675407821216
2774919448992
1417709783456
2517221411232
1692587690400
1396286261664
2495797889440
1671164168608
2770675796384
1413466130848
2512977758624
1688344037792
2787855665568
1400581228960
2500092856736
1675677566560
2775189194336
1396503382368
2496015010144
1671381289312
2770892917088
1413683251552
2513194879328
2788057040272
1400782603664
2500294231440
1675660510608
2775172138384
1692839266912
2792350894688
1418046622304
2517558250080
1692924529248
2792436157024
2788123297168
2513196124832
1413667523168
2513179150944
1688545430112
2788057057888
1396218087056
2495729714832
1671095994000
2770607621776
2512909584016
1400513054352
2500024682128
1400799659408
2500311287184
1400798546528
2500310174304
1675676453472
2775188081248
1400798348624
2500309976400
1675676255568
2775187883344
1692856306064
2792367933840
2775171024464
1417961358928
2517472986704
1692839265872
2792350893648
1675659396688
1417778202960
2512994863440
1688361142608
2787872770384
1396571801936
2496083429712
1671449708880
2770961336656
1400782800528
2500294428304
1396570424976
2496082052752
1671448331920
2770959959696
1417777924432
2517289552208
2517222458768
1417979266448
2517490894224
1692857173392
2788073833824
1418029598368
2517541226144
1692907505312
2792419133088
1688544643488
2788056271264
1400781834656
2500293462432
1675659741600
2775171369376
1417961703840
2517473331616
1396218365280
2495729993056
1671096272224
2770607900000
1413398234464
2512909862240
1688276141408
2787787769184
1400513332576
2500024960352
1675475977824
2774987605600
1417777940064
2517289567840
1692655847008
2792167474784
2512994781856
1688361061024
2787872688800
1400598252192
2500109879968
1675476159136
2774987786912
1396303366496
2495814994272
1671181273440
2770692901216
1413483235680
2512994863456
1688361142624
2787872770400
1400598333792
2500109961568
1692906392224
1413751589472
2513263217248
1688629496416
2788141124192
1675659740560
2775171368336
2500361537104
1675727816272
2775239444048
1418029778512
2517541406288
1692907685456
2792419313232
2500093101648
1400581473872
1675459380816
1418029795936
2517541423712
1692907702880
2792419330656
2788074097248
2495814911632
1671181190800
2770692818576
1400598251152
2500109878928
1675476158096
2774987785872
1413751588432
2513263216208
1688629495376
2788141123152
2775256221264
2770961253968
1400581540240
2500093168016
1675459447184
2774971074960
1418045261216
2517556888992
1692923168160
2792434795936
1413416126096
1400781555104
2500293182880
1675659462048
2775171089824
1396286506592
2495798134368
1671164413536
2770676041312
1400581473888
2500093101664
2512978085536
1688344364704
2787855992480
1400581555872
2500093183648
1675459462816
2774971090592
1417761425056
2517273052832
1692639332000
1671112770896
2770624398672
1413414733136
2512926360912
1688292640080
2787804267856
1396503299408
2496014927184
1671381206352
2770892834128
1692638202448
2792149830224
1396285459024
1417710750352
1418046637728
2517558265504
1692924544672
2792436172448
1396553647456
2496065275232
1671431554400
2770943182176
1400848614752
2500360242528
1675726521696
2775238149472
2775171287392
1418045524640
2517557152416
1692923431584
2792435059360
1413667457632
2513179085408
1688545364576
2788056992352
1400782555744
2500294183520
1675660462688
2775172090464
1417962424928
1400781818528
2500293446304
1675659725472
2775171353248
1417978135904
1396234863968
2495746491744
1671112770912
2770624398688
1413414733152
2512926360928
1688292640096
2787804267872
1400529831264
1692571895440
2792083523216
2500025747088
1675392026256
2774903654032
1417777859152
2517289486928
1692655766096
2792167393872
1418046294608
2517557922384
1692924201552
2792435829328
1675744397920
2775256025696
2770960288352
1417979464080
2517491091856
1692857371024
2792368998800
2513194812752
1688561091920
2788072719696
1675744676240
2775256304016
1688361142672
2787872770448
1417778203024
2517289830800
1692656109968
2792167737744
1418046638480
2517558266256
1417962423888
2517474051664
1692840330832
2792351958608
1675660461648
1413667505568
2513179133344
1688545412512
2788057040288
1400782603680
2500294231456
2512976758368
1688343037536
1400580228704
2500091856480
1396235192912
2495746820688
1671113099856
2770624727632
1413415062096
2512926689872
1688292969040
2787804596816
1396303022688
2495814650464
1671180929632
2770692557408
1413482891872
2512994519648
1688360798816
2787872426592
1400597989984
2500109617760
2788072785248
1400798348640
2500309976416
1417978217824
2517489845600
1692856124768
2792367752544
1396503562656
2496015190432
1671381469600
2770893097376
1413683431840
2513195059616
1688561338784
2788072966560
1400798529952
2500310157728
2788055926368
1400781489760
2500293117536
1675659396704
2775171024480
1417961358944
2517472986720
1692839265888
1692638267984
2792149895760
1413684283728
2513195911504
1688562190672
2788073818448
1417710815568
2517222443344
1692588722512
2792100350288
1396235979088
2495747606864
2517222655648
2792167459168
1688629299552
2788140927328
2500108846672
1675475125840
2774986753616
2500093101712
1417777924448
2495814715744
1692655831392
2788072965520
1400798528912
1417978398096
2517490025872
1692856305040
2792367932816
1418046359952
2517557987728
1692639054224
2792150682000
1396487637392
2495999265168
1671365544336
2770877172112
1413667506576
2513179134352
1675727571552
1396219201952
2495730829728
1671097108896
2770608736672
1413399071136
2512910698912
1418029843872
2517541471648
1692907750816
2792419378592
2513262168400
2788140075344
2500108831056
1396302235984
2495813863760
1671180142928
1417776876176
2517288503952
1413481908880
2512993536656
1688359815824
2787871443600
1396302039696
2495813667472
1396302251616
2495813879392
1671180158560
2770691786336
1413482120800
2512993748576
1688360027744
2787871655520
1400597218912
2500108846688
1396486866336
2495998494112
1671364773280
2770876401056
1413666735520
2513178363296
1688544642464
2788056270240
1396286506656
2495798134432
1417978135952
2517489763728
1396234864016
2495746491792
1671112770960
2770624398736
1413414733200
2512926360976
1675476158112
2774987785888
1417778120352
2517289748128
1692656027296
2792167655072
1418028730784
2517540358560
1692906637728
2792418265504
1417761360464
2517272988240
1413466393168
2512978020944
1688344300112
2787855927888
1692639267408
2792150895184
1675744396880
2775256024656
1396571719264
2496083347040
1671449626208
2770961253984
1413751588448
2513263216224
1688629495392
2788141123168
1400866686560
2500378314336
1400581540256
2500093168032
1675459447200
2774971074976
1417761409440
2517273037216
1692639316384
2792150944160
1396234881680
1675744413344
2775256041120
2500377266528
1675743545696
2775255173472
1688360012128
2787871639904
1688628447584
1688612784480
2775239510368
2788124412256
1418029844832
2517541472608
1400848664208
2500360291984
2792149632656
1413733566096
2513245193872
1675475192160
2774986819936
1417777154400
2517288782176
1692655061344
2792166689120
1400865393312
1671112770976
1688344348048
2787855975824
1675458333280
2774969961056
1417760295520
2517271923296
1692638202464
2792149830240
1418028812896
2517540440672
1692906719840
2792418347616
1396571458192
2496083085968
1671449365136
1418046294672
2517557922448
1400866425488
2500378053264
1400866703968
2500378331744
1675744610912
2775256238688
2500361602384
1675727881552
1418029843792
2517541471568
2788124411216
2792419378512
1413734876496
1688612783440
1675391289952
2774902917728
1417693252192
2517204879968
1692571159136
2792082786912
1396486851168
2495998478944
1671364758112
2770876385888
2770691851600
1413482186064
2512993813840
1417777153360
2517288781136
1692655060304
2792166688080
1413733829264
2513245457040
1688611736208
2788123363984
1418028796560
2517540424336
1692906703504
2792418331280
2774969960016
1417760294480
2517271922256
1692638201424
2792149829200
1400782604880
2500294232656
1675660511824
2775172139600
2787872492112
1396219202128
2495730829904
1671097109072
2770608736848
1413399071312
1671097109088
2770608736864
1413399071328
2512910699104
1688276978272
2787788606048
1400514169440
2500025797216
1671163168416
2770674796192
1413465130656
2512976758432
1688343037600
2787854665376
1400580228768
2500091856544
2770877106512
1417962408272
2517474036048
1692840315216
1400782539088
2500294166864
1675660446032
2775172073808
1413667440976
2513179068752
1400529848656
2500041476432
1675407755600
2774919383376
1413414750544
2512926378320
1688292657488
2787804285264
2792099252560
1417962408352
2517474036128
1692840315296
2792351943072
1692571895456
2792083523232
1396303022752
2495814650528
1671180929696
2770692557472
1413482891936
1400597990048
2500109617824
1413666671008
2513178298784
1688544577952
2788056205728
1396504627616
2496016255392
1671382534560
2770894162336
1413684496800
2513196124576
1688562403744
2788074031520
1671449430672
2770961058448
2792100350608
1396487637648
2495999265424
1396219202192
2495730829968
1671097109136
2770608736912
1671365494368
2770877122144
1413667456608
2513179084384
1688545363552
2517540357728
1692906636896
2792418264672
1396219202208
2495730829984
1671097109152
2770608736928
1413399071392
1413750556304
2513262184080
1688628463248
2788140091024
1418045523600
2517557151376
1692923430544
1675475125904
2774986753680
1396570687120
1413751409312
2513263037088
1688629316256
2788140944032
1688562402704
2788074030480
1400799593872
2500311221648
1417979463056
2517491090832
1692857370000
2792368997776
2517221657184
1692587936352
2792099564128
1417962490464
2517474118240
1692840397408
2792352025184
2792167475600
1692923218528
2513178035552
1688544314720
2788055942496
1400781505888
2500293133664
1675659412832
2775171040608
1417961375072
2517473002848
1675390977376
1396554697296
2496066325072
1671432604240
1417761098320
2517272726096
1413734566480
2513246194256
1688612473424
2788124101200
1418029533776
1675677239968
2512993733008
1396570671504
2496082299280
1671448578448
2770960206224
1413750540688
2513262168464
1688628447632
1396302251680
2495813879456
1671180158624
2770691786400
1413482120864
2512993748640
1688360027808
2787871655584
1400597218976
2500108846752
1417777941136
2517289568912
1692655848080
2792167475856
1400798528928
2500310156704
1675727619488
1675659675984
1417961638224
2517473266000
1396486801744
2495998429520
1671364708688
2770876336464
1692839545168
2792351172944
1675744414288
2775256042064
1417979447712
2517491075488
1692857354656
2792368982432
2517205927248
1396487898448
2495999526224
1671365805392
2770877433168
1413667767632
2513179395408
1688545674576
2788057302352
1417962734928
1675726506400
1396486851216
2495998478992
1671364758160
2770876385936
1400598054240
2500109682016
1675475961184
2774987588960
2787872490848
1417777923424
1396286261856
2495797889632
1671164168800
2770675796576
1413466131040
2512977758816
1688344037984
2787855665760
1400581229152
2500092856928
1396302236064
2495813863840
1671180143008
2770691770784
1413482105248
2512993733024
1688360012192
2787871639968
1400597203360
1417776876192
2517288503968
1692654783136
2792166410912
1417978219168
2517489846944
1692856126112
2792367753888
1688611669328
1396570475104
2496082102880
1671448382048
2770960009824
1413750344288
2513261972064
1688628251232
2788139879008
1400865442400
2500377070176
1400849975968
2500361603744
1675727882912
2775239510688
1417962407312
2517474035088
2512978020960
1688344300128
2787855927904
1400581491296
2500093119072
1675459398240
2774971026016
1417761360480
2517272988256
1692639267424
1413481907856
2512993535632
1688359814800
2787871442576
1400597005968
2500108633744
1675474912912
2774986540688
1675726588512
2775238216288
1675660772704
2775172400480
1413667767648
2513179395424
1675391290016
2774902917792
1417693252256
2517204880032
1692571159200
2792082786976
1396486851232
2495998479008
1671364758176
2770876385952
2770943183248
1413733517712
2513245145488
1688611424656
2788123052432
1400848615824
2500360243600
2496082101840
1413750343248
2513261971024
1688628250192
2788139877968
2775254976080
1400865441360
1413734894224
1692907768464
2792419396240
2513246522000
1688612801168
2788124428944
1692857173584
2792368801360
1400848681360
2500360309136
2495797102928
1671163382096
2770675009872
1413465344336
2495798199632
1671164478800
2770676106576
1413466441040
2512978068816
1688344347984
2787855975760
1400581539152
2495999280544
1671365559712
2770877187488
1688344348064
2787855975840
1675459446176
2774971073952
1417761408416
2517273036192
1692639315360
2792150943136
1692857419104
2792369046880
1688612783456
2788124411232
1417978136224
2517489764000
1692856043168
2792367670944
1692839282064
2792350909840
1413666407824
2513178035600
1688544314768
1400781505936
2500293133712
1675659412880
2775171040656
2770944542048
2513246504288
1413734876512
1400849974624
2500361602400
1675743545760
2775255173536
1396553960096
2496065587872
1671431867040
2770943494816
1413733829280
1396486589072
2495998216848
2513245457056
1688611736224
2788123364000
2792083507616
1671113886032
2770625513808
1413415848272
2512927476048
1675408853328
2774920481104
1400799381840
2500311009616
1675677288784
2775188916560
2500378379664
1675744658832
2775256286608
1396571784592
2496083412368
2517541471632
2788074079632
1396235994720
2495747622496
1671113901664
2770625529440
1413415863904
2512927491680
1688293770848
2787805398624
1400530962016
1675726505568
2775238133344
1417962408288
2517474036064
1400782539104
1413667440992
2513179068768
1688545347936
2788056975712
1396219463072
2495731090848
1671097370016
2770608997792
1413399332256
2512910960032
1688277239200
2787788866976
1400514430368
2500026058144
1675407755616
1400529848672
2500041476448
1396234881376
2495746509152
1671112788320
2770624416096
1417709717856
2517221345632
1692587624800
1396553959056
2496065586832
1671431866000
2770943493776
1413733828240
2513245456016
1400848926352
2500360554128
1675726833296
2775238461072
1675409132128
1396219135376
2495730763152
1671097042320
2770608670096
1413399004560
2512910632336
1688276911504
2787788539280
1400514102672
2500025730448
1396486538656
2495998166432
1671364445600
2770876073376
1413666407840
2513178035616
1688544314784
2788055942560
1400781505952
2500293133728
1400865720928
2500377348704
1675743627872
2775255255648
1413466131088
1675660445008
2775172072784
1417962407248
2517474035024
1692840314192
2513179067728
1400798349712
2500309977488
1675676256656
2775187884432
1413683251600
2513194879376
1688561158544
2788072786320
1675407754576
2774919382352
1692587623760
1417709716816
2517221344592
2792099251536
2517556938144
1675659397776
2775171025552
2517472987792
1692839266960
2792350894736
2787805383008
1400530946400
2500042574176
1675408853344
2774920481120
1417710815584
2517222443360
1692588722528
2792100350304
1396235979104
1396236256848
2495747884624
1671114163792
2770625791568
1413416126032
2512927753808
1688294032976
2787805660752
1400531224144
2500042851920
1400865720720
2500377348496
1396504626592
2496016254368
1671382533536
2770894161312
1413684495776
2513196123552
1688562402720
2788074030496
2512976709968
1688342989136
2787854616912
1417710044496
1413415077200
2512926704976
1688292984144
2787804611920
2517221672272
2775172400528
1671113033296
2770624661072
2500310944160
1675677223328
2775188851104
1413466458704
2512978086480
2792099563104
1400866507168
1675475978912
2788124149344
2792149846624
1675743544928
2775255172704
2788056205664
1400781769056
2500293396832
1675659676000
2775171303776
1417961638240
2517473266016
1396571540064
2496083167840
1671449447008
2770961074784
1413751409248
2513263037024
1688629316192
2788140943968
1400866507360
2500378135136
2495747868240
1671114147408
2770625775184
1413416109648
2512927737424
1688294016592
2787805644368
1400531207760
2500042835536
2500041803104
1675408082272
2774919710048
2512926704992
1688292984160
2787804611936
1400530175328
1396235208032
2495746835808
1671113114976
1688611408480
2788123036256
1396303103632
2495814731408
1671181010576
2770692638352
2775187866976
1692655847056
2792167474832
1400598070928
2500109698704
1675475977872
1417778203216
2517289830992
1692656110160
2792167737936
1396303366736
2495814994512
1671181273680
2770692901456
1396219463264
2495731091040
1675392337312
2774903965088
1417694299552
2517205927328
1675677305440
2775188933216
1418045327968
2517558003280
1692924282448
1396571539024
2496083166800
1671449445968
2770961073744
1413751408208
2513263035984
1688629315152
2788140942928
1417979266704
2517490894480
1692857173648
2792368801424
1675408869008
2774920496784
1417760311696
2517271939472
1692638218640
2792149846416
1418028747152
2517540374928
1396285475216
2495797102992
1671163382160
2770675009936
1396571784848
2496083412624
1671449691792
2770961319568
2500294493840
1675660773008
2775172400784
1413483218576
2512994846352
1688361125520
1417709962592
2792150878544
1396219463328
2495731091104
1671097370272
2500108633760
1675474912928
2774986540704
1417776875168
2792166409888
1417760115280
2517271743056
1675458153040
2774969780816
1692638022224
2792149650000
1413734828448
2513246456224
1688612735392
2788124363168
1396303366752
2495814994528
1671181273696
2770692901472
1413483235936
2512994863712
1688361142880
2787872770656
1400598334048
2500109961824
1396553648544
2496065276320
1671431555488
2770943183264
1413733517728
2513245145504
1688611424672
2788123052448
1400848615840
2500360243616
1400865441376
2500377069152
1396555025056
2496066652832
1671432932000
2770944559776
1413734894240
2513246522016
1688612801184
2788124428960
1400849992352
2500361620128
2788073818512
2787805383056
1400530946448
2500042574224
1675408853392
2774920481168
1417710815632
2517222443408
1396235979152
2495747606928
1417761359456
1396235994784
2495747622560
1671113901728
2770625529504
1413415863968
2512927491744
1688293770912
2787805398688
1400530962080
2500042589856
1396285475232
2495797103008
1671163382176
2770675009952
1413465344416
2512976972192
1688343251360
2787854879136
1400580442528
2500092070304
1400799315552
2500310943328
1675677222496
2775188850272
1692570912336
1396553647504
2496065275280
1671431554448
2770943182224
1413733516688
1400849991312
2500361619088
1688628447840
2788140075616
1396235979168
2495747606944
1671113886112
2770625513888
1413415848352
2512927476128
1688293755296
2787805383072
1400530946464
2500042574240
1688545364624
2788056992400
1692840331920
2792351959696
1396487588496
2495999216272
1671365495440
2770877123216
1400782555792
2500294183568
1692840658336
2792352286112
1413414733392
2512926361168
1396553959072
2496065586848
1671431866016
2770943493792
1413733828256
2513245456032
1688611735200
2788123362976
1400848926368
2500360554144
1688276911520
2787788539296
1400514102688
1400798610832
2500310238608
1675676517776
2775188145552
1396235208080
2495746835856
1671113115024
2770624742800
1413415077264
1417961638304
2517473266080
1692839545248
2792351173024
1396487570784
2495999198560
1671365477728
2770877105504
1413667439968
2513179067744
1688545346912
1396503382432
2496015010208
1671381289376
2770892917152
1413683251616
2513194879392
1688561158560
2788072786336
1400798349728
2500309977504
1396234880352
2495746508128
1671112787296
2770624415072
1413414749536
2512926377312
1688292656480
2787804284256
1400529847648
2500041475424
1418046310752
2517557938528
1692924217696
2792435845472
1675659397792
2775171025568
1417961360032
2517472987808
1692839266976
2792350894752
1688628529744
2788140157520
1413734827616
2513246455392
1688612734560
2788124362336
2792367671904
1418046376608
2517558004384
1692924283552
2792435911328
1396234864224
2495746492000
1671112771168
2770624398944
1413414733408
2512926361184
1688292640352
2787804268128
1400529831520
2500041459296
2787788622160
1400514185552
2500025813328
1675392092496
2774903720272
1417694054736
2517205682512
1692571961680
1396219218256
2770892916112
1413683250576
2513194878352
1688561157520
2788072785296
1400798348688
2500309976464
1417978217872
2517489845648
2517472986768
1692839265936
2792350893712
2788124362128
2517558266512
1413482957200
2512994584976
1417777924496
2517289552272
1692655831440
2792167459216
1400598055312
2500109683088
1675475962256
2774987590032
1675392092512
1400848942496
2500360570272
1413751392592
2513263020368
1688629299536
2788140927312
1675744397648
2775256025424
1418046359888
2517557987664
1675475977888
2774987605664
1417777940128
2517289567904
1692655847072
2792167474848
1396303366816
2495814994592
1671181273760
2770692901536
1671179881040
2770691508816
1417776810576
2517288438352
1413483236000
2512994863776
2770944215376
1418046293664
1413666669920
2513178297696
1688544576864
2788056204640
1400781768032
2500293395808
1417961637216
2517473264992
1675676240288
2775187868064
1396571539040
2496083166816
1671449445984
2770961073760
1413751408224
2513263036000
1688629315168
2788140942944
1400866506336
2500378134112
1396571720352
2496083348128
1671449627296
2770961255072
1413751589536
2513263217312
1688629496480
2788141124256
1400866687648
2500378315424
1692839544416
2792351172192
2517222460000
2495798135136
1671164414304
1413466376544
2512978004320
1692639250784
2792150878560
1675459381600
2774971009376
1413751588496
2513263216272
1688629495440
2788141123216
2517558183568
1692924462736
2496083347088
1671449626256
2517557135952
1692923415120
2792435042896
1400865638992
2500377266768
1671448316512
2770959944288
1396555008400
2496066636176
1671432915344
2770944543120
1413734877584
2513246505360
1688612784528
2788124412304
1417761342800
1413466375504
2512978003280
1688344282448
2787855910224
2517272970576
1396286506320
2495798134096
1671164413264
2770676041040
1396302317968
2495813945744
1671180224912
2770691852688
1413482187152
2512993814928
1688360094096
2787871721872
1417777154448
1692655061392
1413399071120
2512910698896
1688276978064
2787788605840
1417760295568
2517271923344
2774969961104
1396486866256
2495998494032
1413733516704
2513245144480
1688611423648
2788123051424
1396570409360
2496082037136
1671448316304
1400782620064
2500294247840
1675660527008
2775172154784
1396570753360
1413750622544
2513262250320
1688628529488
2788140157264
1671448660304
1400865720656
1413733763664
2513245391440
1688611670608
2788123298384
1400848861776
2512977020496
1688343299664
2787854927440
1418029582752
2517541210528
1692907489696
2792419117472
1692923169424
2792434797200
1396302236256
2495813864032
1671180143200
2770691770976
1413482105440
2512993733216
1688360012384
2500108831328
1675390961232
2774902589008
1671181190736
2770692818512
1413667457696
2513179085472
1688545364640
2788056992416
1400782555808
2500294183584
1675660462752
2775172090528
1692924480080
2792436107856
1396234864288
2495746492064
1671112771232
2770624399008
1400529831584
2500041459360
1692840397200
2792352024976
1417962490256
1396236241248
2495747869024
1671114148192
2770625775968
1413416110432
2512927738208
1417711077728
2517222705504
1692588984672
2792100612448
1675660790432
2775172418208
2500360227488
1400798332304
2500309960080
2770625774928
1413416109392
1400531207504
2500042835280
1417711076688
2517222704464
2775189177680
1413733762464
2513245390240
1688611669408
2788123297184
1413415062160
2512926689936
1688292969104
2787804596880
2500041788048
2774919694992
1675408067216
1675392092576
2774903720352
1417694054816
2517205682592
1692571961760
2792083589536
1396487653792
2495999281568
1671365560736
2770877188512
1396503381408
2496015009184
1671381288352
2770892916128
1413683250592
2513194878368
1688561157536
2788072785312
1400798348704
2500309976480
1692839265952
2792350893728
2495998166608
1671364445776
2770876073552
1413666408016
2513178035792
1688544314960
2788055942736
1400781506128
2500293133904
1675659413072
1675676502608
2775188130384
1396503628368
2496015256144
1671381535312
2770893163088
1413683497552
2513195125328
1688561404496
2788073032272
1413482908240
2512994536016
1688360815184
2787872442960
1417777875536
2517289503312
1688545429920
2788057057696
2792167720608
1675676453280
2775188081056
2787855976784
1396303350096
2495814977872
1671181257040
2770692884816
1675475962272
2774987590048
1417777924512
2517289552288
1692655831456
1418045327712
2517556955488
1692923234656
2792434862432
1675660707488
2775172335264
2792100562592
1692907488864
2792419116640
2792419379552
1396286572896
2495798200672
1417694300512
1692572207456
2792083835232
1692840380000
2792435894624
1671449430368
2770961058144
1413751392608
2513263020384
1675744397664
2775256025440
1688544299344
2788055927120
1400781490512
2500293118288
2770961270368
2517289551248
1692655830416
2792167458192
1675474848352
2774986476128
1417776810592
2517288438368
1692656026960
2792167654736
2513263215952
1688629495120
2788141122896
2517558183248
1413751654800
2513263282576
1688629561744
2788141189520
1417761409424
2517273037200
2500361603472
1675727882640
2775239510416
1692924265808
2792435893584
2517289829712
1692656108880
2792167736656
2788139879056
1400596940368
2500108568144
1417776809552
2517288437328
2775172351312
1417761360528
2517272988304
1692639267472
1413667440032
2513179067808
1413397956960
2512909584736
1688275863904
1400513055072
2770876057952
1413751588512
2513263216288
1400866686624
2500378314400
1692840642128
2792352269904
1396487898704
2495999526480
1671365805648
2770877433424
1413667767888
2513179395664
1688545674832
2788057302608
2500361554512
1675727833680
2775239461456
1396554959440
2496066587216
1413734828624
2513246456400
1688612735568
2788124363344
2770674796880
1413465131344
1418029795744
2517541423520
1692907702688
2792419330464
2512993733280
1688360012448
2787871640224
1400597203616
2500108831392
1688562469280
2788074097056
1418045310624
2517556938400
1692923217568
2792434845344
1396555008416
2496066636192
1671432915360
2770944543136
1413734877600
2513246505376
1688612784544
2788124412320
1400849975712
2500361603488
2774971008352
1396286506336
2495798134112
1671164413280
2770676041056
1413466375520
2512978003296
1688344282464
2787855910240
1400581473632
2775171106464
1675458152032
2774969779808
1417760114272
2517271742048
1692638021216
2792149648992
1418046621280
2517558249056
1692924528224
2792436156000
1417760295584
2517271923360
1692638202528
2792149830304
1396570753376
2496082381152
1671448660320
2770960288096
1413750622560
2513262250336
1688628529504
2788140157280
1400865720672
2500377348448
1400798545504
2500310173280
1675676452448
2775188080224
1692907750800
1675727881616
2775239509392
1671432914320
2770944542096
1413734876560
2513246504336
1396553894496
2496065522272
1671097370208
2787788867168
1400514430560
2500026058336
1675392337504
2774903965280
1396302316944
2495813944720
1671180223888
2770691851664
1413482186128
2512993813904
1688360093072
2787871720848
1418045508192
2517557135968
1417776874832
2517288502608
1692654781776
2792166409552
1400865719632
2500377347408
1675743626576
2775255254352
1396570752336
2496082380112
1671448659280
1413750621520
2513262249296
1688628528464
1417962408336
2517474036112
1692906654288
2792418282064
1675458349648
2774969977424
1675726767696
2775238395472
2788123297360
1396553893456
2496065521232
1671431800400
1417761409616
1400799644240
2500311272016
1675677551184
2775189178960
1675476224592
2774987852368
2495746509200
1671112788368
2770624416144
1692587624848
2792099252624
1396234881424
1413414750608
2512926378384
1688292657552
2787805661840
1400531225232
2500042853008
1675409132176
2774920759952
1417711094416
2517222722192
1692589001360
2792100629136
1396219464288
2495731092064
1671097371232
2770608999008
2512910961248
1688277240416
2787788868192
1400514431584
2500026059360
1396218103440
2495729731216
1671096010384
2770607638160
1413397972624
2512909600400
1688275879568
2787787507344
1400513070736
1675676191056
2775187818832
1396487587488
2495999215264
1671365494432
2770877122208
1675677567568
2775189195344
1396504693328
2496016321104
1671382600272
2770894228048
1413684562512
2513196190288
1688562469456
2788074097232
1413466129744
2512977757520
1688344036688
1417761097040
2517272724816
1692639003984
2792150631760
1400581227856
2500092855632
1675459134800
1417776874848
2517288502624
1692654781792
1396302038368
2495813666144
1671179945312
1413481907552
2512993535328
1418045310304
2517556938080
2496082364752
1418028484256
2517540112032
1692906391200
2792418018976
1417979251280
2517490879056
1692857158224
2792368786000
1675408853584
2774920481360
2517222443600
1692588722768
2792100350544
2787788555616
1400514119008
2500025746784
1675392025952
2774903653728
1417693988192
1400531208848
2500042836624
2792436157072
1688545675920
2788057303696
2775172401808
1418046622352
2517558250128
1692924529296
1396219464336
1675744397728
2775256025504
2495747868000
1671114147168
2770625774944
1413416109408
2512927737184
1688294016352
2787805644128
1400531207520
2500042835296
1675744610720
1396285475424
2495797103200
1671163382368
2770675010144
1413465344608
2512976972384
1688343251552
2787854879328
1400580442720
2500092070496
1396219464352
2495731092128
1671097371296
2770608999072
1418029794912
2517541422688
1692907701856
2792419329632
1675408067232
2774919695008
1417710029472
2517221657248
1692587936416
2792099564192
2774970829392
2513195861392
1688562140560
2788073768336
2500310959504
1396571473296
2496083101072
1671449380240
2770961008016
1400781506208
2500293133984
1675659413152
2775171040928
1396503628384
1413683497568
2513195125344
1688561404512
2500310223456
1675744593296
2775256221072
1413483152784
2512994780560
1688361059728
2787872687504
1417778120080
1675475913312
2774987541088
1417777875552
2517289503328
1692655782496
2792167410272
1413683448416
2513195076192
1688561355360
2788072983136
1400530159248
2500041787024
1675408066192
2774919693968
1417710028432
2517221656208
1692587935376
2792099563152
2770625514080
1413415848544
2512927476320
1688293755488
2787805383264
1413666670992
2513178298768
1688544577936
2788056205712
1400781769104
2500293396880
1675659676048
1396503627344
2496015255120
1671381534288
2770893162064
1413683496528
2513195124304
1688561403472
2788073031248
1400798594640
1671180944976
2770692572752
1413482907216
2512994534992
1400598005328
2500109633104
1675475912272
2774987540048
2517222377104
1692588656272
1688545609360
2788057237136
1400798611024
2500310238800
1675408082512
2774919710288
1417710044752
2517221672528
1692587951696
2792099579472
1417692924320
2517204552096
1396486523296
2495998151072
1671364430240
2770876058016
1675392337552
2774903965328
2512994583968
1688360863136
2787872490912
1400598054304
2500109682080
1675475961248
2774987589024
1417777923488
2517289551264
1692655830432
1396303283616
2495814911392
2770692818336
1413483152800
2512994780576
1688361059744
2787872687520
1400581294416
2500092922192
2775239182672
1418045523616
2517557151392
1692923430560
2792435058336
1396571522400
2496083150176
1671449429344
2770961057120
2775256286544
1400849664416
2500361292192
1675727571360
2775239199136
1692923152800
1413750344352
2513261972128
1688628251296
2788139879072
1400865442464
2500377070240
1692639267488
2792150895264
1396503628112
2496015255888
2792419379808
1396235208288
2495746836064
1671113115232
2770624743008
1413415077472
2512926705248
1688292984416
2787804612192
1400530175584
2500041803360
1675744396896
2775256024672
2770608998048
1413399332512
2512910960288
1688277239456
2787788867232
1400514430624
2500026058400
1675392337568
2774903965344
1417694299808
1396554959456
1413465131360
2512976759136
1675458136416
2774969764192
2787854666080
1692638005600
2792149633376
1688343038304
1413750343056
2513261970832
1688628250000
2788139877776
1675474912656
2774986540432
1396302038416
2495813666192
1400865441424
1671179945360
2500377069200
1396286523024
2495798150800
1671164429968
2770676057744
1413466392208
2512978019984
1688344299152
2787855926928
1396235929168
2495747556944
1671113836112
2770625463888
1413415798352
2512927426128
1688293705296
2787805333072
1400865376864
2500377004640
1675743283808
2775254911584
1692639266128
2792150893904
1413734827344
2513246455120
1400581490000
2500093117776
1417760311952
2517271939728
1692638218896
2792149846672
1400580442768
2500092070544
1413733780112
2513245407888
1688611687056
1396285261136
2495796888912
1417760097616
2517271725392
1692638004560
2792149632336
1671163168080
2770674795856
1400580228432
2517472986528
1692856371552
2792367999328
1417978464608
2512926689632
1688292968800
2787804596576
1400530159968
2500041787744
1675408066912
2513178084768
1688544363936
2788055991712
1396555007392
2496066635168
1671432914336
2770944542112
1413734876576
2513246504352
1688612783520
2788124411296
1400849974688
2500361602464
1400596940432
2500108568208
2500310959760
1396571473552
2496083101328
1671449380496
2770961008272
1413751342736
2513262970512
1396302038432
2495813666208
1671179945376
2770691573152
1413481907616
2512993535392
1688359814560
2787871442336
1675458332320
2774969960096
1417760294560
2517271922336
1692638201504
2792149829280
1413684284048
2513195911824
1688562190992
2788073818768
1417979251344
2517490879120
1692857158288
1688293755536
2787805383312
1396219152032
1675392076368
2774903704144
1417694038608
2517205666384
1692571945552
2792083573328
2495730779808
1671097058976
2770608686752
1417979201184
2517490828960
1692857108128
2792368735904
1688612734304
2788124362080
1400849925472
2500361553248
1675727832416
2775239460192
1417761359200
2517272986976
1692639266144
2792150893920
1396487571872
2495999199648
1671365478816
2770877106592
1413667441056
2513179068832
1688545348000
2788056975776
1400782539168
2500294166944
2500360488544
1675407755680
2774919383456
1417709717920
2517221345696
1692587624864
2792099252640
2788056189280
1675409132192
2774920759968
1417711094432
2517222722208
1692589001376
2792100629152
2788056255136
1675727570528
2775239198304
1396503316832
2496014944608
1671381223776
2775187818848
2770892851552
1400798284128
2500309911904
1675676191072
1688561092960
2788072720736
1396504693344
1671365477776
2770877105552
1413667440016
2513179067792
1688545346960
2788056974736
1400782538128
2500294165904
1675660445072
2775172072848
1671112787344
2770624415120
1413414749584
2512926377360
1688292656528
2787804284304
1400529847696
2500041475472
1675407754640
2774919382416
1396235979424
2495747607200
1671113886368
2770625514144
1413415848608
2512927476384
2512927753872
1688294033040
2787805660816
1400531224208
2500042851984
1400580244816
2500091872592
1675458151760
2774969779536
1413465146704
2512976774480
1688343053648
2787854681424
1396553712976
2496065340752
2792367670864
2517489780048
1692856059216
2792367686992
1400798283088
2500309910864
1675676190032
2775187817808
1396503315792
2496014943568
1671381222736
2792434845088
1396504692304
2496016320080
1671382599248
2770894227024
1400799659600
2500311287376
1418028729760
1418046310736
2517557938512
1692924217680
2792435845456
1396303038800
2495814666576
1671180945744
1671381550736
2770893178512
1400798611088
2500310238864
1675676518032
2775188145808
1417978480272
2517490108048
1675408082576
2774919710352
2500091857296
1675458136464
2774969764240
1688544643408
2788056271184
1417777858896
2517289486672
1692655765840
2792167393616
1417962490272
2517474118048
1692840397216
2792352024992
1417693268560
1400513399376
2500025027152
2500310156896
1671163184480
2770674812256
1688561403488
2788073031264
1400798594656
2500310222432
1675744414112
1671365560912
2770877188688
1400514185808
2500025813584
1675392092752
2774903720528
1417694054992
2517205682768
1692571961936
2792083589712
1675475912288
2774987540064
1417777874528
2517289502304
1692655781472
2792167409248
1396303038816
2495814666592
1671180945760
2770692573536
1413482908000
2512994535776
1688360814944
2787872442720
1400598006112
2500109633888
1396235208352
2495746836128
1671113115296
2770624743072
1413415077536
2512926705312
1688292984480
2787804612256
1400530175648
2500041803424
1400866702944
2500378330720
1675744609888
2775256237664
1400781768080
2500293395856
1675659675024
2775171302800
2775256041104
1418046375568
2517558003344
1396571539088
2496083166864
1671449446032
2770961073808
1692924282512
2792435910288
1400866506384
1692923234912
1675727832464
2775239460240
1692639266192
2512978019728
1688344298896
2787855926672
1417761359248
2517272987024
2792419329424
2792150893968
2495730846304
1671097125472
2770608753248
1413399087712
1396235192736
2495746820512
2512977823056
1688344102224
2787855730000
1400581293392
2500092921168
1675459200336
2774970828112
1671113099680
2512978004368
1688344283536
2787855911312
1417761343888
2517272971664
2792367737232
1417962407328
2513246194064
1688612473232
2788124101008
2517474035104
1692840314272
2792351942048
1396285278864
2495796906640
1671163185808
2770674813584
1413465148048
2512976775824
1418029779280
2517541407056
1692907686224
2792419314000
1692906636704
1396570474144
2496082101920
1671448381088
2770960008864
1413750343328
2513261971104
1688628250272
2788139878048
1400865441440
2500377069216
1417777088848
2517288716624
1413733583440
2513245211216
1688611490384
2788123118160
1418028550736
2517540178512
1692906457680
2792418085456
1396553714256
2496065342032
1413751342432
2500093118112
1675459397280
2774971025056
1417761359520
2517272987296
1692639266464
2792150894240
1417979529632
2517491157408
1692857436576
2792369064352
1400848664912
2500360292688
1671097387344
1396286522784
2495798150560
1671164429728
2770676057504
1413466391968
2512978019744
1688344298912
2787855926688
1400581490080
2500093117856
1675726588320
2775238216096
2500310959712
1396285261152
2495796888928
2496066586208
2775188145824
1675727898976
2775239526752
1417962670752
2517474298528
1692840577696
2792352205472
1688628202144
2788139829920
2517541489248
1413398301008
2512909928784
1688276207952
2787787835728
1400513399120
2500025026896
1675391306064
2774902933840
1417693268304
2517204896080
1413751605856
2513263233632
1688629512800
2788141140576
1400580244880
2500091872656
1675458151824
2774969779600
1675726587280
2775238215056
1418046310800
2517557938576
1692924217744
1396303038864
2770625776016
1413416110480
1417979446688
2517491074464
1692857353632
2792368981408
2787788605008
1675392075344
2774903703120
2500025796176
1400514168400
1417694037584
2517205665360
1692571944528
2792083572304
1675391306080
2774902933856
1417693268320
2517204896096
1396487570848
2495999198624
1417962686800
2517474314576
1396504676688
2496016304464
1671382583632
2770894211408
1413684545872
2500311271760
1688294033056
2787805660832
1400531224224
2500042852000
1400865704272
2500377332048
1675743611216
2775255238992
1400530094672
2500041722448
1675408001616
2774919629392
1417709963856
2517221591632
1692587870800
2792099498576
1396285277600
2495796905376
1671163184544
2770674812320
1413465146784
2512976774560
1688343053728
2787854681504
1400580244896
2500091872672
2792367687008
1396503315808
2496014943584
1671381222752
2770892850528
1413683184992
2513194812768
1688561091936
2788072719712
1400798283104
1675660528272
2775172156048
1417962490512
2517474118288
2500025813648
1675392092816
2774903720592
1671365560976
2770877188752
1692840397456
1675727881888
2775239509664
1396303038880
2495814666656
1671180945824
2770692573600
1413482908064
2512994535840
1688360815008
2787872442784
1400598006176
2500109633952
1417979528800
2517491156576
1692857435744
2792369063520
1400848680544
2500360308320
1675726587488
2775238215264
2517557922400
2512994519392
1688360798560
2787872426336
1692857435536
2792369063312
1417978415712
2517490043488
1692856322656
2792367950432
1396235126160
2495746753936
1671113033104
1675392092832
2774903720608
1417694055072
2517205682848
1692571962016
2792083589792
1396487654048
2495999281824
1671365560992
2770877188768
1396571523472
2496083151248
1671449430416
2770961058192
1413751392656
2513263020432
1688629299600
2788140927376
1400866490768
2500378118544
2775189177760
1413481843344
2512993471120
1688359750288
2787871378064
1417776810640
2517288438416
1692654717584
2792166345360
1688276207184
2787787834960
1400513398352
2500025026128
1413666669984
2513178297760
1688544576928
2788056204704
1400781768096
2500293395872
1675659675040
2775171302816
1417961637280
2517473265056
1396571539104
2496083166880
1671449446048
2770961073824
1413751408288
2513263036064
1688629315232
2788140943008
1400866506400
2500378134176
1675677305248
2775188933024
1675459381664
1417761343904
2517272971680
1692639250848
2792150878624
1675408869024
2774920496800
1675390962256
2774902590032
1417692924496
2517204552272
1692570831440
2792082459216
1396486523472
2495998151248
1671364430416
2770876058192
2775239199056
1692907440464
2792419068240
1671365495120
1400581228880
2500092856656
1400849664336
2500361292112
2770877122896
1418046555728
1675744593488
1396571719248
2496083347024
2792100366944
1400782555488
2500294183264
1396286261600
2495797889376
1671164168544
1418029533536
1396219152736
2495730780512
1671097059680
2770608687456
2495998495120
1671364774288
2770876402064
1413666736528
2513178364304
1692907686240
1400782539424
2500294167200
1675660446368
2775172074144
1396286506384
1413466375568
2512978003344
1688344282512
2787855910288
1417761342864
2517272970640
1692639249808
2792150877584
1396285277840
2495796905616
1671163184784
2770674812560
1413465147024
2512976774800
1417979201936
1692639005072
2792150632848
2770944231824
1418029533584
2517541161360
1400849909072
2500361536848
1675727816016
2775239443792
1418029778256
1413734810960
2513246438736
1688612717904
2788124345680
2517541406032
1692923496848
2792435124624
2517557217680
1396570753424
2496082381200
1671448660368
2770960288144
1413750622608
2513262250384
1688628529552
2512976708944
1413666392672
2513178020448
1688544299616
2788055927392
1400781490784
2500293118560
1675659397728
1417961359968
2517472987744
1396302251344
2495813879120
2517540177488
1413482120528
2512993748304
1688360027472
2787871655248
1396219152800
1396553894544
2496065522320
1671431801488
2770943429264
1413733763728
2513245391504
1688611670672
2788123298448
1418028731024
2517540358800
1417961424288
1688611490192
2788123117968
2517473052064
1692839331232
2792350959008
1396303283808
2495814911584
1671181190752
2770692818528
1413483152992
2512994780768
1688361059936
2787872687712
1400598251104
2500109878880
2500360488592
1675409066576
2774920694352
1417711028816
2517222656592
1692588935760
2792100563536
1675392026192
2774903653968
1675409115552
2774920743328
1417711077792
2517222705568
1692588984736
2792100612512
1417961687712
2517473315488
1692839594656
2792351222432
1688359814736
2787871442512
2770691573328
1413481907792
2512993535568
1400799644000
2500311271776
1396504676704
2496016304480
1671382583648
2770894211424
1692857420128
1413684545888
2513196173664
1688562452832
1418046360160
1396236240272
1671114147216
2770625774992
1413416109456
1400531207568
2500042835344
1675408001632
2774919629408
1413750622816
2513262250592
1688628529760
2788140157536
1400531158688
1400799642960
2500311270736
1675677549904
1396504675664
2496016303440
1671382582608
2770894210384
1413684544848
2513196172624
1688562451792
1396503628432
2496015256208
1671381535376
2770893163152
1413683497616
1400798595728
2513195125392
1688561404560
1692856371856
1417978463648
2788140157328
2517490091424
1692856370592
2792367998368
1671180946064
2770692573840
2517221590608
2792099497552
1396235126352
2495746754128
1418046310992
2517557938768
1692924217936
2792435845712
1417962424912
2517474052688
1396302038624
2495813666400
1413481907808
2512993535584
1688359814752
2787871442528
1400597005920
2500108633696
1396219152992
2495730780768
1671097059936
2770608687712
1413399022176
2512910649952
1688276929120
2787788556896
1400514120288
2775255976528
1396571474512
2496083102288
1692571158864
2792082786640
1396218415440
2495730043216
1671096322384
2770607950160
1413398284624
2512909912400
1688276191568
2787787819344
1396571523488
2496083151264
1413751392672
2513263020448
1688629299616
2788140927392
1400866490784
2500378118560
1675392009552
2774903637328
1417693971792
2517205599568
1692571878736
2792083506512
1671097042256
2770608670032
1396219135312
2495730763088
2500024683152
1675390962320
2774902590096
1417692924560
1692570831504
2792082459280
2774987523424
1692856388176
1396303021408
2495814649184
1671180928352
1417979202192
2517490829968
1675475913360
2774987541136
2500378069648
1675474848416
2774986476192
1417776810656
1413483153040
2512994780816
1688361059984
2787872687760
1396303283856
1417778120336
2517289748112
1692656027280
2792167655056
1396571719312
2770608687776
1413399022240
2512910650016
1688276929184
2787788556960
1400514120352
2500025748128
2496083150224
1671449429392
2770961057168
1396570409568
2496082037344
1675474847376
2774986475152
1396301973136
2495813600912
1671179880080
2770691507856
1413481842320
2512993470096
1688359749264
2787871377040
1692571878752
2792083506528
2787788539232
1400514102624
2500025730400
1675392009568
2774903637344
1417693971808
2517205599584
1413666392736
2513178020512
1688544299680
2788055927456
1400781490848
2500293118624
1675743282768
2775254910544
1418045245008
2517556872784
1692923151952
2792434779728
2500361554576
2495796890000
1671163169168
2770674796944
1396554959504
2496066587280
1671432866448
2770944494224
1688343038352
2787854666128
1400580229520
1688562207120
2788073834896
1692839544224
2792351172000
1675726571856
1396553697616
2496065325392
1671431604560
2775238199632
1418028534096
2517540161872
1692906441040
1688344282528
2787855910304
1400581473696
2500093101472
1418046359120
2517557986896
1413465147040
2512976774816
1688343053984
2787854681760
1400580245152
2500091872928
1675458152096
2774969779872
1417760114336
2517271742112
1671432669520
2770944297296
1418046375584
2517558003360
1692924282528
2792435910304
1400530160208
2500041787984
1675408067152
2774919694928
1417710029392
2517221657168
1692587936336
2792099564112
1400798595664
2500310223440
1675676190288
2775187818064
1396553713248
2496065341024
1671431620192
2770943247968
1413733582432
2513245210208
1675743348368
2775254976144
1418045310608
1692923217552
2792434845328
1396302038672
2495813666448
1671179945616
2770691573392
1418045262496
2517556890272
1692923169440
2792434797216
1675726767760
2496065521296
1671431800464
2770943428240
1413733762704
2513245390480
1688611669648
2788123297424
1400848860816
1418046573152
1675409066592
2774920694368
1417711028832
2517222656608
1692588935776
2792100563552
2517558200928
1692924480096
2792436107872
1396235192928
2495746820704
1671113099872
2770624727648
1413415062112
2512926689888
1688292969056
2774919711328
2770892851600
1400798284176
2775187818896
2500311288464
1396504693392
2496016321168
1671382600336
2770894228112
1413684562576
2513196190352
1688562469520
2788074097296
1400597005984
1417711027792
2517222655568
1692588934736
2792100562512
1396554679632
2496066307408
1671432586576
2770944214352
2774919711120
2495798135120
1671164414288
1396286507344
1675676239264
1400799593808
2500311221584
1675677500752
2775189128528
1417979462992
2517491090768
1692857369936
1396504626512
2496016254288
1675409114528
2774920742304
1417711076768
2517222704544
2792100611488
1418029532752
2517541160528
1692907439696
2792419067472
1400514447696
2500026075472
1675392354640
2774903982416
1417694316880
2517205944656
1692572223824
2792083851600
1396219480400
2495731108176
1413683184976
2500041475408
1396236191072
2495747818848
1671114098016
2770625725792
1413416060256
2512927688032
1692840314256
2792351942032
1675392009616
2774903637392
1417693971856
2517205599632
1692571878800
2792083506576
1396487570832
2495999198608
2500109634192
2500311270752
1675677549920
2775189177696
1396504675680
2496016303456
1671382582624
2770894210400
1396553632400
2496065260176
1671431539344
2770943167120
1396503628448
2496015256224
1671381535392
2770893163168
1413683497632
2513195125408
1688561404576
2788073032352
1400798595744
2500310223520
1413683186256
2513194814032
1688561093200
2788072720976
1675475913376
1675409065360
2774920693136
1417711027600
2517222655376
2774987524688
2792419314016
2775239444832
2770944477536
1400849910112
2500361537888
1675727817056
2517541407072
1396286507360
1396571474528
2496083102304
1671449381472
2770961009248
1413751343712
2513262971488
1688629250656
2788140878432
1400866441824
2500378069600
2517204879712
1688276191584
2787787819360
1400513382752
1675676502688
2775188130464
2774987541152
2500360308304
1675726587472
1396503627408
2496015255184
1671381534352
2770893162128
1413683496592
2513195124368
1688561403536
2788073031312
1400798594704
2500310222480
1675676190048
2775187817824
1417709716832
2517221344608
1692587623776
2792099251552
1675407754592
1417978152288
2517489780064
1692856059232
1396303038096
2495814665872
1671180945040
2770692572816
1413482907280
2512994535056
1688360814224
2787872442000
1400598005392
2500109633168
1400598006352
2500109634128
1675475913296
2774987541072
1692655782480
2792167410256
1396303039056
2495814666832
1671180946000
2770692573776
1396219135392
2495730763168
1671097042336
1396571473488
2496083101264
1671449380432
2770961008208
1413751342672
2513262970448
2788140877392
1400866440784
1396286327184
2495797954960
1671164234128
2770675861904
2792082785616
1417693250896
2788123379104
2770961253712
1396571522464
2496083150240
1671449429408
2770961057184
1413751391648
2513263019424
1688629298592
2788140926368
1400866489760
2500378117536
1675458136400
2774969764176
1671163169104
2787854666064
1400580229456
2500091857232
1692638005584
2517271726416
2792149633360
2770943232336
1396554762576
2496066390352
1675474847392
2774986475168
1692588983632
2792100611408
1675409114448
2774920742224
2512927737168
1688294016336
2787805644112
1396236240208
2495747867984
1671114147152
1418028468640
1400530160272
1692587936400
2792099564176
2517490092688
1675676502672
2775188130448
1396235192976
2495746820752
1671113099920
2770624727696
1675660723552
2775172351328
1396303039072
2495814666848
1671180946016
2770692573792
1413482908256
2512994536032
1688360815200
2787872442976
1400598006368
2500109634144
1396570408544
2496082036320
1671448315488
2770959943264
1413750277728
2513261905504
1688628184672
2788139812448
1400865375840
2500377003616
1675458136480
2774969764256
1417760098720
2517271726496
1692638005664
2792149633440
1400782882464
2500294510240
1675660789408
2775172417184
2788074080608
1396553697632
2496065325408
1671431604576
2770943232352
1413733566816
2513245194592
1688611473760
2788123101536
1400848664928
2500360292704
1417760098656
2517271726432
1400781769376
2500293397152
1675659676320
2775171304096
1418029794960
1413465130384
2512976758160
1688343037328
2787854665104
1417760097680
2517271725456
1692638004624
1400799594064
2500311221840
1675677501008
2775189128784
1396504626768
1675476174416
2774987802192
1418028550752
1417979512160
2517491139936
1675409114464
2774920742240
1417711076704
2517222704480
1400799642976
1396285261200
2495796888976
1671163168144
2770674795920
1396553696592
2496065324368
1671431603536
2770943231312
1413733565776
2513245193552
1688611472720
2788123100496
1400848663888
2500360291664
1417760048464
2517271676240
2792350893472
1692654995792
2792166623568
2517271742096
1692638021264
2792149649040
1413667521952
2513179149728
1688545428896
2788057056672
1688276978320
2787788606096
1400514169488
2500025797264
1675392076432
2774903704208
1417694038672
2517205666448
1692571945616
2792083573392
2496066570640
1671432849808
2770944477584
1400849910160
2500361537936
1675727817104
2775239444880
1413466376592
1400866441616
2500378069392
1675476174480
2774987802256
1413667718800
2513179346576
1688545625744
2788057253520
1675676452256
2775188080032
1396286523040
2495798150816
1671164429984
2770676057760
1413466392224
2512978020000
1688344299168
2787855926944
1400581490336
1675676501648
2775188129424
1675475912336
2774987540112
1688611669664
1400798283152
2500309910928
2792099251600
1417709716880
2517221344656
1692587623824
1413416044880
2512927672656
2788057041488
1417962474064
1418045508000
1400529914448
2792099318352
2517221411408
1692587690576
2500041542224
1675407821392
2774919449168
1417709783632
1396503316896
2496014944672
1671381223840
2770892851616
1413683186080
2513194813856
1688561093024
2792150877856
1396504693408
2496016321184
1671382600352
2770894228128
1413684562592
2513196190368
1688562469536
1688276208208
2787787835984
2517473331792
1692839610960
2792351238736
1417961704016
1675391306320
2774902934096
2792149846608
1417760311888
2517271939664
1692638218832
1418028467808
2517540095584
1692906374752
2792418002528
1396286507424
2495798135200
1671164414368
2770676042144
1413466376608
2512978004384
1688344283552
2787855911328
1400581474720
2500093102496
1675726587536
2775238215312
1688561091984
2788072719760
1417978152336
2517489780112
1692856059280
2792367687056
1396503315856
2496014943632
1671381222800
2770892850576
2517205944672
1692572223840
2792083851616
2517491156624
1692857435792
2792369063568
1418045590112
2517557217888
1692923497056
2792435124832
1688629250704
2788140878480
1692907685200
2792419312976
2788074079568
1688276208224
2787787836000
1400513399392
2500025027168
1675391306336
2774902934112
1417693268576
2517204896352
1692571175520
2792082803296
1413482891664
2512994519440
1688360798608
2787872426384
1692655765904
2792167393680
1396303022480
1675392353616
2774903981392
1417694315856
2517205943632
1692572222800
1418045589904
2517541422496
1692907701664
2792419329440
1675391288656
2774902916432
1692655060624
2792166688400
1692571175568
2792082803344
1413733566864
2513245194640
2512976759184
1418028534160
2517540161936
1396285262224
1400581294480
2500092922256
1675459201424
2774970829200
1413751327056
2513262954832
1688629234000
2788140861776
1418046294352
2517557922128
1692924201296
2792435829072
1396285277856
2495796905632
1671163184800
2770674812576
2792418084432
1417979512208
2517491139984
1692857419152
2792369046928
1675409114512
2774920742288
1413414995536
2512926623312
1688292902480
2787804530256
1417979185568
2517490813344
1692857092512
2792368720288
1692906637968
2792418265744
1396219136336
2495730764112
1671097043280
2770608671056
2775188063840
1413482908304
2512994536080
1688360815248
1396571473504
2496083101280
1671449380448
2770961008224
1413751342688
2513262970464
1688629249632
2788140877408
1400866440800
2500378068576
1418045507168
2517557134944
1692923414112
2792435041888
2770877385312
1396285262240
2495796890016
1671163169184
2770674796960
1413465131424
2512976759200
1688343038368
2787854666144
1400580229536
2500091857312
1396554762592
2496066390368
1671432669536
2770944297312
1413734631776
2513246259552
1688612538720
2788124166496
2775239248544
2500042835360
1692923413904
2792435041680
1675458087520
2774969715296
1417979267680
2517490895456
1692857174624
2792368802400
1396554761552
2496066389328
1671432668496
2770944296272
1413734630736
2513246258512
1688612537680
2788124165456
1413734812048
2513246439824
1396554942864
1396570687888
2496082315664
1671448594832
2770960222608
1413750557072
2513262184848
1688628464016
1400597219728
2500108847504
1692654995856
2792166623632
1413482121616
2512993749392
1688360028560
1417979267472
2517490895248
1692857174416
1417760048720
2517271676496
1692637955664
2792149583440
1396285212240
2495796840016
1671163119184
1675744396704
2775256024480
2513262184784
1688628463952
2788140091728
1400865655120
2500377282896
1675743562064
2775255189840
1418045589072
2517557216848
1692923496016
2792435123792
1400849729872
2500361357648
1675727636816
2517474036368
2775239264592
1396236175696
2495747803472
1671114082640
2770625710416
1675459200592
2774970828368
1418028533088
2517540160864
1692906440032
2792418067808
2513245193568
1400514446672
2500026074448
1413399348560
2512910976336
1688277255504
2787788883280
2792351238800
1692906703200
2792418330976
1396302252448
2495813880224
1671180159392
2770691787168
1413482121632
2512993749408
1688360028576
2787871656352
1400597219744
2500108847520
1417979184736
2517490812512
1692857091680
2792368719456
1688561354336
2788072982112
2792419396192
1396487637584
2495999265360
1671365544528
2770877172304
1413416044896
2512927672672
1688293951840
2774920677728
1417711012192
2517222639968
1692588919136
2792100546912
2787805579616
1400531143008
1413667506784
2513179134560
2500378380960
2775256287904
1400865458784
2500377086560
1675743365728
2775254993504
1413667784032
2513179411808
1688545690976
2788057318752
1400782882144
2500294509920
1417962751328
2512909929120
1688276208288
2787787836064
1400513399456
2500025027232
1675391306400
2774902934176
1417693268640
1692571175584
1671114081616
2770625709392
2792352007760
1413416043856
2512927671632
1688293950800
2787805578576
1675409048912
2774920676688
1417711011152
1692840379984
1400782603856
1396234946128
2495746573904
1671112853072
2770624480848
1413414815312
2512926443088
1688292722256
2787804350032
1400529913424
2500041541200
1396504413520
2496016041296
1671382320464
2770893948240
2787872425312
1417978399312
2517490027088
1396503562832
2496015190608
1671381469776
2770893097552
1413683432016
2513195059792
1688561338960
2788072966736
2517491075728
1692857354896
2792368982672
2770892835152
1396503300432
2496014928208
1400848599696
2517289486752
1396219479392
2495731107168
1671097386336
2770609014112
1413399348576
2512910976352
1688277255520
2787788883296
1400514446688
2500026074464
1671381273232
2770892901008
1417978153552
2517489781328
2792082803360
2792435829344
2775239445072
1675743282784
2775254910560
1396486867552
2495998495328
1671364774496
2770876402272
1400781834848
2500293462624
1675727833760
2775239461536
1675743282576
2775254910352
1413751326032
2513262953808
1688629232976
2788140860752
1413750278800
2513261906576
1688628185744
2788139813520
1396570409616
2496082037392
1671448316560
1671364773456
2770876401232
1396235995488
2495747623264
1671113902432
2770625530208
1413415864672
2512927492448
1688293771616
1413483153808
2512994781584
1688361060752
1418028811680
2517540439456
1692906718624
2792418346400
2774903637584
1417693972048
2517205599824
1396219135568
2495730763344
1671097042512
2770608670288
1396487571024
2495999198800
1671365477968
2770674731344
1400580163920
2500091791696
1675458070864
2774969698640
1413465065808
1417760033104
2517271660880
1692637940048
2792149567824
2792367737248
2774971075152
1692639316560
2792150944336
1396286573136
2495798200912
1671164480080
2770676107856
1413466442320
2512978070096
1688344349264
1692572207760
2792083835536
2787871459984
1396554942880
2496066570656
1671432849824
2770944477600
1413734812064
2513246439840
1688612719008
2788124346784
1400849910176
2500361537952
1400866703696
2500378331472
1675744610640
2775256238416
1418046572880
1413751605584
1688629512528
2792369047904
1417760048736
2517271676512
1692637955680
2792149583456
2500026009952
1675726571872
2775238199648
2500042525264
1671432848784
2770944476560
1400849909136
2500361536912
1675727816080
2775239443856
1396554941840
1413734811024
2513246438800
1688612717968
1675392009824
2774903637600
1417693972064
2517205599840
1418028549776
2517540177552
1417711076752
2517222704528
1413750278752
2513261906528
1688628185696
2788139813472
1400598268304
2500109896080
1675476175248
2774987803024
1396303301008
2495814928784
1692840593808
1417761360272
2517272988048
1675392353696
2774903981472
1417694315936
2517205943712
1692572222880
2792083850656
1396487914912
2495999542688
1671365821856
2770877449632
1400580228496
2500091856272
1675458135440
2774969763216
1417962472784
1417709782352
2517221410128
1692587689296
2792099317072
1396219414944
1417962489248
2517474117024
1692840396192
2792352023968
1688293968528
2787805596304
1400531159696
2500042787472
1675409066640
2774920694416
1417711028880
2517222656656
1675727832720
2775239460496
1417692923472
2517204551248
1692570830416
2792082458192
2770894162512
1396234930512
1400799595088
2500311222864
1396504627792
1400529897808
2500041525584
1675407804752
2774919432528
1413483152976
2512994780752
1688361059920
2787872687696
1417961425552
2517473053328
1692839332496
2792350960272
1396504676768
2496016304544
1671382583712
2770894211488
1413684545952
2513196173728
1688562452896
1400799316624
1396236174688
2495747802464
1671114081632
2770625709408
1675409048928
2774920676704
1413416043872
2512927671648
2517474314592
1692840593760
2792352221536
1675408869776
2774920497552
1675407820384
2774919448160
1417709782624
2517221410400
1692587689568
2792099317344
1675408001696
2774919629472
1417709963936
2517221591712
1692587870880
2792099498656
1417962752672
2517474380448
1692840659616
2792352287392
1396504675728
2496016303504
1413684544912
2513196172688
1688562451856
2496015190624
1671381469792
2770893097568
1413683432032
1417978201488
2517489829264
1692856108432
2792367736208
1400530093712
2500041721488
1396235126416
2495746754192
1671113033360
2770624661136
1413414995600
1675391223136
2774902850912
1417979512144
2517491139920
1692857419088
2792369046864
1417761344080
2517272971856
1413734812240
2513246440016
1688612719184
2788124346960
1396286507600
2495798135376
1671164414544
1418029779536
1396235995552
2495747623328
1671113902496
2770625530272
1413415864736
2512927492512
1688293771680
1675744348816
2775255976592
1396571474576
2496083102352
1671449381520
2770961009296
1675676436048
1400866441872
2517490026064
1400798529104
1413684496976
2513196124752
1688562403920
2788074031696
1413465131408
1396219479376
2495731107152
1671097386320
2517221344848
1692587624016
2792099251792
1396219415136
2495731042912
1671097322080
1675726587296
2775238215072
1396486850896
2495998478672
1675475895712
2774987523488
1417777857952
2517289485728
1692655764896
2792167392672
1417978415520
2517490043296
1692856322464
2792367950240
2792367999632
1675744331104
2775255958880
2500378051936
1675392289424
2774903917200
1396570409632
2496082037408
1671448316576
2770959944352
2770876401248
1413666735712
2513178363488
1688544642656
2788056270432
1400781833824
2500293461600
1675659740768
2775171368544
1417961703008
1396286507616
2495798135392
1671164414560
1413414734160
2512926361936
1688292641104
2787804268880
1692587608400
2792099236176
1396234864976
1413683169616
2513194797392
1688561076560
1413751604832
2513263232608
1688629511776
2792352270944
2500360505696
1671112787552
2770624415328
1413414749792
2512926377568
1688292656736
2787804284512
1400529847904
2500041475680
1692923152016
2792434779792
2500377003664
2770959943312
1675743282832
2775254910608
1400865375888
1675459447392
2774971075168
1688611473808
2788123101584
1400848664976
2500360292752
2787854599504
1400580162896
2500091790672
1675458069840
1400798267744
2500309895520
1400529832288
2500041460064
1675407739232
2774919367008
2770892835168
1675676174688
2775187802464
1413414734176
1675677550160
2775189177936
1675409114704
2774920742480
1417711076944
2517222704720
1692588983888
2792100611664
1396504675920
2496016303696
1400849909152
2500361536928
1400865719712
2500377347488
1675743626656
2775255254432
1396553713312
2496065341088
1671431620256
2770943248032
1413733582496
2513245210272
1396235995472
2495747623248
1671113902416
2770625530192
1413415864656
2512927492432
1688293771600
2787805399376
1400530962768
1692571880016
2792083507792
1396219136592
2495730764368
1671097043536
2770608671312
1413399005776
2512910633552
1688276912720
2787788540496
2517473248656
2770607883664
1413398218128
1417760032080
2517271659856
1692637939024
2792149566800
2774969697616
2495796823376
1671163102544
2770674730320
1413465064784
2512976692560
1417978414688
2774920694432
1400865375584
2500377003360
1675743282528
2775254910304
1418028467552
2495729714528
1671095993696
2770607621472
1413397955936
1396504627808
1413414799712
2512926427488
1688292706656
2787804334432
1675407804768
2774919432544
1417709767008
2517221394784
1692587673952
2792099301728
1400782621344
2500294249120
1675660528288
2775172156064
1692654733920
1675743562320
2775255190096
1413398218144
2512909845920
1688276125088
2787787752864
1400513316256
2500024944032
1396570408336
2496082036112
1671448315280
2770959943056
2500361538192
1400581474960
1400849910416
2787855911568
1688292705616
2787804333392
2513196123728
1688562402896
2788074030672
1417979463248
2517491091024
1400529896784
1688275862944
2787787490720
1400513054112
2500024681888
1400848876880
2500360504656
1396504675744
2496016303520
1671382582688
2770894210464
1413684544928
2513196172704
1400799643040
2500311270816
1675677304224
2775188932000
2517474380112
1692840659280
2792352287056
1688628513104
2788140140880
2512909863504
1688276142672
2787787770448
1400513333840
2500024961616
1675391240784
1396218366544
2495729994320
1671096273488
2770607901264
1396302252640
2495813880416
1671180159584
2770691787360
1413482121824
2512993749600
1688360028768
2787871656544
1400597219936
2500108847712
2513246504608
1688612783776
2788124411552
1417978136976
2517489764752
1400798267792
2500309895568
1413414734224
1688611489376
2788123117152
2770624415392
1413414749856
1675677501792
2775189129568
1400799660688
2517556939360
1688344037728
2787855665504
1692639005024
1413466130784
2512977758560
2792150632800
1400581228896
2500092856672
2770675796320
1400799660704
2500311288480
1675677567648
2775189195424
1418046310032
2517557937808
1692924216976
2792435844752
1396218414480
2495730042256
1671096321424
2770607949200
2792150680912
1417761146192
2517272773968
1692639053136
1675727619408
2775239247184
1396286309712
2495797937488
1671164216656
2770675844432
1675458136720
2774969764496
1413734631824
2513246259600
1688612538768
2788124166544
2787855664464
1396286260560
2495797888336
1671164167504
2770675795280
1396234865056
2495746492832
1413414734240
1692656028048
2792167655824
1396285195856
2495796823632
1671163102800
2517541144912
1692907424080
2792419051856
1417776826704
2517288454480
1692654733648
2792166361424
2770959943328
1418029533600
2517541161376
1692907440544
2792419068320
1692839593632
2792351221408
1692639004320
2792150632096
1396553697696
2496065325472
1671431604640
2770943232416
1675727619424
2775239247200
1671163169440
2770674797216
1413465131680
2513245390160
1675677484704
2775189112480
2517204551312
1692570830480
1675459446368
2774971074144
1418046359136
2517557986912
1692924266080
2792435893856
2500042835616
1675676190304
2775187818080
1400781506896
1692906440080
2792418067856
1675726570896
2775238198672
1418028533136
2517540160912
2787805399392
1400530962784
2500042590560
1675408869728
2774920497504
1417710831968
2517222459744
1692588738912
2792100366688
1418045246048
2517556873824
1692923152992
2792434780768
2512927491408
1688293770576
2787805398352
1413667506832
2513179134608
1688545413776
2788057041552
1417962474128
2517474101904
1692571878992
2792083506768
2513178036576
1688544315744
2788055943520
1400781506912
1688277255760
2787788883536
1400514446928
2500026074704
1396487915088
2495999542864
1671365822032
2770877449808
1413667784272
2513179412048
1396503382608
2496015010384
1671381289552
2770892917328
1400798349904
2500309977680
1413683251792
2513194879568
2770961270112
1413416060576
2512927688352
2500108847776
1418029532768
2517541160544
1692907439712
2792419067488
1396487915872
2495999543648
1671365822816
2770877450592
1692840642896
1400782866768
2500294494544
1675660773712
2775172401488
2792352270672
1417962735952
1396487899472
2495999527248
1675392353888
2774903981664
1417694316128
2517205943904
1692572223072
2792083850848
1396487915104
2495999542880
1671365822048
2770877449824
1675743364432
2775254992208
1418045326672
2517556954448
1692923233616
2792434861392
2517271726480
2500293462672
1692839611024
1675659741840
1688276141648
2787787769424
1400513332816
2500024960592
1396218365520
2495729993296
1671096272464
2770607900240
1413398234704
2512909862480
2517474363744
1413667768672
2513179396448
1396302252432
2495813880208
1671180159376
2770691787152
1400513381792
2500025009568
1675391288736
2774902916512
1417693250976
2517204878752
1692571157920
2792082785696
1417776891232
1396570490208
2496082117984
1671448397152
2770960024928
1413750359392
2513261987168
1688628266336
2788139894112
1400865457504
1418045261472
2517556889248
1692923168416
2792434796192
1396286309792
2512977806752
1417961686368
2517473314144
1396554762656
2496066390432
1671432669600
2770944297376
1413734631840
2513246259616
1675458087584
2774969715360
1417760049824
2517271677600
1692637956768
2792149584544
1675660772960
2775172400736
1692907505040
2792419132816
1400849728912
2500361356688
1675727635856
2775239263632
1413734630800
2513246258576
1688612537744
1396303299984
2495814927760
2792436106640
1671181206928
2770692834704
2770674747024
1400580179600
2500091807376
2774969714320
1688342988432
2787854616208
1400781752928
2500293380704
1675659659872
2775171287648
1400865655184
2500377282960
2788140091792
2788056974752
1675726521936
2775238149712
2792082475424
1396486539680
2495998167456
1671364446624
2770876074400
1413666408864
2513178036640
2792418068816
1396303300000
2495814927776
1671181206944
2770692834720
1413483169184
2512994796960
1688361076128
2787872703904
1400598267296
2500109895072
1396570687824
2496082315600
1671448594768
2770960222544
1692638021280
1675744348576
2775255976352
2500042589536
1418029861216
2517541488992
1692907768160
2792419395936
1400531143072
2500042770848
2774920677792
1417711012256
2517222640032
1692588919200
2792100546976
1396487637664
2495999265440
1671365544608
2770877172384
1396235209040
2495746836816
1688562387296
2788074015072
1400799578464
2500311206240
1675677485408
2775189113184
1413684480352
2513196108128
1396219479712
2495731107488
1671097386656
2770609014432
1413399348896
1400798349920
2500309977696
2775254992272
1671365543568
2770877171344
2495747802512
1671114081680
2770625709456
1400782603920
1400799577424
2500311205200
1675676255824
2775187883600
1400798530192
2500310157968
1396235209056
2495746836832
1671113116000
2770624743776
1413415078240
2512926706016
1688292985184
2787804612960
1400530176352
2500041804128
1400781751888
2500293379664
1675659658832
1692571092560
2792082720336
1396218349136
2495729976912
1671096256080
2770607883856
1413398218320
1396302054816
2495813682592
1671179961760
2770691589536
1413481924000
2512993551776
1688359830944
1413398219088
2512909846864
1688276126032
2787787753808
1396235995792
2495747623568
1671113902736
2770625530512
1413415864976
2512927492752
1688293771920
2787805399696
1400530963088
2500042590864
1396504365392
2496015993168
1671382272336
2770893900112
1418029844128
2517541471904
2517474379104
1675660789088
2775172416864
1675459201440
2774970829216
1396486867616
2495998495392
1671364774560
2770876402336
1413666736800
2513178364576
1688544643744
2788056271520
1692906637984
2792418265760
1675744347744
2775255975520
2496083084688
1671449363856
2770960991632
1400866424208
2500378051984
1675744331152
2775255958928
1396486784608
2495998412384
1671364691552
2770876319328
1400529832272
2500041460048
1675407739216
2774919366992
1417709701456
2517221329232
1396235995808
2495747623584
1671113902752
2770625530528
1413415864992
2512927492768
1688293771936
1396234864992
2495746492768
1671112771936
2770624399712
1418045506976
1417761409680
2774971075216
2517273037456
1675459447440
1692639316624
2792150944400
2774919367056
1396234865040
1688611408208
1418028468560
1400848599376
2500360227152
1675726506320
2775238134096
1396555008592
2496066636368
1671432915536
2770944543312
1675727882832
2775239510608
2787787491744
1400513055136
2500024682912
1675390962080
2774902589856
1675458086560
2774969714336
1417760048800
2517271676576
1692637955744
2792149583520
1417979267488
2517490895264
1692857174432
2792368802208
1417710831264
2517222459040
1692588738208
2792100365984
1396234865232
2495746493008
1400529832528
2500041460304
1396553647712
2496065275488
1671431554656
2770943182432
1413733516896
2513245144672
1688611423840
2788123051616
1692587952528
2792099580304
1417962408608
1688544578208
2788056205984
1675743561104
2775255188880
2513196124816
1688562403984
2788074031760
2770624465296
1413414799760
2517221394832
1417979464336
2517491092112
1692857371280
1692587674000
1417979184544
2517490812320
1692857091488
2792368719264
1400513316496
2500024944272
1675391223440
1396218349200
2495729976976
1417693988432
2517205616208
1692571895376
2792083523152
2517205879120
1692572158288
2792083786064
1417694251344
1675392289104
2774903916880
1675407820448
2774919448224
1417709782688
2517221410464
1692587689632
2792099317408
1675659397712
2775171025488
1417961359952
2517472987728
1692839266896
2792350894672
2775189112160
1692857353568
2792368981344
1400799577440
2500311205216
1675677484384
1675390962272
2774902590048
1417692924512
2517204552288
1692570831456
2792082459232
1396486523488
2495998151264
1671364430432
2770876058208
1400849712800
2500361340576
1675727619744
2775239247520
1413683432096
2513195059872
1688561339040
2788072966816
1675744676192
2775256303968
1675391223456
2774902851232
1417693185696
2517204813472
1675474848400
1396301974160
2495813601936
1671179881104
2770691508880
1417760033424
1692655831648
2792167459424
2792082459296
1396486523552
2495998151328
1671364430496
2770876058272
1692924267104
1413666720144
2513178347920
1688544627088
2788056254864
1692840397472
1417761098128
2517272725904
1396303087184
2495814714960
1671180994128
2770692621904
1413482956368
1675475126672
1396571456928
2496083084704
1671449363872
2770960991648
1413751326112
2513262953888
1688629233056
2788140860832
1400866424224
2500378052000
1413666735776
2513178363552
1688544642720
2788056270496
1400781833888
2500293461664
1675659740832
2775171368608
1417961703072
2517473330848
1692857091408
2792368719184
2495747540304
1671113819472
2770625447248
1400848615760
2500360243536
1417760033184
2517271660960
1692637940128
2792149567904
1675744659104
2775256286880
1413733501280
1692906375520
2792418003296
1688611408224
1413734877792
2513246505568
1688612784736
2788124412512
1400849975904
1418029581904
1396235912544
2495747540320
1671113819488
1396234865312
2495746493088
1671112772256
2770624400032
1413414734496
2512926362272
1688292641440
2787804269216
1400529832608
2500041460384
1400581539472
2500093167248
2495999478368
1671365757536
2517540095312
2792418002256
2513245128016
2496065258832
1671431538000
2770943165776
2788123034960
1400848598352
1417710832016
2517222459792
1692588738960
2792100366736
1413399005840
2512910633616
1688276912784
2787788540560
1417693973136
2517205600912
1692571880080
2792083507856
1413734631760
2513246259536
1400581277280
2500092905056
1413667441232
1417962408528
2517474036304
1692840315472
2792351943248
2517221345872
1692587625040
2792099252816
1688292657744
2500310156624
1675676435792
2775188063568
1417978398032
2517490025808
1692856304976
1400798528848
1396503561552
2496015189328
1675407804832
2774919432608
1417709767072
1692587674016
2792099301792
1396218104400
2495729732176
1671096011344
2770607639120
1413397973584
2512909601360
1688275880528
2787787508304
1400513071696
2500024699472
1688343233888
2787854861664
1396503561568
2496015189344
1671381468512
2770893096288
1413683430752
2513195058528
1413683235168
1675676240224
2775187868000
1417978202464
2517489830240
1396234929552
2495746557328
1671112836496
2517221393808
1688628267616
2788139895392
2774919628176
1417693185424
2517204813200
1692571092368
2792082720144
1396486784400
2495998412176
1418045573728
2500360553808
1675726832976
1396553958736
2496065586512
1671431865680
2770943493456
2792418329936
2495797151056
1671163430224
2770675058000
2788072768848
1400798332240
2500309960016
1675676239184
2775187866960
1396218348960
2495729976736
1671096255904
2770607883680
2788057319824
1400782883216
1413734548816
2513246176592
1413666409056
2513178036832
1688544316000
2788055943776
1400781507168
2500293134944
1417961376352
2517473004128
1413399283024
2512910910800
1688277189968
2787788817744
2775256222032
1400866687312
2500378315088
1675744594256
1671181191504
2770692819280
1417693005392
2517204633168
1671382254992
2770893882768
1396553958752
2496065586528
1671431865696
2770943493472
1418028795232
2517540423008
1692906702176
2792418329952
2517271987552
2495998478752
1400799398544
2500311026320
2517490026848
2517204813152
2770607883616
1413398218080
1396219464272
2495731092048
1671097371216
2770608998992
1413399333456
2512910961232
1417978464928
1417777875616
2517289503392
1692655782560
2792167410336
1417776891472
2517288519248
1692654798416
2792166426192
1396570490448
1413750359632
2513261987408
1688628266576
2788139894352
1413734566240
2513246194016
1688612473184
2788124100960
1692907440480
2792419068256
2517541161312
1413734614672
2513246242448
1688612521616
2788124149392
1692839593360
2792351221136
1671113819552
2770625447328
2775188867744
2496066323792
1671432602960
2770944230736
1417694300768
1396487899744
2495999527520
1671365806688
1671431555728
1675726523024
2775238150800
1675743544912
2775255172688
1418045507152
2517557134928
1692923414096
1396570670672
2496082298448
1671448577616
2788072965712
1396285458000
1413750344016
2513261971792
1396286310048
2495797937824
1671164216992
2770675844768
1413466179232
2512977807008
1688344086176
2787855713952
1400581277344
2500092905120
1688360077648
2787871705424
1675475175760
2774986803536
1417777138000
2517288765776
1692655044944
2792166672720
1675459446432
2774971074208
1417761408672
2517273036448
1692639315616
2792150943392
2792418002272
2496065258848
1400848598368
2500360226144
1675726505312
2788123297104
1400597202576
2500108830352
1675475109520
2774986737296
1396302235280
2495813863056
1671180142224
2770691770000
1688544316048
2788055943824
1400781507216
2500293134992
1417961376400
1675390978704
1396555007584
2496066635360
1671432914528
2770944542304
2787805399456
1400530962848
2500042590624
1675408869792
2774920497568
1417710832032
2517222459808
1692588738976
2792100366752
1675475191392
2774986819168
1417777153632
2517288781408
1692655060576
2792166688352
1396303300240
2495814928016
1671181207184
2770692834960
1413483169424
2512994797200
1688361076368
2787872704144
1400598267536
2500109895312
1675409049952
1417961638560
2517473266336
1396504430944
2496016058720
1671382337888
2770893965664
1400799398240
2500311026016
1413667441248
2513179069024
1688545348192
2788056975968
1400782539360
2500294167136
1688611734928
2788123362704
1396487587168
2500294182240
1400799397200
2500311024976
1675677304144
2517490894160
1396504429904
2496016057680
1671382336848
2770893964624
1688562387344
2788074015120
1396303284624
1692924463504
2792436091280
1413751589264
2513263217040
1688629496208
2788141123984
1396571720080
2495814912400
1671181191568
2770877105744
1413667440208
2513179067984
1688545347152
2788056974928
2517474035280
1692840314448
1400782538320
2500294166096
1675660445264
1675676256912
2496016254624
1671382533792
2770894161568
1413415078480
2512926706256
1688292985424
2787804613200
1400530176592
2500041804368
1675408083536
2774919711312
1417710045776
2517221673552
1413683234144
2513194861920
2513179412896
1688545692064
2788057319840
1417962752416
2495731092112
1671097371280
2770608999056
1417962736272
2517474364048
1396487899792
2495999527568
1671365806736
2770877434512
1413667768976
2495731041632
1671097320800
2770608948576
1413399283040
2512910910816
1688277189984
1675726849696
2775238477472
1396303284640
2495814912416
1400865457808
2500377085584
1675743364752
2775254992528
1413481924240
2512993552016
1688359831184
2787871458960
1417776891536
2517288519312
1413666671200
2513178298976
1688544578144
1675676240544
2775187868320
1688292985440
2787804613216
2500041804384
1675677551200
2775189178976
2774903966368
1417694300832
2517205928608
1692572207776
2792083835552
1396487899808
2495999527584
1671365806752
2770877434528
1400597006736
2500108634512
1675474913680
2774986541456
1396302039440
1400781768272
2500293396048
1675659675216
2775171302992
1396302055072
2495813682848
1671179962016
2770691589792
1413481924256
2512993552032
1688359831200
2787871458976
1671364756896
2517289830736
1692656109904
2792167737680
2500378134944
1692639251024
2792150878800
2770676042320
1400581474896
2500093102672
1675459381840
2774971009616
2500294231632
1675660510800
2775172138576
1675392026000
2774903653776
1417693988240
2517205616016
1692571895184
2792083522960
2500294182288
1675660461456
2775172089232
1396219151760
1396553648800
2496065276576
1671431555744
2770943183520
1413733517984
2513245145760
1688611424928
1413481908640
2512993536416
1688359815584
2787871443360
2792150615648
2792419117728
2517556955744
1675392026016
2774903653792
1417693988256
2517205616032
1400782817888
2500294445664
1675660724832
2775172352608
1417777136976
2517288764752
1692655043920
2792166671696
1418046358944
2517557986720
1692924265888
2792435893664
1675676190112
2775187817888
1413465147728
2512976775504
1688343054672
2787854682448
2792149649744
1675458152784
2774969780560
1417760115024
2517271742800
1692638021968
1688293951824
2787805579600
2792100365728
1417711093072
2517222720848
1692589000016
2792100627792
1396504692048
2496016319824
1671382598992
1675408083600
2774919711376
1400798612112
2500310239888
1688561420944
2788073048720
2513195141776
1417710045840
2517221673616
1675676519056
1396236241488
1396285196624
2495796824400
1671163103568
2788123297440
2517490894176
1692857173344
2792368801120
1396504611232
2496016239008
1671382518176
2770894145952
1413684480416
2513196108192
1688562387360
2788074015136
1400799578528
2500311206304
1413667440224
2513179068000
1688545347168
2788056974944
1400782538336
2500294166112
2775189194400
1675407754848
2774919382624
1417709717088
2517221344864
1692587624032
2792099251808
1692924529312
2792436157088
1400798530128
2500310157904
1417979446672
2517491074448
2770894144912
1675677566304
2775189194080
1396236256608
2495747884384
1671114163552
2770625791328
1413416125792
2512927753568
1688294032736
2787805660512
1396235209376
2495746837152
1671113116320
2770624744096
1413415078560
2512926706336
2770607703376
1413398037840
2512909665616
1396218168656
2517289552528
1692655831696
2792167459472
1396303088272
2495814716048
2770676058512
1692639267216
1400581491088
2500093118864
1675459398032
2774971025808
1413466392976
2512978020752
1413666670176
2513178297952
1688544577120
2788056204896
1400781768288
2500293396064
1675659675232
2775171303008
1417961637472
2517473265248
1418045245024
2517556872800
1692923151968
2792434779744
1396286523808
2495798151584
1671164430752
2770676058528
1413466392992
2512978020768
1688344299936
2787855927712
1400581491104
2500093118880
2788074097312
2792082540112
2496082299216
1400513317200
2500024944976
1675391224144
2792368016032
2770676042336
1400581474912
2500093102688
1675459381856
2774971009632
1688561338720
1417709963616
2517221591392
1692587870560
2792099498336
1413733501328
2513245129104
1688611408272
2788123036048
1413734877840
2513246505616
1688612784784
2788124412560
1396555008656
2496066636432
1418029845136
2517541472912
1692907752080
2792419379856
2792436106656
2774971008592
2500377266576
1692638202256
2792149830032
1417710749264
1688343054736
2787854682512
1417760115088
2517271742864
1692638022032
2792149649808
1688276126112
2787787753888
1400513317280
2500024945056
1396553647776
2496065275552
1671431554720
2770943182496
1413733516960
2513245144736
1688611423904
2788123051680
1400848615072
2500360242848
1417711093136
2517222720912
1692589000080
2792100627856
1675408804176
2774920431952
1417710766416
2517222394192
1692588673360
2792100301136
2513194813024
1688561092192
1396235912800
2495747540576
1671113819744
2770625447520
1413415781984
2512927409760
1688293688928
2787805316704
1400530880096
2500042507872
1396285278624
2495796906400
1671163185568
2770674813344
1413465147808
2512976775584
1688343054752
2787854682528
1400580245920
2500091873696
2512926361952
1688292641120
2787804268896
1417709701472
2517221329248
1692587608416
2792099236192
1400866491040
2500378118816
2792149632400
1675659741792
2775171369568
1396503366032
2496014993808
1671381272976
1413683235216
2513194862992
1688561142160
2788072769936
1417978202512
2517489830288
1692856109456
1400529831248
2774919365968
1417709700432
2517221328208
1396234863952
2495746491728
2500041459024
1675407738192
1692587607376
2792099235152
2517541422736
1692907701904
2792419329680
1688562386336
2788074014112
2495999478096
1671365757264
2770877385040
1396487850320
1396503381664
2496015009440
1671381288608
2770892916384
1413683250848
2513194878624
1400798348960
2500309976736
1692856306256
2792367934032
2792149846432
1413683430736
2513195058512
1688561337680
2788072965456
1396235126096
2495746753872
1671113033040
2770624660816
1675744414032
2775256041808
1675676517728
2775188145504
1396218350176
2495729977952
1671096257120
2770607884896
1413398219360
2512909847136
1688276126304
2787787754080
1400513317472
2500024945248
1675475962528
2774987590304
1675459184992
2774970812768
2495998413152
1671364692320
2770876320096
1413666654560
2513178282336
1688544561504
2513195059856
1688561339024
2788072966800
1396571523680
2496083151456
1671449430624
2770961058400
1413751392864
2513263020640
1688629299808
2788140927584
1400866490976
2500378118752
1396218350240
2495729978016
1671096257184
2770607884960
1413398219424
2512909847200
1688561337696
2788072965472
1400798528864
2500310156640
1396235126112
1671180994192
2770692621968
1413482956432
1417777923728
1396571720272
2496083348048
1400598252112
2500109879888
1675476159056
1692656028240
2792167656016
1671449627216
2770961254992
1400866687568
1396554697104
2496066324880
1671432604048
1413734566288
2788140926544
1692924266064
2792435893840
1400866489936
1418028549536
2517540177312
1692906456480
2792418084256
2513195845264
1688562124432
2792083507536
2792352007776
1396303284832
2495814912608
1671181191776
2770692819552
2512994781792
1688361060960
2787872688736
1400598252128
2500109879904
1400781833808
1400848599456
2500360227232
2517490878816
1692857157984
2792368785760
1675475192480
2774986820256
1417777154720
2517288782496
1692655061664
2792166689440
1671113819808
2770625447584
1413415782048
2512927409824
1688293688992
2787805316768
1400530880160
2500042507936
2787805333856
1400530897248
1417710766432
2517222394208
1692588673376
2792100301152
1400866704032
2500378331808
1675744610976
2775256238752
1400849974928
2500361602704
1675727881872
2775239509648
1396555007632
1688544561760
2788056189536
1396302317200
2495813944976
1671180224144
2770691851920
1413482186384
2512993814160
1688360093328
2787871721104
1417777153680
2517288781456
2496082102864
1671448382032
2517557200208
1400799398288
2500311026064
1675677305232
2775188933008
1396504430992
2496016058768
1671382337936
2770893965712
1413684300176
2513195927952
1675743626832
2775255254608
1671365479056
1413667441296
2513179069072
1688545348240
2788056976016
1418045588896
2517557216672
1692923495840
2792435123616
1396487587408
1400782554704
2500294182480
2500310156688
1675676435856
2775188063632
1396503561616
2496015189392
1671381468560
2770893096336
1413683430800
2513195058576
1688561337744
1396503317072
2496014944848
1671381224016
1418028730016
2517540357792
1692906636960
2792418264736
1413481908832
2512993536608
1688359815776
2787871443552
1400597006944
2500108634720
1396503366048
2496014993824
1671381272992
2770892900768
1413683235232
2513194863008
1688561142176
2788072769952
1400798333344
2500309961120
2517474101840
2788074014032
1396571456864
2496083084640
1671449363808
2770960991584
2517474118304
2500093168208
2770624660880
1413414995344
2512926623120
1675408000400
1413399005520
2512910633296
1688276912464
2787788540240
1400514103632
2500025731408
1675392010576
1396487571792
2495999199568
1671365478736
2495729714592
1671095993760
1418028795536
2517540423312
1692906702480
2792418330256
1396285523600
2495797151376
1671163430544
2770675058320
1413465392784
2512977020560
1675676239248
2775187867024
1396503365008
2496014992784
1671381271952
2770892899728
1413683234192
2513194861968
1688561141136
2788072768912
1675392026208
2774903653984
1417693988448
2517205616224
1692571895392
2792083523168
1396487587424
2495999215200
1692923480672
1413465065040
2512976692816
1688342971984
2787854599760
1400865637968
2500377265744
1396218087008
2495729714784
1671095993952
2770607621728
1413397956192
2512909583968
1688275863136
2787787490912
1400513054304
2500024682080
1418029778576
2517541406352
1692907685520
2792419313296
1396570408592
2496082036368
1671448315536
1692839545488
2792351173264
1675392010592
2774903638368
1396487571808
2495999199584
1396219136352
2495730764128
1671097043296
2500378330768
1675744609936
2775256237712
2775256238496
1675391223200
2774902850976
2788056188496
1413483154080
1675475110224
2774986738000
1675727817120
2775239444896
1417979529888
2517491157664
1692857436832
2792369064608
1675726588576
2775238216352
1400597006992
2500108634768
1675474913936
2774986541712
2774903638352
1400865638736
1675743545680
2775255173456
1418045507920
2517557135696
1692923414864
2792435042640
1396570671440
1396503562592
2496015190368
1671381469536
2770893097312
1413683431776
2513195059552
2495814650256
1671180929424
2770692557200
1671432866384
2770944494160
1400849926736
1400597268880
2500108896656
1675475175824
2774986803600
1418046556752
2517558184528
1692924463696
2792436091472
1675392010832
2774903638608
1396218088032
2495729715808
1671095994976
2770607622752
1400513055328
2500024683104
1675743364512
2775254992288
1671448643920
2770960271696
1413750606160
2513262233936
2792434780576
1417978399376
2517490027152
1400514103952
2500025731728
2500024945296
2775255960208
1396555007648
2496066635424
1671432914592
2770944542368
1413734876832
1675475191456
2774986819232
1417777153696
2517288781472
1692655060640
2792166688416
2792435893600
1692924265824
1396303086944
2495814714720
1671180993888
2770692621664
1396302039712
2495813667488
1675408787792
2774920415568
1413481908896
2512993536672
1688359815840
2787871443616
1417979446944
2517491074720
2792368981664
1396504431008
2496016058784
1671382337952
2770893965728
1413684300192
2513195927968
1688562207136
2788073834912
1400799398304
2500311026080
1396570752608
2496082380384
1671448659552
2770960287328
1413750621792
2513262249568
1688628528736
2788140156512
1400865719904
1413415798112
2512927425888
1396286524000
2495798151776
1671164430944
2770676058720
1413466393184
1675726505632
2775238133408
1417978152544
2517489780320
1692856059488
2792367687264
2770624416080
1417709717840
2517221345616
1692587624784
1400865704528
2500377332304
1675743611472
2775255239248
1675727816288
2775239444064
1413399021216
2512910648992
1688276928160
2787788555936
1400514119328
2500025747104
1688612521632
2774919383392
1413683186016
2513194813792
1417978153312
2517489781088
1692856060256
2792367688032
1688292657504
2774903915936
1417694250400
2517205878176
1692572157344
2792083785120
1413482891856
1675475896912
1413666669968
2513178297744
1688544576912
2788056204688
1417961637264
2517473265040
1413734614688
1413666671264
2513178299040
1396285277520
2495796905296
1671163184464
2770674812240
2788072785232
1675677239648
2775188867424
1417760114016
2517271741792
1692638020960
2792149648736
2787854681440
1396302054752
2495813682528
1671179961696
2500360505936
1413666670224
2513178298000
1688544577168
2788056204944
1400781768336
2500293396112
1675391239584
2774902867360
1417693201824
2517204829600
1692571108768
2792082736544
1396486800800
2495998428576
1671364707744
2770876335520
1396234945936
2495746573712
1671112852880
2770624480656
1413414815120
2512926442896
1688292722064
2787804349840
1400529913232
1688275944864
2787787572640
1400513136032
2500024763808
1675391042976
2774902670752
1417693005216
2517204632992
1692570912160
2792082539936
1396303366544
2495814994320
1671181273488
2770692901264
1413483235728
2512994863504
1400598333840
2500109961616
1675677550944
2775189178720
1400531208544
2500042836320
1675409115488
2774920743264
1688294017376
2787805645152
2787871656336
1688611424592
2788123052368
2775256041888
1396303087008
2495814714784
1671180993952
2770692621728
1413482956192
2517541407312
1396554943056
2496066570832
1671432850000
1692907686480
2792419314256
2770944477776
1400849910352
2500361538128
1675727817296
1396503561808
2496015189584
1671381468752
2770893096528
1675726834080
2775238461856
2774986803616
1417777138080
2517288765856
1675677222560
2775188850336
1413683186064
2513194813840
1688561093008
2788072720784
1417978153360
2517489781136
1675458135648
2774969763424
1417760097888
2517271725664
1692638004832
1417962735200
2517474362976
1688628447904
2788140075680
1417777137040
2792099579280
1417961622112
1692839529056
2792351156832
1396286326096
2495797953872
1671164233040
2770675860816
1413466195280
1688628512080
2788140139856
1413750605136
1418045572432
2495746492816
1671112771984
2770624399760
1400781571664
2500293199440
1675659478608
2775171106384
1417978218064
2517489845840
1692588984976
2792100612752
1675409115792
2774920743568
1671114148496
2770625776272
1413416110736
2512927738512
1396236241552
2495747869328
2788072704336
1400798267728
2500309895504
1675676174672
2775187802448
1417978136912
2517489764688
1671381207376
1413750557008
1675660445344
2775172073120
1417979513424
2770894211664
1417709717152
2517221344928
1418046310816
2517557938592
1692924217760
2792435845536
1692587624096
2792099251872
1671096321616
2770607949392
1675727635808
2775239263584
1396285278880
2495796906656
1671163185824
2770674813600
1413465148064
2512976775840
2496082118288
1671448397456
2770960025232
1692906456720
2792418084496
1675474929296
2774986557072
1396503316064
2496014943840
1671381223008
2770892850784
1413683185248
2512927738256
1675475896928
1417777859168
2517289486944
1692655766112
2792167393888
1688275944848
2787787572624
1400513136016
2500024763792
1675391042960
2774902670736
1417693005200
2517204632976
1692570912144
2792082539920
1396571523728
2496083151504
1417777858128
2517289485904
1692655765072
2792167392848
2792367933008
1675408000592
1417978398288
1400530093648
2500041721424
2774919628368
1692856305232
2775188063824
1417709962832
1692587869776
2517473248848
2792351155792
1417961621072
1692839528016
1413466179920
2512977807696
1688344086864
2787855714640
1400581278032
1688611472736
2788123100512
2792150681936
1417761163680
2517272791456
1692639070624
2792150698400
2517473265312
1692839544480
2792351172256
1675677551008
2775189178784
1692906375584
2774987868576
1675459200608
2774970828384
1417761162848
2517272790624
1692639069792
1418046309984
2517557937760
1692924216928
2792435844704
1396235126368
2495746754144
1671113033312
2770624661088
1413414995552
2512926623328
1396571801952
2496083429728
1671449708896
2770961336672
1413751671136
2513263298912
1688629578080
2788141205856
1400866769248
2500378397024
1413399349584
2512910977360
1688277256528
2787788884304
2770609015120
1675475126880
2774986754656
1688344282768
2787855910544
1400581473936
1417761343120
2517272970896
1413751670096
2513263297872
1688629577040
2788141204816
2792436172112
1692923497104
2512927426960
1688293706128
1417777088080
1675409130832
2774920758608
1675392354656
2774903982432
1417694316896
1413684234576
2513195862352
1675677239632
2775188867408
1417979201872
2517490829648
1400781572688
2500293200464
1417978136928
2517489764704
1396503300448
2496014928224
1671381207392
1413683169632
2513194797408
1688561076576
2788072704352
1692856043872
2496016304736
1671382583904
2770894211680
1400799644256
2500311272032
2500041459088
1675407738256
2774919366032
1417709700496
2517221328272
1692587607440
2792099235216
1688545413728
2788057041504
1675727620432
1396285195600
1688342971728
2500360226128
1675726505296
1396553631056
1413733500240
1688611407184
1418028467536
1692906374480
2775238133072
1413683168592
2513194796368
1688561075536
2788072703312
1692856042832
2792367670608
1400798266704
2500309894480
1675676173648
2775187801424
1417962686864
1671382582864
2770894210640
1413684545104
1396218415696
2495730043472
1671096322640
2770607950416
1413398284880
2512909912656
1688276191824
2787787819600
1418029581984
2517541209760
1692907488928
2792419116704
1396285195616
2495796823392
2774969697632
1396571523744
2496083151520
1671449430688
2770961058464
1413751392928
2513263020704
1418046638432
2517558266208
1692924545376
2792436173152
1400782539344
2500294167120
1675660446288
2775172074064
1396487572048
2495999199824
1671365478992
1688545348176
2788056975952
2517205600848
1418028468896
2517540096672
1692906375840
2792418003616
2500294510992
1675660790160
2775172417936
1413667785104
2513179412880
1688545692048
1400581278048
2500092905824
1396286310752
2495797938528
1671164217696
2770675845472
1692839527824
1400866490000
2500378117776
1675744396944
2775256024720
1396571522704
2496083150480
1413751391888
2513263019664
1688629298832
2788140926608
1417777089120
2517288716896
1692654996064
2792166623840
1413466178896
2512977806672
1400580229776
2500091857552
1396285262480
2495796890256
1671163169424
2770674797200
1413465131664
2512976759440
1688544626080
2770692900256
1413483234720
2512994862496
1688361141664
2787872769440
1400598332832
2500109960608
1692839544400
2792351172176
1413666670160
2513178297936
1688544577104
2788056204880
1671164413600
2770676041376
1413466375840
2512978003616
1688344282784
2787855910560
1400581473952
2500093101728
1675459380896
2774971008672
2500310156880
1400598071712
2500109699488
1675475978656
2774987606432
1396570753696
2496082381472
1671448660640
2770960288416
1413750622880
1675676452512
1675475125856
2774986753632
1417777088096
2517288715872
1692654995040
2792166622816
1418045508256
2517557136032
1692923415200
2792435042976
1417777923664
2517289551440
1400598054480
1675475961424
2500109682256
2774987589200
1396504365408
2496015993184
1671382272352
2770893900128
1413684234592
2513195862368
1688562141536
2788073769312
1400799332704
2500310960480
1675458414944
2774970042720
1417760377184
2517272004960
1675391239776
2774902867552
1417693202016
2517204829792
1692571108960
2792082736736
1396486800992
2495998428768
1671364707936
2770876335712
1675407821136
2774919448912
1671448659600
2770960287376
1413667719776
2513179347552
1688545626720
2788057254496
2500092134736
1675458413904
2512977036624
1688343315792
1396285539664
2495797167440
1671163446608
2770675074384
1413465408848
2770691769680
1396302234960
2495813862736
1400580245904
2500091873680
1675458152848
2774969780624
1692924528032
1396218169760
2517288715856
1692654995024
2792166622800
2495729797536
1671096076704
2770607704480
1413398038944
2512909666720
1688275945888
2792100611744
1396219480656
2495731108432
1671097387600
2770609015376
1413399349840
1417709718096
2770892851792
1675392010896
2774903638672
1396219136656
2495730764432
1671097043600
2770877106832
2517288454752
2513262232912
1675727555168
2775239182944
2774986492512
2792435041936
1413398283856
2512909911632
1688276190800
2787787818576
1396486784416
2495998412192
1671364691360
2770876319136
1413666653600
2513178281376
1688544560544
2788056188320
1692857108816
2792368736592
2513179346512
1675726588496
2775238216272
1688544381520
2788056009296
1692923234896
2792434862672
1396234947152
2495746574928
1692857174672
2792368802448
1413684546128
2513196173904
1688562453072
2788074080848
1675391044192
1396486605408
2495998233184
1671364512352
2770876140128
1417760098976
2517271726752
1692638005920
2792149633696
1692655830672
2792167458448
1671449429648
2770961057424
1396303087248
2495814715024
1675727832672
1417961621904
1692856126096
2792367753872
1417776892560
1413482104144
2512993731920
1692654978384
2792166606160
1671180141904
1396570752672
2496082380448
1671448659616
2770960287392
1413750621856
2513262249632
1688628528800
2788140156576
1400865719968
2792368735568
1413416045136
2512927672912
1688293952080
2787805579856
1400531143248
1396504413776
2496016041552
1671382320720
2770893948496
1396285539680
2495797167456
1671163446624
2770675074400
1413465408864
1400580506976
2500092134752
1400849663648
2500361291424
1675727570592
2775239198368
1688629299872
2788140927648
2787805332832
2496016255584
1671382534752
2770894162528
1692839348624
2792350976400
1675659479440
2775171107216
2517289486992
2792167393936
1675392353872
2774903981648
1417694316112
2517205943888
1692572223056
2792083850832
2500092905808
2774970812752
1417761147216
2517272774992
1692639054160
2770675845456
1396504677008
2496016304784
1671382583952
2770894211728
1400799644304
2500311272080
1688294017680
2787805645456
1417711078032
2517222705808
1418028811936
2517540439712
1692906718880
2792418346656
1400848942416
2500360570192
2787854943568
1675408082256
2774919710032
1396236241568
2495747869344
1671114148512
2770625776288
1413416110752
2512927738528
1688294017696
1396286326416
2495797954192
1671164233360
2770675861136
1688611751248
2788123379024
1418028811600
2517540439376
2774970041680
1417760376144
2517272003920
1692638283088
2792149910864
1400580506960
2517222638928
1692588918096
2792100545872
1692924545424
2792436173200
2513263233360
2788141140304
1418045524560
2517557152336
1675458135712
2774969763488
1417760097952
2517271725728
1692638004896
2792149632672
1675743348064
2775254975840
1692840396448
2792352024224
1413750606240
2513262234016
1688628513184
2788140140960
2512977036640
1688343315808
2787854943584
1396553696864
2496065324640
1675727636064
1413751605920
2513263233696
1688629512864
2788141140640
1400581293712
2500092921488
1417962687072
2517474314848
1692840594016
2792352221792
1417978135888
2517489763664
1692856043920
2792367671696
1413683169680
2513194797456
1688561076624
2788072704400
1413684546192
2513196173968
1688562453136
2788074080912
1417979513488
2517491141264
1692857420432
2792369048208
1675677551248
1688293951056
2787805578832
1396236174928
2495747802704
1671114081872
2517541210512
1418029582736
1396554746256
2496066374032
1671432653200
2770944280976
1413734615440
2513246243216
1688612522384
2788124150160
1396286326432
2495797954208
1671164233376
2770675861152
1692572206672
1413466195616
2512977823392
1688344102560
2787855730336
1400581293728
2512976693584
1688342972752
2787854600528
1396503316128
2496014943904
1671381223072
2770892850848
1413683185312
2513194813088
1688561092256
2788072720032
1400798283424
1692857419344
2792369047120
2770608998736
1413750621840
2513262249616
1688628528784
2788140156560
1413666735760
2513178363536
1688544642704
2774902605152
1417692939616
2517204567392
1692570846560
2792082474336
1413397972320
2512909600096
1688275879264
2787787507040
1400513070432
1396218431136
2495730058912
1671096338080
2770607965856
1413398300320
2512909928096
1688276207264
2787787835040
1400513398432
2500025026208
1400514103888
2500025731664
1413466180000
2512977807776
1688344086944
2787855714720
1396571458144
2496083085920
1671449365088
2770960992864
2775238133328
2496065259088
1413481907600
2512993535376
1688359814544
2787871442320
1413482890896
2512994518672
1692857371232
1396553975184
2496065602960
1671431882128
2770943509904
1413733844368
2513245472144
1675677289056
2775188916832
2775238412896
1400581278096
2500092905872
1675459185040
2774970812816
1413466179984
2512977807760
1688344086928
2787855714704
1417761147280
2517272775056
1413751604880
2513263232656
1688629511824
2788141139600
1400799381904
2500311009680
1675677288848
2775188916624
1396554746192
2496066373968
1671432653136
2770944280912
1688612522320
2788124150096
2500091790944
2500092921504
1675459200672
2774970828448
1417761162912
2517272790688
1692639069856
2792150697632
1692655765920
1396554761824
2496066389600
2500377347744
1675743626912
2775255254688
2788123101776
1675475126944
2774986754720
1417777089184
2517288716960
1692654996128
2792166623904
2500042771024
1675409050192
2774920677968
1396302251664
2495813879440
1671180158608
2770691786384
1413482120848
2512993748624
1688360027792
2787871655568
1400597218960
2500108846736
2495731108512
1671097387680
2770609015456
1413399349920
2512910977696
1688277256864
2787788884640
1400514448032
2500026075808
1675392354976
1417710028112
2517221655888
1692587935056
2792099562832
1413684234640
2513195862416
1688562141584
2788073769360
1396504365456
2496015993232
1671382272400
2770893900176
1413750342992
2513261970768
1417961440608
2517473068384
1692839347552
2792350975328
1413414799952
2512926427728
1688292706896
2787804334672
1400529898064
2500041525840
1692587674192
1413465344656
2512976972432
1688343251600
2787854879376
1675677304480
2775188932256
1396486785616
2770876320336
1396302055840
2495813683616
1671179962784
2770691590560
1413481925024
2512993552800
1688359831968
1675409049184
2774920676960
1675676174928
2775187802704
1396285195920
1413465065104
1396503299472
2496014927248
1400514431328
2500026059104
1675392338272
2774903966048
1400799595104
2500311222880
1675677502048
2775189129824
1675391224416
2774902852192
1417693186656
2517204814432
1692571093600
2792082721376
1396486785632
2495998413408
1671364692576
2770876320352
1675659478432
2775171106208
1417961440672
2517473068448
1692839347616
2792350975392
1417978479968
2517490107744
1692856386912
2792368014688
1675659725392
2775171353168
2770675796560
1417761147296
1671179946640
2770691574416
2517272775072
1692639054240
2792150682016
2517557987936
2792436155808
1396302054736
2495813682512
1671179961680
2770691589456
1413481923920
2512993551696
1688359830864
2787871458640
1400597022032
2500108649808
2770674730576
1417760032336
2517271660112
1400866768288
2500378396064
1400529913248
2500041541024
1675407820192
2774919447968
1671448578384
1396554942112
2496066569888
1671432849056
2770944476832
1413734811296
2513246439072
1688612718240
2788124346016
1400849909408
2500361537184
2792082721424
1396218350224
2495729978000
1671096257168
2770607884944
1396570687072
2496082314848
1671448594016
2770960221792
1413750556256
2513262184032
1418046573216
2517558200992
1692924480160
1396553976160
2496065603936
1671431883104
2770943510880
1413733845344
2513245473120
1688611752288
2788123380064
1675392271712
2774903899488
1417694233952
1396553975120
1400530896464
1396218431904
1675676436896
2775188064672
1417693988176
2500025746768
1675392025936
2774903653712
2517205615952
1692571895120
2792083522896
2495730779472
1671097058640
1400598005088
1671432865120
2770944492896
1396218103136
1417710750032
2517222377808
1692588656976
2792100284752
1417979185488
2517490813264
1692857092432
2513195845968
1688562125136
2788073752912
1396218103200
2495729730976
1671096010144
2770607637920
1413397972384
2512909600160
2774986802832
1400865703568
2500377331344
1675743610512
2775255238288
1413482170000
2512993797776
1688360076944
2787871704720
1417777137296
2792419052128
1396235929184
2495747556960
1671113836128
2770625463904
1413415798368
2512927426144
1688293705312
2787805333088
1400530896480
2500042524256
2792166361696
2496015975824
1400781818464
2500293446240
1675659725408
2775171353184
1417961687648
2517473315424
2792166409616
1396218414736
2495730042512
1671096321680
2770607949456
1400799331984
2517204616544
1692570895712
2792082523488
1417961424224
1413483170192
2512994797968
1688361077136
2787872704912
2775171352144
1400530880864
2500042508640
2792436106896
2517558199952
1396218432080
2495730059856
1671096339024
2770607966800
1413398301264
2512909929040
1418029779360
2517541407136
1692907686304
2792419314080
1675676452176
2775188079952
2788074080672
1417761343136
2517272970912
1396218432096
2495730059872
1671096339040
2770607966816
1413398301280
2512909929056
1692907488608
2792419116384
2517288519008
1688359830880
1692654798176
2787871458656
1413481923936
2512993551712
2792166425952
1400597022048
2500108649824
2770691589472
1417777072544
2517288700320
2792418069072
1675458070112
2774969697888
1692637939296
2792149567072
1418028550816
2517540178592
1692906457760
2792418085536
1400798529120
2787855665488
2770675796304
1413466130768
2512977758544
1675459135824
2774970763600
1417761098064
2517272725840
1675459135840
2774970763616
1413399021920
2512910649696
1688276928864
1692856060304
1692856322448
1418046573136
2495731025312
1671097304480
2770608932256
1413399266720
2512910894496
1688277173664
2517473004112
1692839283280
2792350911056
1413667457616
2513179085392
1688545364560
2788056992336
1692923431504
2792435059280
1396218104416
2787787508320
1400513071712
2500024699488
1418045326752
2517556954528
1692923233696
2792434861472
1396235994704
2495747622480
1671113901648
2770625529424
1413415863888
2512927491664
1688293770832
2787805398608
1400530962000
2500042589776
1413684217488
1413684480592
2513196108368
1688562387536
2788074015312
1417979447888
2517491075664
1396303301216
2495814928992
1671181208160
2770692835936
1413483170400
2512994798176
1688361077344
2787872705120
1400598268512
2500109896288
1396486587792
2495998215568
1396218152336
2495729780112
1671096059280
2770607687056
1413398021520
2512909649296
1688275928464
2787787556240
1417979185552
2517490813328
1418029778528
2517541406304
2774903982752
1417694317216
2517205944992
1692572224160
2792083851936
1396553959776
1400580491616
2500092119392
1675458398560
2774970026336
2787854928224
1400848927072
1671431603808
2770943231584
1413667785312
2513179413088
1688545692256
2788057320032
1400782883424
2500294511200
1675660790368
2775172418144
1417962752608
1400865458768
1400513381776
2500025009552
2500042508704
1692924201616
2792435829392
1413751327376
2513262955152
1688545691216
2788057318992
1400782882384
2500294510160
1675660789328
2775172417104
1417962751568
2517474379344
1692840658512
2792352286288
2512926623376
1688292902544
2787804530320
2770675779920
1413466114384
2512977742160
1688344021328
2787855649104
1692638988624
1396235142544
2495746770320
1671113049488
2770624677264
1413415011728
2512926639504
1396503578000
2496015205776
1671381484944
2770893112720
1417979201888
2517490829664
1692857108832
2792368736608
1675459135072
2774970762848
1417761097312
2517272725088
1692639004256
2792150632032
1417778137744
2517289765520
1692656044688
2787788556640
1400514120032
2500025747808
1692840331616
2792351959392
1396487588192
2495999215968
1671365495136
1413667457376
2513179085152
1396285540000
2495797167776
1671163446944
2770675074720
1413465409184
2512977036960
1688343316128
2787854943904
1400580507296
2500092135072
1675475109280
2774986737056
1396285475152
1400530946384
2500042574160
1688293755216
2787805382992
1413683430992
2513195058768
1688561337936
2787872508320
1417979184800
2517490812576
1692857091744
2792368719520
2500042589792
1675408868960
2774920496736
1417710831200
2517222458976
1692588738144
2792100365920
1675409050272
2774920678048
1417711012512
2517222640288
1692588919456
2792100547232
1413465393568
2512977021344
1688343300512
2787854928288
1675727554144
2775239181920
1675743365792
2775254993568
1396302056080
2495813683856
1671179963024
2770691590800
1417709766992
2517221394768
1692587673936
1396218350160
2495729977936
1671096257104
1413398219344
2512909847120
1688276126288
2787787754064
2500024945232
2770625709648
1396486538592
2495998166368
1671364445536
2770876073312
1400849713552
2500361341328
1692907489680
2792419117456
1675727620496
2775239248272
2500091792016
2495730780576
1671097059744
2770608687520
1413399021984
2512910649760
1688276928928
2787788556704
1400514120096
2500025747872
1675476174240
2774987802016
1417778136480
2517289764256
1692656043424
2792167671200
1396554761888
2496066389664
1671432668832
2770944296608
1413734631072
1417979513248
1396570688160
2496082315936
1671448595104
2770960222880
1413750557344
2513262185120
1671180929360
2770692557136
1413482891600
2512994519376
1688360798544
2787872426320
1396571457872
2496083085648
1671449364816
2770960992592
1396236257616
2495747885392
1671114164560
2770625792336
1413416126800
2512927754576
1396235913568
2495747541344
1671113820512
2770625448288
1413415782752
2512927410528
1688293689696
2787805317472
2495747606880
1671113886048
2770625513824
1413415848288
2496082314896
1671448594064
2770960221840
1400865654416
2500377282192
1675743561360
2775255189136
2792435058320
1396504349072
2496015976848
1671382256016
2770893883792
2495730764192
1671097043360
2770608671136
1413399005600
2512910633376
1688276912544
1396236257632
2495747885408
1671114164576
2770625792352
1413416126816
2512927754592
1688294033760
2787805661536
1400531224928
2500042852704
1417978201760
2517489829536
1692856108704
2792367736480
2500377332128
1675743611296
1400848664160
1417962735968
1675660773728
2775172401504
1675408083296
2774919711072
2517205861984
1692572141152
2792083768928
1396487833184
2495999460960
1671365740128
1692856306272
2792367934048
2517288437072
1418045244752
2517556872528
1692923151696
2792434779472
2792166344016
1400596940112
2500108567888
1675474847056
2774986474832
1400782865744
2500294493520
1692587951440
2792099579216
2512909846096
1688276125264
2787787753040
1417693185616
2517204813392
1417693973072
2513179069008
2770877106768
1417776809312
2517288437088
1692654716256
2792166344032
1688628184416
2788139812192
1418045244768
2517556872544
1692923151712
1400849713568
2500361341344
2500360505760
2775238412704
2517288520096
1692654799264
2792166427040
1675408852640
2500109617808
1675475896976
2774969698976
2792435894880
1671431539296
2770943167072
2792352025248
1400580163216
2512976692880
1688342972048
2787854599824
2792149567120
1675458070160
2774969697936
1413733500496
1396303021712
1417777940896
2517289568672
1692655847840
2792167475616
1417978414752
2517490042528
1692856321696
2792367949472
1675660462496
2775172090272
2787854878048
1400580441440
1396235142752
2495746770528
1671113049696
2770624677472
1413415011936
2512926639712
1688292918880
2787804546656
1400530110048
2500041737824
1675677288032
2775188915808
2500360504928
1675726784096
2775238411872
2517205879392
1692572158560
2792083786336
1688360011088
2787871638864
1692840659600
2792352287376
2788072966496
1396286310800
2495797938576
1671164217744
2770675845520
1413398021776
2512909649552
1688275928720
2787787556496
2517491074384
1417979446608
1396504610128
1692572206496
2792083834272
1417693251152
1688611489440
1400799594912
2500311222688
1413666720416
2513178348192
1688544627360
1675459136160
2774970763936
1417761098400
2517272726176
1692639005344
2792150633120
1396219397536
2500361292384
1418029517408
2517541145184
1692907424352
2770876384912
1413666719376
2513178347152
1688544626320
2788056254096
1417961686672
2517473314448
1692839593616
2792351221392
2775171352208
1417776826976
1417761097360
2517272725136
1692639004304
2792150632080
2513246193232
1688612472400
2788124100176
2517288454544
1688562190736
1417961620896
2517473248672
1692839527840
2792351155616
2787871458720
1400597022112
2500108649888
1675474929056
2774986556832
1417776891296
2517288519072
1692654798240
2792166426016
2500377085280
1400865638816
2500377266592
1413733516640
2513245144416
1688611423584
2788123051360
1418028483936
2517540111712
1692906390880
2792418018656
2500091807072
1675458086240
1396553631328
2496065259104
1671431538272
2770943166048
2513245128288
1688611407456
2788123035232
2500309911200
1692840331856
2792351959632
1396487588432
1396219152976
2495730780752
1671097059920
2770608687696
1413399022160
2512910649936
1688276929104
2500377265552
1675743544720
1418045506960
2517557134736
1675677484624
2775189112400
2770625529488
1400530962064
2500042589840
1413399266912
2775239509328
1692907750736
2513246504272
2496065587856
1671431867024
2770943494800
1417979266640
2517490894416
1675407804064
2774919431840
1417709766304
2517221394080
1692587673248
2787787573840
1400513137232
2500024765008
2500024698208
1417961376160
2517473003936
1692839283104
2792350910880
1396487916192
2495999543968
1671365823136
2770877450912
1413667785376
2513179413152
1688545692320
2788057320096
1400782883488
2500294511264
2513246242464
1671432668768
2770944296544
2517473002896
1396486538640
2495998166416
1671364445584
2770876073360
1413684496992
2513196124768
1688562403936
2788074031712
1675659396512
2775171024288
1413734549840
2513246177616
1688612456784
2788124084560
1400849647952
2500361275728
1675727554896
1396554680656
2496066308432
1671432587600
1400781817504
2500293445280
1413466130080
2512977757856
1688344037024
2787855664800
1400581228192
2500092855968
2774987606672
1396554696288
2496066324064
1671432603232
2770944231008
1413734565472
2513246193248
1688612472416
2788124100192
1400849663584
2775172400800
1675744609680
2775256237456
2500108911952
1688360093008
2787871720784
1400597284176
1396302316880
2495813944656
1671180223824
1675458349456
2774969977232
1671113886096
2770625513872
1413415848336
2512927476112
1688293755280
1692588722576
2792100350352
2787804349856
1418028747088
2517540374864
1692906654032
2792418281808
2792150959776
2787872507536
1675744397712
2775256025488
1692924266896
2792435894672
1688360864144
2787872491920
1396303088016
2495814715792
1671180994960
2770692622736
1417710045584
2517221673360
1413398219408
2512909847184
1688276126352
2787787754128
1400513317520
2770607901088
1413398235552
2512909863328
1688276142496
2787787770272
1400513333664
2500024961440
1675659412896
2775171040672
1400781752912
2500293380688
1675659659856
2775171287632
1417761081760
2517272709536
1692638988704
2792150616480
1396303088032
2495814715808
1671180994976
2770692622752
1400598055328
2500109683104
2517541143888
1692907423056
2792419050832
2788124083536
1675474863440
2774986491216
1688612538704
2788124166480
2792419133776
1418029599056
2517541226832
1692907506000
2517540096416
1675677567632
2775189195408
1418045589152
2517557216928
1692923496096
2792435123872
1400849729952
2500361357728
1675727636896
2775239264672
1417711012432
2517222640208
1692588919376
2792100547152
1417979447648
2517491075424
1400799381856
2500311009632
1396236257952
2495747885728
1671114164896
2770625792672
1413416127136
2512927754912
1688294034080
2787805661856
1400531225248
2500042853024
1692639250832
2792150878608
1417979266720
2517490894496
1692857173664
2792368801440
1413414996560
2512926624336
1413667768736
2513179396512
1688545675680
2788057303456
2517205861728
1692572140896
2792083768672
1692856044112
2792367671888
1400849729120
1413666654816
2512926705040
1688292984208
2787804611984
1400530175376
2500041803152
1417979464288
2775171286608
1396486784592
2495998412368
1671364691536
2770876319312
1413666653776
2513178281552
1688544560720
1692857354832
2792368982608
1413466376784
2512978004560
1688344283728
2787855911504
1417778121296
2517289749072
1396504611408
2496016239184
1671179896160
2770691523936
1413481858400
2512993486176
1688359765344
2787871393120
1417776825696
2517288453472
1692654732640
2792166360416
1688611408544
2788123036320
1396286327200
2495797954976
1671164234144
2770675861920
1413466196384
2512977824160
1688344103328
2787855731104
1400581294496
2500092922272
2770943182416
1413733516880
2513245144656
1688611423824
1400848614992
2500360242768
1671381206416
2770892834192
1417962472864
2517474100640
1417709782432
2517221410208
1692587689376
2792099317152
2496016237904
1671382517072
2770894144848
1413684479312
2513196107088
1688562386256
1675726783840
2775238411616
1396487850592
2775187867040
1396487898528
2495999526304
1671365805472
2770877433248
1396285212304
2495796840080
1671163119248
1675726834336
2775238462112
1675391240800
2774902868576
1417693203040
2517204830816
1692571109984
2792082737760
1396486802016
2495998429792
1671364708960
2770876336736
1692840592800
2792352220576
1396570490272
2496082118048
1671448397216
2770960024992
1413750359456
2513261987232
1688628266400
2788139894176
1400865457568
2500377085344
2770960271952
1675409048976
2774920676752
1396235913552
2495747541328
1671113820496
2770625448272
1413415782736
2512927410512
1688293689680
2787805317456
1400530880848
2500042508624
2788123101600
1671180995168
2770692622944
1675408803424
2774920431200
1417710765664
2517222393440
1692588672608
2792100300384
1396286572192
2495798199968
1671164479136
2770676106912
1413466441376
1396503365280
2496014993056
1671381272224
2770892900000
1413683234464
2513194862240
1688561141408
2788072769184
2770624464272
1413414798736
2512926426512
1688292705680
2787804333456
1400529896848
2500041524624
1675407803792
2774919431568
1417709766032
1396486605392
2495998233168
1671364512336
2770876140112
2788124149408
1413733566048
2513245193824
1688611472992
2788123100768
1400866491024
2500378118800
1675744397968
2775256025744
1413482957456
2512994585232
1688360864400
2787872492176
1417777924752
1675676256864
2775187884640
2775239182736
1418029517200
2517541144976
2792166361488
2792419132752
2496083166560
1671449445728
2770961073504
2787871705760
1417777138336
2517288766112
1692655045280
2792166673056
1400597284496
2500108912272
1675475191440
2774986819216
1396570752656
2496082380432
2517289831072
1692656110240
2792167738016
1400530111056
2500041738832
2495999280528
1671365559696
2770877187472
1675744413072
2775256040848
1396487652752
2517288765072
1692655044240
2792166672016
1396302300816
2495813928592
1671180207760
2770691835536
1400597268112
2500108895888
1675475175056
1417979251088
2517490878864
1692857158032
2792368785808
1396504414608
2496016042384
1671382321552
2770893949328
1413684283792
2513195911568
1675408804192
2774920431968
2500042525024
1396235929952
2495747557728
1671113836896
2770625464672
1413415799136
2512927426912
1688293706080
1396302317216
2495813944992
1671180224160
2770691851936
1413482186400
2512993814176
1688360093344
2787871721120
1400597284512
2500108912288
1688545347920
2788056975696
1396504430240
2496016058016
1671382337184
2770893964960
1413684299424
2513195927200
1688562206368
2788073834144
1400799397536
2500311025312
1418046556576
2517558184352
1692924463520
2792436091296
1413482170784
2512993798560
1688360077728
1688361142944
2787872770720
1400598334112
2500109961888
1675476241056
2774987868832
1417778203296
2517491092064
1413483234960
2512994862736
1688361141904
1396486604192
2495998231968
1671364511136
2770876138912
1413666473376
2513178101152
1688544380320
2788056008096
1400781571488
2500293199264
1418028534176
2517540161952
1413733779872
2513245407648
1688611686816
2788123314592
1400798594384
2500310222160
1675676501328
2775188129104
1418028533344
2517540161120
1692906440288
2792418068064
1692856321632
1396554679712
2496066307488
1671432586656
2770944214432
1418028747168
2517540374944
1692906654112
2792418281888
2792434795872
1396570424672
2496082052448
1671448331616
2770959959392
1413750293856
2513261921632
1688628200800
2788139828576
1418045261152
1688292705888
2787804333664
2788056253856
2792351942992
1417962424736
2517474052512
1396285196960
2495796824736
1671163103904
2770674731680
1413465066144
2512976693920
1688342973088
2787854600864
1400580164256
2500091792032
1688561075808
2788072703584
1675408869712
2792368784992
1418028746336
2517540374112
1692906653280
2792418281056
1396219218336
2495730846112
1671097125280
2770608753056
1413399087520
2512910715296
1688276994464
2787788622240
1400514185632
2500025813408
1675727899296
2775239527072
2792351958416
2517474051472
2512993732176
1688360011344
1400597202512
2500108830288
1675475109456
2774986737232
1417777071696
2517288699472
1692654978640
2792166606416
1400799316304
2500310944080
1675677223248
2775188851024
2792368720208
1396504349008
2496015976784
1671382255952
2770893883728
1413684218192
1400596956512
2500108584288
1675474863456
2774986491232
1400865391968
2500377019744
1675743298912
2775254926688
1396301989216
2495813616992
1688612538784
2788124166560
1396504364640
2496015992416
1671382271584
2770893899360
1413684233824
1675727816352
2775239444128
1396302301856
2495813929632
1671180208800
2770691836576
1400865654368
2500377282144
1675743561312
2775255189088
1675476175456
2774987803232
1417778137696
2517289765472
1417962735264
2517474363040
1413750606496
2513262234272
1688628513440
2788140141216
1400799331936
1413750605456
2513262233232
1688628512400
2788140140176
1418045572752
2517557200528
1692923479696
2792435107472
1396570736272
2774902655392
1396571539872
2496083167648
1671449446816
2770961074592
2774919382368
1396571802272
2496083430048
1671449709216
2770961336992
1413751671456
2792368999008
1418029599136
2517541226912
1692907506080
2792419133856
1692638266720
2792149894496
2792150895200
2496066651536
1671095993680
2787787490640
1413397955920
2512909583696
1688275862864
1400513054032
2500024681808
1675390960976
2774902588752
1417692923216
1688611735184
2788123362960
2517556888928
1692923168096
1417962670672
2517474298448
1692840577616
2792352205392
1400514366032
2500025993808
1675392272976
2774903900752
1417694235216
2517205862992
1396303104416
2495814732192
1671181011360
2770692639136
1413482973600
2512994601376
1688360880544
1688545610320
2788057238096
