1122413856080
1145047647888
2244559275664
1127799622224
2227311250000
1144979491408
2244491119184
1123504654928
2223016282704
1140684524112
2240196151888
1128119437664
2227631065440
1145247909536
1141020068496
2240531696272
2244759537312
1126994053472
2226505681248
1143955801760
2243467429536
2227562646176
1127062456720
2226574084496
1128119159392
2222999488080
2227630787168
1127851001440
2227362629216
1127866468960
2227378096736
1128052050336
2227563678112
1127799359904
2227310987680
1123823422048
2223335049824
2240179111264
1127782581600
1144962450784
2244474078560
1122682307936
2222193935712
1139862177120
2239373804896
1126977275232
1126794020496
2226305648272
1123824207264
2223335835040
1123756312992
2223267940768
1127783614112
1123555773072
2223067400848
1143972858208
2243484485984
2227295241888
2239441963600
1139930335824
1123555773008
2223067400784
1122750466640
1123824208464
2223335836240
1141004077648
2240515705424
2244542237264
1122431681952
2221943309728
1139611551136
2239123178912
1126726649248
2226238277024
1122430896528
2221942524304
1139610765712
2239122393488
1126725863824
2226237491600
1143905733008
2243417360784
1123504638352
2223016266128
1143972579936
2243484207712
1145030855072
2244542482848
2243401631136
1145315018384
2244826646160
1122430912160
2221942539936
1139610781344
2239122409120
1126725879456
2226237507232
1143905748640
2243417376416
1123504653984
2223016281760
1140953991824
2240465619600
2240447547024
1127799342752
2227310970528
1140734839456
2240246467232
2226490215072
1128119159184
2227630786960
1127851001232
2227362629008
1127866468752
2227378096528
1128118371936
2227629999712
1128051262880
2227562890656
1122749400480
2222261028256
1139929269664
2239440897440
1144224236960
2243735864736
1123823142304
2223334770080
1123572549216
2223084176992
1127850722960
2227362350736
1122498808160
2222010435936
1139678677344
2239190305120
1126793775456
2226305403232
1145029560672
2244541188448
1143973644640
2243485272416
1123554985616
2223066613392
2244742760032
1127045432992
2226557060768
1126977538720
2226489166496
1143972579728
2243484207504
1122497742432
2222009370208
1139677611616
2239189239392
1126792709728
2226304337504
1143972578912
2243484206688
1123571484256
2223083112032
1140668778896
2240180406672
1127783877008
2227295504784
1144963746192
2244475373968
1122482293408
2221993921184
1139662162592
1126777260704
2226288888480
1140752402848
2240264030624
1128135935328
2227647563104
1128068041056
2227579668832
2239189240224
2226557044304
1144225285712
2243736913488
1127799342672
2227310970448
1144979211856
2244490839632
2243400320592
1123487598160
2222999225936
1123840197984
2223351825760
1127799604832
2227311232608
1127062211168
2226573838944
1126995102112
2226506729888
1123772810656
2223284438432
2223268972880
1140937214288
2240448842064
1126978570576
2226490198352
1144158439760
2243670067536
1128052312400
2227563940176
1145232181584
1140667467360
1122750728800
1127867517600
1140685309280
2240196937056
1127800407392
2227312035168
1144980276576
2244491904352
1126726665888
1122414922336
2221926550112
1139594791520
2239106419296
1126709889632
2226221517408
1143889758816
2243401386592
1123488664160
2223000291936
1122683341472
2222194969248
1140735640928
2240247268704
1139863210656
2239374838432
2240264045904
1123572548944
2223084176720
1140752418128
1126793774416
1145047385424
2244559013200
1122430896544
2221942524320
1139610765728
2239122393504
1126725863840
1143905749328
2243417377104
1123504654672
2223016282448
1140684523856
2240196151632
1127799621968
2227311249744
1144979491152
2244491118928
1122750450320
2239190287760
1126725618336
2226237246112
1143905487520
1123488925344
2223000553120
1140668794528
2240180422304
1127783892640
2227295520416
1126994298192
2226505925968
1145232198288
2244743826064
1140751615392
2240263243168
1122497759888
2222009387664
1139677629072
1122482292368
2221993920144
1139662161552
2239173789328
1126777259664
1123756050768
2223267678544
2226288887440
1143957128848
2243468756624
1145247663776
2244759291552
1127045417632
2226557045408
1126792727200
2226304354976
1139677891232
2239189519008
1127062210960
2226573838736
1127061423712
2226573051488
1128135166368
2227646794144
2227295257936
1127783630160
1123488662864
2223000290640
2243468494160
1127850739024
2227362366800
1128052065616
2227563693392
1145231934800
1139862178448
2239373806224
1126977276560
2226488904336
1144157145744
2243668773520
1123756051088
2223267678864
1140935920272
2240447548048
1144962696544
2244474324320
1128119420576
1145030609248
2244542237024
2227631048352
1127866730144
1122699086432
2222210714208
1139878955616
1122683618912
2222195246688
1139863488096
2239375115872
1126978586208
2226490213984
1144158455392
2243670083168
1123757360736
2223268988512
1141003011424
2240514639200
1145314773584
1128134904400
2227646532176
2222262355536
1139930596944
1123824469584
2223336097360
1141004338768
2240515966544
1123839937104
1127045695056
2226557322832
1144225564240
1145248974432
2244760602208
1143956866656
2243468494432
1122683340432
2222194968208
1139863209616
2239374837392
1126978307728
2226489935504
1144158176912
2243669804688
1123757082256
2223268710032
1145030609312
2244542237088
1139929287264
2239440915040
1145314772624
2244826400400
1122431960720
2221943588496
1139611829904
2239123457680
1126726928016
2226238555792
1143906797200
2243418424976
1123505702544
2223017330320
1140684261008
2240195888784
1127799359120
2227310986896
1144979228304
2244490856080
1140953746064
2240465373840
1126708823712
2226220451488
1143888692896
2243400320672
1123487598240
2222999226016
1140667467424
2243484468896
2240531417760
1140734593696
1128136198752
2227647826528
1128118126176
2227629753952
1128069089696
2227580717472
1123757099616
2223268727392
2244541433168
1127061145232
2226572773008
1123841246624
2223352874400
1122497742176
2222009369952
1139677611360
2239189239136
1126792709472
2226304337248
1143972578656
2243484206432
1123571484000
2223083111776
1123572812432
2223084440208
1122482293152
2221993920928
1139662162336
2239173790112
1126777260448
2226288888224
1143957129632
1145316083280
2244827711056
2243468757408
1123840968352
2223352596128
1123773074080
1145248713312
2223284701856
1145248974224
2244760602000
1126994052688
2226505680464
2243685549648
1144173921872
1122699085392
2222210713168
1139878954576
2239390582352
1123772827216
2223284454992
1143956866448
1144224237152
2243735864928
1145297979808
2244809607584
1122481227424
2221992855200
1145029821856
2244541449632
1139661096608
1144157128096
2243668755872
2239172724384
1126776194720
1140735904352
2240247532128
1145248695952
2244760323728
1139947357600
2239458985376
2244558211488
1128052327776
2227563955552
1128067795296
2227579423072
1140952958608
2240464586384
1145029543584
2244541171360
2239190551184
1139660850832
2239172478608
1140668517024
2240180144800
1128136198544
2227647826320
1128052049504
2227563677280
1122750728544
2222262356320
1139930597728
2239442225504
1127045695840
2226557323616
1144225565024
2243737192800
1123824470368
2223336098144
1122414921056
2221926548832
1139594790240
2239106418016
1126709888352
2226221516128
1143889757536
2243401385312
1123488662880
2223000290656
1123756312160
2223267939936
1140734855504
2240246483280
1123823421776
2223335049552
1141003290960
2240514918736
1122414135632
2221925763408
1139594004816
2239105632592
1127867762320
2227294210720
1144962452128
2244474079904
1122682309280
2222193937056
1139862178464
1122750450064
2222262077840
1139930319248
2239441947024
1127045417360
2226557045136
1144225286544
2243736914320
1123824191888
2223335819664
1145046600032
2244558227808
1127062472352
2226574100128
1123504392608
2223016020384
1140684261792
1145231935072
2244743562848
1140668794272
2240180422048
1144963761568
2244475389344
1122431945104
2221943572880
1139611814288
2239123442064
1126726912400
2226238540176
1143906781584
2243418409360
1123505686928
2223017314704
1122497759632
2222009387408
1139677628816
1122482292112
1139930319440
2239441947216
2221993919888
1139662161296
2239173789072
1126777259408
2226288887184
1143957128592
2243468756368
1123505424992
2223017052768
1140685294176
2240196921952
1127800392288
1140735904144
2240247531920
2227312020064
1144980261472
2244491889248
1144963745184
2244475372960
1139862423136
2239374050912
1122431960736
2221943588512
1139611829920
1145047370320
2227379128912
2244558998096
1123572533840
2223084161616
1140752403024
2240264030800
2226305387088
1143973628496
2243485256272
1141004060064
2240515687840
1140751369632
2240262997408
1140735625872
2240247253648
1143890021024
2243401648800
1140667729568
2240179357344
1128052049296
2227563677072
1139930335904
2227310986640
2239441963680
1127849690512
2221925500304
1139593741712
2239105369488
1143888709008
1128118125968
2227629753744
1145297995152
1122699086176
2222210713952
1139878955360
1122683618656
2222195246432
1139863487840
2239375115616
1126978585952
2226490213728
1144158455136
2243670082912
1123757360480
2223268988256
2243737175376
1144241015120
2243752642896
1144241031504
2243752659280
1122766195024
1128119436624
2227631064400
1145299305808
2244810933584
2222262355280
1144225563984
2239442224464
1127045694800
2243737191760
2244827433616
1140735640912
2240247268688
1145030608208
2244542235984
1123555771728
2223067399504
1123824207184
2223335834960
1141004076368
2240515704144
1122683340176
2222194967952
1139863209360
2239374837136
1123757082000
2223268709776
1140936951184
2240448578960
1122413872480
2221925500256
1139593741664
2239105369440
1143972578896
2243484206672
1141020838240
1140752680288
2240264308064
2240532466016
1122682571424
2222194199200
1139862440608
1145046321552
2244557949328
1143905469840
2243417097616
1122749680272
2222261308048
1139929549456
2239441177232
1127044647568
2226556275344
1144224516752
2243736144528
1123823422096
2223335049872
1126725617040
2226237244816
1143905486224
2243417114000
1127799358864
1123504391568
2223016019344
1128052065680
2227563693456
1145231934864
2244743562640
2240447808912
2244490855824
1122682570128
2222194197904
1139862439312
2240246220176
1144225564064
2243737191840
1144241031584
1122413872544
2221925500320
1139593741728
2239105369504
1143888709024
2243400336800
1123487614368
2222999242144
1144980260432
2244491888208
1123505423952
2223017051728
1140685293136
2240196920912
1127849675104
2227361302880
1140734838416
2240246466192
1144225285792
2243736913568
1144157391520
2243669019296
2222278871456
1143972595360
2243484223136
1139929548448
2239441176224
1128135952992
2227647580768
1128068843936
2227580471712
2221925763424
1139594004832
2239105632608
1126709102944
2226220730720
1143888972128
2243400599904
1123487877472
2222999505248
1128118389392
2227630017168
1139878954320
2239390582096
1126994052432
2226505680208
1144173921616
2243685549392
1123772826960
2223284454736
1140952696144
2240464323920
1144242342240
2243753970016
1127800407712
2227312035488
1122481227168
2221992854944
1139661096352
2239172724128
1126776194464
2226287822240
1143956063648
2243467691424
1123554968992
2223066596768
1122431945120
2221943572896
1139611814304
2239123442080
1126726912416
2226238540192
1143906781600
2243418409376
1123505686944
2223017314720
1123757360800
2223268988576
1123772828320
2223284456096
1123488925264
2223000553040
1140668794448
2240180422224
1145299043920
2244810671696
1123841246800
2244542498384
1122682570384
2222194198160
1139862439568
2239374067344
1126977537680
2226489165456
1144157406864
2243669034640
1123756312208
1122413872736
2221925500512
1139593741920
2239105369696
1126708840032
2226220467808
1143888709216
1144174954912
1139947111840
2239458739616
1139879217568
2239390845344
1145047370400
2244558998176
1122413872784
2221925500560
1139593741968
2239105369744
1126708840080
2226220467856
1143888709264
2243400337040
1123487614608
2222999242384
1139678677648
1123555755360
2223067383136
1122413872800
2221925500576
1139593741984
2239105369760
1126708840096
2226220467872
1143888709280
2243400337056
1126977275296
1128135952784
2227647580560
2226488903072
1144157144480
2243668772256
1123756049824
2223267677600
1140935919008
2240447546784
1128135165536
2227646793312
1122749662560
2222261290336
1139929531744
2239441159520
1127044629856
2226556257632
1144224499040
2243736126816
1123823404384
2223335032160
1128068056480
2227579684256
1126794021280
2226305649056
1126775948704
2226287576480
1128052312720
2227563940496
1122482031200
2221993658976
1127867516560
2227379144336
1127799622288
2227311250064
1122414922384
2221926550160
1139594791568
2239106419344
1126709889680
2226221517456
1143889758864
2243401386640
1123488664208
2223000291984
1145297979744
2244809607520
1145299044704
2244810672480
1128067778208
1123839937168
2223351564944
2227579405984
1127800392032
2227312019808
1144980261216
2244491888992
1143973643872
2243485271648
1145316084320
2226305386832
1143973628240
2243485256016
1127867500880
2227379128656
1145047370064
2244558997840
1123572533584
2223084161360
1140752402768
1143973905808
2243485533584
1145030608480
2244542236256
1144241276512
2243752904288
1145315019168
2244826646944
2243685795232
1141003029088
2240514656864
1143890004640
1139880249952
2239391877728
2243401632416
1123488909984
2223000537760
1140668779168
2240180406944
1143973627536
2243485255312
1122482277008
2221993904784
1139662146192
2239173773968
1126777244304
2226288872080
1143957113488
2243468741264
1123556018832
2223067646608
1145046582944
2244558210720
2239457675920
1126792726880
2226304354656
1140685556384
2240197184160
1128135165328
2227646793104
1128069088864
2227580716640
1127850723744
1122750465440
2222262093216
1139930334624
2239441962400
1127045432736
2226557060512
1144225301920
2243736929696
1122682571168
2222194198944
1139862440352
1128134887056
2227646514832
2239374068128
1126977538464
2226489166240
1144157407648
2243669035424
1122749680016
2222261307792
1139929549200
2239441176976
1127044647312
2226556275088
1144224516496
2243736144272
1123823421840
2223335049616
1123773860496
2223285488272
1145298257248
2244809885024
1122683603552
2222195231328
1139863472736
2239375100512
1126978570848
2226490198624
1144158440032
2243670067808
1123757345376
2223268973152
2243668757072
2244760341088
1123554708128
2223066335904
1144225548880
2243737176656
1127045679696
2226557307472
1128119421520
2227631049296
1145299290704
2244810918480
1122750712400
2222262340176
1127800390992
2227312018768
1144980260176
2244491887952
1126726649168
2226238276944
1143906518352
2243418146128
2239123178832
1122431681872
1122498807392
2222010435168
1140684524128
2240196151904
1127799622240
1141003028880
2240514656656
2227311250016
1144979491424
2244491119200
1145230869920
2244742497696
1140936952416
2240448580192
2240180422240
1144962435728
1122498021968
2222009649744
1139677891152
2239189518928
1126792989264
2226304617040
1143972858448
2243484486224
1123571763792
2223083391568
1141021099424
2240532727200
1140752665232
1140684245648
2240195873424
1140734592656
2240246220432
1139947375264
2239459003040
1127849936288
2227361564064
1122750728528
2240448858448
1140735904080
2240247531856
1122415184208
2221926811984
1139595053392
1122414922400
2221926550176
1139594791584
2239106419360
1126709889696
2226221517472
1143889758880
1145232180576
2244743808352
1145247648096
2244759275872
2223284700816
1128136214176
2227647841952
2239374067088
2227562907024
1145231148432
2244742776208
1126977537424
2226489165200
1128051279248
2243669034384
1140936181136
2226287839904
1141019805024
2240531432800
1139878939216
2239390566992
1128067779152
1140937213520
2240448841296
1140751370832
2240262998608
2227579406928
1145247648336
2244759276112
1128052311632
2227563939408
1145232180816
1140936952208
2240448579984
1140936164960
2240447792736
1128067794256
2227579422032
1139610781264
2239122409040
2223016281680
1126725879376
2226237507152
1143905748560
2243417376336
2240196150864
1127799621200
2227311248976
1127866714464
2227378342240
1144963762848
2244475390624
1144242325152
2243753952928
1141004077728
2240515705504
1144963499408
1127045432720
2226557060496
1128119174544
2227630802320
1145299043728
2244810671504
1122414921104
2221926548880
1139594790288
1126793775520
2226305403296
1128052066960
2227563694736
1127800408400
1144980277584
2244491905360
1143888972112
2243400599888
1123487877456
2222999505232
1140667746640
2240179374416
2243400337760
1123487615328
2222999243104
1140953728352
2240465356128
1140668778912
1127850740320
2227362368096
2240180406688
1127783877024
2227295504800
1144963746208
2244475373984
1122482292384
2221993920160
1122497759904
2222009387680
1122482276752
2221993904528
1139662145936
2239173773712
1126777244048
2226288871824
1143957113232
2243468741008
1123556018576
2223067646352
1144241030752
1145299305888
2244810933664
1145314773408
2244826401184
1123487615392
1145299027616
2244810655392
1145231133344
2244742761120
1145046337184
1145247926688
2244759554464
2244557964960
2223084422496
1141003290272
2240514918048
1128068843104
2227580470880
1122683603296
2222195231072
1139863472480
2239375100256
1126978570592
2226490198368
1144158439776
2243670067552
1123757345120
2223268972896
1122415184224
2221926812000
1139595053408
2226557306272
1122499070560
2222010698336
1128051279504
2227562907280
1141004323152
2240515950928
1122750712144
2222262339920
1139930581328
2239442209104
1123824453968
1127045679440
2226557307216
1144225548624
1122498807136
2222010434912
1139678676320
2239190304096
1126793774432
2226305402208
1143973643616
2243485271392
1123572548960
2223084176736
1145316084064
2244827711840
2223016282464
1140684523872
2240196151648
1127799621984
2227311249760
1144979491168
2244491118944
1126792709792
2226304337568
1122750450336
2222262078112
1140751632720
2240263260496
1122498021712
2222009649488
1139677890896
2239189518672
1126792989008
2226304616784
1143972858192
2243484485968
1145315805792
1122430913104
2221942540880
1139610782288
2239122410064
1126725880400
2244559014480
1123504392784
2223016020560
1140684261968
2240195889744
1145047647840
2244559275616
2239122131344
1126725601680
2226237229456
2243401631120
1123488908688
2223000536464
1140668777872
2240180405648
1144963745168
2244475372944
1122413873760
1144980538784
2244492166560
1145298242192
2244809869968
1141020853664
2240532481440
1140952959392
2240464587168
1127062456672
1122413873808
2221925501584
1139593742992
2239105370768
1143888710288
2243400338064
1123487615632
2222999243408
1140752419472
1122413873824
2221925501600
1139593743008
2239105370784
1143888710304
2243400338080
1122414921120
2221926548896
1139594790304
2239106418080
1126709888416
2226221516192
1143889757600
2243401385376
1123488662944
2223000290720
1140667746704
2240179374480
1127782844816
2227294472592
1144962714000
2244474341776
1122682571152
2222194198928
1139862440336
2239374068112
1127867763104
2227379390880
1123555773024
2223067400800
1122699332000
2222210959776
1128067778896
2227579406672
1140952680784
2240464308560
1145247648080
1122683602256
2222195230032
1139863471440
2239375099216
1122699069776
1123757344080
2223268971856
1140937213264
1128136215184
2227647842960
1145231934816
2244743562592
2244827712096
1122683340448
2222194968224
1139863209632
2239374837408
1126978307744
2226489935520
1144158176928
2243669804704
1123571747488
2223083375264
1145315018336
2244826646112
1122430911824
2221942539600
1139610781008
2239122408784
1123504653648
2223016281424
1139946325584
2239457953360
1126725879120
2226237506896
1122750449296
1122682555024
2222194182800
1139862424208
1141020068240
2240531696016
2239374051984
1126977522320
2226489150096
1144157391504
2243669019280
1140953991776
2240465619552
1140935919200
2240447546976
1139610519200
2239122146976
1126725617312
2226237245088
1143905486496
2243417114272
1145047369360
2244558997136
1122497758864
2222009386640
1139677628048
2239189255824
1126792726160
2226304353936
1143972595344
2243484223120
1123571500688
2223083128464
1141004322448
2240515950224
1141019789968
2240531417744
1140751632016
2240263259792
1127851001184
2227362628960
1127866468704
2227378096480
1144242079392
2243753707168
2223285765712
1127850722912
2227362350688
1127783613856
2223067400592
2227295241632
1123823143520
2223334771296
1123554985568
2223066613344
1127849675424
1143972579680
2243484207456
1122699085408
2222210713184
1126994052704
2226505680480
1144173921888
2243685549664
1123772827232
2223284455008
1128134903376
2227646531152
1145314772560
2244826400336
2222277822032
1139946063440
2239457691216
1123839936080
2223351563856
2240465619344
1139661096544
2239172724320
1140734839200
2240246466976
1128118371680
2227629999456
1145230887584
2244742515360
1128052065696
2227563693472
1141021117088
2240532744864
2226220730784
1143888972192
2243400599968
1123487877536
2222999505312
1140667746720
2240179374496
1127782844832
2227294472608
1144962714016
1127044647520
2226556275296
1122750450080
2222262077856
1139930319264
2239441947040
1127045417376
2226557045152
1144225286560
2243736914336
1123504376416
2223016004192
1128069106320
2227580734096
1126776998544
2226288626320
2226573821584
2240464324944
1123554707088
2223066334864
1127849953952
2227361581728
1122497759648
2222009387424
1139677628832
1122482292128
2221993919904
1139662161312
2239173789088
1126777259424
2226288887200
1143957128608
2243468756384
1123556033952
2223067661728
2222261044896
1122498792032
2222010419808
1139678661216
2239190288992
1126793759328
2226305387104
1143973628512
2243485256288
1123572533856
2223084161632
1139661096336
2239172724112
1145297996432
2244809624208
1144175217296
2243686845072
1123571763536
2223083391312
1145316066976
2222210697552
2244827694752
1143956064928
2243467692704
1140936967840
2240448595616
1123556017744
1122766195040
2222277822816
1139946064224
1122750727520
2222262355296
1139930596704
2239442224480
1144225564000
2243737191776
1123824469344
2223336097120
1126793774688
1123504376208
2223016003984
1127867517344
2227379145120
1122766195296
2222277823072
1123824470432
2223336098208
1127045416336
2226557044112
1144225285520
2243736913296
1128119158160
2227630785936
1145299027344
2244810655120
1122750449040
1139677874512
2239189502288
1126977522064
2226489149840
1144157391248
2243669019024
1123756296592
2223267924368
1128051263888
2227562891664
2244760586848
1122749680288
2243417114016
1123504391584
2239172741728
2243685550672
2243670083152
2223016019360
1140684260768
2240195888544
1123824192160
1123556034208
2223067661984
2223335819936
1145232198032
2244743825808
1127866467728
2227378095504
1145046336912
2244557964688
1122497758608
2222009386384
1139677627792
2239189255568
1126792725904
2226304353680
1145314772576
2223017051744
1140685293152
2240196920928
1127800391264
2227312019040
1144980260448
2244491888224
1145247663520
2244759291296
1140953746016
2240465373792
1145231919760
2244743547536
1122498790992
2222010418768
1139678660176
2239190287952
1126793758288
2226305386064
1143973627472
2243485255248
1123572532816
2223084160592
1144963761808
2244475389584
1126725864016
2226237491792
1143905733200
2243417360976
1122430896720
2221942524496
1139610765904
1127799605840
2227311233616
1144979475024
1123841231264
2223352859040
1141004076688
2240515704464
1140936182416
2240447810192
1127061423456
2226573051232
1128067778128
2227579405904
1145247647312
2244759275088
1127061145168
2226572772944
2226238293664
1139677612704
2239189240480
1122699085152
2222210712928
1139878954336
2239390582112
1126994052448
2226505680224
1144173921632
2243685549408
1123772826976
2223284454752
1127866729888
2227378357664
1123572812384
2223084440160
1127850986128
2227362613904
1127061161296
2226572789072
1144241030480
2243752658256
2223351563600
1141019805008
2240531432784
1145314772304
1145248974176
2244760601952
1127866451616
2227378079392
2222262077072
1143956866400
2243468494176
1127045696160
2226557323936
1122682570400
2222194198176
1139862439584
2239374067360
1126977537696
2226489165472
1144157406880
2243669034656
1123756312224
2223267940000
1145248695904
2240532482640
2244760323680
1122749679248
2222261307024
1139929548432
2239441176208
1127044646544
2226556274320
1144224515728
2243736143504
1123823421072
2223335048848
1140953745808
2240465373584
1143972840864
2243484468640
1140952958560
2240464586336
1139678923360
2239190551136
1145231132304
2244742760080
1139660850784
2239172478560
1140734593440
2240246221216
1128136198496
2227647826272
1128118125920
2227629753696
1127800408720
2227312036496
1144980277904
2244491905680
1122415184272
2221926812048
1139595053456
2239106681232
1126710151568
2226221779344
1143890020752
2243401648528
1123488926096
2223000553872
1127867762272
2227379390048
1123572812176
2223084439952
1123840968096
2223352595872
1144242326160
2243753953936
1123773073824
2223284701600
1122498791776
2222010419552
1139678660960
2239190288736
1126793759072
2226305386848
1143973628256
2243485256032
1123572533600
2223084161376
1140735904096
2240247531872
1122767243936
2222278871712
1140953746000
1128068844112
2227580471888
1145248713296
2244760341072
2240465373776
1122482277024
1140952958352
2240464586128
2221993904800
1139678923152
2239190550928
1139662146208
1140735625824
2240247253600
2244492150176
1140952943008
1128052049248
2227563677024
2240532465056
2240464570784
1140952680080
2240464307856
1145315821216
2244827448992
1145247926944
2244759554720
1143955819168
2243467446944
1122430633568
2221942261344
1139610502752
2239122130528
1123756311904
2223267939680
1126725600864
2226237228640
1143905470048
2243417097824
2223351810448
1122749680032
2222261307808
1127044647328
2226556275104
1144224516512
2243736144288
1123823421856
2223335049632
2223284438672
1122750712416
2222262340192
1145046321504
2244557949280
1123571746448
2223083374224
1139930581600
2239442209376
1123505423712
2223017051488
1140685292896
2240196920672
1127800391008
2227312018784
1144980260192
2244491887968
1127062193824
2226573821600
1141003274592
2240514902368
2223084160336
1140752401744
1127867499856
2227379127632
1145047369040
2244558996816
1123572532560
2240264029520
1126793758032
2226305385808
1122766456480
1122430896464
2221942524240
1139610765648
2239122393424
1126725863760
2226237491536
1140684507472
2240196135248
1122498021984
2222009649760
1143957129824
2243468757600
1140735625616
2240247253392
1140734838368
2240246466144
1126725601952
2226237229728
2243401631392
1123488908960
2223000536736
1145315035792
2244826663568
1122497743504
2222009371280
1139677612688
1122482275984
2221993903760
1139662145168
2239173772944
1126777243280
2226288871056
1143957112464
2243468740240
1123556017808
2223067645584
1126792710560
2226304338336
1143889742496
2243401370272
1127782827600
2227294455376
1122415184288
2221926812064
1139595053472
2239106681248
1126710151584
2226221779360
1143890020768
2243401648544
1128135952032
2227647579808
1128118389344
2227630017120
1126977537632
2226489165408
1128119174560
2227630802336
1128051280288
2227562908064
1126977537440
2226489165216
1144157406624
2243669034400
1123756311968
2223267939744
1140936181152
2240447808928
1122749678992
2222261306768
1127044646288
2226556274064
1144224515472
2243736143248
1123823420816
1139611552080
1128051002016
1122699070048
1127867516256
2227379144032
1122683602528
2222195230304
1139863471712
2239375099488
1126978569824
2226490197600
1144158439008
2243670066784
1123757344352
2223268972128
1140752401760
2240264029536
1123841231520
2223352859296
1123839920720
2223351548496
1122766178896
2243737175632
2222277806672
2223336080976
1141004322384
2239123196304
1126726666640
2226238294416
1143906535824
2243418163600
1123505441168
2223017068944
1140685310352
2240196938128
1127800408464
1140684523104
2240196150880
1126995085648
2226506713424
1144174954832
2243686582608
2227362351440
1122682292560
2222193920336
1139862161744
2239373789520
1127799343440
1145248959120
2244760586896
2240263259728
1123571762768
2223083390544
1140751631952
1122498020944
2222009648720
1139677890128
2239189517904
1126792988240
2226304616016
1144175216208
2243686843984
2227379391136
1123772811600
2223284439376
1128135952736
2227647580512
2221942261392
1126725600912
1143905470096
2243417097872
1140684244624
1128052312672
1123504375376
2227563940448
1127867516512
1140667468128
2240179095904
2227294194016
1144962435424
2244474063200
1122682292576
2222193920352
1139862161760
2239373789536
1127800407456
2227312035232
1123839937120
2223351564896
1128118110864
2227629738640
1127849952912
2227361580688
1123772828064
2223284455840
1140953745744
2240465373520
1122482276768
2221993904544
1139662145952
2239173773728
1126777244064
2226288871840
1143957113248
2243468741024
1145232197200
2244743824976
1145247664720
2244759292496
1123757082272
2223268710048
1122699069008
2222210696784
1139878938192
2239390565968
1123772810832
2223284438608
1140952680016
2240464307792
1126994036304
2226505664080
2243485255264
1122683619984
2222195247760
1139863489168
2239375116944
1126978587280
2226490215056
1144158456464
2243670084240
1123757361808
2223268989584
1139678677392
2239190305168
2239457675872
1139677890144
2239189517920
1140751632800
2240263260576
1128135165280
2227646793056
1128134888096
1143906518608
2243418146384
1123774138720
1128052312464
2227563940240
1140735887008
2240247514784
1127799622032
2227311249808
2227378357920
1128134887008
2227646514784
1122750712160
2222262339936
1139930581344
2239442209120
1127045679456
2226557307232
1144225548640
2243737176416
1123824453984
2223336081760
1128067777952
1123839936912
2223351564688
2227579405728
1140667468176
2240179095952
1127782566288
2227294194064
1144962435472
2244474063248
1122682292624
2222193920400
1139862161808
2239373789584
1140952943248
2240464571024
1145231918432
2244743546208
1122498021728
2222009649504
1139677890912
2239189518688
1126792989024
2226304616800
1123824191120
2223335818896
1123756296848
2223267924624
1145030608224
2244542236000
1128119437984
2227631065760
1126994053792
2226505681568
1127799343520
1143972842064
2243484469840
2227361319520
1141020854880
1139880249696
2239391877472
2240532482656
1143890003360
1122497743248
2222009371024
1139677612432
2239173772688
1122482275728
2221993903504
1139662144912
1123556017552
2223067645328
1140735886736
2240247514512
1145046582688
2244558210464
1140667468192
2240179095968
2227294194080
1144962435488
1140752665184
2240264292960
1140734592608
2240246220384
1128051018064
2227562645840
1140667746896
2240179374672
1128069088608
2227580716384
1143972858528
2243484486304
1127062456992
2226574084768
1145316084384
2244827712160
1127044384416
2226556012192
1122683602272
2223017330064
2222195230048
1139863471456
2239375099232
1126978569568
2226490197344
1144158438752
2243670066528
1123757344096
1145029822800
2244541450576
1145314756944
2244826384720
1123839920464
2223351548240
2222277806416
1141004322128
2240515949904
1145299289424
2244810917200
1122750711120
2222262338896
1127061162640
2226572790416
1141003291280
2240514919056
1145297978720
2244809606496
1139947358544
2239458986320
1127800670880
2227312298656
1122750449312
2222262077088
1139930318496
1145029544528
2244541172304
1122682555040
1140936952160
2240448579936
2222194182816
1139862424224
2240195889504
2239374052000
1126977522336
2226489150112
1123571762512
2223083390288
1127866729808
2227378357584
1122498020688
2222009648464
1139677889872
2239189517648
1140751631696
2240263259472
2222261291664
1139929533072
2239441160848
1127044631184
2226556258960
1144224500368
2243736128144
1123823405712
2223335033488
1144224254560
1127799342480
2227310970256
1144979211664
2244490839440
1122430633360
2221942261136
1139610502544
2239122130320
1140752664976
2240264292752
1145248713360
2244760341136
1122431682144
2221943309920
1139611551328
2239123179104
1126726649440
2226238277216
1143906518624
2243418146400
1123505423968
1122498005584
2222009633360
1139677874768
2239189502544
1122766441040
2222278068816
1139946310224
2239457938000
2226573036112
1144241277520
1139678938784
2239190566560
1128052066912
2227563694688
1128136213920
2227647841696
1122480965008
2221992592784
1145030854240
1145046321760
1127867779728
2227379407504
1145247647056
2244759274832
2239390565712
1126994036048
2226505663824
1144173905232
2243685533008
1122699068752
2222210696528
1139878937936
1128135935648
2227647563424
1128068041376
2227579669152
1123757361552
2223268989328
2227579405920
1145047370336
2244558998112
1140936164704
2240447792480
1123840198304
2223351826080
1140735624784
2240247252560
1145030871648
2244542499424
1126977521296
2226489149072
1144157390480
2243669018256
1123756295824
2223267923600
1140936165008
2240447792784
1144242324896
2243753952672
2244475390368
1139930334816
2239441962592
1145247925904
2244759553680
1141004077472
1143955818128
2243467445904
2240515705248
1122430633616
2226238556752
1143906798160
2243418425936
1127800670800
2227312298576
1144980539984
2244492167760
1122431961680
2221943589456
1139611830864
1144963484320
2244475112096
1139946309280
2239457937056
1128052066704
2227563694480
1128051279456
2227562907232
1128135150224
2227646778000
2243485255008
1141003273552
2240514901328
1140685293904
1123774121632
2223285749408
1145030871440
2244542499216
1145298242144
2244809869920
1144157390432
2243669018208
1145299027360
2244810655136
1145231133088
2244742760864
1140752419424
2240264047200
1145030593168
2244542220944
1128068842848
2227580470624
1144962696864
2244474324640
1144225303200
2243736930976
1122430896736
2221942524512
1139610765920
2239122393696
1126725864032
2226237491808
1143905733216
2243417360992
1141003011744
2240514639520
1122750449056
2222262076832
1139930318240
2239441946016
1127045416352
2226557044128
1126792709536
2226304337312
1144225285536
2243736913312
1126977522080
2226489149856
1144157391264
2243669019040
1123756296608
2223267924384
1140936165792
2240447793568
1128051263904
2227562891680
1139929532816
2239441160592
1127044630928
2226556258704
1144224500112
2243736127888
1139947112784
2239458740560
1123841230480
2223352858256
1122497758624
2222009386400
1139677627808
2239189255584
1126792725920
2226304353696
1143972595104
1141020068192
2240531695968
1145298241936
2244809869712
1145047369312
1122498791008
2222010418784
1139678660192
2239375100496
2239190287968
1126793758304
2226305386080
1139678676560
2239190304336
1143973627488
1140752419216
2240264046992
1141004322400
2240515950176
1141019789920
2240531417696
1140751631968
2240263259744
1128068057424
1127799604560
2227311232336
1123571747408
2223083375184
1140751616592
2240263244368
1126792972880
2226304600656
1140937213344
2240448841120
1128119437728
2227631065504
1144224515744
2243736143520
1123757083216
2223268710992
1140936952400
2240448580176
2239122131536
2243685534288
1127867501136
1122699070032
2222210697808
1140952681040
2240195872416
1122766194016
2222277821792
1139946063200
2239457690976
1144241030496
2243752658272
1123839935840
2223351563616
1144963500368
2244475128144
2223083375008
2222999226976
1145315018080
2244826645856
1140667468384
2240179096160
1144962435680
2244474063456
1122682292832
1128052328096
2227563955872
1123756295568
2223267923344
1140936164752
2240447792528
2239374050704
1126977521040
2226489148816
1144157390224
2243669018000
1145046583888
2244558211664
1145315804768
2244827432544
1143905732176
2243417359952
1145047369104
2244558996880
1123505703248
2223017331024
1140685572432
2240197200208
1143906797904
2243418425680
1122431961424
2221943589200
1139611830608
2239123458384
1140667484752
2240179112528
1144241293920
2243752921696
1141004322192
2240515949968
1140751631760
2240263259536
2239390565776
1144242079136
2243753706912
1144174184864
2243685812640
2243418163872
1123505441440
2223017069216
1140685310624
2240196938400
1127800408736
2227312036512
1144980277920
1143973644944
2243485272720
1123504637520
2223016265296
1140684506704
2240196134480
1122430895696
2221942523472
1139610764880
2239122392656
2226237490768
1140751353488
2240262981264
1145299290784
2244810918560
1145046600352
2244558228128
1144173906592
2243685534368
1123823422112
2223335049888
1139946063520
2239457691296
1123773859408
2223285487184
1128069106272
2227580734048
1126776998496
2226288626272
2222009632144
1123554707040
2223066334816
1145230870864
1128119436944
2227631064720
1128134904464
2227646532240
1141021100368
2240532728144
1141003027792
2240514655568
1139880004192
2239391631968
1126995102304
2226506730080
1144174971488
2243686599264
1123773876832
2223285504608
1126792972960
2226304600736
1145298258528
2244809886304
1127062211152
2243753708112
1122767243856
2222278871632
1139947113040
2239458740816
2226573838928
1123840985680
2223352613456
1141020854864
2221925485200
1140752664144
2240264291920
1145297996384
2244809624160
1144175217248
2243686845024
1140685555088
2240197182864
1122430895456
2221942523232
1139610764640
1127849937232
2227361565008
2239122392416
1126725862752
2226237490528
1143905731936
2243417359712
1139947374176
2239459001952
1144241015440
2243752643216
1127800407696
2227312035472
1144980276880
2244491904656
2243400321696
1123487599264
2222999227040
1140667468448
2240179096224
1144962435744
2244474063520
1122431945296
1123505687120
2223017314896
1140685556304
2240197184080
1123774122576
2223285750352
1140953991760
1122499054160
2222010681936
1126995363408
2226506991184
1140752680608
2240264308384
1141020838560
1128069106064
2227580733840
1126776211040
2226287838816
2244542482016
2244557949536
2244558997904
1128068827792
2227580455568
1122498790752
2222010418528
1139678659936
2239190287712
1126793758048
2226305385824
1140684260688
2240195888464
1143973627232
1123840984720
2223352612496
1123773090448
2223284718224
1144242326096
2243753953872
1144224253520
2243735881296
2227294209616
1123756050000
1122413872720
2221925500496
1139593741904
2239105369680
1126708840016
2226220467792
1122749417040
2222261044816
1140751616336
2240263244112
1144175217040
2243686844816
1140953744976
2240465372752
1139863226960
2239374854736
1144963761760
2244475389536
1144979229280
2244490857056
1122497743520
2222009371296
1145316066720
2244827694496
1122482276000
2221993903776
1139662145184
2239173772960
1126777243296
2226288871072
1143957112480
2243468740256
1141004076640
2240515704416
1145029559952
2244541187728
1140936967584
2240448595360
1144242342560
2243753970336
1141020051104
2240531678880
1127850986080
2227362613856
2221993921104
1145299306832
2244810934608
1128068040336
2227579668112
1144173922640
2243685550416
1123824191904
2223335819680
1123571501472
2223083129248
1122766178912
2222277806688
1139946048096
1145314772320
2244826400096
1140734592352
2240246220128
1145299028560
2244810656336
1145030870608
1140685310368
2240196938144
1127800408480
1140953745760
2240465373536
2227312036256
1144980277664
2244491905440
1145231919504
2244743547280
1145231132256
2221942523216
1126725862736
1139862439504
2239374067280
1122430633632
2221942261408
1139610502816
2239122130592
1126725600928
2226237228704
1143905470112
2243417097888
1123504375456
2223016003232
1122497742480
2222009370256
1139677611664
2239189239440
1122413873744
2221925501520
1139593742928
2239105370704
1143888710224
2243400338000
1123487615568
2222999243344
1140935903888
2240447531664
1145299045024
2244810672800
1122431945312
2221943573088
1139611814496
2239123442272
1143906781792
2243418409568
1123505687136
2223017314912
1126777243216
2226288870992
1123572812128
2223084439904
1127850985872
2227362613648
1122700134752
2222211762528
1139880003936
2239391631712
2222262076816
1144174971232
2243686599008
1123773876576
1127866451360
2227378079136
1144980539728
1122413857104
2221925484880
1139593726288
2239105354064
1126708824400
2226220452176
1143888693584
1128135952720
2227647580496
2244490840480
2223017052576
1145248695648
1141020854608
2240532482384
2244760323424
1122699069024
2222210696800
1139878938208
2239390565984
1126994036320
2226505664096
1123772810848
1145298241104
2244809868880
2244491889232
1126777259680
2226288887456
1140667483744
2240179111520
1127782581856
1128134886992
2227646514768
1122766177872
1139946047056
2239457674832
2222261308064
2240448842320
2240264046160
1122750728848
2222262356624
1139930598032
2239442225808
1144225565328
2243737193104
1127800407440
2227312035216
1144980276624
2244491904400
1122431698320
2221943326096
1139611567504
2239123195280
1126726665616
2226238293392
1140685309328
2240196937104
1140952680032
2240464307808
1126726911312
2226238539088
1143906780496
2243418408272
1126995346768
2226506974544
1144175215952
2243686843728
1128069088592
2227580716368
1126726912336
2226238540112
1126708839760
1122430896784
2221942524560
1139610765968
2239122393744
1126725864080
2226237491856
1143905733264
2243417361040
1123504638608
2223016266384
1127867762016
2227379389792
1145298257568
2244809885344
2244491905696
1140937231008
2240448858784
1126794037856
2226305665632
2244827432336
1123571746400
2223083374176
1145315804496
2244827432272
1145247910224
2244759538000
1143955802448
2243467430224
1145248712016
2244760339792
1139880002896
2239391630672
1122497743264
2222009371040
1139677612448
1122482275744
2221993903520
1139662144928
2239173772704
1126777243040
2226288870816
1143957112224
1144979474000
2244491101776
2243468740000
1144242080336
1140735625568
2240247253344
1122498807456
2222010435232
1141019788880
2240531416656
2243686599056
1145315035744
2244826663520
1139878955664
1122683618960
1140952679824
2240464307600
2222195246736
1139863488144
2239375115920
1126978586256
2226490214032
1144158455440
2243670083216
1145315820960
2244827448736
1143955818912
2243467446688
1127783614800
2227295242576
1145047386768
2244559014544
2240247253408
1141004339856
2240515967632
1145247648416
2244759276192
2239390583440
1128118372000
2227629999776
1127800392352
2227312020128
1141019805344
2240531433120
1123572549280
2223084177056
1122766178656
2222277806432
1139946047840
1122750711136
2222262338912
1139930580320
2239442208096
1144225547616
2243737175392
1123824452960
2223336080736
1123571746192
2223083373968
1127062193568
2226573821344
1126994299296
2226505927072
1126977259872
2226488887648
1144157129056
2243668756832
2244809886096
1140935903584
1128067794576
2227579422352
1122498020704
2222009648480
1139677889888
2239189517664
1126792988000
2226304615776
1143972857184
2243484484960
1123571762528
2223083390304
1127866714784
2227378342560
1127044631200
2226556258976
1144224500384
2243736128160
1122430633376
2221942261152
1139610502560
2239122130336
1144241292880
2243752920656
1145315035536
2244826663312
1145248959072
1143972578704
2243484206480
1126792709520
1140667484496
1127782582608
2227294210384
1144962451792
2244474079568
1139880266320
1143956851296
2243468479072
1122431944032
2221943571808
1139611813216
2239123440992
1143906780512
2243418408288
1123505685856
2223017313632
1141021116000
2240532743776
1145299289744
2244810917520
1145314757264
2244826385040
1145046599312
2240264292944
2244558227088
1139661113952
1140954006944
2240465634720
1122430896800
2221942524576
1139610765984
2239122393760
1144980276640
2244491904416
1128069105232
2227580733008
1140953728672
2240465356448
1127850740384
1126709888672
2226221516448
2227362368160
1127850740112
2227362367888
1128118110816
2227629738592
1127849952864
2227361580640
1126978587040
2226490214816
1144158456224
1128134886736
2227646514512
1145314755920
2244826383696
1122766177616
2222277805392
1139946046800
2239457674576
1126792971920
2226304599696
1145299290464
2244810918240
1123823158688
2223334786464
1122750728592
2222262356368
1139930597776
2239442225552
1127045695888
2226557323664
1144225565072
2243737192848
1123824470416
2223336098192
1145316067920
2244827695696
1145297995344
2244809623120
1139594790480
2239106418256
2239441962576
1122683356752
2222194984528
1139863225936
2239374853712
1123572795040
1145248958864
2244760586640
2223084422816
1145230886288
2244742514064
1127799604624
2227311232400
1144979473808
2244491101584
1128068040080
2227579667856
1126792971664
2226304599440
1140936968784
2240448596560
1143956063840
2243467691616
1140685572704
2240197200480
1141021115792
2240532743568
1144980540000
2244492167776
1145029806496
2244541434272
2226305665616
2244559276624
1127867779664
2227379407440
1145047648848
1122499070544
2222010698320
1139678939728
2239190567504
1128052312416
2227563940192
1141020837520
2240532465296
1140685294224
2240196922000
1127800392336
2227312020112
1144980261520
2244491889296
1144175232672
2243686860448
1123571485344
2223083113120
1123839936864
2223351564640
1128118110608
2227629738384
1126977258896
1127799343712
1123556035152
2227310971488
1122430650960
2221942278736
1122767488400
2222279116176
1123571500640
2223083128416
1145232196944
2244743824720
1145247664464
2244759292240
1127849674384
2227361302160
1123757360528
2223268988304
2243484468560
1122766439760
2222278067536
1144174167376
2243685795152
2227295503696
1141021099344
2240532727120
2239457675616
1140953729616
2240465357392
1140936181328
2240447809104
2227631049040
2226505664848
1126978569552
2226490197328
1126994037072
1144242341520
2243753969296
1140735886752
2240247514528
1140685571664
2240197199440
1128134886752
2227646514528
1122414118240
2221925746016
1122766194000
2222277821776
1145231935136
2244743562912
2227378080336
1128068826784
2227580454560
2240264309408
1123773089440
2223284717216
2227310971280
1123823405648
2223335033424
1127061162592
2226572790368
1123824190864
2223335818640
1123571500432
2223083128208
1139929532832
2239441160608
2226556258720
1126994053536
2226505681312
1140735625552
2240247253328
1145030592848
2244542220624
1139930319184
2239441946960
1139661883728
1144225286480
2243736914256
1122482014544
1143972841808
2243484469584
1128119159456
2227630787232
1127851001504
2227362629280
1127866469024
2227378096800
1122414921312
1122682571344
2222194199120
1128051280464
1144962714192
2244474341968
1139862440528
2239374068304
1122481244752
2221992872528
1139661113936
1122498005600
2222009633376
1139677874784
2239189502560
1126792972896
2226304600672
1143972842080
2243484469856
1123571747424
2223083375200
1139677611408
2239189239184
1127800654160
2227312281936
1127782581584
2227294209360
1145299043984
1145231149712
2244742777488
1122431945360
2221943573136
1139611814544
2239123442320
1143906781840
2243418409616
1123505687184
2223017314960
1123840969040
2223352596816
2226287561120
1123572811088
2223084438864
1122700117328
2222211745104
1128051280544
1123841230224
2223352858000
1141021099408
2240532727184
1139862422928
1145315018128
1126777243024
2226288870800
1143957112208
1128119174816
1127061162384
1123504638544
2223016266320
2226572790160
1127867779680
2227379407456
2227562908320
2227630802592
1123505423760
2223017051536
2244541172048
1145029544272
1122767242848
2222278870624
1122682553760
2222194181536
1139862422944
1143888692560
2243400320336
2239374050720
1127782581904
2227294209680
1144962451088
2244474078864
1122682308240
1127044629904
2226556257680
2240465635680
1140685572448
2240197200224
1127800670560
2227312298336
1144980539744
2244492167520
1122414118304
2221925746080
1139593987488
2239105615264
1145315822160
2244827449936
1123757345440
2223268973216
2244559276368
1123572812112
2226305665360
1143973906768
2243485534544
1122499070288
2222010698064
1145247925856
2244759553632
1143955818080
2243467445856
1143906519440
2243418147216
1123505424784
2223017052560
1140685293968
2240196921744
1127800392080
2227312019856
2240448579920
1144980261264
1123504637536
2223016265312
1145029560736
2244541188512
1123571746384
2223083374160
1140751615568
2240263243344
1122498004560
1127062473040
2226574100816
2222009632336
1144158438992
2243670066768
1144173906512
1139678938528
2239190566304
1123840181584
2223351809360
1128052066656
2227563694432
1140937229968
2240448857744
1140952697488
2240464325264
1127867779472
2227379407248
1128135150176
2227646777952
1128135935392
2227647563168
1128068041120
2227579668896
1122414905696
2221926533472
1139594774880
2239106402656
1126709872992
2226221500768
1143889742176
2243401369952
1123488647520
2223000275296
1126775933344
1123840198048
2223351825824
1139879987536
2239391615312
1140953729360
2240465357136
1140735624528
2240247252304
1145030871392
2244542499168
1143972579744
2223083391632
1127062211232
2226573839008
1145315034704
2244826662480
1140667746912
2240179374688
1127782845024
2227294472800
1144962714208
2244474341984
1123839919776
2223351547552
1145247925648
2244759553424
1143973890448
2243485518224
1122431960400
2221943588176
1139611829584
2239123457360
1140685571408
2240197199184
1123505702224
2223017330000
1145030593120
2244542220896
2221943326368
1139611567776
2239123195552
1143972857168
2243484484944
1128119175504
2227630803280
1122431945376
1126978323792
2226489951568
2221943573152
1139611814560
2239123442336
1140735640992
2240247268768
1122498807440
2222010435216
1139678676624
2239190304400
1126793774736
2226305402512
1143973643920
2243485271696
1123572549264
2223084177040
2239122410128
1126725880464
2226237508240
1143905749648
2243417377424
1139677874832
2239189502608
1123504654992
2223016282768
2227629738656
1127850739280
2227362367056
1127782845008
1127783630224
2227295258000
1126977259920
2226488887696
1123823159888
2223334787664
1144157129104
2243668756880
1122682308176
2222193935952
2239105631568
1127849952592
2243468756304
2223285749152
1144962451104
2244474078880
1122682308256
1122498005344
2222009633120
1145298241888
2244809869664
1139677874528
2239189502304
1126792972640
2226304600416
1143972841824
2243484469600
1139929549136
2239441176912
1123773875808
1145248958032
2244760585808
1127061423776
2226573051552
1143956850256
2243468478032
1140752419168
2240264046944
2243753707088
1128135951952
2227647579728
1145315821136
1126995346832
2226506974608
1144175216016
2243686843792
1128069088656
1126794020240
2226305648016
2243685812816
1122699348560
1128068057680
2222210976336
1139879217744
2239390845520
2227579685456
1145247926864
1123773090384
1145029805664
1144962696608
1140734855568
2240246483344
2244474324384
1141003011488
2240514639264
1140734577296
2240246205072
1145248974496
2244760602272
1145299307168
2244810934944
1139929287328
2239440915104
1141003274640
2240514902416
1144224499024
2243736126800
2244541188752
1145047369056
2244558996832
2223351826064
1128136198816
2227647826592
1128118126240
2227629754016
1122498808224
2222010436000
1141004322144
2240515949920
1127866713424
2227378341200
1145046582608
2244558210384
1123571746128
2223083373904
1140751615312
2240263243088
1123757099680
2223268727456
1143973644896
2243485272672
1122497742496
2222009370272
1139677611680
2239189239456
2222999243360
1140667484768
2240179112544
1144962452064
2244474079840
1140751353440
2240262981216
1128052311376
2227563939152
1139930597984
1127799620944
2239442225760
1145316083344
2244827711120
1145029560912
2244541188688
1127849691728
2227361319504
1140734593616
2240246221392
1140684244384
2240195872160
1123839935824
2243752659360
1144224237216
2243735864992
1140735904416
2240247532192
2244474063264
1122682292640
2222193920416
1139862161824
2239373789600
1126977259936
2226488887712
1123756034464
1128119436896
2227631064672
1122767243616
2222278871392
1127062210912
2226573838688
1144242080096
2243753707872
1123840985440
2223352613216
1128052327840
2227563955616
1128067795360
2227579423136
1140667745632
2240179373408
1127782843744
2227294471520
1144962712928
1127062455952
2226574083728
1139946047072
2239457674848
1144241014368
2243752642144
1123839919712
2223351547488
1128051000928
2227562628704
1122415184464
2221926812240
1139595053648
2239106681424
2244542499408
1144963762768
2244475390544
1128052329040
2227563956816
1122431944096
2221943571872
1139611813280
2239123441056
2243485271440
1126793774480
2226305402256
1143973643664
1143973644688
2243485272464
1139610782096
2239122409872
1126725880208
2226237507984
1143905749392
2243417377168
1123504654736
2223016282512
1144173906336
1123756295760
2223267923536
1140936164944
1122683602512
2222195230288
1139863471696
2239375099472
1126726912592
2226238540368
1143906781776
2243418409552
1144980523600
2244492151376
1143888709200
2243400336976
1128069106016
2227580733792
1145030854304
2244542482080
1126776998240
2226288626016
2239189256848
1123554706784
2223066334560
1139862423200
1128119436688
2227631064464
1128134904208
2227646531984
2239374050976
1128068827744
2227580455520
1123840984672
2223352612448
1123840984400
2223352612176
1141020853584
1127062209872
2226573837648
1144242079056
2243753706832
1128135951696
2227647579472
1127866713744
2227378341520
1122414921360
2221926549136
1123773090128
2223284717904
1140952959312
2240464587088
1144174184784
2243685812560
1145247926608
1145297996128
1144175216992
2243686844768
2244809623904
1145247664736
2244759292512
1144241015184
2243752642960
1122766195344
2222277823120
1145029559904
2244492151200
1126995363152
2226506990928
1141020838304
1143972578960
2243484206736
2240532466080
1140752680352
2240264308128
1128068827536
2227580455312
1127800669584
2227312297360
1128068040288
2227579668064
1127849675168
2227361302944
1122414118544
2221925746320
1139593987728
2239105615504
1126709085840
2226220713616
1143888955024
2243400582800
1123487860368
2222999488144
1122499052960
2222010680736
2243484207520
2244743547232
1123772811920
2223284439696
1144979229024
2244490856800
1128135953056
2227647580832
1122497742240
2222009370016
1139677611424
2239189239200
1140952942176
2240464569952
1122415184480
2221926812256
1139595053664
2239106681440
1143890020960
2243401648736
1123488926304
2223000554080
1141004076384
2240515704160
1140936182112
2240447809888
1127849691472
2227361319248
2244541188432
1140734593360
2240246221136
1145047632272
2244559260048
2240247269968
1139878954640
2239390582416
2226505680528
1144173921936
2243685549712
1123772827280
2223284455056
1122414118560
2221925746336
1139593987744
1144242342304
2243753970080
1128134904144
2227646531920
2239122147664
1140751370576
1127850985824
2227362613600
1143973906080
2243485533856
2223267924640
1127799343776
2227310971552
2223267677776
1122766177632
2222277805408
1139946046816
2239457674592
1144241014112
2243752641888
1123839919456
2223351547232
1122750728608
2222262356384
1139930597792
2239442225568
1127045695904
2226557323680
1144225565088
1123554970208
2223066597984
2243737192864
1122683618640
2222195246416
1139863487824
2239375115600
1126978585936
2226490213712
1144158455120
1145046337872
2244557965648
2243669804368
1122414921376
2221926549152
1139594790560
1140667746960
2240179374736
1127782845072
1145231132000
2244742759776
1128135165600
2227646793376
1123774139040
2223285766816
1143906781520
2243418409296
1123505686864
2223017314640
1143888708944
2243400336720
1122413872464
2221925500240
2239105369424
1123487614288
2222999242064
1144225302112
2243736929888
1144158193056
2243669820832
1139611552416
2239123180192
1143906519712
2243418147488
1123505425056
2223017052832
1140685294240
1122498792080
2222010419856
1139678661264
2239190289040
1126793759376
2226305387152
1143973628560
2243485256336
1123572533904
2223084161680
1145030608544
2244542236320
1144241276576
2243752904352
1141003029152
2227361319584
2240514656928
1122414118288
2221925746064
1126792726944
2226304354720
1122699086240
2222210714016
1139878955424
1122766195088
2222277822864
1139946064272
1122750727568
2222262355344
1139930596752
2239442224528
1144225564048
2243737191824
1123824469392
2223336097168
1128069088928
1140952679776
1144224516688
2243736144464
2240464307552
1143973906016
2243485533792
1139947096656
1123840969296
2223352597072
1141020838480
2240532466256
1122481243808
2221992871584
1145047386720
2244559014496
2223017330272
1145298257312
2244809885088
1141004339808
2240515967584
1122430650720
2221942278496
1139610519904
2239122147680
1126725618016
2226237245792
1143905487200
2243417114976
2243485533776
1123572811344
2223084439120
1140752680528
2240264308304
2244559275600
1126794036816
2226305664592
1143973906000
1145029823120
2244541450896
1140685293200
2240196920976
1127800391312
2227312019088
1144980260496
2244491888272
1139947358864
2239458986640
2223083373920
1139594774944
2239106402720
2226221500832
1143889742240
2243401370016
1123488647584
2223000275360
1140684262048
2240195889824
1128067794528
2227579422304
1122415183200
2221926810976
1139595052384
2239106680160
1143890019680
2243401647456
1128136197776
2227647825552
2243400600224
1123487877792
2222999505568
1140667746976
2239190305424
1145315035488
2244826663264
1123757098640
1128067794320
1145248695888
2244760323664
1122700117584
2222211745360
1139879986768
2239391614544
1143906534800
2243418162576
1145046599264
2244558227040
1145232180640
2244743808416
1145247648160
2244759275936
1141019805088
2240531432864
1141004061328
2240515689104
1127850740064
2227362367840
1140735903376
2240247531152
1140751370896
2240262998672
1144979211936
1144158456480
2243670084256
1141004323488
2240515951264
2239390567072
2240447792800
1140751633056
2240263260832
1123554985360
1122481243536
2221992871312
1139661112720
1139594003856
2239105631632
2226220729744
1126792971872
2226304599648
1123823404448
2223335032224
1123554724448
2223066352224
1145247664528
2244759292304
1122499070304
2222010698080
1145248958816
2244760586592
1139678939488
2244742514016
2239190567264
1126794037600
2226305665376
1143973906784
1144962452048
2244474079824
2239123179936
1126726650272
2226238278048
1141021115744
2240532743520
1143906519456
2243418147232
1123505424800
1145314757008
2244826384784
1145046599056
2244558226832
1122498791824
2222010419600
1139678661008
2239190288784
1126793759120
2226305386896
1143973628304
2243485256080
1123572533648
1139611829840
1122498004576
2222009632352
2240197200272
1141020837472
2240532465248
1140952943200
2240464570976
1145046320784
2244557948560
1140953728416
2240465356192
2244474063440
1122413857360
2221925485136
1139593726544
2239105354320
1143888693840
2243400321616
1123487599184
1127849952608
2227361580384
2239391632032
2227361302112
1126995085664
2226506713440
1144174954848
2243686582624
1145297995088
2244809622864
1127062194512
2226573822288
1144242063696
2243753691472
1128135936336
2227647564112
1145315805520
2244827433296
1122767227216
2222278854992
2227362612880
1127866452624
2227378080400
2244760324448
1123572794784
1143956063584
2243467691360
1140685571424
2240197199200
1144980538720
2244492166496
1139863472800
1127851002464
2227362630240
2239375100576
2226490198688
1144158440096
1127867778384
2227379406160
1145047647568
1122499069264
2222010697040
2240264308048
1126794036560
2226305664336
2244492150160
1122499070624
2222010698400
1122750712464
2222262340240
1139930581648
2239442209424
1144225548944
2243737176720
1123824454288
2223336082064
1122431681936
2221943309712
1139611551120
2239123178896
1126726649232
2226238277008
1127800391056
2227312018832
1143906518416
2243418146192
1140952942992
2240464570768
1145316084128
2244827711904
1126793775440
2226305403216
1143973644624
2243485272400
1127867517264
2227379145040
1122498022032
2222009649808
1139677891216
2239189518992
1126792989328
2226304617104
1143972858512
2243484486288
1123571763856
1123556034896
2223067662672
1127799343456
2227310971232
1145315805856
2244827433632
1145047647904
1122430650704
2221942278480
1122415183184
1139947113104
2239458740880
1123824208288
2223335836064
2244559275680
1127061162656
1140667745696
2240179373472
1127782843808
2227294471584
1144962712992
2244474340768
1122682570144
2222194197920
1139862439328
2239374067104
1127062456736
2226574084512
1127044384160
2226556011936
1122750466656
2222262094432
2227579685520
1122415184528
2221926812304
1139595053712
2239106681488
1143890021008
2243401648784
1123488926352
2223000554128
1126995084624
2226506712400
1144174953808
1122699348576
2222210976352
1139879217760
2239390845536
1126994315872
2226505943648
1123773090400
2223284718176
1126794020512
2226305648288
1123555773088
2223067400864
1140935902800
1145299043936
2244810671712
1144173906576
2243685534352
1145247648400
2244759276176
1122430912144
2221942539920
1126725879440
1140935919264
1123487860112
2222999487888
1140751615328
2240263243104
2223334771360
1140734593632
2240246221408
1143955819104
2243467446880
1145029560928
2244541188704
1145315821920
2244827449696
2223285504352
1123572549984
2223084177760
1140685310304
2240196938080
1144980277600
2244491905376
1144962713232
2244474341008
1140937214368
2240448842144
1123488926368
2223000554144
1127783893664
2227295521440
1123824470688
2223336098464
1144225565344
2243737193120
1123757361824
2223268989600
1141004323216
2240515950992
1145047385504
2244559013280
1145046337936
2244557965712
2239457692048
1141019806096
2240531433872
1144241031568
2243752659344
1139677890960
2239189518736
1145046600080
2244558227856
1140751632784
1144980523616
2244492151392
1140752665168
1143973890640
2243485518416
1145047632464
2244559260240
1145029559888
2244541187664
1145232197008
2244743824784
1145299305872
2244810933648
1128052327824
2227563955600
1140668794256
2240180422032
1145315820896
2244827448672
1145247926624
2244759554400
2240464587104
1144241293648
2244826663248
2239390566800
1140952680848
2226572790432
1144241031840
2243752659616
2240464308624
1141019806368
1126725880480
2226237508256
2240531434144
1145232180624
2244743808400
1145299306144
2244810933920
1127800653392
2227312281168
1144980522576
2244492150352
1122682307920
2222193935696
2223352857952
2239390844240
1144174183760
2243685811536
1140734593376
2240246221152
1143955818848
2243467446624
1140952696480
2240464324256
1123839936928
2223351564704
1144979229088
2244490856864
2239390583200
1140952697248
2240464325024
2239189256608
1140751370656
2240262998432
2227629737296
1123488925088
2223000552864
1122750727584
2222262355360
1139930596768
2239442224544
1123824469408
2223336097184
1128119436704
1122431945056
2221943572832
1139611814240
2239123442016
1126726912352
2226238540128
1143906781536
2243418409312
1123505686880
2223017314656
1139678923088
2239190550864
2240264292688
1140752664912
1140734592336
2240246220112
2227379128992
2227310970192
1123756295504
2223267923280
2226574083472
1139946064288
2239457692064
1141019806112
2227631064480
2240531433888
1122415167072
1122430634592
2221942262368
2221926794848
1143957113424
1139611830624
2239123458400
1139678938720
2239190566496
1127800391328
2227312019104
1140685293216
2240196920992
1126793758352
2226305386128
1140752402064
2240264029840
1122414922320
2221926550096
1139594791504
2239106419280
1126709889616
2226221517392
1143889758800
2243401386576
1123488664144
1140952696224
2240464324000
1139946063248
1141019805072
2240531432848
2226506729872
1144174971280
1139947112848
2239458740624
1141020854672
2240532482448
2227312036240
1144242080144
2243753707920
1145315821968
1139595036256
1127867500960
2227379128736
1122413857376
2221925485152
1139593726560
2239105354336
1143888693856
2243400321632
1123487599200
1127849675344
2227361303120
2223285750096
1126994298448
2226505926224
1127061407312
2226573035088
2227311232592
2227579668048
1127867778400
2227379406176
2222211762592
1139678677408
2239190305184
1140752419232
2240264047008
1144174971296
2243686599072
1145248713120
2244760340896
1143973644704
1127867499920
2227379127696
1143889758608
2243401386384
2227295258960
1122414922064
2221926549840
1139594791248
1145029823072
2244541450848
1126792989344
1127866731168
2227378358944
1123571763872
2223083391648
1140667467344
2240179095120
1127782565456
2227294193232
1144962434640
2244474062416
1123773859168
1140668777808
2223084439184
2227579407008
1128067779232
1144224238160
2243735865936
1128052311712
2227563939488
1123757344416
2223268972192
1144963746400
2244475374176
1128052328784
2227563956560
1123840181856
2223351809632
1122766440032
2222278067808
1127061407328
2226573035104
1140751615584
2240263243360
1145247909472
2244759537248
1123773876624
2223285504400
1122413857120
2221925484896
1139593726304
2239105354080
1126708824416
2226220452192
1143888693600
1127867763024
2227379390800
1122499053904
2222010681680
1140952942928
2240464570704
1128068041040
2227579668816
1126794021200
2226305648976
2226287561040
2227361302864
1139930318416
2239441946192
1123554969952
2223066597728
1122414119264
2221925747040
1139593988448
2239105616224
1126709086560
2226220714336
1143888955744
2243400583520
1128119421344
2227631049120
1123571763616
2223083391392
1127866730912
2227378358688
1123572796000
2223084423776
1126708823376
2226220451152
1123554723424
2223066351200
1126775948896
2226287576672
1127849690720
2227361318496
1127782565200
1140751616400
2240263244176
1122414119312
2221925747088
1139593988496
2239105616272
1126709086608
2226220714384
1143888955792
2243400583568
2240264047264
1128135166304
2227646794080
2239106664032
2223284439456
1128067778976
2227579406752
1123757344160
2223268971936
2226572773776
1128134887824
2227646515600
1127045678480
2226557306256
1144225547664
2243737175440
1141003274656
2240514902432
1145299290528
2244810918304
2244491102624
1122750712224
2222262340000
1139930581408
1122430911904
2221942539680
1139610781088
2239122408864
1126725879200
2226237506976
1143905748384
2243417376160
2223334771280
2222999226960
1140667468368
2240179096144
1144962435664
1123756034640
2223267662416
1122682292816
1127866729872
2227378357648
2227379390032
1145047631440
2244559259216
2239190550096
1126794020432
2226305648208
1143973889616
2243485517392
1123572794960
1144242325072
2243753952848
1127867762256
1123487860064
2222999487840
1128135951760
2227647579536
1128068056416
2227579684192
1144158194000
2243669821776
1123772810640
2223284438416
1122431961744
2221943589520
1139611830928
2239123458704
2223352874576
1123774137744
2223285765520
1123572795744
2223084423520
1126794021216
2226305648992
1127867763040
2227379390816
1127849690464
2227361318240
1145297979984
2244809607760
2244742498912
2222193920608
1139862162016
2239373789792
1126977260128
2226488887904
1144157129312
1123774138960
2223285766736
1144980522592
2244492150368
2227294192976
1144962434384
2244474062160
2221925483856
1123487597904
2222999225680
1122499052880
2222010680656
2227311233696
1145030609488
1123840181904
2223351809680
1122430895760
2221942523536
1139610764944
2239122392720
1126725863056
2226237490832
2244491101840
1127061407376
1126792972944
2226304600720
1145314772384
2244826400160
1123839935904
2223351563680
1128135935584
2227647563360
1128068041312
2227579669088
1127800670608
2227312298384
2243752905296
1141020052048
2240531679824
1145315019344
2244826647120
1123556018768
2223067646544
1140735887952
2240247515728
1145231132320
2244742760096
1139947358816
2239458986592
1126776195680
2226287823456
1122499054176
2222010681952
1122414119520
2221925747296
1139593988704
2239105616480
1127849674080
2227361301856
1126977258848
2226488886624
1144157128032
2243668755808
1122480964960
2221992592736
1122700396880
2222212024656
1122482014800
2221993642576
1139661883984
2239173511760
1126776982096
2226288609872
1143956851280
1123555756624
2223067384400
1140735625808
1122767243920
2222278871696
1123840985744
2223352613520
1127062211216
2226573838992
2243467430496
1123554708064
2223066335840
1127849675360
2227361303136
2223083374240
1140684506784
2240196134560
1127799604896
2227311232672
1144979474080
1122498004640
2222009632416
1139677873824
2239189501600
2240264293008
1128119421584
2227631049360
1143972842128
2243484469904
1145046583952
2244558211728
1122498005648
2222009633424
1122414119568
1123572532640
2223084160416
1126793758112
2226305385888
1122414922080
2221926549856
1139594791264
2239106419040
1126709889376
2226221517152
1143889758560
2243401386336
1123488663904
2223000291680
1123555772752
2223067400528
1123571747216
2223083374992
1127866714512
2227378342288
1123773875856
2223285503632
1128052312736
2227563940512
1122750712480
2222262340256
1139930581664
2239442209440
1144225548960
2243737176736
1123487598176
1127849674320
2227361302096
1144979229264
2244490857040
1122682571088
2222194198864
1123823420768
2223335048544
1123840968032
2223352595808
2244759538016
1123773073760
2223284701536
1144241277264
2243752905040
1128135149904
2227646777680
1145315019088
2244826646864
1123839920800
2223351548576
1145314757280
1123824453280
2223336081056
2244826385056
2226572774048
1141004061280
2240515689056
1139594775136
2239106402912
1143889742432
2243401370208
1126792988320
2226304616096
1144962452112
2244474079888
2223016281440
1127782827408
2227294455184
1123823142288
2223334770064
1123773876640
2223285504416
1141004059984
2240515687760
1145299027280
2244810655056
1122414904656
2221926532432
1139594773840
2239106401616
1123824190800
1126709871952
1139593726608
2239105354384
1143888693904
2243400321680
1123487599248
2222999227024
1140667468432
2240179096208
2244827449744
1143955802464
2243467430240
1123554707808
2223066335584
1123772810912
2223284438688
1143888971344
2243400599120
1123487876688
2222999504464
1140667745872
1140734854736
2240246482512
1127782843984
2227294471760
1123839919760
2223351547536
2243668773456
1122682309200
1123756051024
2223267678800
1140752664208
2240264291984
1140685555344
2240197183120
1127800653456
2227312281232
1144980522640
2244492150416
1122499053200
2222010680976
1122750728784
2222262356560
2226506728848
1123773875600
2223285503376
1122413856096
2221925483872
1139593725280
2239105353056
1143888692576
2243400320352
1123487597920
2222999225696
1140667467104
2240179094880
2226287560016
1143955801424
2243467429200
1127849674064
2227361301840
1122480964944
2221992592720
1139660834128
2239172461904
1126775932240
1144241015200
2243752642976
2222277806496
1144225547680
1145299289504
2244810917280
2243737175456
1123824453024
1128119158112
2227630785888
1139594773856
2239106401632
1126709871968
2226221499744
1143889741152
2243401368928
1140936951136
2240448578912
1122749663568
2222261291344
1139929532752
1140734839120
2240246466896
1123823405392
2223335033168
1128118110880
1141003274576
2240514902352
1122682292896
2222193920672
1139862162080
2240447531680
2240246205088
1122413857440
2221925485216
1140734575952
2240246203728
1140751631776
2240263259552
1143972857248
2243484485024
1145046599072
2244558226848
1123571762592
2223083390368
1140667745888
2240179373664
1127782844000
1128118388320
2227630016096
1139661112928
1122499053152
2222010680928
1139678922336
2239190550112
1140752664160
2240264291936
1123572794976
2223084422752
1127782582672
2227294210448
2227580716704
1127062455968
2226574083744
1128136197792
2227647825568
1140685555360
2240197183136
1127800653472
2227312281248
1144980522656
1126977275216
2226488902992
1127783615056
2227295242832
1144963484240
2244475112016
1122414905936
2221926533712
1139594775120
2239106402896
1126709873232
2226221501008
2223268726112
1144224236944
2243735864720
1122413856144
2221925483920
1139593725328
2239105353104
1128051000720
2227562628496
1145247647136
2244759274912
2239457674640
1139946046864
1123839919504
2223351547280
1144157145424
2243668773200
1140935919952
2240447547728
1141019788688
2240531416464
1144980540064
2244492167840
1122431961760
2221943589536
1139611830944
2239123458720
1143973907088
2243485534864
1145047648912
2244559276688
1128051263840
2227562891616
1126776195424
2226287823200
1123487861088
2222999488864
1140667730272
2240179358048
1127782828384
2227294456160
1145248975456
2244760603232
2244827712080
1122767506000
2222279133776
1139947375184
2239459002960
1140953729680
2240465357456
2244826401360
1126792727120
2243752659536
1139946064464
2239457692240
1123772828240
1145297978784
2244809606560
1123756033440
2223267661216
1122682291616
2222193919392
1139862160800
2239373788576
2226488886688
1122413856160
2221926533776
1139594775184
2239106402960
1126709873296
2226221501072
1143889742480
2243401370256
1123488647824
2223000275600
1145047631200
2244559258976
1143906797920
2243418425696
1122482292304
2221993920080
1139662161488
2239173789264
1126777259600
2226288887376
1143957128784
2243468756560
1123556034128
1122683618896
1140954007120
2240465634896
1145248974416
1143889742160
2243401369936
2244542237280
1143956867680
2243468495456
1144963483984
2244475111760
1145030609504
1140751616672
2240263244448
1143972842144
2243484469920
1145046583968
2244558211744
1123840182880
2223351810656
1141020052064
2240531679840
2244826647136
1123757083280
2223268711056
1139611830688
2239123458464
2226238556576
1143906797984
2243418425760
1123505703328
2223017331104
2243485534608
1140752681360
2240264309136
1145047648656
2244559276432
2244475127392
2244491101856
1143956866640
2243468494416
1145030608464
2244542236240
1122498004624
2222009632400
1139677873808
2239189501584
2222999505488
1143972841104
2243484468880
2227294472784
2239106664080
2243685550688
1144241031776
2239390583392
2243752659552
1122430650976
2221942278752
1139610520160
2239122147936
1140954007904
2223285766496
2243401632080
1123488909648
2244743809360
2244542482768
2223000537424
1140668778832
2240180406608
2244743547552
1126978308768
2226489936544
1140936952480
2240448580256
1123488647840
2223000275616
1128136214864
2227647842640
1141004061344
1144242342224
2243753970000
1145248696720
2244760324496
1139947113120
2239458740896
1141020854944
2240532482720
1144242080416
2243753708192
1123840985760
1143957128800
2243468756576
1139595052640
2239106680416
1145030870624
2244542498400
1127783892576
2227295520352
1145299306080
2244810933856
1123505702288
1144980538768
2244492166544
1145029559632
2244541187408
1123554723152
2223066350928
2222262093136
1144963499344
1126725616976
2226237244752
1143905486160
2243417113936
2244759291216
1122699085136
2222210712912
1145247663440
2222194198096
1140735624592
2240247252368
1144963483024
2244475110800
1143889741200
2243401368976
1145029559648
1128067794272
2227579422048
2239172478304
1143955817824
2243467445600
1123554723168
2223066350944
1127866467680
2227378095456
2227630016144
1123487876752
2222999504528
1145231148688
2244742776464
2243467708048
1145029822096
2244541449872
1143956867424
2243468495200
1144175232336
2243686860112
2239189502368
1126792972704
2226304600480
1143972841888
2243484469664
1123571747232
1145046583712
1144174970528
2243686598304
1145248712352
2244760340128
1144242079376
1140668516944
2240180144720
2243753707152
1141020853904
2240532481680
1140734576224
2240246204000
1145029543520
2244541171296
1140952959632
2240464587408
1126995363216
2226506990992
1144241277280
2243752905056
1123840182624
2223351810400
1139595037024
2239106664800
1143890004320
2243401632096
1123488909664
2223000537440
2239457691024
1145314772368
2244826400144
1144241030544
2243752658320
1122766194064
2240196134304
1144979473824
2244491101600
1143956866384
1126776997200
2226288624976
1139661899088
2239173526864
1122482029904
2221993657680
1139677873552
2239189501328
1140751615376
2240263243152
1127782844752
2227294472528
1144962713936
2244474341712
2243485271456
1123572549024
1128118125984
2227629753760
2243685549472
1123772827040
2223284454816
1145030608288
2244542236064
1122430649696
2221942277472
1139610518880
2239122146656
1143905486176
2243417113952
1123504391520
2223016019296
1140734593680
2240246221456
1145029560976
1127867517520
2227379145296
2239123196496
1128135952976
2227647580752
1143906536016
1127850722720
2227362350496
1139594773920
2239106401696
1128119158176
1145231918496
2244743546272
1143889741216
2243401368992
1123488646560
1123487861136
2222999488912
1127849937296
2227361565072
1140667730320
2240179358096
1127782828432
2227294456208
1144962697616
2244474325392
1140952941920
2240464569696
1144242080160
2243753707936
1145315821984
2244827449760
2227646776656
1139946308944
1127849952928
2227361580704
2239457936720
1139594004128
2239105631904
1122749679264
2222261307040
1144962713248
2244474341024
1127044646560
1123756050064
2223267677840
1141019788960
2240531416736
1140935920224
1145314756256
2244826384032
1139929287248
2239440915024
1141003029072
2240514656848
1144224254544
2243735882320
2239391630752
1126995101088
2226506728864
1127062209936
2226573837712
1144242079120
2243753706896
1122767242640
2222278870416
1139947111824
2239458739600
1126775932256
1140734575968
2240246203744
1145029543264
1145247926672
2244759554448
1139880249936
2240465619536
1139862177360
2239373805136
2239391877712
1122431699552
2221943327328
1139611568736
2239123196512
1126726666848
2226238294624
1143906536032
2243418163808
1123505441376
2223017069152
1122414119328
2221925747104
1139593988512
2239105616288
1126709086624
2226220714400
1143888955808
2243400583584
1123487861152
2222999488928
1122498790800
2222010418576
2240179112352
1127782582688
2227294210464
1140734593424
2240246221200
1145029560720
2244541188496
1123488647776
2223000275552
1140668516960
2240180144736
1127783615072
2227295242848
1144963484256
2244475112032
2239458739536
2240532481360
1122767242576
2222278870352
1139947111760
1145315820880
2244827448656
1127867516240
2240247253584
2243468479056
1127850723920
2227362351696
1145030593104
2244542220880
1122430651024
2221942278800
1139610520208
2239122147984
1143905487504
2243417115280
1123504392848
2223016020624
1139946046880
2239457674656
1145314756000
2244826383776
1122682308960
2222193936736
1145230869840
2244742497616
1141004338832
1139929286992
2239440914768
1123823159632
2223334787408
1141003028816
2240514656592
1127044385104
2226556012880
2240515966608
1139678939808
2239190567584
2244474078608
1122413872528
1140752681632
1143973907104
2243485534880
1145047648928
2244559276704
2243401369168
1123488646736
2223000274512
1140668515920
2240180143696
1127783614032
2227295241808
1144963483216
2244475110992
2240464324176
1140751369808
2240262997584
1139947112016
2239458739792
1141020853840
1126977258912
1127866467936
2227378095712
1127062210144
2226573837920
1139929286240
2239440914016
2244541187680
1141003028064
2240447546704
2222010682000
1139947096720
2239458724496
1127062194832
2226573822608
1144242064016
2243753691792
1123840969360
2223352597136
1145315805840
1128135951712
2227647579488
1122431698272
2221943326048
1139611567456
2239123195232
1126726665568
2226238293344
1143906534752
2243418162528
1140685571744
2227646794064
1122699348304
2222210976080
1139879217488
2239390845264
1122430912848
1144979229344
2244490857120
1122430651040
2221942278816
2227579423392
1140751370912
2227379406480
1122499069584
2222010697360
1139678938768
2239190566544
1126794036880
2226305664656
1143973906064
2243485533840
1123572811408
1140937214352
1122415167888
2221926795664
1139595037072
2239106664848
1126710135184
1143890004368
2243401632144
1123488909712
1128119436960
2227631064736
1140937229984
2240448857760
1140735903392
2240247531168
1145232197280
2244743825056
2243468756640
1145030870688
1140954007136
2240465634912
2243686860384
1127866467984
2227378095760
1140953745040
2240465372816
1140752418448
2240264046224
1122700134032
2222211761808
1139880003216
2239391630992
2222279132752
2239173511504
1143956851024
2243468478800
2222277821840
1123839935888
2223351563664
2227579422096
1144979228048
1144173921680
2243685549456
1122430649744
2221942277520
1144174954128
2243686581904
2227362612560
1126725600592
2226237228368
1143956850000
2243468477776
1140685555024
2240197182800
1144980522320
1140734592672
2240246220448
1122766194336
2222277822112
1141004076704
2240515704480
1122498004320
2222009632096
1139677873504
2239189501280
1126792971616
2226304599392
1143972840800
2243484468576
1140751353184
1122749662800
2222261290576
2243670066576
1140937213328
2240448841104
1126793758096
2226305385872
1143973627280
1145046320528
2244557948304
1145299289488
2244810917264
1127799604640
2227311232416
1123839919520
2223351547296
1141004322208
1145047369120
2227630785952
1128052049312
2227563677088
1143905469856
1139678939552
2239190567328
1126794037664
2226305665440
1123572812192
2223084439968
1127867779488
2227379407264
1140752681376
2240264309152
2226221499728
1143889741136
2226288625248
2243401368912
1127783613776
2227295241552
1144963482960
2244475110736
1123488646480
2223000274256
1122482030176
2221993657952
1126792971936
2226304599712
1127866713760
2227378341536
1140751615648
2240263243424
2226573052256
1144241293664
2243752921440
2223083391328
1128068057440
2227579685216
1127866730848
2227378358624
1122430912864
2221942540640
2239172741712
1143956081232
2243467709008
1145029823056
2244541450832
1123554986576
1140734855760
2240246483536
1122413857424
2239442209184
1127045679520
2226557307296
1144225548704
2243737176480
1127850985888
2227362613664
1122415167904
1122767505760
2222279133536
1139947374944
1123554969168
2223066596944
1122431944272
2221943572048
1126726911568
2226238539344
1127062193744
2226573821520
1123572532624
2223084160400
1127866713696
2227378341472
1139929532000
2239441159776
1128136197728
2227647825504
1122430895712
2221942523488
1139610764896
2239122392672
2239458724240
1127062194576
2226573822352
1144242063760
2243753691536
1128135936400
2227647564176
1139946309216
2239457936992
1141020051040
1144242062992
2243753690768
1145315804816
2244827432592
1122766440080
2222278067856
1122498791056
2222010418832
1127800669600
2227312297376
1122431960480
2221943588256
1139611829664
2239123457440
1145315018400
2244826646176
1127061145248
2226572773024
1127867762336
2227379390112
1123756033696
2223267661472
2239123179168
1122766194080
2222277821856
1139946063264
2239457691040
1144241030560
2243752658336
1122499069328
2222010697104
2222193920592
1139862162000
1126977260112
2226488887888
1128051001936
2227562629712
1144157129296
2239373789776
1122498808464
1122431699600
2221943327376
1126726666896
1128068844176
2227580471952
1126793775760
2226305403536
1139594004048
2239105631824
2226220729936
2227630803296
1126794036624
2226305664400
1126995363168
2226506990944
1144175232352
2243686860128
1123774137696
2223285765472
2222279132496
1127062472016
2226574099792
1144242341200
2243753968976
1128136213840
2227647841616
1145316083024
2244827710800
1123756050848
2223267678624
1140953728400
2240465356176
1123840984736
2223352612512
1127062210208
2226573837984
1139947112096
2239458739872
1144174185120
2243685812896
1123773090464
2223284718240
1128068057760
2240464587424
1128135166608
2227646794384
1145248958048
2244760585824
1123823159696
2223334787472
1123488925280
2223000553056
2227362366816
1123571746208
2223083373984
1122498004384
1126792971680
2226304599456
1139677873568
2239189501344
2227361581392
1122767506080
2222279133856
1123487598992
2222999226768
1139660851872
2239172479648
1122767505744
1139947374928
2239459002704
1141021116752
2240532744528
1122700135072
2222211762848
1122431699616
2221943327392
1126726666912
2227310970464
2223083129424
1128135148896
2227646776672
1123757083024
2223268710800
1128051001680
2222261045856
1123823159904
2223334787680
2227562629456
2243735882336
2239391630736
1144174970256
2243686598032
1126995101072
1122700133776
2222211761552
1139880002960
1122498807184
1126709101904
2226220729680
1122414134608
2221925762384
1139594003792
1143906781856
2243418409632
1123505687200
2223017314976
1144980523680
2244492151456
1123572796048
2223084423824
1122499054224
1143888955728
1126775948944
1143973890400
2243485518176
1140685556064
2240197183840
1127800654176
2227312281952
1123823404624
2223335032400
1122750712208
2222262339984
1139930581392
2239442209168
1127045679504
2226557307280
1144225548688
2243737176464
1123824454032
2223336081808
1122767242656
2222278870432
1126994315680
1128119159200
2227630786976
1123757345184
2223268972960
1144979474848
1141019789728
1128136198560
2227647826336
1144962434400
2244474062176
1123756050016
2223267677792
1139947358800
2239458986576
1141021100624
2240532728400
1141003028048
2240514655824
1123841247584
2223352875360
1122700396896
2222212024672
1139880266080
2239391893856
1140752681312
2240264309088
1139678923344
2239190551120
1126994299472
2226505927248
1139879201360
1123824454240
2223336082016
2222210697824
1140685556320
2240197184096
1145029544544
1140734577248
2243753953632
1139878939280
1145230871184
2244742498960
1141021100688
2240532728464
1127849937552
2227361565328
1145247910544
2244759538320
2244474063504
1144224253280
2226287577504
2227361319328
1140953991840
1123504376480
2223016004256
1139678923424
2239190551200
1123840182944
2223351810720
1122498792096
2222010419872
1139678661280
1127867516320
2227379144096
1140685309344
2240196937120
1122700133792
2222211761568
1139880002976
1122766457232
2222278085008
1139946326416
2239457954192
1127061424528
2226573052304
1122482014816
2221993642592
1139661884000
2239173511776
1126776982112
1123555756640
1127867778448
2227379406224
1122749417824
2222261045600
1139929287008
2239440914784
1144224254304
2243735882080
1123823159648
2223334787424
2222210975120
1143889742416
2243401370192
1123572795792
2223084423568
1126794021264
2226305649040
1122480981392
2221992609168
1139660850576
2239172478352
1123554723216
2223066350992
2227361318288
1140734592400
1126775948688
2226287576464
2244475111008
1127850722896
2227362350672
1145030592080
2244542219856
1122482013776
2221993641552
1139661882960
2239173510736
1126776981072
2226288608848
1128136198480
2227647826256
1145316067664
2244827695440
1127044384080
2226556011856
1122749416784
2222261044560
1123823158608
2223334786384
1144224253264
2243735881040
1122767227552
2222278855328
1139947096736
2239458724512
1127062194848
2226573822624
1144242064032
2243753691808
2226304616864
1122430912928
1143905749408
2243417377184
1123504654752
2223016282528
1122766457248
2222278085024
1144980522384
2223017313680
1122499069600
2222010697376
1126794036896
2226305664672
1127867778720
2227379406496
1139862160784
2239373788560
2223268709968
2244760585552
1123774121296
2223285749072
1140953990480
2240465618256
1139880248656
2239391876432
1122482014560
2221993642336
1139661883744
2239173511520
1123555756384
2223067384160
1122767505040
2222279132816
1126995084960
1122767226512
2222278854288
1139947095696
2239458723472
2223268727376
1123840968336
1127062193808
1128135935632
1128068041360
2227579669136
2222999226720
2226505681488
1126978586192
2226490213968
1140668515680
2240180143456
1127783613792
2227295241568
1139660834384
2239172462160
1123554707024
2223066334800
1143955801680
2243467429456
2244541171280
1128118109776
1122482013520
2221993641296
1139661882704
2239173510480
1126776980816
1122414119248
2221925747024
1139593988432
2239105616208
1126776212064
2226287839840
1139593726624
2239105354400
1143888693920
1122480966288
2221992594064
1139660835472
2239172463248
1126775933584
2226287561360
1143955802768
2243467430544
1123554708112
2223066335888
1122767227296
2222278855072
1139947096480
2239458724256
1123840969120
2223352596896
1122499069344
2222010697120
2227562629728
1122749401680
1140685572496
1144980539792
2244492167568
1122499070352
2222010698128
1139678939536
2239190567312
1126794037648
2226305665424
1143973906832
1122414922128
2221926549904
2227294471776
1144962713184
2244474340960
1122481243728
2221992871504
1139661112912
2239172740688
1126776211024
2226287838800
1127849952848
2227361580624
1122767504736
2222279132512
1139947373920
2239459001696
1144242341216
2243753968992
1123841246560
2223352874336
1123773089168
2223284716944
2223067384416
2222211745184
2223352595856
1141020837264
2240532465040
1127062193552
2226573821328
1144242062736
2243753690512
1145231935824
2244743563600
1126994299280
2226505927056
1123773073808
2223284701584
1139863225680
2239374853456
2223351827104
1123823142496
2223334770272
2243400320608
1122682291792
2222193919568
1139862160976
1126977259088
2226488886864
1123756033616
2243669822048
2223267661392
1144174168736
2243685796512
1123823405408
2223335033184
1123774121552
2223285749328
1126777260640
2222999487904
1139661113696
2239172741472
1126776211808
2226287839584
1143956080992
2243467708768
2227361581408
1123554986336
2223066614112
1127849953632
1123841247648
2223352875424
1140685572512
2240197200288
2227312298400
1144980539808
2244492167584
1122499070368
2222010698144
2240514639440
1122766456464
2222278084240
1123840198288
1122480966032
2221992593808
1139660835216
2239172462992
1126775933328
2226287561104
1143955802512
2243467430288
1123554707856
2223066335632
1140935902608
2240447530384
2222261290320
1122749401424
2222261029200
1139929270608
2239440898384
1123823143248
2223334771024
2240514640208
1145297979728
2244809607504
1144224515664
2243736143440
1123554985296
2223066613072
2244541449552
1122481243472
2221992871248
2227361580368
1122499054240
2222010682016
1143888692624
1123487597968
2222999225744
1140667467152
2240179094928
1144962434448
2244474062224
2243400320400
1122480981664
2221992609440
1123841231456
2223352859232
1123756033360
2223267661136
1139594774096
2239106401872
1144158176848
2243669804624
1139678922384
2239190550160
1123572795024
2223084422800
1143890020944
2243401648720
1123488926288
2223000554064
1140668795472
2240180423248
1122699347360
2222210975136
1139879216544
2239390844320
1126994314656
2226505942432
1144174183840
1123840198032
2223351825808
1143956850016
1122700379744
2222212007520
1126995347040
2226506974816
1122767488592
2222279116368
1139947357776
2239458985552
1123841230416
2223352858192
1145314755984
2244826383760
1139946064208
2239457691984
1123505441120
2223017068896
1122480982368
2221992610144
1139660851552
2239172479328
1128134904160
2227646531936
2239390583136
1122499053984
2222010681760
1139678923168
2239190550944
1145029559712
2244541187488
1122480981408
2221992609184
1145231918688
2243468478048
1144963483232
1140734839376
2240246467152
1143956064848
2243467692624
1122482013792
2221993641568
1139661882976
2239173510752
1126776981088
2226288608864
1143956850272
1122700397200
2222212024976
1139880266384
2239391894160
1126995364496
2226506992272
1145029806672
2244541434448
1122481228368
2221992856144
1139661097552
2239172725328
1126776195664
2226287823440
1127799342432
2227310970208
1123555755600
2223067383376
1123487861328
1145316067680
2244827695456
2222999489104
1122767489376
1145297995104
2244809622880
2222279117152
1139947358560
1122749416800
2222261044576
1139929285984
2239440913760
1122700134800
2222211762576
1139880003984
2239391631760
1126995102096
2226287576720
1126794021520
2226305649296
1128118109840
2227629737616
1122413856400
2221925484176
1139593725584
2239105353360
1126708823696
2226220451472
1143888692880
2243400320656
1127800653216
2227312280992
1144980522400
1127867762064
2227379389840
1145047631248
2244559259024
1122499052944
1143890020688
2243401648464
2222010680720
1123572794768
2223084422544
1123757099424
2223268727200
1128135952800
2227647580576
2240195889568
1122700134816
1123487860304
1122482031248
2221993659024
1122700379488
2222212007264
1139880248672
2239391876448
1126995346784
2226506974560
1144175215968
2243686843744
1127062455632
2226574083408
1144242324816
2243753952592
1145316066640
2244827694416
1123841230160
2223352857936
1122767488336
2222279116112
1144242063008
2243753690784
1122767226528
2222278854304
1139947095712
2239458723488
1122683357792
2222194985568
1144158194272
1123823405664
2223335033440
1145029806688
2244541434464
2222262094416
1127045433936
2226557061712
1128119175760
2227630803536
1145299044944
2244810672720
2223000290960
1139661097616
2239172725392
1126776194384
2226287822160
2223335032144
2223066334880
1128051000992
2227562628768
1127849674400
2227361302176
1122413856416
2221925484192
1139593725600
2239105353376
1123823142560
1123504653728
2223016281504
1140735624544
2240247252320
2243468477792
1122482013536
2221993641312
1139661882720
2239173510496
1140954007952
1126776980832
1122481228112
2221992855888
1139661097296
2239172725072
1126776195408
2226287823184
1123554969936
1123757098576
2223268726352
1140936967760
1126978324048
2226489951824
1144158193232
2243669821008
1140952942224
2240464570000
1145247909520
1143955802784
2243467430560
1139660835488
2239172463264
2226287561376
1145029544608
2244541172384
1127062209952
2226573837728
2226505943456
1145297980000
2244809607776
1122749401696
2222261029472
1139929270880
2239440898656
1144224238176
2243735865952
1127783631264
2227295259040
1122414922144
2221926549920
1139594791328
2239106419104
2239172740704
1127782827344
2227294455120
1122481243744
2221992871520
1143889758624
2243401386400
1140667467168
2240179094944
1140734576272
2240246204048
1145029543568
2244541171344
1141020837280
1122767226272
2222278854048
1139947095456
1144158194016
2243669821792
1144242062752
1145231935840
2244743563616
1139879201184
2239390828960
1145298240864
2244809868640
1145029806416
2244541434192
1122750466384
2222262094160
1139930335568
2239441963344
1123824208208
2223335835984
1141004077392
2240515705168
1127045433680
2240531679632
1139929269584
2239440897360
1122682291808
2222193919584
1139862160992
2239373788768
1126977259104
2226488886880
2243670067792
1123488909904
2223000537680
1127783877200
2227295504976
1123824454224
2223336082000
1145030855248
1140668777824
2240180405600
1139929269840
2239440897616
1141003011664
1123757081936
2223268709712
1123504391504
2223016019280
1139661900368
2239173528144
1143956867664
1144241031760
2222193936976
1139862178384
2239373806160
1126977276496
2226488904272
1144157145680
1139610519120
2239122146896
1126725617232
1143905486416
1123504391760
2223016019536
1140684260944
2240195888720
1127849690768
2227361318544
1145231918736
2244743546512
1145030592144
2244542219920
1141004060304
2240515688080
1139677629024
2239189256800
1140751370848
2240262998624
1139947113056
2239458740832
1143972596320
1139946325664
2239457953440
1143955802528
2243467430304
1144224237968
2243735865744
1122682309264
2222193937040
1141003012448
2240514640224
1122749401440
2222261029216
1139929270624
2239440898400
1127044368736
2226555996512
1122682570320
1123505440352
2226287838560
1143956079968
2243467707744
1123554985312
1128119421536
2227631049312
1145232181856
2244743809632
1122415168096
2221926795872
1139595037280
2239106665056
2221925483936
1139593725344
2239105353120
2243484224144
1145046338192
2244557965968
1144242080400
2243753708176
1140936968848
2240448596624
1139661900432
2239173528208
1143890003344
2239172461968
1145029543312
2244541171088
1123554706832
1143905470800
2243417098576
2244759275856
2227310971216
2243484207440
1143972579664
1139878938960
2239390566736
1122430634320
2221942262096
2240246467216
1126978325152
2226489952928
1139678677664
2239190305440
1123839937184
2223351564960
1144224254624
2243735882400
2243417115296
1128118371920
2227629999696
1143972596384
2243484224160
2243752658528
2244826400352
2226572789344
1128134903392
2227646531168
1123504391776
2223016019552
1145247663712
2244759291488
1143972595296
2244742497632
2239373788512
1123824452944
2223336080720
1143957112144
1144963745104
2244475372880
1127045678416
2240180143776
1123824191136
2223335818912
1144963483296
2244475111072
1144224236880
2243735864656
2244809606480
1128118109520
1140936166032
2239190550176
1122499053216
2222010680992
1139678922400
1143973889696
2243485517472
1145047631520
2244559259296
1139662162512
2239173790288
2226288888400
1143957129808
1127851002448
2227362630224
1145030871632
2223067662928
2243468757584
1122482293328
1140668517008
2240180144784
1127783615120
2227295242896
1144963484304
2244475112080
1128135951776
2227647579552
1128068057504
2227579685280
2239458985568
2226574083680
1144242325088
1123841230432
2223352858208
1122682309008
2222193936784
1123756050832
2223267678608
2243753690528
1144174168480
2243685796256
1140684245344
2223083112800
1144979212640
2244490840416
1128134887776
2227646515552
1123504376160
2223016003936
1140952680800
2243417115216
1126725618256
2226237246032
2226221778512
1143905487440
1127783892560
2227295520336
1144963761744
2244475389520
1139595052624
2239106680400
1126994314640
2226505942416
2226288609888
2223067645280
1128052311392
2227563939168
1127850984800
2227362612576
1122415166816
2221926794592
1139595036000
2239106663776
1145298242208
2244809869984
1122414119584
2221925747360
1139593988768
1123756296864
1123554970272
2223066598048
1139880266400
2239391894176
1140954008224
2240465636000
1145316084368
2244827712144
1122767506064
2222279133840
1139947375248
2239459003024
1144242342544
2243753970320
1122481228384
2221992856160
1139661097568
2239172725344
2227562628688
1145248712272
2244760340048
1122682553744
2222194181520
1128118371728
2227629999504
1145231132048
2244742759824
2240179357072
1139593987472
1123841246608
2223352874384
2243736143184
1139678922144
2239190549920
1140752663968
2240264291744
1127783893344
1143973889440
2243485517216
1144224237136
2243735864912
1127851002192
2227362629968
2221993920848
1126777260368
1144157128080
1143957129552
1140667729504
2240179357280
1127782827616
2227294455392
1144962696800
2244474324576
1143956867744
2243468495520
1145030609568
2244542237344
1127849936464
1145029805648
2244541433424
1122481227344
2221992855120
1139661096528
2239172724304
1126776194640
1140734838352
2240246466128
1127799359056
1122767488352
2222279116128
1139947357536
2221993904720
2239458985312
1144242324832
2243753952608
1123841230176
2239374838096
1144158177616
2243669805392
1144225303136
1141020052128
2240531679904
2240195889488
2243401647440
1140668794192
2240180421968
2243417114960
1144979229008
2244490856784
1144963761488
2244475389264
1145248696656
2244760324432
1122498791760
2222010419536
1126793759056
1139661899408
2239173527184
1143956866704
2243468494480
1140735641232
2240247269008
1145030608528
2244542236304
1145046338208
2244557965984
1139678676576
2239190304352
1126994315856
2226505943632
1144174185040
1123756295584
2223267923360
1144157390240
2243669018016
1145231132064
2244742759840
1145232181904
2244743809680
1122415168144
2221926795920
1139595037328
2239106665104
1128136214928
2227647842704
1139947374992
2239459002768
1127849937248
2227361565024
1127062473104
2226574100880
1122481228128
2221992855904
1139661097312
2239172725088
1143956064608
2243467692384
1122683356768
2222194984544
1122699331232
2222210959008
1139879200416
2239390828192
1126994298528
2226505926304
1144174167712
1122750465616
2222262093392
1139930334800
1141004076624
2240515704400
1144225302096
2243736929872
1128135149200
2227646776976
1140936182352
2240447810128
2243669035600
1140751369872
2240262997648
1122430650000
2221942277776
1139610519184
2239122146960
1141020050768
2240531678544
1128069105040
2227580732816
1143956079952
2243467707728
1126994314576
2226505942352
1123841246544
1122481227088
2221992854864
1139661096272
2239172724048
1140734838096
2240246465872
1127849936208
2227361563984
1145029805392
1145315804576
2244827432352
1145247910304
2244759538080
1140734576288
2240246204064
2227647564128
1139611552096
2239123179872
1122499069280
2222010697056
1126794036576
2226305664352
1145046599008
2244558226784
1122766457440
2222278085216
1123840199264
2223351827040
1128068056464
2227579684240
1127850723936
2227362351712
1122750466400
2222262094176
1139930335584
2239441963360
1127045433696
2226557061472
1144225302880
2243736930656
1123824208224
2223335836000
1128135149984
2227646777760
1145299044688
2244810672464
1123824454304
2223336082080
1127850986144
2227362613920
1144963746464
2244475374240
1122415168160
2221926795936
1140935902864
2240447530640
2240514639456
1141003011680
2243685795216
1123571485072
1126792710544
2226304338320
1140684245392
2240195873168
1144979212688
2244490840464
1127061146000
1145230870112
1139594004880
2239105632656
1126709102992
2226220730768
1143888972176
2243400599952
1123487877520
1140684522832
2240196150608
1143905748304
2243417376080
2227311248720
1122430650016
2221942277792
1144963746384
2244475374160
1122415168080
2221926795856
1139595037264
2239106665040
1143890004560
2243401632336
1123504653712
2223016281488
1145316083088
2223335048592
1122415166864
2221926794640
1139595036048
2239106663824
2226221499792
2222261029456
1127782827424
1122683356512
2222194984288
1139863225696
1126978323808
2226489951584
1128068040096
2227579667872
1122699330976
2222210958752
1126994298272
2226505926048
1144174167456
1140952941984
1127045432656
2226557060432
1144225301840
1128119174480
2227630802256
1145299043664
2244810671440
1122750465360
1127061407120
2239374068048
1126977538384
2226489166160
1128051280208
2227562907984
1145248974240
2244760602016
1122415183264
2221926811040
1139595052448
2239106680224
1143890019744
2243401647520
2239373806240
1123756051104
2223267678880
1140935920288
1122749418128
2222261045904
1139929287312
2239440915088
1144224254608
2243735882384
1123823159952
2223334787728
2244827695776
2222195231056
1122498807120
2222010434896
1122430634576
2221942262352
2226555995808
1127849674144
2227361301920
1127061146016
2226572773792
1122766178720
1123772811680
1126995348112
2222193936016
1139862177424
2239373805200
1126977275536
2226488903312
1144157144720
1122766456160
2222278083936
1139946325344
2239457953120
1144241292640
2243752920416
1128136215120
2227647842896
1123505703504
2223017331280
1145316084304
1123488908704
2223000536480
1122750711200
2222262338976
1139930580384
1127783876000
2227295503776
2227631048096
1122749400416
2222261028192
1139929269600
2239440897376
1144224236896
2243735864672
1123823142240
2223334770016
1122682554016
2222194181792
1127783876944
2227295504720
1144963746128
2244475373904
1122415167824
2221926795600
1139595037008
2239106664784
1126710135120
2226221762896
1122482293344
2221993921120
2226221501088
1127783615136
2227295242912
1139594775200
2239106402976
1144174970512
2243686598288
2227362351760
2227629754720
1139862178208
1145230887328
2244742515104
2239373805984
1126977276320
2226488904096
1144157145504
1123572811168
2223084438944
1128118126992
2227629754768
1122749417872
2222261045648
1139929287056
2239440914832
1127044385168
2226556012944
1144224254352
2243735882128
1128052050528
2227563678304
1144158177888
2243669805664
1122750450256
2222262078032
1127045417552
2226557045328
1144225286736
2243736914512
1141004061264
2240515689040
1128119159376
2227630787152
1143905487456
2243417115232
1123504392800
2223016020576
2227310987872
1140684261984
2226221778528
1143890019936
1143888692640
2243400320416
2243401647712
2226304354896
1127866468944
2227378096720
1122497759824
2222009387600
1139677629008
1143972596304
2223067661904
1127851001424
1145315822240
1127062473312
2226574101088
1126995364448
2226506992224
1144175233632
2243686861408
1128136215136
2227647842912
1127867763088
2227379390864
1122767226256
2222278854032
1122682308944
2222193936720
1139862178128
2239373805904
1126977276240
2226488904016
2223352875680
2244742497888
2243467429264
1122766456400
1123840198224
2223351826000
2243737192016
1128068056656
2227579684432
2223352874320
2244760601936
1122767504720
1140685309600
2240196937376
1122700134048
2222211761824
1139880003232
1126995101344
2226506729120
2222210976400
2227294455200
1127783613840
1140735903328
2240247531104
1123554985552
1127851002208
2227362629984
1140668516768
2240180144544
1123841246864
2223352874640
1126776194656
2226287822432
1128136214160
2227647841936
1126776981904
2226288609680
1122481227360
2221992855136
2223016004176
1123757082976
2223268710752
1123824470624
2223336098400
1126775949664
2226287577440
1128118388368
1127045417296
2226557045072
1127799359840
1140684261728
1127783892320
2227295520096
1144963761504
2244475389280
2227310987616
2243485256096
1123572533664
2223084161440
1123773860256
1127851001168
2227362628944
1127866468688
1140735903056
2240247530832
1123556033872
1128051279520
2227562907296
1139947374240
2239459002016
1126776211104
2226287838880
1144963761824
1145316083040
2244827710816
2240179374752
1127782845088
2227294472864
1144962714272
2244474342048
2244826663584
1122699348640
2222210976416
1139879217824
2239390845600
1143956064912
2243467692688
2239172741776
1126776212112
2226287839888
1143956081296
2243467709072
1123554986640
2223066614416
1122766195280
1122767505824
2222279133600
1128136214944
2227647842720
1122750465632
2222262093408
1123824207456
2223335835232
1127045432928
2226557060704
1128119174752
1128051280480
2227562908256
1123756295840
2223267923616
1145315034512
2244826662288
1122430649680
1144979227984
2244490855760
2221942277456
1139594004112
2239105631888
1126709102224
2226220730000
1140667745936
2240179373712
1127782844048
2227294471824
1139880265120
2239391892896
1144175232416
2243686860192
2244827710864
1122767504784
2222279132560
1139947373968
2239459001744
1123554968928
2223066596704
1144242341264
1122481227104
2221992854880
1139661096288
2239172724064
1126776194400
2226287822176
1126977537616
2226489165392
1144157406800
2243669034576
1128051279440
2227562907216
1145231148624
2244742776400
1144962434464
2244474062240
2223268727120
1144963745120
2244475372896
2223066614160
1127849953680
2227361581456
1143890004576
2243401632352
1123488909920
2223000537696
1140668779104
2240180406880
1122482276944
1140685572752
2240197200528
2227630802528
1122750465376
2222262093152
1139930334560
2239441962336
1127045432672
2226557060448
1144225301856
2243736929632
1123756312928
2223267940704
1139862440288
1126977538400
2226489166176
1128051280224
2227562908000
2239374050640
2222261045920
1123823159968
2223334787744
1122749418144
2223267677856
1127782843792
2227294471568
2244474340752
1139610503760
1123504376400
1143890003536
1122482030944
2221993658720
1128119175520
1123774122656
2223285750432
1139880250016
2239391877792
2222193936032
1139862177440
1126977275552
2226488903328
1123756050080
1123841231504
2223352859280
1122767489680
2222279117456
1143906798240
2243418426016
1123505703584
2223017331360
1123841247904
1127849691536
2243467446672
2223351564880
2223016019600
1140668778848
2240180406624
1127783876960
2227295504736
1144963746144
2244475373920
1122431960464
2221943588240
1139611829648
2239123457424
1143906796944
2243418424720
1122700379792
2222212007568
1127850724000
2240263260560
2227362351776
1141019788704
2240531416480
1143905749664
1122749417888
1127044385184
2226556012960
1144224254368
2243735882144
1123823159712
2223334787488
1128118127008
2227629754784
1122750450272
2222262078048
1139930319456
2239441947232
1127045417568
2226557045344
1144225286752
2243736914528
1139862177104
2239373804880
1141021099360
2240532727136
1139610503504
2223016003920
1123571501664
1122415166800
2221926794576
1139595035984
2239106663760
1143890003280
2243401631056
1123488908624
2223000536400
1122482292320
2221993920096
1122482013840
2221993641616
1126776981136
2226288608912
1145297996192
2244809623968
2222999243168
1140667484576
1128136214112
2227647841888
1145297978704
1128051017120
2227562644896
1122767489424
2222279117200
2244809622928
1127044384144
2226556011920
1144224253328
2243735881104
1122749416848
2222261044624
2244743546464
1143906796960
2243418424736
1123505702304
2223017330080
1145299027536
2244810655312
1127866467920
1122497758800
2222009386576
1139677627984
2239189255760
1126792726096
2226304353872
1123571500624
2223083128400
1123556018512
2223067646288
1140936164688
2240447792464
2227580716432
1139661883808
2239173511584
1144242324880
2243753952656
1126978325136
1126777244240
2221943589216
1122750450016
2222262077792
1139930319200
2239441946976
1144225286496
2243736914272
1123824191840
2223335819616
1122481244832
2221992872608
1126776212128
1128119175568
2227630803344
1127045416272
2226557044048
1122750448976
1139930318160
2239441945936
1140684260704
2240195888480
1144979228000
2244490855776
1145297980048
2244809607824
1122749401744
2222261029520
1139929270928
2239440898704
1144224238224
2243735866000
1123487876768
2222999504544
1122481243792
2221992871568
1139661112976
2239172740752
1126776211088
2226287838864
1143956080272
1145316083104
2244827710880
1122767504800
2222279132576
1139947373984
2239459001760
1144242341280
2243753969056
1139610503776
2239122131552
1122414118480
2221925746256
1139593987664
2239105615440
1126709085776
2226220713552
2239441176144
1145230870160
2244742497936
2243418163792
1128052066720
2227563694496
1127850740128
2227362367904
2239441963424
1140668533152
2240180160928
1127849953888
2227361581664
2226573034912
2239172741536
1126776211872
2226287839648
1143956081056
2243467708832
1123554986400
2223066614176
1127044368976
2226555996752
1123556034144
2223067661920
2223083129440
2244809607568
1145297979792
1122749401488
2222261029264
1139929270672
2239440898448
1127044368784
2226555996560
1145298241120
2244809868896
2223066613136
2239172740496
1127849952656
2227361580432
1126776210832
2226287838608
2243417098848
1144979212896
2244490840672
1143905471072
1123571485264
2223083113040
1122482275920
1127850986064
1123505703264
1122682570080
2222194197856
1139862439264
2239374067040
1126977537376
2226489165152
1127044646224
2226556274000
1144242326176
2243753953952
1145316068000
1144963762832
2244475390608
1140735887712
2240247515488
1145030855008
2244542482784
1145248958112
2244760585888
1144175216288
2243686844064
1144242325136
2243753952912
1145316066960
2244827694736
1139863489104
1144979212880
2244490840656
1128134888016
2227646515792
1139677612624
2239189240400
1143890003296
2243401631072
1123488908640
2226288888144
1140954007888
2240465635664
1126995364176
2226506991952
1145248975184
1123756312912
2223267940688
1126978569808
2226490197584
2244542481744
1145030853968
2243468739920
1122482013856
2221993641632
1126776981152
2226288608928
2239390845280
1140734855520
2240246483296
1127061424480
1140734839440
1128119174496
2227630802272
1144224253344
2243735881120
1145297995168
2244809622944
1122749416864
2222261044640
1141004060256
2240515688032
1122750449248
2222262077024
1139930318432
2239441946208
1127045416544
2226557044320
1144225285728
2243736913504
1143905469776
1123504375120
2243484223072
1145046337120
2244557964896
2223016002896
1140684244304
2244490839376
1145029544352
2244541172128
1128118110800
2227629738576
1123772811872
2223284439648
1144241015392
2243752643168
1145029822864
2244541450640
1123823158672
2223334786448
1140953990560
2240465618336
1145248957856
2244760585632
1139880248736
2239391876512
1139947357584
1145316066704
2244827694480
1123774138784
2223285766560
1127850985056
2227362612832
1128119420512
2227631048288
2243669822112
1145231936160
2244743563936
1128052066976
2227563694752
1139862423120
2239374050896
1145299045008
2244810672784
2222194181712
1144241014096
2243752641872
1123772810576
2223284438352
2243417097552
1122430633296
2221942261072
1144979211600
1127799343696
2227310971472
1145298241168
2244809868944
1140667729552
2240179357328
1127782827664
2227294455440
1144962696848
2244474324624
1122682554000
2222194181776
1139661882784
2239173510560
1127782828448
1140734839184
2240246466960
1122683356816
2222194984592
1139863226000
2239374853776
1126978324112
2226489951888
1144158193296
2243669821072
1123756296544
2223267924320
1128118372688
2227630000464
1145046336864
2244557964640
1128051263136
1122749401760
2222261029536
1139929270944
2239440898720
1144224238240
2243735866016
1123823143584
2239459002720
2226220713360
1139661112992
2239172740768
1143956080288
1128119159120
2227630786896
2243467708064
1144241014176
2243752641952
1145247647072
2244759274848
1145314755936
2244826383712
2227579405664
1122430633312
2227312020048
1122498792016
2222010419792
2222278870608
1145231935904
1143956063904
2243467691680
1145029805728
2244541433504
1145298241184
2244809868960
2223284716960
2244810672528
1122682291872
2222193919648
1126977259168
2226488886944
1123823142544
2223334770320
2223084178000
1128135935376
2227647563152
1145231133024
2244742760800
1139862440272
1144158193040
2243669820816
2243736930912
1144242342480
2243753970256
1123841247824
2223352875600
2221943326288
1139611567696
2239123195472
1126726665808
2226238293584
1140953729632
2240465357408
1145248696928
2244760324704
1128051000912
1122767506016
2222279133792
1123841247840
2223352875616
1144225565280
2243737193056
1145299307104
2244810934880
1141003012512
2240514640288
1122749401504
2222261029280
1139929270688
1127044368800
2226555996576
2223334771104
1128069089952
2227580717728
1126792710752
2226304338528
1127866452576
2227378080352
1139677612640
2239189240416
1140751354464
2240262982240
1139879986512
2239391614288
1122498790736
2222010418512
1139947095376
1123505423696
2223017051472
1123839920784
2223351548560
1144979212944
2244490840720
1127061146256
2239390567056
2239189240464
1140751354512
1145297980064
2244809607840
2244541449888
2222278084176
1126994314832
1145247925840
2244759553616
2226505942608
1122699347536
2222210975312
1123504653904
1123773089360
2223284717136
1128051000736
2227562628512
1143906798224
2243418426000
1123505703568
2223017331344
1128052311696
2227563939472
2244542482064
1145232180880
2244743808656
1141003011472
2240514639248
1145297978768
2244809606544
1122749400464
2222261028240
1139929269648
2239440897424
1145030871712
2244542499488
2239374068384
2221926812320
1139595053728
2239106681504
2244542483024
1140735904400
2240247532176
2227631064656
2240515688096
2243735881056
1122767488672
2222279116448
2239375116896
1126978587232
2226490215008
1123757361760
2223268989536
1139930597968
2239442225744
1144225565264
2243737193040
1128119437904
2227631065680
1145299307088
2244810934864
1144980276560
2244491904336
1122683341456
2222194969232
1139863210640
2239374838416
1122767226208
2222278853984
1139947095392
2239458723168
1127062193504
2226573821280
1144242062688
2243753690464
1122766440784
2222278068560
1123840182608
2223351810384
1141020051792
2240531679568
1127061408080
2226573035856
1122766178976
2222277806752
1139946048160
1140952681120
2240464308896
1144241015456
2243752643232
1144979229328
2244490857104
2227310987920
1127783892624
2227295520400
1140684262032
1140668794512
2240180422288
1122430912096
2221942539872
1123840984656
2223352612432
1140751354208
2244827694432
1145316066656
1144241014160
2243752641936
2243753970272
1144242342496
1145029806752
2240464569760
2221942261088
1139610502496
2239122130272
1143905469792
2243417097568
1123504375136
2223016002912
1140751353168
2240262980944
1127866451280
2227378079056
1140952942944
2240464570720
1140751616352
2240263244128
1122766440800
2222278068576
1139946309984
2239457937760
1127061408096
2226573035872
1126725601616
2226237229392
1122481227408
2221992855184
1139661096592
2239172724368
1126776194704
2226287822480
1143956063888
2243467691664
1126777259616
2226288887392
1122767488416
2222279116192
1126978586976
2226490214752
1145231131984
2244742759760
1141004339536
2226557323600
1145297996368
2244809624144
1122749418064
2222261045840
1144979211680
2244490839456
1144173905312
2243685533088
1122766177696
2222277805472
1145299044752
1123504392592
1144963761552
2244475389328
1141020837200
1144242062672
2243753690448
2239458723152
1128135936656
2227647564432
1122767227536
2222278855312
2226238278224
1127800392272
1141003029136
2240514656912
1126726928736
2226238556512
2244492166736
1139880265296
2223268988240
1127849937312
2227361565088
1126978324128
1128119174800
2227630802576
1144157407888
2243669035664
1128067777936
2227579405712
1122699068816
2222210696592
1123504375184
2223016002960
2223336080800
1122682309216
2222193936992
1139862178400
2239373806176
1126977276512
2226488904288
1122749418080
1145029805456
2244541433232
2243467691408
1143956063632
2243417097632
2244558996896
1143906518432
2243418146208
1123505423776
2223017051552
1126995347792
1122700380496
2222212008272
1122700118688
2222211746464
1126995085984
2226506713760
1127867501216
1145314773664
2244826401440
1123823158624
2223334786400
2222277805456
1122766177680
2239374050656
1143955817808
2243467445584
1140935918928
1144174953872
2243686581648
1145248695696
2244760323472
1122700117392
1123840968080
1127867517536
2227379145312
1122699347600
2222210975376
1139879216784
2239390844560
1123773089424
2223284717200
1143890004624
2243401632400
1123488909968
2223000537744
1140668779152
2240180406928
1144963746448
2244475374224
1126978323872
2226489951648
1143956063568
1141004076432
2240515704208
1127849690784
2227361318560
1123756312976
2223267940752
1140936182160
2240447809936
1126978570832
2226490198608
1139611567712
2239123195488
1126726665824
2226238293600
1143906535008
2243418162784
1143888708960
2243400336736
1123487614304
2222999242080
1127800391072
1122498005392
2222009633168
1139677874576
2239189502352
1126792972688
2226304600464
2243685811872
1145247925920
2244759553696
1123823143568
2223334771344
2223000537488
2222262356576
1123505440096
1127045433952
2226557061728
1128119175776
2227630803552
1139661900384
2239173528160
2227379144016
1143905733024
2243417360800
1123504638368
2223016266144
1122498005408
2222009633184
1128119159440
2227630787216
1139678659984
1123504392864
2223016020640
1123571501712
2223083129488
1127851001488
2227362629264
1123774121312
2244475127120
1140668532048
2240180159824
1143889757520
2243401385296
1140667484816
2240179112592
2222277823056
2226505664144
1122766177936
2222277805712
1126725617296
2226237245072
1143905486480
2243417114256
2227646514848
2227579422288
1123554969248
2223066597024
1127849936544
2227361564320
2226287822496
2244475127136
1128052065632
2227563693408
1127850739040
1145297996448
2244809624224
1123487615648
2222999243424
1140667484832
1143955817872
2243467445648
1123487614352
2222999242128
1140667483536
2240179111312
2243400336784
1144962450832
1122750727504
1123824469328
2223336097104
1123488925008
2223000552784
1145247925600
2244759553376
1128119436640
2227631064416
1122415183248
2221926811024
1139595052432
2239106680208
1143890019728
2243401647504
1123488925072
2223000552848
1127851001248
2227362629024
1140667746656
2240179374432
1127782844768
2227294472544
1144962713952
2244559013456
2227294209632
1144962451040
2244474078816
1144979490448
2244491118224
1144173921952
2243685549728
2244810671776
1140667483552
2240179111328
1144962450848
2244474078624
1140735642256
2240247270032
2240180161168
1144963500688
2244475128464
1122683357840
2222194985616
1143906519392
2243418147168
1139595037344
2239106665120
1122430634640
2221942262416
1139610503824
2239122131600
1143905471120
2243417098896
1123504376464
2223016004240
1128119175840
2227630803616
1144158194336
1122430912080
2221942539856
1123555771792
1143889757584
2243401385360
1123488662928
2223000290704
2223067399568
1122766457168
1139946326352
2239457954128
1127061162336
2226572790112
1139611568480
2239123196256
1126726666592
2226238294368
1143906535776
2243418163552
2221926795680
1139595037088
2239106664864
1126710135200
2226221762976
1143890004384
1144979491232
2244491119008
1145299290448
2244810918224
2240515689120
1144175233616
2243686861392
1128069106256
2227580734032
1128134904416
2227646532192
2244542498464
1145299307152
2244810934928
1144173922960
1144980540048
2244492167824
1122415184544
1122766195360
2222277823136
1127045434016
2226557061792
1123757098400
2223268726176
1141004076448
2240515704224
1122683356576
2222194984352
1139863225760
2239374853536
1145314773600
2244826401376
1140936182176
2240447809952
1140734855584
2240246483360
2244474341792
1122481244576
2221992872352
1145030870432
2244542498208
1122767489696
2222279117472
1145299305824
2244810933600
1122430649760
2221942277536
1139610518944
2239122146720
1143905486240
1144979228064
2244490855840
2226237228624
2244826400080
1145299306896
2244810934672
1123556034960
2223067662736
2243468741280
1145030855328
2244542483104
1145314756192
2244826383968
2227378079328
1145298258336
1144225548896
2243737176672
1145299290720
2244810918496
2226505927328
1140751632992
2240263260768
1139594773904
1143905471136
2243417098912
1144979212960
2244490840736
1122430634656
2221942262432
2240262982288
1145030854288
2223267661200
1139946048080
2239457675856
1144241015376
2243752643152
1145314757200
2244826384976
1143972857424
2243484485200
2244558227024
1145046599248
1140937230992
2240448858768
1140953728592
2240465356368
1139878939024
1140734577040
2240246204816
1123772811664
2223284439440
1141004061072
2240515688848
1122415166880
2221926794656
1139595036064
2239106663840
1140751354256
2240262982032
1145046321568
2244557949344
2243685534112
2226557306192
1144225547600
1141004060320
1128051264160
2227562891936
2243668773280
1123773859424
2223285487200
1144979211616
2244490839392
1122766441056
2222278068832
1139946310240
2239457938016
1127061408352
2226573036128
1144241277536
2243752905312
1140952680096
2240464307872
1143905471056
2243417098832
1123823143504
2226238556496
2226238294688
1123487597984
2222999225760
1122766178960
2222277806736
1123773072736
2223284700512
1122749400400
2222261028176
1122431698576
2221943326352
1126793759392
2226305387168
1139878939296
1122767489616
2222279117392
1123841231440
2223352859216
2223000536416
2240532466336
1126977275472
2226488903248
1144157144656
2243668772432
1145230886480
1123487614544
2222999242320
1145297996176
2244809623952
1145314757216
2244826384992
1123839920736
2223351548512
1144242326112
2243753953888
1145316067936
2244827695712
1122767489632
2222279117408
1123505685840
2223017313616
1145248957776
1127866729824
2227378357600
1123504375200
2223016002976
1144979475104
2244491102880
1123823142224
2223334770000
1123839919440
2223351547216
2226573034896
1122431961696
2221943589472
1139611830880
2239123458656
1143906798176
2243418425952
1123505703520
2223017331296
2244492150096
1122431944016
2221943571792
1145299289440
2244810917216
1140685555040
2240197182816
1144980522336
2244492150112
1145316067984
2244827695760
1140685556368
2240197184144
1144980523664
2244492151440
1122750711184
2222262338960
1123824453008
2223336080784
1122431961440
1128119159136
2227630786912
1143906796880
2243418424656
1144980538704
2244492166480
1144175217312
2243686845088
1145248959136
2244760586912
1122431944080
2221943571856
1139611813264
2239123441040
1143906780560
2243418408336
1123505685904
2221925501536
1139593742944
2239105370720
1143888710240
2243400338016
1123487615584
1122750728864
2222262356640
1123824470608
2223336098384
1123841230240
2223352858016
1143906780576
2243418408352
1123505685920
2223017313696
1128135149136
2227646776912
2221943573072
1144241031824
2243752659600
1145314773648
2244826401424
1140668795488
2240180423264
1144963762784
2244475390560
1144157390496
2243669018272
1122430895776
2221942523552
1126725863072
2221926810960
1139595052368
2239106680144
1143890019664
1144962450768
2244474078544
1123841247888
2223352875664
1145232196960
2244743824736
1123488925024
2223000552800
1145046582880
1128069104976
1122431960416
2221943588192
1139611829600
2239123457376
1143906796896
2243418424672
1123505702240
2223017330016
1145299290768
2244810918544
1123824470672
2223336098448
1140668795536
2240180423312
2243753969040
