366499611728
728350869664
366835419232
641713326176
435554895968
710432802912
384015288416
658893195360
452734765152
727612672096
371130386528
646008293472
372138084512
711187530896
647015991456
440857561248
715735468192
389383735376
664261642320
371868321872
646746228816
440587798608
715465705552
389048191056
372136757328
647014664272
388242884688
456710965328
731588872272
389132338272
664010245216
457851815008
732729721952
658894242896
452735812688
646763283616
711523059872
383763645520
658641552464
452483122256
727361029200
645959010464
439514317984
714392224928
387974710432
662852617376
456694187168
731572094112
384771311712
659649218656
453490788448
728368695392
370861950096
645739857040
439581426832
714459333776
388041819280
662919726224
456761296016
731639202960
389115561104
663993468048
439581426848
384821642384
659699549328
453541119120
728419026064
384837109904
659715016848
658575475792
452417045584
727294952528
366786135120
641664042064
435505611856
710383518800
383966004304
658843911248
452685481040
452415734928
372220642384
440940119120
388059399328
663927424144
663942891664
731857044576
732982428768
732997896288
384031819936
658909726880
452751296672
727629203616
732729738336
728368711776
367640463456
642518370400
436359940192
711237847136
372205193360
647083100304
440924670096
715802577040
371064341648
645942248592
439783818384
714661725328
371079809168
645957716112
439799285904
714677192848
440856496224
452482861152
366768309344
641646216288
435487786080
710365693024
383948178528
658826085472
452667655264
727545562208
371063276640
645941183584
372220658848
647098565792
440940135584
715818042528
663926098000
732645574736
371130385488
646008292432
439849862224
714727769168
388310254672
663188161616
457029731408
731907638352
389383996496
664261903440
367859632288
642737539232
436579109024
711457015968
384838420560
659716327504
453557897296
728435804240
714660399264
383697568848
388242901088
663120808032
456962377824
731840284768
715533093024
642469087392
727630514272
383697307728
658575214672
452416784464
727294691408
370812405840
645690312784
659648956496
439531882576
714409789520
387992275024
388311304336
388058613904
662936520848
456778090640
731655997584
388326769824
663204676768
457046246560
731924153504
728434509968
384838437024
659716343968
453557913760
383965743264
658843650208
452685220000
727563126944
728435820704
367858828368
642736735312
436578305104
372221969504
647099876448
440941446240
715819353184
366566720592
641444627536
435286197328
710164104272
370861967456
645739874400
439581444192
714459351136
458053142672
456761034896
440588847248
371886426256
646764333200
440605902992
715483809936
458121054304
372154582176
367926741136
642804648080
436646217872
711524124816
647032489120
440874058912
731571832928
367573354592
642451261536
436292831328
711170738272
384753223776
659631130720
453472700512
728350607456
371868321888
366769112224
641647019168
435488588960
367858844832
642736751776
436578321568
711456228512
366836221072
641714128016
435555697808
710433604752
384016090256
658893997200
452735566992
727613473936
371131188368
646009095312
732662351008
389049518176
663927425120
366768326800
641646233744
435487803536
710365710480
383948195984
658826102928
452667672720
727545579664
371063294096
645941201040
645757682848
731841595552
385089833056
659967740000
453809309792
728687216736
389115316368
663993223312
457834793104
732712700048
387992537232
662870444176
456712013968
731589920912
366517699680
641395606624
435237176416
710115083360
383697568864
658575475808
452417045600
727294952544
370812666976
645690573920
389133386912
664011293856
371885377696
385105807520
659983714464
453825284256
728703191200
384754287776
659632194720
727562339488
453473764512
728351671456
663204939872
372221691024
647099597968
440941167760
372153796752
647031703696
440873273488
715751180432
710180898912
439581165712
714459072656
367925953680
642803860624
436645430416
711523337360
389116627024
663994533968
456710719568
731588626512
662869149776
387975775312
662853682256
456695252048
731573158992
367641512096
642519419040
436360988832
711238895776
389384782944
664262689888
458104259680
732982166624
389132092512
664009999456
457851569248
732729476192
727545579600
452667672656
383948195920
658826102864
728351672480
663121070240
385089045600
659966952544
453808522336
728686429280
384771065952
659648972896
453490542688
728368449632
440671945872
715549852816
366583760016
641461666960
435303236752
710181143696
383763629200
366852195472
641730102416
435571672208
389049239696
384821396624
659699303568
453540873360
728418780304
384753502352
659631409296
453472979088
728350886032
388243949728
456963426464
731841333408
647014941776
370862999632
645740906576
647098550416
385021658272
659899565216
453741135008
728619041952
728637146208
439597941856
714475848800
458104522848
456963671136
456979138656
457851832416
366835156128
641713063072
367859877008
642737783952
436579353744
711457260688
435554632864
710432539808
384015025312
658892932256
370863016096
645740923040
439582492832
714460399776
367640724640
642518631584
436360201376
711238108320
366584563808
641462470752
435304040544
710181947488
383764432992
658642339936
452483909728
727361816672
370879531104
389066015840
663943922784
457785492576
732663399520
731908425888
383697323088
658575230032
452416799824
727294706768
457834776656
731655735456
715483547808
711440500896
385022968928
659900875872
453742445664
728620352608
384770278496
659648185440
453489755232
728367662176
385038436448
659916343392
389048452240
388311058576
663188965520
457030535312
731908442256
370795890832
645673797776
439515367568
714393274512
387975760016
662853666960
456695236752
731573143696
367574665360
642452572304
440874337440
371952208032
435554650272
389384013984
732930787472
388243162272
663121069216
456962639008
731840545952
389064983712
732915337312
367657502816
642535409760
436376979552
711254886496
453473748064
439849863328
714727770272
371064064080
645941971024
439783540816
714661447760
388243933264
663121840208
731841316944
388311042128
663188949072
366769358928
641647265872
435488835664
383949228112
440655971408
715533878352
367657518160
642535425104
389115577424
663993484368
367591457872
642469364816
436310934608
711188841552
453825022032
452416799840
727294706784
370812421216
645690328160
439531897952
366499628128
641377535072
435219104864
710097011808
383679497312
658557404256
452398974048
727276880992
370794595424
367658304592
642536211536
436377781328
711255688272
384838173776
659716080720
453557650512
728435557456
439599006800
714476913744
366516651168
731588888656
453489756240
728367663184
457784723536
366516668496
641394575440
435236145232
710114052176
383696537680
658574444624
388310271120
663188178064
457029747856
457768977568
457784445088
453741398176
366499628176
641377535120
659647906960
435219104912
710097011856
383679497360
658557404304
452398974096
727276881040
370794595472
664011048096
457852617888
732730524832
389065246880
366499628192
641377535136
435219104928
710097011872
383679497376
658557404320
452398974112
727276881056
370794595488
645672502432
385090094240
659968001184
453809570976
728687477920
385105561760
732663661664
659983468704
452684186784
727562093728
715532813408
440655186080
387975496848
372138083472
647015990416
440857560208
715735467152
372153550992
440873027728
715750934672
436578044000
370879513760
645757420704
439598990496
710449318048
710181160096
389316642912
664194549856
458036119648
732914026592
385106872416
659984779360
453826349152
728704256096
727563404384
389385046160
664262953104
458104522896
732982429840
389132355728
664010262672
457851832464
388259661968
663137568912
456979138704
731857045648
732729739408
456712013984
389400511648
664278418592
458119988384
732997895328
436645430432
385039485088
659917392032
453758961824
728636868768
384771327136
659649234080
732982167648
728368710816
371935709280
732714009696
663943136352
371063015520
645940922464
439782492256
714660399200
732729477216
646813616224
440655186016
663205742688
366853245024
641731151968
435572721760
710450628704
645756635280
714476112016
452467132512
371885098080
366500661344
367859631248
642737538192
436579107984
711457014928
641378568288
435220138080
710098045024
383680530528
658558437472
458103228496
732981135440
388260972624
663138879568
456980449360
731858356304
367658551456
642536458400
436378028192
367640478880
642518385824
436359955616
366583497824
641461404768
435302974560
710180881504
383763367008
658641273952
452482843744
727360750688
370878465120
645756372064
389401822304
664279729248
458121299040
732999205984
388041820256
662919727200
456761296992
731639203936
366568048800
646746491040
641445955744
435287525536
710165432480
383747917984
658625824928
385022723168
659900630112
453742199904
728620106848
389066279056
663944186000
457785755792
732663662736
385106593936
659984500880
453826070672
728703977616
384838435984
659716342928
453557912720
728435819664
731657028752
388260989088
663138896032
456980465824
731858372768
385038697632
659916604576
453758174368
728636081312
728434754656
383746589856
658624496800
452466066592
371869632608
646747539552
440589109344
715467016288
367909947488
642787854432
436629424224
711507331168
367641789536
642519696480
436361266272
711239173216
367657257056
642535164000
436376733792
711254640736
371935430800
387974449296
662852356240
456693926032
370794579088
645672486032
711170738320
366836484192
641714391136
435555960928
710433867872
384016353376
658894260320
452735830112
727613737056
371131451488
388327819424
715801249872
371130140832
366769096864
641647003808
435488573600
371868599376
646746506320
440588076112
715465983056
389048468560
663926375504
457767945296
732645852240
440856511568
715734418512
389049517136
663927424080
389064984656
663942891600
457768993872
367574402208
436293878944
711171785888
366836205712
641714112656
435555682448
710433589392
384016074896
658893981840
452735551632
727613458576
371131173008
385089832016
659967738960
453809308752
728687215696
385021937744
659899844688
453741414480
457030779984
710113790112
383696275616
658574182560
439515382944
387975775392
662853682336
456695252128
367574680736
642452587680
436294157472
366517699728
641395606672
435237176464
710115083408
383697568912
658575475856
452417045648
727294952592
370812667024
645690573968
452467377248
366583515280
641461422224
435302992016
366568047760
641445954704
435287524496
710165431440
383747916944
658625823888
452467393680
727345300624
370863015056
645740922000
458052879520
659983713424
453825283216
728703190160
389317691552
458037168288
732915075232
645689264208
439530834000
714408740944
371952206944
646830113888
440671683680
715549590624
366768310352
641646217296
435487787088
710365694032
710180897872
711187530848
646009358432
439850928224
714728835168
367909160032
436628636768
711506543712
367591180384
642469087328
436310657120
711188564064
366784841824
641662748768
435504318560
366769374304
641647281248
435488851040
710366757984
383949243488
658827150432
452668720224
727546627168
371064341600
645942248544
389384800352
645941971104
439783540896
714661447840
370811373728
732914271312
645689280672
439530850464
714408757408
727629203536
458120005712
453825038416
728687477840
728702945360
388326787152
663204694096
367925692496
642803599440
371131450448
646009357392
439850927184
714728834128
710365710496
715735450784
715750918304
452416014496
458037150864
732915057808
371064063120
645941970064
439783539856
714661446800
388243932304
663121839248
456963409040
731841315984
727361815712
440604853408
715482760352
727293921440
389384800400
664262707344
458104277136
732982184080
388243948688
663121855632
456963425424
731841332368
458121300128
645689279632
439530849424
714408756368
387991241872
662869148816
456710718608
731588625552
367590147216
642468054160
436309623952
389316904096
664194811040
458036380832
732914287776
367590394016
388042868896
662920775840
731640252576
711255672912
732997911648
370812684384
645690591328
439532161120
714410068064
384753223840
388327819408
659631130784
453472700576
728350607520
371868321952
440587798688
715465705632
389048191136
646009079952
439850649744
714728556688
439582491792
714460398736
370878482576
645756389520
439597959312
714475866256
389065230432
385105545312
372204128416
647082035360
440923605152
715801512096
439514334304
714392241248
387974726752
662852633696
456694203488
731572110432
367573632096
642451539040
436293108832
711171015776
371063276704
731858110544
367658305696
714677191760
440588077136
715465984080
440656234576
435487803472
710365710416
715534141520
645690591312
439532161104
714410068048
387992553552
714678487200
389401576544
664279483488
458121053280
732998960224
389333682272
366499629152
641377536096
435219105888
710097012832
383679498336
658557405280
452398975072
727276882016
370794596448
645672503392
436629685328
388041574496
662919481440
647014925472
714660414624
715801266336
366517699744
641395606688
435237176480
710115083424
383697568928
658575475872
452417045664
727294952608
370812667040
645690573984
389384012944
664261919888
458103489680
732981396624
389066033296
663943940240
457785510032
732663416976
366499629200
641377536144
435219105936
710097012880
383679498384
658557405328
452398975120
727276882064
370794596496
645672503440
385022986384
659900893328
453742463120
728620370064
457046263968
366499629216
641377536160
435219105952
710097012896
383679498400
658557405344
452398975136
727276882080
370794596512
645672503456
732646900880
732662368400
385038451872
659916358816
453757928608
728635835552
383764416672
658642323616
452483893408
371869386848
646747293792
371147949152
646025856096
714745332832
645957961824
439799531616
714677438560
440588863584
439531882640
366835418208
641713325152
435554894944
710432801888
384015287392
658893194336
452734764128
727612671072
371130385504
646008292448
371953255584
646831162528
731908424784
440672732320
371885361312
646763268256
440604838048
715482744992
389400791120
664278698064
367910208672
642788115616
436629685408
711507592352
367657518240
642535425184
436376994976
711254901920
367925676192
642803583136
711506543776
711188564128
658575214688
452416784480
727294691424
662853404768
456694974560
731572881504
370812405856
645690312800
439531882592
714409789536
366584547408
435304024144
710181931088
383764416592
452483893328
367658289232
436377765968
389317936272
664195843216
458037413008
389065245840
663943152784
457784722576
385105560720
659983467664
453825037456
728702944400
440655972432
715533879376
371936495696
646814402640
645673550928
439515120720
714393027664
383763629216
658641536160
452483105952
727361012896
372136757344
647014664288
715734141024
367926986848
642804893792
367908914272
642786821216
436628391008
711506297952
711524370528
371952470160
646830377104
715549853840
711172049056
366836221088
641714128032
435555697824
710433604768
384016090272
658893997216
452735567008
727613473952
435571410064
710449317008
371147180192
646025087136
366768326816
435487803552
458054191184
732932098128
389334714448
389316641872
664194548816
458036118608
732914025552
664212621392
711188825248
366835435664
641713342608
435554912400
710432819344
384015304848
658893211792
452734781584
727612688528
385106871376
659984778320
453826348112
728704255056
389115562080
663993469024
457835038816
732712945760
658624776272
452466346064
727344253008
732730786976
366517437520
641395344464
435236914256
710114821200
383697306704
658575213648
452416783440
727294690384
384771048528
659648955472
457029732512
440857544864
728636867728
452483909792
440604854432
389334730912
664212637856
366566720672
458054207648
732932114592
388042623136
662920530080
456762099872
647081773136
732729477200
370811373648
645689280592
439530850384
387991242832
440940136528
715818043472
385038452816
371935708240
646813615184
440655184976
384820331680
659698238624
453539808416
728417715360
662869411984
731924416608
732713748576
663942875232
367842837600
642720744544
436562314336
711440221280
642468054112
366500661392
641378568336
710098045072
383680530576
658558437520
371868320912
646746227856
440587797648
439866378336
367658550416
436378027152
711255934096
372203882656
647081789600
371064341584
645942248528
439783818320
714661725264
388244210768
663122117712
456963687504
731841594448
458104538192
732982445136
371063030944
645940937888
439782507680
366768325776
658558699600
452400269392
641646232720
435487802512
710365709456
383948194960
658826101904
452667671696
727545578640
664278419616
731840546976
384821642336
659699549280
453541119072
728419026016
384837109856
453556586592
728434493536
642518386848
389401839760
458121316496
732999223440
388260988048
663138894992
456980464784
731858371728
388309993632
663187900576
457029470368
731907377312
388041835680
715818027152
456761312416
731639219360
440589108304
715467015248
371885099088
646763006032
440604575824
715482482768
383763384480
367591196832
436629423184
711507330128
711439435856
372205193312
647083100256
440924670048
715802576992
439783818336
714661725280
371079809120
645957716064
439799285856
714677192800
457768994960
453809309840
439849616528
714727523472
714745596048
710432557216
372137805984
647015712928
440857282720
715735189664
371869648032
646747554976
440589124768
371885115552
646763022496
440604592288
715482499232
367909962912
642787869856
436629439648
711507346592
367842068640
642719975584
436561545376
711439452320
388311304288
663189211232
457030781024
731908687968
388058613856
662936520800
456778090592
440923359392
383680792736
658558699680
452400269472
370795890848
645673797792
439515367584
387975760032
662853666976
389317690512
664195597456
458037167248
732915074192
710165416080
727345285264
458037150880
440671684768
436628637856
457784460448
389116610720
663994517664
366851934288
641729841232
435571411024
710449317968
384031803472
658909710416
452751280208
727629187152
367925676112
642803583056
383747917968
658625824912
452467394704
389401577632
371146917968
646024824912
714744301648
646764054672
384016073888
658893980832
452735550624
727613457568
452482860192
727360767136
383948179616
658826086560
452667656352
367591179344
642469086288
436310656080
371886426208
646764333152
440605902944
715483809888
366500661408
641378568352
435220138144
367926741088
642804648032
436646217824
711524124768
710098045088
383680530592
658558437536
372204914832
647082821776
440924391568
715802298512
371936756880
646814663824
440656233616
715534140560
371952224400
646830131344
440671701136
715549608080
645672487008
439514056800
387974449248
662852356192
456693925984
367640462432
436578059360
367909177488
642787084432
436628654224
711506561168
366500938848
641378845792
435220415584
710098322528
372137018528
458053945424
732931852368
388311304272
663189211216
457030781008
731908687952
372205176912
647083083856
440924653648
715802560592
389385046096
664262953040
367591195808
436310672544
366584562784
641462469728
435304039520
710181946464
383764431968
658642338912
452483908704
727361815648
370879530080
645757437024
389115316320
663993223264
457834793056
732712700000
387992537184
662870444128
456712013920
731589920864
714409019488
387991504992
662869411936
371952486480
370878744656
645756651600
439598221392
714476128336
388058613840
662936520784
646830393424
384837388368
659715295312
456762344592
731640251536
388058335376
662936242320
456777812112
731655719056
727293642896
645673796752
366500922512
641378829456
435220399248
710098306192
383680791696
658558698640
452400268432
439515366544
714393273488
457852881056
710114821264
440673011792
659716065440
453557635232
728435542176
714660661344
372221690976
647099597920
715819074656
372153796704
647031703648
440873273440
715751180384
435504580688
710382487632
370861688928
645739595872
439581165664
714459072608
367925953632
436645430368
711523337312
440923604112
715801511056
714392241296
731572110480
367573632144
642451539088
371886147728
642721007760
436562577552
711440484496
367658304656
642536211600
436377781392
711255688336
642468317328
436309887120
711187794064
371080857760
645958764704
439800334496
714678241440
458053157968
732931064912
388059646032
662937552976
456779122768
731657029712
367858566304
436578043040
711455949984
372153534544
647031441488
389333403728
641647264848
435488834640
710366741584
383949227088
658827134032
371064325200
645942232144
439783801936
714661708880
388244194384
389049239648
663927146592
457768716384
732646623328
383680546896
658558453840
452400023632
727277930576
647014664352
384821396576
659699303520
453540873312
728418780256
439531111504
714409018448
662869410896
456710980688
371885376592
646763283536
440604853328
715482760272
389065245776
457767928992
439514056864
714391963808
387974449312
662852356256
731571832992
367573354656
388259661984
383764415632
658642322576
452483892368
727361799312
389132355744
388059662496
662937569440
456779139232
731657046176
371869385808
646747292752
440588862544
715466769488
732646639760
384837371040
659715277984
453556847776
728434754720
732662613088
436561283152
711439190096
731925219424
367859876960
642737783904
436579353696
711457260640
458052896912
710165152864
371885360272
646763267216
440604837008
715482743952
371147966608
646025873552
439867443344
714745350288
440604574816
367925675152
642803582096
436645151888
711523058832
372220922016
440940398752
371080070304
645957977248
439799547040
714677453984
663994255440
658826085456
457835825232
732713732176
387975496784
728637130912
715465967776
389048452192
384820611152
659698518096
453540087888
383947917392
658825824336
452667394128
727545301072
728417994832
663926359136
388311058528
663188965472
457030535264
731908442208
711238124704
385088767072
659966674016
457046262864
453808243808
728686150752
645757437088
645689542816
389116364960
663994271904
663204939936
731589675088
367658305616
642536212560
436377782352
711255689296
384838174800
659716081744
453557651536
728435558480
367926741072
440856233040
715734139984
387975513248
727545317536
367926985808
642804892752
436646462544
711524369488
732712961120
366566983760
641444890704
663204694112
710097274016
383679759520
658557666464
452399236256
727277143200
370794857632
645672764576
439514334368
714392241312
387974726816
439866655888
714744562832
458053929056
452466083936
366836205728
641714112672
435555682464
710433589408
384016074912
658893981856
372136772768
647014679712
440856249504
715734156448
372154845344
641664059536
435505629328
710383536272
370862737568
439582214304
714460121248
732712944720
367927002272
642804909216
436646479008
711524385952
710164383904
384754534480
659632441424
366583515296
641461422240
435302992032
388310271072
663188178016
457029747808
387992291424
662870198368
731589675104
663944184992
366568047776
659916605600
384769999968
659647906912
453489476704
728367383648
389334729872
664212636816
458054206608
388042622096
662920529040
456762098832
731640005776
664261642400
458103212192
732981119136
389115577504
457835054240
388242883744
663120790688
456962360480
731840267424
732712961184
659632457888
384033113248
658911020192
452752589984
727630496928
453474027680
372138083424
647015990368
715735467104
372153550944
647031457888
440873027680
458036365456
372221954192
647099861136
372203881616
647081788560
440923358352
715801265296
371081102480
645959009424
439800579216
714678486160
366851950688
366836483168
641714390112
435555959904
710433866848
384016352352
658894259296
452735829088
727613736032
371131450464
646009357408
389333403744
458104277088
367842855056
642720762000
436562331792
711440238736
715466754128
389065245792
370861950112
645739857056
366769095840
641647002784
435488572576
710366479520
658826871968
452668441760
727546348704
710433588368
384016073872
658893980816
452735550608
367909946512
436629423248
711507330192
385089815696
384837108816
659715015760
366768310416
641646217360
452735830096
435487787152
710365694096
383948179600
658826086544
452667656336
727545563280
371063277712
731588887648
715819354272
439530849440
714408756384
387991241888
662869148832
731588625568
367590147232
642468054176
436309623968
664010000544
452751295584
727629202528
366583514256
388309992592
663187899536
457029469328
731907376272
641461421200
435302990992
710180897936
383763383440
658641290384
436309870752
366517454944
641395361888
384821659792
659699566736
453541136528
728419043472
710114838624
383697324128
383696275600
658574182544
452415752336
727293659280
647083099216
440924669008
715802575952
372220659792
647098566736
439799284816
371079808080
385089815712
659967722656
453809292448
728687199392
384837125280
659715032224
728434508960
659899828384
370878728288
645756635232
439598205024
714476111968
457047296144
642737538144
436579107936
711457014880
647015711888
371885114512
646763021456
440604591248
715482498192
457784707168
453825022048
366784840800
641662747744
435504317536
710382224480
383964709984
658842616928
452684186720
367842067600
642719974544
436561544336
711439451280
389383751776
664278418512
366851949648
641729856592
435571426384
710449333328
384031818832
658909725776
452751295568
727629202512
642803598416
388311303248
663189210192
732713994400
727545563296
731588610208
715734402208
389066279008
663944185952
457785755744
732663662688
383697586256
658575493200
711188579488
385106593888
453826070624
728703977568
659716342880
453557912672
728435819616
663994516624
457836086416
732713993360
389132077200
664009984144
457851553936
456710702224
731588609168
385089030288
659966937232
453808507024
728686413968
383948178576
658826085520
452667655312
727545562256
388311319712
457030796448
731908703392
372154583120
647032490064
440874059856
388326787232
715483808848
384771048608
659648955552
728368432288
436646216784
711524123728
371935430752
646813337696
440654907488
715532814432
366500938896
641378845840
435220415632
710098322576
383680808080
658558715024
452400284816
727278191760
370795906192
645673813136
647032506528
440874076320
388311320672
715751983264
389115315280
663993222224
457834792016
732712698960
387992536144
662870443088
456712012880
731589919824
659967739984
710181931104
727361800288
658910757968
383964956752
658842863696
452684433488
384032851024
388328097888
663206004832
457047574624
731925481568
715466770592
385105806432
659983713376
728703190112
453557634192
728435541136
659716064400
384838157456
384770263184
659648170128
453489739920
388260710560
663138617504
456980187296
389133404320
714459071568
370861687888
383964973216
658842880160
452684449952
727562356896
664195581024
715752244320
642787068000
663942890592
367641511008
642519417952
436360987744
711238894688
372221708432
647099615376
440941185168
715819092112
371080856720
645958763664
439800333456
714678240400
388059645024
366835435680
641713342624
435554912416
710432819360
384015304864
372153812128
647031719072
440873288864
658893211808
645757683872
439599253664
370861704352
645739611296
439581181088
714459088032
714477160608
389049238608
663927145552
732646622288
453741135952
728619042896
385021659216
659899566160
384753501264
453472978000
728350884944
452416783456
727294690400
370812404832
645690311776
439531881568
714409788512
387992274016
662870180960
388243948640
663121855584
456963425376
731841332320
641663781024
457852879952
642536474784
727361799248
370879513680
645757420624
715550639184
367658288208
642536195152
436377764944
711255671888
384838157392
366516406432
440604837968
715482744912
457784707152
732662614096
389065230416
663943137360
384770263120
659648170064
366516652112
641394559056
388059661456
662937568400
456779138192
731657045136
435286197408
389400774816
664278681760
458120251552
732998158496
663927162016
731841579152
388259923104
663137830048
456979399840
731857306784
457768731808
732646638752
389116627104
731588888720
731656782992
659899582624
453741152416
728619059360
732646884448
732662351968
728619305056
711238109264
439850649696
710097257552
714728556640
645740921952
439582491744
714460398688
370878482528
645756389472
439597959264
714475866208
366500938912
641378845856
435220415648
383680808096
658558715040
452400284832
370795906208
645673813152
436646480032
372220920976
440940397712
715818304656
458053141600
440588846176
642737801360
436579371152
711457278096
371936479392
440655956128
645673534624
366567786640
641445693584
435287263376
710165170320
439515104416
366768325792
641646232736
710365709472
383948194976
663121070160
663188964432
457030534224
731908441168
731840546896
367640742048
642518648992
436360218784
711238125728
366835434640
641713341584
435554911376
384015303824
658893210768
452734780560
727612687504
371130401936
646008308880
664261919840
458103489632
732981396576
389066033248
663943940192
732663416928
732729738400
711237863584
385022986336
453742463072
728620370016
389116363920
663994270864
388327031952
663204938896
731924415632
457835840656
732713747600
389048469648
456695236768
727294707856
645690329232
714409805968
387992291472
662870198416
731589675152
385088784528
453808261264
383966005392
658843912336
452685482128
436628653216
436310673568
385106855072
453826331808
728704238752
383746853024
658624759968
452466329760
727344236704
439849862240
710366742624
372154844304
647032751248
440874321040
715752227984
439582213264
714460120208
436378043552
646813598880
440655168672
715533075616
389133142096
457852618832
732730525776
387992290384
662870197328
731589674064
367574665376
642452572320
371080857680
645958764624
439800334416
714678241360
388260726864
663138633808
389334468688
664212375632
372154599504
385090095184
659968002128
453809571920
728687478864
664195843168
458037412960
732915319904
383964710992
658842617936
383949243472
452668720208
727546627152
452684187728
727562094672
366568032416
641445939360
385105560672
659983467616
453825037408
728702944352
389383734416
664261641360
458103211152
439867426976
385022707856
659900614800
453742184592
728620091536
384754549904
659632456848
453474026640
728351933584
384770017424
659647924368
453489494160
728367401104
372153549904
647031456848
440873026640
715750933584
439598991440
714476898384
371952470112
646830377056
440671946848
715549853792
366836467792
641714374736
435555944528
366583777360
641461684304
457767946384
366836467808
641714374752
436359939168
435555944544
384016336992
658894243936
452735813728
727613720672
371131435104
367641774224
642519681168
436361250960
711239157904
385021937760
389064984672
370879531168
439599007904
389400512592
664278419536
732982428752
664262952016
389132354640
664010261584
389385045072
388259660880
663137567824
731857044560
457851831376
732729738320
367657239712
642535146656
436376716448
711254623392
366583777376
641461684320
435303254112
383763646560
658641553504
452483123296
370878744672
645756651616
659649235024
728368711760
647032752288
440857282640
439530834080
714408741024
439515366560
714393273504
662853665952
456695235744
385039484000
659917390944
453758960736
731573142688
662853420192
641395361936
710114838672
658575231120
389064967312
663942874256
457784444048
732662350992
366583498896
641461405840
710165415056
727345284240
388244211856
458036102304
436294142112
659899827344
389385061536
458104538272
732982445216
389400529056
664278436000
458120005792
388259677344
663137584288
456979154080
731857061024
732998174864
731857323152
439598203984
714476110928
370878727248
645756634192
732930786400
367640479824
436359956560
366517700688
641395607632
435237177424
366499628112
641377535056
435219104848
710115084368
710097011792
367658550368
642536457312
436378027104
366784825440
641662732384
435504302176
366769357920
435488834656
710366741600
383949227104
452668703840
727546610784
371064325216
439850910880
714728817824
372153813088
370878743712
645756650656
439598220448
714476127392
371146901664
389066277968
663944184912
439866378320
714744285264
457046247504
385090077776
731908686928
731924154448
436645152848
711523059792
453809554512
371131434064
439850910800
385106592848
659984499792
453826069584
728703976528
385038698576
659916605520
728636082256
383746590800
658624497744
452466067536
727343974480
439531111520
714409018464
662869410912
456710980704
388260988000
663138894944
456980464736
711506298016
457046509664
647083100320
456778089552
731655996496
436376994896
453556864080
439598220368
388058612816
388326786192
663204693136
457046262928
731924169872
456963671200
456979138720
458104522912
453489476752
728367383696
439530833040
714408739984
389334452384
664212359328
458053929120
436579108000
389066294432
663944201376
383965759632
658843666576
452685236368
727563143312
711254624400
710113772688
371935429712
646813336656
440654906448
715532813392
385106609312
659984516256
453826086048
728703992992
732999207008
731858355296
385038715040
659916621984
383746607264
658624514208
452466084000
727343990944
711171786832
367574403152
371148212320
646026119264
439867689056
439849616480
714727523424
714745596000
647032505488
440874075280
715751982224
388058351760
440941168736
371953518752
646831425696
727545562192
731588609104
371935446176
646813353120
440654922912
715532829856
440672995488
715550902432
388328096848
663206003792
457047573584
731925480528
711455949904
659916342352
728635819088
385038435408
727562077264
371079791696
645957698640
714677175376
714661709984
389317690464
458037167200
366769375376
641647282320
435488852112
710366759056
383949244560
658827151504
452668721296
727546628240
371064342672
645942249616
714476913824
714409019552
366517455008
641395361952
435236931744
710114838688
383697324192
658575231136
452416800928
727294707872
370812422304
645690329248
389401561232
458121037968
664011310224
457852880016
388260709520
663138616464
456980186256
732730786960
457029486752
389333664928
385105823888
659983730832
453825300624
728703207568
664211571872
458053141664
732931048608
388041557152
662919464096
663121856656
642451522640
711170999376
367573615696
371936756832
366836222032
641714128976
435555698768
440656233568
731908703328
731924170848
659899582560
642518648928
367909177440
642787084384
436628654176
711506561120
370879775888
645757682832
439599252624
715818027168
372220643424
371869369504
367641528464
642519435408
711238912144
440588846240
389384799312
664262706256
458104276048
732982182992
732914288720
664194811984
367841790112
642719697056
436561266848
711439173792
642451539104
436293108896
711171015840
732663661728
728703976608
388042867808
662920774752
456762344544
731640251488
388058335328
662936242272
456777812064
731655719008
645941184672
664278680720
458120250512
385039747216
453759223952
385021674640
659899581584
453741151376
728637130896
372136773792
367927003296
714728555600
371063277648
645941184592
370878481488
645756388432
646009078864
384820594848
659698501792
453540071584
728417978528
372204127328
440923604064
371886147680
646764054624
440605624416
715483531360
366835434576
641713341520
366517454928
435236931664
710114838608
435554911312
710432818256
367843100768
642721007712
711440484448
367658304608
642536211552
436377781344
711255688288
367590410336
642468317280
711187794016
371936478352
646814385296
440655955088
715533862032
646746491024
715465967760
458052880480
457784722528
366836204704
641714111648
367908898960
642786805904
711506282640
367640741008
642518647952
436360217744
366768047248
641645954192
435487523984
710365430928
389401839712
371131188384
646009095328
439850665120
714728572064
366768310432
641646217376
389066032208
663943939152
732663415888
366835419280
641713326224
435554896016
710432802960
384015288464
658893195408
452734765200
727612672144
371130386576
453757929552
385022985296
453742462032
728620368976
728635836496
366583514272
641461421216
435302991008
663943136416
710180897952
383763383456
658641290400
389133386832
664011293776
457852863568
458104521808
366836466768
641714373712
439581426768
371885098144
452466328720
727344235664
371953256528
440672733264
715550640208
370812404816
645690311760
439531881552
714409788496
366499873888
641377780832
435219350624
710097257568
383679743072
658557650016
367910209616
642788116560
371885360224
646763267168
366784825424
435504302160
710382209104
366516667472
641394574416
710114051152
646025873504
439867443296
714745350240
728350886048
367925675104
436645151840
711523058784
371130402960
646008309904
439849879696
714727786640
366851949664
641729856608
435571426400
710449333344
384031818848
658909725792
458103228512
436294141072
711172048016
367574664336
367590131856
642468038800
436309608592
711187515536
371953272992
646831179936
440672749728
715550656672
732930786384
389333402704
664211309648
367910226080
642788133024
436629702816
711507609760
710382225568
647014925456
440856495248
715734402192
664194794640
458036364432
732914271376
453741397136
728619304080
383763630160
457030518880
389317953680
458037430416
389066295376
371886426192
732663679056
642469365840
664211326112
458052895904
732930802848
662937290912
456778860704
715549852752
384016337056
658894244000
452735813792
727613720736
367591442512
642469349456
436310919248
367573369936
642451276880
436292846672
711170753616
711188826192
439866655840
457046247568
658641291360
366566982800
641444889744
435286459536
663926359184
710164366480
383746851984
658624758928
371063276688
645941183632
439782753424
453490526304
439599006864
714476913808
714409019536
715550901408
647083082912
440924652704
715802559648
646830392480
440671962272
645957698720
710449334416
439799268512
714677175456
715549869216
367591458976
436310935712
732712945824
384820332624
659698239568
453539809360
728417716304
389334729824
664212636768
458054206560
658557387856
383679480912
452398957648
727276864592
388042622048
662920528992
456762098784
731640005728
453557651616
389400528016
664278434960
458120004752
732997911696
440654907552
385039501456
659917408400
453758978192
728636885136
371131173024
388058596512
662936503456
456778073248
370878482592
664211572880
662919465104
371063031888
714660415568
646747277456
384820349088
659698256032
728417732768
711506544736
372221954144
647099861088
372203881568
647081788512
440923358304
715801265248
366853261392
641731168336
435572738128
710450645072
439800579168
714678486112
732662367328
664279484512
367842855008
642720761952
436562331744
711440238688
715465722000
646024807568
439866377360
714744284304
456779121760
371886408864
367658567824
642536474768
436378044560
711255951504
646764315808
440605885600
715483792544
389401838672
458121315408
732999222352
388041836624
662919743568
456761313360
731639220304
367926723744
642804630688
436646200480
711524107424
367858829472
435304023136
710181930080
452483892320
727361799264
366566721696
456710981792
439531096160
663187899488
731907376224
714409003104
387991488608
662869395552
456710965344
731588872288
711255951520
370878728272
439598205008
388058597456
456778074192
389132339280
389334451344
458053928080
732931835024
658826872928
383696275552
452415752288
727293659232
457836103840
659916620944
453758190736
728636097680
389115298976
383764678800
658642585744
452484155536
727362062480
663993205920
371148211280
646026118224
714745594960
440589125712
715467032656
659632179360
728351656096
372137804896
367909963856
642787870800
436629440592
647015711840
440857281632
366769112144
641647019088
435488588880
710366495824
646763021408
436645152912
367842067552
436561544288
711439451232
371953517712
440672994448
366835434656
367925938320
642803845264
436645415056
711523322000
641713341600
435554911392
710432818336
366785086608
641662993552
435504563344
371148227744
646026134688
439867704480
714745611424
387975759952
662853666896
456695236688
731573143632
389116609632
663994516576
732713993312
658893981776
452735551568
727613458512
658625823824
452467393616
727345300560
452482861136
727360768080
456710702176
710433605792
439531899040
714409805984
662870198432
456711768224
731589675168
659966937184
453808506976
728686413920
732712962128
370811618384
645689525328
439531095120
714409002064
387991487568
662869394512
456710964304
731588871248
371885360208
646763267152
384821381264
659699288208
453540858000
728418764944
731840530576
383680529552
658558436496
452400006288
727277913232
662853683360
372137019472
647014926416
440856496208
440924390480
715802297424
372204913744
647082820688
371952223312
646830130256
715549606992
384753484960
453472961696
732645835872
384016091296
658893998240
727613474976
367909176400
642787083344
436628653136
367591196752
436310673488
711188580432
663122101344
663137568864
664262953056
664010262624
439783557264
714661464208
366785890400
435505367136
710383274080
383965759584
367841789072
642719696016
436561265808
711439172752
372204930208
647082837152
440924406944
715802313888
372137035936
440856512672
452466066512
727343973456
366835156048
641713062992
435554632784
710432539728
384015025232
658892932176
452734501968
727612408912
642804648016
436646217808
711524124752
388058334288
662936241232
456777811024
731655717968
384015287376
658893194320
452734764112
727612671056
659716064352
453557634144
728435541088
384770263136
659648170080
453489739872
388042885264
662920792208
456762362000
439531898000
714409804944
662870197392
456711767184
731589674128
367591195792
642469102736
436310672528
384820593808
659698500752
388311041184
663188948128
457030517920
731908424864
388058350752
662936257696
456777827488
731655734432
388243146912
646764053584
371886146640
440605623376
384015303840
658893210784
727612687520
367858567248
642736474192
367843099728
642721006672
711440483408
367590409296
642468316240
711187792976
659632178272
714678240352
456963688592
372204144784
647082051728
440923621520
715801528464
439782769808
714660676752
453741414496
457784461408
371886163104
440605639840
664194810960
642721023136
366785889360
641663796304
435505366096
710383273040
658843665488
452685235280
727563142224
367859631184
642737538128
384837371984
453556848720
731924416672
715752229024
366583498912
383696520272
658574427216
452415997008
727293903952
388059661408
662937568352
731657045088
663927407776
366568031392
731572896928
663942875296
384032082016
658909988960
452751558752
727629465696
389116364880
388310255760
663188162704
457029732496
731907639440
439866378400
664011032736
457852602528
732730509472
662870181024
383764433040
658642339984
452483909776
727361816720
731589657760
371080071248
645957978192
371147965520
646025872464
439867442256
714745349200
385090078880
659967985824
453809555616
728687462560
452668703904
383964694688
658842601632
452684171424
727562078368
384837388448
372220920928
440940397664
457852864656
642737801312
711457278048
647015975056
440857544848
715735451792
371953271952
646831178896
440672748688
715550655632
646763284624
440604854416
715482761360
366836466784
641714373728
435555943520
710433850464
384016335968
658894242912
452735812704
727613719648
371131434080
440873289824
439581182048
372153533600
367910225040
642788131984
436629701776
367925692560
642803599504
711523076240
384753222752
659631129696
728350606432
371868320864
646746227808
715465704544
662853421136
456694990928
731572897872
366583776352
641461683296
435303253088
710181160032
383763645536
658641552480
452483122272
727361029216
384753222736
659631129680
453472699472
728350606416
389116363872
731924415584
663994270816
457835840608
732713747552
663926376544
662870444192
727293641888
439530833056
714408740000
456710702240
731588609184
385088784480
659966691424
453808261216
383966005344
658843912288
452685482080
642803860640
383763367056
658641274000
452482843792
715465721936
384753240144
659631147088
367573370960
642451277904
366499629136
641377536080
435219105872
710097012816
664010245280
457851815072
384031803536
658909710480
452751280272
727629187216
727361029264
372136773712
647014680656
440856250448
715734157392
384771311776
659649218720
728368695456
372154844256
367927003216
642804910160
436646479952
711524386896
647032751200
440874320992
715752227936
366786151504
641664058448
710383535184
370862736480
714460120160
457030518928
658625562720
456762360976
372220642448
647098549392
440940119184
715818026128
366784824416
641662731360
435504301152
710382208096
383964693600
642737522832
436579092624
711456999568
658842600544
366769375392
641647282336
435488852128
383949244576
658827151520
452668721312
366851933264
641729840208
435571410000
384031802448
658909709392
452751279184
387974726736
662852633680
456694203472
367640463520
642518370464
436359940256
711237847200
641714391184
710433867920
658894260368
727613737104
646009358480
664261641312
458103211104
732981118048
732931835040
384015041616
452734518352
385022707808
453742184544
728620091488
659632456800
728351933536
384770017376
453489494112
457767667856
732645574800
456962622624
659716327568
453557897360
384820348048
659698254992
728435804304
388242901152
663120808096
456962377888
731840284832
372221953104
647099860048
731841333392
370861951056
645739858000
439581427792
714459334736
367842853968
642720760912
436562330704
711440237648
732646638688
728619059296
711238125664
367641774176
436361250912
711239157856
371081119888
645959026832
714678503568
439799268448
440940120160
732914271392
367858828432
436578305168
647099876512
440941446304
715819353248
435286197392
710164104336
370861967520
645739874464
439581444256
714459351200
389049501776
663204677712
663927408720
732646885456
453809293392
728687200336
714660661408
389064967264
453541135440
728419042384
453556602960
728434509904
383948964944
658826871888
452668441680
727293658192
727546348624
383696274512
658574181456
457785754704
452415751248
388244211808
663122118752
456963688544
385021920352
659899827296
728619304032
388310010000
663187916944
457029486736
453473748112
728351655056
384754271376
440856250528
388328080544
663205987488
732730509456
457047557280
663927425184
732646901920
385089833120
659967740064
728687216800
383948981408
658826888352
452668458144
727546365088
710180882512
366568031312
436376733840
372137822352
647015729296
440857299088
458121316448
641713326240
435554896032
658893195424
452734765216
371130386592
646008293536
659632178256
728351654992
642452309072
711440221264
385022706768
659900613712
453742183504
728620090448
389116347472
366567769168
389132076112
731908704336
388311320656
663189227600
457030797392
641445954720
435287524512
732662613152
385089029200
659966936144
728368433232
453808505936
728686412880
384771049552
732662630560
388326786144
663204693088
457046262880
731924169824
457836102736
452685236320
727563143264
389116627088
663994534032
457836103824
388243933328
663121840272
456963410064
731841317008
387991242896
456710719632
731588626576
440604574880
389384783008
664262689952
732982166688
389132092576
664009999520
732729476256
664194795680
715819337872
731908704352
385089045664
659966952608
453808522400
384771066016
659648972960
453490542752
728368449696
647032505440
715751982176
372137034896
440856511632
715734418576
439582476432
714460383376
370878465184
714475848864
366768309408
641646216352
435487786144
710365693088
383948178592
658826085536
452667655328
435554895008
371130385552
439849862288
388310254736
663188161680
457029731472
372204127376
384770262096
659648169040
664011310176
388260709472
663138616416
456980186208
732730786912
658575493216
452417063008
727294969952
663204694176
370879793232
645757700176
439599269968
714477176912
388059662416
662937569360
456779139152
731657046096
371953535056
646831442000
664261904528
458103474320
732981381264
731840529552
383964972128
366517438608
641395345552
435236915344
383697307792
658575214736
452416784528
370812405904
645690312848
389066015904
384838174864
659716081808
453557651600
728435558544
663943922848
732663399584
371063294112
440873289808
370861705296
645739612240
385022968992
453742445728
384770278560
453489755296
385038436512
715734403168
439599252576
367641528416
642519435360
711238912096
457851832480
457768732768
367858582672
642736489616
436578059408
711455966352
641378567264
435220137056
710098044000
658558436448
710097258576
383679744080
452399220816
457835038800
732712945744
371935692880
367842052176
642719959120
372204128336
389049256016
663927162960
456979400784
731857307728
457768732752
642535409824
715751966800
458053929040
732931835984
388260710480
663138617424
371080841296
645958748240
439800318032
714678224976
385039485008
389400773728
664278680672
732998157408
385039747168
659917654112
453759223904
385021674592
659899581536
453741151328
728619058272
452467116128
727345023072
457852601488
732730508432
389065230480
663943137424
439532160080
456712029264
731589936208
371886425168
646764332112
440605901904
439850649760
385090077840
659967984784
453809554576
728687461520
384837387408
659715294352
453556864144
728434771088
385105545360
731638941840
388327834784
715466754192
663205741728
457047311520
731925218464
389065245856
388259940512
663137847456
456979417248
370795628624
439515105360
714393012304
371936478304
371868584032
646746490976
440588060768
715465967712
641377798224
435219368016
732998961248
642786805856
436628375648
711506282592
367640740960
642518647904
436360217696
711238124640
389048190096
641377518736
435219088528
710096995472
383679480976
658557387920
452398957712
727276864656
453539808400
664194533456
732914010192
366583760992
641461667936
435303237728
710181144672
383763630176
658641537120
385106856016
453826332752
659966690384
728704239696
453808260176
436309887136
647015975072
646763284640
388327049360
663204956304
457046526096
731924433040
453825022112
659649217680
728368694416
664194549920
458036119712
732914026656
646813599824
440655169616
439514317904
714392224848
385106872480
659984779424
453826349216
728704256160
732914009184
383966020768
658843927712
452685497504
439849879648
714727786592
367574664288
642452571232
436294141024
387975758992
367590131808
642468038752
436309608544
711187515488
647032768656
440874338448
370862753936
645740660880
714460137616
371935709344
646813616288
645672749152
387974711392
662852618336
367573616736
642451523680
389317953632
458037430368
439531095136
714409002080
387991487584
662869394528
456710964320
731588871264
367590392928
436309869664
711187776608
732646639776
659715277904
371952469072
646830376016
366583759952
641461666896
435303236688
710181143632
383763629136
389383751824
458103228560
388260972688
663138879632
456980449424
388242900112
731840283792
456962361504
457835055264
389401822368
458121299104
388041820320
456761297056
731639204000
385022723232
659900630176
731841578080
731857045600
728620106912
641394295888
435235865680
710113772624
439599006816
714476913760
731571831968
367573353632
642451260576
641729857632
435571427424
710449334368
436292830368
711170737312
659631129760
439849601168
714727508112
366852999264
641730906208
439581443216
714459350160
710450382944
658910775392
452467394656
371869632672
646747539616
440589109408
389385062480
663137585232
367909947552
642787854496
436629424288
711507331232
367641789600
642519696544
436361266336
711239173280
367657257120
642535164064
389400527968
664278434912
458120004704
366769358992
641647265936
435488835728
710366742672
383949228176
658827135120
452668704912
727546611856
371064326288
645942233232
664195581088
715752244384
383697323168
658575230112
452416799904
370812421280
663942890656
439531898016
385039501408
453758978144
728636885088
389317675152
458037151888
732915058832
366584562832
435304039568
710181946512
383764432016
658642338960
452483908752
727361815696
370879530128
645757437072
366516668560
641394575504
710114052240
383696537744
727293921424
370811635856
659967739024
728687215760
385021937808
659899844752
453741414544
728619321488
367859878048
383747900576
728351655008
658625807520
452467377312
727345284256
383763368096
658641275040
452482844832
727360751776
439866377312
714744284256
367658567776
436378044512
711255951456
371936741520
440656218256
715534125200
439530834064
714408741008
366785889376
641663796320
710383273056
383965758560
658843665504
727563142240
371080856672
645958763616
646830113952
440671683744
715549590688
371131451552
646009358496
439850928288
714728835232
641730905168
435572474960
710450381904
658910774352
452752344144
727630251088
367926740048
642804646992
367909160096
642787067040
436628636832
714677454928
436578322512
728636098640
456979417168
383964973136
658842880080
366785103952
641663010896
453758191696
389334451296
385106610256
659984517200
453826086992
728703993936
664212358240
458053928032
664011311264
659916620896
728636097632
658624513120
452466082912
727343989856
727362062432
384771064976
659648971920
453490541712
728368448656
714410051664
662853403792
732932113504
711455950944
371953517664
646831424608
440672994400
435304301648
710182208592
367925938272
436645415008
367574418528
642452325472
389400512656
436293895264
711171802208
714459333792
367658289296
436377766032
711255672976
439582476368
714460383312
388042868816
662920775760
453742446672
728620353616
646009342032
439850911824
435236914320
642468299936
711187776672
366852999328
641730906272
435572476064
731589920928
366583497888
663926114400
457767684192
732645591136
383763367072
711523337376
663188965536
384821381216
659699288160
453540857952
728418764896
371935447120
646813354064
641444644944
435286214736
710164121680
456980203664
731858110608
389401576608
664279483552
732998960288
389333682336
664211589280
732931066016
388041574560
662919481504
456761051296
731638958240
659647923280
453489493072
728367400016
367858582608
642736489552
436578059344
385038451792
659916358736
440588847184
436293109840
711171016784
727345039456
371064080480
646763005024
645941987424
439783557216
714661464160
367841789024
436561265760
711439172704
389116347536
370795627664
645673534608
727345022096
715735188624
439599270032
714477176976
710449316960
371885099168
366836484256
641714391200
435555960992
436376978576
711254885520
710433867936
384016353440
371869386912
646747293856
371147949216
646025856160
439867425952
714745332896
371080054944
645957961888
439799531680
458120267936
440655972512
388042885216
383697569872
658575476816
452417046608
727294953552
658557404240
452398974032
727276880976
384771311696
659649218640
453490788432
384753239120
659631146064
645672502352
439514072144
731572881568
646746489936
715465966672
371868582992
646008047760
383679760544
452399237280
711506281552
727277144224
371063293024
645673550992
371936741472
440656218208
659632441440
453474011232
728351918176
367910209632
642788116576
436629686368
436578060448
731841579104
385038452896
436562592928
727546627232
659900892320
453742462112
728620369056
453757929632
728635836576
711440499872
388244210848
663122117792
389400529040
384031819920
727629203600
385090094224
659968001168
453809570960
385105561744
659983468688
728702945424
388311319696
663189226640
457030796432
731908703376
711455966304
367657256032
642535162976
436376732768
371079808096
645957715040
440873026656
715750933600
439597958240
714475865184
371130401872
646008308816
439849878608
714727785552
370812422224
366769375312
641647282256
435488852048
710366758992
367641511072
642519418016
711238894752
439783539872
714661446816
372137804960
647015711904
440857281696
439582213280
371936478368
366499874960
641377781904
710097258640
383679744144
658557651088
727277127824
370794842256
367640725648
642518632592
436360202384
645940921488
439782491280
714660398224
710450627728
389317952592
458037429328
732915336272
714677191824
372153549968
647031456912
440873026704
715750933648
456979154064
385038451856
659916358800
453757928592
728635835536
384015287456
452734764192
727612671136
385089029280
659966936224
453808506016
728686412960
388310254752
457029731488
731907638432
440924670112
371953535072
440673011808
715550918752
384838436960
453557913696
728435820640
388059662432
662937569376
456779139168
389133404256
366517438624
641395345568
435236915360
383697307808
658575214752
367591180448
384771049632
453490526368
389066016928
457785493664
439598991504
714476898448
371953256592
440672733328
715550640272
384838158480
659716065424
453557635216
728435542160
388059383952
436293093536
711171000480
371935692960
457767930016
715734403232
642787068064
715533076640
440655169696
385089030304
659966937248
645958748256
714678224992
647032490080
715751966816
659917391968
728636868704
388260710496
663138617440
732998944848
646025857104
439867426896
714745333840
372221691984
647099598928
440941168720
715819075664
385106593872
371886425184
440605901920
366517716064
641395623008
435237192800
383697585248
658575492192
384771327072
453490803808
389066294368
371953534032
646831440976
440673010768
715550917712
383764694096
658642601040
452484170832
727362077776
388059661392
662937568336
715483530384
727294690448
383697306768
728368432272
662870181008
387992274064
456711750800
731589657744
389066015888
457785492624
452483908688
727361815632
370879530064
645757437008
456980202576
731858109520
389334467664
664212374608
458053944400
732931851344
664279468112
645958747216
439800317008
714678223952
659917390928
453758960720
728636867664
663138616400
456980186192
664212358224
458053928016
452400006224
658558453904
457030518864
731908425808
662936258640
440671945824
715549852768
453556847712
710165152928
388058596448
662936503392
731655980128
659715277920
370794580048
645672486992
439514056784
714391963728
387974449232
662852356176
731571832912
367573354576
456694973584
383697323104
658575230048
366852998240
641730905184
435572474976
384032867424
658910774368
452752344160
371147965536
646025872480
452416014416
371147180112
646025087056
388327049296
663204956240
659983730768
372220921936
384770279504
659648186448
372204143696
647082050640
659916343440
366500923536
641378830480
435220400272
710098307216
383680792720
658558699664
452400269456
727278176400
452735813776
659632441488
372136756368
641444890768
435286460560
645942233248
642721007776
436562577568
456963672224
711440484512
458037414048
663122102432
664195844256
732915320992
659900876960
642788116624
436629686416
711507593360
457030781072
439850911888
647083083920
440924653712
646831178912
662937306272
642536211616
731656783008
711255688352
370879530144
383764432032
658642338976
659716080800
452668704848
714409003088
662869395536
388243146832
367658551376
642536458320
436378028112
366499874896
435219351632
457851816016
710114052256
457784723616
662869412000
642468317344
367657256080
436376732816
366516405392
641394312336
435235882128
710113789072
383696274576
658574181520
452415751312
727293658256
439598221456
371952486544
646830393488
370795890784
645673797728
731907639392
372138068064
647015975008
715735451744
663943137376
659716327520
728435804256
439582476384
367926740064
642804647008
436646216800
388327834720
439867442272
372221707360
647099614304
440941184096
457047311456
663205741664
367858845792
436578322528
711456229472
715751196768
388259940448
439799548000
456979417184
458053159008
731857324128
385038714976
366852212816
641730119760
367925954640
642803861584
711523338320
647098828880
715818305616
384032082000
658909988944
385105823824
435504302224
710382209168
367858567312
367843099792
642721006736
436562576528
642736474256
371079792784
645957699728
439799269520
371064325264
645942232208
439783802000
642468316304
436309886096
646763283600
440604853392
366516667536
641394574480
435236144272
710114051216
366785103968
435504580704
710382487648
383964973152
452684449888
727562356832
371080071264
388327049312
663204956256
641394575456
731572880528
641445938272
715735451808
710366742688
452668704928
727546611872
645672749200
714392225936
367842052240
436561528976
711439435920
388059646096
662937553040
731657029776
372220905616
647098812560
366785102928
641663009872
710382486608
436578321488
711456228432
367640479840
436359956576
714459088992
370861705312
371935447136
440654923872
715532830816
456761051232
384820349024
388311304352
457030781088
731908688032
641377781920
435219351712
710097258656
383679744160
658557651104
452399220896
727277127840
452751295648
727629202592
366516405408
641394312352
435235882144
658574181536
452415751328
384033129568
658911036512
452752606304
435287525520
435220416608
710098323552
439514055840
714391962784
436310919264
371886409824
440605886560
383948982352
658826889296
366517700704
641395607648
435237177440
383697569888
658575476832
662852371552
367573369952
642451276896
436292846688
366584809552
641462716496
711255935056
370879776848
711237862480
439599253584
714477160528
371953518672
646831425616
440672995408
440654922832
715532829776
728417731664
383746606160
727562340496
439515366496
366836204640
641714111584
366768310368
372153795728
641646217312
435487787104
710365694048
732997912736
710449334432
642803599520
367910225056
436629701792
436645169312
711523076256
439850927264
371146918048
646024824992
372205192352
440924669088
388243932240
642451523744
457768715408
732663661648
366517699664
435237176400
710115083344
439532143696
714410050640
371886408784
440605885520
715483792464
647099877456
440941447248
715819354192
715550918736
371081119824
645959026768
439800596560
714678503504
388260989008
663138895952
366835419216
641713326160
366784840864
710382224544
383964710048
642736489632
711455966368
371079808160
714677191840
647031456928
715750933664
435571426448
710449333392
452751295632
727629202576
367925691536
367926740112
642804647056
436646216848
710114837648
727294706832
663943939216
710181931168
642536196256
711255672992
645757421728
439598991520
714476898464
646831163552
715550640288
645959026784
714678503520
647032768608
715752245344
645757700192
439599269984
366517717088
435237193824
710115100768
457047296096
389401561184
367926724704
436646201440
458121037920
439867426912
372221692000
731925203040
732998944864
727362077792
370879792224
645757699168
642536473696
711255950432
714477175904
646831440992
715550917728
367591179424
642469086368
711188563104
371886146720
646764053664
715483530400
366517437600
367859631264
642737538208
710181946528
711457014944
439800333472
714678240416
647032505504
383746869344
367657519248
642535426192
436376995984
711254902928
439799548048
714677454992
372153813136
647031720080
715466770512
440873289872
435220154448
710098061392
366584546448
641462453392
642452326480
645673551952
439515121744
387991488656
662869395600
646763268240
370794858576
383679482016
658557388960
452398958752
366853244000
641731150944
435572720736
367859614816
642737521760
436579091552
645958747232
439800317024
372154582112
647032489056
440874058848
646746227872
440587797664
715465704608
366517700752
641395607696
435237177488
710115084432
366852981840
367926723664
436646200400
371147949136
388327818320
641662994512
435504564304
710382471248
367858829392
642736736336
371080054864
645957961808
388259924048
663137830992
439799531600
367641790544
642519697488
436361267280
711439435872
366769113248
710383274128
367859632272
436579109008
711457015952
439800334480
714678241424
366499612768
641377519712
435219089504
383679481952
658557388896
452398958688
370794580064
387991505056
366583777440
662919465040
456761034832
731638941776
371935430736
646813337680
440654907472
641461684384
435303254176
435286198352
646830114896
714408739920
370795907216
645673814160
714393290896
389385046176
366836467872
435555944608
732982429856
439850911904
440924653728
367910209696
436629686432
710181161120
658641553568
452483123360
727361030304
732729739424
439598221472
453556865184
440587797584
715465704528
710096995408
435219088464
436292830288
711170737232
367573353552
439514055760
714391962704
370794580128
664278698080
458120267872
732998174816
731924432992
366852212832
641730119776
453825300576
435571689568
710449596512
642803861600
731857045664
371079792800
439799269536
439783802016
710382209184
372138067104
372153534624
728635820192
367843099808
436562576544
440857543840
371064325280
731924154512
664278419600
732997896336
458104521872
710433850512
452735812752
727613719696
711187794080
453825022096
710449318032
367910208656
642788115600
436629685392
435236144288
452416013472
371885376672
383680546912
457851831440
456778089616
731655996560
389132354704
435303253136
710181160080
452483122320
664010261648
367657518224
642535425168
383696521376
715466769504
642736751712
711456228448
714677453920
647031719008
715751195744
727562355808
732998173776
728703206480
439866655824
714744562768
457046525008
452751557712
453759240272
731857044624
728637147216
658842600592
452684170384
727562077328
388259660944
714677175440
371079791760
645957698704
659698518112
384771328144
659649235088
453490804880
728368711824
641395624080
435237193872
710115100816
658575493264
452417063056
645690591376
383679759456
452399236192
727277143136
366566983776
641444890720
435286460512
642536458336
711255935072
435505629344
710383536288
388041573472
662919480416
456761050208
731638957152
366566736992
641444643936
435286213728
710164120672
383746606176
389115315296
366853244064
387974727840
366853261456
641731168400
435572738192
728419027024
731589919840
389066277984
663944184928
715483792480
367591441504
642469348448
711188825184
371886408800
646764315744
389401839776
439599270048
366517717152
367859894432
711255934032
659716326480
662937551952
731657028688
732730770512
641462715472
710182192208
715818043488
385105560736
453825037472
366851949728
641729856672
435571426464
710449333408
384031818912
388326786208
663204693152
457046262944
435488588944
731924154464
439532161168
714410068112
662870460560
456712030352
389066295440
663944202384
732663679120
367591458960
642469365904
732729460896
727630513248
456980465744
731858372688
383966021712
658843928656
452685498448
727563405392
732932114512
440874338384
715752245328
458054207568
732730771552
663993222240
732712698976
711455950992
647099615392
371080856736
645958763680
658642322592
452483892384
384838157472
659716064416
728351672416
453557634208
658558453856
645673551968
662853421152
728367646880
452415998112
370811619488
439531096224
387991488672
456710965408
457784707232
732662614176
366516652192
435236128928
457029747792
453540874320
728418781264
457835841616
732713748560
662920530000
366583761040
710181144720
383763630224
658641537168
727361013904
370878728336
388058597520
662936504464
731655981200
453758977104
440587813968
715465720912
641462469712
435304039504
710181946448
658642338896
731657045152
440672748640
715550655584
384820348000
659698254944
728417731680
727613473888
366517453920
641395360864
435236930656
710114837600
384032851040
658910757984
727630234720
371147965584
453758175328
728636082272
663137831008
731857307744
664211572832
732931049568
642736736352
436578306144
711456213088
732645836880
384032065616
658909972560
452751542352
727629449296
457046509648
731924416592
453825284176
371147163728
646025070672
710165170336
384754287696
453473764432
387975513168
457768731728
367574418512
436293895248
453489738896
439531095184
384770262160
371869631648
383947932832
715752228000
366785890464
641663797408
658843666592
727563143328
659917408416
389316641936
664194548880
458036118672
710382224528
727562093712
645957960784
439799530576
372153795664
647031702608
715751179344
389333664848
664211571792
727343974496
384820332640
659698239584
728417716320
732730525792
731589674080
367908914336
642786821280
715550655648
456962376864
384821396640
453540873376
732662367392
366584562848
641462469792
658909725856
727612425360
662937306192
456778875984
731656782928
710113773728
664278419552
710383273104
727563142288
659917407376
728636884112
731858109584
664212374672
457767666784
732645573728
366499611744
710096995424
727276864608
439514055776
714391962720
456693924960
731571831904
367573353568
453490804832
711237846096
659698238544
728417715280
642518369360
645739594832
383746589776
658624496720
662919464016
453556603024
646024808608
366851934368
641729841312
435571411104
366836466848
641714373792
435555943584
710433850528
658894242976
452735812768
727613719712
458103473232
732981380176
641646216272
435487786064
710365693008
367842051152
642719958096
436561527888
366566982736
641444889680
366583776416
641461683360
658641552544
727361029280
659715294368
728434771104
731655996576
385106592864
659984499808
728703976544
439514073232
714391980176
387974465680
662852372624
456693942416
731571849360
642451277968
436292847760
711170754704
659631147152
731924169888
440654906464
366852211808
641730118752
435571688544
384032080992
658909987936
452751557728
371147179104
646025086048
385105822816
453825299552
452684170400
371079791776
440873010336
385038435488
453757912224
388259660960
663137567904
456979137696
389333402784
453825021072
452751279248
727629186192
641729840272
366768064592
383947933776
727545317456
367841806416
658909709456
385021675600
453741152336
728619059280
388242901072
659983714384
658842862672
452684432464
727562339408
383964955728
384032868496
658910775440
727630252176
367573615712
642451522656
436293092448
711170999392
388243145824
731840529504
389316887648
664194794592
732914271328
389115561056
663993468000
457835037792
732712944736
452399219808
439599252640
711238912160
366500676768
641378583712
457768732816
384032081040
658909987984
453759223968
645756388448
366567785616
641445692560
435287262352
710165169296
641377798288
435219368080
731657028704
384838419552
659716326496
453557896288
389133386848
664011293792
457852863584
732663415904
366500661328
435220138064
383680530512
452400007248
371869370448
389049239632
727277914192
384754272336
387975497808
456694974544
383966004368
658843911312
452685481104
658624758944
727344235680
664011048016
457852617808
452684186704
383697586336
370812684448
439532161184
731589937312
453490804896
456712030368
435304302736
452484171920
659716343952
453557913744
440873011280
645756373072
439597942864
714475849808
715549591632
658574166096
452415735888
727293642832
732997896272
453489477712
366584563872
388059382928
366786152544
710383536224
383966021728
727563405408
659917670496
728637147232
388260989024
436376717456
370862998608
371936740432
440656217168
452400268368
727278175312
384754533456
659632440400
453474010192
728351917136
439531112608
646026135632
439867705424
714745612368
663206004816
731925481552
658911037520
728704256080
659632457808
715751966864
366785874064
641663781008
710383257744
383965743248
658843650192
727563126928
371080841360
645958748304
728368710736
439532160144
456712029328
367591457936
436310934672
435237192848
452417062032
384771327120
453490803856
389066294416
457785771152
389400528032
458120004768
732997911712
728636885152
371868338336
646746245280
440587815072
642737800272
436579370064
711457277008
659917669456
453759239248
728637146192
366567786592
641445693536
435287263328
458121315424
732999222368
435237192864
366583761056
641461668000
383763630240
658641537184
727361013920
711254886560
659715279008
728434755744
710181144736
662936504480
728703994000
714744285280
664211310688
728702928992
646763006048
440604575840
389132077152
439849617488
714727524432
383746606240
435488588896
366852196448
435571673184
384032065632
452751542368
388327032928
385105807456
453825284192
389400774752
458120251488
732998158432
453809554528
728687461472
371869631584
646747538528
440589108320
457030780000
731908686944
440672994464
366785086624
641662993568
435504563360
710382470304
727277929568
370795644000
439515120736
714393027680
387975513184
710114034848
383696520352
658574427296
727293904032
370811618464
645689525408
715482743968
659648169120
383964693584
370862752848
642519434320
659699303504
457851815056
642535408784
658641536144
452483105936
645672765520
714392242256
728350885968
367573633104
642451540048
384753502288
659631409232
366499891280
371936757840
658558436512
452400006304
440924390496
435555697744
710433604688
642451522704
436293092496
711170999440
452734764176
658893194384
385089029264
453808506000
370794841232
645672748176
641662993504
435504563296
658842862688
452684432480
440941185184
458121054368
384032868512
366852195408
641730102352
435571672144
710449579088
384032064592
452751541328
727629448272
367925937232
642803844176
385105806416
645941183568
439782753360
714660660304
659698500768
728417977504
715465966736
440874075296
715751982240
366785889440
641663796384
710383273120
658843665568
727563142304
439867442320
372221707408
647099614352
440941184144
366852998288
641730905232
646813336672
435572475024
384032867472
366566720608
641444627552
453757928528
715751196816
710382487696
452684449936
727562356880
385038715024
659916621968
453758191760
728636098704
456979417232
731857324176
383696520288
658574427232
452415997024
727293903968
435572459600
710450366544
658910758992
452752328784
727630235728
731589658704
732663400528
371953255504
646831162448
436645413968
711523320912
452685218896
727563125840
641663779920
435505349712
710383256656
658843649104
642737521744
728418763856
384820593760
453540070496
731656766560
372220642400
440940119136
715818026080
367858828384
436578305120
371130385568
439849862304
714727769248
458036364448
372204127392
647082034336
440923604128
715801511072
663121052832
727545562272
371869631632
440589108368
658575213712
367591179408
436310656144
711188563088
384771048592
453490525328
366517437584
641395344528
452734502048
366500660384
641378567328
435220137120
367842837664
642720744608
711440221344
366566982816
456694990944
732645591200
714391980192
662852372640
367573371040
642451277984
711170754720
384753240224
659631147168
453472716960
435286214800
383746607248
658624514192
452466083984
370861705360
645739612304
384820349072
453539825808
388041574544
662937289888
456778859680
384031803552
658909710496
452751280288
440671963280
714661708944
647098549408
715818026144
659983451296
728702928032
711439190112
714660415584
372136773728
647014680672
440856250464
715734157408
710365448288
727545317472
385021675616
731907393616
440923359312
715801266256
664261658704
453808261200
456762099792
436579092640
452417046672
727294953616
370812668048
645690574992
731571848336
367573370000
715465720976
389048206480
457767683216
732645590160
710383257696
383965743200
658843650144
452685219936
371080841312
732931836000
367658289248
436377765984
711255672928
727630235744
728435804320
440671684752
371886409872
440605886608
371868337296
366785873040
641663779984
435505349776
641664043088
435505612880
710383519824
711457261648
642737784912
436579354704
714678487120
715752228944
645959010384
439800580176
714660414544
731840283728
728619058256
647014679632
456710703248
366784825488
458119989392
663204677776
728635820176
366851934352
641729841296
435571411088
731924431952
389400790096
664278697040
659983729744
367909962832
435488834704
710366741648
658827134096
452668703888
727546610832
457030780048
389385045136
366583498848
641461405792
435302975584
371148228752
646026135696
731573142608
642452310112
436293879904
711171786848
452400007264
727277914208
370795628640
645673535584
439515105376
714393012320
387975497824
642519418960
711238895696
731639990352
645740644432
439582214224
714460121168
662920513616
456762083408
728418764880
384837126224
731841317024
715802314896
367658567840
371953535136
366584826016
641462732960
710182209696
370879793312
645757700256
732730788000
646831442080
714477176992
663137568928
440940120224
714744285344
388058335392
456777812128
731655719072
366784825504
641662732448
435504302240
435220137040
367574402128
384754271312
436293878864
453473748048
711171785808
662853403728
456694973520
370795627600
731572880464
453556864096
663943152736
664211588192
732931064928
710382486624
732662629472
456778089568
370812667984
645690574928
387992537168
662870444112
371886409808
664212359264
388243146848
366500923488
641378830432
435220400224
710098307168
383680792672
658558699616
452400269408
727278176352
388244194464
388042867872
435488834720
732713993376
732646884512
664279746656
367927003232
642804910176
436646479968
641731168352
710450645088
658911037536
371147163792
439866640528
714744547472
389334714512
458054191248
732932098192
662920513680
731639990416
372203866256
367859615904
642737522848
642804893856
436646463648
389115562144
663205726368
732999207072
384837109920
659715016864
453556586656
728434493600
452416784544
731925203088
367926724752
436646201488
366852982928
641730889872
435572459664
384032852112
658910759056
452752328848
371147950224
384837370960
388327818336
663205725280
731925202016
439532160160
456712029344
367591457952
711255950480
710182208656
727362077840
389133124768
664011031712
457852601504
659967984800
728687461536
385105545376
372138067088
647015974032
372153534608
647031441552
641377798240
435219368032
731858371680
642737800288
711457277024
710383535200
366853260368
641731167312
435572737104
658911036496
452752606288
367927002192
388327032912
663204939856
436646478928
658843649168
452685218960
367859614864
436579091600
385039484048
453758960784
645958747280
439800317072
372154582160
664010246288
457851816080
732729723024
647032752208
440874322000
715734156368
646813599840
440655169632
715533076576
366567000144
727277913168
370862753952
645740660896
714460137632
711506298960
387974465616
731571849296
732645591120
388242883664
456962360400
641445692512
435287262304
710165169248
658625561696
452467131488
727345038432
645740659808
642519434336
366583760032
641461666976
435303236768
367657501856
457767946336
384753502304
453472979040
646746507360
732645853280
645672765536
439514335328
387974727776
710098323616
710181931152
383764416656
658642323600
452483893392
727361800336
370879514768
645757421712
714678225040
647032490128
440874059920
453472700560
728350607504
440587798672
732981135520
714678502480
647032767568
440874337360
715752244304
370879792208
370861950032
645739856976
384033129632
366500923472
641378830416
435220400208
710098307152
710449579104
727629448288
367925937248
642803844192
711523320928
372220904544
647098811488
715818288224
663942875216
731840268368
453741398096
366499890256
641377797200
435219366992
383679759440
658557666384
452399236176
370794857552
645672764496
367573632080
436293108816
389317675168
664195582112
732915058848
663942891680
732662368416
383948982416
366852998304
435572475040
710450381984
384032867488
452752344224
727630251168
371147965600
367926740128
642804647072
436646216864
366566738016
641444644960
435286214752
383746607200
664261658720
645739612256
367841806432
642719713376
366852212880
641730119824
435571689616
384032082064
658909989008
371147180176
646025087120
385106593952
659984500896
728703977632
641462454432
714745333920
732998944928
371886147744
664279468192
647099599008
371080841376
457851570320
732729477264
456712029280
366584824928
435304301664
710182208608
383764694112
452484170848
370812668000
645690574944
714475849872
732730787920
456980187216
731858094160
389401560160
664279467104
732998943840
710382486672
727562355856
642736751760
436578321552
711456228496
731638941792
732931064976
727293920400
370811634832
645689541776
714409018512
387991504016
662869410960
731588887696
388260726944
731858110624
440873288784
645757683792
371869370464
646747277408
440588847200
715466754144
711238911072
367573633120
436293109856
641713080416
658892949600
367908915296
642786822240
710181930128
389400774736
664278681680
732998158416
388259923024
663137829968
456979399760
731857306704
642535408800
436376978592
439532144800
452417046688
727294953632
645690575008
389048206496
663926113440
457767683232
367591442592
642469349536
711188826272
711170753696
384753239200
659631146144
453472715936
389065229456
457784706192
366584809616
641462716560
435304286352
366566737040
435286213776
383746606224
452466082960
370861704336
731925219472
385105544336
647082838096
456777828432
715483547728
389132093520
388327835728
371936479312
715533862992
645673534544
439515104336
371868583008
367640741968
436360218704
440588059744
715465966688
371131189344
457029486688
647015729248
715735205984
711187531872
387991242848
456710719584
664212621408
366786136160
641664043104
435505612896
732914025568
435487540320
452667409504
645940937824
659632195664
728351672400
641378584656
385022724176
659900631120
728620107856
458121300048
732999206992
389401823312
452752590928
372203881552
647081788496
389383750736
664261657680
435554649168
435487541408
710365448352
439531111584
456710980768
367590409376
436309886112
371147179168
646025086112
439866655904
714744562848
647098827936
440940397728
714410050704
387992536208
662870443152
731589919888
642469348496
711188825232
646764315792
715483792528
458054191264
732932098208
440655168592
715533075536
371935691856
646813598800
646008308832
439582229648
714460136592
645672765584
383747900512
714744301712
389334468752
458053945488
732931852432
642719713424
711439190160
440588863632
436579353680
385039746128
453759222864
457835825248
663994255456
732713732192
710165153888
642519418976
436360988768
732915336288
389333420128
664211327072
458052896864
731858355344
642804648096
436646217888
389115316384
458103228576
658641291424
388041819296
731639202976
645957699680
439799269472
714677176416
366836484176
641714391120
435555960912
710433867856
371130123408
370862753888
645740660832
439582230624
714460137568
371936495712
646814402656
366769096848
641647003792
435488573584
710366480528
366516406416
435235883152
388259677264
456979154000
662936504416
727277913184
645673534560
714393011296
662853403744
731572880480
731655981152
642452309088
641445676112
435287245904
710165152848
727345022032
659699287120
453540856912
389048453200
728350869584
711171000400
384753485904
457767929936
367573616720
367640479888
436359956624
714660415632
715734157456
646746245264
371935447184
440654923920
366566738064
641444645008
715819075744
435572459680
710450366624
457047296160
711524108448
367926724768
642804631712
372221692064
389334452304
728703992912
389115299936
663993206880
662937568416
664011310240
457852880032
715550917792
367658566816
732712683616
366584824992
641462731936
371886425232
440605901968
388328096912
457047573648
731925480592
389401838736
664279745680
663927163024
645673552016
387975514256
662853421200
641378584720
732931852448
646026135648
439867705440
714745612384
385106871392
659984778336
453826348128
388328096864
663206003808
457047573600
389401838688
664279745632
642536195216
436377765008
711255671952
385039484064
453758960800
728636867744
388260709536
456980186272
731858093216
389334451360
458053928096
439800318112
715751965856
732931048528
731638940752
663188178000
731925202064
385106592912
659984499856
388243949648
663121856592
372137822288
647015729232
389317691472
664195598416
366769113168
728636082320
388259924112
731857307792
641662994576
710382471312
732998961296
662937553056
456779122848
731657029792
731638957216
371869369424
646747276368
715466753104
384015042720
658892949664
453808261280
728686168224
663926114464
457767684256
646025857168
439867426960
714477175952
389115578464
663993485408
732645574816
366499612832
659716342944
728435819680
732999222432
456980464800
389334729888
458054206624
388059661472
646814402720
452734781536
389115299984
663993206928
732712683664
366566721680
641444628624
435286198416
383746590864
658624497808
370861688976
645739595920
452667394208
436376716432
646814401680
440655971472
715465984144
728619042912
452667394144
732914010208
663120791648
456962361440
731840268384
389316626528
664194533472
435487524960
710365431904
366786136208
385088768080
453808244816
663187900496
457029470288
452734502992
439849601104
458103212112
366566983840
662870181984
457767945312
384753501280
659631408224
453472978016
728350884960
646746506336
440588076128
715465983072
389048468576
732712961104
645739873360
714459350096
662919742544
731639219280
715533091920
389334713488
664212620432
458054190224
727546611808
732932097168
732712944800
727612410000
383746868368
658624775312
452466345104
715735450720
647031441504
440604853344
646763283552
715482760288
658909989024
663204956320
641730119840
642452587664
711172064400
389333419088
458052895824
664211326032
383947916368
658825823312
457851816032
732729722976
731656784032
715818027088
384754288784
435555698832
710433605776
367909963920
436629440656
711507347600
440940136608
715818043552
664211588256
731908687008
457046247584
663204677792
731924154528
372221970528
440941447264
647099877472
710164105296
645959025760
714678502496
646024823952
439866393744
372154583200
647032490144
440874059936
371886425248
663993205840
732712682576
642736752800
711456229536
435304286368
452484155552
727362062496
384838420640
727343989920
659716327584
453557897376
453539824800
456761050272
732931851408
389133387936
664011294880
457852864672
663993222304
732730771616
439867704400
388311058592
731908442272
732713748640
389384800416
371936495776
727345039520
366567786656
372221692048
440941168784
366568048736
641445955680
715550917776
710165432416
728704239712
727630497888
385106856032
659984762976
728686167136
715819337824
457047558240
387975758944
440873272480
715751179424
389116626016
457836102752
664010000480
659649217696
453490787488
728368694432
439532143776
714410050720
387992536224
662870443168
456712012960
731589919904
452667671648
727545578592
383764677776
658642584720
384838419600
452400285776
453557896336
366584808592
641462715536
435304285328
453474027600
642452588624
435220416592
710098323536
659699304592
452400022672
727277929616
645756373088
439597942880
714475849824
727563388000
385039746144
453759222880
728637129824
710383518816
456980448352
389334713440
458054190176
732932097120
728704238672
385106854992
366853243984
641731150928
710450627664
384033113168
658911020112
727630496848
659984761936
388328080464
663121053776
663943923808
732663400544
728620353632
642736490576
383747638368
727345022048
384821380192
366567769184
388042605664
456762082400
389116347488
659917670544
453759240336
663138896016
664212637840
458054207632
389065229408
659631392864
453472962656
384753485920
389048453216
663926360160
457767929952
384820594768
659698501712
710164367440
658624759888
727344236624
728417978448
367640725584
659647907984
453489477776
664011049120
457852618912
711171803296
384754288800
659632195744
453473765536
452400023712
383747655824
658625562768
732982428832
389400512672
458119989408
436359940176
647032767584
439582229600
714460136544
370794858592
372220658832
715818042512
384032851104
658910758048
452752327840
731841333344
727546366048
366852981920
641730888864
435572458656
642736736416
658842863776
370878727328
645756634272
439598204064
641662994592
383964956832
727546628176
664262707280
658893998160
646009096272
663188965456
457046509712
727629449360
731924416656
641730103440
435571673232
658909972624
452751542416
385105807504
389401823328
664279730272
366517700768
732981134432
367658566736
642536473680
436378043472
384838435920
453557912656
366584824912
641462731856
659900631136
728620107872
663926114448
457767684240
663204676752
457046246544
731924153488
714393027728
662853420176
456694989968
367574418576
642452325520
436293895312
711171802256
384754287760
659632194704
457785754784
728702928016
440941446224
645739874384
370861967440
453826069664
385038698656
367910224992
642788131936
436629701728
711507608672
440874058896
710182193296
663927425104
663205987408
731925464144
731841332304
372137821264
710164105376
452466067616
727343974560
646747538592
715533879456
389133386896
457852863632
659983714448
453825284240
728703191184
453473764496
728351671440
663206003872
731925480608
715534124128
371952207968
440671684704
439530832992
435302991952
710180898896
435287524432
710165431376
714408739936
385106871440
371935708304
439850927248
714728834192
664211588240
453808244832
728686151776
435555698848
456761312352
435286475872
710164382816
452466345056
714661725344
457784722592
383764694176
658642601120
727362077856
366499611808
641377518752
435219088544
710096995488
658557387936
452398957728
727276864672
642518369424
663993205904
439581164688
714459071632
662919464080
452466066576
727343973520
732982183072
385105544272
659983451216
646763005008
715482481744
388326769744
663204676688
457046246480
440856233056
366768047200
383947916384
385021658208
659899565152
453741134944
728619041888
388242883680
456962360416
372203865168
715801248848
385088767056
453808243792
728686150736
367908897872
436628374608
435571688608
452751557792
385105822880
663205741648
731925218384
367657519264
436376996000
366768064656
641645971600
710365448336
383947933840
371063031952
659899582608
388242901136
731840284816
453757912160
728635819104
440873010272
458052879456
388058334304
662936241248
714393028688
646814401632
440655971424
715533878368
370879513744
371952469152
646830376096
440671945888
389316642896
458036119632
659984779344
389400511632
458119988368
732997895312
727344252000
728636868752
371935709264
440655186000
439514334288
659698239648
728417716384
641731151952
435572721744
388059645072
715465705616
456695235680
642536458384
436378028176
711255935120
642518385808
389401822288
731639203920
453742199888
711255934112
452484154528
435304285344
440589125728
452400285792
439515383904
456695253088
370863016016
439582492752
384821659728
456762361936
664279745696
731639220384
711239173200
436376733776
711254640720
436361266256
367657257040
371148211296
646026118240
440941429856
715819336800
663205987424
458037151824
453742184528
728620091472
372137805904
389317675088
366769096784
641647003728
658641274960
727360751696
457784461392
453489494096
371885115472
439515382864
371869647952
646747554896
715467031632
435220415568
452400284752
732646900816
372221690960
440941167696
389401560144
458121036880
440874058832
715751965776
452467393696
371064064144
645941971088
642737801376
436579371168
645959026848
439800596640
714678503584
647032768672
710164367456
642518632544
436360202336
711238109280
645739858016
439581427808
714459334752
731655718048
727545301088
642468299856
436309869648
436645431392
711523338336
367858567328
711455951008
642737800336
647032767632
714392224864
731572094048
436361005216
384821397600
659699304544
710164366416
714459333712
662919726160
367640724560
642518631504
711238108240
383680545888
366785872992
641663779936
435505349728
383965742176
658843649120
452685218912
367591179360
436310656096
710114035792
372153796688
389333665872
366785087568
371869386832
646747293776
642737784928
436579354720
436561282144
646831162512
440672732304
715550639248
367909963872
436629440608
440924407904
439850666080
372204931168
435555698784
384016091232
367925938336
642803845280
436645415072
714744547488
372220905632
647098812576
440940382368
646025070752
710449580192
711507592336
436376994960
711254901904
367925676176
642803583120
366784824464
439867442336
371080071328
714677455008
383747654736
383679760464
727277144144
370795644064
659698517088
453540086880
728417993824
642736473232
436578043024
711455949968
659916342416
453757912208
728635819152
664211309712
642519434384
436361004176
711238911120
371868600464
387974727824
662852634768
367573633168
727361012880
456694991008
715734141008
728350606496
367926986832
436646463568
367908914256
642786821200
641647019104
367858828448
436578305184
711456212128
371080053920
645957960864
439799530656
714677437600
372153795744
658842600528
436629439568
711507346512
439850665040
714728571984
440924406864
715802313808
642803844240
371147162768
646025069712
714660677712
714744546448
647014942800
647098811536
710449579152
715734419536
642719975504
711439452240
715467015328
645958748320
641663010976
453474010208
388042623120
662920530064
659698238608
439866640480
372220905568
440940382304
458053142624
372205175952
371063030928
453556586576
728434493520
367640462496
436359939232
711237846176
370861687968
645739594912
732712682656
371935429792
440654906528
453489476768
642803582112
711523058848
641662731424
658842600608
383680809104
658558716048
452400285840
727278192784
440924670032
714677192784
645957716048
439799285840
384821658784
659699565728
453541135520
728419042464
659715033248
728434509984
715735189648
371885115536
440604592272
642786804832
711506281568
714727507040
647081772128
715801248864
435554632800
727612408928
435302975648
367574665296
436294142032
371869632592
440589109328
370795890768
664009983136
457851552928
732729459872
388311320736
663189227680
457030797472
731908704416
439782508704
714660415648
663993223248
367908915344
439849617552
453473764448
663205988432
457047558224
435304286288
710182193232
452484155472
727362062416
715550902352
457852864592
732730771536
658910775456
711523337296
711238895712
372221707424
647099614368
372153813152
388041573456
370861704272
710365447248
646813353040
711439189072
366566736976
367640478800
642719712400
436561282192
645959010448
714660414608
366768063632
641645970576
383947932816
456778859664
731656766608
664011031696
728703976592
439531881616
714409788560
440605623440
456779139216
453556847760
728434754704
388327818400
731925202080
731857307808
456779121808
715818305680
714677453968
727345301600
440656234592
728419043424
711239174240
715534141536
642452310176
436293879968
711171786912
452400007328
727277914272
370795628704
439515105440
387975497888
662853404832
367641512080
642519419024
436360988816
711238895760
641445677200
435287246992
663138879584
456980449376
731657029728
710182193248
664011294816
647014679696
440856249488
645740644496
439582214288
714460121232
367842838624
436562315360
641647003744
645941971040
439783540832
372137805920
371868337248
440587813984
389048206432
457767683168
435555682384
710433589328
367909947472
642787854416
436629424208
711507331152
385089816656
659967723600
439850649680
659699565648
387992291408
389317937248
664195844192
732915320928
435235883104
367590148192
452685218976
727563125920
710114821280
383697306784
658575213728
727294690464
370812404896
645690311840
387992274080
732714009680
457851570256
715818289296
658574428304
436293878928
711171785872
435220137104
439515104400
647031457872
440873027664
715750934608
710449317984
732999223456
366853261472
641731168416
435572738208
710450645152
658911037600
452752607392
727630514336
367657240736
435488572496
366769095760
440857281616
715735188560
367842837584
436562314320
439783539792
714661446736
366516405328
435235882064
710113789008
436309623888
711187530832
440604591184
715482498128
367590147152
642468054096
439800580256
367640478816
714476128416
435302974608
663944185936
389048206416
663926113360
732645590096
367927002256
366853260432
435572737168
367640724576
436360201312
384033129616
659984500816
371935691872
646813598816
440655168608
715533075552
647031703712
715751180448
370878728352
645756635296
714476112032
646830377120
453489739936
383746589792
658624496736
727343973472
731924170896
663944202400
659984517280
439849617504
711171785824
372154599568
440874076304
715751983248
646814401616
366500676688
383680545872
370795643984
710182208672
453825283152
728703190096
732915075168
641445692576
658625561760
645740659872
389048469664
456694204576
711171016864
384753502368
435219368096
664011311248
457852881040
388260710544
710164383888
642518648976
711238125712
645739874448
714459351184
646813616272
458121036960
732998943904
664211572896
658910774416
456761034912
731638941856
453825299616
642519417936
436360987728
711238894672
439530850400
647031719056
715751195792
370879776912
714477160592
366836221024
710433604704
384016090208
642787869792
371131188320
458120250528
732998157472
715818288288
366768326752
383948195936
727545579616
371063294048
646747277472
440588847264
715466754208
435220154512
710098061456
641713342544
658893211728
728686430288
641730102432
435571672224
710449579168
367841790096
642719697040
710382487712
732998158480
389049255056
457768731792
711171015824
384753501328
659631408272
728350885008
371868599440
646746506384
715465983120
714728556624
439582491728
714460398672
439597959248
714475866192
440924652688
371936479376
646814386320
715533863056
659967738976
440588862560
388311057504
663188964448
664262706272
371131189408
714728573088
371868600400
732663416912
388243162192
456962638928
731840545872
732914287696
366768325712
641646232656
710365709392
383948194896
711439451216
664011294864
436310919312
727630497936
732730771600
385106856080
659984763024
728704239760
728704238736
658624759952
367925676128
642803583072
711523059808
388041573520
457029485712
663993222288
457834792080
645672502416
387974464656
662852371600
732915319888
732930787408
663927408736
457768978528
732646885472
714393274464
387975759968
731573143648
642452572256
711172048992
732713994320
456762345552
731640252496
371936741456
646814648400
440656218192
715534125136
389116610640
663994517584
457836087376
458037429408
389333420192
732930803872
388310010016
440671963296
384820611168
731840546912
728619321440
383679481936
658557388880
456762099808
436579354784
389066279072
646026119328
647099861152
383966005408
659698238560
453539808352
389385061520
664262968464
728367384656
662869133392
456710703184
732646884432
389064968272
439515366480
714393273424
456695235664
659917407392
728636884128
646025872528
647081789536
645959010400
439800580192
372203881632
387974464672
367573370016
642451276960
435572737120
439850910864
439598220432
457784706144
371886409888
371868337312
452685482144
385039747232
389334714528
732999223376
389401823376
664279730320
732999207056
435505349792
659966690448
664261657744
710383256736
710432556176
731639219296
436309887056
711254902864
367657519184
439799547984
367843117136
732712683680
659984516240
439867689040
714677454944
371081119840
727362061472
440857282656
371885115488
715482499168
641647020112
711439452256
646831425680
440672995472
715550902416
646813353104
440654922896
367574419600
436293896336
710450365584
439867705504
714745612448
389317690448
732915074128
436645414048
711523320992
453759222928
456980448400
727345023136
732713732256
384821381280
453540858016
388042606752
731639990432
389116348576
663994255520
383747917904
384016073824
727613457504
658826086496
658641290336
372204914768
440924391504
715802298448
440656233552
715534140496
440671701072
439530849360
714408756304
372137018464
711506561104
647014925408
715734402144
658641274976
440673011856
659698518160
728417994896
367858845840
642736752784
436578322576
711456229520
711188579424
384753484944
715466753168
715802298464
659967723616
728687200352
710433589344
727613458528
664262690912
440924407968
711440500816
366568048720
714661726288
439783556256
388058335312
388042867792
646830131296
715549608032
659715033184
728434509920
662920791136
715482761376
453472979104
664010262688
731925481632
440941447328
384754271392
453473748128
728351655072
387975496864
662853403808
456694973600
389049238688
457768715424
732646622368
383680529568
384821380240
456762082448
367641511056
387974711440
452399219856
662920791200
456762360992
731640267936
711440484432
371869385872
385022706784
659900613728
728620090464
388243932256
663121839200
366769095776
641647002720
383948964960
658826871904
371064063072
659967722576
453809292368
728687199312
663188948048
664262689872
458104259664
366836204624
727613457488
642787853392
383948179536
658826086480
659899828304
728367400032
659647923296
715482498144
658642322512
452483892304
452482860112
659715032144
728434508880
662936257616
664009999440
732729476176
658641290320
641461421136
435302990928
731655734352
371147966544
646831179920
658911036576
659984778400
388328096928
436294158432
385090095200
440873011360
435504318608
389116364896
385022724240
389317691536
366769113232
664211326096
458052895888
456778860688
664010246304
732729723040
387991487648
440874322016
366786152528
641664059472
439582214240
714460121184
456963425440
389317690528
456962640016
731840546960
664194812048
732645853328
662919743632
458036381840
663993485456
371952485520
440671962256
389317674080
436310935696
711188842640
458054206544
732932113488
388042622032
456762098768
731572111440
367859614880
436579091616
389383735392
664261642336
458103212128
732981119072
659632457824
384033113184
658911020128
452752589920
456778073232
732645573792
715819337808
372221954128
645959009360
384838419616
453557896352
728435803296
367842854992
367926723728
642804630672
711524107408
728619042976
732914010272
715734141088
388309992528
453541136464
389049500768
663927407712
457768977504
658826872912
383696275536
658574182480
659631408288
663926375584
662852633760
659967722592
384820610192
453540086928
388041835664
662919742608
456761312400
389115577488
366566999184
384754272400
659632179344
641445939280
435287509072
710165416016
715465984160
457767946400
439867704464
456962638944
732729460816
658893210704
452734780496
385089045584
453808522320
664261919824
458103489616
453741134992
728619041936
458036102288
732914009232
457030796384
383697324112
659648972880
728368449616
389066033232
371886164048
728350868624
664262690976
663994533024
715734419600
439597942944
456762345568
452467378272
457836087392
384821643360
453541120096
389116610656
659716064336
389383996576
664261903520
458103473312
372221708368
453742446752
453489756320
714477160544
370861704288
645739611232
714459087968
641378584672
367843116176
367858583696
436578060432
731925203024
435304023200
366500922464
641378829408
383680791648
658558698592
452400268384
370795889760
645673796704
384754533472
659632440416
711254624336
367641773136
436361249872
384821642320
453541119056
383747900496
389116609616
457836086352
457852602512
659967985808
453809555600
389065229472
384837388432
659715295376
453556865168
383696536720
663205742752
711457278032
646814386272
440655956064
367640741984
371869649040
715467032720
731908704400
366499890272
435219367008
710097273952
715750917264
728704239776
658911021216
715819337888
659984763040
385088783520
711524370592
663205988512
389116363856
731924415568
663994270800
727545316432
452667655248
453826331744
452466329696
727344236640
727293641808
456710702160
453489476688
436309607504
659632457872
453474027664
662853683344
366500939920
384753239184
728350622864
457046525088
714460120144
439514318928
452685498528
662853665888
641713064016
710164382800
727563388064
659917653152
728637129888
710383518880
389383734352
727630496912
659984762000
453826331792
372138084432
647015991376
715735468112
385022986320
641713080480
384754549840
453474026576
385022707792
659900614736
384770017360
659647924304
664279730336
731858355360
732997912720
367641774160
642519681104
711239157840
641394296912
435235866704
435220399184
663122118816
372221969552
663942874192
710366480544
453741397072
728619304016
389385061472
458104538208
732982445152
646814385312
440655955104
663994254496
452467115168
715465720992
384821380256
659699287200
728418763936
711255950496
453472962720
370794842272
439514319008
457047557264
646813599888
659698501776
731841315920
435304023120
371146901600
710164104288
664011031648
732730508384
710433588320
714728555616
647082820704
645941184608
663121053792
658893195344
659966937168
647082035280
646830130272
659715032160
659984516192
728636098656
389132092560
439514317968
714392224912
435219350672
710097257616
727277126800
646831425632
715550902368
371935446112
642452326496
366852981856
641730888800
710450365536
711171803232
371064080544
715734140048
728434492560
727630234768
439598990480
367658288288
642536195232
436377765024
440856495184
715734402128
728703207504
731638940768
383949244496
440941167776
641444627616
385088767136
659966674080
385022968976
731858109600
710449580112
367841790048
436561266784
388041558160
389401560208
728417978464
715533861968
728637147296
711238124624
367640740944
366768047184
641645954128
642786805920
711506282656
371130124448
647081773216
728686151840
715801249952
366835157152
711170737296
439866639520
371868600480
366786136224
658624758864
664194549904
664212620448
456694188192
456762082464
731639989408
384015026336
436309608528
711187515472
715550656608
727612687456
435487524000
389317953616
664195860560
367842838688
642720745632
367590148256
642468055200
642469103712
711188580448
714409805920
646764071008
658575231072
727294707808
645690329184
715550656592
645757438032
662937307216
731656783952
727361816656
664279729296
458121299088
727278175392
436310935648
440589109392
642535164048
645942249632
711439434912
366517453904
641395360848
370812421200
658641275024
727360751760
714744546384
371080053840
435505350736
642804630624
711524107360
646024823968
367641773152
711239156832
732712682592
370862998624
371936740448
453758190672
659632179296
453473749088
728351656032
732931851424
440672994384
366785086544
646026134624
436294158496
371869649056
453472961632
389333682320
664211589264
662919481488
645957960800
731657028768
645941987408
727629449376
646747293840
714745332880
371148211360
646026118304
435287247008
659698500688
728417977424
731908424800
711440222352
714661447824
646747554960
715467031696
714393289872
662853682320
727345038480
439782769744
714660676688
659966675104
367858583648
642736490592
436578060384
367926986896
711524370576
642786821264
663188162640
641444889760
389133125728
732730509408
435286460576
367640725664
439581427872
456694187152
715735451728
384754533536
453474010272
728351917216
714727770208
647082035296
715801512032
642451261520
659631130704
366499612752
714459072592
662937289808
715465966752
384753239136
453472715872
663138878544
389048207520
372203866208
647081773152
715801249888
385021659232
710182193312
642719975568
436561545360
439782770832
714660677776
647014942864
440856512656
436646462560
388328080480
732730770592
641445954656
715819074704
457836103760
732914272352
439598204048
658909971600
367908897952
711506281632
371130123424
646008030368
372203865248
440923341984
731840529488
732982167632
367842838608
664011031632
659917407312
435235882080
440940381344
453825283232
388327031968
663204938912
457046508704
646746506400
453825038496
642451260512
663121840224
456762083424
647082821728
732729459808
728434492512
711254623328
663121840288
658624775248
727344251984
384820610128
728417993808
732915058768
732662368336
642787854480
728619321424
711187531936
662869149856
731588626592
439867688080
647099860112
440941429904
452482861200
659715033232
731655735440
711254640784
664010000528
385038452832
659916359776
453757929568
728620368992
389400528976
366851950672
435571427408
732645852256
714409805904
440671963216
715549870160
732931065952
731638958176
456779121824
436378027168
710182192288
367658550432
641731151008
714477159584
714678486176
647032751264
435572720800
457852863648
641729857680
711172065424
731655997600
715466770528
385089029216
453808505952
457029731424
389383996512
458103473248
452399237216
385089832096
389384799392
383746869328
366516406352
367590148176
384031819856
440604592208
731924170832
436294158416
659967723664
367574680656
711172064336
731639202896
366853260448
456962638992
389316904080
458036380816
715802559632
715549869200
642535162960
728419027088
732713994384
715533863072
658826872992
659900614816
384031803488
435505350752
372205192288
658894243920
659967985744
732982429776
658574444640
727293921376
658641553488
728434772048
731655997520
732729739344
389064968336
457784445072
710113773712
731588610192
663942875280
384770001040
385021936784
453741413520
366568031328
663205726352
371885099152
646763006096
440604575888
645690312864
457767928928
366785890384
641663797328
367859632208
642737539152
710181947472
645740922016
658625823904
385090094176
732915057824
659900613792
731841316000
453809292432
457030517904
389384782992
646763021472
440604591264
659647923360
370878481552
645756388496
371952223376
452482860176
384837125264
388058350736
662936257680
453757928544
389333419104
458052895840
732930802784
715818042448
659983467600
728702944336
388326786128
663204693072
732997911632
715818043536
658575213664
440873027744
715750934688
659647924384
642468300880
711187777616
645689526352
439531096144
646763268176
658574428240
727293904976
641444906128
435286475920
647032506448
440874076240
658843666512
659917408336
710165416096
367641774240
711239157920
646814648480
715534125216
727345285280
728419027104
711172048032
710098306208
435505367184
436562576480
439783801952
440857543776
659967984720
367910208592
440924652624
366583776336
435303253072
659715294288
440671962192
389066033312
645941970016
435220153488
710098060432
711507330208
715802297504
642469348432
435303236704
452483105888
711254886480
728434755664
715549853776
658894260304
731571831888
732645573712
436579107920
439800333392
440874075216
659715295392
388326770784
663926096992
663942874272
732915057744
731573159056
641378583648
642787067984
646008293456
435237192784
452417061968
389066294352
453490803792
731588625488
732662367312
