1466011239760
1488645031568
2588156659344
1763522938512
1487772337808
2587283965584
1762650244752
2862161872528
2863034566288
1758355278496
1467421574480
2566933202256
1742299481424
2841811109200
1540436298080
2639947925856
1815314205024
2914825832800
1539310913888
2638822541664
1814188820832
2913700448608
1483476600464
2582988228240
1758354507408
2857866135184
1551911635616
2651423263392
1826789542560
1470659840400
2570171468176
1745537747344
2845049375120
2926301170336
2570171484832
1540167861856
2639679489632
1815045768800
1539295168096
1535067327056
2634578954832
1809945234000
2909456861776
2638806795872
1814173075040
2913684702816
1539042477664
2638554105440
1813920384608
2913432012384
1763506160976
1471381276064
2570892903840
1746259183008
2845770810784
1470391404176
2569903031952
1745269311120
2844780938896
1814239413920
2913433062048
2909390015136
1746257872544
1466029065632
2565540693408
1740906972576
2840418600352
1534748542368
2634260170144
1809626449312
2909138077088
1483208934816
2582720562592
1556289440352
2655801068128
1831167347296
2930678975072
2639964703392
1470374626976
1539312223904
2569901722272
1488628238752
2588139866528
1763506145696
2863017773472
1487502854560
2587014482336
1762380761504
2861892389280
1552246393440
2651758021216
1827124300384
2926635928160
1745536452944
2845048080720
1483459807648
2582971435424
1758337714592
2857849342368
1831353223776
1484551375504
2584063003280
1759429282448
2858940910224
1483191371424
1540167861648
2639679489424
1815045768592
2914557396368
2582702999200
1758069278368
2857580906144
1813920384400
2913432012176
1540117252704
2639628880480
1814995159648
2914506787424
1466347062864
2565858690640
1741224969808
2840736597584
1466346784160
2565858411936
1741224691104
2840736318880
1809877337488
2909388965264
1809944167840
2909455795616
1471380212368
2570891840144
1746258119312
2845769747088
1828148497056
2862967457184
1488626944352
2588138572128
1763504851296
2863016479072
1487504165216
2587015792992
1762382072160
2861893699936
1745453599392
1470642816672
2570154444448
1745520723616
2845032351392
1746326293152
1745200908960
1758422387040
2857934014816
1556289440144
2655801067920
1831167347088
1759427988048
2858939615824
2930678974864
1467168867936
2566680495712
1742046774880
2841558402656
1535888344672
2635399972448
1810766251616
2910277879392
2587081606560
1467153418912
2566665046688
1742031325856
2841542953632
1552246393232
2651758021008
1827124300176
2926635927952
1535872895648
2635384523424
1539043788112
1471665424736
2571177052512
1746543331680
2846054959456
1535084102992
2634595730768
1809962009936
2909473637712
1470373316960
2569884944736
1745251223904
2844762851680
1746342791760
2857849079376
1483191109200
2582702736976
1758069016144
2857580643920
1551910585936
2651422213712
1826788492880
2926300120656
1470306207312
1540117252496
2639628880272
1814995159440
2914506787216
2588339898000
2584130127504
1471396988512
1467169147472
2566680775248
1742047054416
2840685988432
2841558682192
2570908616288
1746274895456
2845786523232
2655802378576
1831168657744
2930680285520
1483191109216
2582702736992
1758069016160
2857580643936
1551910585952
2651422213728
1826788492896
2926300120672
1470306207328
2569817835104
1467421854304
1471464901280
1758086858080
2857598485856
1551928427872
2651440055648
1826806334816
2926317962592
1470324049248
2569835677024
1745201956192
2844713583968
1556273972640
1466280725152
2565792352928
1741158632096
2840670259872
1535000201888
1553052501344
2652564129120
1552263169376
2651774797152
1827141076320
2926652704096
1827930408288
2927442036064
1742299761312
2841811389088
2583776479840
1759142759008
2858654386784
1815329917264
2914841545040
1556290767264
2655802395040
1831168674208
2930680301984
1758085810848
2857597438624
1557549058704
2657060686480
1832426965648
2931938593424
1746527619424
1467153417872
2566665045648
1742031324816
2841542952592
1535872894608
2635384522384
1810750801552
2910262429328
1484333287056
2583844914832
2930663523936
1557564524192
2657076151968
1832442431136
2931954058912
1540452026784
2639963654560
1815329933728
2914841561504
1814978397520
2914490025296
1746258920784
2845770548560
2639612118352
1557280359760
2656791987536
1832158266704
2931669894480
1831352960336
1487487124816
1539295431312
2638807059088
1814173338256
2913684966032
1539042740880
2638554368656
1813920647824
2913432275600
1539025701520
2638537329296
1813903608464
2913415236240
1487486093968
2586997721744
1762364000912
2861875628688
1540436280992
2639947908768
1815314187936
2914825815712
1556542163296
2857580922192
2656053791072
1831420070240
2634594683536
1809960962704
2909472590480
2583039346000
2930931698016
1466296470112
2565808097888
1539310896800
2638822524576
2927710733904
1484601722448
2584113350224
1759479629392
2858991257168
1553321199184
2652832826960
1828199106128
2914825832016
2657127794256
1540167600544
1557565834848
2657077462624
1832443741792
2931955369568
1556273727072
2655785354848
1831151634016
2930663261792
2858721494416
1466280724112
2565792351888
1741158631056
1759142758800
2858654386576
2840670258832
1535000200848
2634511828624
1809878107792
2909389735568
1471648384336
2571160012112
1746526291280
2846037919056
1828148775568
1488912156304
2588423784080
1763790063248
2863301691024
1466096453264
2565608081040
1740974360208
2840485987984
1534815930000
2634327557776
1809693836944
2909205464720
1483276322448
2582787950224
1467438613840
2566950241616
1742316520784
2841828148560
1758085809808
2857597437584
1551927379600
2651439007376
1826805286544
2926316914320
1470323000976
2569834628752
1745200907920
2844712535696
2634242344608
1809608623776
2909120251552
1483191109280
2582702737056
1553051454112
2652563081888
1827929361056
2927440988832
1551928674976
2651440302752
1826806581920
2926318209696
2931737266848
1540434986592
2639946614368
1815312893536
2914824521312
1539312207456
1535084366416
2634595994192
1809962273360
2909473901136
2638823835232
1814190114400
2913701742176
2588156660320
1471648400800
2571160028576
1746526307744
2846037935520
1470658528912
2570170156688
1745536435856
2845048063632
2931736988320
2927441250976
1826788771488
1487821899104
2587333526880
1762699806048
2862211433824
1746594727584
2846121822880
1759159534944
2858671162720
1536089934496
2635601562272
1810967841440
2910479469216
1557565834640
2657077462416
1832443741584
2931955369360
1758354245200
2857865872976
1552195814992
2651707442768
1827073721936
2926585349712
1487771305552
2587282933328
1762649212496
2862160840272
1831151633808
1557363459744
1488895363488
2588406991264
1763773270432
2863284898208
1467152352928
2566663980704
1742030259872
2841541887648
1535871829664
2635383457440
1810749736608
1553052764768
2652564392544
1827930671712
1552180071008
2651691698784
1827057977952
2926569605728
1551927380576
2651439008352
1826805287520
2926316915296
1487486077584
2586997705360
1762363984528
2861875612304
1759144085920
2858655713696
2845837919584
1471649711456
2571161339232
1746527618400
2846039246176
1488626927264
2588138555040
1763504834208
2863016461984
1540434986384
2639946614160
1815312893328
2914824521104
1539312207248
2638823835024
1552263957088
1466280740432
2565792368208
1741158647376
2840670275152
1809609688416
2909121316192
1483192173920
2582703801696
1758070080864
2857581708640
1551911650656
2651423278432
1826789557600
2926301185376
2931955352992
1551910603424
2651422231200
1826788510368
2926300138144
1470306224800
2569817852576
1539025701536
2638537329312
1488896674144
1553068213584
2652579841360
2841827101328
2588408301920
1487771289952
2587282917728
1762649196896
2862160824672
1488643983712
2588155611488
1763521890656
1470659856032
2570171483808
1745537762976
2845049390752
1745537764000
1467101776288
2566613404064
1741979683232
2569819162016
1745185441184
2844697068960
1539027010976
2638538638752
1813904917920
2913416545696
1487487403424
2586999031200
1762365310368
1466096437648
2565608065424
1740974344592
2840485972368
1534815914384
2634327542160
1809693821328
2909205449104
1483276306832
2582787934608
1488628237920
2588139865696
1763506144864
2863017772640
1483527703120
2583039330896
1487502853728
1758152919632
2857664547408
2587014481504
1762380760672
2861892388448
1488577645216
1557280605600
1553052764560
2652564392336
1827930671504
1552180070800
2651691698576
1827057977744
2926569605520
2927442299280
2656792233376
1758337713760
2857849341536
1466096453280
2565608081056
1740974360224
1483276044880
2582787672656
1758153951824
2857665579600
1551995521616
2651507149392
1826873428560
2926385056336
1487571012176
2587082639952
1553320920480
2652832548256
1828198827424
2927710455200
1553068230048
2652579857824
1827946136992
2927457764768
1470390356320
2569901984096
1745268263264
2844779891040
1487487404704
2586999032480
1762365311648
1471648647760
2571160275536
1746526554704
2846038182480
2861876939424
1483527719584
2583039347360
1758405626528
2857917254304
2566614452816
1741980731984
2841492359760
1467370211680
2566881839456
1742248118624
1466281002336
2565792630112
1741158909280
2840670537056
1535000479072
2634512106848
1809878386016
2909390013792
1483460871520
2582972499296
1814240445856
1556557875536
2656069503312
1831435782480
2930947410256
1763723199904
1557279311200
2656790938976
1832157218144
2931668845920
1471648664224
2657060406672
2841744000400
1826806597968
1810951849360
2910463477136
1763707209104
2863218836880
1832426685840
2931938313616
1466279955104
2565791582880
1741157862048
2840669489824
1553069540704
2652581168480
1827947447648
1552196846944
2651708474720
1827074753888
2926586381664
2927459075424
1557296088464
2656807716240
1810699158928
2910210786704
1832173995408
2931685623184
1484281644432
2583793272208
1556557892000
2656069519776
1831435798944
2930947426720
1556273990288
2655785618064
1831151897232
2930663525008
1536089950544
2635601578320
1810967857488
2910479485264
1534797842768
2634309470544
1809675749712
2909187377488
1556542146208
2656053773984
1831420053152
2930931680928
1556289455776
2655801083552
1831167362720
2930678990496
1552246408864
2657076135520
2651758036640
1827124315808
2926635943584
1810952111696
2910463739472
1471733336672
1535821514320
2635333142096
1810699421264
2910211049040
2571244964448
1746611243616
2846122871392
2857597420880
1540385704352
2639897332128
1815263611296
2914775239072
1810682628512
1540435249808
2639946877584
1815313156752
2914824784528
1745201940896
2932005422752
1471665177936
2571176805712
1746543084880
2846054712656
1540384654672
2639896282448
1815262561616
2914774189392
1484550079824
2584061707600
2913499104928
2931752732320
1556559202656
2656070830432
1831437109600
2930948737376
1540117268128
2639628895904
1466096437664
2565608065440
1534815914400
2634327542176
1809693821344
2909205449120
1483276306848
2582787934624
2927458011728
1556290766432
2655802394208
2930663523728
1831168673376
2930680301152
2639611332256
1466279954064
2565791581840
1759159798160
2858671425936
1741157861008
2840669488784
1534999430800
2634511058576
1809877337744
2909388965520
1487504180640
2587015808416
1762382087584
2861893715360
1470373315920
2569884943696
1745251222864
2844762850640
1763505113744
2930612914784
1483544495520
2583056123296
1758422402464
2857934030240
1763437725280
1557364230816
2656875858592
1832242137760
2931753765536
2846123133536
1539311176272
1814189083216
2913700710992
1535804721504
2635316349280
1810682628448
2910194256224
1553321183904
2652832811680
1828199090848
1552195799712
1471733336464
2571244964240
1746611243408
2846122871184
2651707427488
1827073706656
2926585334432
1540452025952
2639963653728
1815329932896
2914841560672
1471665440160
2571177067936
1746543347104
2846054974880
1471464900240
2570976528016
1746342807184
2845854434960
2926652721824
1763773269664
2858923870880
1487755576672
2587267204448
1762633483616
2862145111392
1471464884560
2570976512336
1746342791504
2845854419280
1540184361296
2639695989072
1815062268240
2914573896016
1484349786448
2583861414224
1556290766224
2655802394000
1831168673168
2930680300944
1557279574624
2656791202400
1832157481568
2931669109344
2638807059104
1488912402848
2588424030624
1763790309792
2863301937568
1553319889504
2652831517280
1828197796448
2927709424224
1552197110368
2651708738144
1827075017312
2926586645088
1487503116944
2587014744720
1762381023888
2861892651664
1484533303712
2584044931488
1759411210656
2858922838432
1551979006608
2651490634384
1470374627984
2569886255760
1832443742816
1488643966624
2588155594400
1763521873568
1483543431824
2583055059600
1758421338768
2857932966544
1745252549984
2844764177760
2588156660112
1484264867488
2583776495264
1759142774432
1540452025744
2639963653520
1815329932688
2914841560464
2858654402208
1466297779792
2565809407568
1741175686736
2840687314512
1813903854176
2913415481952
1471448107424
1466347849120
2565859476896
1741225756064
2840737383840
1535067325856
2634578953632
1809945232800
2909456860576
1483527718304
2927710471760
1535066262112
2634577889888
1809944169056
2909455796832
1467353696672
2566865324448
1742231603616
2841743231392
1536073173408
2635584801184
1810951080352
2569835661728
1488577661280
2588089289056
1763455568224
2862967196000
1746544118432
1762632419920
2862144047696
2570154691152
1745520970320
2845032598096
1539362540112
2638874167888
1814240447056
2913752074832
1483527965264
1557279574416
2656791202192
1832157481360
2931669109136
1488895362656
1483544742480
2583056370256
1758422649424
2857934277200
2588406990432
1467169932896
2566681560672
1742047839840
1470574906016
1557547730336
1553319889296
2652831517072
1828197796240
2927709424016
1827075017104
2926586644880
2657059358112
2913768851808
1484266178144
2583777805920
1759144085088
2858655712864
2845770532496
1809692789328
2909204417104
1483275274832
2582786902608
1745268279888
2844779907664
1813987756624
2655801346640
1553337959840
2652849587616
1828215866784
2927727494560
1827929360016
2927440987792
1470324033888
2569835661664
1745201940832
2844713568608
1487754529440
2587266157216
1762632436384
2862144064160
1483544758944
1758422665888
2857934293664
1540166796704
2639678424480
1815044703648
2914556331424
1827125365072
2926636992848
1484601723216
2841542953296
1487822948688
2587334576464
1762700855632
2862212483408
1556542425424
2931753781584
1814994109856
1557549040992
1553321199952
2652832827728
1828199106896
2910479468176
2657060668768
1832426947936
2651707443536
1827073722704
2926585350480
1540368139664
2639879767440
2931937543568
1746526569872
2846038197648
1815246046608
2914757674384
1484533564816
2584045192592
1759411471760
1470373595808
2569885223584
1745251502752
2844763130528
1553336665440
2652848293216
1828214572384
2927726200160
1553052763728
2652564391504
1487755840096
2587267467872
1762633747040
2862145374816
1759144084880
2858655712656
2913500154192
1745536698720
1556541115024
2656052742800
1831419021968
2930930649744
2930881349216
1746326030688
2931754042976
1539042723168
2638554350944
1813920630112
2913432257888
1556559185568
2656070813344
1831437092512
2930948720288
2909472572768
1466012304784
2565523932560
1740890211728
2840401839504
1534731781520
2634243409296
1809609688464
2909121316240
1483192173968
1467086046608
1552180086432
2651691714208
2914490025632
2639696004704
1466012550544
2565524178320
1740890457488
2840402085264
1539110635936
2638622263712
2588408300880
1832443464096
1813988542880
2913500170656
1763521889616
2863033517392
1540368927376
2639880555152
1815246834320
2914758462096
2845854418592
1487755839888
1553002154576
2652513782352
2587267467664
1467153402256
2566665030032
1742031309200
2841542936976
1535872878992
2635384506768
1810750785936
2910262413712
1484333271440
2583844899216
1556557891168
2656069518944
1831435798112
2930947425888
1488896689568
2588408317344
1487771305376
1762649212320
2862160840096
2588138834576
2930863802976
1831420069472
1557547993760
2657059621536
1832425900704
1483527718544
2583039346320
1758405625488
2857917253264
1553002171040
2652513798816
1827880077984
2927391705760
1540385703520
2639897331296
1815263610464
2914775238240
1466079676768
2565591304544
1740957583712
2840469211488
1534799153504
2634310781280
1809677060448
2909188688224
1483259545952
2582771173728
1470643062176
1470390371744
2569901999520
1745268278688
2844779906464
1471648663184
2571160290960
1742299744592
2841811372368
1536141314384
2635652942160
1811019221328
2910530849104
1746594711888
2846106339664
1832175027872
1828131980960
1484550326608
2584061954384
1759428233552
2858939861328
2857647753552
1487772616032
2587284243808
1762650522976
2862162150752
2845836872352
1745184392864
1742047054160
2841558681936
1553068493136
1810766530896
2910278158672
2652580120912
1763521890640
2863033518416
1557363460432
1832241367376
2656858294944
1556557890960
2656069518736
1557632666208
2657144293984
2840417552784
1534747494800
2634259122576
1809625401744
2909137029520
1483207887248
2582719515024
1758085794192
2857597421968
1551927363984
1763723987360
2863235615136
1828214835808
2927726463584
1488895625872
2588407253648
1763773532816
2863285160592
2846055744864
1832241351264
2584061970848
1759428250016
2858939877792
1762717616736
1488577644192
1484349803152
2583861430928
1759227710096
2858739337872
1470641767776
2570153395552
1745519674720
2845031302496
2588089271968
1758070080928
2857581708704
1551911650720
2651423278496
1826789557664
2926301185440
1470307272096
2569818899872
1745185179040
2844696806816
1484281906848
2583793534624
1759159813792
2858671441568
1470659578464
2588072495712
1471465146784
2570976774560
1746343053728
2845854681504
1810750540384
2910262168160
2931753764256
2930948736336
1831437108560
1809893837136
2909405464912
1470591420752
1745469327696
2570103048528
2844980955472
1762649196880
2862160824656
2582987950416
1552195799376
1467421853280
2566933481056
1742299760224
2841811388000
1536141330016
2844763129248
2639629159008
1466280724128
2565792351904
1741158631072
2840670258848
1535000200864
2634511828640
1809878107808
2909389735584
1557632666000
2657144293776
1832510572944
2932022200720
1763790308960
2863301936736
1557564769696
1553336928656
2652848556432
2657076397472
1832442676640
1556272661920
2655784289696
1831150568864
1759411209824
2858922837600
2930662196640
1534747510432
2634259138208
1809625417376
2909137045152
1483207902880
2582719530656
1557364229776
2656875857552
1832242136720
2931753764496
1759143019872
2845854697104
2861876939104
2857917253984
1471716542816
2571228170592
1746594449760
2846106077536
1553321182864
2652832810640
1828199089808
2927710717584
1553068492432
2652580120208
1827946399376
1552195798672
2651707426448
1827073705616
2926585333392
2656876119696
2927458027152
1487771568800
2587283196576
1762649475744
2862161103520
1471448106592
2570959734368
1746326013536
2845837641312
1466011519568
2565523147344
1740889426512
2840401054288
1540100474272
1810750540176
2910262167952
2639612102048
2931736218016
1810951865760
1535804736928
2635316364704
1810682643872
2910194271648
2862212483488
1556273972576
2655785600352
1831151879520
2930663507296
1466296469088
2565808096864
1741174376032
2840686003808
1535015945824
2634527573600
1809893852768
2909405480544
1470307273376
2569818901152
1488912401808
2588424029584
1553319888464
2652831516240
2570154445216
1813921678992
2909405727376
1815313926496
1539294382416
2638806010192
1815061236064
1556558154384
2656069782160
1831436061328
2930947689104
1553051699616
1745520723600
2652563327392
1827929606560
2927441234336
1540435232096
2639946859872
1815313139040
2914824766816
2634260187472
1809626466640
2909138094416
1539025946192
2638537573968
2635601316496
1552197125792
2651708753568
1827075032736
2926586660512
1535066261072
2634577888848
1809944168016
2909455795792
1470642031200
2570153658976
1745519938144
2845031565920
2587014760032
1466279675280
2565791303056
1539294398880
2841491294816
2638806026656
1814172305824
2913683933600
1540385966736
2639897594512
1815263873680
2914775501456
1539093858960
2638605486736
1813971765904
2913483393680
1759210932640
1539025962656
2638537590432
1813903869600
2913415497376
1809693559392
2909205187168
1483276044896
2582787672672
1551995521632
2651507149408
1826873428576
2926385056352
2571178116768
1487754528400
2587266156176
1762632435344
2862144063120
1832509785696
2927660386912
2844965489248
1539379071328
2638890699104
1814256978272
2913768606048
1483544757904
2583056385680
1758422664848
2857934292624
2863219116640
1556272925344
2655784553120
1831150832288
2930662460064
1535888345680
2635399973456
1745519937936
2845031565712
1831084524880
1539110635104
2638622262880
1813988542048
2913500169824
2841491294608
1470324049312
2569835677088
1745201956256
2844713584032
1467354465696
2566866093472
1809945495136
2909457122912
1742232372640
2841744000416
1536073942432
2635585570208
1810951849376
2910463477152
1470373594768
2569885222544
1745251501712
2844763129488
2930663508640
1540100737696
2639612365472
1814978644640
2914490272416
1466279938448
2565791566224
1741157845392
2840669473168
1534999415184
2634511042960
1809877322128
2909388949904
1483459807632
2582971435408
2845048343200
1467101775264
2566613403040
1741979682208
2841491309984
1810699158944
2910210786720
2635652680352
1811018959520
2910530587296
1535888362144
2635399989920
1810766269088
2910277896864
2638605470368
1487571012000
2587082639776
1762448918944
1553270606432
2652782234208
1828148513376
2927660141152
2861960546720
1488829303440
2588340931216
1740974081616
2840485709392
1534815651408
2634327279184
1809693558352
2909205186128
1470391141968
2569902769744
1745269048912
2844780676688
1488576613008
2588088240784
1758405872032
1540116466256
1759159798352
2858671426128
1827879275088
2927390902864
1471396989520
2570908617296
1814994373200
1484533566096
2584045193872
1759411473040
2858923100816
1470658807136
2570170434912
1745536714080
2845048341856
2913500169616
1540099443296
2639611071072
1814977350240
2914488978016
1467370210656
2566881838432
1742248117600
2841759745376
1536089687392
2635601315168
1810967594336
2910479222112
1484550079840
2584061707616
1535889672800
2635401300576
1810767579744
1535016979040
2634528606816
1809894885984
2909406513760
2910279207520
1471448369808
2570959997584
1746326276752
2845837904528
1471463835296
2570975463072
1746341742240
2845853370016
1487486355808
2586997983584
1762364262752
2861875890528
1466279954080
2565791581856
1741157861024
2840669488800
1534999430816
2634511058592
1809877337760
2909388965536
1483459823264
1483526670688
2583038298464
1758404577632
2857916205408
1488846079584
2588357707360
1763723986528
2863235614304
2845853649312
1762717616528
1553270606224
2652782234000
1828148513168
2927660140944
2930864834912
1556289701280
2655801329056
1831167608224
1759428249184
2858939876960
2930679236000
1557547992720
2657059620496
1832425899664
2931937527440
1831168410976
2930612144480
1471733582176
2571245209952
1746611489120
2846123116896
1553002170000
2652513797776
1827880076944
2927391704720
2639679490400
1466079676816
2565591304592
1740957583760
2840469211536
1540099443088
2639611070864
1814977350032
2914488977808
1534799153552
2634310781328
1471465145952
2570976773728
1746343052896
2845854680672
1540117513632
1535889672592
2635401300368
1810767579536
1809894885776
2909406513552
2910279207312
2639629141408
1814995420576
2914507048352
2863218837920
2845837904288
1467169917280
2566681545056
1742047824224
2841559452000
1535889394016
2635401021792
1810767300960
2910278928736
1484349786464
1556541097312
2656052725088
1831419004256
2930930632032
1470324312736
2569835940512
1745202219680
2844713847456
2571244161440
1466364627616
2565876255392
1741242534560
2840754162336
1809677044384
1759428248976
2858939876752
2909188672160
1483259529888
2582771157664
1758137436832
1551979006624
1759210916448
2858722544224
1540100753744
2639612381520
1556491831952
2656003459728
1831369738896
2930881366672
1552985377184
2652497004960
1827863284128
2927374911904
1745519920800
1540368909664
2639880537440
1815246816608
1540116219232
2639627847008
1557632681632
2657144309408
1832510588576
2932022216352
2635584800096
1810951079264
2910462707040
1535083300432
2634594928208
1809961207376
2909472835152
2656791987808
1470575708768
2570087336544
1745453615712
2844965243488
1466296714640
1539110898320
2638622526096
1813988805264
2913500433040
1466348096096
2565859723872
1557363181920
2656874809696
1741226003040
2840737630816
1746543348128
2862950401696
1539379054240
2638890682016
1814256961184
2913768588960
1553320135008
2652831762784
1828198041952
2927709669728
1467169916240
2566681544016
1742047823184
2841559450960
1535889392976
2635401020752
1810767299920
2910278927696
1471464883536
2570976511312
1535083316896
2634594944672
1809961223840
2909472851616
1483275274848
2582786902624
1758153181792
2857664809568
1551910849104
2651422476880
1826788756048
1551994751584
2651506379360
2588356658848
2657127532192
2570975725216
1759210916240
2858722544016
1553051698784
2652563326560
1827929605728
2927441233504
1487771567760
2587283195536
1762649474704
2862161102480
1484265112992
2583776740768
1467168869008
2566680496784
1742046775952
1758137435792
2857649063568
1551979005584
2651490633360
1826856912528
2926368540304
1470374626960
2569886254736
1745252533904
2844764161680
2863016725088
2931954322016
1556206602912
2655718230688
1831084509856
2930596137632
1466079676832
2565591304608
1740957583776
2840469211552
1534799153568
2634310781344
1809677060512
2909188688288
1483259546016
2582771173792
1826788772512
2926300400288
1470575708560
2570087336336
1745453615504
2844965243280
2913500433056
1539294398048
2638806025824
1814172304992
2913683932768
2638889896608
1471716558240
2571228186016
1746594465184
2846106092960
1467353695648
2566865323424
1742231602592
2841743230368
1536073172384
2635584800160
1810951079328
2910462707104
1484533564832
2584045192608
1762699789984
1540367862432
1758086842704
2582720563536
2857598470480
1746527602336
1814173091488
2639879490208
1815245769376
2914757397152
2583861413216
2858739320160
1536158091936
2635669719712
1467437304400
2566948932176
1536156781136
1466348095056
2565859722832
1741226002000
2840737629776
1535067571792
2634579199568
1809945478736
2909457106512
1556541360736
2656052988512
1831419267680
2930930895456
1809626466704
2909138094480
1483208952208
2582720579984
1758086859152
2857598486928
1551928428944
2651440056720
1826806335888
2926317963664
1487754774944
2587266402720
1762632681888
1483459545424
2582971173200
2932021152080
1487838398800
2587350026576
1470658529616
2858738272592
1484533287248
1488846342800
2588357970576
1466095404624
2565607032400
1740973311568
2840484939344
1534814881360
2634326509136
1809692788304
2909204416080
1831167624784
2930679252560
1487554235024
2587065862800
1762432141968
2861943769744
1758086859168
2857598486944
1742248102224
2841759730000
1467370195280
2566881823056
1470592484704
2570104112480
1745470391648
2844982019424
1487486338720
2586997966496
1762364245664
2861875873440
1758404560544
2857916188320
1540369173088
2639880800864
1540116482656
1758069016928
2857580644704
1551910586720
2651422214496
1826788493664
2926300121440
1536156797536
2635668425312
1811034704480
2910546332256
1471715494544
2571227122320
1746593401488
2846105029264
2566881839520
1742248118688
2841759746464
1745470392656
2844982020432
1539311962448
2638823590224
1814189869392
1811034688160
1487839447392
2587351075168
1762717354336
2862228982112
1745470638752
1467153402272
2566665030048
1742031309216
2841542936992
1535872879008
2635384506784
1810750785952
2910262413728
1763722955344
2863234583120
1746593417888
1758421616992
2857933244768
1741979682464
2841491310240
1556541360528
2656052988304
1831419267472
2930930895248
1762448918112
2861960545888
1556223378848
1551995537808
2651507165584
1826873444752
2926385072528
2655735006624
1483527964256
2583039592032
1758405871200
2857917498976
1556272924304
2655784552080
1831150831248
2930662459024
2862950680208
1552180331936
2651691959712
1827058238880
2926569866656
1826805548448
2926317176224
2638555137616
1813921416784
2913433044560
1758086841936
2857598469712
1551928411728
2651440039504
1826806318672
2926317946448
1470324033104
1540369172880
2639880800656
1815247079824
2914758707600
1540116482448
2639628110224
1471732270688
2571243898464
1746610177632
2846121805408
1467421837664
2566933465440
1742299744608
2841811372384
1536141314400
2635652942176
1811019221344
2910530849120
1484601706848
2584113334624
1540384638368
1536156797328
2635668425104
1811034704272
2910546332048
2639896266144
1815262545312
2914774173088
1540100736656
2639612364432
1809608624528
2909120252304
1483191110032
2582702737808
1826788493712
2926300121488
1832174257568
1467169147232
2566680775008
1742047054176
2841558681952
1535888623968
2635400251744
1557347468640
2656859096416
1556558136672
2656069764448
1831436043616
1832225375584
2931737003360
1534747756112
1470591437472
2570103065248
1745469344416
2844980972192
1758085794208
2857597421984
1551927364000
2651438991776
1826805270944
2926316898720
1470322985376
2569834613152
1745200892320
2844712520096
1552179037536
2651690665312
1827056944480
2926568572256
1488559819360
2588071447136
1815045752208
2914557379984
1467153401232
2566665029008
1742031308176
2841542935952
1535872877968
2635384505744
1810750784912
2910262412688
1483191110048
1758069016992
2857580644768
1551910586784
2651422214560
1826788493728
2926300121504
1758153180560
2857664808336
1827074754912
1484350048864
2583861676640
1759227955808
2858739583584
1827947448672
1553002416544
2652514044320
1827880323488
2927391951264
1540385949024
2910547642704
2639897576800
1815263855968
2914775483744
2930930648672
1539093841248
2638605469024
1813971748192
2913483375968
1535016978000
2634528605776
1809894884944
2909406512720
1470592748128
2570104375904
1745470655072
2844982282848
1827124300368
1466296453472
2565808081248
1741174360416
2840685988192
1535015930208
2634527557984
1809893837152
2909405464928
1483476322656
2582987950432
1759142758992
1553321182544
2652832810320
1828199089488
2927710717264
2635652941136
1811019220304
1467421836624
2566933464400
1471716803920
1539378023056
2638889650832
2863034566304
1553253812576
2652765440352
1828131719520
2927643347296
1553001122144
2652512749920
1827879029088
2927390656864
1471464113488
2570975741264
2639695218000
1540183590224
1467169146192
2566680773968
1742047053136
2841558680912
1488559819152
2588071446928
1763437726096
2862949353872
1467420789392
2566932417168
1742298696336
2841810324112
1536140266128
2635651893904
1811018173072
2910529800848
1484600658576
2584112286352
2565539644816
1740905923984
2840417551760
1809625400720
2909137028496
1483207886224
2582719514000
1758085793168
1484350048656
2583861676432
1759227955600
2858739583376
1552985376352
2652497004128
1827863283296
2927374911072
2844713568928
1557346421408
2656858049184
1832224328352
2931735956128
1556223642272
2655735270048
1831101549216
2930613176992
1466029065824
2565540693600
1740906972768
2840418600544
1534748542560
2634260170336
1483208935008
1535872878944
2635384506720
1810750785888
2910262413664
1552263957152
2651775584928
1827141864096
1557547730528
2926653491872
2930948737696
1745470654864
2844982282640
1471733597600
2571245225376
1746611504544
2846123132320
1556490765648
1470591419728
2570103047504
2857865856336
1466296452432
2565808080208
1741174359376
1759226661200
2858738288976
1488576595296
2588088223072
1763454502240
2862966130016
1832224327328
1540384901792
1466281003408
2565792631184
1741158910352
2840670538128
1535000480144
2634512107920
1483460872592
2582972500368
1539092794016
2638604421792
1484533548384
2584045176160
1759411455328
2858923083104
1557347732064
1832225639008
1556475038304
2655986666080
1831352945248
2930864573024
1556222347872
2931954321808
2655733975648
1831100254816
2930611882592
1488561146272
2588072774048
1763439053216
2862950680992
2570086288032
1552179300960
2651690928736
1827057207904
2926568835680
2844982265184
1487571274384
2587082902160
1762449181328
2861960809104
1484601461152
2584113088928
1759479368096
2858990995872
1557297400400
1832175307344
2931686935120
1467103087184
2566614714960
1741980994128
2841492621904
1810700470864
2840484661584
1484333024928
2583844652704
1483543692960
1557616151136
2583055320736
1758421599904
2857933227680
1759210931872
2858722559648
1539094104672
2638605732448
1813972011616
2913483639392
1471732533904
2571244161680
1828198040912
1758355294560
2857866922336
1557347731856
2656859359632
1832225638800
1556475038096
2655986665872
1556222347664
2655733975440
1831100254608
2930611882384
1483526933072
2583038560848
1762632681056
2862144308832
1557615887776
2657127515552
1832493794720
2932005422496
1557363197344
2656874825120
2931752732064
1552179300752
2651690928528
1827057207696
2926568835472
1815044719968
1831084508816
2930596136592
1828198057376
2927709685152
1487822686880
2587334314656
1762700593824
2862212221600
2639897315680
1539094104464
2638605732240
1813972011408
2913483639184
1813987476896
2913499104672
1466279938464
2565791566240
1741157845408
2840669473184
1540367861392
2639879489168
1815245768336
2914757396112
1534999415200
2634511042976
1811035997840
2910547625616
1556491814240
2656003442016
1831369721184
2930881348960
1832242414944
2931754042720
1552196076896
2651707704672
1827073983840
2926585611616
1488576858720
1758153950816
2857665578592
1551995520608
2651507148384
1826873427552
2926385055328
1745269048928
2844780676704
1467102022240
2566613650016
1741979929184
2841491556960
1535821498976
2635333126752
1810699405920
2910211033696
1484281891424
2583793519200
1484617173600
2584128801376
1483208951184
2582720578960
1759495080544
2859006708320
1815262824784
2914774452560
1815262807376
2914774435152
1809894098256
2909405726032
1758086055248
2857597683024
1551927625040
2651439252816
1826805531984
2926317159760
1813970717008
2913482344784
2931686917728
1828147448224
2927659076000
1552985639568
2652497267344
1827863546512
2927375174288
1539110880608
2638622508384
1813988787552
2913500415328
1556541376160
2656053003936
1831419283104
2930930910880
1759478303312
2858989931088
1746610178640
2846121806416
1832442415696
2931954043472
1484331960912
2583843588688
1759209867856
2858721495632
1814994388560
2914506016336
2652512732832
1540436035936
1827879012000
2927390639776
1811034703440
2910546331216
2930931697312
1759479614032
1758069017184
2857580644960
1551910586976
2651422214752
1470306208352
2569817836128
1540369188512
2639880816288
1487754773904
2587266401680
1762632680848
2862144308624
1466279937424
2565791565200
1741157844368
2840669472144
1557363444304
2656875072080
1832241351248
2931752979024
1828148758880
2927660386656
1551978744160
2651490371936
1826856651104
2926368278880
1488576858512
2588088486288
1763454765456
2862966393232
1827862252112
2927373879888
1484617173392
2584128801168
1759495080336
2859006708112
1487839462816
1827880322656
2927391950432
2587351090592
1762717369760
2862228997536
1815262808736
2932005423712
1488576857680
2588088485456
1763454764624
2862966392400
1557296334416
2656807962192
1832174241360
2931685869136
1467102021200
2566613648976
1540099688800
2639611316576
1759226644112
2858738271888
1831368673952
2930880301728
1557363460768
2656875088544
1832241367712
2570976529056
1534730717776
2634242345552
1809608624720
2909120252496
2651490388576
1763706161488
1471716820624
2571228448400
1470591436432
2570103064208
1745469343376
2844980971152
1467084981664
2566596609440
1741962888608
2841474516384
2859008018768
2909205465760
2638621461152
1813987740320
2913499368096
1759496145488
2859007773264
1553337715280
2652849343056
1828215622224
2927727250000
1488913205840
2588424833616
1763791112784
2863302740560
1557614856800
2657126484576
1832492763744
2932004391520
1556492077664
2656003705440
1831369984608
2930881612384
2861893453216
1488828271008
2588339898784
1763706177952
2863217805728
1466028279136
2565539906912
1740906186080
2840417813856
1534747755872
2634259383648
1809625662816
2909137290592
1483208148320
2582719776096
1487838399120
2587350026896
1762716306064
2862227933840
1484618500512
2584130128288
1759496407456
2859008035232
1488559834784
2588071462560
1809608624800
2909120252576
1483191110304
2582702738080
1758069017248
2857580645024
1551910587040
2651422214816
2845049375312
1556290751056
2655802378832
2859008019024
1535889656400
2635401284176
1814257224272
2913768852048
1484618484304
2584130112080
1484350064288
2583861692064
1759227971232
1758355277472
2857866905248
2858739599008
1539361229408
2638872857184
1814239136352
2913750764128
1810749474192
2910261101968
2857934015072
1471447337376
2570958965152
1746325244320
1470574643616
2570086271392
1745452550560
2844964178336
2845836872096
2927390901664
1471666211472
2571177839248
1746544118416
2846055746192
1467169916256
2566681544032
2927643346256
1535889392992
2635401020768
1810767299936
2910278927712
1484349785440
1488829581664
2588341209440
1763707488608
2863219116384
2914825833056
1534814865744
2634326493520
1483275258192
2582786885968
1556492077456
2656003705232
1488561145440
2588072773216
1763439052384
2862950680160
2584062756256
1467168869024
2566680496800
1557632927136
2657144554912
1832510834080
2932022461856
2909188671136
1483259528864
2582771156640
1758137435808
2857649063584
2651490633376
1484601460320
2584113088096
1759479367264
2858990995040
1557346420368
2656858048144
1832224327312
2931735955088
1466029065872
2565540693648
1740906972816
2840418600592
1534748542608
2634260170384
1557616150928
1809626449552
2909138077328
1483208935056
1553253828000
2652765455776
2635384505680
1810750784848
1557363460496
1470575954272
2909137028432
2570087582048
1745453861216
1552263956112
2651775583888
1827141863056
2926653490832
2844965488992
1470323263840
2569834891616
1487839726240
2587351354016
1762717633184
2862229260960
1539361229200
2638872856976
1814239136144
2913750763920
1466079677008
2565591304784
1740957583952
2840469211728
2932005701968
1540384900752
2639896528528
1815262807696
2914774435472
1831368690000
2930880317776
2656002410832
1539092792976
2638604420752
1813970699920
2913482327696
1809878107552
2909389735328
1467437304416
2566948932192
1742315211360
1466348095072
2565859722848
1741226002016
1557631632736
2657143260512
1832509539680
2932021167456
2840737629792
1535067571808
2634579199584
1832225637968
2931737265744
1557347731024
2656859358800
2909138094496
1483208952224
2582720580000
1556222346832
2655733974608
1831100253776
2930611881552
2841474779808
1488561145232
2588072773008
1763439052176
2862950679952
2582786901600
1758153180768
2857664808544
1551994750560
2651506378336
2926568834640
1826872657504
2926384285280
1470390371936
2569901999712
2570960013728
1745453598352
1813987756368
2913499384144
2845853387408
1467168867984
2566680495760
1742046774928
2841558402704
1535888344720
2635399972496
1810766251664
2910277879440
1484348737168
2583860364944
2932021167712
1553252764304
2652764392080
1828130671248
2927642299024
1539378005344
2638889633120
1814255912288
2913767540064
1557347714704
1556475053728
2655986681504
1466096437856
2565608065632
1740974344800
2840485972576
1534815914592
2634327542368
1809693821536
2909205449312
1483276307040
2913701496480
1466297518432
2565809146208
1741175425376
2840687053152
1535016995168
2634528622944
1809894902112
2909406529888
1539362556320
2638874184096
1814240463264
2913752091040
1810749737616
2910261365392
1556205554016
2655717181792
1831083460960
2930595088736
2846038181536
1539094120096
2638605747872
1813972027040
2913483654816
1832175028816
2931686656592
2910546314832
1484617172560
2584128800336
1553336649296
2652848277072
1828214556240
2927726184016
1488912139856
1828131981904
2927643609680
1553001384528
1827879291472
2927390919248
1467421854352
2566933482128
1742299761296
2841811389072
1811019238032
1831101302160
2930612929936
1487503918480
1758086858128
2857598485904
1551928427920
2651440055696
1826806334864
2926317962640
1470324049296
2569818883744
2588072511136
1553269540448
2652781168224
1466029065888
2565540693664
1740906972832
2840418600608
1534748542624
2844695758160
2634260170400
1809626449568
1487822685840
2587334313616
1762700592784
2862212220560
2565608080720
1740974359888
1557297138336
2656808766112
1832175045280
1763455567456
2931686673056
2652765719200
1828131998368
2927643626144
1534747757136
2634259384912
1809625664080
2909137291856
1814994127520
2588138834528
1763723200848
2863234828624
1488845293904
2588356921680
1483477386576
2582989014352
1758355293520
2857866921296
1552196863312
2651708491088
1827074770256
2926586398032
2930881365328
1470592484688
2844981217952
1745537484448
1467153401248
2566665029024
1742031308192
2841542935968
1535872877984
2635384505760
1810750784928
2910262412704
1484333270432
2583844898208
2845770549920
2932005423504
2657143523936
1832509803104
2932021430880
1832225637776
1466296470160
2565808097936
1741174377104
2840686004880
1535015946896
2634527574672
1809893853840
2909405481616
1483476339344
2582987967120
1488845310368
2588356938144
1763723217312
2862228998544
2863234845088
2587064830368
1762431109536
2861942737312
2845770533200
1488644770448
2588156398224
1763522677392
2863034305168
1832175028832
1827879291488
1741963168080
2841474795856
1484601723536
2584113351312
1759479630480
2858991258256
1763707471520
2863219099296
1758354246288
2857865874064
1758355556960
1488576874144
2588088501920
1763454781088
1759495095968
2859006723744
1540167600736
2639679228512
1539378268768
1467421836640
2566933464416
1742299743584
2841811371360
1811019220320
2910530848096
1484601705824
2584113333600
1471381014944
2570892642720
1745469589920
2844981217696
2569902770832
1832510573216
1467169146208
2566680773984
1742047053152
2841558680928
1535888622944
2635400250720
1810766529888
2910278157664
1484349015392
2926368277840
1810750540448
1487554513248
2587066141024
1762432420192
2861944047968
1470323246752
2569834874528
1745201153696
2844712781472
1467420789408
2566932417184
1742298696352
1466028017056
2565539644832
1740905924000
2840417551776
1809625400736
2909137028512
1483207886240
2582719514016
1557631895952
2657143523728
2634242361680
1809608640848
2909120268624
1483191126352
2582702754128
1762364000592
2861875628368
1556205570384
2655717198160
1831083477328
2857867184720
1831168674192
2584130127456
1759496406624
2859008034400
1557616150160
2657127777936
1832494057104
2932005684880
1557363459728
2656875087504
1832241366672
1556490765968
2656002393744
2931752994448
1553270867360
2652782495136
1828148774304
2927660402080
2926368294304
1746593679712
2846105307488
2844696021584
1540167600528
2639679228304
1539378268560
2638889896336
1815045507472
2914557135248
1471447336544
2570958964320
1746325243488
1470574642784
2565858429520
1741224708688
2840736336464
2570086270560
1745452549728
2844964177504
2840685987168
1535015929184
2634527556960
1809893836128
2909405463904
1540099704224
2639611332000
1814977611168
2914489238944
1466281003424
2913416268192
2565792631200
1741158910368
2840670538144
1809878387104
2909390014880
1483460872608
1539109832336
2638621460112
1813987739280
2913499367056
1827141092768
1832492762704
2932004390480
1809878124112
2909389751888
1540100490832
1467354482256
2566866110032
1742232389200
2841744016976
1763706176912
2863217804688
1540116465040
2639628092816
1814994371984
1831100499344
1810967840144
2565808342416
1741174621584
2840686249360
1535016191376
2634527819152
1467420788368
2566932416144
1742298695312
2841810323088
1536140265104
1467103087200
2566614714976
1741980994144
1759496406416
2859008034192
2841492621920
1810700470880
2910212098656
1557346666912
2656858294688
1832224573856
2638555154768
1813921433936
1540385949344
1553269803664
2652781431440
1828147710608
2927659338384
1535000480080
2634512107856
1809878387024
2909390014800
2926367230608
1540184376672
1556492093088
2656003720864
1471447336336
2570958964112
1746325243280
1745452549520
2844964177296
1471396727392
2570908355168
1746274634336
2845786262112
1534732043856
2634243671632
1466364872080
2565876499856
1741242779024
2840754406800
1831419283872
1467370211728
2566881839504
1742248118672
1466281002384
2565792630160
1741158909328
2840670537104
1535000479120
2634512106896
1809878386064
2909390013840
1483460871568
2582972499344
1832224572752
2931736200528
2863016723792
1471665423696
2571177051472
1746543330640
2846054958416
1540384900432
2639896528208
1552262908256
2651774536032
1827140815200
2926652442976
2926368541264
1832510851728
2844965487952
2569834890576
1745201169744
1487839725200
2587351352976
1762717632144
2862229259920
1759211177376
2858722805152
1810700469840
2910212097616
1484282955344
2583794583120
1759160862288
2858672490064
1553002432080
2652514059856
1827880339024
2927391966800
1740889408864
2840401036640
1534730978656
1540183312976
2639694940752
1815061219920
2914572847696
1471396727184
2570908354960
1746274634128
2845786261904
1826856929952
2926368557728
1539362555488
2638874183264
2913752090208
1470575969696
2570087597472
1745453876640
2844965504416
1809609673040
2909121300816
1466012289360
2565523917136
1534731766096
2634243393872
1535805507920
2635317135696
1762448132432
2861959760208
1540436019872
2639947647648
1815313926816
2914825554592
2914505755296
1758069033296
2857580661072
1540183329440
2639694957216
1815061236384
2914572864160
1466012304992
2565523932768
1740890211936
2840401839712
1534731781728
2634243409504
1809609688672
2909121316448
1483192174176
2582703801952
1759209882976
2858721510752
1483208148384
2582719776160
1557565573728
2657077201504
1832443480672
2931955108448
1487822932384
1826872378768
2926384006544
2932022199648
2587334560160
1762700839328
2862212467104
1746275944784
2845787572560
1487570241952
2587081869728
1762448148896
1488828533392
2588340161168
1763706440336
2863218068112
1466096437904
2565608065680
1740974344848
2840485972624
1809693821584
2909205449360
1483276307088
2582787934864
2845031564640
1487554496160
2587066123936
1762432403104
2861944030880
2588071445856
1471715755408
2571227383184
1746593662352
2846105290128
1540435232144
2639946859920
1471396988304
2570908616080
1746274895248
2845786523024
1539362555280
2638874183056
1814240462224
2913752090000
1540184640096
2639696267872
1488561130080
1539311946336
2638823574112
1814189853280
2913701481056
1815062547040
2914574174816
1810700191120
2910211818896
1535822284176
2635333911952
1471398054304
2570909682080
1746275961248
2845787589024
1466279937440
2565791565216
1741157844384
2840669472160
1534999414176
2634511041952
1809877321120
2909388948896
1470574906000
2570086533776
1745452812944
2844964440720
2914557396384
1467438369184
2566949996960
1742316276128
2841827903904
1471715755680
2571227383456
1746593662624
2846105290400
1487821637984
2587333265760
2862211172704
1466011501984
2565523129760
1740889408928
2840401036704
1534730978720
2634242606496
1809608885664
2909120513440
1483191371168
1740974360912
2840485988688
1809693837648
2909205465424
1483276323152
2582787950928
1557565573520
2657077201296
1488845309536
2588356937312
1763723216480
2863234844256
1487553201760
2587064829536
1762431108704
2861942736480
1488896674464
1467102021216
2566613648992
1741979928160
2841491555936
1535821497952
2635333125728
1810699404896
2910211032672
1484281890400
2583793518176
1556205569440
2655717197216
1831083476384
2930595104160
1763790046560
1557297137296
2656808765072
1832175044240
2931686672016
2845769484640
1471649450336
2571161078112
1746527357280
2846038985056
1553254090384
2652765718160
1828131997328
2927643625104
2639946615136
1540184639888
2639696267664
1815062546832
1539311946128
2638823573904
1814189853072
2913701480848
2914574174608
1471381014112
2570892641888
1470591682144
2570103309920
1745469589088
2844981216864
1746258921056
2845770548832
1540452795808
2639964423584
1815330702752
2914842330528
1483192158560
2909405743504
2582703786336
1551911635296
2651423263072
1826789542240
2926301170016
1470307256672
2863235877280
1539043509904
2638555137680
1813921416848
2913433044624
1811034965408
2910546593184
1467438369376
2566949997152
1742316276320
2841827904096
1552984590672
2652496218448
1827862497616
2927374125392
1536157846112
2635669473888
1763706176928
1556206880096
2655718507872
1831084787040
2930596414816
1470659594912
2570171222688
1745537501856
2845049129632
1557631895120
2657143522896
1832509802064
2932021429840
1552247194976
1484533302864
1827125101920
1488845309328
2588356937104
1763723216272
2863234844048
2926636729696
1487822931360
1762431108496
2861942736272
1488627976800
2588139604576
1763505883744
2863017511520
1557280344480
2656791972256
1832158251424
2931669879200
1484332239456
2583843867232
1759210146400
1758337452640
1815313942864
2914825570640
2857849080416
2858721774176
1466096437920
2565608065696
1740974344864
2840485972640
1552984607136
2652496234912
1827862514080
1467169932944
2566681560720
1742047839888
2841559467664
1535889409680
2635401037456
1484349802128
2583861429904
1540368139616
2639879767392
2931736217184
1540167599696
2639679227472
1815045506640
2914557134416
1746258920848
2845770548624
2844981216656
1484265129296
2583776757072
1759143036240
1487486354768
2586997982544
1762432419152
2861944046928
1758153165152
2857664792928
1557615102304
2657126730080
1832493009248
2932004637024
1551994734944
2651506362720
1535822547600
2635334175376
1810700454544
2910212082320
2862967441056
2930612930208
1539378284192
2638889911968
1814256191136
2913767818912
1556205816400
2655717444176
1831083723344
2930595351120
1553069279584
2652580907360
1746611242576
2846122870352
1540452812368
2639964440144
1815330719312
2914842347088
1484618237520
2584129865296
1759496144464
2859007772240
1488627976592
2588139604368
1557346666080
2656858293856
1832224573024
2931736200800
1827124038224
2926635666000
2570909402784
1488560080288
1759210146192
2858721773968
2588071708064
1763437987232
2862949615008
1471715771728
2571227399504
1746593678672
2846105306448
2584112022944
2930931944032
1759478302112
2858989929888
1746274634400
2914507065952
1536073943632
2635585571408
1810951850576
2910463478352
1535821253200
2635332880976
1810699160144
2910210787920
2657127533152
1815045507744
1540451764896
1488644752736
2588156380512
1763522659680
2863034287456
2863285947040
1762633467552
1540453059232
1745252533920
1814190130848
2639964687008
1815330966176
2914842593952
2914842610336
1763506161312
2863033256608
1759479612768
2858991240544
2583860643168
1759226922336
2858738550112
1758354228576
1466095387984
2565607015760
1740973294928
2840484922704
1534814864720
2634326492496
1809692771664
2909204399440
1483275257168
2582786884944
1483192419920
2582704047696
1758070326864
2857581954640
1556290505312
2655802133088
1831168412256
2930680040032
1467168868000
2566680495776
1535888344736
2635399972512
1810766251680
2910277879456
1484348737184
2583860364960
1487503919520
2587015547296
1762381826464
1471665162576
2571176790352
1746543069520
2846054697296
1552247458400
2651759086176
1827125365344
2926636993120
1827929360976
2927440988752
1471447075408
2570958703184
1746324982352
2845836610128
1815044459088
2914556086864
2588138572368
2582972500384
1487821620896
2587333248672
1762699527840
2862211155616
1746274633296
2845786261072
2588155610464
1540451764832
2639963392608
1815329671776
2914841299552
1471665179040
2571176806816
1746543085984
2846054713760
1483191387488
2582703015264
1758069294432
2857580922208
1551910864224
2651422492000
1826788771168
2926300398944
1556222592336
2655734220112
1831100499280
2930612127056
2570892905104
1746259184272
2845770812048
1467437303392
2566948931168
1742315210336
2841826838112
1536156780128
2635668407904
1811034687072
2910546314848
1484617172576
1827140814160
2926652441936
1467421592208
2566933219984
1742299499152
2841811126928
1487838677344
2587350305120
1762716584288
2862228212064
2570908370592
1746274649760
2845786277536
1467421854368
1746610457248
2566933482144
1831420332624
2930931960400
2910530865744
1487822948944
2587334576720
2909188688464
1831168412048
2930680039824
1487822931552
2587334559328
1762700838496
2862212466272
1487570241120
2587081868896
1762448148064
2861959775840
1556475299232
1552247458192
2651759085968
1471464097360
2570975725136
1746342004304
2845853632080
1540183574096
2639695201872
1815061481040
2914573108816
1758404822608
2857916450384
1556222608800
2844980955488
2863217804944
1539043773008
2638555400784
1813921679952
2913433307728
1466029328976
1740907235920
2840418863696
2845853649248
1471666489696
2571178117472
1746544396640
2846056024416
1488643705504
2588155333280
1470374381920
2569886009696
1745252288864
1551979021968
2651490649744
1826856928912
2926368556688
2844763916640
1484600658592
2584112286368
1540451764624
2639963392400
1815329671568
2914841299344
1471398053472
1466011502176
2565523129952
1740889409120
2840401036896
1534730978912
2634242606688
1809608885856
2909120513632
2582702999136
1466297517408
2565809145184
1741175424352
2840687052128
1535016994144
2634528621920
1809894901088
2909406528864
1483477386592
2582989014368
1831151879584
1540436018832
2639947646608
1815313925776
2914825553552
1540183328400
2639694956176
1758070081168
2857581708944
1551911650960
2651423278736
1826789557904
2926301185680
1470307272336
2569818900112
1745185179280
2844696807056
2635602363808
1810968642976
1556474004832
2655985632608
2930863539552
2931955107408
1466296470176
2565808097952
1540385949088
1741174377120
2840686004896
1535015946912
2634527574688
1552264234336
2651775862112
1827142141280
2926653769056
1762700838288
2862212466064
1762448147856
2861959775632
1467421853328
2566933481104
1536141330064
2635652957840
1811019237008
2910530864784
1557297383840
1832175290784
2931686918560
1484265917024
2583777544800
1758354492000
1540453075280
2639964703056
1815330982224
2914842610000
2857866119776
1759143823968
2858655451744
1553337698720
2652849326496
1828215605664
2927727233440
1539093071200
2638604698976
1813970978144
2913482605920
1540184639056
2639696266832
1553069262496
2652580890272
1827947169440
2927458797216
1471398053264
2570909681040
2863303001760
1540166535584
2639678163360
1815044442528
1814256175520
1762699543888
2862211171664
1487821636944
1466011502224
2565523130000
1740889409168
2840401036944
1534730978960
2634242606736
1809608885904
1815045507488
1557548779872
2657060407648
2635601300112
1810967579280
2910479207056
1557296089440
2656807717216
1832173996384
2931685624160
1813903608160
2913415235936
1762364000608
2861875628384
1556205570400
2655717198176
1831083477344
2930595105120
1466079677024
2565591304800
1553253042528
2652764670304
1828130949472
2927642577248
1488645015952
2588156643728
1763522922896
2863034550672
1553052502608
2652564130384
2651774798416
1832158250592
2931669878368
1466296469136
2565808096912
1535015945872
2634527573648
1809893852816
2909405480592
1483476584848
2582988212624
1759143823760
2858655451536
1552984606304
2652496234080
1827862513248
2927374141024
1471649449296
2571161077072
1746527356240
2846038984016
1745469344080
2844980971856
1483476339024
2582987966800
1758354245968
2857865873744
1552195815760
1556222347600
2655733975376
1759427987792
2584129062304
1746342005408
1540167846240
2639679474016
1815045753184
2914557380960
1827946137184
1539042462048
2638554089824
1813920368992
2913431996768
2863034567264
1831436831392
2930948459168
1540167862928
1758070065552
2857581693328
1551911635344
2651423263120
1826789542288
2926301170064
1536090982992
2635602610768
1470307256720
2569818884496
1534798875216
2634310502992
1809676782160
2909188409936
1488896411984
2588408039760
1763774318928
2863285946704
1488643721552
2588155349328
1483192174240
2582703802016
1758070081184
2857581708960
1551911650976
2651423278752
1826789557920
2926301185696
1470659593872
2570171221648
1745537500816
2845049128592
1488828515680
2588340143456
1763706422624
2863218050400
1832241366688
1467420788384
2566932416160
1742298695328
2841810323104
1536140265120
2635651892896
1811018172064
2910529799840
1763505882704
2863017510480
2844697070240
1759160599904
2858672227680
1810968906400
2910480534176
1557280343440
2656791971216
1832158250384
2931669878160
2841492605264
1810700454224
2910212082000
1471398037840
1762363999568
2861875627344
1831083476304
2930595104080
2913415234896
2570909665616
1470306223440
2569817851216
1745184130384
1483459544656
1556474268256
2655985896032
1831352175200
1540183328416
1488896428448
2588408056224
1763774335392
2863285963168
1470390094160
2569901721936
1745268001104
2861876677264
1483276044944
2582787672720
1758153951888
2857665579664
1551995521680
1826873428624
2926385056400
1470391143056
1466347047248
2565858675024
1741224954192
2840736581968
1488627992224
2588139620000
1762716567200
2862228194976
1763505899168
2863017526944
1758337468064
2857849095840
1466078611024
2565590238800
1740956517968
2840468145744
1470642801056
2570154428832
2845032335776
1745268017568
2844779645344
1467370211744
1557615101264
2657126729040
1832493008208
2932004635984
1466281002400
2565792630176
1741158909344
2840670537120
1746526309008
2846037936784
2927458813264
1471666472608
2571178100384
1746544379552
2846056007328
1762650261856
2862161889632
1745252271776
2844763899552
1745537485392
1741242518096
2840754145872
1535084087888
2634595715664
1556474268048
2655985895824
1831352174992
2930863802768
1539379055264
1762381825632
2861893453408
1557632682656
1467103086176
2566614713952
1741980993120
2841492620896
1535822562912
2635334190688
1557615117728
2657126745504
1832493024672
1466028034400
2565539662176
1534747511136
2634259138912
1809625418080
2909137045856
1483207903584
2582719531360
1831083738768
2930595366544
1470391421280
2569903049056
1552246146704
2651757774480
1827124053648
2926635681424
2565523917216
1740890196384
2840401824160
1809609673120
2909121300896
1483192158624
2582703786400
1758070065568
1484281645728
2583793273504
1759159552672
2858671180448
1471665178208
2571176805984
1539361490336
2638873118112
2913751025056
1540453058192
2639964685968
1815330965136
2914842592912
1556558940496
2656070568272
1831436847440
2930948475216
2863034288544
1762381809056
2926636730784
2635585586832
2846054712720
1815262561680
2914774189456
1467370210704
2566881838480
1742248117648
2841759745424
1536089687440
2635601315216
1810967594384
1556491044192
1556290504272
2655802132048
1831168411216
2930680038992
2570892888480
1488912140896
2588423768672
2587015546256
1763790047840
2863301675616
2926636992080
1557564508576
2657076136352
1832442415520
2931954043296
1758338778512
2857850406288
1484282956384
2583794584160
1759160863328
2845786262160
1557280606864
2656792234640
1832158513808
2931670141584
1553320921744
2652832549520
1828198828688
2927710456464
1553068231312
2652579859088
1827946138256
2927457766032
1557296072352
2656807700128
1832173979296
2931685607072
1540451763792
2639963391568
1815329670736
2914841298512
1487504164496
1553253025440
2652764653216
1828130932384
2927642560160
1471665178000
2571176805776
1466279953808
2565791581584
1539294397840
2638806025616
1470574921104
1814977611152
2914489238928
2926568834448
1540183574944
2639695202720
1815061481888
2914573109664
1758154230112
2857665857888
1557565819232
2657077447008
1832443726176
2931955353952
1551995799904
2651507427680
1826873706848
2926385334624
1831151618400
2930663246176
2910529554080
2914489239200
1557279312464
2656790940240
1488912140688
2588423768464
1763790047632
2863301675408
1467169917328
2566681545104
1742047824272
1552196848208
2651708475984
1827074755152
2926586382928
2841559452048
2635602364064
1759160863120
2858672490896
1488643704464
2588155332240
1470374380880
2569886008656
1745252287824
2844763915600
1484551112096
2584062739872
1759429019040
2858940646816
2639964424864
1540434970976
2639946598752
1815312877920
2914824505696
1484600657552
2584112285328
1759478564496
2858990192272
1539025685072
2638537312848
1813903592016
2913415219792
1552196864672
2651708492448
1827074771616
2926586399392
1540166534752
2639678162528
1815044441696
2914556069472
1534815914576
2634327542352
1540184639072
1746257855904
2845769483680
1488913451344
2588425079120
1540452796752
2639964424528
1467438352720
2566949980496
1742316259664
2841827887440
2913684966048
1487553447264
2587065075040
1762431354208
2861942981984
2913432275616
2840485987664
1534815929680
2634327557456
1809693836624
2909205464400
1556290766160
2655802393936
1831168673104
2930680300880
1466096452944
1557297382800
2656809010576
1534815931040
2634327558816
1741226003088
1483476584016
2582988211792
2840737630864
1809945479824
2909457107600
2639880555168
1467169932960
2566681560736
1488913467808
2588425095584
1763791374752
2863303002528
1742047839904
2863034567056
2583861430944
1487504181904
2587015809680
1762382088848
2861893716624
1534814882448
2634326510224
1809692789392
2909204417168
1483275274896
2582786902672
1551994751632
1471381259616
2570892887392
1746259166560
2845770794336
1831435799136
1488645031584
1487772337824
1483544496784
2583056124560
2857934031504
2587283965600
1762650244768
2862161872544
1758069294496
2857580922272
1540166534544
2639678162320
1553051699808
1826788771232
2926300399008
1470306485664
1483476600480
2582988228256
1466012288592
2565523916368
2840401823312
1470659840416
2570171468192
1745537747360
2845049375136
1557548778832
2656807716176
1832173995344
2931685623120
1746543348368
2846054976144
1466079677072
2565591304848
2840469211792
1534799153808
2634310781584
1809677060752
2909188688528
1483259546256
2582771174032
2840670276000
1467438368352
2566949996128
1742316275296
2841827903072
1536157845088
1553253041488
2635669472864
1811035752032
1745452812960
1470391404192
2569903031968
2584129848912
1539378285136
2909472852560
1466363841104
2565875468880
1741241748048
2840753375824
1535083317840
2634594945616
1809961224784
1488896427616
2588408055392
1763774334560
2863285962336
1536089672352
1557548795296
2657060423072
1832426702240
2931938330016
1540167845200
2639679472976
1539042461008
1556558923408
2656070551184
1831436830352
2930948458128
1809877321040
1470658546016
2570170173792
1745536452960
2845048080736
1552263186064
2651774813840
1827141093008
2926652720784
1484551375520
2584063003296
1759429282464
2858940910240
2582770895520
1758137174688
1813904918928
2913416546704
1470642800224
2570154428000
1745520707168
2845032334944
1540167861664
2639679489440
1815045768608
1539295167904
1535067326864
2634578954640
1809945233808
2909456861584
2638806795680
1814173074848
2913684702624
1539042477472
2638554105248
1813920384416
2913432012192
2909388965280
2582786884960
1758153164128
2857664791904
1551994733920
2651506361696
1826872640864
2926384268640
1470390355296
2569901983072
1471380212384
2570891840160
1746258119328
2845769747104
1556474267216
2655985894992
1831352174160
2930863801936
1488896427408
2588408055184
1763774334352
2863285962128
1484331959712
1467152108128
2566663735904
1742030015072
2841541642848
1535871584864
2635383212640
1810749491808
2910261119584
1484331977312
2583843605088
1831167347104
1484550081120
2584061708896
1759427988064
2858939615840
2930678974880
1745470637712
1557547731600
2657059359376
1832425638544
2931937266320
1552246393248
2651758021024
1827124300192
2926635927968
1553337961104
2652849588880
1828215868048
2927727495824
2914573911648
1539043788128
2638555415904
1551977957024
2651489584800
1826855863968
2926367491744
1745520706960
2845032334736
2569901737360
1471464884832
2570976512608
1746342791776
2845854419552
1540117252512
2639628880288
1814995159456
2914506787232
1742299744864
2841811372640
1466079677088
2565591304864
1540166797968
2639678425744
1815044704912
1487772353872
2587283981648
2914556332688
2635585833376
1810952112544
2910463740320
1536141314448
2635652942224
1556290750816
2655802378592
1831168657760
2930680285536
2913700710048
2587081606480
2863016740512
2931938576976
2635317397152
1534747511184
2634259138960
1809625418128
2909137045904
1758087105120
2857598732896
1551928674912
2651440302688
1484550080912
2584061708688
2588089550496
1470391420240
1557346420304
2656858048080
2841541641808
2569903048016
1745269327184
2844780954960
1742030014032
1540452010336
2639963638112
1759412242064
2858923869840
1557549058720
1484281644688
2583793272464
1759159551632
2858671179408
2657060686496
2857664547424
1813920631376
2913432259152
1471464884624
2570976512400
1540183574112
2639695201888
1815061481056
2914573108832
2909472574032
1815330982560
1742047054224
2841558682000
1471396988320
2570908616096
2635316102752
1810682381920
2910194009696
1467437582672
2566949210448
1742315489616
2841827117392
1536157059408
2635668687184
1811034966352
2910546594128
2931736201888
2583776479568
1466296453520
2565808081296
1741174360464
2840685988240
1535015930256
2634527558032
1809893837200
2909405464976
1467421853344
2588423767632
1763790046800
2863301674576
2566933481120
1539042740896
2638554368672
1813920647840
1557564507536
2657076135312
1832442414480
2931954042256
1809960962720
2656809011872
2909472590496
1557279311520
2570154429088
1827929344608
2927440972384
1488896690832
2588408318608
1763774597776
2863286225552
2844964439392
1487771306640
2587282934416
1762649213584
2862160841360
1484264851872
2583776479648
1758087104080
2857598731856
1551928673872
2651440301648
1826806580816
2926318208592
1470324295248
2569835923024
1466029327952
2565540955728
1471648384352
2571160012128
1741175671120
2840687298896
1746526291296
1745537485408
1488912156320
2588423784096
1763790063264
2863301691040
1540183573904
2639695201680
1815061480848
2914573108624
1740907234896
2840418862672
1539294136928
2638805764704
2657077445968
1832443725136
2931955352912
1535084366432
2634595994208
1809962273376
2909473901152
1556273710416
1831151617360
2930663245136
1745520970384
2845032598160
1470390373008
2569902000784
1470658528928
2570170156704
1745536435872
2845048063648
1466296469152
2565808096928
1741174376096
2840686003872
1535015945888
1484266162528
2583777790304
1759144069472
2858655697248
2634527573664
1466028034464
2565539662240
1488913466976
2588425094752
1763791373920
2863303001696
1831435798928
2931754026640
1557565834656
2657077462432
1832443741600
2931955369376
1556273726880
2655785354656
1831151633824
1540434969936
2639946597712
1815312876880
2914824504656
2930663261600
1552196863632
2651708491408
1827074770576
2926586398352
1762363984544
2861875612320
1758154214048
2857665841824
1539294136720
2638805764496
1814172043664
2913683671440
1470659839584
2570171467360
1745537746528
2845049374304
1815312893344
2914824521120
1539312207264
1809962273168
2909473900944
2638823835040
1814190114208
2913701741984
1827074770336
1467103070560
2566614698336
1741980977504
2841492605280
1762363999584
2861875627360
1831083476320
2930595104096
2652514060880
1553068213600
2652579841376
1827946120544
2927457748320
2655801084320
1488913466768
2588425094544
1763791373712
2863303001488
1540435248544
2861876922976
2840485710496
1534815652512
2634327280288
1809693559456
2909205187232
1758153951904
2857665579680
1551995521696
2583039330912
1758405610080
2857917237856
1557564770960
2657076398736
1832442677904
2931954305680
2910479223440
1483275012704
2582786640480
1758152919648
1831150570128
2930662197904
1553052764576
2652564392352
1827057977760
2926569605536
1540436297056
2639947924832
1815314204000
2914825831776
1539310912864
2638822540640
1814188819808
2913700447584
2861892666976
2639678442128
1551911634592
2651423262368
1826789541536
2926301169312
1471648647776
2571160275552
1746526554720
2846038182496
1535067326032
2634578953808
1809945232976
2909456860752
2588340946528
1540100475536
2639612103312
1814978382480
2914490010256
1831352961440
1741242518112
2840754145888
1809961994848
2909473622624
1831435782496
2930947410272
2862228211360
2846056023712
1831151880784
2930663508560
2655785601616
1810950801056
2910462428832
1557297382736
2656809010512
1467103069520
2566614697296
1741980976464
2841492604240
1810700453200
2910212080976
2635317413536
1488628237728
2588139865504
1763506144672
2863017772448
1758405609872
2857917237648
1487502853536
2587014481312
1762380760480
2861892388256
1827124299360
2926635927136
1470658544976
2570170172752
1745536451920
2845048079696
1758337713568
1758153950864
2857665578640
1551995520656
2651507148432
1826873427600
2926385055376
1540385687904
2584063002256
1535821499024
2635333126800
1810699405968
2910211033744
1540435233360
2639946861136
1815313140304
2914824768080
1810967857504
2910479485280
1471648647568
2571160275344
1746526554512
2846038182288
1540117251680
2639628879456
1814995158624
2914506786400
1467370210720
2566881838496
1742248117664
2841759745440
1536089687456
2635601315232
1810967594400
2910479222176
1471380211344
2570891839120
1746258118288
2845769746064
1487486093648
2586997721424
2914775485088
2913483377312
1763504850272
2863016478048
1487504164192
1758154230096
2857665857872
2587015791968
1762382071136
2861893698912
1466364610128
2565876237904
1741242517072
2840754144848
1535084086864
2634595714640
1809961993808
2909473621584
1483544479312
2583056107088
1831167346064
1810967841360
2910479469136
1763723201104
2863234828880
2571177052752
1832442677840
2931954305616
1484550326864
2584061954640
2841759992400
2638889634464
2634260449952
1471380997792
1827124299152
2926635926928
1553068477024
2652580104800
2927458011744
1471733320016
2571244947792
1746611226960
2846122854736
2927660139872
1759159798176
2858671425952
1470373315936
2569884943712
1745251222880
2844762850656
2845854418512
2588088485216
1539311176288
2638822804064
1814189083232
2913700711008
1759412521296
1471733336480
2571244964256
1746611243424
2846122871200
1556290749776
2655802377552
1831168656720
2930680284496
2857849341344
1827946121888
1815314205344
1471464900256
1742047824288
2841559452064
1742299760288
2841811388064
1758405888416
1553068476816
2652580104592
1827946383760
2927458011536
1759142757984
2858654385760
1556290766240
1540452009296
2639963637072
1815329916240
2914841544016
2655802394016
1831168673184
2930680300960
1557549057680
2657060685456
2861942721104
1466078349904
2565589977680
1740956256848
2840467884624
1487503116960
2587014744736
1762381023904
2861892651680
1470658808400
2570170436176
1745536715344
1759159797328
2858671425104
1553001367120
2652512994896
1827879274064
2927390901840
1487503115856
2587014743632
1483543431840
2583055059616
1758421338784
1539311176080
2638822803856
1814189083024
2913700710800
1742316259680
2841827887456
1811035736416
2910547364192
1540452025760
2639963653536
1815329932704
2914841560480
1832157464912
2931669092688
1539295430288
2638807058064
1814173337232
2913684965008
1809693836640
2909205464416
1483276322144
2582787949920
1758154229088
2857665856864
1551995798880
2651507426656
1826873705824
2926385333600
1831420069216
2930931696992
1466348096160
2565859723936
1741226003104
2840737630880
1809945479840
2909457107616
2635383458208
1763522659728
2863034287504
1827929343568
2927440971344
1467169916304
1487754512992
2587266140768
1762632419936
2862144047712
1740973312672
2840484940448
1534814882464
2634326510240
1809692789408
2909204417184
1828130670224
1557279574432
2656791202208
1832157481376
2931669109152
1483544742496
2583056370272
1758422649440
2857934277216
1556289702544
2655801330320
1759479629456
1831167609488
2930679237264
1553319889312
2652831517088
2931669894752
1539294135888
1814172042832
2913683670608
1553051453088
2652563080864
1827929360032
2927440987808
1470373579360
2569885207136
1540117514896
2639629142672
1763791095120
1832510571856
2588424815952
2657144292688
2863302722896
2932022199632
1557632664912
1488913188176
1467438351696
1466363841120
2565875468896
1741241748064
2840753375840
1535083317856
2634594945632
1809961224800
2910547364496
1832242153824
2863234565792
2845853632160
2932005439136
1831419005520
2930930633296
1556223379872
1553321199968
2652832827744
1828199106912
2927710734688
1552195815776
2651707443552
1827073722720
2926585350496
1488627206544
2588138834320
1763505113488
2863016741264
1535067571856
2634579199632
1826789821008
2926301448784
1488895362464
2588406990240
1763773269408
2863284897184
1483544742288
2583056370064
2652564391520
2651691697760
1827057976928
2926569604704
1759144084896
2858655712672
1551994750608
2651506378384
2859007756896
2926569884256
1539110619488
2638622247264
1815246817872
2914758445648
1540116220496
2639627848272
1814994127440
2914505755216
1466028279392
2565539907168
1740906186336
2840417814112
1534747756128
2634259383904
1745251486096
2844763113872
1810951080528
2910462708304
2657144572512
2587267451216
1762633730384
2862145358160
1488896673120
2588408300896
1763774580064
2863286207840
1742315472528
2841827100304
1488643982688
1758421354832
2857932982608
1535016995216
1745519658656
1827057191248
2926568819024
2657143507280
1814189066576
2913700694352
1471732533584
1746610440528
2846122068304
1540452010320
2861876921936
1487838676560
2587350304336
1827929344336
2927440972112
1556558153296
2656069781072
1557346404688
2656858032464
1488626927952
1540116203168
1483527702096
2583039329872
1556542425696
1483275011664
2656054053472
1831420332640
2930931960416
2638807075488
1470592468640
1553052763536
2652564391312
1827930670480
2927442298256
1487755839904
1827880061536
2927391689312
2587267467680
1762633746848
2862145374624
1832157203040
1466011502944
2565523130720
1740889409888
2840401037664
1534730979680
2634242607456
1809608886624
1484265114256
2583776742032
1487487403680
2586999031456
1762365310624
1746526553680
2846038181456
2861876938400
1758405625504
2857917253280
1467421837728
2566933465504
1742299744672
1471448124000
2841811372448
1536141314464
2635652942240
1811019221408
2910530849184
1556557874512
1831435781456
2656069502288
2930947409232
1471716559504
2571228187280
1746594466448
2846106094224
2857850144160
1471648663200
2571160290976
1467169147296
2566680775072
1742047054240
2926368557664
1535888624032
2635400251808
1810766530976
2910278158752
1759428233568
2858939861344
1556542425488
1831420332432
2930931960208
1557565557408
1467152107104
2566663734880
1742030014048
2841541641824
1535871583840
2635383211616
1810749490784
2910261118560
1484331976288
2583843604064
1553002154384
2652513782160
1827880061328
2927391689104
1556557890976
1759159797344
2858671425120
2656069518752
1831435797920
1815263593808
2639897314640
2914775221584
1540385686864
2930947425696
1556273989264
2655785617040
1831151896208
2930663523984
1810967856464
2910479484240
1536089949520
1488895625888
2588407253664
1763773532832
2863285160608
1534797841744
2634309469520
1809675748688
2909187376464
1466011502992
2565523130768
1809608886672
2909120514448
1483191372176
2582702999952
1484349803168
1471733335648
2571244963424
1809625663056
1540385703328
2639897331104
1815263610272
2914775238048
1466296453536
2565808081312
1741174360480
2840685988256
1535015930272
2634527558048
1809893837216
2909405464992
1483476322720
1540435248784
2639946876560
1815313155728
2914824783504
1553321182608
2652832810384
1763774580112
1828214819152
1556559201632
2656070829408
1831437108576
2930948736352
1466011503008
2565523130784
1740889409952
2840401037728
1534730979744
2634242607520
1809608886688
2909120514464
1483191372192
1535888622992
2635400250768
1487771552352
2587283180128
1762649459296
2862161087072
1758087104096
2857598731872
1551928673888
2651440301664
1826806580832
2926318208608
1470324295264
2569835923040
1557632666016
2657144293792
1831101287056
2930612914832
1553336928672
2652848556448
1828214835616
2927726463392
1535872616784
2635384244560
1810750523728
1557364229792
2656875857568
1832242136736
2931753764512
1539311175248
2638822803024
1557347469664
1553321182880
2652832810656
1828199089824
2927710717600
1553068492448
1552195798688
2571244963216
1746611242384
2846122870160
2571245226640
2651707426464
1827073705632
2926585333408
1814189853088
1540384639632
2639896267408
1815262546576
2914774174352
1484617450832
2584129078608
1759495357776
2859006985552
1553336927568
2652848555344
1557631894864
2657143522640
1832509801808
2932021429584
1535872633248
2635384261024
1810750540192
2910262167968
1815062546848
1557548009824
2657059637600
1832425916768
2931937544544
2930880300432
1827073705360
2926585333136
2845854434976
1556558137936
2656069765712
1831436044880
2930947672656
1487771552144
2587283179920
1763438791056
2862950418832
1557279573600
2656791201376
1832157480544
2931669108320
2652580120224
1488912401824
2588424029600
1763790308768
2863301936544
2569885222560
1553319888480
2652831516256
1828197795424
2927709423200
2651708737120
1487503115920
2587014743696
1762381022864
2861892650640
1832425637472
2926367492704
1759411209632
2858922837408
1745520969312
1467103087248
2657076151696
2566614715024
1741980994192
1758421337744
2857932965520
2841492621968
1810700470928
1556558154400
1540385950288
2639897578064
1815263857232
2914775485008
1831436061344
2913483377232
1534798105168
2634309732944
1809676012112
2909187639888
1471448106400
2570959734176
1746326013344
2845837641120
1809944168032
2909455795808
1741157582240
2840669210016
2909405465248
2588089288032
1763455567200
2862967194976
2910278159008
1540385966752
2639897594528
2914775501472
1813971765920
2913483393696
2844964194976
1484534613344
2584046241120
1759412520288
2858924148064
1557279573392
2656791201168
1832157480336
2931669108112
2655985617568
1557565835856
1488846359120
2588357986896
2657077463632
1484551391824
2584063019600
1832443742800
1553270868560
1483544741456
2583056369232
2656858311328
1488643704480
2652831516048
1832494058080
1466096191824
2565607819600
1740974098768
2840485726544
1745201939808
2844713567584
1762632435360
2862144063136
1483544757920
2583056385696
1758422664864
2857934292640
1539025946000
2638537573776
1813903852944
2913415480720
1551979022944
2909455795600
1535888345696
2635399973472
1810766252640
2910277880416
1745519937952
2845031565728
1557364245840
1832242152784
2570958685520
1746324964688
2845836592464
1540166534480
2639678162256
1535066260816
1809944167760
2634577888592
2909455795536
1466346784080
2931753780640
2841491294624
2927710733648
1467103069536
2566614697312
1741980976480
2841492604256
1810700453216
2910212080992
1484282938720
2583794566496
1488576596560
2588088224336
1470373594784
1759411456592
2858923084368
1534815651488
2634327279264
1809693558432
2909205186208
1758153950880
2857665578656
1467102022304
2914775222624
2566613650080
1741979929248
2841491557024
1535821499040
2635333126816
1810699405984
2910211033760
1484281891488
1539110618448
2638622246224
1813988525392
1483259284048
2582770911824
1758137190992
2857648818768
1826856667728
2926368295504
1487554251344
2587065879120
1466028279440
2565539907216
1740906186384
2840417814160
1534747756176
2634259383952
2634579199312
1809945478480
2909457106256
1488829303456
2588340931232
1763707210400
1488576613024
2588088240800
2638806010208
2858923100832
1535888345488
2635399973264
1810766252432
2910277880208
1539110634912
2638622262688
1813988541856
2913500169632
1815246833296
2914758461072
2845048343120
1741242517088
2840754144864
1535084086880
2634595714656
1809961993824
2909473621600
1471448369824
2570959997600
1746326276768
1467370457696
2566882085472
1742248364640
2841759992416
1470322985632
2569834613408
1831420331600
2930931959376
2571160013216
2634595731872
1487755838864
1553002153552
2652513781328
1827880060496
2927391688272
2587267466640
1762633745808
2862145373584
1488577923680
2588089551456
1763455830624
2862967458400
2862949616208
1483275258448
2582786886224
1758153165392
2857664793168
1551994735184
2914573109840
1827141077584
1540099426640
2639611054416
1814977333584
2914488961360
1832493795984
2932005423760
1557363198608
2656874826384
1832241105552
2931752733328
1815313942880
2927660140960
1535889656144
2635401283920
1810767563088
2910279190864
1557547992736
1535821498000
2635333125776
1810699404944
2910211032720
1553002170016
2652513797792
1827880076960
2927391704736
1466011503200
2565523130976
1740889410144
2840401037920
1534730979936
2634242607712
1809608886880
2909120514656
1483191372384
2582703000160
1470324296288
2569835924064
1814977350048
2914488977824
1466078348640
2565589976416
1740956255584
2840467883360
1534797825376
2634309453152
1809675732320
2909187360096
1483258217824
2582769845600
1539109571216
2638621198992
1813987478160
2913499105936
2909406513568
1556272941408
2655784569184
1831150848352
2930662476128
2931754043984
1832426687056
2931938314832
1539026733648
2638538361424
1488577923472
2588089551248
1763455830416
2862967458192
1488845293136
2588356920912
1552196078160
2651707705936
1827073985104
2926585612880
1809675733600
2909187361376
1484618238352
2584129866128
2859007773072
2588357707168
1763723986336
2863235614112
1553336927840
1488895624848
2588407252624
1763773531792
2863285159568
1466028279456
2565539907232
1740906186400
2840417814176
1484550342048
2584061969824
1759428248992
2858939876768
1534747756192
2634259383968
1832509802080
2926368295520
1814978660704
2914490288480
1746274633312
1556491831968
2656003459744
1831369738912
2930881366688
1539110881872
2638622509648
1813988788816
2913500416592
1487839709840
1811018975584
2910530603360
2655986928224
1471447075216
2570958702992
1746324982160
2845836609936
2655734237792
1471465145760
2570976773536
1466011503248
2565523131024
1740889410192
2840401037968
1534730979984
2634242607760
1483191372432
2582703000208
2914824784544
1535889393056
2635401020832
1810767300000
2910278927776
1539110898336
2638622526112
2588072511056
1763438790224
1487771551312
2587283179088
1762649458256
2862161086032
2862950418000
1557632664976
1553052502352
2652564130128
1471448123728
2570959751504
1484333025616
2583844653392
1758153165200
2857664792976
1551994734992
2651506362768
1826872641936
2926384269712
1470390356368
2569901984144
1745268263312
1466011503264
1828214834576
2927726462352
2565523131040
1740889410208
2840401037984
1534730980000
2634242607776
1471448385872
2570960013648
1746326292816
1745453599056
2844965226832
1758136125008
2857647752784
1551977694800
2651489322576
1826855601744
2926367229520
1487839464080
2587351091856
1746594448736
2846106076512
1746341758304
2845853386080
1466279954768
2565791582544
1741157861712
2840669489488
1487771567776
2587283195552
1762649474720
2862161102496
1467438351712
2566949979488
1742316258656
2841827886432
1536157828448
2635669456224
1466011518544
2565523146320
1539362294368
2638873922144
1470575708576
2570087336352
1745453615520
2844965243296
1557548008784
2651774798160
2638889896272
1483543693648
2583055321424
1758421600592
2857933228368
1552263170384
2858940663200
1467437304480
2931753780896
2566948932256
1466348095136
2565859722912
1741226002080
2840737629856
1535067571872
2634579199648
1483192158816
2582703786592
1758070065760
2857581693536
1551911635552
2651423263328
2569886254496
2588139881888
2587014497696
1483258481232
2582770109008
1832241367440
1483275273888
2582786901664
1758153180832
2857664808608
1551994750624
2651506378400
1826872657568
2926384285344
1470390372000
2569901999776
1539294381392
2638806009168
1556558153360
1553051698592
2652563326368
1827929605536
2927441233312
1488846342816
2588357970592
1763724249760
1487554235040
2587065862816
1762432141984
1483258497696
2582770125472
1758136404640
2857648032416
1539362294160
2841475828304
2638873921936
1814240201104
2913751828880
1471464899936
1470642030176
2570153657952
1745519937120
2845031564896
1539294397856
2638806025632
1814172304800
1466297518496
2565809146272
1809894902176
2909406529952
1540385965712
2639897593488
1815263872656
2914775500432
1539093857936
2638605485712
1467152091488
2566663719264
1742029998432
2841541626208
1535871568224
2635383196000
1551995521360
2651507149136
1826873428304
2926385056080
1471715494560
2571227122336
1746593401504
2846105029280
1762364261968
2861875889744
1556205831760
2655717459536
1831083738704
2930595366480
1488560096848
2588071724624
1467437303440
2566948931216
1536156780176
2635668407952
1484617172624
2584128800400
1488845048416
2588356676192
1763722955360
1832225621648
1556541360544
2656052988320
1827073968480
1557632928400
1832510835344
2932022463120
1827863300448
1551995537824
2651507165600
1826873444768
1536156780880
2635668408656
1811034687824
1828131736208
2927643363984
1539379070304
2638890698080
1814256977248
2913768605024
1831150831264
2930662459040
1470642029968
2570153657744
1745519936912
1470591421024
2570103048800
1745469327968
2844980955744
1471464114784
2570975742560
1540369172896
2639880800672
1815247079840
2914758707616
1540116482464
2639628110240
1811034704288
1758153164112
1831369737616
2930881365392
1758355293584
2857866921360
1556206618976
2655718246752
1831084525920
2657143261776
1557631634000
1759209866576
2858721494352
1827929343312
2927440971088
1763504833872
2863016461648
1488845048208
2570103047840
1487571010976
1762448917920
1553270605408
2927660140128
2861960545696
2570975741600
1488829302416
2588340930192
1763707209360
2863218837136
1488576611984
2588088239760
1763454518928
2862966146704
2583039591840
1758405871008
2857917498784
1815245785440
2914757413216
2584045192848
2863016741472
1539378006608
2638889634384
1814255913552
2913767541328
1746342021520
1470591420816
2570103048592
1745469327760
2844980955536
2845853649296
2913751042720
1540099442272
2639611070048
1814977349216
2914488976992
1534748822096
2634260449872
1809626729040
2909138356816
2845049375056
1471732270496
2571243898272
2584129866336
1467421836704
1745519674704
2566933464480
1742299743648
2841811371424
1810767578720
2910279206496
1535016978016
1488846358864
2588357986640
1763724265808
1540368124240
2639879752016
1745452812624
2844964440400
1759411456336
2858923084112
1535804721488
2635316349264
1814172289360
2913683917136
2844712519312
2586997982560
1467169146272
2566680774048
1742047053216
1535888623008
1763455829584
2862967457360
1534730995296
2634242623072
1809608902240
2909120530016
1758404576608
2857916204384
1557346404960
2656858032736
1832224311904
2931735939680
2863218066848
2570171468448
1762364000656
2861875628432
1553270605200
2652782232976
1828148512144
2927660139920
1831083477392
2930595105168
1488559819168
2588071446944
2844982266192
2858739583392
2845770810720
1471380998736
2570892626512
1746258905680
2845770533456
1814978382416
2914490010192
1484265900624
2583777528400
1471733581152
2571245208928
1746611488096
1471447074384
2570958702160
1745202202192
2844713829968
2862211155344
1556541097360
1831419004304
2930930632080
1813970699664
1488895362448
2588406990224
1763773269392
2863284897168
1467437581664
2566949209440
1742315488608
2841827116384
1536157058400
1557279312480
1539379333728
2638890961504
1814257240672
2910279206288
1470592747936
1745470654880
1466296452512
2565808080288
2840685987232
1809893836192
2909405463968
1483476321696
2582987949472
1556272940368
2655784568144
2930662475088
1470574659920
2570086287696
1745452566864
2844964194640
1539294136656
2638805764432
1814172043600
2913683671376
1466279692624
2565791320400
1488561129824
2588072757600
1763439036768
1470324311712
2569835939488
1745202218656
2844713846432
1759479351648
2858990979424
1759226661216
2858738288992
2565876254368
1741242533536
2840754161312
2844712798624
2587333265824
2582703786576
1758070065744
2857581693520
1832510834016
1759210915424
2858722543200
1467103087264
2566614715040
1741980994208
2841492621984
1540100752720
2639612380496
1814978659664
2914490287440
1556491830928
2656003458704
1831369737872
2930881365648
1552985376160
2652497003936
1827863283104
2927374910880
1536141067600
2635652695376
1811018974544
2910530602320
1487571274400
2587082902176
1762449181344
2861960809120
1470575707744
2570087335520
2844965242464
2927374928464
2909120514400
1483191372128
2582702999904
1557347715408
2656859343184
1832225622352
1758069279072
2857580906848
1551910848864
2651422476640
1556222331216
2655733958992
2930611865936
2914573126048
1539110897296
2638622525072
1813988804240
2913500432016
2651690912080
1746610440864
1467371522656
2566883150432
1536090999392
2635602627168
1484551391840
2584063019616
1828198040928
2927709668704
1540368926112
1487822670432
1551910848080
2651422475856
1826788755024
2926300382800
2587334298208
1487569980000
2587081607776
1762447886944
2861959514720
1557347731872
2656859359648
1832225638816
1556222347680
2655733975456
1831100254624
2930611882400
1763455551120
2571161323168
1759159813776
1552179300768
2651690928544
1467103086224
2566614714000
1741980993168
2841492620944
1535822562960
2635334190736
1810700469904
2910212097680
1484282955408
2583794583184
1556206601888
2655718229664
1831084508832
1488845048400
2588356676176
1832173996624
2931685624400
1810967595600
1536089688656
2913432013392
1487771306576
2840467883424
1470575707536
2570087335312
1471397792352
1746275699296
1539094104480
2638605732256
1540099705488
2639611333264
1814977612432
2914489240208
1551911635600
2651423263376
1745185163920
2844696791696
2914557380256
1540367861408
2639879489184
1758086841680
2857598469456
1815245768352
1556223658336
2655735286112
2930613193056
2914757396128
2862161888928
1827141880160
2926653507936
1487822670224
2587334298000
1762700577168
1810968905296
2910480533072
1746544395856
2846056023632
1815263872592
2914775500368
1487569979792
1556541359712
2656052987488
1831419266656
2930930894432
1758137191008
1762632680864
2862144308640
1763724248720
2863235876496
1487554234000
2587065861776
1762432140944
2861943768720
1483208951200
2582720578976
1758086858144
1467370194256
2566881822032
1742248101200
1540384917856
2639896545632
1815262824800
2914774452576
1539092810080
2638604437856
1813970717024
2913482344800
1540184377936
2639696005712
2657077447264
1471397792144
2570909419920
1746275699088
2845787326864
1811019237968
1815247079008
2914758706784
1535015946832
2634527574608
1814994388576
2914506016352
1471715493520
2571227121296
1746593400464
2846105028240
1487571290448
2587082918224
1762449197392
2861960825168
1763706160800
1746325227168
1763722954320
2863234582096
2583055336800
1556541359504
2656052987280
1466096454032
2565608081808
1740974360976
2840485988752
1534815930768
2634327558544
1483276323216
2582787950992
1763454765472
2862966393248
1551995536784
2651507164560
1826873443728
2926385071504
1552984345184
1467102021280
2862949352800
2914506016096
1470374381136
2569886008912
1745252288080
2844763915856
1539093857872
2638605485648
1813971764816
2913483392592
1484617173408
1810682645072
2910194272848
1535804738128
1763438004816
1484265130576
2583776758352
1759211178640
2858722806416
1831084526176
1471464113744
2570975741520
2638872855904
1470591419984
2570103047760
1745469326928
2844980954704
1466028034656
2565539662432
1740905941600
2840417569376
1759226644128
2858738271904
1540369171856
2639880799632
1815247078800
2914758706576
1540116481424
2639628109200
1814994388368
2914506016144
2910546331024
1536156796304
2635668424080
2909473900880
1470659856720
2570171484496
1745537763664
2845049391440
1539379333456
2638890961232
1814257240400
2913768868176
2930948737360
2930596152656
1556206617936
1488828254560
2588339882336
1763706161504
2863217789280
1471716820640
2571228448416
1484550325856
2584061953632
1470591436448
2570103064224
1745469343392
1759496391008
2859008018784
1557363444112
2656875071888
1832241351056
2931752978832
1488559818336
1484331977296
2583843605072
2588071446112
1552984344976
2652495972752
1827862251920
2927373879696
1484350047840
2583861675616
1759227954784
2858739582560
2931938592400
1815245784400
2914757412176
1746526553440
1553002415520
2652514043296
1471447320928
2570958948704
1746325227872
2845836855648
1487838399136
2587350026912
1762716306080
2862227933856
2656052741776
2656069519712
1758087121568
1467370457680
2566882085456
2857598749344
1470592747104
2570104374880
2657126467920
1832492747088
1539378022032
2638889649808
1814255928976
2913767556752
1758069294736
2857580922512
1551910864528
2651422492304
1826788771472
2926300399248
1745184392848
1467153156448
2566664784224
1742031063392
2841542691168
1535872633184
2635384260960
1810750540128
2910262167904
1740973296032
2840484923808
1534814865824
2634326493600
1809692772768
2909204400544
2582786886048
1758153165216
2656858031696
1832224310864
2931735938640
1553253811552
2652765439328
1553001121120
2652512748896
1763437725072
2862949352848
1467438368400
2566949996176
1742316275344
2841827903120
1536157845136
2635669472912
1811035752080
2910547379856
1484618237584
2584129865360
1809675732576
2909187360352
1758136125024
2857647752800
1557614856608
2657126484384
1758338517600
2857850145376
1534732028240
2634243656016
1809609935184
2909121562960
1556223641248
1551995800208
2651507427984
1826873707152
2926385334928
2655735269024
1831101548192
2930613175968
1539379332688
2638890960464
1814257239632
2913768867408
2910262412640
1552263956128
2651775583904
2926653490848
1470592746896
2570104374672
1814239136160
2913750763936
1540452797072
2639964424848
1815330704016
2914842331792
1557616167264
2657127795040
1832494074208
2932005701984
1540384900768
2639896528544
1556490783072
2656002410848
1831368690016
2930880317792
2638604420768
1813970699936
2913482327712
2845787309728
1831084788304
2930596416080
1810750539088
2910262166864
1466095388048
2565607015824
1740973294992
2840484922768
1534814864784
2634326492560
1470390355344
2569901983120
1745268262288
1552247196240
2651758824016
1556475037280
2655986665056
1831352944224
2930864572000
1556222346848
2655733974624
1488561145248
2588072773024
1763439052192
2862950679968
1758338517392
2857850145168
1827057206880
2926568834656
2845031549600
1487571273360
2587082901136
1484601460128
2584113087904
2858990994848
2635668408992
1535871584912
2635383212688
2910261119632
1814240446816
2913752074592
1539109849440
2638621477216
1813987756384
2913499384160
1763454781024
1540368140880
2639879768656
1553252764320
2652764392096
1828130671264
2927642299040
1758069279120
2857580906896
1826788755856
2926300383632
1470306470288
2569818098064
2913483638368
1471732532880
2571244160656
1466363823440
2565875451216
1741241730384
2840753358160
1814256174416
2913767802192
1470658790736
2570170418512
1745536697680
2845048325456
1740889425568
2840401053344
1467437303456
2566948931232
1742315210400
2841826838176
1536156780192
2635668407968
1484617172640
2569834629456
2857648818848
1553319889488
2652831517264
1536140020304
2635651648080
1467420543568
2566932171344
1540434987600
2639946615376
1556475037072
2655986664848
1831352944016
1556222346640
2655733974416
1557297121888
2656808749664
1483526932048
2583038559824
1758404838992
2857916466768
1552179299728
2651690927504
1827057206672
1553254074976
2652765702752
1828131981920
2927643609696
1471666227536
2571177855312
1746544134480
2846055762256
1488560081552
2588071709328
2862160823648
2863033517408
1759478303376
2858989931152
1758087105168
2857598732944
1551928674960
2651440302736
1826806581904
2926318209680
1470324296336
2569835924112
1762700592800
2862212220576
1539094103440
2638605731216
1467354744400
2566866372176
1488846096992
1466297517472
2565809145248
1535016994208
2634528621984
1809894901152
2909406528928
1556223657296
1831101564240
2655735285072
2930613192016
1467152090464
2566663718240
1742029997408
2841541625184
1535871567200
2635383194976
1810749474144
2651775599952
1552263972176
1810749754016
1763522660944
2863034288720
1832175028624
2931686656400
1484601707088
1552197110352
2651708738128
1466297764432
2565809392208
1539312208464
2638823836240
1483476322896
2582987950672
1828131981712
2927643609488
1553001384336
2652513012112
1827879291280
2927390919056
2584128800352
1759495079520
2859006707296
1553269540256
2652781168032
1828147447200
2927659074976
1762699543904
1471380998496
2570892626272
1746258905440
2845770533216
1552985638544
2652497266320
1827863545488
2927375173264
1488644770464
2588156398240
1763522677408
2863034305184
1758069279136
2857580906912
1551910848928
2651422476704
1826788755872
2926300383648
1470306470304
2569818098080
1483476339360
2582987967136
1466095389264
2565607017040
1740973296208
2840484923984
1557631879504
1815263856032
2927709424032
1763454502304
1810766513568
2910278141344
1470391143072
2569902770848
1745269050016
2844780677792
1557363443280
2656875071056
1832241350224
2931752978000
2652496235088
1553270850912
2652782478688
2586997721504
1556205570464
2655717198240
1831083477408
2930595105184
1763454764432
2862966392208
2583844637088
1827862251088
2927373878864
2584128800144
1759495079312
2859006707088
1467086031456
2566597659232
1741963938400
2841475566176
1535805508192
2635317135968
1810683415136
2910195042912
1487503918416
2587015546192
1762381825360
2861893453136
1556223395152
2655735022928
1831101302096
1556222610064
2655734237840
1831100517008
2930612144784
1740905941648
2840417569424
1809625418384
2909137046160
1814977594720
2914489222496
1832494057120
1556490765984
1552262924944
2651774552720
1827140831888
2926652459664
2656002393760
1557364509024
2634242344528
1809608623696
2909120251472
1741157599584
2840669227360
1534999169376
2634510797152
1539378268576
1488828253520
2588339881296
1763706160464
2863217788240
1809877076384
2909388704160
2859008017744
1759496389968
1484618483024
2584130110800
2910480272016
1539109832352
2638621460128
1813987739296
2913499367072
1484350048848
1556474006096
2655985633872
1831351913040
2930863540816
2657059620512
1557614855776
2657126483552
1832492762720
2932004390496
1556492076640
1552264235600
2651775863376
1827142142544
2926653770320
2656003704416
1467103070608
2566614698384
1741980977552
2841492605328
1470306223504
2569817851280
1745184130448
2844695758224
1539025700240
2638537328016
1813903607184
2913415234960
1740889163152
2840400790928
1488828269984
2569818900128
1471447319888
2570958947664
1746325226832
2845836854608
1815045769872
1487838398096
2587350025872
1762716305040
2862227932816
1759496406432
2859008034208
1467086030416
2566597658192
1535805507152
2635317134928
2910195041872
1471380997712
2570892625488
1539043527008
2638555154784
1813921433952
2913433061728
1553269803680
2652781431456
1828147710624
2927659338400
1539361228384
2638872856160
1814239135328
2913750763104
1471447336352
2570958964128
1745452549536
2844964177312
1471666210448
2571177838224
1536090982736
2635602610512
1467371506000
2566883133776
1466279691600
2565791319376
1534999168336
2634510796112
1470574658896
2570086286672
1488829580640
2588341208416
1763707487584
2863219115360
1758086055584
1815061235360
2910211836576
2844981234336
1535805508256
1810683415200
2910195042976
1741242518160
2840754145936
1535084087952
2634595715728
1483544480400
1758338516560
2857850144336
1466029081952
2565540709728
1740906988896
1534748558688
2634260186464
1809626465632
2909138093408
1483208951136
2582720578912
1467103086240
2566614714016
1741980993184
2841492620960
1466028034720
2565539662496
1740905941664
2840417569440
1809625418400
2909137046176
1484617435792
2584129063568
1466348112208
2565859739984
1741226019152
2840737646928
1470575953248
2570087581024
1745453860192
2844965487968
1487839725216
2587351352992
1762717632160
2862229259936
1539361228176
2638872855952
1814239135120
2913750762896
1815061219936
2914572847712
1466079675984
2565591303760
1471396727200
2570908354976
1832494073168
2657127794000
1557616166224
2932005700944
1556490782032
2656002409808
2930880316752
1814256962208
1832510589600
1487570225504
2587081853280
1762448132448
2861959760224
1536090998368
2635602626144
1810968905312
2910480533088
1487554234704
2587065862480
1740957305168
2840468932944
1534798874960
2634310502736
1809676781904
2909188409680
1484282694224
2583794322000
1483477371552
1539362538832
2638874166608
1814240445776
2913752073552
1826872378784
2926384006560
1471398037856
2910530585936
1762633467216
2862145094992
1758152901968
1814189065552
2913700693328
2910195303760
1553252763280
2652764391056
1466011239776
2565522867552
1740889146720
2840400774496
1809608623456
2909120251232
1483191108960
2582702736736
1540183312784
2639694940560
1815061219728
2914572847504
1466029066832
2565540694608
1470575691152
2570087318928
1745453598096
2844965225872
1539295167888
2638806795664
1487554495888
2587066123664
1557565557072
2657077184848
1539362555296
2638874183072
1814240462240
1466011239840
2565522867616
1740889146784
2840400774560
1809608623520
2909120251296
2861942983072
2845770795424
1553269819728
2652781447504
2656003443280
1483276323232
2582787951008
2857665857952
1551995799968
2651507427744
1557297120848
2656808748624
1832175027792
2931686655568
2927643608656
1553254073936
1488913205856
2927390918224
2588424833632
1758137189984
2857648817760
1551978759776
2651490387552
1826856666720
2926368294496
1470374381152
2569886008928
1745252288096
2844763915872
1741963168352
2841474796128
1535804738144
2635316365920
1810682645088
2910194272864
1815062530384
2914574158160
1762382071440
1557615118992
1832493025936
2932004653712
2639678424736
1557297137312
2656808765088
2846122870368
1811034948960
2910546576736
1553254090400
2652765718176
1828131997344
2927643625120
1466364889440
2565876517216
1741242796384
1467085243984
2566596871760
2635316348496
1810682627664
2910194255440
2909188671056
1470642800208
2566681544080
1742047823248
2841559451024
1466011240032
2565522867808
1740889146976
2840400774752
1809608623712
2909120251488
1763723199824
2863234827600
1762431092048
2861942719824
1487553185104
2587064812880
1814239398544
2913751026320
1467438352784
2566949980560
1742316259728
2841827887504
1827862497632
2927374125408
1466011240096
2565522867872
1763791112592
2863302740368
1466096453008
2565608080784
1740974359952
1809693836688
2909205464464
1557631895136
1488845309344
2588356937120
1763723216288
2863234844064
1762431108512
2861942736288
1471380997456
2570892625232
1488644769424
2588156397200
1763522676368
2863034304144
1763438003792
2862949631568
1557279573584
2656791201360
1832157480528
2931669108304
1741963167056
2841474794832
1484601722512
2584113350288
1483476338320
2582987966096
1758354245264
2857865873040
1539026750032
2638538377808
1813904656976
2913416284752
1826872642208
2926384269984
1470659578256
2570171206032
1745537485200
2845049112976
2846038985376
1814978661024
1540384918176
1471381013920
2570892641696
1470591681952
2570103309728
1745469588896
2844981216672
1535084365136
2634595992912
1809962272080
2909473899856
1466364888400
2565876516176
1552264234320
1762717631824
1759210129744
2858721757520
1467438368416
1487554512224
2587066140000
1762432419168
2861944046944
2566949996192
1742316275360
2841827903136
1536157845152
2858739337888
1535822547616
2635334175392
1810700454560
2910212082336
1557631894928
2657143522704
1466363841168
2565875468944
1535083317904
2634594945680
1809961224848
2909472852624
1483477648976
2582989276752
1758355555920
2857867183696
1556205816416
2655717444192
1488627976608
2588139604384
1552246131296
2651757759072
1827929606752
1484332239264
2583843867040
1759210146208
2656875858320
2858721773984
1471715771744
2571227399520
1484551113360
2584062741136
1759429020304
2858940648080
1746593678688
2846105306464
1470306485840
2569818113616
1539378267536
2638889895312
1814256174480
1741224707664
2840736335440
1809877075344
2909388703120
2859007755856
1535821253216
2635332880992
2927442019744
1471379950224
2570891578000
1746257857168
2845769484944
1810967579296
1742031062368
1535872632160
2635384259936
1484333024608
2583844652384
1487503903072
2587015530848
1762381810016
2861893437792
1758153164192
2857664791968
1551994733984
1826872640928
2656807962016
2655784569168
1831150848336
2930662476112
1556205816208
2655717443984
1832224572832
2931736200608
1552246131088
2651757758864
1827124038032
2926635665808
1488896690848
1466364889424
2565876517200
1741242796368
2840754424144
1809962273104
2913751042400
1539043525968
2845769501024
1471665162592
2571176790368
1746543069536
2846054697312
2909390013776
2926367229584
1487553464992
2587065092768
1471381260880
2570892888656
1746259167824
2845770795600
1742299482704
2841811110480
1471396726368
2841558420048
1741241730400
2840753358176
1535821253008
2635332880784
1810699159952
2910210787728
1831168395600
2930680023376
1467420543584
2566932171360
1742298450528
2841810078304
1827125348688
2926636976464
2910195041936
1556222592352
2926384286032
1551994751312
2651506379088
2655734220128
1831100499296
2930612127072
1471381277344
1746259184288
2845770812064
1552262907232
2651774535008
1467421592224
2566933220000
1745470391696
2844982019472
1814189868432
1762381825424
2861893453200
2651490633296
1826856912464
2926368540240
1831168412064
2930680039840
2909138340512
1483209198240
2582720826016
1827880339808
2931938331280
2857866922640
1467353680208
2566865307984
1742231587152
2841743214928
1536073156944
2635584784720
1810951063888
2635333126480
2931737250128
1535822563664
2635334191440
1540183311952
2639694939728
1471396726160
2570908353936
1746274633104
2845786260880
1551979021984
2651490649760
1536140265040
2635651892816
1811018171984
2910529799760
2571160012384
2566865307024
1742231586192
2841743213968
1467353679248
1815329671584
2914841299360
1487570224464
2587081852240
1762448131408
2861959759184
1539295169168
2638806796944
1539042478736
2638554106512
1540436018848
2639947646624
1759478318672
2858989946448
1828197795408
2927709423184
1815312893520
2914824521296
1557614855760
2657126483536
2657077200480
2931955107424
1466096453984
2565608081760
1534815930720
2634327558496
1809693837664
2909205465440
1471398036816
2570909664592
1746275943760
2845787571536
2570909419168
1488828532368
2588340160144
1763706439312
2863218067088
2657127778976
2657144292752
2566949979472
1742316258640
2841827886416
1815330982240
2914842610016
1758087104144
2857598731920
1551928673936
2651440301712
1826806580880
2926318208656
1470324295312
2569835923088
1745202202256
2844713830032
1539043789392
2638555417168
1813921696336
2913433324112
1809692510800
2909204138576
1471665162832
1815330703952
2914842331728
1763437988432
1814189852256
2913701480032
2571228432992
1466011241056
2565522868832
1740889148000
2840400775776
1471398053280
2570909681056
1746275960224
2845787588000
1535016207968
2634527835744
1809894114912
2909405742688
1470574904976
2570086532752
1745452811920
2844964439696
2931686918816
1484265900368
1759143807312
2583777528144
2858655435088
1809608624784
2909120252560
1487821636960
2587333264736
1762633483936
2863285963424
1763791111760
2863302739536
1466011241120
2565522868896
1466029082016
2565540709792
1740906988960
2840418616736
1534748558752
2634260186528
1557565572496
2657077200272
1832443479440
2931955107216
2651758021280
1762650506832
1556492076624
2656003704400
1466297763408
2565809391184
1741175670352
2635333143200
1488645015968
2588156643744
1763522922912
2863034550688
1553052502624
2652564130400
2651774798432
1827141077600
2926652705376
1827930409568
2927442037344
1759143823776
1758354491808
2857866119584
1471649449312
2571161077088
1746527356256
2846038984032
1557549042272
1483208148640
1540184638864
2639696266640
1815062545808
2913701479824
1539311945104
2638823572880
1814189852048
2914574173584
1466363840080
2565875467856
1741241747024
2840753374800
1810968889952
2910480517728
1746274896528
2845786524304
1488896412000
1467437304464
2566948932240
1742315211408
2841826839184
2588408039776
1488643721568
2588155349344
1470659593888
2570171221664
1467103070624
2566614698400
1741980977568
2841492605344
1487487126096
2586998753872
1539025700256
2638537328032
1488627975776
2588139603552
1763505882720
2863017510496
1539378268832
1483191388752
2582703016528
1467086030432
2566597658208
1552263170448
2651774798224
1827930409360
2927442037136
1759210145376
1758337451616
1540436034896
2639947662672
1815313941840
2857849079392
2858721773152
1827862513056
2927374140832
2846106356064
1740889410128
2840401037904
1534730979920
2634242607696
1470306470480
1745184377424
2569901721952
1487487142560
1746526292560
2846037920336
2656875088224
2566950242896
1467438615120
1742316522064
2841828149840
1536090982800
2635602610576
1810968889744
2910480517520
1466279691616
2565791319392
1741157598560
2840669226336
1534999168352
2634510796128
1809877075296
2909388703072
1483459560800
2863033502112
1815313155488
2914506803616
1832493008224
2932004636000
1810700453520
2910212081296
1826806335824
2926317963600
1741242518176
2840754145952
1535084087968
2634595715744
1556205815376
2655717443152
1831083722320
2930595350096
1553069278560
2652580906336
1742316538528
2841828166304
1488627975568
2588139603344
1763505882512
2863017510288
1552246130256
2651757758032
1827124037200
1762699807328
2862211435104
1484282938768
2583794566544
1759160845712
2858672473488
1553002415504
2652514043280
1827880322448
2927391950224
1759210145168
2858721772944
2582971172240
1758337451408
2857849079184
1759159536224
2858671164000
1556474268064
2655985895840
1831151635088
2930663262864
1810967595344
2910479223120
1536089688400
2863218853472
2845837919840
1556205831840
1831083738784
2930595366560
2656859342432
1552246146720
2651757774496
1827124053664
2926635681440
1536073942608
2635585570384
1810951849552
2910463477328
1535821252176
2635332879952
1810699159120
2910210786896
1471649712736
1466078610832
2565590238608
1740956517776
1540434987664
2639946615440
2863235876176
1553270850896
1828148757840
1484551374160
2584063001936
1759429281104
2858940908880
2652782478672
2927660385616
1758137174368
1483460855120
2582972482896
1758338762064
2857850389840
1483208164688
2582719792464
2857597699408
1556558940512
2656070568288
1831436847456
2930948475232
2910195320480
1810951866016
2910463493792
1553068214864
2652579842640
2927457749584
1467370457744
2566882085520
1742248364688
2841759992464
1484281629072
1487503918496
2587015546272
1552247457376
2651759085152
1827125364320
2926636992096
2931938314848
1487553463952
2587065091728
1762431370896
2861942998672
1483460871584
2582972499360
1758338778528
2857850406304
1557280606880
2656792234656
1832158513824
2931670141600
1540436298320
1815314205264
2914825833040
1814188821072
2913700448848
1553320921760
2652832549536
1828198828704
2927710456480
1746527619472
2846039247248
1488627189344
2858991241552
2858738551120
1471665178016
2571176805792
1746259183248
2845770811024
1484282939728
2583794567504
1759160846672
2858672474448
1832494073504
1763723200160
1762716583264
2862228211040
1746258904736
2909138356896
1467420526160
2566932153936
1742298433104
2841810060880
1536140002896
2635651630672
1811017909840
2910529537616
1483259266384
2582770894160
1551978743120
2651490370896
1556290504080
2655802131856
1557279557968
2656791185744
1488560081232
2588071709008
1483460855456
2639879768736
1488912140704
1763790047648
2863301675424
1552247457168
2651759084944
2930864571744
1553069541984
2652581169760
1552196848224
2651708476000
1827074755168
2926586382944
1827947448928
1488628238992
2588139866768
1763506145936
2863017773712
2862966392160
2931737265504
1487502854800
2587014482576
1762380761744
2861892389520
1484282956192
2583794583968
1759160863136
2858672490912
1758136126096
2857647753872
1826855602832
1471666488672
2571178116448
2582971435664
1758337714832
2857849342608
1745252287840
2844763915616
2588356675984
1484600657568
1540451763600
2639963391376
1815329670544
2914841298320
1467438352800
2566949980576
1742316259744
2841827887520
1536157829536
2635669457312
1811035736480
2910547364256
1484618221984
2584129849760
2858722805328
1553253812560
1763791358304
2863302986080
2655986927184
2582787949984
1758154229152
2857665856928
1551995798944
2651507426720
1826873705888
2926385333664
1470391420320
2569903048096
1745269327264
1488626944592
1487504165456
2587015793232
1762382072400
2861893700176
1759412259168
2858923886944
1758404561488
2857916189264
1552246131280
2651757759056
1556541098576
2656052726352
1487821621840
2587333249616
1557279312272
2656790940048
1832157219216
2931668846992
1488645015136
1483544480336
2583056108112
1758422387280
2857934015056
2588156642912
1553069541776
2652581169552
1552196848016
2651708475792
1483476584032
1540453074256
2639964702032
1815330981200
2914842608976
2930680301920
2863284898144
2582988211808
2914841561440
1553337697696
2652849325472
1828215604640
2927727232416
1762382088864
1471665424976
2861893716640
2570959996560
2588357708128
1466364888416
2565876516192
1741242795360
2840754423136
1809962272096
2909473899872
1483544757600
2583056385376
1540166534560
2639678162336
1815044441504
2914556069280
1832158250400
2910261365152
1832158529872
1832510571920
1484618220944
2584129848720
1553320937808
2652832565584
1828198844752
2927710472528
1557548778848
2657060406624
1557296088416
2656807716192
1470373333664
2569884961440
1745251240608
1553253041504
2652764669280
1534797825632
2634309453408
2588156642704
1763522921872
2863034549648
1553052501584
2652564129360
1552263169616
2651774797392
1827141076560
2926652704336
1827930408528
2927442036304
1487755577952
2587267205728
1762633484896
2862145112672
1484265915792
2583777543568
1483476583824
2582988211600
1758354490768
2857866118544
1759143822736
2858655450512
2913767819920
1762700839264
1813904902480
2913416530256
1556290767504
2655802395280
1831168674448
2930680302224
1815045752160
2914557379936
2634326247760
1534814619984
1809692526928
2909204154704
1813920367968
2913431995744
1556558923424
2656070551200
1831436830368
2930948458144
2587283966608
1552263186080
2651774813856
1827141093024
2926652720800
1536090981968
2635602609744
1534798874192
2634310501968
1745252551264
2844764179040
2588408038736
1488643720528
2588155348304
1763521627472
2863033255248
1815329933968
2914841561744
1535067326880
2634578954656
1809945233824
2909456861600
2584112301392
1826855881056
2926367508832
1556542163536
2656053791312
1831420070480
2930931698256
1466096454048
1534815930784
2634327558560
1809693837728
2909205465504
2862145112464
1742029998480
2841541626256
1535871568272
2635383196048
1810749475216
2910261102992
1484331960720
2583843588496
1556474267232
2655985895008
1831352174176
2930863801952
1488896427424
2588408055200
2932022479456
1741224953168
2840736580944
1466347046224
2565858674000
1557547731616
2657059359392
1832425638560
2931937266336
1553337961120
2652849588896
2927726446928
1745252551056
2844764178832
2914556086944
1470642800032
2570154427808
1471648401040
2571160028816
1746526307984
2846037935760
2932004374864
1484600396112
1553319872848
2652831500624
1828197779792
2927709407568
1759478303056
1471715494224
2571227122000
1557614840144
2926316898976
1484550064464
2584061692240
1540166797984
1487772353888
2587283981664
1762650260832
2862161888608
2841827117728
1487821899344
2587333527120
1762699806288
2862211434064
2857648031056
1551977973072
2651489600848
1813970978128
2913482605904
1762431370576
1556474267024
2655985894800
1484281628240
2583793256016
1759159535184
2858671162960
2930863801744
1557296351840
2656807979616
2570153642656
2566663734944
1742030014112
2841541641888
1535871583904
2635383211680
1810749490848
2910261118624
1484331976352
1553336666720
2652848294496
1488895363728
2588406991504
1763773270672
2863284898448
1484550080928
2584061708704
2858939615648
1742047037776
2841558665552
1470391420256
2569903048032
1745269327200
2844780954976
1471649711696
2571161339472
1759412242080
2858923869856
1759159551648
2858671179424
1557347453536
1539042724448
2638554352224
1813920631392
2913432259168
1746342791584
2845854419360
1556558939472
2656070567248
1832443464352
1815062530720
1742298449504
2841810077280
1536140019296
2635651647072
1811017926240
2910529554016
1484600411744
2584112039520
2927459076704
1488896674384
2588408302160
1763774581328
2863286209104
1488643983952
2588155611728
2931668847200
1487771290192
2587282917968
1762649197136
2862160824912
2657060669840
2931938576784
2656807979408
1488912139872
2588423767648
1763790046816
2863301674592
2587333526944
1553336666512
2652848294288
1828214573456
2927726201232
1832442414496
2931954042272
1483209197216
2582720824992
1758087104160
2857598731936
1551928673952
2651440301728
1826806580896
2926318208672
1557280605840
2656792233616
1832158512784
2931670140560
1466012568144
2565524195920
1740890475088
2840402102864
1551911914064
2651423541840
2910193993040
1535804458320
2635316086096
1810682365264
1553320920720
2652832548496
1828198827664
1553068230288
2652579858064
2927457765008
1487771306656
2587282934432
2651757758816
1813920631184
2913432258960
1740889164368
2840400792144
1815061480864
2914573108640
2932022200736
1467437581712
2566949209488
1536157058448
2635668686224
1553337977168
2652849604944
1828215884112
2927727511888
1557565818208
2657077445984
1832443725152
1556273710432
2655785338208
1831151617376
2930663245152
1466297763424
2565809391200
1535017240160
2634528867936
1557279311440
2656790939216
1832157218384
2931668846160
1488912139664
2588423767440
1763790046608
2863301674384
1553069540944
2652581168720
1827947447888
1552196847184
2651708474960
1827074754128
2927459075664
1762650524256
1759160862096
2858672489872
1831436044640
1540166814032
2639678441808
1815044720976
2914556348752
1556557892240
2656069520016
1831435799184
2930947426960
1553051437472
2652563065248
1540434969952
2639946597728
1815312876896
2914824504672
1535084349776
2634595977552
1556492076688
1539025684048
2638537311824
1813903590992
2652781430368
1552196863648
2651708491424
1827074770592
1470641769056
2570153396832
1467152106896
2566663734672
1742030013840
2841541641616
2638805764512
1828148513360
1763791357264
1488913450320
2588425078096
2913683671456
1540385704592
2639897332368
1831352175008
1484534351184
2584045978960
1759412258128
2858923885904
2844763129504
1831437109840
1488828516944
2588340144720
1832157465168
1557547993680
2657059621456
1762632682064
2862144309840
1557279558224
1471648647584
1487772617104
2587284244880
2639612364448
2931954058640
1742249429648
1488913466784
1815312894608
1487504180880
2587015808656
1762382087824
2861893715600
1742031324496
2841542952272
1466280723792
2565792351568
1741158630736
1466028033360
2565539661136
1740905940304
2840417568080
2840670258512
1758422402704
2857934030480
2857917254240
1470641768848
1535804721744
2635316349520
1810682628688
2910194256464
2570153396624
1539027011168
2638538638944
1813904918112
2913416545888
1470659839392
2570171467168
1745537746336
2845049374112
1809945232992
2909456860768
1471665440400
2571177068176
1746543347344
2846054975120
1809675732624
2909187360400
1815330965152
2931736218272
1758152902992
2857664530768
1467103069600
2566614697376
1741980976544
2841492604320
1815062283872
1535804738208
2635316365984
2638555400864
1827863562576
2927375190352
1746259183952
2845770811728
1741964216656
2841475844432
1831151880800
1762365295008
2861876922784
1488912403088
2588424030864
2863301937808
1483527702944
2583039330720
1758405609888
2857917237664
1483191371344
2582702999120
1759411210896
2858922838672
1470658544992
2570170172768
1745536451936
2845048079712
1759429281440
2858940909216
2857648801440
1540435233376
2639946861152
1815313140320
2914824768096
2931955352928
2571160275360
1471666472288
2571178100064
1746544379232
2846056007008
2584063001952
1759429281120
2858940908896
1488846341472
2857934014112
1762717353632
2862228981408
2657076398752
1466279938656
2565791566432
1534999415392
1540099689056
2639611316832
1814977596000
2914489223776
1814172289632
2913683917408
1552179284576
1741225757264
2840737385040
1487822686800
2587334314576
1832442693968
2930662213968
1484331959968
1466346784416
2565858412192
1741224691360
2840736319136
1535066261152
2634577888928
1809944168096
2909455795872
1483526653600
1740957304160
2840468931936
1534798873952
2634310501728
2844763899232
1487554233696
2587065861472
1762432140640
2861943768416
2571177051792
1746543330960
2846054958736
1759428232848
2858939860624
1488845293200
2913482328736
1740956256928
2840467884704
1534797826720
2634309454496
1809675733664
1745251224224
2844762852000
1813970700960
1487553186464
1535083038288
2634594666064
2583844636256
1470641752672
2570153380448
1487821621856
2587333249632
1762699528800
2862211156576
1809945496208
1536090720672
1467153156496
2566664784272
1742031063440
2841542691216
1471448123792
1746326030736
2845837658512
1488560080208
2588071707984
1763505899920
1745251223184
2844762850960
1762431092368
2861942720144
1471733319072
1746611226016
2846122853792
1484601461072
2584113088848
1759479368016
1488896428368
2588408056144
1763774335312
2863285963088
1742299498832
2841811126608
1758421600656
2857933228432
1466346784336
2565858412112
1484550343312
2584061971088
1758136142480
2857647770256
1467086047888
1470658807456
2570170435232
2845048342176
2930947688096
2841541626272
1832224311712
1535871568288
1471447058848
2570958686624
2845836593568
2656858032544
2931735939488
1484331960736
2583843588512
1487487387232
2571227122016
2846105028960
1763773270368
1810951080336
2910462708112
1740956534112
2840468161888
1809676010848
2909187638624
1745251501408
2844763129184
1746324964752
2845836592528
1484331959696
1488626926992
2588138554768
1763504833936
2863016461712
2583843587472
1536089949536
2635601577312
1758070326608
2857581954384
1551911896400
2651423524176
1826789803344
2926301431120
2861876921680
1534732027216
2634243654992
1809609934160
1746593400144
2846105027920
1484600395088
2584112022864
1488895362384
1763773269328
2926300383888
1470306470544
2569818098320
1741157845648
2840669473424
1534999415440
2639694939472
1551927626320
2651439254096
1483192437344
2582704065120
1551911914080
2651423541856
1487487404640
2586999032416
1762365311584
2861876939360
1466012568160
2565524195936
1484281890208
2583793517984
1746258905744
2845770533520
1759143807632
2858655435408
1763438774928
2862950402704
1471732549024
2571244176800
1746610455968
2846122083744
1484617450912
2584129078688
1759495357856
2859006985632
2846122871120
1488912418208
1745452566928
2844964194704
1758337468816
2857849096592
1487754529168
2587266156944
1762632436112
2862144063888
2930863540624
2841744001616
1746527341136
2846038968912
1484534336080
1759412243024
2858923870800
1763707210320
2863218838096
1746274650704
2845786278480
2565524194896
2840402101840
1483192436304
2582704064080
1758070343248
2857581971024
1487487403600
2586999031376
1762365310544
2861876938320
1740889409872
2840401037648
1483543430816
2582704047456
1551911896416
2651423524192
1488561128800
1470307517792
1487487386976
2582972482912
1534798105184
2634309732960
1809676012128
1826788756128
1488560081568
2588071709344
1483459807904
2582971435680
1762632682144
2862144309920
1466279938720
1471666490016
2846056024736
1484551391904
2584063019680
1759429298848
2858940926624
1488846359200
2588357986976
1763724266144
2863235893920
1483544741472
2651422230160
2846123117136
1470592484944
2570104112720
1484282693200
2583794320976
1470324049488
2569835677264
1539043526224
2638555154000
1813921433168
2913433060944
2565607819616
1746259183968
2845770811744
1763439053152
2862950680928
1763724265104
1831083722336
1470374382240
1758137191072
1762364245600
1762432158368
2861943786144
1809676798624
2909188426400
2930595350112
1758069278304
1540384655696
2639896283472
1809961223824
1535067571552
2634579199328
1809945478496
2909457106272
1745520724576
2845032352352
1758405626464
1762700593760
2862212221536
1828198042192
2570892903760
1746259182928
2845770810704
1484266177872
2588072772944
1763439052112
2862950679888
1488561145168
1762633745824
2926317947216
1483208935760
1762381810000
2861893437776
1470592469328
2570104097104
1745470376272
2844982004048
1539311946064
2638823573840
1466079413904
2565591041680
1470374381200
2569886008976
1483259283088
2582770910864
1487554250384
2587065878160
1746258135696
2845769763472
1759143037584
2858654665360
1763438004880
2862949632656
2588089288288
2909138093664
1826806335072
2926317962848
1470592484960
2570104112736
1484282693216
2583794320992
1759160600160
2858672227936
1745537763728
2845049391504
2583056386448
1758422665616
2857934293392
1762717632912
2862229260688
2914774435488
1746543330976
1832442676896
2846054958752
1484550325600
2584061953376
2931954304672
2857647752544
1741225756240
2840737384016
2583039346256
1758405625424
2857917253200
1487822685776
2587334313552
1762700592720
2862212220496
2930931959184
1484533566032
2584045193808
1759411472976
1763706440272
2863218068048
1534731782752
2634243410528
1809609689696
1470575954256
1557279556960
2656791184736
1746326030752
1467153156512
2566664784288
1742031063456
2841542691232
1471380211040
2570891838816
1556272662176
2655784289952
1831150569120
2930662196896
1745251223200
1762431092384
1557565557088
2657077184864
1832443464032
2931955091808
2863235615072
2913433045344
1483208935776
2582720563552
1746594466144
1484601461088
2584113088864
1759479368032
2858990995808
1763774335328
2863285963104
2914825570656
2846106093920
1470641751648
2570153379424
1745519658592
1483526653536
2583038281312
1758404560480
2857916188256
1487821620832
2587333248608
1762699527776
1467084982944
2566596610720
1741962889888
2841474517664
1557347468688
1832225375632
1763505898896
2863017526672
2656859096464
1832158251360
2927659353424
1553269818704
1828147725648
2652781446480
1745469605200
1466028295504
2565539923280
1740906202448
2840417830224
1534747772240
2569819145616
1745185424784
2844697052560
1539026994576
1487487387024
2586999014800
1746259166608
2845770794384
1556475299216
2655986926992
1471716558160
1741241730448
1745536697744
2845048325520
1831436043664
1762716566928
2862228194704
2656069764496
2930947671440
1826873428320
2926385056096
2914824522384
1471715510928
2571227138704
1746593417872
1488895380112
2588407007888
1763773287056
2863284914832
1466096190800
2565607818576
1740974097744
2840485725520
1488845031760
2931735938464
2583843587488
1471447057824
2570958685600
1746324964768
2845836592544
1488626927008
2588138554784
1762650507920
2862162135696
1487503132000
2587014759776
1762381038944
2861892666720
1758086071648
2857597699424
1826805548384
2926317176160
1553269818720
2652781446496
1536158108240
2635669736016
1811036015184
2844780956240
2635401300560
1832510851664
2926301431200
1740974361168
2840485988944
1745269328464
1762365293984
2861876921760
1745185424800
2844697052576
1553254073760
2652765701536
1557614839136
2657126466912
1832492746080
2932004373856
1471715493216
2571227120992
1810700470944
2926301432144
1740890458448
2840402086224
1745185425744
2844697053520
1758070327632
2857581955408
1741963938464
2841475566240
1471380998816
2570892626592
1759143807648
2858655435424
1758086858384
2857598486160
1551928428176
2651440055952
1826806335120
2926317962896
1745201956496
2844713584272
1762381825680
2861893453456
2930863540640
1758337468832
2857849096608
1487754529184
2587266156960
1762632436128
2862144063904
1809894884768
2927643347552
1471649434208
2571161061984
2846038968928
1484534336096
2584045963872
1557548780128
1832426687072
2588425095760
1553001122400
2652512750176
1827879029344
2927390657120
1557296089696
2656807717472
1832173996640
2931685624416
2565524194912
1740890474080
2840402101856
1483192436320
2582704064096
1552985376400
2652497004176
1827863283344
2927374911120
1557280343696
2656791971472
2931669878416
1552264235616
2651775863392
2926653770336
1556559202912
2656070830688
1745269328480
2844780956256
1488913468000
1536158108256
2845836608912
1811034704464
1471666473360
2571178101136
1746544380304
2846056008080
1745452565904
2844964193680
1484551375248
2584063003024
2930881350032
1745201940880
2844713568656
1758086842768
2857598470544
1551928412560
2651440040336
1826806319504
2926317947280
1815263594896
2931938313808
1467354465872
2566866093648
1742232372816
2841744000592
1746527340112
2846038967888
1763707209296
2863218837072
2845787326112
1762381825696
1740906989216
2840418616992
1809626465952
2909138093728
1540385703584
2639897331360
1815263610528
2914775238304
2858722543008
1557296088656
2656807716432
1741979682384
2841491310160
1467101775440
2566613403216
1746274649680
2845786277456
1763454518864
2862966146640
2841474516624
1484349801808
1488846358176
2588357985952
1746544395936
1826856651152
2926368278928
1556273711504
2655785339280
1831151618448
2930663246224
1466079398288
2565591026064
1740957305232
2840468933008
1762447886752
2863235876512
1552247179600
1831420053840
2930931681616
1470642800976
2570154428752
1758405609808
2583039330640
2913751812432
2840737368400
1466347833680
2656792249696
1832158528864
2931670156640
1471381276000
2570892903776
1488561145184
2588072772960
1763439052128
2844713568672
1556491815328
2931955091872
1826872396112
2926384023888
2638823573920
1831167363408
2930678991184
2913701480864
2635602348448
1466095143248
2565606771024
1466079413920
2565591041696
1740957320864
2840468948640
1534798890656
2634310518432
1470374381216
2569886008992
1487554250400
2587065878176
1552984607392
1827862514336
2927374142112
1557279574688
2656791202464
1832157481632
2931669109408
1741963168416
2841474796192
1471380228768
1483477632352
1758422665632
2857934293408
1762717632928
2862229260704
1535015946640
2634527574416
1809893853584
1745520723552
2845032351328
1758405625440
2857917253216
1762700592736
2862212220512
1540368140896
2639879768672
2584045193824
1488828533344
2588340161120
1763706440288
2863218068064
1809625679248
2909137307024
2582719792528
1827879290256
2927390918032
1557296350608
2656807978384
1832174257552
2931685885328
2930880578960
2652496234128
1827862513296
2927374141072
1832157480592
2931669108368
1551994473104
2651506100880
1826872380048
2926384007824
1759143036560
2635669734752
1758422664592
2857934292368
2931735938656
1467353695824
2566865323600
1742231602768
1488828532304
2588340160080
1763706439248
2863218067024
2635668671056
1742248364432
2841759992208
1809878124880
2909389752656
1556475054416
2655986682192
1814173092176
2913684719952
1827863300432
2588072756576
2862950663520
2582719531344
1746326029728
2845837657504
1759210931616
2858722559392
1763505898912
2863017526688
1814189082016
2913700709792
1553001383328
2652513011104
1827879290272
2927390918048
1557296350624
2656807978400
1758086071712
1552196076960
1556272941456
2655784569232
1831150848400
1466078628240
2565590256016
1740956535184
2840468162960
2582770125200
1487553464720
2587065092496
1758070064720
2927442283088
2657144572560
1540184640144
2639696267920
1832225622608
1540453075600
1740974361232
2840485989008
1534815931024
1832493811040
2932005438816
1471716558176
2571228185952
1746594465120
2846106092896
1759479367008
2858990994784
1488896427360
2857933227424
2583055320480
1758421599648
1487838660000
2587350287776
1762716566944
2862228194720
1762699807056
1745519937872
2845031565648
2862211434832
1832492763808
1540434987680
1815312894624
2863284914848
2639946615456
1763773287072
1826806580576
1551927364176
2930611866192
1466028018256
2565539646032
1740905925200
2840417552976
2844712520272
1758085794384
2857597422160
1758070081888
2857581709664
1826789558624
2926301186400
1745185180000
2844696807776
2930596153696
2909389752672
1814173092192
2913684719968
1814190115488
2913701743264
2582989261472
1762650507936
1470592731808
1828197795472
2927709423248
1557614855824
2657126483600
1832492762768
1484600411792
2584112039568
1759478318736
2858989946512
1488895379088
2582987950688
1551995800224
1826873707168
2926385334944
1815062547104
1556290767520
2655802395296
2930680302240
2845049391776
1759496407712
1746611505824
1466012551520
2565524179296
1740890458464
2840402086240
1534732028256
2634243656032
1809609935200
1831084771680
2930596399456
2909121562976
2656003704464
2930881611408
1539312207504
1814190114448
2638823835280
1483477632656
2582989260432
2913701742224
1467101759824
1741979666768
2566613387600
2909121561936
1556206863696
1831084770640
2930596398416
1814978381472
2910195041952
2583777527456
2914490009248
1556205816464
2655717444240
1831083723408
2930595351184
1762364246672
2861875874448
2655801328992
1483209213600
2582720841376
1758087120544
2857598748320
1763522922832
2657077447072
2931955354016
1471666473376
2571178101152
2651690665376
2926568572320
1831351911840
2930863539616
1758337467808
1745452565920
2844964193696
2857849095584
1762632435104
2862144062880
2657060406880
2931938313824
1471649433184
2571161060960
1746527340128
2846038967904
1488829302368
2588340930144
1763707209312
2863218837088
1742248380064
2841760007840
1827057191504
1466279938640
2862229243488
2565791566416
1745452812880
1758337714768
2857849342544
1553001121376
2652512749152
1557296088672
2656807716448
1471396742752
2570908370528
1466079676000
2565591303776
1534732043680
2634243671456
1809609950624
2910480516496
1815263856016
2914775483792
1471666472336
2571178100112
1540385949072
2639897576848
2655785339296
1831151618464
1534798875040
2634310502816
2930663246240
1487554234784
1827125086560
2926636714336
1470642800992
2570154428768
2583039330656
1758405609824
2857917237600
1487822670176
2587334297952
1826872396128
2926384023904
1831167363424
2930678991200
1470390110560
2569901738336
2931686655584
1551978743184
1745252271504
1740957304208
1552984590736
2927374125456
1557279558032
2656791185808
1759143020944
2858654648720
1488560081296
1471649450384
2571161078160
1746527357328
2846038985104
1762365049232
2861876677008
1556206619024
2655718246800
1488829319568
2588340947344
2909456844112
2845032334672
1470642799952
2570154427728
1539362276688
2638873904464
1814240183632
2913751811408
1827125085520
2926636713296
2910462691664
1553253026128
2652764653904
1832425900368
2931937528144
1763706423632
2863218051408
2587015792976
1745268016464
2844779644240
1539109586256
2638621214032
2569901737296
1487569978704
1534815668896
1552246131344
2651757759120
1827124038288
1556541098640
2656052726416
1831419005584
2930930633360
2565858413200
1741224692368
2840736320144
2634259137952
2845769762464
1746258134688
1814977611424
1763438003872
2862949631648
1467085260128
2566596887904
1741963167072
2841474794848
1552264234400
2651775862176
1827142141344
2926653769120
1831437108640
2930948736416
1470659855776
2570171483552
1746526570080
2846038197856
1759411471968
2858923099744
1488828532320
2588340160096
1740906990160
2840418617936
1534748559952
2634260187728
2909138094672
1551928429136
2651440056912
1826806336080
2926317963856
1831101303376
2651423279520
1487755577760
2638538377632
2913416284576
1809878124960
2930864589216
1746527357344
1466078628256
2565590256032
1534798104992
2634309732768
1742048086688
2841559714464
2845031565664
1814239414624
2927709407632
1557614840208
1832492747152
2657126467984
1471715494288
2571227122064
1746593401232
2846105029008
2932004374928
1488895363472
2909187638672
1466078627216
2565590254992
1740956534160
1487553463696
2587065091472
1551927364192
2651438991968
1831100238432
2930611866208
1470322985568
2569834613344
1487502854752
2587014482528
1826856912480
2926368540256
1535872878160
2635384505936
1540167845456
2639679473232
1553052747344
2652564375120
1827930654288
2927442282064
1832225621584
2931737249360
1813920369232
2913431997008
1742046792080
2845031564624
1539361506640
2638873134416
1483526931792
1552246408528
2651758036304
1827124315472
2926635943248
1556541375824
2656053003600
1811017926304
1484600411808
2584112039584
1759478318752
2858989946528
1488895379104
2588407006880
1467102824784
2566614452560
1557297138000
1553002170704
2652513798480
1832175044944
2931686672720
1759160600144
2858672227920
1484282693968
1551927363152
2651438990928
1556222330448
2655733958224
1466028017232
2565539645008
1470322984528
2569834612304
1758085793360
2857597421136
1813904919184
2913416546960
1556206881424
2655718509200
1831084788368
2930596416144
1809609951888
2909121579664
1483192437392
2582704065168
1556492076704
2656003704480
1483477632672
2582989260448
1487772599968
2587284227744
1762650506912
2862162134688
2913684982352
1809878387280
1487755840080
2587267467856
1762633747024
2862145374800
2910194009744
2863285963344
2909405742496
2910210771296
2652512733536
1827879012704
1466012550496
2565524178272
1740890457440
2840402085216
2927390640480
2930864834128
1467354728016
2566866355792
1742232634960
2841744262736
1536074204752
2635585832528
1746259166800
2845770794576
1745453860432
2586997967520
1809609950864
2651690912352
1556474251872
2655985879648
1831352158816
2930863786592
2582971435616
1758337714784
1551928428896
2651440056672
2861876660624
1814994109776
1535821235536
2635332863312
1810699142480
2914505737552
1553001104720
2652512732496
1557296072016
2931670157712
1759144085904
2863017510304
2858655713680
1763439053200
2862950680976
1484551112336
2931955370656
1556205815440
1831083722384
2930595350160
1762364245648
2861875873424
2909120513680
1551910848144
2651422475920
1826788755088
2910195321424
2639897576864
2914775483808
1471666472352
2571178100128
1746544379296
2846056007072
1488846341536
2588357969312
2863235876256
1828131998032
2927643625808
1557549058384
2657060686160
1471649712464
2571161340240
2858924149072
2566681806480
1488829581648
2588341209424
1470307518048
2569819145824
1745185424992
2844697052768
1483460855136
2913683916368
1552247196304
2651758824080
1827125103248
2926636731024
1831352157776
2930863785552
1556542163600
2656053791376
1466279937616
1746274912592
2845786540368
1556289439056
2655801066832
1487569962320
2587081590096
2861959497040
2841826855248
1813971748256
2913483376032
1831151617440
2930663245216
1745252271520
2844763899296
1552247178592
2651758806368
1827125085536
2926636713312
1556542145888
2656053773664
1831420052832
2930931680608
1470642799968
2635584784736
1815246031200
2914757658976
2639963391392
1471648647520
1746526554464
2846038182240
1763706423648
2863218051424
1466095142240
2565606770016
1483275011424
2582786639200
1762447885664
2861959513440
1553069525328
2652581153104
1539361229472
2638872857248
1814239136416
2913750764192
1552246131360
2651757759136
1556541098656
2656052726432
2914489222544
1540099687824
2639611315600
2858654647696
1552984589712
2652496217488
1827862496656
2927374124432
1557279557008
2656791184784
2844779627872
2863301674336
1762447869280
2861959497056
1553336649056
2652848276832
1832509523296
2932021151072
1471463834976
1536090720848
2635602348624
1810968627792
2910480255568
2651440040528
1553270590032
2652782217808
2858672212560
1483208936016
2582720563792
1810951062864
2910462690640
1471648646480
2571160274256
1815246030160
2639879750992
1540368123216
2914757657936
1553253025104
1828130932048
2635585833616
1810952112784
2910463740560
1539361228432
2638872856208
1556541097616
2656052725392
1762381826656
1539043527264
2638555155040
1813921434208
2913433061984
1534748559968
2634260187744
1556223396448
2655735024224
1831101303392
1483544480144
2583056107920
2914841545296
2639963638352
1758069294672
2857580922448
1534748558928
2634260186704
1551928428112
2651440055888
1553270867344
1466029066848
2565540694624
1740906973792
2840418601568
1534748543584
2634260171360
1470324034144
2569835661920
1745201941088
1810968627808
1540434971040
2639946598816
1815312877984
2914824505760
1553319872928
1828197779872
2927709407648
2657126468000
1832492747168
2932004374944
2857850127952
2846037935776
2840687315600
1556272940448
2655784568224
1466078627232
2565590255008
1740956534176
2840468161952
1534798103968
2634309731744
1809676010912
2909187638688
1540167845472
2639679473248
1815045752416
2914557380192
1553052747360
2652564375136
2570959996512
1746326275680
2845837903456
1557347714656
1827073984080
2926585611856
2587283195472
1556491044432
2656002672208
1741979944528
1758086071888
1470323263056
1539361506656
2638873134432
1552246408544
2651758036320
1827124315488
2926635943264
1556541375840
2656053003616
1470642029920
2570153657696
2926301431440
1470307518096
1466012550800
2565524178576
1815312876944
1540434970000
2639946597776
2927726184784
1471715493264
1540117268832
2639628896608
1814995175776
2914506803552
1832175044960
2931686672736
1471397792096
2570909419872
1746275699040
2845787326816
2588408302176
2863286209120
1539042461280
2638554089056
1556222330464
2655733958240
1466028017248
2565539645024
1740905924192
2840417551968
1534747493984
2634259121760
2931938576800
1551911914144
1831084788384
2930596416160
1470307535520
2569819163296
1466012568224
2565524196000
2635316086112
1810682365280
2914572846416
2840400792160
1539295447648
2638807075424
1814173354592
1827058256480
1556475316832
2844965505632
1758338779744
2857850407520
2931686671696
1467102823760
2566614451536
1827880076624
2927391704400
2931668846176
1471397791056
2570909418832
1551928691280
2651440319056
1484534336144
2584045963920
1540368910992
2639880538768
2657060407952
1763707210384
2927459075680
1557296335184
2656807962960
1828147710288
2927659338064
1551927626064
1466028280144
2565539907920
1740906187088
2840417814864
1535821253264
2635332881040
1810699160208
2910210787984
1758070343312
2857581971088
1470307534480
2569819162256
1745185441424
2844697069200
2930947426976
1466012567184
1540385688144
2639897315920
1815263595088
1466028295776
2565539923552
1740906202720
2840417830496
1534747772512
2634259400288
1809625679456
2909137307232
1809962256736
2909473884512
2635601578576
1810967857744
1809675749968
2909187377744
1534815913568
2634327541344
2840402085536
1534732027552
2634243655328
2927643608736
2862162135376
1467152106912
2566663734688
2651507165520
1535888344464
2635399972240
1810766251408
2910277879184
1540183311760
2639694939536
1758421337488
2857932965264
1815061218704
2914572846480
2655986943568
1831353222736
2930864850512
2909390014032
1831437109856
2930948737632
1740905940320
2840417568096
1484281628000
2583793255776
1814994109792
2914505737568
1553001104736
2652512732512
1832173978976
2931685606752
1552985655712
2652497283488
1557280623008
2656792250784
1832158529952
2931670157728
1746259184032
2845770811808
2634527820128
1809894099296
2909405727072
1483208149344
1557296335200
2656807962976
1832174242144
2926585596256
1831368935776
2863301937824
1540369189216
2639880816992
1553254091104
2927643625824
1557549058400
2657060686176
2638806009440
1552179283552
2651690911328
2651758824096
2634578954912
1556474250848
2655985878624
1488912139680
2588423767456
2913767540128
1553068213664
2652579841440
1831435781536
2930947409312
1483274995104
2582786622880
1471381276048
2570892903824
1746611225936
2846122853712
2913500153168
1828148495696
1470575691088
2570087318864
2858924149344
1540117252752
2639628880528
1814995159696
2914506787472
1466029066896
2565540694672
1740906973840
2840418601616
1534748543632
2634260171408
1535821497696
2635333125472
1810699404640
2910211032416
2569885992288
1815263593824
2582720562528
1471380997472
2570892625248
1466347832672
2844713568864
2583843849824
2657060685136
1540369188176
2639880815952
2657076414816
2931954321760
1742232651088
2841744278864
2931938575968
2927457748368
1809945233040
2909456860816
1552195816016
2651707443792
2846038198928
1540368140944
2639879768720
1815246047888
1828130949776
2927642577552
1557548010128
2657059637904
1832425917072
2931937544848
1534814882384
2634326510160
1809960945248
1483527701904
2583039329680
1758405608848
2857917236624
2927391688080
1487822669200
2587334296976
1471380211104
2570891838880
1535067589280
1809945496224
2909457124000
1742316258720
2841827886496
1536157828512
2635669456288
1811035735456
1484618220960
2584129848736
2862145095072
1552180069792
2651691697568
1466029066912
2565540694688
2588357708448
1763723987616
2863235615392
2588089272992
1552196848288
1831101287072
2638555138720
1540117252768
1466297763168
2565809390944
2635584783712
2846038181216
1811018975648
2910530603424
1540368123232
2639879751008
1815246030176
2914757657952
2634594665872
1809960945040
2932004652624
1551977710928
2651489338704
1826855617872
2926367245648
1488626943312
2588138571088
1763504850256
2863016478032
1557346420048
2656858047824
2845032597152
1539361228448
2638872856224
1552246130336
2651757758112
1556541097632
2656052725408
1831419004576
2930930632352
2845031286432
2909138078032
1813921417552
2913433045328
1826806319440
2930612914512
1831101286736
2840418601296
1745201940816
2569835661648
2844713568592
2565539923600
1740906202768
2840417830544
1534747772560
2634259400336
1483208165008
2582719792784
1540116481680
2639628109456
1814994388624
1758136142496
2910530602384
1467421590928
2566933218704
1742299497872
1471716558224
2571228186000
1539043526240
2638555154016
1813921433184
2913433060960
1556223395424
2655735023200
1831101302368
1745201956448
2844713584224
2841810340448
1483258234208
2582769861984
1471715509600
2571227137376
1556272678240
2655784306016
2862211171680
1488895378784
2588407006560
1815044457824
1762365049424
2861876677200
1488560884304
2588072512080
1556206619216
2655718246992
1483208149392
2582719777168
2858939861392
1831100500368
2930612128144
1759428233616
1762381023632
1814994373008
2571177068192
1466028295840
2565539923616
1740906202784
2840417830560
1534747772576
2634259400352
1809625679520
1551927641760
2651439269536
1467102807376
2635317151120
1536157845856
2635669473632
1746526553504
1742298712464
2910529537440
1484600395168
2841810340240
1553319871904
2652831499680
1832492746144
2932004373920
2846038181280
2863235631440
1488577660496
2588089288272
1763455567440
2862967195216
2582704048528
1826805533280
2926317161056
1815246816848
2914758444624
2583861413456
1759227692624
1539093841488
2638605469264
1535889409424
2635401037200
2931954320720
1827880060512
1487822669408
2587334297184
1467354465888
2566866093664
1742232372832
2841744000608
1536073942624
2635585570400
1557297120864
2566613387920
2588072495456
1540117267808
2639628895584
1814995174752
1553002169696
1827880076640
1832175043936
1746275698016
2909121317472
1483192175200
2582703802976
1746527357536
2846038985312
2930596153952
1536073943712
2635585571488
1540368911008
2639880538784
1815246817952
2914758445728
1483208149408
2582719777184
1551927626144
2651439253920
1556222593440
2655734221216
1831100500384
1534747773264
2634259401040
1553001122464
2652512750240
1832173996704
2840402101920
1809609950880
2909121578656
1483192436384
2582704064160
1758070343328
2857581971104
1539027011232
2638538639008
1832157463904
2931669091680
2571243899552
1536089688672
2635601316448
1810967595616
2910479223392
1832442432096
1540384655968
2639896283744
1815262562912
2926569883232
2652564392528
1536157828752
2635669456528
1811035735696
2910547363472
2655735006864
1487486356064
2586997983840
1540368909968
2639880537744
1815246816912
1540116219536
2639627847312
1828148513424
1488829302432
1762432140960
2861943768736
1539043509920
1467086030496
2566597658272
1471666210464
2914775221920
2655801329312
1467354483296
2566866111072
2584061707856
1553269556816
2652781184592
1536089687632
2635601315408
2861875890576
1741963954832
2584061970064
2635652696656
1811018975824
1759227708752
1488560097616
1763438004560
2862949632336
1483191388496
1552984607056
1487754791248
2587266419024
1540099705168
2639611332944
1471380228432
1487571028304
1483527702928
2583039330704
1539362277776
2638873905552
1814240184720
2913751812496
1827125086608
2926636714384
2583039609168
1467086046864
2566597674640
1741963953808
2841475581584
1758405888336
2857917516112
1814978659744
2914490287520
1832158528928
2931670156704
2931752716896
2857649079888
1746610194768
2846121822544
1535889394256
1815062268496
2914573896272
2845854419536
1466346800528
2565858428304
1741224707472
2840736335248
1745519674768
2845031302544
2930930648464
1832224327056
2931735954832
2570153395600
1540369188192
2639880815968
1553254090080
1828131997024
2927643624800
1557549057376
2657060685152
2930931942736
2583055075664
1539378022736
2638889650512
1470658546000
2570170173776
1535083055440
2634594683216
1814255929680
2913767557456
1809960962384
2588089534816
1484551390544
2584063018320
1759429297488
2858940925264
1483259282768
2582770910544
2570891855184
1539295446352
2638807074128
1814173353296
1539362293408
2638873921184
2910462444896
2651489600864
1826855880032
2926367507808
1557364245856
2656875873632
1553321198944
2652832826720
1552195814752
2863218068128
1746526571168
2635584801440
2910462708384
1540368140960
2571160292000
1809945232784
2909456860560
1535067325840
2634578953616
1484550079888
2584061707664
1539294135696
2638805763472
1814172042640
2656054052256
2930931959200
1540117529936
2639629157712
2857849357728
1467437581728
2566949209504
1742315488672
2841827116448
1536157058464
2635668686240
2931752994208
1759143037280
2858654665056
1763438004576
1758337730912
2857849358688
1487754791264
2587266419040
1539025963360
2638537591136
2845769763168
1557296350800
2656807978576
1762650523216
2862162150992
1470641768016
2570153395792
1535889409616
2657059636880
1832425916048
2931937543824
1484550080096
2584061707872
1539311175264
2638822803040
1814189082208
2913700709984
1488627205728
2656003443104
2844763114128
1488896689808
2588408317584
1763774596752
2863286224528
1809676797584
2909188425360
1471716558480
2651507165840
1557549057696
2657060685472
2931938592416
1831151896224
2930663524000
1815313155744
1832174257824
1540116219552
1470592485024
1556541114016
1809675748768
2909187376544
1471447074208
2570958701984
1746324981152
2845836608928
1470641767840
2570153395616
2909121317520
1483192175248
2582703803024
1758070082192
2857581709968
1470307273360
1471381015184
1758338517648
2857850145424
1746258922128
1815262545568
2914774173344
1831101286752
1813921417568
2914557381264
1815045753488
1553052748432
2652564376208
1827930655376
2927442283152
1832225622672
1467371522448
2566883150224
1742249429392
1534798104160
2634309731936
1746594712144
2846106339920
2639947909712
1467421837904
2566933465680
2841811372624
2909138077008
1809626449232
1826806318416
1740906972496
2840418600272
2588071447184
2863033518672
1540183591504
2639695219280
2656875088464
1759226923600
2858738551376
1827946400336
1746342021712
2845853649488
1745200892560
2844712520336
1539042462352
2638554090128
1813920369296
2913431997072
1831100238480
2930611866256
2587334314384
1557548796576
2657060424352
1466012306080
2565523933856
1740890213024
1534731782816
2634243410592
1809609689760
2909121317536
1759143824032
1758354229840
2857865857616
1745469327952
1552195799632
2651707427408
1831368673872
1488576595552
2858738289232
2910262150800
1557564787024
2657076414800
1540100491600
2639612119376
2635652696400
1811018975568
1746594466128
2846106093904
1540436035920
2639947663696
2927391967568
1539295447392
1758421354848
2857932982624
1763773548896
2863285176672
1556558154080
2588340947296
2569819146912
1466347834016
2652831762000
1828198041168
2927709668944
1535889410448
2635401038224
1810767317392
2910278945168
1741242796432
1484533548432
2862966147488
1488627206560
2588138834336
1763505113504
1556542425504
2656054053280
1763455830432
2862967458208
2635401282912
1535000463712
2634512091488
1483460856160
2582972483936
1831101565520
2930613193296
2588089289296
1763455568464
2862967196240
1814240201296
2913751829072
1484534614608
1759412521552
1466028296784
1832242415200
1827141880400
2926653508176
1535821236624
2635332864400
1810699143568
1540116220512
2639627848288
1763455829408
2588089550240
2638890944864
1813988543120
2913500170896
2909457123984
1759428250256
2858939878032
2914490026640
2566596889232
1741963168400
2841474796176
1815262825040
2914774452816
1741158910624
2840670538400
1746543348384
1746594466464
2846106094240
1551927642784
2651439270560
2634511845728
1809878124896
1762364262800
1809608903056
2909120530832
1758069295504
2857580923280
1826788772240
2926300400016
1553253042576
1828130949520
2927642577296
1470324295072
2569835922848
1553269541200
2840670520656
1741158892880
1809878369616
2909389997392
1745453860176
1814173336912
1483476321616
2639880537760
1540368909984
1471649433248
2931938313888
2571161061024
2844712797520
1470323262800
1483543709264
2583055337040
1758421616208
2857933243984
1809877322384
2909388950160
2638806010512
1814172289680
2913683917456
2639627847328
1810699159200
2910210786976
1827879028384
2927390656160
1557296088736
1832173995680
2931685623456
2844697069904
1741157860704
2840669488480
1467084981920
1483258480224
2582770108000
1758136387168
1551910847904
2651422475680
1826788754848
2926300382624
1535066539344
2634578167120
1809944446288
2909456074064
1742232635744
2841744263520
1467102038368
2566613666144
1741979945312
2841491573088
2910462708128
1466011519392
2565523147168
1740889426336
1534730996128
2634242623904
2914757675424
1483191388576
1487486355872
2586997983648
1827125086624
2926636714400
2656053774752
1831420053920
2930931681696
1535871567504
2635383195280
1810749474448
1831167363488
1539109587360
2638621215136
2913499122080
1809692527008
2909204154784
2861959514528
1556289456544
1551995520352
2651507148128
1826873427296
1488644754016
2588156381792
1553069263456
2844780693088
1535083055456
2634594683232
1483543447904
2583055075680
2638889650528
1552262924640
2651774552416
1827140831584
2926652459360
1556557891936
1745453861472
1763722937680
2863234565456
1466363578976
1535015946656
1470642800016
2570154427792
1539362276752
2638873904528
1556542145936
2656053773712
1536073157008
2635584784784
1810951063952
1484533549456
2584045177232
1540368124304
2639879752080
1815246031248
2914757659024
1534732044944
2634243672720
2930880318032
1831167362448
2930678990224
1832509539936
2657143260768
2858739320400
1832242136656
2931753764432
1467084997968
2566596625744
1539378005584
2638889633360
1814255912528
2913767540304
1487569962576
2587081590352
1762447869520
2861959497296
2588155332176
2651506100896
1826872380064
2926384007840
1535083054416
2634594682192
1809960961360
2909472589136
2638889649488
1556557890896
2656069518672
1466347832976
2639879767712
2927642576544
2588340160160
1557548009120
2657059636896
2857598732704
1740906990224
2840418618000
1483208952464
2582720580240
1556223396496
2655735024272
2910546578016
1483460594016
2582972221792
2565809146448
1466297518672
1539311962704
2638823590480
1814189869648
2913701497424
2635384507040
1540167846560
2639679474336
1815045753504
1832225622688
2931737250464
1483192157792
2582703785568
1539379316048
2638890943824
1814257222992
2913768850768
2857598486880
2909472573024
1539378005600
2638889633376
1483274995296
2582786623072
1827946120800
2927457748576
1557363181152
2656874808928
2565591288160
1740957567328
2840469195104
1762699807136
2862211434912
1745452549712
1746325243472
2932005685856
1488896674400
1811019221600
2910530849376
1540436281952
2639947909728
1815314188896
1553321183840
2652832811616
2655735006560
2570892642976
1535888624224
2635400252000
1810766531168
2910278158944
1540183591520
2639695219296
1553068493408
2652580121184
1827946400352
1809625402016
2909137029792
1813920369312
1831100238496
2930611866272
1466028018336
2565539646112
2656859342480
1488628237968
1553052747408
2652564375184
2588139865744
1471448368784
2635333929296
2566865044880
1552246408592
2651758036368
1483526931856
2583038559632
1758404838800
2857916466576
1827124315536
2926635943312
1466296453728
2565808081504
2634527558240
1809893837408
2909405465184
1483476322912
1809877076624
2909388704400
1763774580304
2863286208080
2914825815632
1467421836880
2566933464656
1540436280912
1815314187856
2932005684816
1484551113120
2583794321808
2639628896656
1814995175824
2914506803600
1553002170768
2652513798544
2927391705488
2656808765840
1832175045008
1488560867664
2588072495440
1471666211152
2571177838928
2846055745872
1540385687888
2639897315664
1815263594832
2914775222608
2570909402448
1746275681616
2845787309392
1810766530128
2910278157904
1540183590480
2639695218256
1827946399312
2927458027088
1815061497424
1832241366608
1742232634704
1551927363216
2651438990992
1556222330512
2655733958288
1484618499728
1466028017296
1832224574112
1810750523744
2910262151520
1815045491040
2914557118816
1467371260240
2566882888016
1540385704272
2639897332048
2862160823888
1466296452688
2565808080464
1741174359632
2840685987408
1809893836368
2909405464144
1814188803664
2913700431440
1539295447696
2638807075472
1814173354640
2913684982416
1827058256528
2926569884304
1536090720864
2635602348640
1540368910736
2639880538512
1484349786512
1539093842320
1813971749264
2913483377040
1831369722256
1553001105824
2652512733600
2927390640544
1740890457504
2840402085280
1809609934240
2909121562016
1539026994592
2638538622368
1813904901536
1832493795744
2858722544032
1487822670240
1762700577184
2862212204960
1539311946144
2657077184928
2931686656416
1551978744224
2651490372000
2639896267104
1487755822432
2587267450208
1466280985952
2565792613728
1832224590160
2931736217936
1535822284432
2635333912208
1746275961504
1556222608736
2655734236512
2565791566496
2844964440736
1552179284640
2651690912416
1831352158880
2930863786656
2841491293584
1810699142544
2910210770320
1540116202896
2639627830672
1488576595344
2588088223120
1763454502288
2862966130064
2583843603856
1759209883024
2858721510800
1539093055824
1813970962768
2913482590544
1539042724432
2638554352208
1831368936016
2930880563792
2914506000976
1535016192592
2634527820368
1827073968720
2634327296656
1759427970384
1828147447120
2584061691216
1810967577936
1484550063440
2910479205712
1488845030736
2588356658512
1758338499920
1831353223520
1758085809488
1540369189264
2639880817040
1535016209040
2634527836816
1809894115984
2909405743760
2857597437264
1553254091152
2652765718928
1828131998096
1809877321360
2909388949136
1483459806864
2582971434640
1539294381712
2638806009488
1552179283600
1540183312016
2639694939792
1814255912592
1553068213904
2652579841680
1758338516384
2914825570896
1740957582752
1827125101968
2926636729744
1471665424992
2571177052768
1556222593632
2655734221408
1831100500576
2587334296992
1466347832736
2565859460512
1741225739680
1535067309472
2634578937248
1809945216416
2909456844192
1483527701920
1539362276768
1488828516768
2588340144544
1763706423712
2863218051488
1467353680288
2566865308064
1742231587232
2635584784800
1484533549472
2584045177248
2638621214112
1466078612112
2565590239888
1740956519056
2840468146832
1831167362464
2930678990240
1810749491600
2914842346832
1534814866000
2634326493776
1539109833296
2638621461072
1826872642128
2588155332256
1826872379040
2926384006816
2584128800416
1759495079584
2859006707360
1762716305056
2571176790608
1467354466896
2566866094672
1540368910928
2639880538704
2930881350224
1762716321120
2862227948896
1466363577696
2565875205472
1741241484640
2840753112416
1809960961376
2909472589152
1466095388256
2565607016032
1556491815520
2656003443296
1831369722464
1553253025168
2652764652944
1828130932112
2927642559888
2931937527184
1832425899408
1552262907472
2651774535248
2861893454496
1539043527328
1813921434272
1556223396512
2655735024288
1831101303456
2930612931232
2638555155104
1810749752672
2910261380448
2651708492384
1827074771552
2926586399328
1556491831904
2656003459680
1467086031504
2566597659280
1741963938448
2841475566224
1535805508240
2635317136016
1810683415184
2910195042960
1487571012240
2587082640016
1745184376144
2844696003920
1470306469200
2569818096976
2565858411856
1539043526288
2638555154064
1813921433232
2913433061008
2651691698848
2634511829664
1809878108832
2909389736608
1467086031520
2566597659296
1540452797088
2571177839264
1467153140384
2566664768160
2639964703312
1466346800544
2565858428320
2587333264976
1488626943568
2588138571344
1827124053584
2926635681360
1535871583824
2635383211600
1484600411728
2584112039504
2863033502032
1535888607568
2635400235344
1466297517648
2565809145424
1741175424592
2840687052368
1809894901328
2909406529104
1540167845536
2639679473312
1815045752480
1557347714720
2656859342496
1762431355296
1552262923664
1746527356496
2846038984272
1831419282848
2656053003680
1539361506720
2638873134496
1814239413664
2913751041440
2930930910624
1552246408608
2651758036384
1827124315552
2930864850256
1467168885152
2566680512928
1742046792096
1557616150112
1540436280928
2639947908704
2657127777888
1553321182816
2652832810592
2927710717536
1810700208544
2910211836320
1827880077728
2927391705504
2656808765856
2584062757216
1814995175840
1535888623200
1488643982944
2588155610720
2635400250976
1810766530144
2910278157920
1540183590496
2639695218272
1466028017312
2565539645088
1740905924256
1551979005344
2651490633120
1826856912288
2926368540064
1826788510288
2926300138064
1487486093904
2586997721680
1809608641104
1746257873248
1467371260256
2566882888032
1536090736992
2635602364768
1484551129440
1759209867600
1763773270352
2863284898128
1826855602512
2926367230288
2858721495376
1553051437392
2652563065168
1809893836384
2909405464160
1483476321888
1745520708256
1470642801312
1483526669920
2583038297696
1813970716256
2913482344032
2930662213216
1746593416800
2846105044576
1535000480416
1810700207504
2910211835280
1535822300560
2635333928336
2639628895632
1540117267856
2652513797520
1557297137040
1470592730448
2570104358224
1745470637392
1759160845648
2858672473424
2930613175632
1487504164176
1762382071120
1832175289680
1763454765712
2862966393488
2857866119824
1810683430240
2910195058016
1553270605136
2652782232912
1828148512080
2927660139856
1488846095696
2588357723472
2930880579168
2858939615888
1488845048464
2588356676240
1758338778768
2857850406544
1762633746064
2862145373840
1539295446672
2638807074448
1814173353616
2913684981392
1827058255504
2926569883280
1535804459600
2635316087376
1810682366544
1471447058784
2570958686560
1746593401184
1809675733344
2909187361120
1745519659360
2845031287136
2656003705168
2657126484304
2841491293600
1535821235616
1810699142560
2910210770336
1484281628064
2583793255840
1759159535008
2858671162784
2588088223136
1535804476064
2635316103840
1810682383008
1759142775120
2858654402896
1488559835472
2588071463248
1810682382672
2910194010448
1552984344912
2652495972688
1827862251856
2927373879632
1746275943776
1740907234656
1809626711392
2909138339168
1471396989600
2570908617376
1745201154720
1740906187424
2583793519264
2858671426208
2566881822048
1536089671008
2635601298784
1810967577952
2910479205728
2584061691232
1488845030752
2588356658528
1540384638304
1832426965408
1540369189280
2639880817056
1553254091168
2652765718944
1828131998112
2927643625888
2657060686240
2587266401952
1762632681120
2913683916448
1556474250912
2655985878688
2841559713440
1483276061024
2582787688800
1484534352464
2584045980240
1759412259408
2858923887184
1813988805200
2913500432976
1758154230352
2857665858128
1826873707088
1762449197648
2861960825424
1809693837904
2909205465680
2926385334864
1467153418832
2566665046608
1742031325776
2841542953552
1466028034640
1742232651152
2841744278928
1536074220944
2635585848720
1810952127888
2910463755664
1763707487632
2863219115408
1540369188240
2639880816016
2652564374864
2635585832272
1763707471184
2863219098960
1487755822416
1832173995600
1831168656736
2930680284512
2931670140256
1809609934176
2909121561952
1471381259664
2570892887440
2927374142032
1467085261392
2566596889168
2858923100752
2635316365904
1466095389280
2565607017056
1534814866016
2634326493792
1483275258464
2582786886240
1556289702496
2655801330272
1483544741264
2583056369040
1758422648208
2857934275984
1483192419728
1827124300448
1467353679264
2566865307040
1742231586208
2841743213984
1810951062944
1759411455392
2588340143520
1763706422688
1745268016784
2844779644560
1540434986640
2639946614416
1553319888528
2652831516304
1827075016096
1832175289760
1557364509008
2656876136784
1810699422368
2841559730512
1539043510672
2638555138448
1831101286800
1466095388240
2565607016016
1762699544912
1831369722192
2930881349968
1741175408976
2840687036752
1552196847952
2651708475728
1483477371216
1763506162016
2582703016544
1758069295712
2857580923488
1551910865504
2651422493280
1826788772448
2926300400224
2566663997008
1539043526304
2638555154080
2857580922464
1540434971024
2639946598800
1815312877968
2914824505744
1809675733392
2909187361168
1762431093136
2861942720912
1815061481104
1742298449568
2841810077344
1536140019360
2635651647136
1540434986656
2639946614432
1815312893600
1762431108768
2635400235360
1484349000032
2914573109600
1540183574880
2639695202656
1815061481824
1553068476768
2652580104544
1832241351008
2931752978784
1466297517664
2565809145440
1741175424608
2840687052384
1535016994400
2634528622176
1809894901344
2909406529120
1483477386848
2582989014624
2657077446224
1832443725392
2931955353168
1470324295056
2569835922832
1828148757904
2927660385680
1763724248464
2863235876240
1484551374224
1746526291344
2846037919120
2862211417424
2909473901200
1488643966288
2588155594064
1763521873232
2863033501008
1471464097104
2570975724880
1810766513488
2910278141264
1553068475728
2652580103504
1487486093920
2586997721696
1466011257440
2565522885216
1740889164384
1487821899168
1742315226448
2841826854224
1467420527008
2566932154784
1742298433952
2841810061728
1536140003744
1811017910688
2910529538464
1484600396192
1466280987024
2565792614800
1741158893968
1759160599968
2858672227744
1810700207520
2910211835296
2656003704224
1467371505056
2566883132832
1745202202016
2844713829792
2588089533856
1534799137440
1809625680272
2909137308048
1553068213648
2652579841424
1827946120592
1540385949264
2639897577040
1815263856208
2914775483984
1539110880848
2638622508624
1813988787792
2913500415568
1763455814224
2862967442000
1741980977744
2635334175312
1810700454480
2910212082256
1814995421776
1740889163344
1470658545232
1745536452176
2845048079952
2583056369248
1758422648416
1487839708768
2587351336544
1762717615712
1553254073952
2652765701728
1826789803616
2926301431392
2858940663136
1828148512096
1553270605152
2652782232928
1557565572448
1745469606224
1539311176016
2638822803792
1470591699280
2570103327056
1467102825104
2566614452880
1484550081184
1536089688736
1483460871840
2582972499616
1487755839136
2587267466912
2635601316512
1540384656032
2651691976352
1539312223568
2638823851344
1487486093712
1466012567904
2583844898448
1556475299472
2655986927248
1831353206416
2930864834192
1483192419984
2582704047760
1535821514384
2635333142160
1810699421328
2910211049104
1467084999008
2566596626784
1484264868192
2588071463264
1763437742432
2862949370208
1540099443040
2635601315472
1810967594640
1832426948256
1746326275744
2845837903520
1832242398880
2863017772704
2635584538192
1810950817360
2910462445136
2926368556368
1742030260832
2841541888608
1810683692368
2910195320144
2931670156624
1832158528848
1488829580624
2588341208400
2652496235152
1827862514320
1832157481616
1758154230368
2857665858144
1535804474704
2635316102480
1810682381648
2910194009424
1484264851088
1745252550048
2844764177824
1832426964384
2931938592160
1745536453008
2845048080784
1466363578768
2565875206544
1741241485712
2840753113488
1535083055504
2634594683280
1809960962448
2909472590224
1746611227216
2846122854992
1557632666192
1484618222160
2584129849936
1488913189456
2638622525008
1487571289680
2587082917456
1762449196624
2861960824400
1534815929936
2634327557712
1551995799120
1539295446368
2638807074144
1467354744160
2566866371936
1536074220896
2635585848672
1552985654624
1809692789344
2909204417120
1814172306080
2913683933856
1467353696928
2566865324704
1742231603872
2841743231648
1536073173664
1470373579408
2569885207184
1809692789136
2909204416912
2656876136800
1759227971936
2858739599712
1540184639840
2639696267616
1553069541728
1762381810080
2913433045408
1831101286816
2861893437856
2569901983328
1483275257440
2582786885216
1758153164384
2857664792160
2930679236192
1487570224736
2587081852512
1762448131680
2861959759456
1536089949776
2635601577552
1810967856720
2910479484496
1483477371232
1762650245472
1535889671504
2635401299280
1810767578448
2910279206224
1467170194768
2566681822544
2583861691728
1467421837968
2566933465744
1742299744912
2651440039312
1539043509648
2638555137424
1556223378832
2655735006608
2656808765776
2570909419856
1746275699024
2845787326800
1814995175760
2583860644496
2863033518736
1557632666272
2566597659024
1741963938192
2841475565968
2844982003024
1483477370192
2582988997968
1758355277136
2857866904912
2913701479760
1763790326352
1467437582928
2566949210704
1742315489872
2841827117648
1471732550224
1484617452112
2584129079888
1759495359056
1466296453776
2565808081552
1535015930512
1483476322960
2582987950736
2862212221328
2845853370704
1742298696016
2841810323792
1467152352848
2566663980624
1742030259792
2841541887568
1826856667472
1810766513504
2910278141280
1484348999008
2583860626784
1471464097120
2570975724896
1746342004064
2845853631840
1488895642192
2588407269968
2566663997088
1742030276256
2841541904032
2861875611984
1831083460944
2930595088720
1471666227552
2571177855328
1826806335840
2926317963616
1535822301536
2635333929312
1556223396192
1831101303136
2930612930912
2582972484000
1741158893152
2840670520928
1762381040032
2861892667808
1467101760160
2566613387936
1832175290976
1471398038112
2570909665888
2845787572832
1488577907296
2909120267872
1758069032544
2857580660320
1470306223712
1467086308752
2566597936528
1741964215696
2841475843472
1810683692432
2910195320208
1466296732000
2565808359776
1741174638944
2840686266720
1483476601184
2582988228960
1470591699296
2570103327072
1487771568480
2587283196256
2844764177744
1484550064528
2584061692304
1741158892944
2840670520720
2634512090512
2565792613776
1470575953296
2570087581072
2634579216032
1828148496976
2651439269264
1488577906256
2588089534032
1827880322640
1809675995488
2909187623264
1758354228560
2930880578896
1741174637904
2840686265680
1809894114640
2909405742416
1814189081936
1556491044176
1742248117920
2841759745696
1810967594656
2910479222432
1484550080160
2584061707936
1471665178272
1535889672864
1467086308768
2566597936544
1467354744224
2566866372000
2584061970080
2566596625760
1471379965280
1745269311824
2844780939600
2841475581600
2652580891296
1745200908880
2844712536656
1470323001936
2569834629712
1466363578784
2565875206560
1470658546080
2570170173856
1483543447968
2583055075744
1758421354912
2857932982688
1487838415264
2587350043040
1536157829728
2635669457504
1811035736672
1484618222176
2584129849952
1828215605856
1471733320288
2571244948064
1746611227232
1535083300496
1484349802064
1826873706080
2926385333856
1470391420512
2569903048288
2587082917472
1539110897248
2638622525024
1466096453216
2565608080992
1742047823504
2841559451280
2845854418576
1763522659984
1471716541840
2571228169616
2570170172816
1466363577744
2565875205520
1741241484688
2840753112464
1809960961424
1831435797904
2930947425680
2910547363408
1488913188432
2588424816208
1557632665168
2657144292944
1832510572112
1488577661328
2588089289104
1763455568272
2862967196048
1535822301584
2635333929360
1484265129312
2583776757088
1758355294864
1827074771600
2926586399376
1810749475408
2910261103184
1540166535760
2639678163536
2914556070480
2910547642976
1810767578464
2910279206240
1759227970912
2858739598688
1488645031264
2588156659040
2841811372704
1536141314720
1759479614112
2858991241888
1832494058144
1745201939872
2862967196064
1758070081872
2857581709648
1470307273040
2569818900816
1740890212688
2844696807760
1467169147552
2566680775328
1742047054496
2841558682272
1827946400416
1553068493472
1471464114848
2570975742624
1741175407968
2840687035744
1758355277152
2857866904928
1487772337504
1467354482272
2566866110048
2841744016992
1811034966624
1746610457184
2846122084960
2910546594400
1815329933920
2914841561696
2635401299600
1810767578768
2910279206544
1741174360736
2840685988512
1745469328032
1758354229920
1759479613072
2858991240848
1759226922640
2858738550416
1471733581200
2571245208976
2635652695632
1811018974800
2910530602576
2861960562000
1759429020064
1483527980368
1762365294928
2861876922704
1831084771664
2930596399440
1539379317072
2638890944848
1484617451088
2584129078864
1759495358032
2859006985808
1553336927824
1828214834768
2927726462544
1488912418384
2588424046160
1745469326992
2844980954768
1535015929488
2634527557264
1539310896784
1488576595360
2862966130080
2638822524560
1810951867024
1535889656160
2635401283936
1810767563104
2910279190880
1745470638432
2844982266208
2656859343200
1832225622368
2927459060064
1557547992672
2582988998992
1758355278160
2857866905936
1762363983184
2861875610960
1831083459920
2930595087696
1487486076240
2586997704016
1539025683792
2565522867536
1553320134032
2652831761808
2639897577872
1815263857040
2914775484816
1467371506064
2840670520736
1484333271456
1487839709600
2587351337376
1467371506080
2566883133856
1536090982816
1745201169824
2844712797600
2857597699488
1762381039008
2861892666784
1557346404944
2656858032720
2931735939664
1467152091728
2566663719504
1828197780048
2927709407824
1487553186384
2587064814160
1557614840400
2910212081248
2583794566752
1471398037088
2570909664864
2651507164816
1487504164432
1553270851152
1467103069776
2566614697552
1535822546512
1466296730976
2565808358752
1741174637920
2840686265696
1535016207712
2634527835488
1809894114656
2909405742432
1483476600160
2582988227936
1484550063504
2584061691280
1553269540240
2652781168016
1483543709072
2583055336848
1811036014160
1742249428368
2841761056144
1470391404896
2569903032672
1483276306784
2582787934560
1811017910880
2910529538656
1540434971232
2639946599008
1758136126048
2857647753824
2635602609760
1540385949280
2639897577056
1815263856224
1557565818464
2909137028704
2566597920160
2857665840464
1826873689424
2926385317200
1466096436560
2565608064336
1759479350864
2858990978640
1742047823520
2841559451296
2858739320480
1810767300256
1758153165456
2857664793232
1551994735248
2651506363024
1826872642192
2926384269968
1762448132752
2840753112480
1535083054496
2857932981664
1470658545056
2570170172832
1745536452000
2845048079776
2566949979744
1742316258912
2841827886688
1536157828704
2635669456480
1811035735648
1471733319264
2571244947040
1484618221152
2584129848928
1758421600848
2857933228624
1762716568144
1745536698960
2845048326736
2926652705360
1746611489360
1535872879184
2635384506960
1810750786128
2910262413904
1553270852176
2652782479952
1828148759120
1470575954512
1815263857248
2914775485024
1539110881888
2638622509664
1471381260896
1740974360160
2840485987936
1466297518752
2565809146528
1758355294880
2857866922656
1539311962784
2638823590560
1758405872272
2857917500048
1483477633680
2582989261456
1487822932624
2587334560400
1762700839568
2862212467344
1470659840656
2570171468432
1539026749792
1813904656736
2913416284512
1762365049184
2861876676960
1535888606880
2635400234656
1746342005136
2845853632912
1759226907024
2858738534800
1488643967376
2588155595152
1763521874320
2863033502096
2845837904544
1827058240160
2926569867936
2845049375392
2657144556192
1832510835360
1742029997648
2841541625424
1746324964944
1763504834128
2863016461904
1470307534160
1815044441680
2914556069456
1741963168144
2841474795920
2587066124624
2932021414224
2652848539984
1484617435472
1759495342416
2859006970192
2566865044896
1759479613088
2858991240864
1484618483280
2584130111056
2582703801680
2840401839440
1470307272016
2569818899792
1745185178960
2844696806736
1762365048144
2861876675920
1827140830608
2841558681248
1535888623264
1540183590560
1488643983008
2910278157984
1484349015712
2639695218336
1483191126672
2582702754448
1471447320144
2570958947920
2931955108256
1467371260320
2914557117776
1809944169104
2909455796880
1539361229456
2638872857232
1553051437712
2652563065488
1827929344656
2932021429856
1466346801808
2565858429584
1814188803744
1487771289248
2587282917024
1827056945744
2926568573520
1534999169616
2634510797392
1827880322704
2927391950480
2587015792272
1470391159376
2569902787152
1466363577952
2565875205728
1759429035408
1831083459936
2930595087712
1539025683808
2638537311584
1813903590752
2913415218528
1487486076256
2586997704032
1762363983200
2861875610976
1534732043920
1742231587488
1483191126624
2582702754400
1484618221200
1741225739616
2840737367392
1539362276704
2638873904480
1466346785440
2565858413216
1741224692384
1809944169120
2909455796896
1483526654624
1488895363744
1535822284448
2841474533776
1535804475792
2635316103568
1484264868240
2583776496016
1759142775184
1471379966352
2570891594128
2913433306784
1466029328032
2565540955808
1740907234976
1758087103904
2857598731680
1467370194336
2566881822112
1742248101280
2841759729056
1810967578016
2910479205792
1471665161632
2571176789408
1471648401744
2571160029520
1746526308688
2846037936464
1759411210576
2858922838352
1483207902560
1535016209056
2634527836832
1809693837968
2909205465744
1745269328528
2844780956304
1758154230416
2857665858192
2587082918544
1762449197712
2861960825488
1539379333712
2638890961488
1466364889680
2565876517456
2930948737616
1826873689440
2926385317216
2569903031648
2909388703376
1809878386256
1540100752976
2639612380752
1762633746000
2862145373776
1556475315792
1742031063648
2841542691424
1535872633440
2635384261216
2569901984416
1487570225824
2587081853600
1762448132768
2861959760544
1466095389344
2565607017120
1483275258528
2844779891360
1483460856416
2582972484192
2845048326752
1746343070096
1763522939280
2656859096656
1471448122960
2570959750736
1832225375824
2931737003600
2844981232976
1467153155664
2566664783440
1484333024848
1551994734224
2651506362000
1466095388304
2565607016080
1740973295248
2840484923024
1534814865040
2634326492816
2635602347616
1467354728784
2566866356560
1471649696080
2571161323856
1826789804368
1471733598544
2571245226320
1484618500432
2584130128208
1759496407376
2859008035152
1740973295008
2840484922784
2914841299616
1470592469392
2846039246432
1483460871776
2582972499552
1827058255456
1831084787296
2930596415072
1484534613600
2584046241376
1759412520544
1745536697936
2845048325712
1539378267728
2638889895504
1814256174672
2913767802448
1741241730640
2840753358416
1470658790992
2570170418768
1810766267728
2910277895504
1466363577680
2565875205456
1539093841296
2638605469072
2639964703328
1815330982496
1810968626576
2858922837584
1467169130912
2566680758688
2583860627872
2570975725984
2845853632928
1763521874336
1471464098208
1466297517728
2565809145504
1741175424672
2840687052448
2634528622240
1831369737888
2930881365664
1467152090720
1742029997664
2841541625440
1810749474400
2910261102176
1484331959904
2583843587680
1832224310880
1467437566304
2910546577760
2569819146592
2586999015776
1466280986976
2565792614752
1487487141216
1466012304736
2565523932512
1740890211680
2840401839456
1534731781472
2634243409248
1535888606608
2635400234384
2910278141328
1471464097168
2570975724944
1484348999056
2583860626832
1759226906000
2858738533776
1758421353824
2857932981600
1487838414176
2587350041952
1758355294800
2857866922576
1813921434192
2913433061968
2565540710992
1551978743200
2651490370976
1487822669216
1471649449360
2571161077136
1746610439504
2846122067280
2858672211280
1741157599840
2840669227616
1534999169632
2634510797408
1553253829200
1488577907344
2588089535120
1745184130704
2844695758480
1551910602384
1741224954256
2840736582032
1828148512160
1746544133536
2846055761312
2927660139936
2634327279200
2588357723552
1762650245456
2862161873232
1466296732048
1535016208784
2634527836560
1809894115728
1470591699344
2570103327120
1745469606288
1746544380496
2634510796368
2857850390096
1483459561040
2582971188816
1487754528336
2587266156112
1551928429152
2651440056928
1488577661536
1466297518688
2565809146464
2571176806048
1467084999072
2566596626848
1741962906016
2841474533792
1810682382752
2910194010528
1484264868256
2858654402976
1539026732368
2638538360144
2844763900496
1740957305424
2840468933200
1831151618640
1535804459408
1759411210592
2858922838368
1813904918160
2913416545936
1762365310608
2861876938384
1809878386320
2909390014096
1551977957712
1483276323488
2582787951264
1471379965328
2570891593104
1758154230432
2857665858208
1470374380944
1466364889696
2565876517472
2566865061200
1742231340368
2841742968144
1536072910160
1810950817104
2910462444880
1540367877456
2639879505232
1832158530128
1557280623184
2656792250960
1467438353040
2566949980816
1742316259984
2841827887760
1811035736720
2863302724240
1746611227280
1759496129168
1763791096464
1741174638928
2840686266704
2569903048336
1745269327504
2844780955280
1483476584080
1471381260688
2570892888464
1556206864784
2655718492560
1470575954320
2570087582096
1763790063952
2926301447840
1470307534496
2569819162272
1745185441440
2844697069216
2571161339552
1557347453264
2656859081040
1763505883472
2910262151504
1553336665488
2652848293264
2652849341776
1759227972000
2570154428064
2858739599776
1466347062944
2565858690720
2910262167136
1484333024864
2583844652640
1488627992160
2582786885280
1466095388320
2565607016096
1470390355616
2587081852576
1557564787040
1556491045216
1539043771728
2638555399504
2844763130448
1813970979408
1487553464912
2587065092688
2861942999632
1831150848592
2845049391456
1557549042080
1466280987040
2565792614816
1467438631264
2566950259040
1742316538208
2841828165984
1811036014944
2910547642720
1471733598560
1746611505504
2846123133280
1535821498768
2635333126544
1470592469408
1745470376352
1762650245536
1741241730656
2840753358432
1758421599840
2857933227616
2656070567504
1831436846672
2930948474448
1466363577760
2565875205536
1810767578512
2570976789904
2845854696848
1759227970960
2858739598736
1488645031312
2588156659088
1551928429200
2651440056976
1470324050576
2569835678352
1745201957520
2844713585296
1832510850384
2932022478160
2910547641680
1536158106960
2635669734736
1811036013904
1467438630224
2566950258000
2639695201952
2930881349008
1831369721232
1483191371088
2582702998864
1742315489936
2841827117712
1811034966672
2931955353184
2927727512144
1759495359120
2859006986896
1484551391632
2584063019408
1483259283856
2565809392016
1467169129888
2566680757664
1742047036832
2841558664608
1746342004128
2845853631904
1484348999072
2583860626848
2858738533792
1763521873312
1483276060000
1827929622864
1557346683216
2656858310992
1488627206480
2588138834256
1763505113424
1810749753680
2910261381456
2863016741200
1540385704608
2639897332384
2914775239328
1487503919776
2587015547552
1762381826720
2652782234272
2862144047440
2840669210960
1741157583184
1467103070880
2566614698656
1471398038176
2570909665952
1487486092960
2582702753440
1758069032608
2857580660384
1826788509344
2926300137120
1470306223776
2569817851552
1466296732064
2565808359840
1741174639008
2840686266784
1483476601248
1470591699360
2570103327136
2582988229024
1758354508192
2857866135968
2571160275616
2846038182560
2588357970528
1742249413216
2841761040992
1746544380512
2840669226592
1809877075552
2909388703328
1745452566112
2844964193888
1759160845968
2845048079760
1470658545040
2846122855008
1810967857568
2910479485344
2840686265744
1809894114704
2909405742480
1557564787280
1556491045264
2656002673040
1831368952208
1763723217296
1740906203536
2840417831312
2652782478928
1484551374416
2587015792032
1762382071200
2861893698976
1484550080144
2584061707920
1831368951120
1467084998048
2566596625824
1762432140880
2861943768656
1556273710672
2565591025232
1740957304400
2840468932176
1759411194272
1467353433440
2566865061216
1536072910176
2635584537952
1810950817120
1484533302624
2584044930400
1831420052816
2930931680592
1552264218960
2651775846736
1487839709520
2587351337296
1741242779984
1745537747280
1742316260000
2841827887776
1536157829792
2635669457568
1811035736736
2910547364512
1759496129184
2859007756960
1488913189536
2588424817312
1557296351648
2656807979424
1552196077984
2651707705760
1827073984928
2926585612704
2840485988000
1809693836960
2909205464736
2913500432032
1758154229408
2857665857184
1484266161760
2570171483744
1832225360224
2931736988000
1467153140064
2566664767840
1746326014304
1832510572176
2932022199952
1467438352016
2566949979792
1471733319312
2571244947088
1746611226256
2846122854032
2583055075936
1758421355104
2857932982880
1814173353552
2913684981328
1759142774096
2858654401872
1832225359184
2931736986960
1553052484944
2652564112720
1487755823504
2587267451280
1470373595744
2569885223520
1466078628448
2565590256224
1740956535392
2840468163168
1483543447952
2583055075728
1551928690272
2651440318048
1826806597216
2926318224992
2927440972432
1742029998736
2841541626512
1535871568528
2635383196304
1810749475472
1759209867920
2858721495696
2840400774480
1740889146704
1827947447712
2927459075488
2657126468176
1832492747344
2932004375120
1484600396368
1488895363664
2588406991440
2656069502352
1483258496592
2582770124368
1487553463888
1466012566880
2565524194656
1740890473824
2840402101600
1467437581904
2566949209680
1742315488848
1557632943456
2657144571232
1832510850400
2932022478176
2841827116624
1467438630240
2566950258016
1742316537184
2635601577360
1810967856528
2910479484304
1535872617056
2635384244832
1556491814304
2656003442080
1741175408032
2840687035808
1467086031264
2566597659040
1741963938208
2841475565984
1553336928928
2652848556704
1828214835872
2927726463648
2657143524000
1467437583008
2566949210784
2841541887584
1471447337312
2570958965088
2639678441824
1484332239200
2583843866976
1539025684896
2638537312672
1813903591840
2913415219616
1467437581968
2566949209744
1536157058704
2635668686480
1811034965648
1759495358096
2859006985872
1763790325392
2655985617248
1466096192096
2565607819872
1740974099040
2840485726816
1534798105232
2634309733008
1809676012176
2909187639952
1815044719952
2914556347728
1832224589136
2931736216912
2656858309968
1551910585744
2651422213520
1815262562896
2914774190672
1540384655952
1487771568464
2587283196240
1470373578384
2569885206160
1831351895376
2930863523152
1758337451344
2857849079120
1827056928080
2926568555856
1466279675216
2565791302992
1742299481680
2841811109456
2570154427984
1745520707152
2845032334928
1539362276944
2638873904720
1814240183888
2910277880480
1535805786704
2635317414480
1810683693648
1814978660944
2914490288720
1540100754000
2639612381776
2931670157904
2651707704736
1831368951200
2930880578976
1466296731040
2565808358816
1741174637984
2840686265760
1535016207776
2634527835552
1809894114720
1553270851168
2652782478944
1828148758112
2927660385888
1832443725408
1467371505248
2566883133024
2657077446240
2651422213536
1826788492704
2926300120480
2841744001376
2634243671696
1467101776224
2566613404000
2584129866400
1813971748448
2913483376224
2841811109472
1809676781152
2909188408928
1483259266656
2582770894432
1827142125920
2926653753696
1466364873056
2565876500832
1741242780000
2840754407776
1535084349792
2634595977568
1741963937168
2841475564944
1809609689744
1483276305808
2582787933584
1466096436624
2565608064400
1740974343568
2840485971344
1470391403920
2569903031696
2927442037392
1742298694992
2841810322768
1539362277968
2638873905744
1556559185232
2656070813008
1831437092176
2930948719952
1552264217936
2651775845712
2566949979808
1742316258976
1536157828768
1811035735712
2910547363488
1484618221216
2571244947104
1471733319328
2652832565840
1828198845008
1832493812304
2932005440080
1815313943120
2927710472784
2926652705424
2930947672720
2570170419856
1483543693968
2583055321744
1556206601616
1483258481296
2582770109072
1470642013776
2858721756496
1484332221776
2583843849552
1759210128720
1488627189072
2588138816848
1535872615776
2635384243552
2651489585488
1826855864656
2926367492432
1831150831952
2930662459728
2569885206864
1557346405024
2656858032800
1471464098384
2570975726160
1467420527200
2566932154976
1742298434144
2841810061920
1471715494496
2571227122272
2651422493008
1826788772176
2926300399952
1745185180064
2844696807840
1539026749856
2840401840544
1809609689504
2909121317280
1540166534800
2639678162576
1815044441744
2914556069520
1553051436688
2652563064464
1827929343632
2927440971408
1467152090768
2566663718544
1811035998544
2910547626320
1827057994080
2926569621856
1471447319904
1487821882720
2587333510496
1534798087520
2634309715296
2927726446992
2909138356880
2932022479440
2570087582288
1745453861456
2844965489232
1483460856400
2582972484176
1534732028496
2634243656272
1487487388240
2586999016016
2635401299616
2910279206560
1759478302288
2858989930064
1488895362640
2588406990416
1551911650704
2651423278480
1826789557648
1745185179024
1539026748816
2638538376592
1831084524944
1832509539920
2932021167696
2845836609168
2845837641360
1741225739920
2840737367696
1552180086096
1828214834848
1557631895200
2657143522976
1832509802144
2932021429920
1471732549280
1746610456224
2846122084000
1488912418464
1814172043920
2913683671696
1470575691344
1470323000912
1745200907856
2844712535632
2914556347744
2863016740192
1827929621856
2927441249632
1467152368992
2566663996768
2570892888672
1470575954528
2570087582304
1814173338208
2588072757856
1466012551776
1740890458720
2840402086496
1831083460000
2930595087776
1745184114080
1539025683872
2857580643744
2583038544464
1484551113376
1828214557008
1467168868688
2566680496464
1742046775632
2841558403408
1471463835984
2570975463760
1553336665696
2652848293472
1828214572640
2927726200416
1557631632992
1827056928096
2926568555872
1556473988448
2655985616224
1831351895392
2930863523168
1745452549472
2844964177248
1487754511712
2587266139488
2652832548512
1557615888032
2657127515808
2565859460768
1470642800288
2840737367712
1759210915488
1762449197664
2861960825440
2914490288736
1741964216928
2841475844704
1810683693664
2910195321440
1552985655904
2652497283680
1827863562848
1810950818192
2910462445968
1553252780432
1828130687376
2927642315152
1557547747728
2657059375504
1759411210640
2858922838416
1832509524320
1742046775648
2841558403424
1488845047440
2588356675216
1763722954384
2863234582160
1467086308944
2566597936720
1471381276240
2570892904016
2930596152720
1556206618000
2655718245776
1741242796688
2840754424464
1809962273424
1536140264848
2635651892624
1811018171792
2910529799568
1815313139088
2914824766864
2932004636048
1467152352656
2566663980432
1742030259600
2910547641744
1763454781792
2862966409568
1551995782560
2651507410336
1740974343584
2840485971360
2634327541152
2651490650448
2858722822736
2635316348512
1810682627680
2910194255456
1814977594976
2914489222752
2931735938704
1809962255712
2909473883488
1814257223008
2913768850784
1466364872032
2565876499808
1741242778976
2840754406752
1467421592160
2566933219936
1536141068896
1553320938080
2652832565856
1828198845024
2927710472800
1557615905376
1809961208480
2909472836256
1552263170720
2651774798496
2926652705440
1556558138016
2656069765792
2583055321760
1557347714640
2656859342416
1552179283536
1487838415456
1762716322400
2862227950176
1540167599760
2639679227536
2635384260240
1553052501648
2652564129424
1827930408592
1470323264080
2569834891856
2910479485520
1536089950800
1470373578144
2569885205920
1540435232160
2639946859936
1466078610848
2565590238624
2588071462224
1466012551824
2565524179600
1742316538256
2841828166032
2638604683616
1484350063952
1828215884176
1556272925024
2655784552800
1740956518752
2840468146528
1534798088544
2634309716320
1467421591120
2566933218896
2841811125840
1536141067856
1539378267792
2638889895568
1814256174736
2913767802512
1487838415248
2587350043024
1762716322192
2862227949968
1745184114000
2844695741776
1540451763856
2639963391632
2840485971280
2639964441168
2909187622224
1809675994448
2638604682576
2844763112784
1551977956688
1826855863632
2926367491408
1759209866912
1535871567520
2635383195296
1810749474464
2910261102240
2639678162592
1815044441760
2914556069536
1810750524000
1745185441120
2844697068896
1471732549200
2571244176976
1763723217504
2927390919264
1815262825056
1540452010400
2639963638176
1467437566368
1810749753952
2655986928288
1831353207456
1467085261216
2566596888992
1741963168160
2841474795936
1467420526176
2566932153952
1536140002912
2635651630688
1811017909856
2910529537632
1831084524960
2930596152736
1809609688480
2909121316256
1557631879568
2657143507344
1553068214672
1557363181968
2656874809744
1832241088912
2926384023200
1827140830880
2926652458656
1556557891232
2656069519008
2861893454176
1470307519056
2569819146832
1466012551760
2565524179536
1741157599904
2840669227680
1534999169696
2634510797472
1827056945824
2926568573600
1466346801824
2565858429600
1809878370640
1553068214688
2652579842464
1557363181984
1827140815264
2926652443040
1540385950352
2639897578128
1539294135952
2638805763728
1814172042896
2913683670672
1742249413264
2840669226640
2634510796432
1809877075600
2858655697232
1557280606544
1553252780448
2652764408224
1828130687392
2927642315168
2571160029600
2588424817232
1763791096400
2863302724176
1809945217616
2909456845392
2913751812688
1556542147152
1470642801232
1745520708176
2845032335952
2863234827872
1832158529120
2931670156896
1746259183200
2845770810976
1551977712016
2651489339792
2931686655632
2638621215312
1813987494480
2913499122256
1809692527184
2909204154960
2910546332240
1467152107856
2566663735632
1742030014800
1831437109920
1810950817168
1815245784464
1759411209616
2858922837392
1553252779408
1487553185168
2587064812944
1553252779600
1488846357840
2588357985616
1763724264784
2863235892560
1535822562640
2635334190416
1810700469584
2910212097360
1553002431824
2927391966544
2930612913760
2914506017424
1539311176336
2638822804112
1553001384592
2652513012368
1827879291536
2927390919312
1557296351888
2656807979664
1540436036000
2639947663776
1815313942944
2583861429584
1741242795664
2840754423440
1467153140112
2566664767888
1484333009296
2583844637072
1535871584608
2635383212384
2634577906016
2913750780256
1471716542800
2571228170576
1466346800784
2565858428560
1741224707728
2840736335504
1763521628496
2863033256272
1809677059408
1813972026704
1539094119760
2913483654480
2638605747536
1831151895888
1815045506720
1814995436896
2914507064672
1763723217568
2863234845344
1539311176352
2638822804128
2846054976160
1762431355536
1745251502736
2844763130512
2930662476432
2914841283168
1467438631328
2566950259104
1536158108064
2635669735840
1540453075360
2639964703136
1815330982304
1553337977248
2652849605024
1467421591136
2566933218912
1742299498080
2863017527648
1832493811296
2932005439072
1467168885392
1552263169696
2651774797472
1827141076640
2926652704416
2566680513168
1741241730720
2840753358496
1484551129680
2584062757456
1742316537232
2841828165008
1809675994464
2909187622240
2582770107744
1811036013968
1539093054816
2638604682592
1813970961760
2913482589536
1551977956704
2651489584480
1832224589152
2931736216928
2857581970768
2639696266912
1467152370064
2566663997840
1535871846800
2635383474576
1484332239248
1553051715984
1809609935456
2909121563232
1827862496864
2927374124640
2587333264800
2862211171744
1763521612112
2588155332944
1762700854624
2862212482400
2638805748112
1741241747088
2840753374864
1488643721632
2588155349408
2926318208352
1535821236816
2635332864592
1810699143760
2910210771536
1746274634320
2845786262096
1467101760080
2566613387856
2566950242960
2862161873248
1810968890016
2910480517792
1809877075616
2909388703392
1742249413280
1741157598880
2840669226656
2638805763744
1814172042912
1758404577680
2857916205456
1487821638032
2587333265808
1762699544976
1539092810128
2638604437904
1813970717072
2913482344848
1746543068768
2846039247520
1467086293344
2566597921120
2910195304800
1487772616080
2587284243856
1746544395664
2846056023440
1556223657360
2655735285136
1536090982032
2635602609808
2914825833104
1535804459424
2635316087200
1466347833952
2565859461728
1535067310688
2634578938464
1809945217632
2909456845408
1483527703136
1827125086816
2926636714592
1470642801248
1809692527200
1471381259600
1832158512464
2931670140240
2583777789264
1488561128784
2588072756560
2909204154976
2569885992272
1745252271440
2844763899216
1483259266704
2582770894480
2570153396640
2583843604896
1488626944416
2588138572192
1763504851360
2863016479136
1758404577696
1810950817184
2910462444960
1540367877536
2639879505312
1466364873104
2565876500880
1741242780048
2840754407824
1535084349840
2634595977616
1809962256784
2909473884560
1539379317136
1759159552336
2858671180112
1759160862112
1488577922464
1487772616096
2587284243872
1539043788192
1758405609040
2651758806608
1827125085776
2926636713552
1763706423888
2863218051664
1832425900624
2931937528400
1484533549648
2584045177424
1553253026384
2652764654160
1557280623200
1832158530144
1488913451424
2588425079200
1763791358368
2863302986144
1826872395344
2926384023120
2634326246992
1809692526160
2909204153936
1466095142480
2565606770256
2858655450784
2656807699792
1832173978960
2931685606736
1466280724896
2565792352672
1741158631840
2840670259616
2652764652880
1466364888736
2565876516512
2639679211936
1553320937872
2652832565648
2931685623200
1827141076624
2926652704400
1467421575520
2566933203296
1536141052256
1484601444704
2584113072480
1467168885088
2566680512864
1742046792032
1813972026720
2655785616736
2931686933856
2840468163232
1813970979488
2913482607264
2584061692512
2565524195984
1763522938192
1471716541776
1746594448720
2846106076496
1540436018512
2639947646288
2914825553232
1553320920400
1535821498784
2635333126560
1758354507088
2857866134864
1535888360784
2635399988560
1746341758288
2845853386064
1540183328080
2639694955856
1815061235024
1467420527248
2566932155024
1815312878224
2914824506000
2588425094560
1467438630304
2566950258080
2863303001504
1815330981280
1535804458592
2635316086368
2858940909904
1487553447504
2587065075280
1762431354448
2861942982224
2845836854864
2565858674256
1745519937104
1535066539600
2634578167376
1814239413840
1553337977440
2863286209168
1762649197200
2862160824976
1467102825040
2635333929552
1553002170960
2652513798736
2845787327056
1832175045200
1815044721056
2914556348832
1553051716000
1832224590240
2927727511952
1553320151392
2652831779168
1466279676320
2651690650016
2857648014944
1487553447520
2587065075296
1762431354464
2861942982240
1828198843984
1810749752720
2910261380496
2863016740240
1832224589200
2931736216976
1467101760096
2566613387872
1741979667040
1483192419936
2909472590160
1809945216592
1741158630800
1466028033424
2565539661200
2840417568144
1763790062928
2566932432208
1467420804432
1815313155408
1809877058960
2909388686736
1762632418704
2862144046480
1831351895440
2930863523216
1539294119312
2638805747088
1813904918176
2913416545952
1741979666000
2841491293776
2635332863568
1471396726352
2570908354128
1557280623248
1832158530192
2931670157968
2655785601696
1758154213712
1815263856288
1763724248736
1467371505312
2566883133088
1742249412256
2841761040032
1536090982048
2635602609824
1810968888992
2910480516768
2657076415072
1471649712720
2571161340496
1746527619664
1540369189456
1484534614672
2584046242448
1811034688080
2910546315856
1557363182160
2635668408912
1467086292320
2566597920096
2841475827040
2863301954128
2587081591120
1539109570896
2638621198672
1813987477840
2913499105616
1758137173664
1483259283040
2582770910816
2909121578640
1466364873120
2565876500896
1741242780064
2840754407840
1535084349856
2634595977632
1809962256800
2909473884576
1466347832928
2565859460704
1741225739872
2840737367648
1535067309664
2634578937440
1809945216608
2909456844384
1535083038352
2634594666128
1467353680480
2566865308256
1536073157216
2635584784992
2910462691936
1815246031456
2914757659232
1466095142496
1809692526176
2909204153952
1540435249488
2639946877264
1552984589968
2652496217744
1552262908512
2651774536288
1809962255760
2909473883536
1745537746320
2845049374096
2913683670688
1536073156176
2635584783952
1811018975888
1815313943184
1831419005600
2930930633376
1540116204112
2639627831888
1534814865760
2634326493536
1552246392464
2651758020240
1831419266704
1466078611088
2565590238864
1763521873248
2863033501024
1763505882528
1539093055888
1742299481440
2841811109216
1536141051232
2635652679008
1811018958176
2910530585952
1553320920416
2652832548192
2566882888096
1535066523984
1553068229984
2927457764704
1746526553760
1553051452752
2652563080528
2588406991520
1467420527264
2566932155040
1742298434208
2841810061984
1811017910944
2910529538720
2652563326624
1827929605792
2927441233568
1557346666144
1832224573088
2931736200864
1466347062880
1741224969824
2840736597600
1539361506912
1814239413856
1831437092192
2913751041632
1557564786256
2657076414032
2841810060944
1741980732000
2841492359776
1535822301792
2635333929568
1540117269088
2639628896864
1551927626384
2651439254160
1826805533328
2926317161104
1487487403344
2586999031120
1827057993104
1467102824016
2566614451792
1741980730960
1535822300752
2635333928528
1540385950368
2639897578144
1815263857312
2927441249696
2930612931168
1551995520336
2651507148112
1831168394576
2655802115408
2930680022352
1556290487632
1540184360272
1762364263056
2861875890832
1759495080592
2859006708368
2914774190688
1467420804448
2566932432224
2635651908960
1811018188128
1809877058976
2909388686752
1539294119328
2638805747104
1814172026272
2913683654048
1827056928160
2926568555936
1467354483344
2566866111120
1742232390288
2841744018064
1470391159120
2569902786896
1745269066064
2844780693840
2862145357408
1467101759072
2566613386848
1810699142752
1741964216992
1810683693728
2910195321504
1540100754080
2639612381856
2927375190688
1557280623264
2588088224416
1763454503584
2862966131360
2652765719136
2588089535072
1746611225952
2846122853728
2926385055072
1556290487648
2655802115424
1813971765584
2652579842720
2910546315936
1556289440416
2655801068192
2927457749664
1814978659984
2914490287760
1763439052432
1809944184160
2909455811936
2639611054496
1814977333664
2914488961440
1466095126880
2565606754656
1534814603616
2634326231392
1483274996064
2582786623840
1488829580880
1535888361824
2635399989600
1810766268768
2910277896544
1488829303120
1763707210064
2588340930896
2863218837840
1745470391952
2844982019728
2932005440096
1832493812320
2651490650512
2845837904208
1552984589984
1466364872096
2565876499872
1741242779040
2840754406816
1809962255776
2909473883552
1814257223072
2656054053200
1814240463184
2657059620448
1466079414928
2565591042704
2587333266000
1551977712208
1826855619152
2926367246928
1557615905168
2657127532944
1557347468944
2656859096720
1556558136976
2656069764752
1832225375888
2931737003664
1552179037840
2651690665616
1809626728016
2909138355792
2913433323088
1556223657552
2655735285328
1831101564496
2930613192272
2857648016032
1758136388000
2857648015776
1551977957792
2651489585568
1539093055904
2638604683680
2913482590624
1488845032032
2588356659808
1759479367312
2858990995088
1742299498128
2841811125904
1827058255440
2926569883216
1551995521440
2651507149216
1826873428384
2926385056160
1815262561872
2914774189648
1814239398240
2862161102160
1487821638240
2587333266016
1539092810336
2638604438112
1813970717280
2913482345056
2863234566544
1813970961808
2913482589584
1487772600656
2587284228432
1809626712400
1745469606544
1484533548688
1557631634080
2657143261856
1832509541024
2932021168800
1487772616288
2587284244064
1762650523232
2862162151008
2846056023648
2588357970256
1552246392144
1762364245344
2861875873120
1484600395424
2584112023200
1758153950608
2857665578384
1551995520400
1813988525456
1557632944736
1762432158112
2861943785888
1831084771984
2930596399760
1742232372576
2841744000352
1831150830928
2930662458704
1832510851472
2932022479248
1758338763344
2857850391120
1762633730640
1809878370896
2862967195232
1488577907040
1483477633376
2582989261152
1758355540320
2857867168096
2914490271056
1539042740816
1811018958160
2638890944912
1814257224080
2913768851856
1759227692448
2858739320224
1762447870560
2861959498336
1553270852240
2652782480016
1828148759184
2927660386960
1741964200336
2841475828112
1535805770128
1540369172816
1488845030992
1763722937936
2863234565712
1745269065040
1483527703184
2583039330960
1487822670480
2587334298256
1466347834000
1827863561888
2927375189664
2858722559312
2863017526608
2587064830608
2932004391568
2863219115616
2841744279136
1810952128096
1827140831824
2926652459600
1741241485904
1466363578960
2565875206736
1832443741840
2931955369616
1471398053520
2570909681296
1745470654096
2844982281872
1759160862352
2858672490128
1470574660176
2570086287952
1815245784480
2914757412256
2638621197664
1813987476832
2913499104608
1832510850640
2932022478416
2587065877904
1762700855648
2862212483424
2858739336528
1487554250080
2587065877856
2861943784800
1811017927328
1762431109792
2861942737568
2846105045664
1746324982432
1832493795728
1762382072208
2861893699984
1832443726224
1759226661264
2858738289040
1763521628560
2863033256336
1758137451920
2857649079696
2582720563808
1809626450528
1483208936032
1487504180896
2587015808672
1746275960480
2927660402336
2913701758624
1535822301776
1484617189712
2584128817488
1742315227472
2583039608144
2587334575440
1763774334624
2863285962400
1832493811360
2840736598672
1535066540688
2634578168464
1809944447632
2909456075408
1831101285968
1762447885984
2861959513760
2845787309648
1762717632864
2862229260640
1746275698336
1740956517792
2840468145568
1539093054880
2638604682656
1815263857056
2914775484832
1487504165280
2587015793056
1553270852000
2652782479776
1484349000272
2583860628048
2857865857696
2914842347920
1746610456160
2846122083936
2840402086560
1809609935520
2909121563296
1746593679760
2846105307536
1810968627856
1487755823712
2587267451488
2638807059040
2565792615008
1535000463968
2634512091744
1763438004624
2862949632400
1759160583504
1763455550800
2862967178576
1551927642720
2651439270496
1484618483104
2584130110880
1471396727440
2570908355216
1488576596624
2588088224400
1467101760144
1539093056080
2638604683856
1813970963024
2913482590800
2930864851280
1742232652112
2841744279888
1810952128848
2910463756624
1815247096144
2914758723920
2582972483152
1814173337168
1483207902800
1758085809744
2857597437520
1483208164944
2582719792720
1484601460112
1828198843792
2927710471568
1809609934224
2909121562000
1832241366352
2931752994128
1759144069536
2863218051744
1534730732880
2634242360656
1809608639824
2909120267600
1556206881120
1814173354336
1536074221920
2635585849696
1810952128864
2910463756640
1758153966944
2857665594720
1746274912608
2845786540384
1758405610144
2857917237920
1487838414224
2587350042000
1488913189472
2588424817248
2863302724192
1488561128848
2588072756624
1467086292368
2566597920144
1553052501408
2652564129184
2927442036128
1557347468704
2841742951760
2840753113696
1470658546272
1745536453216
2845048080992
1758405609104
2857917236880
1487822669456
2587334297232
2863034287760
1534814619280
2634326247056
1467085243728
2566596871504
2635383473760
1810749752928
1466363577936
2565875205712
1762716321360
2862227949136
1535083054672
1828130686352
2927642314128
1534999152016
2634510779792
1810699143776
2910210771552
1487554512288
2587066140064
1762432419232
2861944047008
1556474005136
2655985632912
1831351912080
1809945494880
1488896411024
1467421574544
2566933202320
1536141051280
2635652679056
1535066540704
1552246409888
2651758037664
1831419284128
1467168885408
2566680513184
2845853386128
1488643720592
2588155348368
1467437319504
2566948947280
2846121821520
2857580643664
1487821899408
1762699806352
2862211434128
1466347062928
2565858690704
1483526932112
2583038559888
1813970963088
1484282694288
2583794322064
1536073959776
2635585587552
2910463494496
1759412521360
2858924149136
1763707488656
2863219116432
2927659353488
1535805523344
2844964177488
1763521612128
1484282676576
2583794304352
2651439253840
1484332222048
2841491294880
1759159536288
2858671164064
2845786262176
2914572862800
1536074221984
2635585849760
1810952128928
2910463756704
1759412521376
2858924149152
2857580923552
1758069295776
1745453860448
2844965488224
1487755822688
2587267450464
1762633729632
1539042739808
1557565819536
2657077447312
1483276061280
2858671163024
1763454502544
2862966130320
2639964686992
2931954059856
1746543068752
2846054696528
2841759729232
1746527619728
2846039247504
2863219116688
1467354745488
2566866373264
1763522659920
2863034287696
1758422386256
1746342790736
1539110618704
2638622246480
2566933202576
1742299481744
2841811109520
1471381259680
2570892887456
1488561128864
1467086292384
1831168394640
2930680022416
1552247440784
2651759068560
1827125347728
2926636975504
1762716305744
2862227933520
1466363562320
2651757774160
2926635681104
1483527702176
2583039329952
1487822669472
2587334297248
1466347832992
1746526554784
1484533549728
2584045177504
1759411456672
2858923084448
1488828517024
2588340144800
1763706423968
2931668830608
2840484677280
1758152918688
2857664546464
2635585586512
1536073958736
1742031309152
2841542936928
2656792234320
1758421354080
1487838414432
2587350042208
1553320937888
2652832565664
1745252534880
2844764162656
2930931698336
1763774317984
2863285945760
1742299481504
2841811109280
1758404823440
2857916451216
1762699790736
1471463851424
2570975479200
1759226660256
2858738288032
1758354507104
2857866134880
2910261119376
1746543348048
2846054975824
1467169129808
2566680757584
1742315472208
2841827099984
1467169131088
2566680758864
2587333527200
1762699806368
2862211434144
1746527602256
2846039230032
2570908632656
1471732286816
2571243914592
1467437319520
2566948947296
1811034703200
2910546330976
1488912156000
2588423783776
1470642030240
2570153658016
1745519937184
2845031564960
1483526932128
1758404839072
2857916466848
1488643967568
2588155595344
1487821899424
1763521874512
2863033502288
2582720842064
1746275699360
2845787327136
1535822301856
2635333929632
1488643984032
1809676797264
2909188425040
1471666227808
2571177855584
2863235631712
1467371260512
2566882888288
2931668829776
1827947431504
2927459059280
1828214818144
2927726445920
1467169129824
2566680757600
1540166797648
2639678425424
2570909419152
1467371506256
2566883134032
1488577907280
2588089535056
2927459075744
1759159551312
2858671179088
1536089950864
2635601578640
1810967857808
2910479485584
1467371259472
2566882887248
1742249166416
2841760794192
1759429035600
2858940663376
2927660140112
2926569622096
1540452796048
2639964423824
1553337697936
1828215604880
1557632665232
2657144293008
2565524195728
1466028033440
2565539661216
1740905940384
1487755560528
2587267188304
1487502870096
2587014497872
1745269066128
2913432257872
1741962906192
2841474533968
1487504165472
2587015793248
1762382072416
2861893700192
1467103070816
2566614698592
1470374626896
1745252533840
2844764161616
1745537501520
2845049129296
1758422403408
2651775600976
1827141880144
1467152353936
2566663981712
2639896266336
2588356658784
1742248101472
2841759729248
1810967578208
1763707488928
2863219116704
1759427970656
2858939598432
1762448918176
2861960545952
1556272662864
2655784290640
1831150569808
2930662197584
2910211032480
2926384007584
1810952128144
2910463755920
1832442694048
2930662214048
1470658529632
2570170157408
1535083039072
2634594666848
1832425653856
2582770910624
1466363561296
2565875189072
2840753096016
1470658528592
2570170156368
1745536435536
2845048063312
2638873921104
1557347468880
1557547746704
2657059374480
2840753358224
1553337976208
2652849603984
2845854698064
1809626450576
2909138078352
2566933480800
1540166813072
2639678440848
1815044720016
2914556347792
1814994111072
2914505738848
1556491815504
1826789804432
2926301432208
1814994110864
2914505738640
1467420789328
2566932417104
1742298696272
2841810324048
1741224954272
2840736582048
1809944431008
1758404823456
2857916451232
1467102807648
2566614435424
1814240184656
2857917237584
2634578938192
1809945217360
1827930408544
2913767802272
1556558136736
2656069764512
1831436043680
2930947671456
1746342005344
2845853633120
1535888607840
2635400235616
1831369984656
2930881612432
1536090983056
2635602610832
1810968890000
2910480517776
1746275682704
2845787310480
1763455551888
2862967179664
1467169130064
1742047037008
2841558664784
2862211172688
1827930392928
2927442020704
1742249150800
2841760778576
1810968627536
2910480255312
1488846080336
2588357708112
2586999031136
1814256978592
1557564786064
2657076413840
1832442693008
2931954320784
2634512091792
2571161078432
1484265130400
1814189065616
1488895640912
2588407268688
1763773547856
2863285175632
1470642029904
1810968643168
2910480270944
1484551128672
2584062756448
1759429035616
2858940663392
1763724002912
1470591699536
2570103327312
1745469606480
2844981234256
1466296732240
2565808360016
2638822804048
2652563343760
1827058239824
2926569867600
1470323246432
1467354483360
2566866111136
2656790940256
1471379966560
2570891594336
1741242534240
1809944446304
2909456074080
1758421337424
1488829581904
2588341209680
1763707488848
2656054036064
1831420315232
1758405888400
2857917516176
1557363182240
1832175044192
2656874810016
1814256977232
2913768605008
1826856666768
2926368294544
1467370473808
2566882101584
2841760008528
2571177068880
1540384917840
2639896545616
1759428249936
2587266155872
2930931942800
1470658546320
2570170174096
1466363579024
2565875206800
1741241485968
1487838415504
2587350043280
1471465162320
2570976790096
1831419020624
2930596416096
1809878387296
2909390015072
1467437320528
2566948948304
1809945217424
2909456845200
1470658528608
2570170156384
1466363561312
2565875189088
1741241468256
2840753096032
1809960944992
1745520986528
2845032614304
1741226019232
1832241105232
2931752733008
2930663261856
2588072494480
1746343070304
2845854698080
2931754044000
2926568556112
1763522939488
2858654664080
2930612914848
1758086843040
2857598470816
1557347468960
1763773531472
2863285159248
2841826855312
1746610194832
2846121822608
1741226018192
2840737645968
1809945494928
1536158108304
1741241485664
2840753113440
2844713567888
1745201940112
2914758724176
1745470375504
2844982003280
1539311945296
2638823573072
1814189852240
2913701480016
1762650244688
2862161872464
1487821899152
2587333526928
1556558153040
2656069780816
1467169130080
2566680757856
1535888606816
2635400234592
1539093857616
2638605485392
1813971764560
2913483392336
1466011241040
2565522868816
1551910586960
2651422214736
1471666211168
1746544118112
2571177838944
2639611053472
1814977332640
1535871584656
2635383212432
1832510835024
2565792615072
1483460856480
2582972484256
1487755823776
2587267451552
1832175027600
1746275681680
1832510851488
2932022479264
1551977973152
2651489600928
2861942998432
1763707209040
1488576611664
2588088239440
1763454518608
1539027012240
2638538640016
1741174639200
2840686266976
1809894115936
2909405743712
1746543069840
2846054697616
1763722939024
1741158893200
2840670520976
1466279937360
2565791565136
2926368295248
1762649474640
2862161102416
1467084982608
1741962889552
1535804459344
2635316087120
1810682366288
2910193994064
2566596610384
2857648015008
2862950681248
1551995536800
2651507164576
1746341759376
2845853387152
1470658546064
2570170173840
1488845031008
1471464097376
2570975725152
1741242533216
2840754160992
1745537500512
2845049128288
1758422402400
2857934030176
1762717369696
2862228997472
1832442693984
1484550343008
2584061970784
1759428249952
1763723217248
1466363579040
2565875206816
1470658546336
1763722937744
2863234565520
1552984328608
2652495956384
1827862235552
2927373863328
2635669718368
1811035997536
2910547625312
1745452567136
2844964194912
2858738550096
2861943768400
1762432140624
2587065861456
1746543347024
2846054974800
2930881628752
1827863546208
2927375173984
1831370000976
1832509540768
2932021168544
2587065877920
1762432157088
2861943784864
1759211178320
2858722806096
1758338501024
2857850128800
1484617189792
2584128817568
1809945494944
2909457122720
1831420331424
1831084771728
2930596399504
1557364508256
2588156659296
1763522938464
2930596153936
1483192175184
2846055745888
1467169933904
2566681561680
1811034703248
1488912156048
2588423783824
1832509539728
1467437319568
1758355277408
2857866905184
1762650244704
2862161872480
1484349000288
2583860628064
2845787309456
1471666227856
1762363984480
2861875612256
1831083461216
1745453860496
2844965488272
1810683430560
1763455550880
1536090720928
1810968627872
2910480255648
2931736218208
2927374928208
1471381014864
2570892642640
2845770549584
1814978398544
2914490026320
1552984327568
2652495955344
1827862234512
1827142126176
2926653753952
2861959760528
1466011240016
2565522867792
1487771552080
2587283179856
1466296715600
2565808343376
2655734236832
1745201170080
2844712797856
1762381039264
1557363443296
1552263169632
2651774797408
1827141076576
2926652704352
2932021413472
1552196077152
2651707704928
1556491044448
2656002672224
2914488961376
1467084982624
2566596610400
2635316087136
1467370194576
2566881822352
1471665161872
2571176789648
1484550063760
2584061691536
1488845031056
1831084787360
2930596415136
1487838397776
2587350025552
2931668829520
1832157201744
2652495955280
2927373862224
1763437725008
1759142757712
1552984327504
1467084981584
1487838414240
2587350042016
1467370472784
2566882100560
1535805507936
2635317135712
1809960946064
2909472573840
1762449180240
1557564786016
1467370472800
2566882100576
1742248379744
2841760007520
1828130669904
2927642297680
1551977710944
2569884960096
1487553201504
1810968626832
1556473988688
2655985616464
2639611053392
2909388686672
1814172026192
2913683653968
1832173980240
2931685608016
1470391141712
2569902769488
2914573108880
2634594928272
1809961207440
2909472835216
1466348094800
2931685624480
1832442676560
1557631632800
2657143260576
1832509539744
2932021167520
1467437319584
2566948947360
1832509786704
2932021414480
1484282676816
2583794304592
1826856928656
1746257856848
2845769484624
1826789557840
1763706422944
2863218050720
1488828253536
2588339881312
1763706160480
2910193993056
1540099425632
2639611053408
2913683653984
1539294119264
1483477649744
2582989277520
2652781430096
2931955108512
2930663246416
2651490372176
1745252272720
2927727249808
1484617451104
2584129078880
1759495358048
2859006985824
1815061481120
1535084087696
2634595715472
1557280360800
2656791988576
2931669894736
1745201154464
2844712782240
1539026732624
2930880563552
1535016192352
1758354491744
2857866119520
1762649459040
2862161086816
1535804459664
2566933203552
1832225360480
1471716543072
2926367492688
1539042723216
2638554350992
2926652458384
1487838676624
2587350304400
1557565819552
2657077447328
1832443726496
2931955354272
1827862252176
2927373879952
1832157219472
2931668847248
1810682382992
2910194010768
1552263973264
2651775601040
1466296714576
2639896266400
1742248101536
2841759729312
2635601299104
1810967578272
1556272940624
2655784568400
2931954059872
1467353434704
2566865062480
1488913451664
2588425079440
1487553447584
2587065075360
1539310897760
2638822525536
1832157201760
2931668829536
1467084981600
2566596609376
1741962888544
1557548779152
2657060406928
1832426686096
2651759068576
2926636975520
1466363562400
2565875190176
1487821883728
2587333511504
2862211418448
1534798088528
1487821899360
2587333527136
1745269311072
2844780938848
1832157202848
2931668830624
1535083038096
1556557874576
1763506145616
2863017773392
1488628238672
1815330982480
1540453075536
1553337977424
2652849605200
1758337730976
2857849358752
1483259284112
2582770911888
1758337451424
2857849079200
1759210916496
2858722544272
1742316521120
2841828148896
1826789542224
1487487125840
2586998753616
2570975726240
1535888607904
2635400235680
2588155595360
2931685869984
2652580103824
2927458010768
1557363443344
2656875071120
1832241350288
1467169130128
2566680757904
2565875206752
1741241485920
2566948947344
1741175687520
2840687315296
1746326014624
2845837642400
1557565557136
1484551113104
2652849588576
1828215867744
2927727495520
1831101564304
2930613192080
1487486092624
1745200907600
2844712535376
1487838414160
2587350041936
1556289455440
2655801083216
1471648400720
2571160028496
1470390109536
2569901737312
1553270605472
1828148512416
1832443479712
2931955107488
1759429035680
2858940663456
2656070814304
1831437093472
2930948721248
1552196078224
2651707706000
1556491045520
2656002673296
1758086055328
2857597683104
1831437093264
2930948721040
1809608902992
1831083739472
2930595367248
1831419020704
1763454518688
2656790940320
2862211418512
1556558940576
1831436847520
2840686249312
2634527819104
1809894098272
1815247078992
1746325243552
2845836871328
1553252780640
2652764408416
1828130687584
2927642315360
1832425654880
2931937282656
2652765456976
1831420053072
1467152353952
2566663981728
1552246408784
2651758036560
1758337729936
2857849357712
2639611070096
1534815929696
2634327557472
2844764161424
1814256977296
2913768605072
1466364626320
2565876254096
1758422402448
2857934030224
1828147726736
2927659354512
2863234845072
1758422402384
2857934030160
1759428250000
2858939877776
1557547746896
2657059374672
1832242154144
2931753781920
1540435233184
2639946860960
1553320135072
1471447320992
1745519921568
2845031549344
1553337714000
1557632681296
2657144309072
2841559467344
1467153140304
2566664768080
1553336666768
2652848294544
1557631634064
1832509541008
2932021168784
1742030276944
2841541904720
1466363561376
2565875189152
1741241468320
2931937264976
1827124054352
2926635682128
1831419021648
2930930649424
1758404577616
2857916205392
1557547746720
1832425653664
2931937281440
1759159551568
2858671179344
1535821252192
2635332879968
1811036015200
1831369722528
2930881350304
1758137436768
1556557892256
2656069520032
1831435799200
1536156797600
2635668425376
1811034704544
2910546332320
1815329671840
1827947447952
2927459075728
1831437108896
2930948736672
1467420789344
1742298696288
2841810324064
2930930648720
1466297501328
2565809129104
1741175408272
2840687036048
1809894885008
2909406512784
1470592468624
2570104096400
1758355277456
2857866905232
1814255928992
2913767556768
2858939877712
2634243392848
1826789541200
2926301168976
2910278141600
1827946383008
2914573108896
1467169130144
1810968627616
1540385687968
2639897315744
1557564769616
2657076397392
1828214818400
2927726446176
2657143506528
1487771568720
2587283196496
1814172027472
2913683655248
2844964178512
1827075032416
2926586660192
1831369999712
2930881627488
1815263593872
1552196078240
2651707706016
1827073985184
2926585612960
1831368952480
2930880580256
1466296732320
2565808360096
1832225360288
2931736988064
1831150832208
2930662459984
2926585611920
1552984328592
1827862235536
2927373863312
1557279295888
1832157202832
2863235893584
2910530587216
1540367862096
2639879489872
1746526292304
2846037920080
1536141068960
2635652696736
2863218854544
2857917516192
2913768605088
1466364626336
2565876254112
1535084103072
2846121822624
1470659593632
2570171221408
2845049128352
2846054975904
1540384917920
2639896545696
1815262824864
2914774452640
1553269819808
1828147726752
2927659354528
1557564787104
2657076414880
1553252779616
2652764407392
2927642314336
1467353433696
2566865061472
1536072910432
2635584538208
1487839709776
2587351337552
1762717616720
2656070814288
1535084350032
2634595977808
1466364873296
2565876501072
1539312224608
2638823852384
1832175307104
2931686934880
2927391967584
1831420315040
2930679252384
2569835940432
2639896544656
2588424832416
1815062283680
2914573911456
2656859081312
1815045491296
2914557119072
2931736988256
1831419021664
1466346801504
2565858429280
1535066278240
2927441249888
2914557118032
1813987477856
2913499105632
1809675994720
2909187622496
1815330965840
2914842593616
1828215867728
1484618484048
1483526669648
2583038297424
1535066277200
2634577904976
2909455811920
1540184639136
1827947447968
1557364508320
2656876136096
1552179021200
2651690648976
2926568555920
1745185180304
2844696808080
2634309715344
1540453074528
2639964702304
1815330981472
2914842609248
1827058238800
2926569866576
2571245209248
2846123116192
2638823573152
1552196847264
2651708475040
2926586381984
2656003442336
1831369721504
2930881349280
2858738272848
1831150847632
1809625417120
1811018974864
2910530602640
1813904639328
2913416267104
1742231324240
2841742952016
1540099425872
2639611053648
1814977332816
1488559835744
2588071463520
1832224590432
2910261381728
1815044721248
2914556349024
1827929623136
2927441250912
2656858311264
1557346683488
1831083461280
2930595089056
1471732286864
2571243914640
1535871584672
2635383212448
1557632928096
2657144555872
1832510835040
2932022462816
1814995437968
1810683431312
2910195059088
1746611504464
2846123132240
1809894099344
2909405727120
1466296715664
2565808343440
1741174622608
2840686250384
1470591682960
2570103310736
2862949353056
1471648384608
1759411193440
2858922821216
1488828253792
1534999152208
2634510779984
1809877059152
2909388686928
1552179021392
2651690649168
1827056928336
1758421599824
1832241104208
1809894114976
2909405742752
1540099426720
1540367862112
2639879489888
1815245769056
2914757396832
1557547731296
2657059359072
2638873904544
2913751811488
1831419283024
2930930910800
1827879011920
2927390639696
1535804458384
2635316086160
1810682365328
1832492747408
2932004375184
2844712782432
1466363562592
1535084350048
2634595977824
1809962256992
2909473884768
1552264219232
2651775847008
1832425637200
1484533286224
1832494058064
2932005685840
1832241367632
2931752995408
1758154213008
2857665840784
2566596609360
2909120268880
1553269818784
2652781446560
1832442693024
1467370472864
2566882100640
1746325244240
2845836872016
1758355293856
2857866921632
1466347047504
2565858675280
1483207887200
2582719514976
1832510850464
2932022478240
1551977957968
1826855864912
1534798088784
2634309716560
1809675995728
2909187623504
2651489585744
2844965505376
2587064814240
2639964686688
1814239151456
2913750779232
1553337960800
1831419020640
1466346800480
2565858428256
1745185441376
1488626944400
2914774451856
1745452549776
2844964177552
2927642298000
1758337451664
1746324982176
1467169933920
2566681561696
1811035997520
2910547625296
1746611488080
2846123115856
2587065076320
1746325228128
2845836855904
2932021414544
1831084525200
2930596152976
1539043510864
2638555138640
2909389998672
1763723217232
2863234845008
2566596609696
1809878387360
1470591682896
2570103310672
1745469589840
2844981217616
1466348112528
2565859740304
1831083460256
2930595088032
2927373862304
2634527820192
1814189066656
2913700694432
1552196061600
2651707689376
1832224573776
1814172026464
2913683654240
1814978397584
2914490025360
1827142125984
1551977712272
1467101776464
2566613404240
1487821638224
1832157219424
1557631634016
2657143261792
1832509540960
2932021168736
2913700693392
1556491027856
2656002655632
1553252780688
2652764408464
1828130687632
2927642315408
2931937282704
2926636713568
1540368123488
2639879751264
2588139866448
1487838397792
2587350025568
1762716304736
2862227932512
1810682365344
2910193993120
1540099425696
2841759746704
1556206863760
2655718491536
2651439008416
2910529555104
2846037919072
1540367861088
1552247440720
1831420314960
1759479612752
2639947908432
1827124300432
2930930895504
1540435233424
2639946861200
1487553448592
1759495342432
2859006970208
1539110880928
2638622508704
1746543069856
1831368935840
2930880563616
1809608886608
2909120514384
2846056008288
1539362538848
2638874166624
1827930654048
2927442281824
2914841283216
1814239398560
1553051699872
2652563327648
2635669736080
2910547643024
2909187623520
1539093056096
2638604683872
1552263972432
2844763900304
1484601722208
2584113349984
1557346682256
2656858310032
1553253026400
2652764654176
1534798087760
2634309715536
1539093055056
2638604682832
1813970962000
2913482589776
2932022461792
1540453057888
2639964685664
1815330964832
2914842592608
1467438613856
2566950241632
1742316520800
1540368910672
2930864572752
1539295168848
2638806796624
1763521612368
1832173980048
2858990193232
1466028034384
2565539662160
2910278928720
2635401021776
1763521628832
1814256977504
2913768605280
1539311961680
2638823589456
1814189868624
1540166796624
1467152352592
2566663980368
2639678424400
1540184361312
2639695989088
1815062268256
1557548008800
2657059636576
1813987755360
2913499383136
2841542673744
1467153139024
2566664766800
1742031045968
1488627992144
1762716567120
2862228194896
1551977957984
1826872657232
2926384285008
1488561130064
2588072757840
2634527819168
1809894098336
1539311158688
1466296714656
2565808342432
1741174621600
1535016191392
1470574922064
2570086549840
1539294398800
2638806026576
1556474267984
2652764408480
1828130687648
1557547748000
1742031309392
2841542937168
2914757412496
1536072910480
2635584538256
1484617450848
2584129078624
1763790325088
2910212098640
1540117531216
1540436280736
1746594710944
2846106338720
1815314187680
2587334559136
2930663507360
1488896673184
2862228997776
1742031047312
2841542675088
1484600673936
2584112301712
2845048064400
1746257872288
2845769500064
1483526670736
2583038298512
1831419021712
2914825554512
1540436019792
1811018959440
1539311961760
1813972026960
2913483654736
1814190131808
2913701759584
1488913468064
2588425095840
1832510851744
2846123133600
2932022479520
1467438631584
2566950259360
1487839447440
2587351075216
1813988526480
2913500154256
2858940910160
1484551375440
2584063003216
1759429282384
1758422402720
2857934030496
1813920384336
2913432012112
1467420527184
2566932154960
1483526932064
2583038559840
2910262430048
2570891856544
1740956517984
2840468145760
1539093055072
2638604682848
1742299761248
2841811389024
1535804737168
2635316364944
1540166814352
1483276043600
2582787671376
1556558153376
1471665440416
1467437303120
2566948930896
1746342807952
2845854435728
1809960962640
2909472590416
1539295167824
2638806795600
2910529817168
1471732549008
2571244176784
2926384285072
1484617450896
1809625417040
2909137044816
1809877060240
2909388688016
1552179022480
2651690650256
1556473989776
2655985617552
1742030259552
2841541887328
1810749736288
2910261364064
2583843849568
1745536452256
2845048080032
1484534336160
1832157201824
2931668829600
1832158512480
1540183590304
2861959775648
2930613193360
1466279954784
2565791582560
1741157861728
2840669489504
2634511059296
1809877338464
2909388966240
1827057207648
2926568835424
1483459806544
1484533287312
1540367862160
2639879489936
2635317397072
1828198844768
1759159798096
2587015808352
1763706177184
2863217804960
1746526308000
1467353433760
2566865061536
1536072910496
1535084350096
2634595977872
1809962257040
2909473884816
1466364873360
2565876501136
2913483639120
1488643966560
1741224708512
2840736336288
1483526670752
2583038298528
1487821638048
1484601444960
2584113072736
2652849587552
1484348754528
2583860382304
2857649079904
1551979021920
1762632436320
1540166796640
2639678424416
1742316521872
2841828149648
1536158091664
2635669719440
1831419020688
1758404576656
2857916204432
1763774318160
1556559185504
2656070813280
2639694956112
1556559185296
2656070813072
1831437092240
2930948720016
1832157219488
1763773532752
1742030277280
1540385703248
1831420070288
2930931698064
1758085809504
2857597437280
1551927379296
2651439007072
1539294120608
2638805748384
2862967178640
1763505112720
1828199106208
2927710733984
2909204399696
1484533302608
2584044930384
1742298711632
2857849079440
1762632418960
2862144046736
1758421354128
2857932981904
2655784553056
1536072894880
2635584522656
2639879489952
1758153181536
2857664809312
1535067587920
2634579215696
1809945494864
2909457122640
1746326276688
2845837904464
1535872616080
2635384243856
1758422649504
2857934277280
1484533286288
2584044914064
1762717616800
2862229244576
1467353417104
1831369738832
2930881366608
2565808342352
1759479613008
2858991240784
2863033239888
1540167583392
2863234566800
1540166814048
1484618484128
1759496391072
2859008018848
2930930648480
1487821637024
1762699543968
1759479350880
2858990978656
1742299481696
1811018958432
2910530586208
1540436018784
2639947646560
1553320920672
2652832548448
1828198827616
1832225359264
2931736987040
1556541360464
1488913450384
2588425078160
1467438613904
1831150831184
1556222330192
1471716821600
2571228449376
1539379317392
2638890945168
1471732286880
2571243914656
2862949353808
2863285160272
1467101758816
2566613386592
1810699142496
2910210770272
2913500154448
1466096175696
1758337451680
2857849079456
1809877059232
2909388687008
1827056928416
2926568556192
2930863523488
1552196060576
2651707688352
1487571290784
2587082918560
1813988526688
2913500154464
1553269541216
1467353417120
2583776758416
1745520969360
2639611333280
2571228448336
1745520986704
1745536698704
1759226906960
2858738534736
1487838415520
1831167624800
2657143522912
1742248381008
2841760008784
2932005684896
1758405871264
2857917499040
1762700838560
2862212466336
1759226644832
1553253827936
2652765455712
1467101758864
1762431355552
2861942983328
1758136388256
1809625417056
2909137044832
1535888607584
1759496390048
2859008017824
1488913450400
2588425078176
1467438613920
2566950241696
1742316520864
2841828148640
1759479630160
1467421854032
2566933481808
2914505737632
1471397775952
2570909403728
1488577645136
2588089272912
1741979927904
1815246817616
1467152353696
2566663981472
2863034305104
2931686672784
1470391142992
2569902770768
1745269049936
2844780677712
1763773532512
2863285160288
1832494057040
2931752994384
1826856666464
1466348112544
2565859740320
1746325226896
2845836854672
2657127794336
2844780692816
1832425653584
2931937281360
1831369999968
1470574642512
1466364872016
2565876499792
1746527603280
2846039231056
1466011256160
1809608639840
2909120267616
2931937281376
2926384006480
1551994471760
2651506099536
1831084770720
2930596398496
2910546593440
1539109570144
2638621197920
1470374382176
2569886009952
1484601445008
2584113072784
2914825554576
1763437987168
2862949614944
1742315227728
2841826855504
1746610195024
2639963392592
1466078611792
2565590239568
2840468146512
1762381826400
1740956518048
2840468145824
1758136387232
2841811388768
1811019237728
2910530865504
1746594728288
1813970961824
1483526932816
2583038560592
1762380777888
2861892405664
1758085810592
2857597438368
1551927380384
2651439008160
2652496217760
2588155333008
1763521612176
2863033239952
1831100253584
2930611881360
1759160583760
1484332222096
1557346683232
1759210128800
2858721756576
2862211418768
1745537500752
2845049128528
1832157218208
2931668845984
1539362294416
2638873922192
1470574922144
2570086549920
1471397005920
1466028018272
1556273728160
2655785355936
1831151635104
2930663262880
2584113089184
2840669488528
1741157860752
1534999430544
1484534335888
1832158530208
2931670157984
1553320938144
2652832565920
2565539645840
1763790064032
2863301691808
1483459824272
2582971452048
2857917499728
1758405871952
1745520970064
2845032597840
1539362539856
2638874167632
1814240446800
2913752074576
1484601445024
1831167625552
2930679253328
2858738289312
2846054976080
2588423785056
1467421574800
2635399988880
1809877337440
2909388965216
1828215867984
2927727495760
2657059375776
1540166814368
2639678442144
1535084350112
2634595977888
1809962257056
2909473884832
1746274895200
2845786522976
1488896689504
2588408317280
1763774596448
2863286224224
1810683676048
2910195303824
1831100253600
1745200907680
2844712535456
1484264851808
2930611881376
2583776479584
1759160583776
2858672211552
1828198844048
2927710471824
1740905924176
2840417551952
1745200891472
2844712519248
1745520986784
1471715772048
2571227399824
1488895641232
2588407269008
1467420804752
2566932432528
1552180070752
2651691698528
2639612119712
1741979928912
2841491556688
1746259166880
2845770794656
1534999430560
1471649695328
2571161323104
1488829564512
2588341192288
1487838399056
2587350026832
1741241469520
2840753097296
1809960946256
2930663524752
1553337976464
2652849604240
1814172026512
2913683654288
1556273973664
2587066124704
2655785601440
2914841560416
2845032597856
1758405871968
2857917499744
1809945479520
2909457107296
2930931943776
1762448148832
2861959776608
1745252533648
2656054037152
1831420316320
2930931944096
2914507049552
1741226001744
2845032596816
2565859722576
1742299481760
2841811109536
1831167624528
2582786901328
1758153180496
2857664808272
1466095404368
2565607032144
1746341758624
2845853386400
1746610194016
2846121821792
2863301690976
2861876938336
2656070813088
1487502853776
1483207886480
2582719514256
1759143037600
1831151896144
1809675995792
1827058240080
2926569867856
1540384638624
1540384639568
1536140281504
2635651909280
1483208148560
1809944184224
2569902769504
2639879505488
1831150832032
2930662459808
2909457122656
2587267466576
2588072494736
1832157202768
1745536435792
1809962255696
1758154212688
2913415234912
1535888607888
2635400235664
1827946384016
1471463836064
1535083300176
2634594927952
1809961207120
1831420314976
1470643062112
2570154689888
1466348094816
2565859722592
1552984328544
2652495956320
1488913450336
2588425078112
1763791357280
2863302985056
2932021152400
2913683932512
2910547626400
1471732270416
2571243898192
1811035998624
1832510835280
2932022463056
1827880061584
2927391689360
1759160584848
1809625418320
2909137046096
1814257224352
2913768852128
1746326275664
1746594728352
1740889163408
2840400791184
1551995538080
2634327296672
2571227400800
1557297399120
1832175306064
2656809026896
2931686933840
1746274912912
2845786540688
1534730733216
2634242360992
1759411209888
2858922837664
2651775600208
1556558939728
1553269819984
2652781447760
1832442694224
2931954322000
1746543348304
2910546330960
1811034703184
2858654386592
1831420332704
2930931960480
1759226643856
2858738271632
2931686671968
1831083477584
2930613175696
1557616167328
2657127795104
2932005702048
1831100253520
2930611881296
1759160584864
1828148496992
1763522677344
1759479630432
2927391688336
1832494073184
2932005700960
1759210146464
2927373863504
1557279296080
1832157203024
2931668830800
1467084982864
2566596610640
2858672212624
2932004390224
1814173338272
1484617452192
2584129079968
1827141879392
2926653507168
2930948474464
1741242533472
2840754161248
1809962010208
2909473637984
1745537500768
2845049128544
1758422402656
2914774452832
1553269820000
2652781447776
2863234845280
1832442694240
1828130686624
2927642314400
2655784307296
2845032597904
1535821236896
1810699143840
2910210771616
1828215620960
2657144309088
1556558154064
2656069781840
2639963392672
1556475315856
2655986943632
1746257857104
2845769484880
1759429036704
2858940664480
1553051453792
2652563081568
1557346665824
2656858293600
1540453058976
2639964686752
2926368556640
1539295169104
2638806796880
1539042478672
2638554106448
1813920385616
1487822931296
2587334559072
2909138339152
1551979021712
2651490649488
1540436018576
2639947646352
1556491029072
2656002656848
2565808343632
1814239413904
2913751041680
1814977333856
2914488961632
1557279296096
2862949354080
1467084982880
2566596610656
1810682366560
1552247441056
1467438631520
2566950259296
1557279296160
2656790923936
1832157203104
2931668830880
1831435782800
1534797826384
2634309454160
1831420316064
2930931943840
2857917499808
2857664809376
1471665441376
2571177069152
2858654386768
2910193994320
1832242398800
1467438630480
2566950258256
2930595088992
1556473989728
2931668830816
1813988787808
1488896690784
2588408318560
1814978398816
2914490026592
1746258922080
2845770549856
2931954304336
1552196061792
2651707689568
2926368556432
1488912156064
2588423783840
1832158266960
1466029327696
2565540955472
2862162151760
1759427970720
1539093858640
2638605486416
1484265899344
1556272662880
2655784290656
1740957321872
1814994111136
1745520969120
1483192157536
2582703785312
1759142759072
2858654386848
1488559819424
2588071447200
1539109848480
2638621476256
2913499383200
1826872657312
1831167624608
1758153180576
2857664808352
2652849587872
1471732270480
2639880538448
2914758445392
1535017257568
2634528885344
2635652957776
2927710717344
2909204399520
1814256977552
2913768605328
1758422664608
2857934292384
2910277880160
1827125348704
2926636976480
1746326029712
2845837657488
2914505999776
1487502869856
2587014497632
1831352944032
2930864571808
1813987478112
1552246147664
2651757775440
1831419021904
2930930649680
1827056928400
2926568556176
1540369189520
2639880817296
1758136387920
2857648015696
1832510835296
2932022463072
1758355293776
2857866921552
1484617451856
1827075032672
1535821251984
2635332879760
1745200891280
2844712519056
1553269541456
2656069781856
2638889912672
1540116219296
2639627847072
2914505754016
2930931942816
1809962010272
2909473638048
1553269820064
2652781447840
1467370474144
2566882101920
1556541359456
2656052987232
1466364889760
2565876517536
1809944185440
2909455813216
1814239152736
2913750780512
1831419021920
2930930649696
1466346801760
2565858429536
1811035998800
2910547626576
2863301953936
1815062267536
1831084508768
2930596136544
1763773285712
2863284913488
1811017925968
2910529553744
1471732550048
2571244177824
1809895146832
2909406774608
1539093056160
2638604683936
1762649459344
1809894099600
1758085809824
2857597437600
1832494056864
2932005684640
1552984328864
2652495956640
2858672212640
1487838397840
2587350025616
2914774436240
1759411193424
2858922821200
1487839724960
2587351352736
1740957582672
2840469210448
1810749736544
2910261364320
1763791358560
1553337961056
2652849588832
1832175290960
2931686918736
1539043773088
1832492762464
2932004390240
1467420542304
2566932170080
1811017925984
2910529553760
2652497020560
1810683677328
2910195305104
1745537484112
1540099425952
1535821251920
2635332879696
2931685623376
1540384900496
2639896528272
2910479467920
1539042477648
2638554105424
1487839464096
1488626944336
2588138572112
2927710455392
1540166796880
2639678424656
1745537762960
1487487404688
2586999032464
1467086308704
2566597936480
1745520970400
1758405872288
2857917500064
1762700839584
2588408302240
1467421837984
2566933465760
1809962272144
2909473899920
1466364888480
2565876516256
1470641769104
2570153396880
1487821638288
2587333266064
2909457123936
1540385703504
1809625418336
2909137046112
2588138817120
1471447320160
2570958947936
1540166796896
2639678424672
1467152352864
2566663980640
2841744001696
1536090998432
2635602626208
1810968905376
2910480533152
1470574922336
2570086550112
1466279955040
2565791582816
1467101775184
2566613402960
1746274649424
2845786277200
2840468948384
1470641769120
2570153396896
1487821638304
1809944185504
2909455813280
1557614855568
2657126483344
1811017926032
2910529553808
1832492762512
2932004390288
1488561146464
2588072774240
1831100254800
2930611882576
2931668847264
1467101775200
2566613402976
1810699158880
2910210786656
1826856667552
2926368295328
1467086292304
2566597920080
1488913451680
2588425079456
2910547626656
1488895378848
2588407006624
2932004390304
1742298449312
2841810077088
1811017926048
1466028016976
2565539644752
1762700839520
2862212467296
2857597420944
2587350025632
2587351336288
1467438631504
2566950259280
1466078612048
2565590239824
1832224573008
2931736200784
1488561146512
2588072774288
1831168412240
2930680040016
2914841299536
1466348094880
2565859722656
2587014482592
1831100237152
2930611864928
1466028016992
2565539644768
1809625400672
2909137028448
1487502853472
2587014481248
1831084787088
2930596414864
2863017526928
1831437108816
2634511059600
2588423785120
2655733975712
1831100254880
2930611882656
1762380778144
2565522885264
1759210129056
2858721756832
2588138817184
1540166796960
1809608641184
1831420316240
2930931944016
1487822932560
2587334560336
1466348096080
2565859723856
1553001121184
2652512748960
1832173995424
1831420316256
1831420315216
2930931942992
1539109848656
2638621476432
1813987755600
2913499383376
2926384285264
1832494056784
2932005684560
1762380760464
1831083461200
2930595088976
2932005685920
1813987755616
2913499383392
2930679252576
2588425079392
2914825815392
1832494056800
2932005684576
1551927362976
2651438990752
2932022463136
1832510588496
2932022216272
2845032598176
1539109848736
2638621476512
1813987755680
2913499383456
1831167624864
2930679252640
2588408300960
2639947908512
1832241366432
2565539662416
1467101776480
2566613404256
1467101776544
2566613404320
2845049390416
1758422664528
2857934292304
2862229259600
