1397291828560
2502172182176
1402729023840
2502240651616
1677606930784
2777118558560
1419120102048
2794247047776
2518631729824
1693980116576
1694803314272
1693998008992
2793509636768
1676817040976
2776328668752
1403012875856
2502524503632
1677890782800
2777402410576
2790287312464
1414555600464
2514067228240
1689433507408
1415629327008
2514335992480
2789213899424
1403012859488
2502524487264
1677890766432
2777402394208
1402929253024
2519705406048
1419052926560
1419925620320
1397628486992
2497140114768
1672506393936
2772018021712
1397359986320
2496871614096
1672237893264
2771749521040
1414539855504
2514051483280
1689417762448
1420109171024
2519620798800
2794498705744
1415814203728
2515325831504
1690692110672
2790203738448
1402929301840
2502440929616
1402997410464
2502509038240
1398450505120
2497962132896
1673328412064
2772840039840
1415630374304
2515142002080
1690508281248
2790019909024
1402745472416
2502257100192
2794582592160
1676749933216
2776261560992
1694719444640
1693728539984
2793240167760
1397375796560
1415613614416
2515125242192
2794298116432
1419908581712
2519420209488
1694786488656
2794231055760
1419841521040
2519353148816
2518363227536
1414555847056
2514067474832
1689433754000
2788945381776
1401670945168
2501182572944
1676548852112
2776060479888
1418850814352
1397627439760
2497139067536
1419035445856
2518547073632
1693913352800
2793424980576
2518363294368
1414555862416
2514067490192
1415630637664
2515142265440
1690508544608
2790020172384
1401872074400
1402997458592
1398365914784
2497877542560
1673243821728
2772755449504
1415545783968
2515057411744
1690423690912
1418833774160
2518345401936
1693711681104
2793223308880
1401653904976
2501165532752
1676531811920
2776043439696
2501115218592
1689703303776
1694785768032
1695004592736
1398718940512
2498230568288
1673596847456
2773108475232
1415898809696
2515410437472
1690776716640
2790288344416
1403013907808
2502525535584
1401873336928
2501384964704
1676751243872
2776262871648
1397645542816
2497157170592
1672523449760
2772035077536
1414825412000
2514337039776
1689703318944
2789214946720
1401940510112
1419858578016
2501451008336
1676817287504
2776328915280
1419119249744
2518630877520
1693997156688
1397644413264
2497156041040
2777336661408
2776044553632
1398717893280
2498229521056
2794298181024
1397628683936
1398634350176
2498145977952
1673512257120
2773023884896
1415814219360
2515325847136
1690692126304
2790203754080
1402929317472
2502440945248
1397293140576
2496804768352
1672171047520
1677823740576
1419035445648
2518547073424
1693913352592
2793424980368
1689433769632
2788945397408
1415630637456
2515142265232
1690508544400
2790020172176
2519704438176
2777117181280
1420176295328
1695003789712
2519687923104
1695054202272
2794565830048
1401670682960
2501182310736
1676548589904
2776060217680
1402744424784
2502256052560
2777133959504
2497155778896
1418784574032
2518296201808
1693662480976
2793174108752
2775994239568
2776329701728
2794566551184
2777066932576
1414807324304
2514318952080
1689685231248
2789196859024
1397375731296
2496887359072
1672253638240
2771765266016
1414555600480
2514067228256
1689433507424
2788945135200
1401670698592
2501182326368
1676751243664
2776262871440
2518564620640
2518614116704
2519437314400
1677892093344
2777403721120
1401922667936
2501434295712
1676800574880
2776312202656
1397578107296
2497089735072
1672456014240
1694719625552
2794231253328
2771967642016
1677892142736
2777403770512
1414757976480
2514269604256
1397359986336
2496871614112
1672237893280
2771749521056
1414539855520
2514051483296
1689417762464
1693980395088
1397644428896
1677808207440
2790271568208
2497156056672
1398432680288
1419857184096
2790018877776
2519368811872
1694735091040
2794246718816
1673513043600
2773024671376
1419052221792
2518563849568
1693930128736
2793441756512
2501165877664
1676532156832
2776043784608
1418834119072
2518345746848
1693712026016
2793223653792
1415814137184
2515325764960
1690692044128
2790203671904
1398717892240
2498229520016
1673595799184
2773107426960
1415897761424
2515409389200
1690775668368
2790287296144
1403012859536
2502524487312
1398434056800
2497945684576
1673311963744
2772823591520
1415613925984
2515125553760
1420125686176
2519637313952
1695003593120
2794515220896
1419841735072
2519353362848
2794231269792
2497140132256
1419841784464
2519353412240
2794231319184
1418851863184
2518363490960
1693729770128
2793241397904
1415882049952
2515393677728
1690759956896
2790271584672
2777118575248
1415882099344
2515393727120
1690760006288
2790271634064
1415629408912
2515141036688
1690507315856
2790018943632
1419857249952
2794515482208
2519368877728
1694735156896
2794246784672
2794314892896
1690491520672
2790003148448
1694803527328
1397627717984
2497139345760
1672505624928
2772017252704
1419103340896
1414807587168
2514319214944
1689685494112
2789197121888
1401922685280
1677622659488
2777134287264
1677891029648
2777402657424
2776261559632
1414758304080
2514269931856
1689636211024
2789147838800
1398434072912
2497945700688
1673311979856
2772823607632
1397561657680
2497073285456
1398701181328
2498212809104
1673579088272
2773090716048
1415881050512
2515392678288
1689635882384
2789147510160
1419052942736
2518564570512
1693930849680
2793442477456
1401873073552
2501384701328
1676750980496
2776262608272
2777386731168
1694718397008
1693981166160
1677538511440
2777050139216
1397560330832
2497071958608
1672438237776
2771949865552
1398634072656
2498145700432
1673511979600
2773023607376
2515124176208
1690490455376
2790002083152
1402727646544
2502239274320
1677605553488
1419858560608
2519370188384
1694736467552
1689417057680
2788928685456
1401654248848
2501165876624
1676532155792
2776043783568
1418834118032
2518345745808
1693712024976
2793223652752
1419035362912
2518546990688
2501115267680
1676481546848
2775993174624
1418783509088
2518295136864
1693661416032
2793173043808
1419907795360
2790288410208
1397293222240
2496804850016
1397375715680
2496887343456
2771765250400
1414555584864
2514067212640
2788945119584
2793425765776
1401670682976
2502509037216
1415613924944
2515125552720
1690491831888
2790003459664
1419908892240
2519420520016
1694786799184
2794298426960
1398434055760
2497945683536
1677874055520
2777385683296
1419103275680
2518614903456
1693981182624
2793492810400
1419925669456
2519437297232
1694803576400
2794315204176
1415899137616
2515410765392
1690777044560
1419120363088
2518631990864
1693998270032
1676464769616
2775976397392
2794247850592
1402727712352
2502239340128
1677605619296
2777117247072
1673328495264
1398702425504
2498214053280
1673580332448
2773091960224
1415882294688
2515393922464
1690760201632
2790271829408
1402997392800
2502509020576
2793492088144
1401922684240
2501434312016
1676800591184
2776312218960
1398449735072
2497961362848
1673327642016
2772839269792
1415629604256
2515141232032
1690507511200
2790019138976
1402744702368
2502256330144
1398701196960
2498212824736
2772838992544
2794583394976
1415563348304
2515074976080
1690441255248
2789952883024
1419858315600
2519369943376
1694736222544
2794247850320
1398383479120
2497895106896
1694986831264
1677605897632
2519419144864
1415897762400
2515409390176
1690775669344
2790287297120
1397308671568
2496820299344
1672186578512
1415546489424
2515058117200
1419841456720
2519353084496
1690424396368
2789936024144
1398366620240
2497878248016
1397293222288
2496804850064
1672171129232
2771682757008
1414473091472
2513984719248
1689350998416
2788862626192
1694802201184
1677825051232
1418834036112
1694785684880
2794297312656
1414807504272
2514319132048
1689685411216
2789197038992
1415881246096
2515392873872
1690759153040
2501452121440
1398718170464
2498229798240
1673596077408
2773107705184
1415898039648
2515409667424
1397577041312
2497088669088
1420109956432
2519621584208
1672454948256
2497140132448
1415815006800
1672506411616
1419120035152
2518631662928
1693997942096
2793509569872
2772018039392
2777068226976
1397293222304
2496804850080
1672171129248
2771682757024
1414473091488
2513984719264
1689350998432
2794231252384
1419035117904
2518546745680
1693913024848
2793424652624
1415814219088
2515325846864
1401855248720
2501366876496
1676733155664
2776244783440
1397578417824
2497090045600
1693644638816
2793156266592
1398365637216
2497877264992
1673243544160
2772755171936
1415545506400
2515057134176
1690423413344
2789935041120
1419857447312
2519369075088
1694735354256
2794246982032
2794498656672
2789131061840
1414741527120
2514253154896
1689619434064
1419036494416
2518548122192
1693914401360
2793426029136
1401856625232
2501368253008
1415897762192
2515409389968
1690775669136
2790287296912
1420109972896
2519621600672
1694987879840
2794499507616
1419120051616
2518631679392
1693997958560
2793509586336
1398383676064
2497895303840
1673261583008
2772773210784
1415563545248
2515075173024
1694785767824
1690441452192
1695004592528
1401603638608
2501115266384
1398450522784
1419120101008
2518631728784
1693998007952
2793509635728
1414824363664
2514335991440
2789213898384
1397377091168
2496888718944
1672254998112
2771766625888
1414556960352
2514068588128
1689434867296
2788946495072
1401672058464
1402729039264
2502240667040
1677606946208
1401856345504
1397628504464
2497140132240
1672506411408
2772018039184
2501367973280
1676734252448
2776245880224
1676481562016
2775993189792
1402997409424
2502509037200
1677875316368
2777386944144
1676749932176
2776261559952
1398365570464
2497877198240
1673243477408
2772755105184
2790288607568
1398652111456
1398382414176
2497894041952
1673260321120
2772771948896
1415562283360
2515073911136
1690440190304
2789951818080
1402677381472
2502189009248
1694718314064
2794229941840
2515326831008
1420108859808
2519620487584
1694986766752
2794498394528
1418850617760
2518362245536
1693728524704
2793240152480
2513983654560
2777117444432
2788861561504
1401587124896
1420108909200
2519620536976
1694986816144
2794498443920
2501098752672
1419118987920
2518630615696
1693996894864
2793508522640
1694786799968
2790220204688
2776330046096
1415899138704
2515410766480
1690777045648
1398383675024
2497895302800
1673261581968
2772773209744
1415563544208
2515075171984
1690441451152
2789953078928
1402678642320
2502190270096
1419840423584
2519352051360
2794516285024
2771698420304
1414488754768
2514000382544
1689366661712
1415562496592
2515074124368
1690440403536
2789952031312
2502457657936
1690708838992
2519369927312
1397359199648
2496870827424
1672237106592
1420193057120
2771748734368
1677556337056
2777067964832
2502239553952
1677605833120
2777117460896
1401855232416
2501366860192
1676733139360
2776244767136
2518547072608
2502458428048
1677824707216
2777336334992
1402727975568
2502239603344
1677605882512
1676466014864
2775977642640
1418767977104
2518279604880
1693645884048
2793157511824
1398366882448
2497878510224
1673244789392
2772756417168
2497157089696
1672523368864
2772034996640
1420110170464
2519621798240
1694988077408
2794499705184
1418851928416
2518363556192
1693729835360
2793241463136
1397560592992
2497072220768
1672438499936
2771950127712
1414740462176
2514252089952
1689618369120
2789129996896
1401855560288
1694735436368
2794247064144
1415831979600
1402677380432
2502189008208
1677555287376
2777066915152
2515343607376
1419857249616
1419841734240
2519353362016
1694719641184
2501166598752
1676532877920
1420109187488
1673244871056
2772756498832
1415546833296
2515058461072
1690424740240
2789936368016
1402661931408
2502173559184
1677539838352
2777051466128
2519687579296
1397375731344
2496887359120
2771765266064
1414555600528
2514067228304
2788945135248
1401670698640
2501182326416
1677891094880
2777402722656
1673328495248
1676734450016
2776246077792
1420110236320
2519621864096
2794499771040
1419120315040
2518631942816
1693998221984
2793509849760
1677622658656
2777134286432
2519420455520
1676465030480
1398652159392
2498163787168
1673530066336
2772017956448
1693728736592
2773041694112
1415832028576
1677556548944
2515343656352
1690709935520
1402930366800
2502441994576
2777319901520
1415815268688
2515326896464
1690693175632
2790204803408
1420110235984
2519621863760
1676734515872
2776246143648
2794516466336
2793224358560
1672523368096
1677556336288
1694986765984
1677605832352
2501183637904
1676549917072
1419035428432
2518547056208
1693913335376
2793424963152
2776061544848
1418851879312
2518363507088
1693729786256
1397628504720
2497140132496
2789146461600
1690490522208
2790002149984
1402677577376
2788929406544
1694718593616
2794230221392
2515057347152
1419840686672
2519352314448
1415545719376
1690423626320
2789935254096
2497877477968
1673243757136
1695003593312
1397308885600
2496820513376
1672186792544
2771698420320
1414488754784
2514000382560
1689366661728
2788878289504
1401603852896
1420127012240
1401855314528
2501366942304
1676733221472
2776244849248
2771765265808
1420125899360
2497157171808
1672523450976
2772035078752
1693712794960
1676818352464
2776329980240
1419120314704
2518631942480
1693998221648
2793509849424
2793224422736
2777385683360
2776311874976
1414757975376
2514269603152
1689635882320
2789147510096
2514050778448
1689417057616
2788928685392
1398651045472
2498162673248
1673528952416
2773040580192
2788929455520
1401655018912
2501166646688
1673243806112
2772755433888
1415545768352
2515057396128
1690423675296
2789935303072
1402660866464
2502172494240
1677538773408
2777050401184
1402930367056
2502441994832
1677808274000
2777319901776
1415630719568
2515142347344
1397561657936
2497073285712
1672439564880
1397375715728
1690490522000
2790002149776
1420127012256
2519638640032
1695004919200
2794516546976
1693712811424
2793224439200
2777385682256
1402996147536
2502507775312
1677874054480
1693997238672
1677825051024
1401586812240
2501098440016
1676464719184
2775976346960
1419103274640
2518614902416
1693981181584
2793492809360
1695055234400
2794582329696
1397375731360
2772756497744
2794298378592
2788862626400
1401588189792
2501099817568
1397628487008
2497140114784
1672506393952
2772018021728
1414808356192
2514319983968
1689686263136
2789197890912
1401923454304
2501435082080
1402744505696
2497962133904
1673328413072
2772840040848
1398634334560
2498145962336
1673512241504
2773023869280
1415814203744
2515325831520
1690692110688
2790203738464
1402929301856
1401873384864
2501385012640
1676751291808
2776262919584
1418833774928
2518345402704
1693711681872
2789129996880
1676548670816
2776060298592
1418850633056
2518362260832
1693728540000
2793240167776
1398433745248
2497945373024
1673311652192
1689366448464
2788878076240
2772823279968
1415613614432
1676548852128
2776060479904
1418850814368
2518362442144
1693728721312
2793240349088
1397627439776
2497139067552
1672505346720
2772016974496
1398718957200
2498230584976
1673596864144
2773108491920
1415898826384
2515410454160
1690776733328
2790288361104
1403013924496
1414538806880
2514050434656
1689416713824
2788928341600
1401653904992
2501165532768
1677538772368
2777050400144
1415545767312
2515057395088
1690423674256
2789935302032
2519352362384
1419840734608
1694718641552
2794230269328
1420125899168
2793223326112
2519637526944
1420125948560
2519637576336
1695003855504
2794515483280
1419925359248
2519436987024
2794314893968
1693981492880
1693998270816
1689619155360
2789130783136
2788878092704
1677875381600
2777387009376
1420110153376
1415882312336
2515393940112
1690760219280
2790271847056
1676749997408
2776261625184
2519621781152
1694988060320
2794313893472
1419857462944
2519369090720
1694735369888
2794246997664
1397644413280
2497156041056
1672522320224
1420177082000
1397628503632
2497140131408
2772033948000
1397293222544
2496804850320
2771682757264
1414473091728
2513984719504
2788862626448
1401588189840
2501099817616
2519688889952
1402661603744
2502173231520
1401872271776
2501383899552
1676750178720
2776261806496
1677539510688
2777051138464
2777051186512
1419841520976
1401856345424
2501367973200
1676734252368
2776245880144
1419036214608
2518547842384
1693914121552
2793425749328
2519436199520
2776061266576
1415545506448
2515057134224
1690423413392
2789935041168
1402660604560
2502172232336
2502440928592
2777318835536
1694987076944
2794498704720
1415814202704
2515325830480
1690692109648
2790203737424
1420109170000
1419119053152
2518630680928
2497140312720
1672506591888
2772018219664
1693996960096
2793508587872
1398634071712
2498145699488
1673511978656
2773023606432
2777067914912
2773024868000
2777118246224
1402728711504
2515125241168
1690491520336
2790003148112
1694786487632
2519420208464
2794298115408
1397375715744
1672253883792
1401670944144
2501182571920
1676548851088
2776060478864
1414555846032
2514067473808
2788945380752
2789147773520
1397627438736
2497139066512
1676482611808
2775994239584
1418784574048
2518296201824
1693662480992
2793174108768
1415899088480
2515410716256
1690776995424
2790288623200
2789197104736
2772017957536
1397377091216
2496888718992
2771766625936
1414556960400
2514068588176
2788946495120
1401672058512
2501183686288
1398432696976
2497944324752
1673310603920
2772822231696
1415612566160
2515124193936
1690490473104
2790002100880
1402727664272
2502239292048
1677824772448
2777336400224
2502507989344
1677874268512
2777385896288
2794515171936
2501098703440
2502190057056
1677556336224
2777067964000
2502239553120
1677605832288
1676733138528
2776244766304
2777117460064
2519621847648
2518631926368
2519369157216
1419925423712
2776328914256
1676817286480
1401939379536
2501451007312
1419119248720
2518630876496
1693997155664
2793508783440
2502508055200
1677874334368
1398717892256
2498229520032
1673595799200
2773107426976
1415897761440
2515409389216
1690775668384
2790287296160
1403012859552
2502524487328
2794298444448
2771967904416
1398701132368
2498212760144
1673579039312
2773090667088
1695053875792
2794565503568
1402996099664
2502507727440
1690758908496
2790270536272
2793240151440
1694986765712
2794498393488
1690507561568
2790019189344
2519704701600
2497071975072
2775994238544
1397309736528
2496821364304
1672187643472
2771699271248
1418784573008
1693662479952
1676482792080
2775994419856
1418784754320
2518296382096
1693662661264
2793174289040
2501366859152
1676733138320
2776244766096
1402677316192
2502188943968
2777066850912
1401872353888
2501383981664
1676750260832
2776261888608
1398701181344
2498212809120
1673579088288
2773090716064
1689350718816
2788862346592
1401587909984
2501099537760
1676465816928
2775977444704
1418767779168
2518279406944
1693645686112
2793157313888
1673512176224
2773023804000
1397578106272
2497089734048
1672456013216
2771967640992
2771951176096
1415545506464
2515057134240
1690423413408
2789935041184
1402660604576
2502172232352
1677538511520
2777050139296
1419840473760
2519352101536
1398432679264
2497944307040
1673310586208
2772822213984
1415612548448
2515124176224
1690490455392
2790002083168
1402727646560
2502239274336
1676532155808
2776043783584
1418834118048
2518345745824
1693712024992
2793223652768
1401873320528
2501384948304
1676751227472
1414758222416
2514269850192
1689636129360
2789147757136
2776262855248
1419053189712
2518564817488
1398434055776
2497945683552
1673311962720
2772823590496
1415613924960
2515125552736
2502458770848
1419925605024
1695003593104
1397377091232
2496888719008
2776246076752
1420110235280
2519621863056
1401603851600
2501115479376
1676481758544
2775993386320
1419120314000
2518631941776
1693998220944
2793509848720
2793493071504
2794499770720
1402677315984
2502188943760
1677555222928
2777066850704
1676750260624
2776261888400
1397627716960
2497139344736
1672505623904
2772017251680
1414807586144
2514319213920
1689685493088
2789197120864
1401922684256
2501434312032
2518613920096
1677891110304
2777402738080
1694718642512
2794230270288
1402727663952
1397627390288
2497139018064
1672505297232
2772016925008
1414807259472
2514318887248
1689685166416
2789196794192
1401922357584
1676734514832
2776246142608
1673579087248
2773090715024
1402996147600
2502507775376
1677874054544
2777385682320
1695053923728
2794565551504
1415881049488
2515392677264
1419103339872
2518614967648
1693981246816
2793492874592
2772033767056
1398383479136
2772773013856
1415563348320
2515074976096
1690441255264
1693644589472
2793156217248
1419841783200
1689366447712
2788878075488
1401603638880
2501115266656
1676481545824
2775993173600
1418783508064
2518295135840
1693661415008
2793173042784
1398366620256
2497878248032
1673244527200
1419103521184
2773041644880
1420126946640
2519638574416
1695004853584
1397578368336
2497089996112
1672456275280
2771967903056
1414758237520
2514269865296
1402678626640
2502190254416
1677556533584
1420109122192
2793240414864
2519620749968
1694987029136
2794498656912
1690758973856
1397308885648
2496820513424
1672186792592
2771698420368
1414488754832
2514000382608
1689366661776
2788878289552
1401603852944
2501115480720
2789147822496
1690508298592
1418835084960
2518346712736
1693712991904
2793224619680
1415612630688
2515124258464
1690490537632
2790002165408
1672523449936
2772035077712
1397560281440
2497071909216
2771949816160
1414740150624
2514251778400
2789129685344
1401855248736
2501366876512
1402678643104
1402678692496
2502190320272
1677556599440
2777068227216
1676733401744
2776245029520
1398718957984
2498230585760
1673596864928
2773108492704
1673596914320
2773108542096
1419925424480
2519437052256
1694803331424
1419102226784
2518613854560
1693980133728
2793491761504
2794314959200
1397561657952
2497073285728
1672439564896
2771951192672
1414741527136
2514253154912
1689619434080
2789131061856
1401856625248
2790203410080
2518613903952
2794566878880
1418833839440
2518345467216
1693711746384
2793223374160
1401922405712
2501434033488
1420125898336
1398383659408
2497895287184
1673261566352
2772773194128
2793156216208
2501098440080
1676464719248
2775976347024
1418766681488
2518278309264
1693644588432
1398635121296
1397577058720
2515125569120
1690491848288
2790003476064
1414741247584
2514252875360
1689619154528
2789130782304
2502508840608
2501367909024
1398366619216
2497878246992
1673244526160
2772756153936
1402661586512
2502173214288
1677539493456
2777051121232
1415546488400
2515058116176
1398382430864
2497894058640
1673260337808
2772771965584
1415562300048
2515073927824
1690440206992
2789951834768
1402677398160
2502189025936
2501183424864
1419102292640
2518613920416
1693980199584
2793491827360
1402677398096
2502189025872
1401940167248
2501451795024
1398365635936
2497877263712
2773041384096
1402661602912
2502173230688
1676750177888
1397644429904
2497156057680
1672522336848
2772033964624
2776261805664
1677539509856
2777051137632
1419858495072
2777051384144
1397358954848
2496870582624
1672236861792
2771748489568
1414538824032
2514050451808
1689416730976
2788928358752
1401653922144
2501165549920
1402947062096
2502458689872
1677824969040
2777336596816
1397560280400
2497071908176
2771949815120
1414740149584
2514251777360
2789129684304
1402930104992
2502441732768
1677808011936
2777319639712
1401940183712
2501451811488
1676818090656
2776329718432
2772755434144
1419103602256
2518615230032
1693981509200
2793493136976
1397628765776
2497140393552
1672506672720
2772018300496
1414808634960
2514320262736
1397645200016
2790220270160
1398650866256
2498162494032
1673528773200
1695003609680
2794515237456
1401856624208
2501368251984
1676734531152
2776246158928
1414741526096
2514253153872
1689619433040
1419103603296
2518615231072
1693981510240
2793493138016
1397309932896
2496821560672
1672187839840
2771699467616
1414489802080
2777386928528
2514001429856
1689367709024
2788879336800
1401604900192
1414740134496
2514251762272
1689618041440
2789129669216
1415612828256
2515124456032
1690490735200
1397308885664
2496820513440
1672186792608
2771698420384
1414488754848
2514000382624
1689366661792
2788878289568
1401603852960
2501115480736
2519621847440
1397560329616
2497071957392
1672438236560
2771949864336
1414740198800
2514251826576
1689618105744
2789129733520
1402727712144
2502239339920
2793241134496
1414489867600
2514001495376
1398382413152
2497894040928
1673260320096
2772771947872
1415562282336
2515073910112
1690440189280
2789951817056
1402677380448
2497878591904
2772756498848
1415546833312
2515058461088
1690424740256
2789936368032
1402661931424
2502173559200
1397359987024
2496871614800
1672237893968
2771749521744
1401654954320
2501166582096
1676532861264
2776044489040
1414539856208
2514051483984
1419908565392
1419103603088
2518615230864
1693981510032
2793493137808
1419840669088
2519352296864
1694718576032
2794230203808
1419119068576
2518630696352
1693996975520
2793508603296
2518278620832
1693644900000
2793156527776
1415880983968
2515392611744
1690758890912
2790270518688
2794246735504
2519353411216
2518546991456
1398635399520
2498147027296
1673513306464
2773024934240
1415815268704
2515326896480
1690693175648
2790204803424
1402930366816
1690491832656
1418835151184
2518346778960
1693713058128
2793224685904
1419908893008
2519420520784
1694786799952
1397628750160
2497140377936
1677874333328
2777385961104
2789131045280
1677808256416
1419925341536
2519436969312
2794314876256
1419120379232
2518632007008
1693998286176
2793509913952
1397560591968
2497072219744
1672438498912
2771950126688
1414740461152
2514252088928
1689618368096
2789129995872
1401855559264
2501367187040
1397360330336
2496871958112
1672238237280
1415882294624
2515393922400
2514051499616
1689417778784
2788929406560
1401654969952
2501166597728
1676532876896
2776044504672
1418834839136
2518346466912
1693712746080
1415545719392
2515057347168
1418784508320
2518296136096
1693662415264
2793174043040
2794246800720
1401872090448
2501383718224
1676749997392
2776261625168
1419051959632
2518563587408
1693929866576
1414756992336
2514268620112
2515409734048
1690776013216
2790287640992
1414741461408
2514253089184
2789130996128
2794315156112
1690692912784
1695054924128
1419925407392
2519437035168
1694803314336
2794314942112
1419102209696
2518613837472
1693980116640
2794247767648
2793442805344
2515393988256
1690760267424
2790271895200
1415629670048
2515141297824
1690507576992
2789130782096
1397292942736
2496804570512
1672170849680
2771682477456
1414472811920
2513984439696
1689350718864
1415814989200
2515326616976
1397645478240
2497157106016
1672523385184
2772035012960
1414825347424
2514336975200
1689703254368
2789214882144
1419908909408
1402945767840
2502457395616
1677823674784
2777335302560
1402945817232
2502457445008
1677823724176
2777335351952
2777051400848
1398433810848
2497945438624
1673311717792
2772823345568
2498230569360
2773108476304
2498147026256
1673513305424
2773024933200
2777319900496
1677808272720
1402930365776
1415815267664
2515326895440
1690693174608
1398702181008
2498213808784
1673580087952
2773091715728
1419119266144
2518630893920
1693997173088
2793508800864
1677874071968
1402677331616
2502188959392
2794583312032
2777066915488
2496887670432
2771765577376
1397377041808
2496888669584
1672254948752
2771766576528
1401672009104
2501183636880
1676549916048
2776061543824
1414556910992
2514068538768
1397628503696
2497140131472
1419103520352
2518615148128
1693981427296
1398634351248
2498145979024
1673512258192
2773023885968
1415814220432
2515325848208
1690692127376
2790203755152
1402929318544
2502440946320
1402946881952
2518614099616
1415881066080
2515392693856
1690758973024
2790270600800
2514269914720
1689636193888
2789147821664
2794231334288
1415545718352
2515057346128
1690423625296
2789935253072
1694718592592
2794230220368
1402660816464
2502172444240
1677538723408
2777050351184
1677824985440
2777336613216
1419924294304
1694987077216
2519435922080
2794313829024
1419119332000
2518630959776
1693997238944
2793508866720
1689618056800
2773108755104
1677556549216
2777068176992
1397360314720
2496871942496
1672238221664
2771749849440
1414540183904
2514051811680
1689418090848
2788929718624
1401655282016
2501166909792
1397627438688
2497139066464
1672505345632
2772016973408
1420192745056
1672523384144
2772035011920
1414825346384
1693998220624
2793509848400
2514336974160
1689703253328
2789214881104
1419925341600
1402947144352
2502458772128
1398718957216
2498230584992
1673596864160
2773108491936
1415898826400
2515410454176
1690776733344
2790288361120
1403013924512
2502525552288
2776312138400
1398365898144
2497877525920
1673243805088
2772755432864
1415545767328
2515057395104
1690423674272
2789935302048
1402660865440
2502172493216
1694736484000
2771766315680
1419840750992
2519352378768
1694718657936
2794230285712
1397644429968
2497156057744
1672522336912
2772033964688
1414824299152
2514335926928
1689702206096
2789213833872
1401939397264
2501451025040
1419925604960
1414758286736
1397308687712
2496820315488
1672186594656
2771698222432
1414488556896
2514000184672
1689366463840
2788878091616
1401603655008
2501115282784
1414757173856
2514268801632
1677891896720
1693930113632
1397376846416
2496888474192
1672254753360
2771766381136
1414556715600
2514068343376
1398450588240
1397292942752
2496804570528
1672170849696
2771682477472
1414472811936
1398634333536
2498145961312
1673512240480
2773023868256
1415814202720
2515325830496
1690692109664
2790203737440
1402929300832
2502440928608
1673327430240
1398433744224
2497945372000
1673311651168
2772823278944
1415613613408
2515125241184
1690491520352
2790003148128
1402728711520
2502240339296
1676548851104
2776060478880
1418850813344
2518362441120
1693728720288
2793240348064
2793492022688
2794315220384
1397627438752
2497139066528
1672505345696
1673310587552
2501165812048
1676532091216
2776043718992
1418834053456
2518345681232
1693711960400
2793223588176
1419925604752
2519437232528
1397309720912
2496821348688
1672187627856
2771699255632
1414489590096
2514001217872
1689367497040
2788879124816
1398432696992
2497944324768
2772822231712
1415612566176
2515124193952
1693728721296
1690490473120
2790002100896
1402727664288
2793492072080
1419102291600
2518613919376
2777319884432
1693980198544
2793491826320
1689618105936
2789129733712
1419119052368
2518630680144
1693996959312
2793508587088
1676481545808
2775993173584
1418783508048
2518295135824
2794583590544
2794298181984
1420177000848
1419924310416
1397358954896
2496870582672
1672236861840
2771748489616
1414538824080
2514050451856
1689416731024
2788928358800
1401653922192
2501165549968
1397644412256
2497156040032
1672522319200
2772033946976
1414824281440
2518547794272
2519704439136
2772839057808
1676549719456
2776061347232
1676464768608
2775976396384
1418766730848
2518278358624
1693644637792
2793156265568
1402930103952
2502441731728
1677808010896
2777319638672
1415831767376
1415881263440
2515392891216
1415882114448
2515393742224
1420109104480
2771699467664
1414489802128
2514001429904
1689367709072
2788879336848
1401604900240
1402678642064
2502190269840
2771699271264
1414489605728
2514001233504
1689367512672
2788879140448
1401604703840
2501116331616
1676482610784
2775994238560
1418784573024
1420177017248
1695054924192
2794566551968
1414489787040
2514001414816
1689367693984
2788879321760
1401604885152
1420177066640
2519688694416
1695054973584
2794566601360
1419924376208
2519436003984
1694802283152
2794313910928
2776262920848
1398432695952
2497944323728
1673310602896
2772822230672
1415612565136
2515124192912
1690490472080
2790002099856
1402727663248
2502239291024
1420109170336
2519620798112
2794498705056
1419119249056
2518630876832
1693997156000
2793508783776
1419908581024
2519420208800
1397376846432
2496888474208
2771766381152
1414556715616
2514068343392
2788946250336
2794498655840
1401671813728
1415563347616
2515074975392
1690441254560
2789952882336
2502172248480
1677538527648
1401923389856
2501435017632
1676801296800
2776312924576
2777050155424
1677806897808
2777318525584
1397578156448
2497089784224
1672456063392
1398718171536
2498229799312
1673596078480
2773107706256
1415898040720
2515409668496
1690775947664
1403013138832
2502524766608
1689686198688
2498230848144
1673597127312
1676464768656
2775976396432
1418766730896
2518278358672
1693644637840
2793156265616
1398365636240
2497877264016
1673243543184
2772755170960
1419052943712
2793223653728
1401654953632
2501166581408
1676532860576
2777403770528
1398701131344
2498212759120
1673579038288
2773090666064
1402996098640
2502507726416
1677874005584
2777385633360
1415881000528
2515392628304
1420193842784
2519705470560
1695071749728
2794583377504
1415898105440
2515409733216
1690776012384
2790287640160
2514253088352
1689619367520
2789130995296
2788861298336
1401586861728
2501098489504
1676464768672
2775976396448
1418766730912
2518278358688
1693644637856
2793156265632
1398365636256
1402661931360
2502173559136
1676482791056
2775994418832
1418784753296
2518296381072
1693662660240
2793174288016
2776061544800
1419053009568
2518564637344
1693930916512
2793442544288
1694987880032
1415562234528
2515073862304
1401653922208
2501165549984
1677823673952
2777335301728
1398701180320
1673579087264
1415881049504
2515392677280
1690758956448
2790270584224
1402996147616
2502507775392
2502509038176
1397360330384
2496871958160
1672238237328
2771749865104
1414540199568
2514051827344
1689418106512
2788929734288
1401655297680
2501166925456
1401672075936
2501183703712
1676549982880
2776061610656
1677538707104
1397309932960
2496821560736
1672187839904
2771699467680
1414489802144
2514001429920
1689367709088
2788879336864
1401604900256
2501116528032
1676817106592
1398433991328
2497945619104
1672456259152
2771967886928
1414758221392
2514269849168
1689636128336
2789147756112
1414741460368
2514253088144
1689619367312
2789130995088
2519420258704
1401923471968
2501435099744
1676801378912
2776313006688
1397644477840
2497156105616
1672522384784
1673310603872
2772822231648
1420109186384
2519620814160
2794498721104
1415815252384
1694785489312
1419858299296
1397561641296
2497073269072
2771951176016
1414741510480
2514253138256
2789131045200
1401856608592
2501368236368
2790288606624
1398383478112
2497895105888
1673261385056
2772773012832
1415563347296
2515074975072
1690441254240
2789952882016
1402678445408
2502190073184
1694988061344
1398383659424
2497895287200
1673261566368
2772773194144
1693644588448
2793156216224
1415563528608
2515075156384
1690441435552
2789953063328
2498146749088
1420192729488
2519704357264
1695070636432
2794582264208
2788878354768
1401603918160
2501115545936
1676481825104
2775993452880
1415546488416
2515058116192
1690424395360
2789936023136
1402661586528
2502173214304
1677539493472
2777051121248
1419841455712
2519353083488
1397376043680
1398382430880
2497894058656
2793157592736
1673260337824
2772771965600
1415562300064
1398718237008
2498229864784
1673596143952
2773107771728
1690507577680
2790019205456
1419924293264
2519435921040
1419119330960
2518630958736
1693997237904
2793508865680
2515124503968
1690490783136
2790002410912
2788861495888
1401587059280
2501098687056
1690759153296
2790270781072
1397360314768
2496871942544
1672238221712
2771749849488
1414540183952
2514051811728
1689418090896
2788929718672
1401655282064
2501166909840
1401923471760
2501435099536
1676801378704
2776313006480
1398652094816
2498163722592
1673530001760
2773041629536
1397560280416
2497071908192
2771949815136
1414740149600
2514251777376
2789129684320
1401855247712
2501366875488
1397360330400
2496871958176
1672238237344
2771749865120
1677825050256
2777336678032
1414540199584
2514051827360
1689418106528
2788929734304
2790221564320
1677606667680
1398650866272
1397561656928
2497073284704
2771951191648
1414741526112
2514253153888
1689619433056
2789131060832
1401856624224
2501368252000
1415562298768
2515073926544
1690440205712
2789951833488
1397308687760
2496820315536
1672186594704
2771698222480
1414488556944
2514000184720
1414757172816
2514268800592
1689635079760
2789146707536
1694736401808
2794248029584
1398383658384
2497895286160
1673261565328
1402678625680
2502190253456
1677556532624
2777068160400
1419858494864
1398635120272
2498146748048
1419102538144
2518614165920
1693980445088
2793492072864
1420194106000
2519705733776
2794583640720
2788946250144
1677539755360
2772823542096
2777051383136
1398382429840
2497894057616
1673260336784
2772771964560
1415562299024
2515073926800
1690440205968
2789951833744
1402677397136
2502189024912
1414825085584
2514336713360
2789214620304
1419052926624
2518345729696
1414757189280
2514268817056
1689635096224
2789146724000
1402930350496
2502441978272
2519369074272
1677808257440
2777319885216
1677555567008
1401940429216
2501452056992
1676818336160
2776329963936
2777067194784
1402946030224
2502457658000
1677823937168
2777335564944
1673595881888
2773107509664
1420126930256
1695004837200
2519638558032
2794516464976
2773041628496
1398652093776
2498163721552
1673530000720
1415831962960
2515343590736
1676532861280
2776044489056
1418834823520
2518346451296
1693712730464
2793224358240
1402661914272
2502173542048
1401671992992
2501183620768
1676549899936
2776061527712
2794298361504
1673580136096
2773091763872
1397645198992
1420125701712
2519637329488
1695003608656
2794515236432
1398650865232
2498162493008
1673528772176
2773040399952
1402945832528
2502457460304
1420177016416
2519688644192
1398651046544
2498162674320
1673528953488
2773040581264
1415830915728
2515342543504
1690708822672
2790220450448
1402946013840
2502457641616
1397376059744
2496887687520
2771765594464
1414555928928
2514067556704
2788945463648
1401671027040
2794498655632
1677806963040
2777318590816
2501450762592
1676817041760
2776328669536
1694785488480
1397360314784
2496871942560
1672238221728
2771749849504
2519436002704
1414540183968
2514051811744
1689418090912
2788929718688
1401655282080
1419925686928
1401923389024
2501435016800
1676801295968
2496821627472
2776312923744
2519687580256
1419858298464
1419907794528
1397627651680
2497139279456
1672505558624
2772017186400
1397628488080
2497140115856
1672506395024
2772018022800
1401923455376
2501435083152
2501450828448
1676817107616
2794231319200
2776328735392
1676750177952
1695054202464
1398366963104
2497878590880
1673244870048
1420176213584
2519687841360
1695054120528
2794565748304
1398432941648
2497944569424
1673310848592
2772822476368
2788929389904
2793224357200
1397359986000
2496871613776
1672237892944
2771749520720
2788945201552
1401670764944
2501182392720
1690423609680
2789935237456
1419840670032
2519352297808
1694718576976
2501183359648
2794314943056
1398450571856
2497962199632
1673328478800
2772840106576
1402745539152
2502257166928
1397376846480
2496888474256
1672254753424
2771766381200
1414556715664
2794499687776
1401653906064
2501165533840
1676531813008
2776043440784
1418833775248
2518345403024
1693711682192
2793223309968
1677623380576
2777135008352
1401940511328
2501452139104
1676818418272
2776330046048
1398718941600
1673596848544
1398635398496
2498147026272
1673513305440
2773024933216
1415815267680
2515326895456
1690693174624
2790204802400
1402930365792
2773091961440
1673327643232
1419840752224
1419119069520
2518630697296
1693996976464
2793508604240
1397644233040
2497155860816
1672522139984
2772033767760
1401939200336
2501450828112
2788945119648
2789197890976
1676549916064
2776061543840
1418851878304
2518363506080
1693729785248
2793241413024
1397628503712
2497140131488
1672506410656
2772018038432
1414808372896
2514320000672
1398634351264
2498145979040
1673512258208
2773023885984
1415814220448
2515325848224
1690692127392
2790203755168
1402929318560
2502440946336
1689685150288
2789196778064
1401922341456
2501433969232
1419102210640
2518613838416
1693980117584
2793491745360
1676800248400
2776311876176
1419907582352
2519419210128
1415830669712
2515342297488
1690708576656
2790220204432
1415545718368
2515057346144
1690423625312
2789935253088
1402660816480
2502172444256
1401922669216
1693930916240
1403014187680
1676549915984
2776061543760
1419053008528
2518564636304
1693930915472
2793442543248
2793442724192
1693913023840
1402745473424
2502257101200
1677623380368
2777135008144
1676818418064
2776330045840
1397645477216
2497157104992
1672523384160
2772035011936
1414825346400
2514336974176
1689703253344
2789214881120
1401940444512
2501452072288
2773091961232
1398449736080
2497961363856
1673327643024
2772839270800
1398718940560
1403013907856
2502525535632
1677891814800
2777403442576
1420193777040
2519705404816
1419924358496
2519435986272
1694802265440
2794313893216
1676818138528
2777051204000
1401939397280
2514050696800
2788928603744
1401654167136
2501165794912
1398634350224
2498145978000
1673512257168
2773023884944
1415814219408
2515325847184
1690692126352
2790203754128
1402929317520
2502440945296
1419036215712
2518547843488
1693914122656
2793425750432
2793173060000
1397376846496
2496888474272
1420177279632
2519688907408
1695055186576
2794566814352
1672254753440
2771766381216
1414556715680
1419051895440
2518563523216
1693929802384
2793441430160
2789934975392
1414740478368
2514252106144
1689618385312
2789130013088
1677806880096
2777318507872
1420192745120
2519704372896
2794582279840
1418767779488
2518279407264
1693645686432
2777335547488
2793157314208
2794297067104
2777134040736
2519369877088
1401923652240
2501435280016
1676801559184
2776313186960
2777050417808
1398701197968
2498212825744
1673579104912
2773090732688
1676482595168
2775994222944
1418784557408
2518296185184
1693662464352
2793174092128
2794499753632
2775993435808
2794247063200
1397644428944
2497156056720
1672522335888
1398432680336
2497944308112
1673310587280
2772822215056
1415612549520
2515124177296
1690490456464
2790002084240
1402727647632
2502239275408
1419102537312
2518614165088
2502441715360
2519705421472
1398434056848
2497945684624
1673311963792
2772823591568
1415613926032
2515125553808
1690491832976
2790003460752
1677824002400
2777335630176
2793492793952
1693996959328
1693713008224
2793240103520
2790020254304
1690424724128
2789936351904
1414556895904
2514068523680
1689434802848
2788946430624
1677808256608
2777319884384
2777135090336
1677555566176
2777067193952
1676818335328
2776329963104
1398702245280
2498213873056
1673580152224
2773091780000
1415882114464
2515393742240
2790271649184
2498229601888
1673595881056
2773107508832
1419119265376
1402996083024
2502507710800
1415880984912
2515392612688
1690758891856
2790270519632
1398701115728
2498212743504
1673579022672
2773090650448
1397627718032
2497139345808
1672505624976
2772017252752
1414807587216
2514319214992
1689685494160
2789197121936
1401922685328
2501434313104
2776311941792
2794565569184
2777403460256
1415882361424
2515393989200
2776043717968
1690760268368
2790271896144
1418834052432
2518345680208
1420177328720
2519688956496
2771748750672
2775994221904
1418784556368
2518296184144
1693662463312
2793174091088
1397309719888
2496821347664
1672187626832
2771699254608
1401604687184
1418767977056
2518279604832
1693645884000
2793157511776
1398432695968
2497944323744
1673310602912
2772822230688
1415612565152
2515124192928
1690490472096
2790002099872
2788946249104
2501384751776
2514319919712
1689686198880
2789197826656
1415629670992
2515141298768
1690507577936
2790019205712
1398449801808
2497961429584
1414488541840
2514000169616
1689366448784
2788878076560
2501115267728
2775993174672
1402744425040
2502256052816
1677622331984
2777133959760
1403012860496
1676817025616
2776328653392
2502524488272
1690775669328
2790287297104
1677555565968
1402929236576
2502440864352
2777318771296
1398718171552
2498229799328
1673596078496
2773107706272
1415898040736
2515409668512
1690775947680
2790287575456
1403013138848
1672506329504
1398701131360
1673579038304
1415881000544
2515392628320
1690758907488
2790270535264
1402996098656
2502507726432
1419924621712
2519436249488
1694802528656
2794314156432
1397376059792
2496887687568
1672253966736
1672455014992
1414756977232
2514268605008
1689634884176
2789146511952
1419051944528
2518563572304
1693929851472
2793441479248
2771966642768
2519420454304
1694786733472
2794298361248
1414808291728
2514319919504
1689686198672
2789197826448
1676482791072
2775994418848
1418784753312
2518296381088
1693662660256
2793174288032
2789129930144
1414473026128
2513984653904
1689350933072
2788862560848
2771682691664
2793224702304
1677807143312
2777318771088
2519419143824
1419908826464
2519435921760
1677538707088
1401939199632
2501450827408
1676817106576
2776328734352
1695070913936
2794582541712
1415898039696
2515409667472
1690775946640
1420193006992
2519704634768
1398718170512
2498229798288
1673596077456
1419907532128
2519419159904
1694785439072
2518296380768
1414556911952
2514068539728
1689434818896
2788946446672
1693662659936
2793174287712
1397578352224
2497089980000
1672456259168
2771967886944
2519687661984
1695053941152
2794565568928
2794248030864
1677823919456
2777335547232
2776312220304
2496887343712
1672253622880
2793508537952
2777117525600
2771765250656
1414555585120
2514067212896
1689433492064
2501385030288
1397561641312
2497073269088
2771951176032
1414741510496
2514253138272
2789131045216
1401856608608
2501368236384
1401922406816
2501434034592
1676800313760
2776311941536
1403013974672
2502525602448
1677891881616
2777403509392
1420177344864
2519688972640
1695055251808
2794566879584
1677823985312
1419051960672
2518563588448
1693929867616
2793441495392
1401603918176
2501115545952
1676481825120
2775993452896
1418783787360
1693661694304
2790203410784
1398702442144
2498214069920
1397376059808
2496887687584
1672253966752
2771765594528
1414555928992
2514067556768
1689433835936
2788945463712
1401671027104
2501182654880
1420177328544
1419908908640
2519420536416
1694786815584
1419036214880
2518547842656
1693914121824
2793425749600
2794298443360
1398652111504
1398382414224
2497894042000
1673260321168
1676466079120
2775977706896
1418768041360
2518279669136
1693645948304
2793157576080
1397293204880
2496804832656
1672171111824
2771682739600
1694786751120
1676801624416
2776313252192
2518295333536
1693661612704
2776313252448
2793173240480
2794566879840
1415813941920
2515325569696
1690691848864
2790203476640
1414824020640
2514335648416
2789213555360
1397578368608
2497089996384
1672456275552
2771967903328
2502508841568
1397359199888
2496870827664
1672237106832
2771748734608
1415830718800
2515342346576
1690708625744
1397561640272
2497073268048
2771951174992
1414741509456
2514253137232
2789131044176
1419036476752
2518548104528
1398383658400
2497895286176
1673261565344
2772773193120
1415563527584
2515075155360
1690441434528
2789953062304
1398635120288
2498146748064
2497944636064
1673310915232
2772822543008
1419908908432
2519420536208
1694786815376
2793425749392
2794298443152
1414488819024
2777051400528
1415546767696
2515058395472
1690424674640
2789936302416
1418783786320
1419841734992
2519353362768
1419035101792
1397560593040
2497072220816
2771950127760
1414740462224
2514252090000
2789129996944
1401855560336
2501367188112
1398382429856
1414825331296
2514336959072
1689703238240
2789214866016
2497894057632
2793240103312
1402660816544
2794298099040
1397292090960
2496803718736
1672169997904
2771681625680
1414471960144
2513983587920
1689349867088
2788861494864
1401587058256
2501098686032
2793493136736
1401654168160
2501165795936
1676532075104
2776043702880
2498163721568
2773041628512
1415831962976
2515343590752
1690709869920
2790221497696
1402947061088
2502458688864
1415814941280
2777117444512
1418784834896
2518296462672
1414808619424
2777117246880
1397645199008
1398650865248
2498162493024
1673528772192
2773040399968
1415830734432
2515342362208
1690708641376
1402945832544
2502457460320
1693997943456
1398651046560
2498162674336
1673528953504
1415830915744
2515342543520
1690708822688
2790220450464
1402946013856
2502457641632
1397628439120
1414808308304
2514319936080
1689686215248
2789197843024
1419103275600
2518614903376
2497140066896
1672506346064
2772017973840
2502190056864
1420175951264
2519687579040
1695053858208
2794565485984
2502239552928
1414825331088
2514336958864
2789214865808
1403013188256
1414556894864
2514068522640
1689434801808
2788946429584
2519637313888
1414808357280
2514319985056
1689686264224
1397359199904
2496870827680
1672237106848
2771748734624
1414539069088
2514050696864
1689416976032
2788928603808
1401654167200
2501165794976
1420177261920
1676532860256
2776044488032
1418834822496
2518346450272
1693712729440
2793224357216
1419051877728
2518563505504
1693929784672
2793441412448
1419924571488
2519436199264
1694802478432
1398365833568
2497877461344
1673243740512
2772755368288
1415545702752
2515057330528
1690423609696
2789935237472
1402660800864
2502172428640
1398450571872
2497962199648
1689686197840
2789197825616
1673328478816
2772840106592
1415630441056
2515142068832
1690508348000
1398651045520
2498162673296
1673528952464
2773040580240
1415830914704
2515342542480
1690708821648
2790220449424
1402946012816
2502457640592
1420193073568
2519704701344
1695070980512
2794582608288
1419036428704
2518548056480
2793425963424
2777118296400
1419036478096
2518548105872
1693914385040
2793426012816
2776328653456
2794582280848
1695071963488
1420177327776
2519688955552
1695055234720
2794566862496
1419924637344
2519436265120
1419051943584
2518563571360
1693929850528
2793441478304
2777336416608
1397644233056
2519436266128
2497155860832
1672522140000
2772033767776
1414824102240
2514335730016
1689702009184
2789213636960
1401939200352
2519368877664
1402728778144
2502240405920
1401939446176
2501451073952
1676817353120
2776328980896
1677606685088
2777118312864
1402997148304
2502508776080
1677875055248
2777386683024
2497071974816
1672438253984
2771949881760
1693981230480
2793492858256
1419103323536
1397628487056
1672506394000
1397627374176
2497139001952
1673512241552
2773023869328
1415814203792
2515325831568
1690692110736
2790203738512
1402929301904
2502440929680
1401671009952
2501182637728
2777050089120
1420176033376
2519687661152
1677538706768
2777050334544
1419840669008
2519352296784
1398365832528
2497877460304
1673243739472
2772755367248
1415545701712
2515057329488
1689703320144
2789214947920
2519420470944
1415630440016
2515142067792
1419925407312
2519437035088
1694803314256
2794314942032
1398450570832
2497962198608
1673328477776
2772840105552
1676531811984
2776043439760
1418833774224
2518345402000
1693711681168
2793223308944
2519687842464
1695054121632
2794565749408
2794583312992
1693930833504
1694803527264
2772823280224
1415630391968
2515142019744
1690508298912
2790019926688
1403013924448
2502525552224
1677891831392
2777403459168
1398718940576
2498230568352
1673596847520
2773108475296
1415898809760
2515410437536
1690776716704
2790288344480
1403013907872
2502525535648
2498229537376
1401939199312
2501450827088
1676817106256
2773091715408
2776328734032
1419119068496
2518630696272
1693996975440
2793508603216
1414824101200
1420177017168
2519688644944
1695054924112
1397644413328
2497156041104
1672522320272
2772033948048
1414824282512
2514335910288
1689702189456
2789213817232
1401939380624
2793241201312
1677875365536
2776245815968
1676749981344
1398634350240
2498145978016
1673512257184
2773023884960
1415814219424
2515325847200
1690692126368
2790203754144
1402929317536
2502440945312
1672505280080
2772016907856
1414807242320
2514318870096
1689685149264
2789196777040
1401922340432
2501433968208
1419102209616
2518613837392
1695053940112
1401670748496
2501182376272
1676548655440
2776060283216
1402744490320
2502256118096
1677622397264
2777134025040
1397375781200
2496887408976
2518563768928
2793441675872
1695071683920
2794583311696
1420193776976
1397376763216
2496888390992
2771766297936
1693914400144
2793441495440
2502524766880
1397375715984
2496887343760
2771765250704
1414555585168
2514067212944
2788945119888
1401670683280
2501182311056
2518296201872
2793174108816
2788861299040
1398365636960
1402744490592
2502256118368
1677622397536
2777134025312
2773090978400
2515325502800
2790203409744
1397644428960
2497156056736
2794582345120
1672522335904
1398432680352
2497944308128
1673310587296
2772822215072
1415612549536
2515124177312
1690490456480
2790002084256
1419841472912
2519353100688
1419052140944
2518563768720
1693930047888
1414758042192
2514269669968
1689635949136
2789147576912
1419053009488
2518564637264
1693930916432
2793442544208
1397578173008
2497089800784
1398434056864
2497945684640
1419907779232
1673311963808
2772823591584
1415613926048
2515125553824
2501182653776
1676548932944
1418783704720
2518295332496
1693661611664
2793173239440
2790203426208
2793442527584
2789951752544
2793492023648
2794315221344
1402744490384
2502256118160
1677622397328
2777134025104
1398701115744
2498212743520
1673579022688
2773090650464
1415880984928
2515392612704
1690758891872
1676464769424
2775976397200
1418766731664
2518278359440
1693644638608
2793156266384
2497877264784
2772755171728
1677606602144
2777118229920
1676801639840
2776313267616
2497895089568
1673261368736
2772772996512
2794246982048
1398702492256
2498214120032
1401654183264
2501165811040
1419858249056
2519369876832
1694736156000
2794247783776
1676532090208
2776043717984
2788879123808
1401604687200
2501116314976
1676482594144
2775994221920
1418784556384
2518296184160
1693662463328
2793174091104
2772018039200
1673244591696
2775977444944
1402661652048
1677539558992
1397292942928
1419035100752
2518546728528
1693913007696
2790204736864
1397291895200
2496803522976
1672169802144
2771681429920
1414471764384
2513983392160
1689349671328
1690693158480
2790204786256
2788861299104
1415612548496
2515124176272
1690490455440
2790002083216
1419907515792
2519419143568
1694785422736
2794297050512
2497961429600
1420126751136
2519638378912
1695004658080
2794516285856
1397376763232
2496888391008
2771766297952
1414556632416
2514068260192
2788946167136
2777135335760
1401671730528
1676481546912
2775993174688
1418783509152
2776312138064
1397375716000
2496887343776
2771765250720
1414555585184
2514067212960
1677555222160
2788945119904
1401670683296
1398434055824
2497945683600
1673311962768
2772823590544
1415613925008
2515125552784
1690491831952
2790003459728
1693981247840
1419858314912
2794247849632
1419035117216
2518546744992
1693913024160
2793424651936
1414825346720
2514336974496
1689703253664
2789214881440
1397308933712
2496820561488
1672186840656
2771698468432
1677623724448
1401873123744
2501384751520
1676751030688
2501434247584
1676800526752
2776312154528
2515326633568
1403014187664
2502525815440
1677892094608
2777403722384
1676800576144
2777385616720
1402996082000
1415880983888
2515392611664
1690758890832
2790270518608
1420175951184
2519687578960
2794565485904
1695053858128
2772771883424
1672455293344
1690693159328
2772017251728
1414807586192
2514319213968
1689685493136
2789197120912
1401922684304
2501434312080
2497088735840
2771966642784
1414756977248
2514268605024
1689634884192
2789146511968
1401872075360
2501383703136
2793509635744
2794246720080
1693930130000
2793441757776
2789213898400
2777386944160
1415882360400
2515393988176
1690760267344
2790271895120
1420177327696
2519688955472
1690692045392
1420193072736
2519704700512
1695070979680
2794582607456
1419036427872
2518548055648
1693914334816
2793425962592
1398383479184
2497895106960
1673261386128
2772773013904
1415563348368
2515074976144
1690441255312
2789952883088
1402678446480
2502190074256
2513984653920
1689350933088
2788862560864
1401588124256
2501099752032
2502256395856
1677622675024
2790019204688
1415629669968
2515141297744
1690507576912
1419924637264
2519436265040
1694802544208
2777134302800
1694785751696
1677875120480
2514000168592
1689366447760
2788878075536
1401603638928
2501115266704
1676481545872
2775993173648
1418783508112
2518295135888
1693661415056
1398366620304
2497878248080
1673244527248
1695004919392
1693712811616
1415814154912
2515325782688
1690692061856
2790203689632
1414555912864
2514067540640
2788945447584
1402728777312
1401939445344
2501451073120
1676817352288
2776328980064
1398718170528
1415898039712
2515409667488
1690775946656
2790287574432
1403013137824
2502524765600
2514269669984
1398651914576
2498163542352
1673529821520
2773041449296
1402946881872
2502458509648
1677824788816
2777336416592
1415831783760
1402728958624
2502240586400
1677606865568
2777118493344
2794230286944
1397560281488
2497071909264
1672438188432
2771949816208
1414740150672
2514251778448
1689618057616
2789129685392
1401855248784
2501366876560
1401587910240
2501099538016
1676465817184
2775977444960
1418767779424
2518279407200
2794297051808
2793492089504
1420193072528
2519704700304
1695070979472
2794582607248
1401872074320
2501383702096
1676749981264
2790204459600
2776261609040
1402930022992
2502441650768
1694987799120
2794499426896
1397577107024
2773024590416
1677807929936
2777319557712
1419858512480
1397561658000
2497073285776
2771951192720
1414741527184
2514253154960
2789131061904
1401856625296
2501368253072
1420176213664
2519369861792
1415898827360
2515410455136
1690776734304
2790288362080
1414807308896
2514318936672
1689685215840
2789196843616
2502188960336
1415562234448
2515073862224
1677555239504
1402677332560
2777066867280
1418767992400
2518279620176
1693645899344
2502240404880
1677606684048
2777118311824
2502239292000
2777117198944
1397560346000
2497071973776
1672438252944
2771949880720
1673513028192
2773024655968
2793223308704
2788928341328
1398652111520
2513984701856
1689350981024
2788862608800
1401588172192
2501099799968
1397627390544
2497139018320
1672505297488
2772016925264
1414807259728
2514318887504
1689685166672
1419858512272
2519370140048
1694736419216
2794248046992
2794297067936
1420126668192
1415898827152
2515410454928
1690776734096
2790288361872
2519638295968
1695004575136
2794516202912
1419907843488
1420176213648
2519687841424
1695054120592
2794565748368
2794314876560
2794498378080
1397578368592
1402947077712
2502458705488
1677824984656
1415563544144
2518296397392
1398650849632
2498162477408
1673528756576
1397561640288
2497073268064
2497156827536
1672523106704
2772034734480
2771951175008
1414741509472
2514253137248
2772756170144
1673244805472
2772756433248
1415546767712
2515058395488
1690424674656
2789936302432
1397560593056
2497072220832
2771950127776
1414740462240
2514252090016
2789129996960
1401855560352
2501367188128
1401873319328
1398652110480
1402677380496
2502189008272
1677555287440
2777066915216
1415562282384
2515073910160
1690440189328
2789951817104
1419857249680
2519368877456
2514051500704
1689417779872
2788929407648
1401654971040
1418851682720
2518363310496
1693729589664
2793241217440
2776245815632
1420109974160
2519621601936
1401603590480
2794499508880
2794247834256
1419120052880
2518631680656
2793509587600
1695070964064
2790003132832
1397375781456
2496887409232
1672253688400
1693980183120
2793491810896
1415830719056
2773090716240
2794297330320
1677875037536
2777386665312
1677622347104
2777133974880
1419052156576
2518563784352
1693930063520
2793441691296
2793424979552
1401587844688
2501099472464
1403012942240
2502524570016
1677890849184
2777402476960
1676734204320
2776245832096
2501098490464
1676464769632
2775976397408
1418766731872
2518278359648
2514252088656
2789129995600
1398634333520
2498145961296
2501367186768
2776245093712
1402929300816
1401856346768
2501367974544
1676734253712
2776245881488
2498162476368
2773040383312
1677823722832
1402945815888
2502457443664
2777335350608
1694987094432
2773024934288
2794565486240
1676465768096
2775977395872
1397358955104
2496870582880
1672236862048
2771748489824
1414538824288
2514050452064
1689416731232
2788928359008
1673244804432
2772756432208
1402661864784
2502173492560
1677539771728
2777051399504
1415546766672
2515058394448
1690424673616
2789936301392
1397560592016
2497072219792
2771950126736
1414740461200
2514252088976
2789129995920
1401855559312
2501367187088
2519638296224
2519419471520
2502257362592
1397578352976
2497089980752
1672456259920
2771967887696
1690709870928
2790221498704
1398652094800
2498163722576
1673530001744
2773041629520
1414539871888
2514051499664
1689417778832
2788929406608
1401654970000
2501166597776
1676532876944
2776044504720
1418834839184
2518346466960
2502525880672
1415545719440
2515057347216
1690423626384
2789935254160
1402660817552
2502172445328
1677538724496
2777050352272
2519352314512
1694802527840
2773040318816
1677623723616
2777135351392
1401922618976
2501434246752
1676800525920
2776312153696
2519704619616
1419841472096
1397577385568
2497089013344
1672455292512
1676548605264
2771966920288
1397645478288
1414825347472
2514336975248
1689703254416
2789214882192
1401940445584
2501452073360
1677873990304
2777385618080
1398365637264
2497877265040
1673243544208
2772755171984
2794498443936
2498162673312
2773040580256
1415830914720
2515342542496
1690708821664
2790220449440
1402946012832
2502457640608
1694718658208
1673528756896
2772756433568
1397628438096
2497140065872
1414825067920
2514336695696
1689702974864
2789214602640
2790288344464
1690692061776
2790203689552
1677807159888
1402929252944
2502440880720
1415814154832
1401923389088
1689702255200
2789213882976
1676464769696
2775976397472
1418766731936
2518278359712
1693644638880
2793156266656
1398365637280
2497877265056
1673243544224
2772755172000
1677623723408
2777135351184
1402997394016
2502509021792
1677875300960
2777386928736
1402744703584
2502256331360
1677622610528
1401872009824
2501383637600
1676749916768
2776261544544
2777134238304
1414808356256
2514319984032
2498163788384
1673530067552
2773041695328
1676465030496
2775976658272
1418766992736
2518278620512
1693644899680
2793156527456
1398365898080
1673243805024
2498145962400
1414555845968
2514067473744
1689433752912
2788945380688
2788945200544
1401670763936
2501182391712
1402660799840
2502172427616
1677538706784
2777050334560
1419840669024
1418835151440
1419908893264
2501166910032
2519420521040
2515125553744
1414808619600
2514320247376
1689686526544
1695003543952
1415630440032
2515142067808
1690508346976
2790019974752
1402745538144
2502257165920
2501165532832
1415613680016
2515125307792
1690491586960
2790003214736
1397309917536
2496821545312
1672187824480
2771699452256
1414489786720
2514001414496
1689367693664
2788879321440
1418851599776
2502508840272
2518363227552
1397376043600
2496887671376
1672253950544
2771765578320
1401671010896
2501182638672
1676548917840
2776060545616
1419857200784
2519368828560
1414808552864
2514320180640
1689686459808
2789198087584
1398383658320
2497895286096
1673261565264
2772773193040
1693930063200
1677622412640
1415830734416
2515342362192
1690708641360
2790220269136
1419051959888
2518563587664
1693929866832
2793441494608
1402997393808
2502509021584
2501383637392
1676749916560
2776261544336
1677622610320
2777134238096
1397644232032
2497155859808
1672522138976
2772033766752
1414824101216
2514335728992
1689702008160
2789213635936
1398702180704
2498213808480
1673580087648
2519353166176
1397644413344
2497156041120
1672522320288
2772033948064
1414824282528
2514335910304
1677606864528
2777118492304
1676465817232
2775977445008
1418767779472
2518279407248
1693645686416
2793157314192
1398366684816
2497878312592
1673244591760
2772756219536
1420176278880
2519687906656
1695054185824
2794565813600
2772016907872
2514318870112
2777318835600
1398634333584
2498145961360
1673512240528
2773023868304
1402929300880
1677807207824
1676801312160
2777068243360
1397376763296
2496888391072
1672254670240
2771766298016
1414556632480
2514068260256
1689434539424
2788946167200
1401671730592
2501183358368
1398433744272
2497945372048
1673311651216
2772823278992
1402728711568
2502240339344
1690491520400
2790003148176
1677606618512
2777118246288
1419840407968
2519352035744
1694718314912
2794229942688
1419035445664
2518547073440
1693913352608
2793424980384
1676482611872
2775994239648
1418784574112
2518296201888
1693662481056
2793174108832
1420127013520
2519638641296
1695004920464
2794516548240
1418834905744
2518346533520
1693712812688
2793224440464
2790020172192
1677892076896
1695054988944
2777403704672
2794566796896
2793156544160
2794314106464
1676482790992
2775994418768
1398382429776
2497894057552
2501384964512
1676751243680
2776262871456
1401873386128
1402997146960
2502508774736
1677875053904
2777386681680
1672522319248
2772033947024
1397644412304
1401939379600
2501451007376
1676817286544
2776328914320
2519353346400
2794231253344
1397578173024
1397360314976
2496871942752
1672238221920
2771749849696
1414540184160
2514051811936
1689418091104
2788929718880
1401655282272
2501166910048
1415882033504
2515393661280
1690759940448
2790271568224
1415629343072
2515140970848
1690507250016
2790018877792
1673513043616
2773024671392
1398701132432
2498212760208
1673579039376
2773090667152
1689350654544
2788862282320
2794230270624
1689686541920
2789198169696
1415562283344
2515073911120
1690440190288
2789951818064
1402945816912
2502457444688
1418783508816
2518295136592
1693661415760
1676482610832
2775994238608
1418784573072
2518296200848
1693662480016
2793174107792
2793509833312
1418851863200
2518363490976
1693729770144
2793241397920
1397308687968
2496820315744
1672186594912
2771698222688
1414488557152
2514000184928
1689366464096
2788878091872
1401603655264
2501115283040
1694803330656
1415882099360
2515393727136
1690760006304
2790271634080
1415629408928
2515141036704
1690507315872
2790018943648
2777402476128
1694987815584
1676734203488
2776245831264
2518613903968
1418834118240
2519705422432
1419052942944
1397292943008
2496804570784
1672170849952
2771682477728
1414472812192
2513984439968
1689350719136
2788862346912
1401587910304
2501099538080
1677891029664
2777402657440
1415612548512
2515124176288
1690490455456
2790002083232
1402727646624
2502239274400
1694735091360
2794582608544
1398449785168
2497961412944
1673327692112
2772839319888
1402744752464
2502256380240
2777134287184
1415629654352
1397578171984
2497089799760
1672456078928
2771967706704
1397578353296
2497089981072
1672456260240
2771967888016
1414758222480
2514269850256
1689636129424
2789147757200
1401873320592
2501384948368
1398434055840
2497945683616
1673311962784
2772823590560
1415613925024
2515125552800
1415630719584
2515142347360
1690508626528
1414758025824
2514269653600
1689635932768
2789147560544
1414807521888
2514319149664
1689685428832
2789197056608
1402997474976
1677890848144
2777402475920
1401856296336
1677556288096
2777067915872
1398701114720
2498212742496
1673579021664
1402996082016
2502507709792
2502240666976
2498146962016
1673513241184
2773024868960
1419908580688
1677606618448
2497945371984
1673311651152
2772823278928
1415613613392
2502240339280
1397360002384
2496871630160
1397358955152
2496870582928
1672236862096
2771748489872
1414538824336
2514050452112
1689416731280
2788928359056
1401653922448
2501165550224
1415882360416
2515393988192
1690760267360
2777336677792
1694803511968
1673327430304
1398383479200
2497895106976
1673261386144
2772773013920
1415563348384
2515074976160
1690441255328
2789952883104
1402678446496
2502190074272
1419103259024
1693981165968
1418850568592
2518362196368
1693728475536
1397293140304
2496804768080
1672171047248
2771682675024
1401588107600
2501099735376
1676466014544
1693645883728
1414473009488
2513984637264
2502172427680
1419858560416
2519370188192
1694736467360
1419035362720
2518546990496
1693913269664
2793424897440
2501115266720
1676481545888
1397308672352
2496820300128
1672186579296
2771698207072
1414488541536
2514000169312
1420126930576
2519638558352
1695004837520
2794516465296
1673244527264
1397309933200
2496821560976
1418834822800
2518346450576
1693712729744
2793224357520
1672187840144
2771699467920
1414489802384
2514001430160
2518278376016
1693644655184
2793156282960
2501098506832
1676464786000
2775976413776
1418766748240
1397291911760
2496803539536
1672169818704
2793491827040
1420193843600
2519436183184
1677556287888
2777067915664
1398651914592
2498163542368
1673529821536
2773041449312
1415831783776
2515343411552
1690709690720
2790221318496
1402946881888
1402727712160
2502239339936
1397560281504
2497071909280
1672438188448
1402996082320
2502507710096
1677873989264
2777385617040
2771949816224
1414740150688
2514251778464
1420109956448
2519621584224
1694987863392
1419857266016
2519368893792
1694735172960
1397577107040
2497088734816
1672455013984
2771966641760
1414756976224
2514268604000
1689634883168
1398635055712
2498146683488
1673512962656
1397561658016
2497073285792
2771951192736
1414741527200
2514253154976
1420125947296
1414824347216
2514335974992
1689702254160
1415563347344
2515074975120
1690441254288
2789952882064
1402678445456
2502190073232
2519437035872
1693645899360
2793157527136
1419857447328
2519369075104
1415897762208
1690775669152
1694735369872
1677606929760
2777118557536
1690491767440
2790003395216
1415546488464
2515058116240
1690424395408
2789936023184
1402661586576
2502173214352
1419120101024
2518631728800
1690507232928
2790018860704
1414824363680
2514335991456
1401587123600
2501098751376
1694987077008
2794498704784
1402660865424
1420108908896
1420126946976
2518296200800
1403013204624
2502524832400
1397358955168
2496870582944
1401856559760
2501368187536
1676734466704
2776246094480
1672236862112
2771748489888
1414538824352
1397628504480
1419857511760
2519369139536
1397560591696
2497072219472
2771950126416
1414740460880
1420108843360
2519620471136
1398652094864
2498163722640
1673530001808
2773041629584
1676733154704
2776244782480
1397560280464
2497071908240
1672438187408
2771949815184
1414740149648
2514251777424
1689618056592
1672454965664
1676749932192
2776261559968
1415899072864
2515410700640
1690776979808
2790288607584
2777386747552
1397309917584
2496821545360
1672187824528
2771699452304
1414489786768
2514001414544
1689367693712
2788879321488
1401604884880
2501116512656
1415612631632
1398635054672
2498146682448
1673512961616
2773024589392
1402930021968
2502441649744
1677807928912
2777319556688
1689367693904
2788879321680
2519353345696
2515142264416
1690508543584
2790020171360
1397292156256
2496803784032
2771681690976
1414472025440
2513983653216
2788861560160
1397309933216
2496821560992
1672187840160
2771699467936
2518631745184
1690440140368
2789951768144
1398382364240
2497893992016
1673260271184
2772771898960
1402677331536
2502188959312
1677555238480
2777066866256
2502239537504
2777117444448
1420108909216
2519620536992
1419118987936
2518630615712
1694736402016
2790220450400
1693996894880
2793508522656
1415899138720
2515410766496
1690777045664
2790288673440
2502458428064
1677824707232
2777336335008
1402727975584
2502239603360
1677605882528
2777117510304
1677555549856
1398652110496
2497894040992
2772771947936
1402677380512
2502189008288
1419035444624
2518547072400
1693913351568
2793424979344
1676532861328
1398365653328
2497877281104
1673243560272
2772755188048
1415545522512
2515057150288
1690423429456
2789935057232
2794230024528
1419120298592
1402744768160
2794499754384
1415897844320
2515409472096
1690775751264
2790287379040
2519419161248
1401671009680
2501182637456
1676548916624
1402744751504
1676817369680
2776328997456
1403013204560
2502524832336
1677891111504
2777402739280
1414555929168
2514067556944
2496803784096
1672170063264
2771681691040
1414472025504
2513983653280
1689349932448
1676751242640
2776262870416
1398650848608
2498162476384
1673528755552
2773040383328
1415830717792
2515342345568
1690708624736
2790220252512
1419908893280
2498147027360
1673513306528
2773024934304
1415815268768
1397360315024
1401923389776
2501435017552
1676801296720
2776312924496
1419103258960
2518614886736
1693981165904
2793492793680
1672506329424
2772017957200
1397292156320
1398366897504
2497878525280
1673244804448
2772756432224
1415546766688
1690424673632
1402661864800
2502173492576
1397560592032
2497072219808
2771950126752
1397309917600
2496821545376
1672187824544
2771699452320
1414489786784
2501182327120
1676548606288
2776060234064
1419120298384
2518631926160
1693998205328
2793509833104
1419857529232
2519369157008
2794582542752
1420125685152
1415897844112
2515409471888
1690775751056
2790287378832
2519637312928
1695003592096
2794515219872
1419841734048
2519353361824
1694719640992
2794231268768
1398365850272
2497877478048
1673243757216
2772755384992
1415545719456
2515057347232
1693913090448
1397377108560
2496888736336
1672255015504
2771766643280
1401672075856
2501183703632
1418851862160
2518363489936
1693729769104
2793241396880
2794231318160
1397308688016
2496820315792
1672186594960
2771698222736
1414488557200
2514000184976
1415882098320
2515393726096
1690760005264
2790271633040
2518362245472
2502239553888
1397645478304
2497157106080
1677622658464
2772035013024
1414825347488
2514336975264
2789214882208
1403013121680
2502524749456
1677891028624
2777402656400
2497140049312
1672506328480
2772017956256
1420126995808
1695004902752
2794516530528
1414808307296
2514319935072
1402930365840
2502441993616
1398634285664
2498145913440
1690508625488
1419840670352
2519352298128
1694718577296
2794230205072
1419119069840
2518630697616
1693996976784
2793508604560
1677874054496
2773091977872
1694786816352
2497877477008
1673243756176
2772755383952
1415545718416
2515057346192
1690423625360
2789935253136
2502172444304
1419103274656
2518614902432
1401671027296
2501182655072
1672254998096
2771766625872
1397377091152
1420193073504
1402996344480
2501366942112
2776244849056
1397360315040
2496871942816
1672238221984
2771749849760
1677824789136
2777336416912
1414540184224
2514051812000
1689418091168
2788929718944
2772840040864
1401940444560
2501452072336
1676818351504
2776329979280
1420125882720
2519637510496
1695003789664
2794515417440
2793492006560
2794315204256
2777319818912
1415613925728
2515125553504
1690491832672
2790003460448
1397308672400
2496820300176
1672186579344
2771698207120
1414488541584
1420109121104
2519620748880
1398634284624
2498145912400
1673512191568
2773023819344
1694987028048
2794498655824
1402929251920
2502440879696
2518564816544
2519687595680
1397308688032
2496820315808
1672186594976
2771698222752
1414488557216
2514000184992
1689366464160
2788878091936
1401603655328
1420192795040
2777051122016
1420125948576
2519637576352
1695003855520
2794515483296
1419925359264
2794298165856
2793223375520
1677806945888
1695070652000
1420177327712
1397561592144
2497073219920
1672439499088
2771951126864
2773024868688
1677539772752
1401856559440
1419924637280
2498145961376
1401671731872
1398433744288
2497945372064
1673311651232
2772823279008
1415613613472
2515125241248
1690491520416
2790003148192
1402728711584
2502240339360
1419925686608
2519437314384
2497962477904
2772840384848
2794315221328
1402745817424
2502257445200
1397628684960
2497140312736
1418835151456
2518346779232
1693713058400
2501116316048
1676482595216
2775994222992
1418784557456
2518296185232
1693662464400
2793174092176
2497157155488
1414758238816
2514269866592
1689636145760
2789147773536
2518362506832
1693728786000
1397376042576
2496887670352
1672253949520
2771765577296
2793240413776
1398433991248
1419103274384
2518614902160
1415882048912
2515393676688
1690759955856
2790271583632
2793224373648
1694786487696
2518630679904
1398702179680
2498213807456
1673580086624
2773091714400
1415882048864
2515393676640
1690759955808
2790271583584
1402997146976
2502508774752
1397644412320
2497156040096
1672522319264
2772033947040
1414824281504
2514335909280
1689702188448
2789213816224
1672505297504
2772016925280
1397627652432
2497139280208
1672505559376
1414807521616
2514319149392
1689685428560
2789197056336
1419052992848
2518564620624
1397578156368
2497089784144
1672456063312
2771967691088
1414758025552
2514269653328
1693930899792
2793442527568
1398701132448
1673579039392
1415881001632
2515392629408
1690758908576
2790270536352
1402996099744
2502507727520
1397308672416
2496820300192
1672186579360
2771698207136
1414488541600
2514000169376
1689366448544
2788878076320
1401603639712
2501115267488
1397560591952
2497072219728
1672438498896
2771950126672
1414740461136
2514252088912
1420108858784
2519620486560
1694986765728
2794498393504
1695054907792
1676482610848
2775994238624
1418784573088
2518296200864
1693662480032
2793174107808
1420108908176
2519620535952
1694802217360
1672186514000
2771698141776
1414488476240
2514000104016
1689366383184
2788878010960
1695055250784
2793425701216
2794582346080
1419908893072
2788861560416
1677874317712
2777385945488
1402678429088
1398450588048
2497962215824
1673328494992
2772840122768
1676466030944
2775977658720
1418767993184
2518279620960
1693645900128
2793157527904
1398366898528
2497878526304
1401855231392
2501366859168
1677824706192
2777336333968
1677605881488
2777117509264
2497157088672
1672523367840
2772034995616
1398449785184
2497961412960
1673327692128
2772839319904
1415629654368
2515141282144
1397578172000
2497089799776
1672456078944
2771967706720
1414758041184
2514269668960
1689635948128
2789147575904
1401873139296
2501384767072
1397578353312
2497089981088
1672456260256
1693998204496
2793509832272
2771967888032
1414758222496
2514269850272
1689636129440
2789147757216
1398701131408
1673579038352
1415881000592
2515392628368
1690758907536
2790270535312
1402996098704
2502507726480
2519420193184
1401872337232
2501383965008
1401671747920
2501183375696
1677891093856
2777402721632
1401856542048
2501368169824
1676734448992
2776246076768
1420110235296
2519621863072
1419120314016
1401603901008
2501115528784
2794313909856
1397360002464
2496871630240
1672237909408
2771749537184
1414539871648
2514051499424
1689417778592
2788929406368
1401654969760
2501166597536
1402661930656
1397292156560
2496803784336
2771681691280
1414472025744
2513983653520
2788861560464
1401587123856
2501098751632
1402677316000
2502188943776
1677555222944
2777066850720
2501383981472
2519688906336
2776261888416
1398634269088
2498145896864
1673512176032
1401671813776
2501183441552
1676549720720
2776061348496
2773023803808
1419840735584
2519352363360
2794230270304
2794498640464
2793492809376
1690507560272
2790019188048
1402744751440
2502256379216
2777134286160
1398449784144
1397292156576
2496803784352
2771681691296
2772033767072
1397578352272
2497089980048
1672456259216
2771967886992
1414758221456
2514269849232
1689636128400
2789147756176
1401873319568
2501384947344
1690490521184
2790002148960
2776262673808
1402678626656
2502190254432
1677556533600
2777068161376
1420109122208
2519620749984
1694987029152
2794498656928
1418850880160
2793509636704
2518362507936
1693728787104
2793240414880
2777386945120
2772839074464
1401855313504
2501366941280
1676733220448
2776244848224
2519621864032
2519352117584
1415813957968
2515325585744
1690691864912
2790203492688
1419035183440
2518546811216
1693913090384
2793424718160
2502190320288
1677556599456
1397561641360
2497073269136
1672439548304
2771951176080
1414741510544
2514253138320
1689619417488
2789131045264
1693661611680
1398383478176
2497895105952
1673261385120
2772773012896
1415563347360
1690441254304
2789952882080
1402678445472
2502190073248
1419857185104
2519368812880
1694735092048
2794246719824
1402677315920
2502188943696
1418767975760
2518279603536
1693645882704
1689366727056
2788878354832
1401603918224
2501115546000
1676481825168
2775993452944
1418783787408
2518295415184
1693661694352
2793173322128
2794298165648
1402728957600
1397645542736
2497157170512
2772035077456
1673597191504
2773108819280
1690508625232
2497878247072
1673244526240
2519370189392
1694736468560
1693644654160
2793156281936
2775976412752
1418766747216
1397291910736
2496803538512
1672169817680
2771681445456
1414471779920
2513983407696
2519420471696
1402930088544
2502441716320
1677807995488
2777319623264
1398651913568
2498163541344
1673529820512
2773041448288
1415831782752
2515343410528
1690709689696
2790221317472
1398652094880
2498163722656
1673530001824
2773041629600
1397560280480
1672522336864
2772033964640
2497071908256
1672438187424
2771949815200
1414740149664
1689618056608
2789129684384
2514268883280
1689635162448
2789146790224
1397577386320
2497089014096
1672455293264
2771966921040
1414757255504
1693930129744
2793441757520
1398635054688
2498146682464
1673512961632
2773024589408
1402930021984
2502441649760
1672253950624
1398650866336
2498162494112
1397561656992
2497073284768
2771951191712
1414741526176
2514253153952
2789131060896
1420193794448
2519705422224
1695071701392
2794583329168
2518613903760
2793424898640
1397560527440
2497072155216
1672438434384
2771950062160
1414740396624
2514252024400
1689618303568
2519688627616
1398382364256
2497893992032
1673260271200
2772771898976
1415562233440
2515073861216
1690440140384
2789951768160
1402677331552
2502188959328
2519637525920
2794515432864
1420125947536
2519637575312
1695003854480
2794515482256
1419925358224
2519436986000
2794314892944
1419925621408
1415613941152
2515125568928
1690491848096
2790003475872
1677807995280
2777319623056
1677555304848
2777066932624
1401940167056
2501451794832
1676818074000
2776329701776
2519435986576
2501383898528
1676750177696
2776261805472
1415545522528
2515057150304
1690423429472
2789935057248
1693981493584
2793493121360
1418850896208
1693728803152
1419119052128
2515343590800
1690709869968
2790221497744
1420126930320
2519638558096
1695004837264
2794516465040
1398652093840
2498163721616
2497140311696
1672506590864
2772018218640
2519352117600
1694718396768
2794230024544
2519621585312
1689636144720
2789147772496
1398650865296
2498162493072
1673528772240
2773040400016
2515342362256
2790220269200
1402945832592
2502457460368
1397377107296
2496888735072
2771766642016
1414556976480
2514068604256
2788946511200
1401672074592
1419103603104
2518615230880
1693981510048
2793493137824
1397376060064
2496887687840
2771765594784
1414555929248
2514067557024
2788945463968
1401671027360
2777336399200
1677874267488
2777385895264
2794246981216
2518346794656
1693713073824
2793224701600
1401587074640
2501098702416
1418851927696
1677875316384
1397628422496
2497140050272
1672506329440
2772017957216
1414808291680
2514319919456
1689686198624
2789197826400
1401923389792
1676548606304
2776060234080
2502508054176
2793174026592
1677874333344
2777385961120
1414539855248
2514051483024
1689417762192
2788929389968
2789935056208
1415545521488
1418834822544
2518346450320
1402660619600
1419840488784
2519352116560
1414488803920
2514000431696
1398365833616
1415545702800
2515057330576
1690423609744
2789935237520
2519353149088
2794313909648
1398450571920
2497962199696
1673328478864
2772840106640
1402745539216
2502257166992
1694803593872
2794565487200
1693913007712
2777051384400
1694785701472
2772823329120
1676466030992
2775977658768
1418767993232
2518279621008
1693645900176
2793157527952
1398366898576
2497878526352
1673580071504
1673244805520
2794247064224
1673327381072
2772839008848
2777066849888
2501383980640
2776261887584
2519419472480
2519638297184
2498147026336
2773024933280
1415815267744
2515326895520
1690693174688
2790204802464
2502441993632
1397628421456
2497140049232
1672506328400
2772017956176
1414808290640
2514319918416
1689686197584
2789197825360
1419103257936
2518614885712
1415814138192
2515325765968
1690692045136
2790203672912
1420109105488
2519620733264
1694987012432
2794498640208
1402945817248
2502457445024
1677823724192
2777335351968
2502173493920
2777051400864
2772018219680
1414555600208
2514067227984
2788945134928
1397375731024
2496887358800
1418850567504
2518362195280
1693728474448
1397627374224
2497139002000
1672505281168
2772016908944
1414807243408
2514318871184
1689685150352
2789196778128
1401922341520
2501433969296
1398365849248
2497877477024
1673243756192
1414740216416
2514251844192
1689618123360
2789129751136
1689434883664
2788946511440
1397377107536
2496888735312
1672255014480
2771766642256
1414556976720
2514068604496
1418851944016
2518363571792
1402677659296
2498213808800
1694718659168
2518345729376
2776261887376
1402947127904
2502458755680
1677825034848
2777336662624
1397645477280
2497157105056
1672523384224
2772035012000
1414825346464
2514336974240
1689703253408
2789214881184
1693661350304
2775977444768
1414471714128
2513983341904
2788861248848
1398634284640
2498145912416
1673512191584
2773023819360
1415814153824
2515325781600
1690692060768
2790203688544
1402929251936
1676800576160
1677892094624
1419908647312
2519420275088
1694786554256
2794298182032
1419840751008
2519352378784
1419103520160
2518615147936
1693981427104
2793493054880
1694718657952
2794230285728
1398382611104
1420109121168
2519620748944
2794498655888
1402996165280
1690758972832
2790270600608
1414758286752
2514269914528
1401604639312
2501116267088
1676482546256
1693662415440
2793174043216
2794297395552
2794516220256
1676466031008
2775977658784
1418767993248
2518279621024
1693645900192
2793157527968
1398366898592
1402947127696
2502458755472
1677825034640
2777336662416
2777068226192
2497962477920
1673328757088
1415546489168
2515058116944
1690424396112
1419925423456
2519437051232
1694803330400
2794314958176
1419102225760
2518613853536
1693980132704
2793491760480
1676532091296
2776043719072
1418834053536
2518345681312
2793223588256
2788879124896
1401604688288
2501116316064
1676482595232
2775994223008
1418784557472
2518296185248
1693662464416
2793174092192
1676548916832
2776060544608
1418850879072
2518362506848
1693728786016
2793240413792
1419925604768
2519437232544
1694803511712
2794315139488
1402945833296
2502457461072
1677823740240
2777335368016
1677807945056
2777319572832
1419102291616
2518613919392
1693980198560
2793491826336
2794247784032
1397644428880
2497156056656
1689685428576
1401873123680
2501384751456
2519687906912
2501367973536
1677555485328
2777067113104
2772839057824
1398701115792
2498212743568
1673579022736
2773090650512
1415880984976
2515392612752
1690758891920
2790270519696
1402996083088
2502507710864
1419924310368
2519435938144
2794313845088
1402930103968
2794583328416
2515142346064
2790020253008
1673328756048
2497962476880
1419908564576
2498214120080
1693711959440
2793223587216
1414539085200
2514050712976
1397359216016
2496870843792
1672237122960
2771748750736
1689416992144
2788879123856
1401604687248
2501116315024
1676482594192
2775994221968
1418784556432
2518296184208
2793174091152
2519437313696
2515125487184
1419908826704
2519420454480
1694786733648
2794298361424
1398449801872
2497961429648
1673327708816
2772839336592
1415629671056
2515141298832
1690507578000
2790019205776
1402744769168
2502256396944
1420177066656
2519688694432
1695054973600
1419924376224
2519436004000
1694802283168
2793224686176
1401671730768
2501183358544
1676549637712
2776061265488
1398450833760
2497962461536
2773108738640
1415545522576
2515057150352
1690423429520
2789935057296
1402660620688
2502172248464
1677538527632
2777050155408
2777402411680
2497140066976
2519420275296
2789197055312
1401922618704
2501434246480
1676800525648
2776312153424
1419102487888
1401873122640
1419052991824
2518564619600
1693930898768
2793442526544
1414758024528
2502440618656
2777318525600
1398701131424
1673579038368
1402996098720
2502507726496
2772771883680
2776262658720
1420193073744
2519704701520
1695070980688
2794582608464
1398718237264
2498229865040
1673596144208
2773107771984
1398383413584
1419052993120
1397577108112
2497088735888
1672455015056
2771966642832
2514268605072
1689634884240
2789146512016
1401872075408
2501383703184
1415562218080
2515073845856
1690440125024
2789951752800
2514268883552
2789146790496
1397308606032
2496820233808
1672186512976
2771698140752
1414488475216
2514000102992
1689366382160
2788878009936
1401603573328
2501115201104
1690692045408
2519419472272
2519638296976
1402930301536
2502441929312
1677808208480
2777319836256
1401672059488
1676549966432
2776061594208
2775994435152
2497961411936
2772839318880
1415629653344
2515141281120
1690507560288
2790019188064
1402744751456
1401873319584
1676801378976
1694803593616
1419052992912
2518564620688
1693930899856
2793442527632
1419102488976
2518614116752
1414741461584
2513983392080
1689349671248
2788861299024
1689619368528
1419036428880
1420193842592
1415562217872
2515073845648
1690440124816
2789951752592
2519705470368
1695071749536
2794583377312
2794297050768
1694786733408
2794313828704
2775976413600
2519369860752
2518278375840
2793156282784
1397561641376
2794566617424
1420177082704
2519688710480
1677823723152
2777335350928
2497073269152
1672439548320
1415563528528
2515075156304
1690441435472
2789953063248
1420109186400
2794498721120
1419119265120
2518630892896
1693997172064
1398382348640
1676466013536
2775977641312
1418767975776
2518279603552
1693645882720
2793157510496
2497893976416
1694786553424
2794298181200
1397308950944
2496820578720
1672186857888
2771698485664
1397377107360
2496888735136
1672255014304
2771766642080
1414556976544
2514068604320
1689434883488
2788946511264
1401672074656
2501183702432
2497895352928
1673261632096
2772773259872
1402678692448
2502190320224
1420192729504
2519704357280
1415563544992
2515075172768
1690441451936
2789953079712
2776262937232
1677824984416
2777336612192
1419924293280
2519435921056
2794313828000
1419119330976
2518630958752
1693997237920
2793508865696
2777135285920
1401872353632
2501383981408
2501435099552
1676801378720
2776313006496
1695055235488
1693929851296
1398650849680
2498162477456
1673528756624
2776246142352
1397561640336
2497073268112
1672439547280
2771951175056
1414741509520
2514253137296
1689619416464
2789131044240
1419036476816
1397560527456
2497072155232
1415814941024
2515326568800
1415814990416
2515326618192
1398382347600
2497893975376
1690440123728
2789951751504
1415562216784
2515073844560
1694735091024
2794246718800
1414825069136
2514336696912
1689702976080
2789214603856
1401603917200
2775993451920
1418783786384
2518295414160
1693661693328
2793173321104
2772756433296
1415546767760
2515058395536
2515058132576
1690424411744
2789936039520
1402678691408
2502190319184
2515075221072
1398383724112
2497895351888
1673261631056
2772773258832
1690441500240
1402677643616
2502189271392
1677555550560
2777067178336
1420194106016
2519705733792
2794583640736
2773107493216
2777386748512
2515326634656
1690692913824
2790204541600
1414825085600
2514336713376
2789214620320
2773041628576
2515140971104
2515343590816
1402947061152
1397577385296
2497089013072
1672455292240
1694988077392
2794499705168
1402930301264
2515326830928
2502441929040
2771966920016
1414757254480
1690693110096
2790204737872
1415815203152
2502457658016
1677823937184
2777335564960
1401653922464
2501165550240
1676531829408
2776043457184
1398650865312
2498162493088
1673528772256
2773040400032
1415830734496
2515342362272
1690708641440
2790220269216
1402945832608
2502457460384
1677538723488
1398434073248
2497945701024
1673311980192
2771950914208
2772823607968
1420192811616
1676733400656
2776245028432
1419036166752
2518547794528
1693914073696
2793425701472
1402728760992
2497156040016
1672522319184
2772033946960
1414824281424
2514335909200
1689702188368
1398718154064
2498229781840
1673596061008
2773107688784
1695071947360
1690692848224
1420176018016
1419924309328
2519435937104
1420108908960
2776244766112
1414539855264
2789935056224
1402660619616
2502172247392
1677538526560
2777050154336
1419840488800
2519352116576
1694718395744
2794230023520
1677891095200
1398365833632
1397377091920
2496888719696
2771766626640
1414556961104
2514068588880
2788946495824
1418851928400
2518363556176
1419036166544
2518547794320
1693914073488
2793425701264
2497962199712
2772840106656
1420177016224
2519688644000
1695054923168
2794566550944
1401671797408
1677538510160
1693930129808
1419924375184
1694802282128
2794313909904
1694988125536
2794515220832
1676817090960
2776328718736
2501435016544
1397644233120
1672522140064
2498145896800
1673512175968
2773023803744
1415814138208
2515325765984
1690692045152
2790203672928
1402929236320
2502440864096
1401923388832
2501435016608
1676801295776
2776312923552
2777318524560
2771765265760
1414555600224
2514067228000
2788945134944
1401670698336
2501182326112
1676548605280
1418834117984
2518345745760
1693712024928
2793223652704
1397627374240
2497139002016
1672505281184
2772016908960
1414807243424
2793442526800
1689618368080
2789129995856
1677807208016
1676549981792
1673243739536
2772755367312
1402660799888
2502172427664
2777050334608
1415545701776
2515057329552
1690423608720
2789935236496
1419907582368
2519419210144
1397375976800
2496887604576
1672253883744
1420175952528
2519687580304
1695053859472
2794565487248
2794566863504
1693931161952
1415830719120
2515342346896
1690708626064
2790220253840
2777051465056
1677891832160
2794246784608
1419053008544
2518564636320
1693930915488
2793442543264
2498163722832
2773041629776
1693931096656
2793442724432
1401672058448
2501183686224
1676549965392
2777067194016
1672170866256
2771682494032
1420126751072
1402745817440
2519621781088
1402745473440
1677623380384
1401940511136
2501452138912
1676818418080
2519369090656
1673580333472
2497155859856
1402929235280
2502440863056
1677807142224
2777318770000
1420109104464
2519620732240
1415814137168
2515325764944
1690692044112
2790203671888
1418783508832
2518295136608
1693661415776
2793173043552
2776044750496
1403013973584
2502525601360
1677891880528
2777403508304
1415898875472
2515410503248
1690776782416
2790288410192
1420193842768
2519705470544
2515343657552
1420192728672
2519704356448
1695070635616
1397627373200
2497139000976
1672505280144
2772016907920
1414807242384
2514318870160
1689685149328
2789196777104
1401922340496
1676482546272
2775994174048
1418784508512
2518296136288
1693662415456
2793174043232
2502240339616
2497895106208
1397376763536
2496888391312
2771766298256
1414556632720
2514068260496
2788946167440
1420177279648
2519688907424
1695055186592
2773107444320
2790221580960
2514051566240
1689417845408
2788929473184
1673579088464
2515392873888
1414740461904
2514252089680
1693930113360
2793441741136
2498213071184
2773090978128
1673260583248
2772772211024
2502172510880
1401923652256
2501435280032
1676801559200
2776313186976
2777050417824
1398365898336
2794231335584
2777402673824
1673579104928
2773090732704
1397578418848
2497090046624
1672456325792
2771967953568
1419053206112
2518564833888
1693931113056
2793442740832
1397578173072
2497089800848
1672456080016
2771967707792
1414758042256
2514269670032
1689635949200
2501384768144
2501383965344
1397292157280
2496803785056
2771681692000
1414472026464
2513983654240
2788861561184
1401587124576
2501098752352
2497140329120
1402727713360
2502239341136
1677605620304
2777117248080
1690490522192
2790002149968
1415612615248
1418784507472
1693662414416
1693981231712
1397309917792
2496821545568
2519353346448
1672187824736
2771699452512
1414489786976
2514001414752
1689367693920
2788879321696
1401604885088
1676733155936
1402745555552
2502257183328
2777135090272
1415880984992
2515392612768
1690758891936
2790270519712
1402996083104
2497962476896
1673328756064
2772840383840
1415630718304
2515142346080
1690508625248
2790020253024
1402745816416
2502257444192
1398702492320
2498214120096
1676532090272
2776043718048
1418834052512
2518345680288
1693711959456
2793223587232
1694785686176
1672187626912
2771699254688
1414489589152
2514001216928
1689367496096
2788879123872
1401604687264
2501116315040
1676482594208
2775994221984
2518564833680
1693931112848
2793442740624
1397292960080
2496804587856
1672170867024
2771682494800
1414472829264
2513984457040
1689350736208
2788862363984
2497961429664
1673327708832
2772839336608
2519705683360
1695071962528
1419858496160
1420194104976
2519705732752
2794583639696
1397376763552
2496888391328
2771766298272
1414556632736
2514068260512
1415815005840
1397292157328
2496803785104
1672170064272
2771681692048
1414472026512
2513983654288
1689349933456
2788861561232
1401587124624
2501098752400
1402745555344
2502257183120
1677623462288
2777135090064
1397627651424
2497139279200
1672505558368
2772017186144
1414807520608
2514319148384
1689685427552
1401922618720
2789147559264
1402677659040
1677823936144
2777335563920
1397292157344
2496803785120
1672170064288
2771681692064
1414472026528
2513983654304
1689349933472
2788861561248
1401587124640
2501098752416
1398718237280
1398701114768
2498212742544
1673579021712
2773090649488
2789935040848
1415880983952
1398383413600
2497895041376
1673261320544
2772772948320
1415563282784
2515074910560
1690441189728
2789952817504
1402678380896
2502190008672
2514268605088
2789146512032
1401872075424
2501383703200
1398702491280
2498214119056
1673580398224
2773092026000
1415882360464
2515393988240
1690760267408
2790271895184
1402997458576
2502509086352
1419924621728
2519436249504
1694802528672
2794314156448
1420192991888
2519704619664
1695070898832
2794582526608
1414808291744
2514319919520
2497961428624
2772839335568
1415629670032
2515141297808
1690507576976
2790019204752
1402744768144
2502256395920
1677806962016
2777318589792
1402678363808
1676817040736
2776328668512
1418783509072
2518295136848
1693661416016
2793173043792
2519368878672
1397577108048
2497088735824
1672187905616
2771699533392
1402929236384
2502440864160
1677807143328
2777318771104
1402728696464
2502240324240
1677606603408
2777118231184
1676801641104
2776313268880
1402660800160
1398651914640
2498163542416
1673529821584
2773041449360
1415831783824
2515343411600
1690709690768
2790221318544
1397561592416
2497073220192
1672439499360
2771951127136
1414741461600
1401939199648
2515058461024
1690424740192
1398718236240
2498229864016
1673596143184
2773107770960
1403013203536
2502524831312
1677891110480
2777402738256
1415898105424
2515409733200
1673261319504
2772772947280
2514068589136
1397577107088
2497088734864
1672455014032
2771966641808
1414756976272
2514268604048
1689634883216
2789146510992
1401872074384
2501383702160
2498146683536
2502441731744
1677891815776
2777403443552
2497893993104
1676466030224
2772771900048
2789147576928
1689434884768
2788946512544
2777135007328
2501452138080
1676818417248
2776330045024
2498214053472
1673580332640
2773091960416
1403013974688
2502525602464
1677891881632
2777403509408
1695054120608
2794247768736
2514051499600
2794314089872
2771765511568
1420192990608
2519704618384
1397375976848
1420125637200
1672439498320
2771951126096
1414808373856
2514320001632
1397308672608
2496820300384
1672186579552
1419858314640
1676818417040
2776330044816
2502440946272
2777318853216
1401939397216
1676817304160
1420109892192
1672454948240
1398650849696
2498162477472
1673528756640
1419857201760
1397561640352
2497073268128
1672439547296
2771951175072
1414741509536
2514253137312
1689619416480
2789131044256
1401856607648
2777335285152
1398382347616
2497893975392
1673260254560
2772771882336
1415562216800
2515073844576
1690440123744
2789951751520
2502188942688
2501115544992
1676481824160
1673244805536
1419907598752
1398383724128
2497895351904
1673261631072
2772773258848
1415563593312
2515075221088
1690441500256
2789953128032
1402678691424
2502190319200
1418783524256
2518295152032
1693661431200
2793173058976
1676464965280
1420177278608
2519688906384
1695055185552
2794566813328
2515057067424
1690423346592
1414740477344
2514252105120
1689618384288
2789130012064
2518614951248
2793492858192
1397291894112
2496803521888
1672169801056
2771681428832
1414471763296
2513983391072
1689349670240
2788861298016
1401586861408
1677807225232
1676817303952
2776328931728
1402946078096
2502457705872
1401653970320
2501165598096
1419051943312
2518346451280
1693712730448
2793224358224
1398433728848
2497945356624
1673311635792
2772823263568
1415613598032
2515125225808
1690491504976
1397291894176
1401923651216
2501435278992
1676801558160
2776313185936
2496803521952
1676465030800
2775976658576
1418766993040
2518278620816
1693644899984
2793156527760
2777403705760
1676751226272
1673579103888
1398650848656
2498162476432
1673528755600
2773040383376
1402945815952
2502457443728
1677823722896
2777335350672
1415830717840
2515342345616
1397360002656
2496871630432
1672237909600
2771749537376
1414539871840
1397375976864
2496887604640
1672253883808
2771765511584
2514067473824
2788945380768
1401670944160
2501182571936
1677538773584
2777050401360
1397627701840
1402661864848
2502173492624
1677539771792
2777051399568
1402946815392
1402727990688
1419035101600
2518546729376
1693913008544
2793424636320
1420126669456
2519638297232
1695004576400
2794516204176
1419907844752
2519419472528
1401604885136
2501116512912
2777335629152
1415830932112
2515342559888
1690708839056
2790220466832
1401587124832
2771950143136
2777118574240
2794499507872
1414740198992
1418851879264
2519420192352
2513983391328
2788861298272
1401586861664
2501098489440
2518615230048
2502257363600
2777135270544
2777319834960
1402930300240
2502441928016
1677808207184
2772756171408
1419036412256
2518548040032
1693914319200
2793425946976
1397291894416
2496803522192
1672169801360
2771681429136
1414471763600
2513983391376
1689349670544
2788861298320
2794516203168
2777135269536
2794297378464
1397291894432
2496803522208
1672169801376
2771681429152
1414471763616
2513983391392
1689349670560
1397628438160
2497140065936
1672506345104
2772017972880
1414808307344
2514319935120
1689686214288
2789197842064
1414488491344
2514000119120
1689366398288
2788878026064
1402660554064
2502172181840
2498145913488
1673512192656
2773023820432
1415814154896
2519370188448
1419036478112
2794582526560
2518548105888
1693914385056
2793426012832
2777118231136
2777133976144
2502256069200
1677622348368
1676464719200
2775976346976
1418766681440
2518278309216
1693644588384
2793156216160
1398365586784
1673243493728
1677807142496
2777318770272
1397292157584
2496803785360
2771681692304
1414472026768
2513983654544
2788861561488
1401587124880
2501098752656
1397359987040
2496871614816
1672237893984
2771749521760
1414539856224
2514051484000
1689417763168
2788929390944
2501166582112
1414472025760
2513983653536
2788861560480
1401587123872
2501098751648
1676465030816
2775976658592
1418766993056
1677824968096
1402997148320
2502508776096
1677875055264
2777386683040
1676801296032
1397292157600
2496803785376
2771681692320
1419035183712
2518546811488
2793424718432
1415630440096
2515142067872
1690508347040
2790019974816
1402745538208
2502257165984
2501182376608
1414825413216
2514337040992
1689703320160
2789214947936
1397309917856
1672187824800
2771699452576
1415613680208
2515125307984
1398433811024
2497945438800
1673311717968
2772823345744
1690491587152
2790003214928
1402728778320
2502240406096
1676548917904
2776060545680
2518362507920
1693728787088
1695071750752
2518346795408
1401873074784
2501384702560
1676750981728
2776262609504
2497155859872
1398634268000
1673512174944
1415612564880
2515124192656
1690490471824
2790002099600
1420176016720
2519687644496
1402996360528
2502507988304
1677874267472
1693711959376
2793223587152
1693644588368
2793156216144
1418766681424
2794582264224
1415546832208
2515058459984
1690424739152
2789936366928
2794565831264
2514318870176
1689685149344
2789196777120
1397644479056
2497156106832
1672522386000
2772034013776
1414824348240
2514335976016
1689702255184
2789213882960
1401939446352
2501451074128
2793174026576
2514001152336
2788879059280
2771681379744
1415630375312
2515142003088
1690508282256
2790019910032
2519687660960
2793442788768
1695053940128
2794565567904
2502525535568
1690440385952
2793441741152
2794231073120
1397293204816
2496804832592
1676749931872
1676750981520
2776262609296
1419841456464
2519353084240
2794230991184
1403013973648
2502525601424
1677891880592
2777403508368
1398702179728
2498213807504
1673580086672
2773091714448
1402997147024
2502508774800
1420177343840
1397578173088
2497089800864
2771967707808
1414758042272
2514269670048
1689635949216
2789147576992
1401873140384
2501384768160
1398432746080
2497944373856
1673310653024
1419841472928
1419052140960
2518563768736
1693930047904
2793441675680
1694719379872
1677824771408
2777336399184
1414489589072
2514001216848
1689367496016
2788879123792
2519369925968
1694736205136
2794247832912
1676482594128
1694719429264
2794231057040
1693729507984
2793241135760
1397308672656
2496820300432
1672186579600
2771698207376
1693729573200
2793241200976
2519688694096
2794566601040
1397560592720
2497072220496
2771950127440
1676801623392
2776313251168
2515057412752
1690423691920
2789198088848
2789935319696
1397291895136
2496803522912
1672169802080
2771681429856
1414471764320
2513983392096
1689349671264
2518295332512
1690507577696
1401939396176
2501451023952
1676817303120
2776328930896
1415813940896
2515325568672
1690691847840
2790203475616
1401586862480
2501098490256
2519621584480
1402744490400
2502256118176
1677622397344
1403012860560
2502524488336
2777402395280
2519368894048
1420126734688
2519638362464
2794516269408
1695054137696
2794565765472
2498146962000
1401856559696
2501368187472
1676734466640
2776246094416
1402930301520
1415546767952
1402744752528
2502256380304
1419035100768
2518546728544
1397578172048
2497089799824
1672456078992
2771967706768
1414758041232
2514269669008
1689635948176
2789147575952
1401873139344
2501384767120
1398432745040
1673310651984
1402727712336
2502239340112
1677605619280
2777117247056
1694986816160
1402745801056
2502257428832
2777135335776
2776312138080
1420176296608
2519687924384
1695054203552
2793491810912
1403014171216
2502525798992
1677892078160
2777403705936
1693712025184
2794583329376
1693930849888
1398652160592
2498163788368
1673530067536
2773041695312
1419840735824
2519352363600
1419036478032
2518548105808
1693914384976
1397291895392
1672169802336
1414471764576
2513983392352
1689349671520
2788861299296
1398701114784
2498212742560
2518614116960
2519437314656
1420193057104
2519704684880
2794582591824
1398718220624
2498229848400
1673596127568
2773107755344
1403013187920
2502524815696
1397360002704
2496871630480
1672237909648
2771749537424
1414471764624
2513983392400
1689349671568
2788861299344
1401586862736
2501098490512
1398702491296
2498214119072
1673580398240
2773092026016
1415882360480
1397291895456
2496803523232
1672169802400
2771681430176
1414471764640
2513983392416
1689349671584
2788861299360
1401586862752
2501098490528
1419857185376
2519368813152
1694735092320
1676465833296
1397292959056
2496804586832
1672170866000
2771682493776
1401587926352
1419052223072
2518563850848
1693930130016
2793441757792
1398449800864
2497961428640
1673327707808
2772839335584
1397309719904
2496821347680
1672187626848
2771699254624
1414489589088
2514001216864
1689367496032
1415814138464
2515325766240
2497140132512
1397308672672
2496820300448
1672186579616
2771698207392
1414488541856
2514000169632
1689366448800
2788878076576
1401603639968
2501115267744
2776245880160
2777118573920
2518363228560
1398651914656
2498163542432
1673529821600
2773041449376
1415831783840
2515343411616
1690709690784
2790221318560
1419036411216
2518548038992
1693914318160
2793425945936
1419036412240
2518548040016
1693914319184
2793425946960
2771951110480
1397561575760
2497073203536
1401856543056
2501368170832
1676734450000
2777050334624
2497895040352
2772772947296
1415563281760
2515074909536
1690441188704
2789952816480
2502190007648
1397293156960
2496804784736
1672171063904
2771682691680
1414473026144
1397577107104
2497088734880
1672455014048
2771966641824
1414756976288
2514268604064
1398635055776
2498146683552
1690708576928
1419857185168
1419052222864
2518563850640
2771698420048
2514000382288
1689366661456
2788878289232
1401603852624
2501115480400
1676481759568
2775993387344
1418783721808
1397560347216
2497071974992
1695071750544
1419858299552
1676466030240
2775977658016
1418767992480
2518279620256
1693645899424
2793157527200
1418850568528
2518362196304
1693728475472
1414824036688
2514335664464
2789213571408
2794314090128
1419036477072
2518548104848
1693914384016
2793426011792
1673310930256
1690490472016
2790002099792
1398717908560
2498229536336
1673595815504
2773107443280
1414824101520
2514335729296
1689702008464
2789213636240
1397359987088
2496871614864
1672237894032
2771749521808
1414539856272
2514051484048
1689417763216
2788929390992
1401654954384
2501166582160
1402728777120
1677606684064
1694736402768
2794248030544
1397360002720
2496871630496
1402997147280
2502508775056
1677875054224
2777386682000
1676464719456
2775976347232
1418766681696
2518278309472
1693644588640
1398365587040
2497877214816
2771949880736
2773041448336
1415831782800
2515343410576
1690709689744
2790221317520
1402946880912
2502458508688
1397561591392
1414741460576
2519437035936
1398635054736
2498146682512
1673512961680
2773024589456
1419858512288
2519370140064
2777117182288
1419858561680
2519370189456
2501434313040
1694736468624
1419035363984
2518546991760
1693913270928
2793424898704
2794248096400
1415898827168
2515410454944
1694986815840
1690776734112
2790288361888
1415898876560
2515410504336
1690776783504
1398382364304
2497893992080
1673260271248
2772771899024
1415562233488
2515073861264
2789951768208
2502188959376
2793174107744
2515142018720
2790019925664
2497945373328
1420109121888
1677605570976
2777117198752
2519705749088
2497156827552
1672523106720
2772034734496
1420109908320
2519621536096
2794499443040
1418851666272
2518363294048
1693729573216
2793241200992
1694736222624
1420109957712
2519621585488
2794499492432
1419857267280
1694735174224
2518631664208
2794246802000
1419035183696
2518546811472
1693913090640
2793424718416
2793509652128
1420125636176
2519637263952
1695003543120
2794515170896
1398650799696
2498162427472
1673528706640
2773040334416
1402945766992
2519637509792
2502173214368
1397375732064
2496887359840
2771765266784
1414555601248
2514067229024
2788945135968
1401670699360
2501182327136
1676464719520
2775976347296
1418766681760
2518278309536
1403012925792
2502524553568
1677890832736
2777402460512
1402728974688
2502240602464
1677606881632
1676734187872
2776245815648
2777118509408
1420109974176
2519621601952
2794499508896
1419120052896
2518631680672
1693997959840
2793509587616
1398719284816
1673597191760
2794315220560
1401940510288
2501452138064
1676818417232
2776330045008
1403014252112
2501115267664
1676481546832
1397359987104
2496871614880
1672237894048
2771749521824
1414539856288
2514051484064
1419858578064
1677622396512
2777134024288
2777117459872
1398650848672
2498162476448
1673528755616
2773040383392
1415830717856
1690708624800
2790220252576
1402945815968
2502457443744
1420108925264
2519620553040
1694986832208
2794498459984
1398634088784
2498145716560
1673511995728
2773023623504
2502440683856
1402729040544
2502240668320
1677606947488
1401856346784
2501367974560
1676734253728
2776245881504
1401603656352
2501115284128
1676481563296
2775993191072
1677891815072
1398366897568
2497878525344
1673244804512
2772756432288
1415546766752
2515058394528
1690424673696
2789936301472
1402661864864
2502173492640
2794297068192
2793441674640
2496887359888
1672253639056
2771765266832
1414555601296
2514067229072
1689433508240
2788945136016
1401670699408
1676548606352
1415630375504
1419925342800
2519436970576
1694803249744
2794314877520
1398450506320
2497962134096
1676549982864
2776061610640
1418851945104
2518363572880
1693729852048
2793241479824
2776330044768
1418834052496
2501165811088
2776043718032
1676482873952
2775994501728
1398635332960
2498146960736
1673513239904
2773024867680
1415815202144
2515326829920
1690693109088
1397644167504
2497155795280
2772033702224
2501435033248
1677538527840
2777050155616
1419120380496
2518632008272
1693998287440
2793509915216
1397645544016
2497157171792
1672523450960
2772035078736
1414825413200
2514337040976
1420126750112
2519638377888
2794516284832
1398450833744
2497962461520
1673328740688
1402745801040
1420176295568
2519687923344
1695054202512
2794565830288
2793240152416
2776244767072
1401672074848
2501183702624
1402745816480
1677623723424
1401873122720
1397645281680
2497156909456
1672523188624
2772034816400
1403014186640
2502525814416
1677892093584
2777403721360
1676800575120
2776312202896
1693728736848
1676549965152
2776061592928
1418851927392
2518363555168
1693729834336
2793241462112
2771951126944
1419052222032
2518563849808
1693930128976
2793441756752
1402678429072
2502190056848
1677556336016
2777067963792
2773041431952
1401873122704
1398433811040
1673311717984
2502240406112
1398634284688
2498145912464
1673512191632
2773023819408
1415814153872
2515325781648
1690692060816
2790203688592
1402929251984
2502440879760
1420125637024
2519637264800
1695003543968
2794515171744
2519637314192
2794515221136
1419841735312
2519353363088
1694719642256
2794231270032
1415613680032
2515125307808
1689702255008
1690491586976
2790003214752
2794247850640
1677875119456
1420109891232
1415882050192
1690759957136
2790271584912
2519621519008
2794499425952
1419857200800
2519368828576
1694735107744
2794246735520
1401654183328
2501165811104
1414555911840
2514067539616
2793492874912
1402997393824
2502509021600
1677875300768
2777386928544
1677622610336
2777134238112
1676749916576
2776261544352
1677622659728
2777134287504
1676466031248
2775977659024
1418767993488
2518279621264
1693645900432
2793157528208
1398366898832
2497878526608
1673244805776
2772756433552
1397644479072
2497156106848
1672522386016
2772034013792
1414824348256
1672506329744
2772017957520
1676482529632
2775994157408
2518296119648
2793224424016
2794565502624
1402745817488
2519370139232
1694736418400
1397377091936
2496888719712
2771766626656
1414556961120
2514068588896
2788946495840
2501183687008
1414807307872
2514318935648
1689685214816
2789196842592
2519638312608
2519419487904
1419908646480
2519420274256
1676548916880
2776060544656
1418850879120
2518362506896
1693728786064
2793240413840
1398433991312
2497945619088
1673311898256
2772823526032
1415613860496
1676751227232
2776262855008
1677874006368
2777385634144
1420127013536
2519638641312
1695055234656
2793425685088
1695004920480
1402996148816
2502507776592
1677874055760
2777385683536
2793224440480
2794298378848
1694802544224
2773040400736
1677605570144
2777117197920
1419858315936
1398702179744
2498213807520
1673580086688
2773091714464
1673513027168
2773024654944
1690759955872
2790271583648
2777403787600
1420194122064
2519705749840
1690777061712
1398719285584
2498230913360
1673597192528
2773108820304
2790288689488
1403014252880
1397627652496
2497139280272
1672505559440
2772017187216
1414807521680
2514319149456
1689685428624
2789197056400
1397578156432
2497089784208
1672456063376
2771967691152
1414758025616
2514269653392
1689635932560
2789147560336
1401873123728
2501384751504
1690441172640
2772035062432
1397309719968
2496821347744
2789213881936
1419119314512
2518630942288
1693997221456
2793508849232
1420177263184
2519688890960
1695055170128
2777386928720
1418784490832
2518296118608
1693662397776
2793174025552
1414489523536
2514001151312
1689367430480
1677555565984
1690776733072
2790288360848
1402744703568
2502256331344
1677622610512
2777134238288
2497961364048
2772839270992
1676481481360
2775993109136
1418783443600
2518295071376
1693661350544
2793172978320
1677875382880
2777387010656
1676749998688
2776261626464
2497156826512
2772034733456
1418851665232
2518363293008
1693729572176
2793241199952
1398449785248
2497961413024
1673327692192
2772839319968
1415629654432
2515141282208
1690507561376
2790019189152
1402744752544
2502256380320
1397578172064
2497089799840
2771967706784
1414758041248
2514269669024
1689635948192
2789147575968
1397375732112
1414756911696
2514268539472
1689634818640
2789146446416
1398432745056
2497944372832
1673310652000
2772822279776
1415612614240
2515124242016
1415629392272
2515141020048
1690507299216
2790018926992
1418851681696
2518363309472
1693729588640
2793241216416
2501367907664
1401856279888
1676734186832
2776245814608
1420109973136
1401856363168
1673261647184
1677875382672
2777387010448
1403012941216
2502524568992
1677890848160
2777402475936
1401856296352
2501367924128
1676734203296
2776245831072
2794230008144
1401856345744
2501367973520
1676734252688
2776245880464
2794298100128
2788862544288
2518279604640
2793157511584
1415629653392
1689416975952
1419924620688
2788928603728
1398449784208
1419103259040
2518614886816
1693981165984
2793492793760
2793240103328
2794230024608
1420108860048
2794498394768
1418850618000
2518362245776
1693728524944
2793240152720
1414758025632
2514269653408
1689635932576
2789147560352
1398635317584
2498146945360
1673513224528
1398382627152
2497894254928
1673260534096
2772772161872
1415899089552
2515410717328
1690776996496
2790288624272
1677892158816
1420126930592
1418834822816
1693712729760
2776313185888
2793224357536
1397561575776
2497073203552
1672439482720
2771951110496
1414741444960
2514253072736
1689619351904
2789130979680
1401856543072
2501368170848
1414472828240
2513984456016
1689350735184
2788862362960
1415546570064
2515058197840
1690424477008
1420193056080
2519704683856
2794582590800
1676733139600
2776244767376
2775976413840
1690424412752
1398365653648
2497877281424
1673513290384
2773024918160
1419841800544
2519353428320
2794231335264
2497157089936
1672523369104
2772034996880
2519621798480
1420110170704
2794499705424
1397375732128
2496887359904
1672253639072
2771765266848
1414555601312
2514067229088
1689433508256
2788945136032
1401670699424
2501182327200
1420125636192
2519637263968
1695003543136
2794515170912
1689350736464
1398382348688
2497893976464
1673260255632
2772771883408
1690491586144
2790003213920
2771766642320
1401672074896
2501183702672
1398383725200
2497895352976
1673261632144
2772773259920
1415563594384
2515075222160
1690441501328
2789953129104
1418851945120
2518363572896
1693729852064
2793241479840
1676734450256
2776246078032
1415613860512
2515125488288
1690491767456
2790003395232
1402997392992
2502509020768
1398634089040
2498145716816
1673511995984
2773023623760
1677875299936
2501383636576
2776261543520
1677622609504
2777134237280
1695071701664
1398651913632
2498163541408
1673529820576
2773041448352
1415831782816
2515343410592
2790221317536
1402946880928
2502458508704
2790220187984
1420125620560
1414741443920
2514253071696
1689619350864
2789130978640
2519637248336
1695003527504
2794515155280
1401856542032
2501368169808
1676734448976
2497089014160
1672455293328
2771966921104
1414757255568
2514268883344
1689635162512
2789146790288
1401872353680
2501383981456
1677606864544
1398635054752
2498146682528
1673512961696
2773024589472
1415814923936
2515326551712
1690692830880
2790204458656
1402930022048
2502441649824
2790221564496
1415832029776
1414740215376
2514251843152
1689618122320
1397560346192
2497071973968
1419103341152
2518614968928
1401855494800
2501367122576
2794582329744
1398382364320
1415612566112
2515124193888
1690490473056
2790002100832
2497893992096
1673260271264
2772771899040
2519637247328
1398366700896
2497878328672
1673244607840
2772756235616
1693712745808
1418834838864
2518346466640
2772755188384
1415545522848
2515057150624
1690423429792
2789935057568
1402660620960
2502172248736
2794566534560
1398650799712
2498162427488
1673528706656
2773040334432
1415830668896
2515342296672
1690708575840
2790220203616
1402945767008
2502457394784
2794313844128
1673580137120
1398365653408
2497877281184
1673243560352
2772755188128
1415545522592
1690423429536
1402660620704
1397377091984
2496888719760
1672254998928
2771766626704
1414556961168
2514068588944
2788946495888
1401672059280
2501183687056
1419103340944
2518614968720
1693981247888
2793492875664
2788878354848
1694718313888
2794229941664
1418834889296
2518346517072
1693712796240
1397628422560
1398634088800
1673511995744
1415813957984
2515325585760
1690691864928
2790203492704
1402929056096
2502440683872
1694735419728
2794247047504
1402996164240
2788878338640
1677874071184
2515125504336
1690491783504
2790003411280
2514252810576
2789130717520
1419841717600
2788878027088
2519353345376
1419120117088
2518631744864
1693998024032
2793509651808
1676548606368
2776060234144
1418850568608
2518362196384
2790018926160
1398450506336
2497962134112
1673328413280
2772840041056
1415630375520
2515142003296
1690508282464
2790019910240
2519621798304
1415545521552
2515057149328
1419840488848
2772755187088
1694718395792
1419120298400
2518631926176
1693998205344
2793509833120
1420125899408
2519637527184
1695003806352
2794515434128
1415897844128
2515409471904
1690775751072
2790287378848
1419841783456
2519353411232
1401872090704
1415882098336
1397644167520
2497155795296
2515409472144
2772033702240
1414824036704
2514335664480
2789213571424
1401939134816
2519437231712
1402661603984
2502173231760
2501383899792
1676750178960
2776261806736
2777051138704
1397645544032
1676801295760
2776312923536
1414808290704
2514319918480
1689686197648
2789197825424
2790203491664
1694986831184
1419119004000
2518630631776
1398634269072
2498145896848
1673512176016
2773023803792
1415814138256
2515325766032
1690692045200
2790203672976
1402929236368
2502440864144
2794231056032
2777402394272
2514068588960
1689434868128
2788946495904
1398719007376
2498230635152
1676548605328
2776060233104
2788945134992
1419103258208
2518614885984
1693981165152
2793492792928
1414807520864
2514319148640
1689685427808
2789197055584
1415630374480
2515142002256
2790019909200
1419925341776
2519436969552
1694803248720
2794314876496
1676549981840
2776061609616
1677824723296
2777336351072
1677605898592
2519352298144
2794297379424
1419119069856
2771966839392
2518630697632
2502458493520
2777385896528
1397644412496
2497156040272
1672522319440
2772033947216
1414824281680
2514335909456
1689702188624
2789213816400
1401939379792
2501451007568
2790002428576
2519420471968
2502190007904
2777067914848
2519370189408
1397644166480
2497155794256
2772033701200
1414824035664
2514335663440
2789213570384
1419119002960
2518630630736
1414825412176
2514337039952
1689703319120
2789214946896
1415613663568
2515125291344
1690491570512
2790003198288
1397645542992
2497157170768
1419103258000
2518614885776
1418850567568
2518362195344
1693981164944
2793492792720
1693728474512
2793240102288
1419925342816
2519436970592
1694803249760
2794314877536
1414758024592
2514269652368
1415882295904
1690760202848
2790271830624
1689634818656
2789146446432
2775994174096
2773024867728
2794231334224
1418851878224
2518363506000
1693729785168
2793241412944
1398450850208
2497962477984
2772840384928
1415630719392
2515142347168
1690508626336
2790020254112
1402745817504
2502257445280
1673260518048
1401873074768
2501384702544
1414757976656
2514269604432
1689635883600
2789147511376
1419052943952
2518564571728
2497945437792
2772823344736
1415613679200
2515125306976
1415882295696
2515393923472
1690760202640
2790271830416
1419857446304
1694735353248
2794246981024
2775977706832
1689417058896
1397359282768
2496870910544
1672237189712
2771748817488
1414539151952
2794248112480
2496887424336
1672253703504
2771765331280
1397375977056
2496887604832
1672253884000
2771765511776
1414555846240
2514067474016
1689433753184
2788945380960
1401670944352
2501182572128
2518362261856
1403014252896
1397627652512
2497139280288
1672505559456
2772017187232
1414807521696
2514319149472
1689685428640
2789197056416
1397628766544
2497140394320
1672506673488
1401923733840
1676533205328
1403013203600
2502524831376
2777402738320
1420108842336
1415881001296
2515392629072
2519620470112
2794498377056
1676482528608
2775994156384
1418784490848
2518296118624
1693662397792
2514001151328
1689367430496
2501116249440
2519436200544
2794314107488
1397308607136
2496820234912
1672186514080
2771698141856
1689366383264
2788878011040
1690440451728
1414741263760
2514252891536
1689619170704
2789130798480
1401856361872
2497878328720
1673244607888
2772756235664
2789936104848
1402661668240
2771748488864
1398449735248
2497961363024
1673327642192
2772839269968
2788878010000
1401603573392
2501115201168
2772018301280
1414808635744
2514320263520
1689686542688
2789198170464
1401923733856
2501435361632
1418835167584
2518346795360
1398702508384
1693929784912
2793441412688
2497071909200
2771949816144
1414740150608
2514251778384
1402660555088
2502172182864
2519352052048
1401587926432
2501099554208
1676465833376
1398635136416
1694718331232
2794229959008
1693996910944
2498145651040
2773023557984
1415813892448
2515325520224
1690691799392
2790203427168
1420175968608
2771682674080
1414473008544
2513984636320
1694736468640
2794248096416
1689349686944
2788861314720
2775976412832
1418766747296
2518278375072
1693644654240
2793156282016
1398365587856
1673243494800
2497961101712
1673327380880
2772839008656
1419907533200
2519419160976
1694785440144
2794297067920
1397644167568
1420193778000
2519705405776
2794583312720
1690691847760
1397308884320
2496820512096
2793424717408
1672186791264
2771698419040
1414488753504
2514000381280
1689366660448
2788878288224
1401603851616
1414488540512
2514000168288
1689366447456
2788878075232
1401922357664
2501433985440
1676800264608
2776311892384
2519704373664
1673327380896
2772839008672
1415545457056
2515057084832
1690423364000
1672169735504
2771681363280
1418766665040
2518278292816
1693644571984
2793156199760
1401586795856
2501098423632
1676464702800
2514051549792
1689417828960
2788929456736
1695070897808
2794582525584
1676548851344
2776060479120
2772033947280
1401939379856
2772839253648
1415629588112
2515141215888
1690507495056
2518346515856
1401855231328
2501366859104
2777050072416
1419840406880
2519352034656
2794229941600
2518278292832
2498145633632
1676549917008
2794583378592
1401670698400
2501182326176
1420177001040
2519688628816
2794566535760
1676532861520
2776044489296
1418834823760
2518346451536
1693712730704
2793224358480
2793492793936
2793240348320
1690775930528
2790287558304
2771765511840
1414555846304
2514067474080
1689433753248
1397644412576
2497156040352
1672522319520
1401923733904
2501435361680
2794298444176
2497945700752
1673311979920
2772823607696
1415613942160
2515125569936
1690491849104
2790003476880
1693996909920
2518630630752
2793508537696
2501183440528
1397309672096
2496821299872
1672187579040
2771699206816
1414489541280
1414471715408
2518362196560
1694802217552
2794313845328
1414824036944
2514335664720
1689701943888
2789213571664
1695070653008
1401939135056
1419907533408
1694735108704
1401670699616
1402744441440
2502256069216
1677622348384
2777133976160
1414807259744
2514318887520
1689685166688
2776044489312
1415882033760
2515393661536
1690759940704
2790271568480
1420177001056
2519688628832
1695054908000
2794566535776
1397628422752
1414539151968
2514050779744
1689417058912
1401654250080
2501165877856
1401604638352
2501116266128
2794566879648
1397628766624
1672506673568
1414808635808
2514320263584
1689686542752
2789198170528
1420177344928
1398434072992
1673311979936
2794565568912
2788946168480
1676464720528
2775976348304
1418766682768
2518278310544
1693644589712
2793156217488
1398365588112
1673243495056
1398701393488
2498213021264
1673579300432
2773090928208
1397627651664
2497139279440
1672505558608
2772017186384
1414807520848
2514319148624
1401587927440
2501099555216
2519420454560
1418834118224
2518345746000
1693712025168
2793223652944
2775976348320
1418766682784
2518278310560
1693644589728
2793156217504
1398365588128
2497877215904
1673243495072
1695070653088
1419924571744
1694802478688
1397291846224
2496803474000
1672169753168
1689349622352
2773041432144
1693662463568
1397309720144
2496821347920
1672187627088
2771699254864
1414489589328
2514001217104
1689367496272
2788879124048
1414539069776
1401654167888
1676800510288
2793492007248
1401922603344
2501434231120
1414807505232
2514319133008
1690759154000
2790002346320
1414539085408
2514050713184
1419102488160
2518614115936
1693980395104
2793492022880
2519419422304
1689416992352
2788928620128
1401654183520
1401586862496
2501098490272
1676464769440
2775976397216
1419858249104
2496803456400
1672169735568
2771681363344
1414471697808
2513983325584
1689349604752
2788861232528
1397560264080
2497071891856
1672438171024
1415563528544
2515075156320
1690441435488
1694785766736
2794297394512
2515124520272
2501098489232
1676464768400
2775976396176
1418766730640
2518278358416
2501182392672
1676548671840
1689367496288
2788879124064
1401604687456
2501116315232
1676482594400
2775994222176
2518296184416
1693662463584
2793174091360
2777336399456
1419102472544
2518614100320
1693980379488
2793492007264
1672505543008
2772017170784
1414807505248
1689685412192
1677874252128
2777385879904
1414740198736
2514251826512
2789129733456
2789934991696
1398365587792
1419840424272
2789953128096
2777068226208
1694736467616
1419858560672
1690424740432
2789936368208
1403014235536
1693996911184
2793240103504
1418850568784
1401670699600
1693728475728
2771681363360
1414471697824
2513983325600
1689349604768
2788861232544
1401586795936
2501098423712
1676464702880
2775976330656
1418766665120
1401655018896
2501166646672
1695003526496
2793441756576
2502441929120
1420110170528
2777319836064
1414808291984
2514319919760
1689686198928
2789197826704
1419103259280
2518614887056
1676532861584
1402997131920
2773091699344
1415882033808
1418851879504
2518363507280
1693729786448
2793241414224
1419036150096
2518547777872
1693914057040
2793425684816
1397360051808
2496871679584
1672237958752
2771749586528
1414539920992
2514051548768
1689417827936
2788929455712
1676750243152
1397308933456
2496820561232
1672186840400
2771698468176
1414488802640
2514000430416
1689366709584
1419119004256
2518630632032
1693996911200
2793508538976
1398717909600
1403012876896
2502524504672
1677890783840
2777402411616
1420192746080
1415613598368
2515125226144
1690491505312
2790003133088
1419908565664
2519420193440
2501166582432
2776044489376
1419103259296
2518614887072
1397644428624
2518362457424
1414757188944
2514268816720
1689635095888
2789146723664
2789935252816
1398382626128
2497894253904
1673260533072
1414556960144
2514068587920
1689433754208
1401670945376
2501182573152
1689434867088
2788946494864
1397292107104
2496803734880
1672170014048
1414471976288
2513983604064
1689349883232
2788861511008
1401587074400
2501098702176
1420176229728
2497945438864
2772823345808
1414825395536
2514337023312
2777117460112
1419907794576
2519419422352
1694785701520
2794297329296
1414807520912
2514319148688
1689685427856
1397627651728
2497139279504
2518630943376
1693997222544
2793508850320
1401604622736
2501116250512
1694735418720
1689635145056
2789146772832
1397577368928
2497088996704
1672455275872
2771966903648
1414757238112
2514268865888
2777335612768
1689433753168
2788945380944
2790287574416
1693913286032
2793424913808
1402929251728
2502440879504
2777318786448
2776328930704
1418850829712
2518362457488
1693728736656
1415630703184
2515142330960
1690508610128
2790020237904
1419925670480
1676481758624
2775993386400
1418783720864
2518295348640
1693661627808
2793173255584
1397375993248
2496887621024
2771765527968
1689367496336
2788879124112
1401604687504
2501116315280
1677556336272
2501384750736
1676751029904
2776262657680
1676482594448
2775994222224
2776043702672
1418834037136
2518345664912
1693711944080
2793223571856
2776312138128
2501434231184
1398432942480
2772822477200
1677874252176
2794565764768
2501165811360
2776043718304
1397627651744
2497139279520
1672505558688
2772017186464
1414807520928
2514319148704
1689685427872
1415629588832
2515141216608
1419924556128
2519436183904
1694802463072
2794314090848
2793223652960
2518345746016
2789214931552
1672523434592
1402745801312
2502257429088
1677623708256
2497157155424
1401940494944
2501452122720
1676818401888
2776330029664
1419924555088
2519436182864
1672439285408
2771950913184
1397291846240
2496803474016
1672169753184
2771681380960
1414471715424
2513983343200
1689349622368
2788861250144
1398383462048
2497895089824
1673261368992
2777067964064
2794516268704
2793442526880
1677824771744
2502458492576
1398651897504
1690440451664
1676532074912
2776043702688
1418834037152
2518345664928
1693711944096
2793223571872
2502239537568
1401922603424
2501434231200
1676800510368
2501435361952
1694736156064
2794247783840
1397308885392
2496820513168
1672186792336
2771698420112
1414488754576
2514000382352
1672237958544
1401940182352
2501451810128
1676818089296
2776329717072
1419120051536
2518631679312
2501183374672
1676549653840
2776061281616
1397375732368
2502524504720
2496887360144
2771765267088
1418766681680
2518278309456
1414555601552
2514067229328
1402678626896
2501099735440
1401872288080
2501383915856
1676750195024
2776261822800
2777117525344
1672439498400
2497073219232
2771951126176
1672169801120
2771681428896
1414471763360
2513983391136
2502507988560
2788861511248
1415612827216
2515124454992
2502189221456
1419119265360
2518630893136
1693997172304
2793508800080
1689434622352
1415629604448
2515141232224
1690507511392
2790019139168
1402744702560
2502256330336
1397359216224
2496870844000
1672237123168
2771748750944
1402660555104
2502172182880
2777050089824
1419840424288
1397561394768
2497073022544
1672439301712
2771950929488
1419036231248
2518547859024
1693914138192
2793425765968
1401856362064
2501367989840
1414488802704
2793173304720
2794247046544
1419052205456
1693930112400
1676750243216
2776261870992
1694735418768
1419857511824
2519369139600
1694719707744
2794231335520
1398366964320
2497878592096
1673244871264
1402745488736
2502257116512
2777135023456
2793509586272
1403013924192
2502525551968
1401939135136
2794582280864
1676817042080
2794313845408
2501450762912
1403012876960
2777133976224
1397644167840
2497155795616
1398449735312
2497961363088
1673327642256
2772839270032
1415629604496
2515141232272
1690507511440
2790019139216
1402744702608
2502239553168
1677823936160
2777335563936
1397292107424
1676548867744
1398449735328
2497961363104
1673327642272
2772839270048
1415629604512
2515141232288
1397377043040
1419925342864
2519436970640
2794314877584
1402745554528
2502257182304
2501099538768
2775977445712
2772756220240
1419036215632
2518547843408
1693914122576
2497073006928
1414741248336
2514252876112
1402661652816
1676817041808
2776328669584
1419119004048
2518630631824
1693996910992
2793508538768
1690424477280
1397561394784
2497073022560
1672439301728
2771950929504
1401856362080
2501367989856
1676734269024
2776245896800
2789936105056
2519637575072
1418783770016
2518295397792
1693661676960
2793173304736
2794515482016
1689366709664
2788878337440
1401603900832
2501115528608
1689703320208
2789214947984
1676818418320
2501452139152
1414540135008
2514051762784
1689418041952
1676549916240
1672254999184
2771766626960
1414556961424
2514068589200
2788946496144
1401672059536
2501183687312
1676549966480
2776061594256
1689418107216
2788929734992
1694786554528
2794298182304
1419120362848
2518631990624
1693998269792
2793509897568
1676818400608
1418767780192
1397292943712
2496804571488
1672170850656
1693645687136
2793157314912
1401856346464
2501367974240
1677539559776
2777051187552
1402728695440
2502240323216
1415630653792
2515142281568
1690508560736
2790020188512
2776328981152
2789213883040
1419119315616
2518630943392
1693997222560
2793508850336
1397309655456
2496821283232
1672187562400
2771699190176
1414489524640
2514001152416
1689367431584
2788879059360
2793240348256
1672254999200
1401672059552
2501183687328
1397377092256
1414556961440
2514068589216
2788946496160
2771766626976
1419908646544
2519420274320
1694786553488
2771682739552
1690692126032
1397292172624
2496803800400
2771681707344
2772755449168
1401587139920
2501098767696
1676465046864
2519437247824
2794315154768
2772840318288
1419119314576
2518630942352
1693997221520
2793508849296
2501116249488
1676482528656
2775994156432
1401604901200
2501116528976
1676482808144
2775994435920
2514001430864
2788879337808
2793442740560
1401873336656
2501384964432
1676751243600
1398718171728
1673596078672
2773107706448
1414556648848
2514068276624
1689434555792
2788946183568
1676549653904
2776061281680
1397376779664
1693929786000
2793441413776
2790002149024
1419907581600
1694785488544
2519419209376
2794297116320
1397560608096
2497072235872
2771950142816
1414740477280
2514252105056
2789130012000
1401855575392
2501367203168
1690760284752
2790271912528
1415882377808
2515394005584
1689418107472
2788929735248
1418835167824
2518346795600
1693713074768
2793224702544
1397292959136
1672169736528
2771681364304
1689349605712
2788861233488
2794247832992
2514001430880
1689367710048
2788879337824
1401604901216
2501116528992
1397578369376
2497089997152
1672456276320
2771967904096
1414758238560
2793424635296
1397293206096
2496804833872
2515141020000
2514253072800
1689619351968
2789130979744
1419036412320
2518548040096
1693914319264
2793425947040
2775977461392
1418767795856
2518279423632
1693645702800
2793157330576
2790204540560
2519621600912
2794499507856
1694719444624
1419841537680
1397308885408
2496820513184
1672186792352
2788946183584
1401671746976
1420193793440
1695071700384
2776061281696
1418851616160
1693729523104
2793241150880
2794515155344
1414741443984
2514253071760
1689619350928
2789130978704
2514051828320
1689418107488
2794298444384
1401655298656
2501166926432
1676533205600
2776044833376
2788929735264
1418835167840
2518346795616
1690709936784
2790221564560
1420126997136
2519638624912
1695004904080
1418783525200
2518295152976
1693661432144
2793173059920
2514000185680
1689366464848
2788878092624
1397308688720
2496820316496
1672186595664
2497895286352
2519370122832
2794248029776
1397292943760
2496804571536
1672170850704
2771682478480
1414472812944
2513984440720
1689350719888
2788862347664
1401587911056
2501099538832
1397561394848
1402661668512
2502173296288
1677539575456
2777051203232
1398635136672
2498146764448
1397577319760
2497088947536
1672455226704
2771966854480
1690424723792
2789936351568
1419841784144
2519353411920
2794231318864
2519353083216
1677538461024
2777050088800
1419840423264
2519352051040
1419103324752
2518614952528
1693981231696
2793492859472
1397628488272
2497140116048
2794499492240
2777135008416
1415630375584
2515142003360
1690508282528
2790019910304
1415830735200
2515342362976
1401603656032
2501115283808
1676481562976
2775993190752
1418783525216
2518295152992
1693661432160
2793173059936
1397292090704
1693645687200
2793157314976
1397561379232
2497073007008
1672439286176
2771950913952
1398366685600
2497878313376
1673244592544
2772756220320
1415898810976
2515410438752
1690776717920
2790288345696
1420193778272
1695071685216
1414825413280
2514337041056
2789214948000
1419120380576
2518632008352
1693998287520
2793509915296
1397645544096
1672523451040
2793156200016
1401586796112
1414556911200
2514068538976
1689434818144
2788946445920
1401672009312
2501183637088
2519436969616
2519687923360
2794565830304
1420109186448
2519620814224
1694987093392
2794498721168
1397560608144
2497072235920
1672438515088
2771950142864
1414740477328
2514252105104
1672523188640
2497156909472
2772034816416
1693713074528
1420126947728
2519638575504
1695004854672
1672187840912
2771699468688
1414489803152
2514001430928
1689367710096
2788879337872
1414825412240
2514337040016
2502240389520
1677606668688
2777118296464
1419908630928
1694786537872
1677538444896
2777050072672
1677806880352
2777318508128
1694986749536
1420108842592
1676533204304
1693713073488
2518346794320
2793224701264
1418835166544
1689635883664
2789147511440
1690491586208
2790003213984
1419908646560
2519420274336
2794298181280
2777118312096
1397359282832
2496870910608
1672237189776
2771748817552
1414539152016
2514050779792
1689417058960
2788928686736
1401654250128
2496803800480
1672170079648
2771681707424
1414472041888
2513983669664
2502440945056
2777318852000
1420194122144
2519705749920
1695072029088
2496888670816
1672254949984
2771766577760
1694786816656
1677875382928
2777387010704
1676533205648
2776044833424
1418835167888
2518346795664
1693713074832
2793224702608
2519688709728
1695054988896
2776328980128
1420177263264
2519688891040
1695055170208
2771699189152
1414489523616
2496821561760
1672187840928
2771699468704
1414489803168
2514001430944
1689367710112
1402947078560
2502458706336
2790221515168
1420126947744
1418834889104
2518346516880
1397292894544
2496804522320
2771682429264
1414472763728
2513984391504
2518564554080
2793442461024
2772771964320
1420193008224
2519704636000
1695070915168
2794582542944
1397359265120
2496870892896
1672237172064
2771748799840
1414539134304
2514050762080
1689417041248
2788928669024
2514268539552
1689634818720
2789146446496
1419051879072
2518563506848
1693929786016
1414555927904
2514067555680
2788945462624
1402997393040
2502509020816
1677875299984
2777386927760
2515393922704
1690760201872
2790271829648
1420177262224
2519688890000
1695055169168
1401655298720
2501166926496
1415613942432
2515125570208
1690491849376
1419908909728
2519420537504
1694786816672
1419103603360
2518615231136
1676464703840
2775976331616
1418766666080
2518278293856
1693644573024
2793156200800
1397291829600
2496803457376
2771681364320
2790287574608
1398718170704
2498229798480
1673596077648
2773107705424
1403013138000
1677891044944
1420193007184
2519704634960
1695070914128
2518563588496
1693929867664
2790220269968
1418783525264
2518295153040
1693661432208
2793173059984
1694735174032
1420125702544
2519637330320
1419907860880
1401872008848
2501383636624
2776261543568
1419051878032
2518563505808
2501099801184
1693929784976
2793441412752
2498146945376
1420176296272
1402677594448
1677555501392
2514252040528
1689618319696
2789129947472
2518563785040
2793441691984
1397577320784
1420193007952
2519704635728
1419035167120
1693913074064
2775976330576
1414471697744
2513983325520
2788861232464
1676800526688
1694987028832
2793240365408
1397577320800
2497088948576
1672455227744
2771966855520
1414757189984
2514268817760
1689635096928
2515342281120
1690708560288
2790220188064
1420125620640
2519637248416
1415832029856
2515343657632
1690709936800
2790221564576
1672438253216
2771949880992
1402996345424
2502507973200
1419102472784
2518614100560
1693980379728
2793492007504
2514050697808
1676749998496
2776261626272
1397308688800
2496820316576
1672186595744
1419051960736
2518563588512
1693929867680
2793441495456
1677823740320
2777068160608
1672455226720
2771966854496
1414757188960
2514268816736
1689635095904
2789146723680
1401872287072
2501383914848
2518563784032
2793441690976
1415545439888
2515057067664
1690423346832
1419102488992
2518614116768
1693980395936
2793492023712
1401939397024
2501451024800
2789934974608
2519436200352
2794314107296
2519419423136
2772017956496
2497878575456
1673244854624
1415546816864
2515058444640
1690424723808
2789936351584
1419841784160
2519353411936
2794231318880
1397377026400
2496888654176
1419103324768
1672254933344
2771766561120
1414556895584
2514068523360
1689434802528
2788946430304
1401671993696
1397627636320
2497139264096
1672505543264
2772017171040
1415612811872
2515124439648
1690490718816
2790002346592
1414807505504
2514319133280
1397375797856
1415546815824
2515058443600
1694719690064
2794231317840
2497878574416
1673244853584
2496887425632
1672253704800
2771765332576
2793224422800
2496871679632
1672237958800
2771749586576
2514051548816
1401655019152
2501166646928
2497877527184
2772755434128
2519620552096
1677806962080
2777318589856
1420108924320
1677538444960
1676733138592
2776244766368
2794229941920
1418766665376
2518631991696
1693998270864
2793509898640
2496888653136
1672254932304
2771766560080
1401671992656
2788946429264
1414556894544
2514068522320
1689434801488
1402745472672
1419925341856
2519436969632
2794314876576
1677623379616
2772840040096
2777135007392
2793240349328
2518630630816
2793508537760
1401940510368
1414825412256
1676818417312
2501452138144
2502240389536
1677606668704
2777118296480
2776330045088
1419119250000
2518630877776
1689702189648
2789213817424
1693930112592
2793441740368
1420125947472
2519637575248
1401872336464
2501383964240
1676750243408
2502458493328
2776261871184
1419857512016
1677875104096
2777386731872
2519688694112
2794566601056
1402678429328
2777134041440
2519436003680
1415629408608
2515141036384
1690507315552
2518346794336
2793224701280
2514051827040
1689418106208
2788929733984
2776262609568
1419052944032
2518564571808
1693930850976
2793442478752
1673311700368
1402728760720
2502240388496
1677606667664
2777118295440
1415613662608
2515125290384
1403013139024
2502524766800
1677891045968
2777402673744
1414807521872
2514319149648
1689685428816
2789197056592
1419924572752
1397308885584
2501165877920
1676532157088
2776043784864
1418834119328
1690692061792
1673579301472
1414824299104
2514335926880
1689702206048
2789213833824
2777385896544
2518614182496
1693980461664
2793492089440
1397292894560
2496804522336
2771682429280
1414472763744
2513984391520
2788862298464
1401587861856
2501099489632
2790018942288
1677622593936
2777134221712
1415881050768
2515392678544
1690758957712
2790270585488
1420176018064
2519687645840
1695053925008
2794565552784
1419052942992
2518564570768
1693930849936
2772822214224
1415612548688
1693712025232
2793223653008
1397359281808
2496870909584
1672237188752
2771748816528
2514000430688
1689366709856
2788878337632
1401603901024
2501115528800
2794247046752
1677555549792
2777067177568
1401872336480
1676750243424
1676817304208
1398449736336
2497961364112
1673327643280
2772839271056
1415629605520
2515141233296
1690507512464
2790019140240
1402744703632
2776245897616
2519688890016
1420177262240
2777386927776
2514319214160
2789197121104
1401922684496
2501434312272
1694735370912
2519369091744
2497961364128
2772839271072
1415629605536
2515141233312
1420125899424
2519637527200
1673260534432
2502440880800
1401587860816
2501099488592
2519436199584
2794314106528
1677622609568
2502256330400
2514001413520
1689367692688
2788879320464
1402678446672
2502190074448
1677556353616
2777067981392
1397291846288
2496803474064
1414471715472
2513983343248
2788861250192
2794516220320
2772018218320
2514320180560
1397628683600
2497140311376
1672506590544
1673311896912
1402997392720
1677875299664
1420177261904
1401654168208
1676800510608
1402727910032
2502239537808
1677605816976
2777117444752
2519704634976
1401922603664
2501434231440
2501165795984
1420193007200
1401872008864
2501383636640
1419051878048
2518563505824
1693929784992
2793441412768
1676749915808
2776261543584
1401671797136
1676733204896
1415563266384
1397291828576
2496803456352
2771681363296
1401655215456
2501166843232
2519420454240
2794298361184
2502240585056
1677606864224
2777118492000
1676533122400
2776044750176
1418835084640
2519419407008
1401654168224
1402996426064
2502508053840
2501165796000
1676532075168
1677874333008
2777385960784
1414741445200
2514253072976
1398382413392
2497894041168
1673260320336
2519353428624
2497878592144
1418851616336
2518363244112
2793241151056
1401671747152
2501183374928
1676549654096
2776061281872
1677556598096
1695003526560
2794515154336
1694986766672
2794498394448
1402928990544
2502440618320
1677825033888
2777336661664
1415815268944
1677892142480
1676531877200
2776043504976
1401653970256
2501165598032
2497944372560
2772822279504
2777117246800
1414807307600
2514318935376
1689685214544
1403014251856
2502525879632
2777403786576
1420194121040
2519705748816
2794498458960
2777117525328
2519353410912
1398634087776
2498145715552
1673511994720
2773023622496
1415813956960
2515325584736
1690691863904
1402929055072
2502440682848
1693998221904
1401940445776
2501452073552
1676818352720
2776329980496
1672237958816
2771749586592
1414539921056
1398450849168
2497962476944
2772840383888
2515142346128
2790020253072
1402745816464
2502257444240
1418767795600
2790288345424
1398718941520
2498230569296
1673596848464
2773108476240
2496804586912
1672170866080
2771682493856
1414472828320
1398365652384
2497877280160
1673243559328
2772755187104
1415545521568
2515057149344
1397308933776
2496820561552
1672186840720
2771698468496
1414488802960
2514000430736
1689366709904
2788878337680
1401603901072
2501115528848
1397376779872
2496888407648
1672254686816
2771766314592
1414556649056
2514068276832
1689434556000
1401671747168
2501183374944
1401940494752
2776330029472
2790203738720
2519620799072
1401856280144
1398433745504
1419103340112
2518614967888
1693981247056
2793492874832
1419120379472
2518632007248
1693998286416
2793509914192
1676532155984
2776043783760
1397560346208
2497071973984
2771949880928
1414740215392
2514251843168
2794566616672
1402677397088
2502189024864
2519687923296
1694718641808
2794230269584
1419119068816
2518630696592
1693996975760
2793508603536
1398718236304
2498229864080
1673596143248
2515326633616
2789146789536
2794315220640
2502257182368
1693981247136
1418851944096
2518363571872
2772773013152
1398718236320
1402660882080
1693711746400
1418833839456
1397627438432
2497139066208
1672505345376
2772016973152
1414807307616
2514318935392
1689685214560
2789196842336
2497157154192
1672523433360
1397644413536
2497156041312
1672522320480
2772033948256
1401939380832
2501451008608
1676817287776
2776328915552
1414824282720
2514335910496
2776245881424
1402930088528
2502441716304
2777319623248
1397292943952
2496804571728
1418767780432
2518279408208
1693645687376
1398702246544
2498213874320
1673580153488
2773091781264
1415882115728
2515393743504
1690760022672
2790271650448
2519688710800
2794566617744
1420193778016
2519705405792
2794583312736
1397376764256
2496888392032
2771766298976
1414556633440
2514068261216
2777067177632
1676750243488
1401603901088
2501115528864
1676481808032
1673311651408
2772823279184
2514000430752
1689366709920
2498230847824
1673597126992
2773108754768
1676750965136
2776262592912
1690491569568
1694786536864
2790003197344
2794298164640
1402728760736
1693997155920
2793508783696
1397359266192
2497156056400
1672522335568
1419119265104
2518630892880
1693997172048
2793508799824
2794582541648
2501182588240
1676548867408
1695055168912
2794566796688
1414808552848
2514320180624
1689686459792
2789198087568
1401655215504
2501166843280
1676533122448
2776044750224
1695054972256
2519688693088
2794566600032
1401672010336
2501183638112
1397627701584
2497139329360
1672505608528
1414807570768
2514319198544
1689685477712
2789197105488
1401922668880
2790019123616
1419924556192
2502507776672
2777385683616
1415881050784
2515392678560
1690758957728
2496804571744
1672170850912
2771682478688
1414472813152
1689350720096
1401587911264
2501099539040
2793425750624
1694987864672
1676750980768
2776262608544
1419052943008
2518564570784
1693930849952
2793442477728
1418834119056
2518345746832
1693712026000
2793223653776
2502239274592
1677605553760
2777117181536
1419907516000
2519419143776
1694785422944
1401654249120
2501165876896
1676532156064
2776043783840
2788928685728
1418834118304
2518345746080
2793223653024
1693712025248
1397359281824
1420192991584
2519704619360
1695070898528
1401856362912
1419036232096
2518547859872
1693914139040
2793425766816
1398634349984
2498145977760
1673512256928
2773023884704
2502239619408
1677605898576
2777117526352
1690490800464
2790002428240
1419907860816
2519419488592
1414741264720
2514252892496
1689619171664
2501166926176
1677556615520
2777068243296
1677623724384
1402727991648
2501099488608
1676465767776
2501098767952
2775976674896
1418767009360
2518278637136
1693644916304
2793156544080
2789130012240
1694802462096
2502507775632
2777385682576
1415881049744
1690758956688
2519687644816
1401940248976
2501451876752
1676818155920
2776329783696
2793224702352
1398634088848
2498145716624
1673511995792
2773023623568
1415813958032
1673261386336
1403013137760
2502524765536
2497962215840
2772840122784
1677555304864
2777066932640
2519621601696
2519420275104
1694786554272
1397291846304
2771967707472
1420126947920
2519638575696
2501116529232
1676482808400
2775994436176
1401873336912
1420177261984
2519688889760
1695055168928
2794566796704
1677875299744
1401655215520
2501166843296
2515409651024
1690775930192
2790287557968
2794582525264
1420192990544
2519704618320
1695070897488
2518546745952
1693913025120
2793424652896
2514251778656
2789129685600
1398635317840
1402929056336
2502440684112
1677806963280
2777318591056
1419841800784
2519353428560
1398366964304
2497878592080
1673244871248
2772756499024
1676818156128
2776329783904
2772839336544
2502458772064
2794315221600
1693981248096
1415546833504
1398702246496
2772773014112
2794583328400
2518363244176
2793241151120
1397645215376
2497156843152
2772034750096
1414825084560
1398383478352
2497895106128
1673261385296
1694736221776
1677808191840
2777319819616
2794230286992
1415881067152
2515392694928
1690758974096
2790270601872
1398718237328
2498229865104
1673596144272
2773107772048
1415898106512
1401671813792
2501183441568
1676549720736
2776061348512
1693996976800
1676465031504
2775976659280
1419840735568
2789129996624
1397292157264
2496803785040
2771681691984
1414472026448
2513983654224
2793156544096
1420109186656
2519620814432
2794498721376
1694987093600
1420126931536
2519638559312
1695004838480
2794516466256
2793424651856
2775977642384
2502458706528
1677824985696
2777336613472
1397309934176
2496821561952
1672187841120
2771699468896
1414489803360
2514001431136
1689367710304
1677605619088
2777117246864
1693711746448
2793223374224
1397627438480
2497139066256
1672505345424
2772016973200
1398701180304
2498212808080
1676818154896
2776328669792
1398702163344
2498213791120
1673580070288
2773091698064
2518546793888
1693913073056
2793424700832
2794229959072
1397376846160
2496888473936
1672254753104
2771766380880
1397376764304
2496888392080
1672254671248
2771766299024
1403013908880
2502525536656
1677891815824
2777403443600
1415898810768
2515410438544
1677555287648
2777066915424
1419857249888
1694735156832
2519353428640
1402661931680
2515058461344
1690424740512
2789936368288
2777403459232
1694803265184
2794314892960
2777135023776
1402745489056
1677623396000
1397645215392
2497156843168
1402928990560
1420108859744
2519620487520
2794498394464
2497877526880
2502440929632
2777318836576
1694987077984
1420109171040
2794498705760
1397560592736
2497072220512
1694987863376
2794499491152
1672237958480
1402661651792
2502173279568
1677539558736
1401587909968
2514068540064
1689434819232
2519352051088
2497878591120
1694719706768
1673311700320
2772823328096
1398433793376
2497945421152
1398702228832
2498213856608
1673580135776
2773091763552
1415882098016
2775993190992
1419102274976
2518613902752
1693980181920
2793491809696
1397359003040
2496870630816
1672236909984
2771748537760
1414538872224
2514050500000
1418767780496
2518279408272
1693645687440
2793157315216
1398366685840
1673244592784
2777319623312
2498146749072
1673513028240
2773024656016
1401940445792
2501452073568
1676818352736
2776329980512
1401670748512
2501182376288
2790203426128
1415813891408
1689635948960
2514336696736
1689702975904
2789214603680
2773108476560
1403013909136
2502525536912
2773024933456
2777403443856
1415898811024
2515410438800
1690776717968
2790288345744
2496888669840
1672254949008
2771766576784
1414556911248
2514068539024
1689434818192
2788946445968
1402930087312
2502441715088
1677807994256
2777319622032
2776044553616
1419052991888
2518564619664
1693930898832
2501182375248
1418850616656
2771967690144
1415563330976
2515074958752
1690441237920
2789952865696
1419858298272
2793240364432
2519436199312
2773107705232
1403013137808
2502524765584
1418835167632
1693713074576
1694718641824
1419051960928
2518563588704
1693929867872
2793441495648
1402945833568
2502457461344
1677823740512
2777335368288
1676818400672
2776330028448
2518547843744
1693914122912
2793425750688
1420109957792
1694987864736
1693980378448
1673328691616
2772840319392
2498213874336
2773091781280
1402997213856
2790020188576
2777386748576
1415630653856
2515142281632
1415882115744
2515393743520
1690760022688
1677606618720
1419908580960
1694786487904
1676548851360
1401670944416
2501182572192
2776060479136
2788945381024
1418850813600
1693728720544
1402930283856
2502441911632
1419102537360
1693980444304
2518614165136
1676482595408
2775994223184
2498229536080
1673595815248
2773107443024
1677892094304
2777403722080
1420194056544
1672455997856
2501435033936
1676801313104
2776312940880
1402997147984
2502508775760
1677875054928
2777386682704
2793492810064
1398702180688
2498213808464
1414740477584
2514252105360
2789130012304
2777318852240
2772033947232
1414824281696
2514335909472
1689702188640
2789213816416
2514050763168
2788928670112
1414555862432
2514067490208
2788945397152
1419924571552
2519436199328
1420193007008
2519704634784
2794315154832
1673580152464
2773091780240
1402997212816
2502508840592
1677875119760
2777386747536
1415882114704
1690760021648
2790271649424
1677556550288
1401604901520
1419858512528
1694736419472
2794248047248
2514269866640
1689636145808
2789147773584
1676800575840
2776312203616
2519705683280
1397578089872
2497089717648
1672455996816
2771967624592
1403013139088
2502524766864
1677891046032
2777402673808
1676532139408
2776043767184
2788928669072
1420193008272
2519704636048
1695070915216
2519352363408
2794230270352
1419035429264
2518547057040
1693913336208
2793424963984
1677807208848
2777318836624
1694987078032
1420109171088
2519688644960
1397360003424
2496871631200
1672237910368
2771749538144
1414539872608
2514051500384
1689417779552
2788929407328
2502240340320
1672170079904
2771681707680
2794230285984
1419840751264
1414740477600
2514252105376
2789130012320
2777050416800
2777318852256
1677622592928
1673579087520
2773090715296
2502507775648
2777385682592
1419924555168
2519436182944
1420176017056
2519687644832
2794565551776
1694785702224
1672171129504
2771682757280
2519369926992
1694736206160
2794247833936
1676464703888
2775976331664
1418766666128
2518278293904
1693644573072
2793156200848
1397291829648
2496803457424
1672169736592
2771681364368
1402678643360
2502190271136
1397309934240
2496821562016
1672187841184
2771699468960
1414489803424
1401873336992
2515074958928
1690441238096
2789952865872
1401604687440
2501116315216
1676482594384
2775994222160
1673529804368
1397293206160
2496804833936
2771682740880
1414473075344
2513984703120
2788862610064
1401588173456
2501099801232
1420192990560
2519704618336
1695070897504
2794582525280
2497945683344
1673311962512
2772823590288
2771698206096
2794499491424
1419120100960
2794314942048
1693998007904
1419036231072
1672438171984
2771949799760
1419035101520
1414740134224
2514251762000
2789129668944
2502190073440
1677556352608
2777067980384
1419858314848
2519369942624
1694736221792
2794247849568
2519370123936
1402678626976
2502190254752
1677556533920
1397291845280
2496803473056
2771681380000
1414471714464
2513983342240
2788861249184
1401603918416
2501115546192
1401855560096
2501367187872
1676733467040
2776245094816
2519352363424
2794230270368
1676750195104
2776261822880
1419052157344
2518563785120
1693930064288
2793441692064
1419858233680
2519369861456
1694736140624
2794247768400
1401655281296
2501166909072
1690440403280
1415898875536
2515410503312
1690776782480
2790288410256
1397309720208
2496821347984
1672187627152
2771699254928
1414489589392
2514001217168
2518278359456
1693644638624
2793156266400
2771699270992
1398383478096
2497895105872
1673261385040
1690441254224
2789952882000
1415563347280
2515074975056
1694736221520
2794247849296
2519688693408
1695054972576
2794566600352
1398719006368
1673596913312
1415898875552
2515410503328
1690776782496
2790288410272
1672186595984
2771698223760
1414488558224
2514000186000
1689366465168
2788878092944
1677556532880
2777068160656
1419858495120
2519370122896
2794248029840
1397376846176
2496888473952
1672254753120
2771766380896
1414556715360
2514068343136
1689434622304
2788946250080
1401671813472
2501183441248
1419052156304
2518563784080
2793441691024
1695070964304
2794582592080
1419036412496
2518548040272
1398652094032
2498163721808
1673530000976
2773041628752
1402947061328
2502458689104
1677824968272
2777336596048
1420126930512
2519638558288
2794499754320
2773024917840
1402930350416
2502441978192
2777319885136
1415815252304
2515326880080
1690693159248
2790204787024
2793241216336
2496888654224
2771766561168
1414556895632
2514068523408
2788946430352
2519369156944
1676751045984
2776262673760
2519369942368
1694736221536
1419053008224
2518564636000
1693930915168
2793442542944
2515058460320
1690424739488
1419841799840
2519353427616
2794231334560
1397359986256
1418783525536
1402677398176
2502189025952
1677555305120
2777066932896
1676749998752
2776261626528
2773040401056
2515073927840
1690440207008
2519352298064
1677806896480
2777318524256
1420108858720
2519620486496
2794498393440
1397645461840
2794583313056
2502525536928
1415898811040
2777319900768
1414824102480
2514335730256
1689702009424
2789213637200
1397644233296
1676532877712
2776044505488
1401654970768
2501166598544
1419908581776
1397628438928
2497140066704
2777403442832
1676801640800
1677875104144
2777386731920
1401923733152
1415830997584
1415629408656
2515141036432
1690507315600
2790018943376
1689416993376
2519436003728
2794313910672
1397360330128
1672238237072
1414540199312
2514051827088
1677605554832
2777117182608
1419907517072
2519419144848
1694785424016
2794297051792
1397360003488
2496871631264
1672237910432
2771749538208
1414539872672
1401654970784
2501166598560
2794582346064
2776313267536
2793493136720
1402997212832
2519688709792
1695054988960
2794566616736
1677875119776
2514319215248
1689685494416
2789197122192
1401922685584
2501434313360
1676800592528
1419102554768
2518614182544
1693980461712
2793492089488
2771682429328
1414472763792
2513984391568
1689350670736
2788862298512
1401587861904
2501099489680
2519705683296
2794583590240
1676750964128
2776262591904
2518564554144
2793442461088
2518547794256
1693914073424
2793425701200
1397561330000
2497072957776
2771950864720
1401856297296
2501367925072
1414741199184
1695070915232
2794582543008
1677891046048
1397359265184
2496870892960
1672237172128
2771748799904
1414539134368
1693980444000
1676800574816
2776312202592
2793492071776
1419102537056
2518614164832
1402727926112
1402678430048
2502190057824
2789952866656
1419858299232
2519369927008
1694736206176
2794247833952
2519369942416
2777336415632
2794247849360
1677556352400
2777067980176
2518564636048
1676751046032
2793442542992
1403013138064
2502524765840
1677891045008
2777402672784
1420193007248
2519704635024
1695070914192
2794582541968
1414538823328
2514050451104
1419035101536
2518546729312
1693913008480
1676733139296
2496888457632
1672254736800
2771766364576
1693914384992
2793426012768
2514253138528
1689619417696
1398432957776
2497944585552
2772822492496
1402727925072
1690490733904
2790002361680
1689366727264
2788878355040
1401603918432
1676481825376
2775993453152
1397377108320
2496888736096
1414556977504
2776061610336
2788946512224
2794583656800
2514068605280
1415562283664
2515073911440
1690440190608
2789951818384
2789198170784
2776244766032
1414740133200
2514251760976
2789129667920
1397560264016
2497071891792
2771949798736
2794566796880
2776044750416
2498214053456
1693712991824
2793224619600
1689418024528
2771699271072
1414489605536
1689367512480
1402945817168
1677823724112
2777335351888
1677556532896
2777068160672
2501115545168
1397308950096
2496820577872
1672186857040
2771698484816
2497878526544
2772756433488
1402661866064
2502173493840
1677539773008
2777051400784
1676750194080
2776261821856
1689635095968
2789146723744
1677824968288
2777336596064
1420126930528
2519638558304
1695004837472
1677539821984
1677808257376
1420110219616
2519621847392
2794499754336
1694735157584
1689434802592
1676801362592
2776312990368
2518362262176
2502172428896
1677538708064
2777050335840
2519352298080
1673260254544
2772771882320
1401603573072
2501115200848
1676481480016
2775993107792
2777066849616
1418783442256
1397308605776
2496820233552
1401940429152
2501452056928
1676818336096
2776329963872
2775993174432
2790204786000
2515326879056
1694988125520
2794499753296
1420110218576
1398635382096
1673513289040
1402930349392
2502441977168
2771766560144
1415562560848
2772772226384
1398382691664
1401923454608
2501435082384
1676801361552
2776312989328
1402677658960
1677555565904
2502189286736
1419103323792
2502440929936
1420109171344
2519620799120
2794498706064
1397375796880
2496887424656
1672253703824
2789935236688
1402660800080
2502172427856
2771765331600
1414555666064
2514067293840
1689433573008
1677538707024
2777050334800
1419840669264
2497157088592
1672523367760
2501452055888
1695071684256
1420193777312
2515124242000
2790002148944
2518345467472
1693711746640
2793223374416
1419907581520
2519419209296
1695053923920
2794565551696
2794565813648
2501451008656
1676817287824
2776328915600
2793508784784
1397308605792
2496820233568
1672186512736
2771698140512
1420125619552
1397577041248
2497088669024
1672454948192
2771966575968
1414756910432
1414556633680
2514068261456
1689434540624
2788946168400
2502508824992
1677875104160
2777386731936
2519688694176
2794566601120
1677606602080
2777118229856
1419908564320
2519420192096
1694786471264
2772839074208
1415629408672
2515141036448
1690507315616
2790018943392
1420194122128
2519705749904
1695072029072
2496870828368
1672237107536
2771748735312
2776061610384
2501183703440
1419907517088
1402727647904
2502239275680
1677605554848
2777117182624
1694785424032
2515124177568
2790002084512
1398432680608
1403012875600
2502524503376
1690491504272
2790003132048
2773107509600
2501435360608
1419103602016
1676801639776
2776313267552
1693981508960
1690760005008
2790271632784
2519688693136
1398701116000
1673579022944
1402996083296
2502507711072
1677873990240
2777385618016
1676800592544
2776312220320
1419102554784
2518614182560
1693980461728
2788928407136
2502507775584
2777385682528
1397292894624
2496804522400
1672170801568
2771682429344
1414472763808
2513984391584
1689350670752
2788862298528
1402744505744
2502256133520
1677622412688
2777134040464
1694802281872
2501165811296
1676532090464
1418834052704
2518345680480
1693711959648
2793223587424
1677605553808
2777117181584
1401671731808
1403013909088
2502525536864
1677891816032
2777403443808
1689619106144
2789130733920
1401856297312
2501367925088
1676734204256
2776245832032
1398717973840
2498229601616
1673595880784
2773107508560
1695070898576
2794582526352
2518632008096
1693998287264
2793509915040
1677892159904
2777403787680
2790270518864
1420175951440
2519687579216
1695053858384
2794565486160
1398701114960
2498212742736
1673579021904
2773090649680
1694786537808
2773024655696
1677539559760
1398702229840
2498213857616
1673580136784
2773091764560
1415882099024
2515393726800
1398383462736
1672505624208
2772017251984
1677556353680
1694736222864
1420177066336
1676465817952
2775977445728
1690775946832
1398702425744
1415882294928
1419103520400
2518615148176
1693981427344
2793493055120
1414741198160
2514252825936
2789130732880
1397561328976
2497072956752
1401856296272
2501367924048
1677891045024
1402946882128
2502458509904
1677824789072
2777336416848
1676733155984
2776244783760
1419035118224
2518546746000
1693913025168
2793424652944
1676465818000
2775977445776
1418767780240
2518279408016
1693645687184
2793157314960
1398366685584
2497878313360
1398433794448
2497945422224
2497944585568
2772822492512
1415612826976
2515124454752
1690490733920
2790002361696
1402727925088
2502239552864
1397291828640
2518278292896
1693644572064
2776044554656
2794314942880
2518279408032
1401603901776
2501115529552
1676481808720
2775993436496
1418783770960
1693661677904
1402677381792
2502189009568
1677555288736
1676466079392
2775977707168
1418768041632
2777066916512
2789951818400
1418850814288
2518362442064
1693728721232
2793240349008
2515409652048
1690775931216
2790287558992
2794229941904
2496887605584
2771765512528
1401939396192
2501451023968
1676817303136
2776328930912
1398718170720
2498229798496
1673596077664
2773107705440
2518630893152
1414824298080
2776244766048
2518546728288
1693913007456
1419103520416
2518615148192
1693981427360
2793493055136
1695055169184
1676801558176
1402997393056
2773040384608
1676734514784
2776246142560
1402945817184
2502457444960
1677823724128
2777335351904
1419036477024
2518548104800
1693914383968
1693661349264
2793172977040
2790220187024
2518295070096
2519368811920
1676481480080
1689366726240
2788878354016
1401603917408
2501115545184
1402661866080
2502173493856
1677539773024
2789936302688
1419841735264
2519353363040
1694719642208
2794231269984
2502189008528
1677555287696
2777066915472
1677806897552
2777318525328
1418766994000
2518278621776
1693644900944
2793156528720
1397560592976
2497072220752
1672438499920
2777335350864
1415830718032
1420125685328
1695003592272
2515342345808
1690708624976
1398650848848
2498162476624
1677808274064
2777319901840
1420110236304
2519621864080
2794499771024
2777134221664
1398718155104
2498229782880
1673596062048
2773107689824
1401939380576
2501451008352
1676817287520
1693997156704
1694719641168
2794231268944
1414538872464
2514050500240
1689416779408
1401653970576
2501165598352
2519419209360
1694785488528
2794297116304
1690424722848
2789936350624
2794231317920
1397308605856
2496820233632
1672186512800
2793441412512
1420125619616
2519637247392
1397375781264
2496887409040
1672253688208
2771765315984
1414555650448
2514067278224
1689433557392
2788945185168
1401670748560
2501182376336
2502257101456
1398718941840
2498230569616
1673596848784
2497156827792
2772034734736
1398635382112
1673513289056
1402930349408
1401939183952
2501450811728
1676817090896
2776328718672
2788946429344
1677555565920
1676801361568
2776312989344
2518614951584
1693981230752
2793492858528
1415814204000
2515325831776
2497877527136
1690692110944
2777318836896
2773023869600
1402929302176
2501166860624
1397375796896
2496887424672
1672253703840
2771765331616
1414555666080
1689433573024
1398433745568
2497945373344
1673311652512
2772823280288
1415613614752
2502509086032
1677875365200
1672506395216
2772018022992
1414808357456
2514319985232
2790204525136
2771682478672
1401856346704
2501367974480
1676734253648
2772034995552
2501452055904
1676818335072
2776329962848
1419120297312
1398651898464
2498163526240
1673529805408
2773041433184
1420109957728
2519621585504
2497140116064
2518614952544
1397292943968
1398701180576
2502239340192
1677605619360
2777117247136
1414538872480
2514050500256
1673580087904
2773091715680
2498213808736
2502508776032
1677875055200
1676481496656
1415882050144
2515393677920
1690759957088
2790271584864
1690692109968
2790203737744
1402929301136
2502440928912
2777318835856
1420109170320
2519620798096
2794498705040
1397376764576
2496888392352
2771766299296
1414556633760
2514068261536
2790003148432
1419908581008
2519420208784
1694786487952
2794298115728
1677892094352
1420194056592
2519705684368
1677556337296
1419036215952
2518547843728
1693914122896
2793425750672
1676751030928
2776262658704
1676532927120
2776044554896
1418834889360
1420177016400
2519688644176
2501451007632
1676817286800
2776328914576
1398719007392
2498230635168
1673596914336
2773108542112
1676549704352
1694736206496
2519353150112
2794231057056
1673580135840
2773091763616
1415882098080
2515393725856
1690760005024
2790271632800
1402997196192
2518614165904
1693980445072
2793492072848
2790018942368
1689416975696
2788928603472
1397359199568
2496870827344
2790002083488
1419907516064
1398449785424
2497961413200
2502524568928
2777402475872
1695070717280
2794582345056
2794582526368
1403013122464
2502524750240
1677891029408
2777402657184
1420192991648
2498145650016
2773023556960
1415813891424
1690691798368
2790203426144
1402928989536
1402660554080
2501434312352
1676800591520
2776312219296
1419102553760
2518614181536
1693980460704
2793492088480
1414539872848
2514051500624
1689417779792
2788929407568
1418834840144
2518346467920
1402997148240
1677875055184
1401923406416
2496804521376
1672170800544
1690507495824
2790019123600
1402744686992
2502256314768
2793240349072
1398718155152
2498229782928
1673596062096
2773107689872
2519369943712
1402678446752
2502190074528
2515074976416
2789952883360
1690507511456
2790019139232
1402744702624
1673596077728
2773107705504
1403013138080
2775977642576
1418767977040
2518279604816
1693645883984
2793157511760
2502524749200
2777402656144
2519638379104
1695004658272
2794516286048
1689618057888
2789129685664
2777319557456
1677556352656
2777067980432
1419858314896
2519369942672
1402661913936
2502173541712
2777051448656
1690424722768
2789936350544
1398366946640
1689350980944
2788862608720
1415545768592
2515057396368
1690423675536
2789935303312
1402660866704
2502172494480
2777050401424
1419840735888
1402929302160
1402661602976
2502173230752
1398702180960
1397360003680
2496871631456
1672237910624
2771749538400
1414539872864
2514051500640
1689417779808
2788929407584
2793224374880
1690507495840
1695070898592
1415898024352
2515409652128
1690775931296
2790287559072
2514067474848
2788945381792
1401670945184
2519704619424
2498163541584
1673529820752
2773041448528
1402946881104
2502458508880
1677824788048
2777336415824
1415831782992
2515343410768
2519638378064
1402947062416
2502458690192
1677824969360
2777336597136
1690709871248
1402996360800
1677874333088
1676481807696
2775993435472
1676549720464
2776061348240
1693661676880
2793173304656
1397376846224
1402677380768
2502189008544
2776044489360
2777050155600
1677538527824
2789935057488
1402661913952
2502173541728
2777051448672
1419841783136
1402928990624
1677806897568
1415813892512
2502440618400
2498145962656
1414472026784
1418766994080
2518278621856
1693644901024
2793156528800
1419840735904
1677807209120
1402660866720
1402945816160
1420125685344
1695003592288
2519637313120
2794515220064
2502457443936
1677823723104
2777335350880
1398635399840
2498147027616
1673513306784
2773024934560
1415815269024
2515326896800
1690693175968
2790204803744
1402930367136
2502441994912
2518614886992
1401923390032
2501435017808
1676801296976
2776312924752
2514319919696
2789197826640
2772773013072
1402678445648
2502190073424
1677556352592
2777067980368
1415563347536
2515074975312
1690441254480
2789952882256
1398651913808
2794297330000
1398432958800
2497944586576
1673310865744
2772822493520
1402727926096
2502239553872
1677605833040
2777117460816
2789214930256
1397645526352
2497157154128
2772035061072
1401940493648
2501452121424
1676818400592
1419841783120
1397375781280
2496887409056
1672253688224
2771765316000
1414555650464
1689433557408
1401670748576
2501182376352
2776060283296
1415813891472
2794499770000
1419908892000
2519420519776
1694786798944
2794298426720
1397645526368
2497157154144
2772035061088
1414825395552
2514337023328
2498145650064
1673511929232
2773023557008
1402928989584
2502440617360
1677806896528
2777318524304
2519620486544
1694718330256
2794229958032
2514335713632
1401940444816
2776060282256
2501452072592
1676818351760
2772823263632
2776329979536
1414555649424
1689433556368
1673261369680
1402678430032
2502190057808
1677556336976
2777067964752
1419858299216
1672254997904
1401672058256
2501183686032
1676549965200
2776061592976
2772035061136
2793509897616
1414825395600
2514337023376
1689703302544
1398383478368
2497895106144
1673261385312
2772773013088
1415563347552
2515074975328
1690441254496
2789952882272
1402678445664
1398701394272
2498213022048
1673579301216
2773090928992
1673580071248
2519353410976
1414540133712
2514051761488
1689418040656
2788929668432
1694786487968
2502257445456
1677623724624
2777135352400
2794315221584
2501098440096
2775976347040
1418766681504
2518278309280
2502525815200
1420194056608
1695071963552
2794583591328
1676532877968
2776044505744
1418834840208
2518346467984
1693712747152
2793224374928
1397628439184
2497140066960
1672506346128
2772017973904
2772033947296
1414824281760
2514335909536
1689702188704
2789213816480
1401939379872
2501451007648
1676817286816
2776328914592
1676800526928
1401873123920
2501384751696
1676751030864
1398383462752
2497895090528
1673261369696
2772772997472
2515074959712
1397309720928
2496821348704
1672187627872
1690441238160
2789952865936
1402660604304
2502172232080
1677538511248
1676800575904
2776312203680
1415899088272
2515410716048
1690776995216
2790288622992
1397359199584
2496870827360
1672237106528
2771748734304
2497894319440
2515074188624
2789952095568
1690440467792
1401856607632
2501368235408
1676734514576
1402930349456
2502441977232
1677808256400
2777319884176
1677539820944
2777051448720
1693914383760
1402728712864
1677606619808
1676532877984
2772017235344
1414807569808
2514319197584
1689685476752
2789197104528
1694785702288
2502239553936
2777117460880
2502190057872
1419858299280
1694736206224
2519369927056
2794247834000
1677556337040
2790019188304
1677622658640
2777134286416
1401923406176
2501435033952
2498229781920
1673596061088
1415898023328
1690775930272
2790287558048
2502524749216
2777402656160
1398701394256
1673579301200
1402946865488
1676817368736
2771951176336
1414741510800
2514253138576
2789131045520
1401856608912
1676734515856
2496820577632
1672186856800
2514000446816
2788878353760
2498162754912
2773040661856
1415830996320
2777066850896
1398652159584
2498163787360
1673530066528
2773041694304
1418768041568
1693645948512
2502240650848
2777118557792
1673244853664
2772756481440
1401654969744
2501166597520
1676532876688
2776044504464
2497945635424
1673311914592
2772823542368
1398651913824
2498163541600
1673529820768
2773041448544
1415831783008
2515343410784
1690709689952
2790221317728
1402946881120
2502458508896
1402947062432
1677824969376
1676733154976
2776244782752
1676750260816
1689434605968
2788946233744
1398383478416
2497895106192
1673261385360
2772773013136
1415563347600
2515074975376
1690441254544
2789952882320
1402678445712
2502190073488
2794314877280
2497961084240
1397644494160
2497156121936
2772034028880
1677874268560
2777385896336
1398432958864
2497944586640
1673310865808
1415612828048
2515124455824
1690490734992
2790002362768
2794248095376
1398652159632
1673530066576
2773041694352
1415832028816
1690709935760
2790221563536
2502458754704
1401671813536
2501183441312
1676549720480
2776061348256
1402661849440
1677539756384
2497895351968
1673261631136
2772773258912
1415563593376
2515075221152
2794248095392
1420194104992
2519705732768
1402947061392
1418834823840
1693712730784
2518346451616
2788946512480
1415899155040
1401940248928
2501451876704
1676818155872
2776329783648
1401939184272
2501450812048
1672506329696
1414808291936
1693981166176
2518614887008
1402930350480
2502441978256
1420110219664
2776312923808
1694988126608
1677808257424
1677824772496
1398383462800
2497895090576
1673261369744
2772772997520
1415563331984
2515074959760
1690441238928
2789952866704
1402678430096
1418850568800
1693728475744
1695004657312
1401604703904
2501116331680
1420126750368
1398651913888
2498163541664
1673529820832
1401654953616
1676532860560
1402660619856
1677538526800
1401654184352
2501165812128
1694785702304
1398701394336
1672523187536
1401940247888
2501451875664
1676818154832
2776329782608
2497157089680
1695003871568
2772034996624
1401940429200
2501452056976
1676818336144
2776329963920
1402946095440
2794499770016
1401939200656
2501450828432
1673512176208
2773023803984
1420109105744
2519620733520
1694987012688
1398634269264
2498145897040
2501182326352
1676548605520
2776060233296
2497157105312
1672523384480
2515125225888
1690491505056
2777118230944
1694786472352
1401940444832
2501452072608
1402728696224
2502240324000
1677606603168
2519369927072
1397309720992
2496821348768
1672187627936
2771699255712
1414489590176
2514001217952
1689367497120
1420126734752
2519638362528
1418833856848
1690709887376
2790221515152
1402677315152
2502188942928
1677555222096
2498162411088
2773040318032
2790220187216
1693996959072
2501435361696
2776313268640
2502457722256
1677824001424
2777335629200
1694803593824
1673311634832
2772823262608
1402728695184
1414489590432
1689367497376
2501116316320
1402946079056
2502457706832
1398702442832
2498214070608
1673580349776
1402677642832
2502189270608
1677555549776
2777067177552
1677875037520
2777386665296
2501433985680
1689686541712
2789198169488
1397627652704
2497139280480
1672505559648
2772017187424
1677555566240
1401873123936
1402744440144
2502256067920
2777133974864
1397561329312
2497072957088
2771950864032
1690758892176
1402996083344
2777385618064
2790020253264
1418784556688
2518296184464
1693662463632
2793174091408
1397308606048
2496820233824
1672186512992
2771698140768
1414488475232
2514000103008
1689366382176
2788878009952
2498230846880
2773108753824
2502525814176
1694987880784
1398366701904
2497878329680
1673244608848
2772756236624
1402661669200
1677539576144
1415546571088
2515058198864
1690424478032
2776245832080
1401872352672
2501383980448
1419857528224
2519369156000
1694735435168
2794247062944
1693661693344
1419052221856
2518563849632
1693930128800
1689685427792
1397578155600
2497089783376
1672456062544
2771967690320
1401873122896
1414556912224
2514068540000
1689434819168
1401940511376
2794315221648
2794247785040
2519369878096
1397627700640
2497139328416
1672505607584
2772017235360
2794297330080
2794247834016
2498163525984
1673529805152
2773041432928
2515343395168
2790221302112
2501367990624
1693914138976
2793425766752
1398366701920
1673244608864
1398635137376
1672438172064
2771949799840
1673260255840
2772771883616
1676466013792
2775977641568
2513984636512
1689350915680
2788862543456
1401588106848
1401603918496
2501115546272
2772035078816
1402745817760
2502257445536
2794583657120
1401940511392
2501452139168
1676818418336
2776330046112
1397377108640
2771949798800
1689618040208
2773040384656
1418783786640
2518295414416
1693661693584
2793173321360
1677539773072
1689417828000
1402947061408
1677824968352
2502458689184
1398635334224
2502441929296
1401939380816
2501451008592
1676817287760
2776328915536
1397644413520
2497156041296
1672522320464
2772033948240
1414824282704
2514335910480
1397376845216
2496888472992
1672254752160
2794231252320
2771766379936
2502189287840
1418850552144
2518362179920
1693728459088
2793240086864
2515325568592
2776044488352
1419840489056
2519352116832
2794230023776
1398365652576
2497877280352
1673243559520
2772755187296
1415545521760
2515057149536
1402677315216
2502457723232
2794515499360
2793240102496
1414538807712
2514050435488
1689416714656
2788928342432
1418850814560
2518362442336
1693728721504
2793240349280
1402929235536
2502440863312
1677807142480
2777318770256
1415814137424
2515325765200
1690692044368
2790203672144
1420109104720
2519620732496
1397308606112
2496820233888
1672186513056
2771698140832
1401603573408
2794231073168
1401671026272
2501182654048
2790003131808
2501183637840
1693711762768
2776043521360
2793441494416
1397628765600
2497140393376
1672506672544
2772018300320
1414808634784
2514320262560
1689686541728
2789198169504
1401923732896
2501435360672
2794313844064
2502507711136
2514252892576
1689619171744
2789130799520
1401587927456
2501099555232
1676465834400
2775977462176
1418767796640
2514252827040
1689619106208
2789130733984
1401856297376
1397578155616
2497089783392
1672456062560
2771967690336
2501098440272
2775976347216
1401855247952
2789129684560
2518546744912
1693913024080
1414825396560
2514337024336
1402946882192
2502458509968
2772840368480
2519420520800
1397645527392
2497157155168
2772035062112
1401940494688
2501452122464
1676818401632
2776330029408
2793156200784
1414471698768
1397291829584
2518546729296
1693913008464
2793424636240
1397560265040
2519419422112
2794297329056
1398634022496
2498145650272
1673511929440
2773023557216
1415813891680
2515325519456
2789936105808
2519353166160
2794231073104
2790220449168
1414825330000
2514336957776
1689703236944
2789214864720
1401940428112
1418851861840
2518363489616
1693729768784
2793241396560
1397645460816
1397644413584
2789213817488
1401939380880
1397291894352
2496803522128
1415832029584
2515343657360
1690709936528
2790221564304
1677606930832
2777118558608
1397645527440
1414825396624
2514337024400
1689703303568
2794565764448
1398651897184
2498163524960
1673529804128
2773041431904
2502458492256
1397560264096
2497071891872
1672438171040
2771949798816
1414740133280
2514251761056
1689618040224
2789129668000
1693913007520
2518546728352
1672506657184
1415630703008
1397645527456
2772035062176
1397561640608
2497073268384
2771951175328
1414741509792
2514253137568
2789131044512
2788946184528
1693729524048
2793241151824
1415562217056
1690440124000
2502188942944
1419857184352
1694735091296
2519368812128
2794246719072
2496820577952
1672186857120
2771698484896
1414488819360
2514000447136
1689366726304
1401603917472
2501115545248
1402744423760
2497877264736
1673243543904
2772755171680
1415545506144
2515057133920
1690423413088
2789935040864
1398650848912
2498162476688
1673528755856
2773040383632
1415830718096
2515342345872
1690708625040
2790220252816
2497157088608
1672523367776
1398449719968
2497961347744
1415898024608
2515409652384
1690775931552
2790287559328
2502524750496
2772034750800
1397645216080
2497156843856
2497088996944
1418850552160
2518362179936
1693728459104
2793240086880
2793241463392
1398635382176
1673513289120
2790204786080
1402930349472
1401939184016
2501450811792
1397293205088
2496804832864
1672171112032
2771682739808
1414473074272
2776060216656
1401670681936
2501182309712
2788945118544
1414555583824
1420126947936
2519638575712
2794516482656
1695004854880
2771765314896
2776060282192
1401670747472
1676548654416
2789213619536
1397644215632
1419119052112
2776262855264
2515342624096
1690708903264
2790220531040
2502457722208
1414807242064
2514318869840
1689685149008
2789196776784
1673580087968
1401654184528
1397627652688
2497139280464
1672505559632
1401922619984
2501434247760
2513984703056
1689350982224
2788862610000
2793426012752
1415832029792
2515343657568
1690709936736
1402729024096
1677606931040
2518363556448
1693729835616
2502507727248
2794498393744
1397560280720
2497071908496
2771949815440
1414740149904
2514251777680
2789129684624
1402660554384
1398702179984
2498213807760
1673580086928
2773091714704
1693997958480
2793509586256
2777051137360
2514335712608
1689701991776
2789213619552
1401670747488
1398449522016
1418784557648
2518296185424
1693662464592
2793174092368
2514269653584
2789147560528
1398651848032
2498163475808
1673529754976
2773041382752
2777118246240
2519638312288
1695004591456
2789198169760
1402930350736
2502441978512
2777319885456
1419053255312
2518564883088
1693931162256
2793442790032
1397377092240
1419925669200
2519437296976
2794315203920
1398652160672
1414758288032
2514269915808
1689636194976
2789147822752
1402930350752
1419053255328
2776043701648
1397292960352
2496804588128
2771682495072
1402744752784
1397560265104
2497071892880
1672438172048
2771949799824
2789934975376
2519352035728
1694718314896
2515409470880
1402928989856
1420175951520
1695053858464
1673596127824
2773107755600
1420193057360
2519704685136
2498230830480
1673597109648
2773108737424
1690508543376
2777067899216
2789952816544
1397309999504
2496821627280
1672187906448
2771699534224
1672171047568
2771682675344
1414473009808
2515343395424
1397578156640
2497089784416
1672456063584
2771967691360
1397309721184
2496821348960
2497072956832
1672439236000
2771950863776
1414741198240
2514252826016
1401873402192
2501385029968
1676751309136
2776262936912
1419053271376
2518564899152
1693931178320
2793442806096
1693914319440
2793425947216
1397561576016
2497073203792
1672439482960
2771951110736
1401856543312
2501368171088
1689619352144
2789130979920
1419858249312
1694736156256
1690760022416
2790271650192
1415814219168
2515325846944
1401603852880
2501115480656
1676481759824
2775993387600
1418783786576
1401603917392
1397560265120
2497071892896
2515325503904
1690691783072
2790203410848
1420108843424
2519620471200
1694986750368
2794498378144
1398365571488
1672186841504
2771698469280
1414488803744
2514000431520
2502525797792
2777403704736
1397377025440
2496888653216
1672254932384
2771766560160
1414556894624
2514068522400
1689434801568
1398651913872
2498163541648
1673529820816
2773041448592
1415831783056
2515343410832
1690709690000
2496888408416
2771766315360
1414556649824
2514068277600
2788946184544
1401671747936
2501183375712
1398366882192
2497878509968
2788878338384
1676481824352
2775993452128
1397308950112
2496820577888
1672186857056
2771698484832
1414488819296
2514000447072
2496871679376
1397293205152
2496804832928
2771682739872
1414473074336
2513984702112
2788862609056
1401588172448
2501099800224
1420110154064
2519621781840
1695003592352
1397360265888
2496871893664
1672238172832
1676548654480
1397375780240
2496887408016
1672253687184
2771765314960
1401670747536
2501182375312
1418850616720
2518362244496
1693728523664
2793509651856
2515074124112
2788945136272
1401670699664
2501182327440
1415563282000
2515074909776
1397578106448
2497089734224
1672456013392
2771967641168
1414757975632
2514269603408
1419858249296
1694736156240
1419908842832
2789198103888
1397360264528
2496871892304
1672238171472
2789147510368
1690490735248
2790002363024
2793492023952
1397359217296
1672237124240
2515057132896
2789935039840
2518630632016
2793508538960
1676481808736
2775993436512
1418783770976
2518295398752
1693661677920
2514335713696
2789213620640
2771765249376
2788929669536
1401655232928
1397376779920
2496888407696
2771766314640
1414556649104
2514068276880
2788946183824
1418850616736
2518362244512
1693728523680
2793240151456
1419924358560
1397309721232
2496821349008
1672187628176
2771699255952
1414489590416
2514001218192
1689367497360
2788879125136
1397578156688
1401873123984
2496821298848
2771699205792
1414489540256
2514001168032
1689367447200
2788879074976
1419925358240
1676532876960
2794298377568
2789198103904
1398434006368
2497945634144
1398702441824
1673580348768
2501434247840
2793223588512
2771748752032
1414539086496
2514050714272
1689416993440
2788928621216
1419119052176
2518630679952
1693996959120
2793508586896
1401939182992
2501450810768
1401588188832
2501099816608
1402745817744
2502257445520
2777135352464
1398651111776
1673529018720
2497962150240
1414808569168
2514320196944
1689686476112
1401923667280
2501435295056
1676801574224
2776313202000
1419103536464
1402997147296
1398719285840
1673597192784
1397627652752
2497139280528
1672505559696
2772017187472
2514319149712
2789197056656
2501384751760
2775994223264
1414758025888
2514269653664
1689635932832
2789147560608
2519369927328
1397309654608
2496821282384
1672187561552
2771699189328
1401604621904
2772018236000
1402745800032
1677623706976
2777135334752
1418834036128
2518345663904
1419924621984
2519436249760
2794314156704
1677623396688
2777135024464
1676549654864
2776061282640
1397577385616
1672455292560
1401872352912
2501383980688
2776261887632
1419857528464
1397644150096
2497155777872
1690775997024
2790287624800
2771699534240
1414489868704
1397292959328
2496804587104
1672170866272
2771682494048
1414472828512
2513984456288
1689350735456
2788862363232
1398449784464
1673327691408
1402744751760
2502256379536
2519436248720
2794314155664
2502239356256
2777117263200
1420176230800
1695054137744
1673579301264
2773090929040
1415881263504
2515392891280
1690759170448
2790270798224
2794516269456
1398651898256
2498163526032
1673529805200
2773041432976
1415831767440
2515343395216
1690709674384
2790221302160
1402946865552
1677539576400
2790019926368
2777403459936
2776061282656
1418851617120
1693729524064
1397376780640
1420125963936
2502189287072
1676481824416
2775993452192
1418783786656
2518295414432
1693661693600
2793173321376
1414473091744
2513984719520
2793442805072
2773041448608
1415831783072
1402946881184
2519638378144
1676734449232
2776246077008
1414488540560
1689366447504
1401603851856
2501115479632
2793173255760
1676481758800
1414540133776
2514051761552
1689418040720
2788929668496
2788862364256
1677539576416
2777051204192
1414472829536
2513984457312
1676481807776
1672439302752
1397561395808
1689366710688
2788878338464
1401603901856
2501115529632
1397308934560
2496820562336
1397292173648
2496803801424
2771681708368
1414472042832
1677538527904
2777050155680
1419840490144
2519352117920
1694718397088
2794230024864
2498162738512
1673529017680
2773040645456
1414825150880
2514336778656
1689703057824
2789214685600
1419120118176
2518631745952
1693998025120
2793509652896
1420110154080
2519621781856
1694988061024
2794499688800
1693981166240
2793492794016
1402929056352
1676801297056
1677806963296
2501435017888
2502440684128
2776312924832
2777318591072
1401940183376
2501451811152
1676818090320
1676750194016
1419840489104
2519352116880
1694718396048
2794230023824
2776261821792
1693998024080
2518631744912
1676817042016
1677808190800
2777319818576
2773040662928
2776261887648
1690709625424
1419103258256
2518614886032
1693981165200
2793492792976
2515343346256
2790221253200
2775976675664
1418767010128
2518278637904
1693644917072
2793156544848
2513983670608
2788861577552
1401587140944
1402660882768
1419119003216
2518630630992
1693996910160
2793508537936
2496870648208
1672236927376
1402728761936
2502240389712
1677606668880
2777118296656
1418833855888
2518345483664
1401653986704
2501165614480
1676531893648
1419119052192
1693996959136
1415882033568
2515393661344
1690759940512
2794314941776
1419925407056
1419102209360
2518613837136
1414807325008
2514318952784
1689685231952
2789196859728
2497961101728
1676549654928
2776061282704
1419925686944
1694803593888
2777135352480
2794315221664
1418767010144
2518278637920
1693644917088
2793156544864
1420109187424
1402997130640
2502508758416
1677875037584
2777386665360
1415882032528
2515393660304
1690759939472
2790271567248
1420176999824
2519688627600
1397627652768
2497139280544
1672505559712
2772017187488
1414807521952
2514319149728
1419102489248
1693980396192
2497089784480
1401873124000
1676751030944
1397309654624
2496821282400
1672187561568
1693645621904
2502257444496
1401587139936
2501098767712
1402996164000
1397359019424
2496870647200
1672236926368
2771748554144
1414538888608
2514050516384
1689416795552
2788928423328
1401653986720
2519704372560
2794582279504
1418767796880
2518279424656
1693645703824
2793157331600
1398366702224
1402661669520
1401856363152
1420194121296
2519705749072
1695072028240
2794583656016
1672505558672
2772017186448
1414758024848
2514269652624
1689635931792
2789147559568
1419858250384
2794247785104
2501183621472
2793492023968
1402930285136
1677555501648
2502457378400
1415831718480
1402946816592
1677824723536
2513984439632
1401670765152
1673579301280
1420176230816
1695004641696
2794516269472
2776245897888
2501367990944
2518279424672
1693645703840
2793157331616
1694719445664
1419841538720
1676481743184
1398382348960
1676466013856
2789952079504
1689636210016
2789147837792
1420126733712
2519638361488
2771951109728
1414741444192
2518548039264
1693914318432
2793425946208
2794515155552
2497089014432
1672455293600
2771966921376
1414757255840
2514268883616
1689635162784
1401872353952
2501383981728
1419052223136
1414556699040
2514068326816
2772823525712
1398382347920
1673260254864
2501451859296
1397292173664
2496803801440
2771681708384
1414472042848
2513983670624
2788861577568
1401587140960
2501098768736
2788861233744
1401586797136
2501098424912
1676464704080
2775976331856
1415830652496
2515342280272
1690708559440
2519637247568
2794515154512
1398433745232
1673311652176
1402728712528
2502240340304
1677606619472
2777118247248
2794516220240
1418851617104
2518363244880
1418767731024
1414757254800
2514268882576
1415815203472
1690693110416
2515326831248
1415545506192
2515392890464
1690759169632
2790270797408
1403014170192
2502525797968
1677892077136
2777403704912
1419925603920
2519437231696
1694803510864
2794315138640
2498163476832
2773041383776
1415831718240
2515343346016
1690709625184
2790221252960
1402946816352
2502458444128
1676465047952
2775976675728
1398365915536
1397560609168
2497072236944
2790203476304
1415813941584
2515325569360
1419841717664
2519353345440
1695054906768
2794566534544
1414472041808
2513983669584
2788861576528
2518278636880
1693644916048
2793156543824
2497877280416
1673243559584
2772755187360
1415545521824
2515057149600
1690423428768
1677538526880
2777050154656
1398365652640
1418851928720
2518363556496
1693729835664
2793241463440
2790204720480
1401939118416
2501450746192
1676817025360
2776328653136
1414824020304
2514335648080
2789213555024
2790203475536
1402929055328
2502440683104
2777318590048
1415813957216
2515325584992
1690691864160
1420108924512
2519620552288
2501098424928
1676464704096
2775976331872
2793509898832
2789214931536
1419858250144
2519369877920
1694736157088
1418850567840
2518362195616
1693728474784
2793240102560
1689635161744
2789146789520
1415899072096
2515410699872
1690776979040
2519620815264
1401587141024
2501098768800
1676465047968
2775976675744
1418767010208
2518278637984
1693644917152
2793156544928
1398365915552
2501183636896
2498162754960
2773040661904
1415830996368
2515342624144
2794515498384
1694786538080
1401922423136
2501434050912
2776311957856
1419102292320
1693980199264
2776043521424
2793223390608
1689416795536
2788928423312
1693711762832
2794582328912
1414824085072
2514335712848
2789213619792
1402744489552
2502256117328
2777134024272
1415629391440
2502189270624
1402997130656
2502508758432
1677875037600
2777386665376
1420194105680
2519705733456
2794583640400
1401922422096
2501434049872
1676800329040
1419925685920
2777135351456
2497961347664
2772839254608
1415629589072
2515141216848
1690507496016
2790019123792
1397292960400
2496804588176
1672170867344
2771682495120
1414472829584
2513984457360
1689350736528
2788862364304
1398717908320
1673595815264
1415897777504
1403012875616
2502524503392
1420192744800
2519704372576
2498229585296
1672439219600
2771950847376
2790288688736
1403014252128
1420194121312
2789197055648
1418784770384
1397561395792
2497073023568
1672439302736
2771950930512
1401856363088
1676734270032
1414741264976
2515057133968
1690423413136
2789935040912
1694736157344
1398433745488
1673311652432
1415882050128
2515393677904
1401670747744
2501182375520
1676548654688
1689635883616
2789147511392
1419858250336
2519369878112
1694736157280
1402930039392
2502441667168
1677807946336
2777319574112
1402946816608
1398651849312
2498163477088
1673529756256
2773041384032
1690709625440
2790221253216
2790204738192
1402930021712
2502441649488
2794230990160
1398366618960
2497878246736
1673244525904
1401604622992
2777318509200
1397308868960
2496820496736
1672186775904
2771698403680
1414488738144
2514000365920
1689366645088
1403013925520
2502525553296
2777403460240
1676734204560
2776245832336
1689686215008
2789197842784
1398651848272
2498163476048
1673529755216
2773041382992
1419841538448
2519353166224
1694719445392
1676818335376
2776329963152
2777051138720
1397578107552
2497089735328
1693662415520
2793174043296
1415546505888
1673579300256
2777385895328
2502507988384
2498146765136
1673513044304
2773024672080
2502441732432
2777319639376
1415815006544
2515326634320
1690692913488
1401671747984
1672438236752
2771949864528
1401855297104
2501366924880
1676733204048
2776244831824
1419035166288
1694718331472
1676465751392
2775977379168
1418767713632
2518279341408
1693645620576
1673244525920
1419120052560
2518631680336
1693997959504
2519352036000
2793509587280
1414825085264
2514336713040
2789214619984
1673243478688
2793424636576
1401586797216
1677823657568
2777335285344
1415830652512
2515342280288
1690708559456
2790220187232
1402945750624
1401872352928
2501383980704
1676750259872
1397577385632
2497089013408
1672455292576
2771966920352
1398365637024
2772034995872
2771766560416
1689434801824
1414825330336
1415813941600
2515325569376
2790203476320
2502440667488
1401922356880
2501433984656
1676548589984
1418850552224
2518362180000
1693728459168
2772755170704
1694718379408
2794230007184
1415545505168
1402677643856
2502189271632
1690440452688
2789952080464
1398383396432
2497895024208
1673261303376
1397644151136
2497155778912
2772033685856
1414824020320
1419120364128
2518631991904
1693998271072
2793509898848
2790203475280
2519620535632
1414825396832
1677807142560
2502440863392
2777318770336
2519638313552
2496887342480
1677622396560
1676817090192
2776328717968
1414555649680
2514067277456
1689433556624
2788945184400
1419119052432
2518630680208
1420125963680
1677824001440
2777335629216
2772033684816
1419118986576
2518630614352
1693996893520
2793508521296
1676817024336
2776328652112
1401939117392
2501450745168
2519420470864
1689686476368
2789198104144
2519437249104
2501116250768
1676482529936
2775994157712
1418784492176
1693662399120
2793174026896
1397309655696
2496821283472
1672187562640
2771699190416
1677555550816
2777067178592
1676750244448
1401603902048
2501115529824
1419051943248
2518563571024
1693929850192
2777135335840
2501165614496
1676531893664
2776043521440
1418833855904
2518345483680
1693711762848
2793223390624
1676548916560
2776060544336
1418834102864
1693712009808
1401654233680
2794313893536
1397375780512
2496887408288
1672253687456
2496803538256
1397627454816
1672505361760
2497945618768
2502509021520
1677875300688
2777386928464
2777135285584
1402745750864
2502257378640
1419925620048
1398450783568
1673328690512
1419908843104
1694786750048
2772840367504
1402745800080
2497961347680
2502257427856
1677623707024
2777135334800
2777134221920
2794314091104
1419924556384
2519436184160
1689634833744
2789146461520
1420126946656
2519638574432
1673597125984
1397376764240
2496888392016
2771766298960
1397308867936
2496820495712
1672186774880
2771698402656
1414472746384
1414741181840
2514252809616
1689619088784
2789130716560
1397292877200
2496804504976
1672170784144
2771682411920
1397561312656
1420194104656
2519705732432
2794583639376
2497139262864
1672505542032
2772017169808
2501434230160
1401856363104
2501367990880
1676734270048
2776245897824
1398718220944
2498229848720
1673596127888
2773107755664
1415898090128
1403013188240
1419924555344
2519436183120
1694802462288
2794314090064
1676465768800
2775977396576
2518563850912
1693930130080
2793441757856
1419053204880
2518564832656
1693931111824
2793442739600
2771749783904
2794516203856
1401653986896
2501165614672
1676531893840
2776043521616
1402727728720
1677605635664
1419907844432
1677605882192
2777117509968
1676734269008
1415563282080
2515074909856
2776261559648
1397308622176
2496820249952
1672186529120
2771698156896
1414488491360
2514000119136
1689366398304
2788878026080
1401603589472
2793241152080
2518363245136
1418851617360
1693729524304
1677623396944
1397292877216
2496804504992
1672170784160
2771682411936
1414472746400
2513984374176
2519369942352
1402946815584
2502458443360
1677824722528
2777336350304
2497878329760
2772756236704
1415546571168
2515058198944
1690424478112
2789936105888
2514268818000
1401872288336
2772822558304
1415612892768
1690490799712
2790002427488
2498146765152
1673513044320
2773024672096
1676750244256
2794499426640
1420109891920
2519621519696
1676549654944
2776061282720
1419035166304
2518546794080
1397627455072
2497139082848
1672505362016
2772016989792
1419907597920
1419841537424
1397309982032
2496821609808
1672187888976
2771699516752
1401604949328
2501116577104
1414489851216
2514001478992
1689367758160
2788879385936
1397308934800
2496820562576
1672186841744
2771698469520
1414488803984
2514000431760
1689366710928
2788878338704
1397577370256
2497088998032
1401939461472
2501451089248
2519353099936
2794231006880
1401671748192
2501183375968
1397645216096
2497156843872
2772034750816
1414825085280
2514336713056
2789214620000
1401940183392
2501451811168
2498146764112
1673513043280
2773024671056
1690693093776
2496888407440
1672254686608
2771766314384
1695054136928
2519687857760
2794565764704
2515074124176
1690440403344
2789952031120
1402677594512
2771749586320
2788928407904
2514336712016
2789214618960
1415830931792
2515342559568
1690708838736
2790220466512
1420125899088
2519637526864
1398635333280
2498146961056
1673513240224
2789213571728
1401939135120
1397578417504
2497090045280
1672456324448
2771967952224
1414758286688
2514269914464
1689636193632
2789147821408
2788946250128
1401603902112
1418783771296
2518295399072
1693661678240
2793173306016
1397577370272
2497088998048
1672455277216
2771966904992
1414757239456
1402930300512
2502441928288
1677808207456
2777319835232
1676549916256
2776312137104
1414555583904
2514067211680
1689433490848
2788945118624
1401670682016
2501182309792
1414538824016
1401653922128
2501165549904
1695070914896
2497961363792
2502256331088
2498229799248
1414824298832
1419052222096
2518563849872
1693930129040
2793441756816
1695055169936
2519688890768
2794566797712
1693996893536
2793508521312
1415899088528
2515410716304
2793509897824
1418783458704
1401603589520
2501115217296
2498230847136
1673597126304
2773108754080
1403014186656
2502525814432
1677892093600
1397309655712
2496821283488
1672187562656
2771699190432
1414489524896
1403012876688
1677890783632
2776262593120
2789147495008
1398634351184
2498145978960
2773023885904
1693913352784
2794498722384
2793424980560
2501098768976
2775976675920
1403014253200
2502525880976
2777403787920
1694803527248
2794566797728
1676533123488
2776044751264
1401655216544
1690507232656
1397560542816
2497072170592
1672438449760
2773090731664
1401653986960
1677623707040
2777135334816
1401872091808
2501383719584
1402729040208
2502240667984
1677606947152
2777118574928
1397578090064
2497089717840
1672455997008
2771967624784
2514320246160
1420193794704
2519705422480
2794583329424
2773108802912
1403014235488
2789197039008
1401922602400
2501434230176
1676800509344
2776312137120
1419102471584
2518614099360
1693980378528
2793492006304
1689619155280
2789130783056
2777402722976
1398718220960
2498229848736
1673596127904
2501098768992
1677556271520
1397292959392
2496804587168
1672170866336
2771682494112
1414472828576
2513984456352
1689350735520
2788862363296
1414471699024
2513983326800
2794565552528
1397359004048
1401653986976
2501165614752
2518296397152
1693662676320
2793174304096
1419036231264
2518547859040
1693914138208
2793425765984
2776262919568
1676751291792
2497895351696
2772773258640
1398718219920
2498229847696
1673596126864
2773107754640
1403013187216
2502524814992
2794247767440
1402678363536
2502189991312
1677556270480
2497895024016
1673261303184
2772772930960
1419858232720
2518363507104
2497156844192
2772034751136
1402744686160
2502256313936
1677622593104
2777134220880
1419053270416
2518564898192
1414757190240
2514268818016
1689635097184
2789146724960
1693931177360
2793442805136
1690490783056
2498162412176
2773040319120
1415830653584
2515342281360
1690708560528
2790220188304
2794297117088
1420176017824
2519687645600
1695053924768
2794565552544
1397359004064
2496870631840
1672236911008
2771748538784
1414538873248
1402947126688
2502458754464
1677825033632
1695004902816
2794516530592
1414757189200
2514268816976
1689635096144
2789146723920
2772755106128
1415545440592
2515057068368
1402660538704
1415613876832
2515125504608
1690491783776
1677539822160
2777051449936
1402661915216
1673513043296
2773024671072
1398635317664
1401872336288
2501383964064
1673513224608
2515326814624
1690693093792
1397560609104
2497072236880
2771950143824
1414740478288
2514252106064
2789130013008
2518630893968
1419924572560
1401671993936
2501183621712
1676549900880
1693729770064
2776061528656
1414556895824
1689434802768
2793241397840
2773091961424
2772033702560
2519621780880
1415815185808
1414824037024
2514335664800
2789213571744
2515326813584
1690693092752
1694988060048
2790204720528
1689685411408
2789197039184
2773023622800
2502440683152
2777318590096
1415813957264
2515325585040
1677824706896
2777336334672
1402946799952
2502458427728
1397561656656
2497073284432
2771951191376
1414741525840
2514253153616
2789131060560
1398635398480
2777318853264
1420109187728
2519620815504
1414555863456
2514067491232
1689433770400
2788945398176
1676817041040
2776328668816
1689701942928
2789213570704
1419119003280
2518630631056
1693996910224
2793508538000
2515140953488
1676750195280
1419102292368
1693980199312
2793491827088
1420177066576
2497961167440
1673327446608
2772839074384
2515141036624
1694802283088
1690507315792
2790018943568
1420110234976
1397292173984
2496803801760
2771681708704
1414472043168
2513983670944
1677892160160
1403014253216
2775977396816
2793157266000
1418767731280
2518279359056
1693645638224
1673595815312
1419857462624
2519369090400
1694735369568
2794246997344
2501183359312
1676549638480
2776061266256
1401603835232
2501115463008
1414471698784
2513983326560
2497945699664
2772823606608
2794498459232
1398651849360
1673529756304
1420126685840
2519638313616
1695004592784
2794516220560
1415831718544
1690709625488
1401604704592
2501116332368
1676482611536
1690490800784
2790002428560
1402727991952
2502239619728
1677605898896
1420193056416
2519704684192
2794582591136
1418783524176
1419841472848
2519353100624
1398366636368
2497878264144
1673244543312
2772756171088
1690424412496
2789936040272
1402661603664
2502173231440
2501098423888
1676464703056
2775976330832
1418766665296
2518278293072
2498163459424
2773041366368
1415831700832
2515343328608
1690709607776
2790221235552
1402946798944
1677824705888
1420126668128
2519638295904
2497945373280
1419053270432
2518564898208
2777117508960
1398650784416
2498162412192
1673528691360
1414741444256
2514253072032
1689619351200
2789130978976
2501368170144
2776246077088
2519638378848
1689635948896
1397577320032
2497088947808
1672455226976
2771966854752
1402660538720
2502172166496
1419840407904
2519352035680
2794229942624
1676734187088
1676465751632
2775977379408
1418767713872
2518279341648
2776245814864
1415612630368
2515124258144
1415830652560
2515342280336
1690708559504
2790220187280
2793426027920
1676734530960
1419036493200
2518548120976
1677808272784
2777319900560
1397561656720
2497073284496
1672439563664
1414740478304
2514252106080
2789130013024
1401855576416
2501367204192
2793424980320
1676733483360
2776245111136
1419858512208
1690691848592
1677538444624
2777050072400
1402660537680
1693729786208
1676818090336
2776329718112
1420110153120
2519621780896
2772033685904
1401855575376
2501367203152
1397560608080
2497072235856
2771950142800
1414740477264
2514252105040
1398366619232
2497878247008
1673244526176
2772756153952
2777319556704
1397645527696
2497157155472
2772035062416
1414825396880
2514337024656
2789214931600
1401940494992
2501452122768
1401671992912
2501183620688
1676549899856
1676734530976
2776246158752
1672171128224
2771682756000
1414473090464
2513984718240
1689350997408
2788862625184
1419053205920
2518564833696
1693931112864
2793442740640
2777403722144
2794499705248
1397309933984
1397644166816
2497155794592
2772033701536
1414824036000
2514335663776
1676817041056
1414540183888
2514051811664
1689418090832
2788929718608
1401655282000
2501166909776
2777118296736
2501434050976
1676800330144
2776311957920
1419102292384
2518613920160
1693980199328
2793491827104
1398702230112
1401653921120
2518345418080
2793223325024
2498213857888
1673580137056
2773091764832
2501165548896
1676531828064
2776043455840
1414756975968
2514268603744
1689634882912
2789146510688
1402677331296
2502188959072
2788862625440
1398634267984
1420194105744
2519705733520
1695072012688
1397627454864
2497139082640
1672505361808
2772016989584
1419924293984
1694803510608
1398450767184
2497962394960
1673328674128
2772840301904
1673580136016
2773091763792
1418850895456
2518362523232
1693728802400
2793240430176
1673595815328
2773107443104
1403014252192
2502525879968
2777403786912
1420194121376
1415898024528
2515409652304
1690775931472
2790287559248
1420192991824
2519704619600
1695070898768
2501367990928
1676734270096
2776245897872
1414741265040
1672456276304
2771967904080
1419908908384
1694786815328
1677606946144
1414540118608
2514051746384
1689418025552
2502458509728
2793174108576
1397309737376
1677556353440
2777067981216
1401873140128
1419053206096
1693931113040
2502239619744
2497944652448
2772822559392
1415612893856
2515124521632
1690490800800
1419857200720
2519368828496
1694735107664
1695071963744
2794499705440
1420110170720
2519621798496
1402947078752
1693914121568
2518547842400
1419036214624
1676734252384
1398366619280
1673244526224
2777051121296
1415546505568
2515058133344
1694719379808
1402661603680
2502173231456
1695004591760
1420126684816
2519638312592
2496803456608
1694785767056
1677605897872
1420194056848
2519705684624
1695071963792
2794583591568
2771967904400
2515326634384
1690692913552
2790204541328
2502441732496
1401655019168
2514000364944
1689366644112
2788878271888
2771698402704
1414488737168
2793424701072
2501115201872
1676481481040
2775993108816
2515342281040
1398382348624
2497893976400
1673260255568
2772771883344
2789146707280
2518563767632
1397645216144
2497156843920
1672523123088
2772034750864
1401940183440
2501451811216
1676818090384
1402928990800
1677806897744
1419908844128
1694786751072
1398634072480
2498145700256
1673511979424
2773023607200
1415813941664
2515325569440
1690691848608
1419924292944
2519435920720
1419102276176
1420176018000
2497878574688
2496820234592
2771698141536
1414488476000
2514000103776
1689366382944
2788878010720
1397577042272
2497088670048
1672454949216
2771966576992
1397309982288
2496821610064
1672187889232
2771699517008
1414489851472
2514001479248
1689367758416
2788879386192
1397644151200
1397645527712
1415813940624
2515325568400
1690691847568
2790203475344
2519620535696
1398634071440
1673511978384
1397377025632
2496888653408
1672254932576
2771766560352
1414556894816
2514068522592
1689434801760
1401671992928
2501183620704
1676549899872
1414757254816
2514268882592
1689635161760
2771681625488
1420109104528
1398365832592
2497877460368
2519687645792
2794565552736
1677823657296
2790220186960
1398650783056
2498162410832
1673528690000
2773040317776
2515342280016
2514067211600
1690508561040
2790020188816
1694803528336
1419925621392
2519437249168
2794248095328
1677556598368
2777068226144
1676482856544
2775994484320
1418784818784
2518296446560
1693662725728
2498162410848
1673528690016
2773040317792
1415830652256
2515342280032
1690708559200
2790220186976
2502457378144
2794515154272
2502172494496
2777050401440
1673579088544
1403014187600
2502525815376
1677892094544
2777403722320
1415899089488
2496803474080
2771681381024
1401873058448
2501384686224
1676750965392
2518564555408
2790287575632
1420109104544
2519620732320
1694987011488
2776245028256
2518278555040
1401587058080
2501098685856
1414807324064
1689685231008
1401922422176
2518278292880
2498145633680
1673511912848
2773023540624
2793156199824
1693930915152
2793442542928
1695055170192
2794566797968
1402745734496
2501367907920
1414472747344
2497893975456
1419035100576
1690708559264
2790220187040
2772839254688
1415629589152
2515141216928
1419924556448
2519436184224
1694802463392
1398718155360
1673596062304
2794582279520
2773107690080
1403013122656
1419036232352
2518547860128
1693914139296
2793425767072
1401587861088
2501099488864
1676465768032
1398718171744
2498229799520
1673596078688
2773107706464
2514269866336
1419103521440
2518615149216
1693981428384
2793493056160
1402997394080
1677875301024
2777386928800
1401923717776
2501435345552
1403013121616
2502524749392
1677891028560
2777402656336
1420192990800
2519704618576
1690693093968
1695003527568
2519637248400
1420125636256
2519637264032
1397308622496
1415881312592
1690759219536
1420176279888
2519687907664
1695054186832
2794565814608
1420126684832
1695004591776
1414757190288
1419907860128
1677875103056
2777386730832
1419908629840
2519420257616
1694786536784
1397360051536
1398635137440
2498146765216
1673513044384
2773024672160
1415815006624
2515326634400
1414807308944
1689685215888
2789196843664
2502507776656
2777385683600
2498213086816
2773090993760
1415546504544
2515058132320
1690424411488
2789936039264
1398366635360
1401855297184
2501366924960
1689618106016
2793172978080
2788861512016
1694718331552
2794229959328
1402660555424
2793241217616
2502172183200
2777336661648
1397577041488
2497088669264
1672454948432
2771966576208
1693644572240
1401872270688
2501383898464
1676750177632
2776261805408
1419052139872
2518563767648
2502172165728
2790204540304
2777318525536
2498146945616
2502457705824
2502172182160
2777050089104
1419840423568
2519352051344
2794229958288
2515393725792
1690760004960
2790271632736
1415613662560
2777386730848
1415612615328
1414807308960
2514318936736
1398701181600
2498212809376
1414825084304
1689702991248
2789214619024
1398651062672
2498162690448
1673528969616
2773040597392
1418783442576
1420175951504
2519687579280
1695053858448
2794565486224
1418850617952
1693728524896
1672456324768
2771967952544
1690441500320
1402660538016
1673511978400
2773023606176
2515325568416
2790203475360
2794229958992
2777050089808
1420108859728
1690508364112
2790019991888
2515057132944
1690423412112
2789935039888
1403014186320
2502525814096
1677892093264
2777403721040
1677623657808
2518362244688
1415613598288
2515125226064
1690491505232
1677622610576
2776328931984
1419119266448
2518630894224
1402745752160
2502257379936
1677623659104
2777135286880
2789213554080
1414825395872
2514337023648
2789214930592
2518631990944
1403014187616
1398719220320
1677892094560
1420194056800
2793224684896
2502525815392
2498230848096
1673597127264
1402744490336
2789147576736
2794582541904
2789131060816
2771951191632
1398635398736
1673513305680
1676532140704
2776043768480
1418834102944
2518345730720
2790019140256
1419119266464
2518630894240
1693997173408
2793508801184
1693645621600
2790018925904
1402744489296
2502256117072
1677622396240
2519420537232
2501165860496
1676532139664
2776043767440
1418834101904
1693712008848
2794583639456
1418768042320
2772756482384
1402661914960
2502173542736
2777051449680
1694988126544
1402997475664
1420177344848
1398635398752
1673513305696
1398449718944
2497961346720
1402744686240
1673327625888
2772839253664
1419924374864
2519436002640
1694802281808
2794313909584
1676548670800
1694785702480
2794247834192
1419858299472
2519369927248
1694736206416
2771681364624
1414471699088
1398433793424
1414824019280
2514335647056
2789213554000
2497944635808
2772822542752
1415612877216
2515124504992
1690490784160
2790002411936
1672456275296
2771967903072
1414758237536
2514269865312
1689636144480
1398366947680
1415815252320
2515326880096
1690693159264
2790204787040
1402930350432
2777319885152
1677824705936
2777336333712
1420126668176
2519638295952
1695004575120
2794516202896
1401872288416
1676750195360
1419052157600
2518563785376
1693930064544
2497944634768
2772822541712
1415629407584
2515141035360
1690507314528
2777134040416
1398717973856
2498229601632
2790221318736
1420126751312
2519638379088
1695004658256
2794516286032
1415613662624
2515125290400
1676549720672
2793441691280
2794229942672
2501451089568
2497878575760
2772756482704
1415546817168
2515058444944
1690424724112
2789936351888
1402661915280
2502173543056
1415813892496
2515325520272
1690691799440
2790203427216
1402660555152
1677538462096
2498146764192
1673513043360
2773024671136
1420108843344
2519620471120
2794498378064
1398719219088
2498230846864
1673597126032
2773108753808
2515057084064
2794229958304
1402660554400
2789934991008
2502189288016
2497894320720
1673260599888
2772772227664
2497895107168
2502190074464
2501451810208
1676818089376
2776329717152
1690691798624
2790203426400
1689703238224
2789214866000
1401940429392
2501452057168
1676818336336
2776329964112
1414825331280
2514336959056
2498213791312
2518631926352
1398634023328
2502172182944
2777050089888
2789934991776
1419840424352
2519352052128
1694718331296
1415815267984
2515326895760
1690693174928
2790204802704
2497962215776
1690508364128
2790019991904
1402745555296
2502257183072
1677623462240
2777135090016
1419052156256
1398450783648
2497962411424
1673328690592
2772840318368
1415630652832
2515142280608
1690508559776
2790020187552
2776060282464
1415613598304
1402728696416
1677606603360
1676533205664
2776044833440
1418835167904
2518346795680
1693713074848
2793224702624
2775977395552
1419052222112
2518563849888
1693930129056
2793441756832
1689685166432
2789196794208
1401923734112
2501435361888
1676801641056
2776313268832
1398450586960
2777135270288
1414538823056
2514050450832
1689416730000
2794247063888
1415830997328
2515342625104
1690708904272
2790220532048
1398433728080
1693713073808
2793224701584
1677539821968
1419841784208
2519353411984
2772756498080
1415546832544
2777319900832
1676466095776
2794583574864
1401922356560
1673595882064
1398717975120
2497961166224
2772839073168
1415629407632
1690507314576
1415630653088
2515142280864
1690508560032
2790020187808
1402745751200
2502257378976
1419925620384
2519437248160
2794315155104
2496804522640
2771682429584
1414472764048
2513984391824
2788862298768
1398382413200
2497894040976
1673260320144
2772771947920
1415629391200
2515141018976
1690507298144
2790018925920
1402744489312
2502256117088
1677622396256
1415613942176
2515125569952
1690491849120
2790003476896
2502240668064
2519420537248
1401873057440
2501384685216
1676750964384
2776262592160
2501165860512
1676532139680
2776043767456
1418834101920
1414539134624
1398382692704
1673260599648
2772772227424
2498162755936
2773040662880
2515342625120
2501383702928
2519638640976
1695004920144
2501367974304
1397292877152
2496804504928
2771682411872
1414472746336
2513984374112
2788862281056
1401603656096
2501115283872
1398365832784
2515057329744
2790287377824
1398449538464
2497961166240
1673327445408
2772839073184
1415629407648
2515141035424
1690507314592
1398434071952
2497945699728
1673311978896
2772823606672
1402729039248
2502240667024
2519419423328
1673261369952
1415563332192
2515074959968
1690441239136
2789952866912
2502190058080
2777067965024
1676464704160
1397291829920
2496803457696
2771681364640
1414471699104
2513983326880
2788861233824
2497895107216
2772773014160
1398651914896
2498163542672
1673529821840
1415831784080
2515343411856
1690709691024
2777403770208
2789146528096
1398702507344
2498214135120
1673580414288
2773092042064
1402997474640
1420177343824
2519688971600
2773024852384
1694988061264
1401855232608
2519621782096
1420110154320
2793173058960
1401603655056
2501115282832
1676481562000
2775993189776
1398366636432
2497878264208
1673244543376
2519419422288
1690490734160
1419907794512
1694785701456
2794297329232
2775976330896
1397291828880
2496803456656
2771681363600
1414471698064
1415814941008
1420109908304
2519621536080
2794499443024
2497944634784
2772822541728
1415612876192
1415814137440
1676464965216
2518278555232
2793156462176
1401855231568
2501433968976
1676800248144
2776311875920
2518278293840
1415612549728
1690490456672
1677556353696
1420125620576
2519637248352
1695003527520
2794515155296
1676800248160
2771949799776
2776061331792
1415546817184
2515058444960
1419841784480
1402661915296
2502173543072
2777051450016
1402928974176
2790003394896
2789213898080
2773107427744
1419051878816
2518563506592
1402660537744
1415562218064
1690440125008
2502188943952
2519620470096
2794498377040
1690691781968
1420108842320
1398634005840
2498145633616
1673511912784
1415813875024
1676733482384
2776245110160
1673529035152
1673528691296
2502457379424
2777335286368
1398382348896
2497893976672
2794246720096
1415830653536
2515342281312
1690708560480
2790220188256
1401923717456
2501435345232
1676801624400
2776313252176
1690508363104
2788862297424
1676548933968
1402677660064
1401655297696
1418834037328
2518345665104
2773108738400
1397627389280
2497139017056
1672505296224
2772016924000
1414807258464
2514318886240
1689685165408
2789196793184
1401922356576
2501433984352
2777402721936
1398634268304
2498145896080
1673512175248
2773023803024
1415814137488
2515325765264
1690692044432
2773091763856
2502508824208
2793157266080
1401587862176
2501099489952
1676465769120
2775977396896
2790270536096
1398449538704
1673327445648
1398719202640
2498230830416
1677892076880
2777403704656
1398650784352
2498162412128
2794314893664
2497072958048
1672439237216
2771950864992
1414741199456
1398717974096
2498229783184
2773107690128
2775977395856
1418767730320
2518279358096
1693645637264
2793157265040
2790271912608
2777050334880
1402929235616
2497945699744
2777118573984
2772823606688
1419908908448
1401872009872
2501383637648
1694785685840
1414741198416
2514252826192
1689619105360
2789130733136
1397561329232
2497072957008
1690775733648
1695053859488
2794565487264
2794566878560
2514252875168
1689619154336
2789130782112
2498213087904
2773090994848
2777385962144
1401603655072
2501115282848
2794297329248
1402727925344
2497895089760
2772772996704
1415563331168
1401603902032
2501115529808
1402930039136
1677807946080
2777319573856
1401855231584
2501366859360
1402996426384
1694719378832
2794231006608
1419841471888
2519353099664
2777051137424
2502173230480
1398651831632
1401604621648
1676749916816
2776261544592
1402677316240
1419051879056
2502441665872
2777319572816
1398702229072
2498213856848
1677556270432
1676750964064
2776262591840
1402928973152
1397560608160
2497072235936
2515326879328
1690693158496
2790204786272
2788946429600
1676750243232
2776261871008
1414825330272
2514336958048
1689703237216
2789214864992
1401940428384
2501452056160
2502172166480
2777050073424
1690441189024
2793493121376
1414808619360
1689686526304
2776060561760
1418850896224
2515141215568
1690507494736
2790019122512
1694802462032
2794314089808
1418835150224
2793224684944
1673327625568
1419907777888
2519419405664
1694785684832
2794297312608
2777051466400
1398450767264
1415630636448
2788945462608
1401671026000
2776060560720
2497139329680
2772017236624
1414807571088
2514319198864
1689685478032
2789197105808
2772839073440
2496870827600
1672237106768
2519620732304
2794498639248
1398719202656
1672439220560
1398634268064
2498145895840
1673512175008
2773023802784
2775993124432
2771698157904
1673328675152
1420194040144
2519705667920
1695071947088
1398450783840
1398432942432
2497944570208
1689434540368
2788946168144
1414556633424
1397561329248
2514252826208
2789130733152
2788878271840
1401873057168
2501384684944
2776262591888
1419052926352
1693930833296
2793442461072
1398718154384
1673596061328
2515409651344
1420192746064
2519704373840
1414825331040
2514336958816
1689703237984
2789214865760
2777118229904
1402744505936
1676532926096
2776044553872
1418834888336
1693712795280
2498213856912
1695054202528
1402996426400
1398383396256
1398383741264
1693644851600
1402661849680
2502173477456
1677539756624
1414740412752
2794498639440
1418850813520
2518362441296
1693728720464
2793240348240
2788945185104
1419119053136
1397644232288
2497155860064
2772033767008
1414824101472
2514335729248
2789213636192
2777134040672
1398365832800
2497877460576
1673243739744
2772755367520
1397360051872
2496871679648
2515074173280
2789952080224
2501182572176
2790287558288
1420192990864
2519704618640
2789129685648
2794229959312
2502172427936
1420194055824
2519705683600
1695071962768
1398450783888
2497962411664
2772840318608
1415630653072
2515142280848
1397377042064
1398702164560
2501435361936
1418834101648
1693712008592
2793223636368
1397292893536
2496804521312
2771682428256
1414472762720
2513984390496
2788862297440
2519620487840
2794498394784
1397560281760
2497071909536
2771949816480
1414740150944
1403014171024
2502525798800
2777403705744
1420194040208
2519705667984
2794583574928
1397645461904
1397377026448
1676549916320
2776061544096
1418851878560
2518363506336
1693729785504
2793241413280
1415899088544
2515410716320
2772035012256
1397645477536
1401923716448
1676548670880
2776060298656
1676548932960
2776060560736
1673311914336
2514319198880
1689685478048
2789197105824
1398449522064
2497961149840
1673327429008
2772839056784
1689366727248
2788878355024
2501165860256
1676532139424
2776043767200
1418834101664
2518345729440
1693712008608
2793223636384
2514252810592
2789130717536
1420110219920
2519621847696
2794499754640
1397561641616
2497073269392
1398702508432
2498214136208
2773092043152
1403014171040
1677892077984
1415899072928
2515410700704
1690776979872
1398434006352
2497945634128
1673311913296
2772823541072
1397627700880
2497139328656
1672505607824
2772017235600
1414807570064
2514319197840
1689685477008
2789197104784
1401922668176
2501434295952
2777067965072
1398383463056
2497895090832
2772772997776
2515074960016
1690441239184
2789952866960
1402678430352
2502190058128
1415881263696
2794582328720
2793442806368
1690708904544
1418783787616
1693661694560
1398382692960
1414488820320
2514000448096
1398701443488
2775977708192
2497944569184
2772822476128
2515124438368
2502239536480
2498229601952
2773107508896
1415897843360
2515409471136
1690775750304
2773091977552
2772773276000
1402728696144
2502240323920
1677606603088
2497072956816
2771950863760
1401940249184
2501451876960
1419119053216
2789198104928
2519688907104
1677623395664
1677806896800
2777318524576
2497878248096
1419036165536
2518547793312
1693914072480
2793425700256
1676465767840
2775977395616
1397292893600
1398702491024
1672455013776
2771966641552
1694803331488
2794314959264
1403013990752
1397627390368
1672505297312
1420126669136
2519638296912
1695004576080
2793223391568
1693981510304
2776313268896
1676801641120
1397628766880
2497140394656
1672506673824
2772018301600
1414808636064
2514320263840
1689686543008
2793442805328
1414757255824
1398719022416
2498230650192
1673596929360
1676531894624
2776043522400
1418833856864
2518345484640
1693711763808
2793223391584
2777403721376
2515124259152
1419907598672
2519419226448
1694785505616
1690490538320
1397578433888
2497090061664
1672456340832
2771967968608
1414758303072
2514269930848
1419857529504
1397577386656
1398717957472
1673580415392
2519688972704
1401922668192
2501434295968
1689350653344
1690508347792
2794247834272
1398383463072
2497895090848
1673261370016
2772772997792
2772018235792
1397561312608
2789130716512
1401872091552
1418851600720
2518363228496
1693729507664
2793241135440
1420177343888
2519688971664
2794566878608
2773092042128
2501115217248
1676481496416
2775993124192
1418783458656
2518295086432
1693661365600
2793172993376
2772822492816
1673261582672
1419858298512
2519369926288
1694736205456
2794247833232
2497895089808
1673261368976
2772772996752
1689686526608
2789198154384
2777133958736
2773090911824
2789146527120
1419051959696
2518563587472
2777385895504
2515392890448
1398651897424
2498163525200
2777118509472
2498146765392
1420176278944
2519687906720
1695054185888
1415881311648
2515392939424
1690759218592
2519704619344
2794582526288
1689416976720
1418851666320
2518363294096
1693729573264
2793241201040
1397376829840
2496888457616
1672254736784
2771766364560
2519419406688
1694785685856
2794297313632
2502256314720
1677622593888
2789935041104
1398365637200
2497877264976
1419840473680
2519352101456
1694718380624
2794230008400
1693998008656
1397292107168
2496803734944
2771681641888
1414471976352
2513983604128
2788861511072
1398366881376
2519369157280
2502189288096
1402677660320
1690423625120
1397359200656
2496870828432
1672237107600
2771748735376
1414539069840
1418784491088
2518296118864
1693662398032
2793174025808
1676531894672
1401922423184
2501434050960
1676800330128
2776311957904
2518546991440
1401654167968
2501165795744
1415814138272
2515325766048
1690692045216
2790203672992
1420109105568
2519620733344
2794565748064
2794498377104
2518296462736
1693662741904
2793174369680
1676751308176
2776262935952
2794248111504
1415898892704
2515410520480
1690776799648
1398382691984
1402677659280
1419120052576
2518631680352
1693997959520
2793509587296
2777385699744
1676531894688
2776043522464
1418833856928
2518345484704
1401653987744
2501165615520
1401922423200
1672253965984
1415613597344
2515125225120
2519437298256
1694803577424
2794315205200
1414538888784
1689416795728
1693711763024
2498230831520
2773108738464
2794583574944
1414824364368
2514335992144
2789213899088
1419119331664
1397627636304
2497139264080
1672505543248
2772017171024
2514319133264
2789197040208
2501098424720
1415899071888
2515410699664
1690776978832
2790288606608
1397561330336
2497072958112
2771950865056
1414741199520
2514252827296
2789130734240
1415897843344
2515409471120
1690775750288
2790287378064
2773090912848
1397628422480
2497140050256
1694987012704
2497944570464
2789213832864
2501116578144
2518547007072
2793424914016
1419857447568
2519369075344
1694735354512
2794246982288
1418850814608
2518362442384
1693728721552
1401654232656
2501165860432
1676532139600
2776043767376
1418834101840
2518345729616
1693712008784
2793223636560
2502189206176
2777067113120
2515410519440
1690776798608
2790288426384
2519353166416
1694719445584
1402661669456
2502173297232
2777051204176
1419841538640
2794231073360
1415899073104
2515410700880
1690776980048
2794583575120
1418851863120
2502507988576
1677874267744
2777385895520
1420176229984
1398701393504
2498213021280
1673579300448
2773090928224
1415881262688
2789129668256
1676549655120
2776061282896
1398635070864
2777319572880
2794499442064
2498146698640
2519621535120
1673512977808
2773024605584
1419840473696
2519352101472
1694718380640
2794230008416
2515410700896
1690776980064
2790288607840
1420194040416
2519705668192
2794583575136
2777336333984
2518564554400
1419840472656
2519352100432
2794230007376
1402928973216
1677806880160
2501451859280
2776329766224
2498162739536
1673529018704
2773040646480
1694803265872
1419925358928
1402745489744
2519369156256
1676548589136
2776060216912
1397375714896
2496887342672
1397645461152
1398651127392
2498162755168
1673529034336
2773040662112
1402946094688
1689703237280
2514336958112
2789214865056
2772018235984
1693711747408
2793223375184
2776043506000
2793493121440
2777133959520
2518346712416
1693712991584
2793224619360
1415630703200
2515142330976
2776043702944
1418834037408
2518345665184
1693711944352
1694802266720
2772034029920
1414824364384
2514335992160
2789213899104
1672506656144
2772018283920
2515140953424
2794313827664
2502256051536
2777133958480
1690507232592
2790018860368
1415629325648
1398434007440
2497945635216
1673311914384
1419908843920
1419840406864
2519352034640
2794229941584
2502457378128
2793174025568
1677605815648
2777335285088
1414471715488
2513983343264
2788861250208
1694735091088
2794246718864
1402929235344
2502440863120
2777318770064
1398635055440
2498146683216
1673512962384
1402930022736
2502441650512
1689350915488
2788862543264
1401588106656
1402996410000
2502508037776
1677874316944
2777385944720
2790270846608
1401654232720
2790287378080
1398717974176
1673595881120
2771682428512
1414472762976
2513984390752
1689350669920
2788862297696
2519621535328
2518614099536
2793492006480
1397627635280
1672505542224
1414807504464
2514319132240
2773108738704
1415899073168
2772772932176
1398651045456
2498162673232
1673528952400
2773040580176
1677875299920
2777386927696
2772840040032
2515142002272
2794499688032
1401872025936
2501383653712
1690490537312
2790002165088
2497944388960
1673310668128
2772822295904
1419036165792
2518547793568
1693914072736
1401671730848
2501183358624
2518362441376
1676481480352
2775993108128
2518295070368
2777134237008
1402996345184
2502507972960
1402930022752
2502441650528
2777319557472
1419102537376
2518614165152
1693980444320
2793492072096
2788928669344
1402661669472
2498145912144
2497088997984
2771966904928
1414757239392
2514268867168
1689635146336
2789146774112
1398651127456
1676481808016
2775993435792
1418783770256
2518295398032
1693661677200
2793173304976
1401872287328
2501383915104
1676750194272
2776261822048
2794499442080
2794516547920
1677808192080
1689703058064
2790204721744
1673513224784
2773024852560
1419119250016
1419120100688
1693998007632
1398650784096
1673528691040
2789953063264
1415830653280
2515342281056
1690708560224
2790220188000
1402947062368
1420109105552
2794498640272
1402661849488
2502173477264
2777051384208
1401940167072
1418834905424
2518346533200
1693712812368
2793224440144
2497877263968
2771950864016
1414741198480
2514252826256
2789130733200
1402745489760
2502257117536
2777135024480
1419925358944
2519436986720
2794566797984
1401670682208
1402677642640
1695071766944
2518345468256
1402930038432
2502441666208
1672506608224
1397628701280
1414808570464
1689686477408
2497140329056
1402745488720
2515393661584
2790271568528
1695003543888
2794515171664
1397308623184
2496820250960
1672186530128
1419924310672
2519435938448
2794313845392
2502173215120
2789936023952
2794582280784
1419925621344
1694803528288
2502524553632
2777402460576
2519704422816
2497140376992
1672506656160
2772018283936
2794313827680
1398449456480
1673327363424
2772838991200
2790018860384
1397577058656
2497088686432
1672454965600
2771966593376
1414756927840
1689634834784
2793157315152
1414472813136
2513984440912
2788862347856
2515075237456
2789130717600
2775977380256
2793508865376
2519704421776
1415897826704
2773107492240
1398383397472
2497895025248
2772772932192
1689367775904
2788879403680
1397309999776
2496821627552
1672187906720
2497072170384
2771950077328
2497072940432
2519687662176
1415629407568
2772839073104
1402744505680
2502256133456
1693661431120
1677622412624
2502189991504
1677556270672
1419858232912
2519369860688
1694736139856
2794247767632
2502256133472
2497961166176
2772839073120
2514268554576
1415546554704
1690424461648
1402660816288
2502172444064
2777050351008
2793156478368
2790270780768
1420176213344
2519687841120
1695054120288
1673327363472
1401671731536
1690423428512
2789935056288
2502172247456
1398634087840
2498145715616
1673511994784
2773023622560
1415813957024
2772756235872
1415546570336
2515058198112
1401604950368
2793156545104
1418767010384
2518278638160
1693644917328
1415881262736
2777319819872
1418851665312
1676549654112
2776061281888
2773091977888
2498214070944
1676818401936
2776330029712
1415832044880
2515343672656
1690709951824
2793224440160
1402677332368
1419857462864
1694735369808
2777050417488
1694718658896
2794230286672
1419840751952
2777403525536
2790288427424
2773091977824
1397360067920
2496871695696
1672237974864
2771749602640
1397627456144
1419924310688
2519435938464
2793223390800
1402745489808
1677623396752
2777135024528
2789129750112
2794582345312
1402677642896
1694802463136
1419924309648
2519435937424
2794313844368
2502256068240
1676532942176
2776044569952
1418834904416
2518346532192
2794297133728
1401653988000
1676531894944
2776043522720
1418833857184
2518345484960
2777050154640
2776328668832
1414824101536
2514335729312
1689702008480
1695053925024
2515125503392
2771682477648
1414472812112
1418767779408
2518279407184
1693645686352
2513984439888
1689350719056
1397561312672
2497072940448
1672439219616
2771950847392
1402996361888
2515392891552
2790270798496
1689366645328
2788878273104
1693661611600
2793173239376
1676481742416
2775993370192
1419857446480
2519369074256
1694735353424
2794246981200
1415830914640
2515342542416
1401872024928
2501383652704
1420194104672
2519705732448
2502507988624
2777385895568
2515392890512
1690759169680
2790270797456
1420193057440
2519704685216
1420125881952
1695003788896
2794499770704
2788862626128
2771951192400
1414741526864
2514253154640
2789131061584
1418768058704
2518279686480
1397645265296
2497156893072
1672523172240
2772034800016
1401940232592
2501451860368
2777051383456
1419841717920
2518614967696
2793224439184
2514051564944
1398652175712
1695004919136
2777319818848
1420110153312
1694988060256
1673529035424
1402677593696
2502189221472
2502441994592
2777319901536
2771682756960
1414473091424
2513984719200
2788862626144
1693712811360
1419051894112
2518563521888
1693929801056
2793441428832
2777050417504
1419840751968
2498162755216
2773040662160
1693711764128
2793223391904
1402997212576
2502508840352
2772838992272
2497961085328
1673327364496
2777050416464
1419840750928
2519352378704
1402745801360
2502257429136
2777135336080
2777402394960
1403012860240
1398719269456
2498230897232
1673597176400
2794583640656
2502256068256
2777133975200
1398449473184
1673327380128
1419907515728
1694785422672
2496870565200
2497944390048
1673310669216
2772822296992
1415612631456
2515124259232
1690490538400
2790002166176
1420193056400
2519704684176
2794582591120
1690691864208
2790203491984
2772822295952
1415612630416
2514000366176
2788878273120
1401603836512
1677890767200
2777402394976
2777403787936
1397308868176
2496820495952
1672186775120
2771698402896
1414488737360
2514000365136
1689366644304
2788878272080
1401603835472
2501115463248
2788861561168
2794516268688
1676734532000
2794498443872
1401855510096
1676733417040
1397375714960
2496887342736
2771765249680
1414555584144
2514067211920
2788945118864
2501182310032
2519638575776
1403013925200
1397292107360
2496803735136
1672170014304
2771681642080
1414471976544
2513983604320
1689349883488
2788861511264
2519436003664
1694802282832
2794313910608
1414538873232
1689416780176
1419924375904
1401922406736
2501434034512
1673327364512
2793509636496
1403012859216
2502524486992
1403012860256
1419840407888
1414807324256
1689685231200
1401922603680
1676800510624
1693913090464
2793424718240
1398449456528
1419925669520
2519437297296
2794315204240
1690440141392
2777402393936
1420192728400
2519704356176
2788879338080
1419841800864
2794247768720
1398432761248
2497944389024
1673310668192
2772822295968
1415612630432
2515124258208
2502239356320
2777117263264
2794246784400
1418850878800
1418784769616
1676482807376
2519368829536
1402677332576
1677555239520
1401872026208
2501383653984
1676749933152
1420176214432
1695054121376
2772756155040
1402661587616
2502173215392
2777051122336
1693645621920
2793157593424
1397293222224
2496804850000
2771682756944
1414473091408
2513984719184
1401588189520
1695004853904
2794516481680
1402996344208
2502507971984
1677874251152
2497895303520
2772773210464
1415563544928
2515075172704
1401872337568
1419052206752
2518563834528
1693930113696
2793441741472
1676750244512
2518295332448
1420193056096
2519704683872
2794582590816
2777134286176
1401939445088
1676751293008
2776262920784
1419052205712
1693930112656
1401872336528
2501183424144
1677623445136
2777135072912
2776061331088
2496803719568
1672169998736
2788861495696
2501098686864
2790288410960
1419120051792
1418834905488
1693712812432
1397291911840
2496803539616
2501116578400
2777068227168
1398634071648
2498145699424
1673511978592
1418850551456
1693728458400
1397375714976
2496887342752
2771765249696
1414555584160
2514067211936
2501183424160
2776061331104
1672523171488
1694987012512
1403013925216
1420193794400
1401588123040
2501099750816
1676466029984
2772033685088
2514335647328
1689701926496
1401653971360
2501165599136
1676531878304
2776043506080
2518345468320
1415830669968
2515342297744
1690708576912
1677823675024
2502457395856
2777335302800
1672523450704
2514318936416
2789196843360
2794583328080
1695071700304
1420193793360
1690491849056
1676531877264
2776043505040
1418833839504
2518345467280
2777051138400
2788929669728
2794566616656
1419925669536
2794516219232
1398717891936
2777402393952
1414741248592
2514252876368
1397561379408
2497073007184
2771950914128
2789130783312
1690760005968
2790271633744
1398433794384
2497945422160
1673311701328
1402946800224
2502458428000
1677824707168
2777336334944
2498163788432
2773041695376
1402947127952
2502458755728
1677825034896
2777336662672
1415832029840
2515343657616
1403013203296
2502524831072
2518563521936
1397577057680
2497088685456
1672454964624
2771966592400
2776262936208
1673244592528
1419841522064
2794314171744
1402678643040
2502190270816
1398701376928
1415613663584
1690491570528
2515393726816
2519420258656
1418835084688
2515124258192
2518564883104
1693931162272
2793442790048
1402947127968
1677825034912
2518296447648
2793174354592
2501383980432
2497944651152
2772822558096
1402930104928
2501183375008
1676549654176
2501383964304
1676750243472
2776261871248
1401940182624
2501451810400
1676818089568
1694988060304
1402677593744
2794499770960
1415546833488
2515058461264
2502457656912
1693712811408
2502525815136
2501435098768
2777318852944
1402745488800
2502257116576
1398651848096
1673529755040
2497962396240
1673328675408
2772840303184
1402745735760
2502257363536
2777403458912
1420193793376
2519705421152
2794583328096
2514335926608
1689702205776
2789213833552
1694802200976
2776328735056
1677890849104
2777402476880
1401587123536
2501098751312
1673311701392
2772823329168
1415613663632
2515125291408
1690491570576
2790003198352
1693712796048
2793224423824
1402997197200
2502508824976
1676532943248
1401655036304
2501166664080
1419102274912
2518613902688
1693980181856
2793491809632
1673311717024
1677606684320
1402728777376
2502240405152
2501435098784
1676801377952
1673595815568
1403012875920
1398434073184
1673311980128
1419925621152
2519437248928
2794315155872
1419925670544
2519437298320
2794315205264
2771682412880
1397292878160
2496804505936
1419924637328
2502172509856
1403013203616
2502524831392
2777402738336
2502256395936
1694802282848
1677622413664
1402728761760
2498213857696
1673580136864
2502509036960
2777386943904
1418783705744
2518295333520
1693661612688
2793173240464
1402745751952
2502257379728
1677623658896
2777135286672
1402930088288
1677807995232
1673310586464
1419924309664
2519435937440
1415899089312
2515410717088
1690776996256
2790288624032
1403014187424
1414556632464
1689635096160
2789146723936
1420194122400
2519705750176
2776061527648
1402930284192
1677539838624
1398366964384
2497878592160
1673244871328
2772756499104
1415546833568
2498162689632
1673528968800
2773040596576
1415830931040
2515342558816
1690708837984
2790220465760
2502457656928
2789197907296
1694987094368
1398450768480
1673328675424
1402745473360
2502257101136
2777135008080
1402929317200
2502440944976
2777318851920
2777050335824
2790288673424
1402660883024
2502172510800
1415897777824
2515409405600
1690775684768
1418784770704
2518296398480
1693662677648
2793174305424
2794297066848
2519620733536
2794498640480
2794565567888
1414808291664
2514319919440
1689686198608
2789197826384
2497073006176
2771950913120
2514000366240
2788878273184
1672455211616
2518563767888
2793441674832
2515073926496
1690440205664
2789951833440
1397292172960
1414472042144
2513983669920
2788861576864
2515342543200
2790220450144
2498229782096
2773107689040
2514335647376
2789213554320
1419841456800
2519353084576
2794230991520
1689416713552
1414538806608
2514050434384
2771748472144
2794247784016
2794231007568
1403012859280
2502524487056
1677890766224
2777402394000
1418783704656
2518295332432
1677556270416
1676465752400
1401587845456
2501099473232
2775977380176
1419036411552
2518548039328
2777403442528
1672506606928
2772018234704
2497089997408
1397644166496
2497155794272
2772033701216
1676750965072
2776262592848
2777134286480
1419924620944
2514335975056
2789213882000
2502507791776
2777385698720
2497089996368
1689366447440
1414488540496
1402661587280
2794246997600
2772033963616
1398366635616
1673244542560
1415546504800
1415831701856
2515343329632
1690709608800
2788945446560
2519436248736
2794314155680
2498213004704
1673579283872
2773090911648
1397645216416
1397645199696
2497156827472
2772034734416
2773040663136
1415830997600
2794499508816
2514336712336
2789214619280
1419052156512
1693930063456
2515409734288
2790287641232
2794582608528
2777318525264
1418833791632
2518345419408
1693711698576
1401856542112
1676734449056
1402661848480
2502173476256
1414824019616
2514335647392
2789213554336
2771681380944
2515343346320
1402945768080
2518363227792
1693729506960
2793241134736
1677824706208
1397645478496
1418851879520
2518363507296
1693729786464
2793241414240
2794583591520
1401855296912
2501366924688
1676733203856
2776244831632
2497877263760
2519352100240
2793491809680
2518613902736
2515141019216
1402729040528
1401873402528
2501385030304
1676751309472
2776262937248
1693645620816
1414740198816
2514251826592
1689618105760
2789129733536
2518346517136
1693712796304
2793224424080
1402728762000
2502240389776
2519419472544
2794297379488
2502239602320
1401655020192
2501166647968
1676532927136
2776044554912
2788862298448
1401872287136
1415629325712
2513983604304
1695004853600
1402947077472
2518279358816
2793157265760
1397561330016
2497072957792
2771950864736
1414741199200
1420110219600
2497962396304
2772840303248
1695071947344
2498230831696
2790271847008
2497961167504
1673327446672
2772839074448
1401873139088
2497944324512
1673310603680
2772822231456
1415612565920
1419925358992
1694803265936
2794314893712
1418833840528
1693711747472
2790003477152
2777118575264
2794297066896
2497089980768
2771967887712
2771950913168
2502458427040
2794246801824
2518279685536
2793157592480
1402660539040
2502172166816
2777050073760
1419840408224
1690490537376
2790002165152
1397561330080
1397645199776
1398635120016
1673513026960
1677555303824
2777066931600
1402660538000
2502172165776
2777050072720
1419840407184
2519352034960
2497961085584
1419052927312
2518564555088
1693930834256
1401873058128
1689367775568
2501384685920
1398450571600
2496871942800
1672238221968
2771749849744
1414540184208
2514051811984
1689418091152
2788929718928
1419120036240
2518631664016
2515141281104
1415630375328
2515142003104
1414825068960
1415630636688
2515142264464
1690508543632
2790020171408
1401655036320
2501166664096
1397561575008
2497073202784
1672439481952
1397375714640
2496887342416
2771765249360
1402996098400
2502507726176
2773108755040
1420192728416
1397560329808
1414471763536
2513983391312
2788861298256
1693930916256
1402661602960
2502173230736
2777051137680
1672522384736
2772034012512
1690441451872
2788946233952
1414740461968
2514252089744
1689618368912
2498162492768
1673528771936
2773040399712
1415830734176
2515342361952
1690708641120
2790220268896
1397560608416
2497072236192
1402661848720
2502173476496
1401655282336
2501166910112
1677539755680
1397627372880
2497139000656
1672505279824
2772016907600
1397292878480
2496804506256
2771682413200
1414472747664
2513984375440
2788862282384
2794582263120
2513983653200
2788861560144
2776060216736
1418850551200
2518362178976
1398434055568
1677622674768
2777134302544
2518295135632
1397308671376
1415612810832
2515124438608
2790002345552
2519419405904
1397577106768
1419907597728
2519419225504
1397628438880
2497140066656
1672506345824
2772017973600
1414808308064
2514319935840
1677874005344
2777385633120
2777117197664
1418833790304
1676800263520
1693711697248
1420175967584
2519687595360
1695053874528
2794565502304
1677622332048
2777133959824
1677623642704
2777135270480
1414825396896
2790271829584
1676532140688
2776043768464
1418834102928
2518345730704
1693712009872
2793223637648
2788945200784
2496821365152
1672187644320
2771699272096
1401604704672
1419102538400
2518614166176
1693980445344
2793492073120
2501434296992
2776312203936
1677874317984
1694785751712
2794231007584
1419841472864
2794231056976
1419841522256
1403012925008
1689703056976
2789214684752
1402744767840
1402996411040
1690759218832
1397292894864
2777319556432
1677891881312
2497895368272
2772773275216
1415563609680
1690441516624
1402744767824
2519369139808
2788929653328
1397360249424
2496871877200
1672238156368
2771749784144
2790003459488
2777068243552
2773090666912
1415881001376
2515392629152
1690758908320
2502509103776
2777387010720
2794566879904
1415882377888
2515394005664
1690760284832
1676482610592
2775994238368
2518346533264
2793224440208
1420109121952
2515392628112
2790270535056
2513984375120
2788862282064
1677555238240
1420108843680
2519620471456
2794498378400
1693913286240
1414740412000
2514252039776
1689618318944
2789129946720
1419925408144
2519437035920
1694803315088
2794314942864
1397628750480
2497140378256
1672506657424
2772018285200
1414808619664
2514320247440
2771699534496
1414489868960
2514001496736
2771765594768
1414555929232
2514067557008
2788945463952
1676464784800
2775976412576
2519436970320
2794314877264
1419925342544
1398719202960
2498230830736
2771765593760
2777402394256
1397644150416
2497155778192
2772033685136
1414824019600
1403013204304
2790287640912
2515409733968
1690776013136
2501115464288
1693661612640
2793173240416
1420109908640
1398383659600
2497895287376
1420192728736
2519704356512
2519705422176
2794583329120
1676532943264
2776044571040
2777403509088
1403013974368
2502525602144
1695053874784
2519687595616
1418833790560
2793240431264
2777051450000
1676817369696
2776328997472
2518296136032
1693662415200
1397376059024
2790270519648
2789953062240
1419051944352
2793157249360
1673579285088
2502507973216
1672522401424
2772034029200
2794582607184
1693929850256
2793441478032
2518563571088
1676749981072
1398701377104
1673579284048
2777319901856
2777319573152
2794499442336
2777066915168
2513983605344
1689349884512
2788861512288
1419857513120
1414825068880
2514336696656
2789214603600
1690692913568
2790204541344
1419857512080
2519369139856
1694735419024
2794247046800
1672522385744
2772034013520
1414824347984
2514335975760
2789213882704
1419119315280
2518630943056
1693997222224
2793508850000
1414555928224
2514067556000
2793240430240
1397376059040
1419924621648
2501384767904
1676751047072
1419053009312
2518564637088
1415815187024
1402744752480
2502256380256
2777134287200
2777402738016
2777134302864
1397644494480
2519620749728
2772035078480
1414825412944
2514337040720
2789214947664
1397645543760
1420126685536
2794247784800
1693930850656
2793174042976
2518564571488
2793442478432
2777067915616
1420193072800
2519704700576
2788945462944
2794582607520
2777134302880
2776328996512
2519353149840
1694719429008
2794231056784
1403014236816
2502525864592
2777403771536
2502440682912
2777050154400
1419840488864
2519352116640
1694718395808
2794230023584
2773040334176
1419120036176
2518631663952
1693997943120
2777134024032
1415629326992
2515140954768
1690507233936
2790018861712
1415898876304
2515410504080
2790288411024
1419925341520
2519436969296
2794314876240
2772838992528
1402744425104
1419840424608
1397644495504
2497156123280
2772034030224
1397644477792
1418834905504
2518346533280
1693712812448
2793224440224
2496820233616
2771698140560
1401872008528
2501383636304
1676749915472
2776261543248
1401586877856
2501098505632
2777067964816
1414824346976
1402677578336
2514067474768
2794499688080
1676750178704
1397644495520
2497156123296
2772034030240
1397375993440
2496887621216
1672253900384
2771765528160
1414555862624
2514067490400
1689433769568
2794313827984
2776262609248
2794298182048
2518279424416
1693645703584
1419103340960
2518614968736
1693981247904
2793492875680
1401588189776
1676466096720
1676532925792
2776044553568
2772839007584
1415629342048
2515140969824
1690507248992
2790018876768
1402744440160
1694802216288
2777402410336
2514335976080
2789213883024
1397644494496
2497156122272
1397309917776
2496821545552
1672187824720
2771699452496
1414489786960
2514001414736
1402744752800
2777134287520
2772034029216
1420192746144
1398652177056
2794583655760
2777135024800
2514068260240
1693914122640
1402928973136
2502440600912
2777318507856
2501385013904
1397645543056
1397291844960
2496803472736
2771681379680
1414471714144
2513983341920
2788861248864
1693729851040
2501166647696
2776044554640
2794230285968
1402660882064
2502172509840
2777050416784
1419840751248
2788946167456
2514335729056
1420125881936
1695003788880
1414555584848
2514067212624
2788945119568
2772033685840
1397644151120
2514335925856
2789213832800
1420194122080
2496887359136
2771765266080
1419908581728
1694786488672
2519420209504
2502173215056
2777051122000
1397645526672
2497157154448
2772035061392
1414825395856
2777135335072
2788862626464
1397293222560
2789214603920
1419924358736
2777402739024
2497156122960
2772034029904
2771950848336
1397561313616
1419103324560
2518614952336
1693981231504
2793492859280
1677891815760
2777403443536
1403013908816
2794314172064
1420109186720
2519620814496
2794498721440
1420193776992
2519705404768
2794583311712
1402745472352
2502257100128
2777135007072
1402744425120
2502256052896
2777133959840
1676733466256
2776245094032
1419035428496
1693913335440
1420109170016
2519620797792
2789131061920
1397644478096
2497156105872
2772034012816
1414824347280
1402744769184
2502256396960
1397375731040
2496887358816
2777318836560
1402660865680
2502172493456
2777050400400
1419840734864
1414824035680
2514335663456
2789213570400
1419924309344
2794229957984
2497156106912
2772034013856
1397376042640
2496887670416
2771765577360
1414555911824
2514067539600
2788945446544
1676751030672
1414741182800
2496888736416
2771766643360
1414556977824
