80000232100
79828113574
79828113578
79819778194
75441154373
75441154374
80012978788
80012978852
80013044324
80013044388
75456981034
80021428745
75499874712
75499874968
75499940488
75500137112
80012991048
80013056584
80012991112
80013056648
75709569417
75709569418
75436284180
75436300564
75436284196
75436300580
75436939657
74363001161
74363001162
74363017545
74362267941
74362267942
79895242922
74367199621
74367199622
74367216005
74367216006
74367199877
74367199878
74367216261
74367216262
75441138245
75441138246
75705395593
75524221505
75566262852
79748667781
79748667785
79748668037
79748668041
148723886665
148723886666
92948306440
148723903049
148723903050
79828232486
74362300696
74362284328
74362300712
74363005528
74363005544
74361955928
74361955944
74361972312
74361972328
74361956952
79765445253
79765445257
79769639301
79769639305
79769639557
79769639561
79828117594
75436021928
75436038312
75436812692
75436812708
75436829076
75436829092
75435763348
75435763364
75435779732
75435779748
75456940105
75457005641
75473717321
75473782809
75457702241
75457702305
75474430353
75474430369
75524806754
79747635338
79747639434
79747897866
79747901962
79747897482
79747901578
79764674698
79764678794
79819774050
79836551266
75498875428
75499137572
75499870552
75499870808
75499924004
75500132952
75453733386
75453737482
75453966886
79832385674
79815649442
79832426658
80021170514
80021170578
80029591896
80029591960
75453471366
75709438533
74362022281
74362022282
74362038665
75435895173
74362038666
74362022537
74362022538
74362038921
74362038922
75436157513
75452684357
75452688453
75456976917
75456981013
75452946501
75452950597
75457239061
75457243157
75498875160
75499137304
75452668042
75452672138
75456911402
75456915498
75452930186
75452934282
75457173546
75457177642
74362234964
79743522920
75456850310
75456850314
75456850566
75520583778
75524778082
75709376856
75709376872
75709393240
75709393256
75456850570
79760501386
75498952980
75499215124
75498953236
75499215380
75705178505
75705178506
75474446994
75474447010
75503126789
75503388933
75524278533
75570497797
75503917317
75503921413
75571026181
75571030277
75440466454
74366462117
74366462118
74366724245
74366724246
74366724261
74366724262
75440400933
75440400934
75440466469
75436038308
75436808596
75436808612
75436824980
75436824996
80021170725
80021170729
80029592101
80029592102
75722168841
75722172937
75722402341
75507321354
75507583498
75524344330
75574692362
75508369930
75508492946
75575478794
75575601810
75525130762
75592239626
79837010450
79903725714
75436956041
75436956042
74366212681
74366212682
74366211401
74366229065
74366229066
74366211732
74366211748
74366228116
74366228132
74367261332
75570915654
75591981377
75608660241
75591981441
75608660257
75709586084
75709586068
75499678085
75499678086
75499678342
74379249706
74379266090
74383444010
74383460394
80004344468
80004344484
80004360852
80004360868
79899470210
148719626889
148719626890
148719643273
148719643274
74363067028
74363067044
74362542244
74362558628
74363083412
74363083428
74362017428
74362017444
74362033812
74362033828
75441007192
75441007208
75441023576
75441023592
75441252889
75441252890
75441252905
75441252906
75457768033
75457768097
75474446993
75474447009
75591944326
74635647561
75440155176
75440171560
75441203736
75441220120
75441203752
75440220696
75440237080
75440220712
75440237096
75441269272
74383497737
74383501833
75503310985
75503315081
75503376521
92990343698
97209444960
105808202310
105808202374
74631522644
74631522660
80029575706
75441023656
75540998690
75566328360
75500137124
74635635077
74635635078
74635651461
74635651462
75504036514
74635635333
74635635334
74635651717
74635651718
75709573701
75722140198
75722140202
75508062341
75508066437
75508095141
75508095145
75575171205
75575175301
75591883026
75587688738
75591883042
75709573716
75709590168
75709590184
75591981378
75608660242
75591981442
75608660258
75542047249
75441400472
75441400488
75503077897
75503340041
75524229638
75570448905
75504126473
75504298593
75571235337
75571407457
75525016070
79895275874
75436944006
75436960389
75436960390
74363005317
74363005318
74363021701
74363021702
74363005573
74363005574
74363021957
74400704901
75768306072
75768306328
75768375940
75768568472
104734526114
75570899530
80004426374
74362214500
74362230884
75436812948
75436812964
75436829332
75436829348
105808267910
75524811329
75541539345
75524811393
75541539361
75705510420
75705526804
75705510436
75705526820
75541006361
75566848277
80004344389
80004344390
80004360773
80004360774
75435715141
75435715142
75435697748
75435697764
75435714132
75435714148
75435698757
75435698758
75436763732
75435697734
74383960358
74383960362
79765317926
80017365542
75498875412
75499137556
75499854168
75499854424
75499923988
75500116568
75705424425
75705424426
75503790662
75503790666
75507984966
75507984970
79748671814
79752112390
79748540754
79748540818
79765317970
79765318034
79815592074
79832369290
79753128585
74379729546
79815649426
75457911301
75457915397
75458157077
75458157081
75474688517
75474692613
75474934293
75474934297
79765510661
79765514757
74401196585
75571014213
75571014217
75571014277
75571014281
75575208517
75507509289
75452667977
75452672073
75456911385
75456915481
75452930121
75452934217
75457173529
75457177625
75541793285
79743506520
75507308586
75507312682
74379733318
74379733322
74383927622
74383927626
75436944009
75436944010
75436960393
75436960394
75499739414
79828363617
79760369816
75436206629
75436206630
75436272149
75436272150
75436272165
75436272166
79761074453
79761074454
79761139989
79761139990
79761074709
79761074710
79761140245
79761140246
79832308242
79836502546
75507308585
79760304456
79760369992
79760304520
79760370056
74367199817
74367199818
74367216201
74367216202
75503127050
75503389194
75524278794
75570498058
75452745865
75452811305
75456989225
75457005609
75453475217
75453475233
75457669521
75457669537
75440138774
75440138773
75440220328
75440236712
75441007000
75441007016
75441023384
75441023400
79747651850
79747655946
79747913994
79747918090
75503807046
74362018118
74362034501
74362034757
74367212132
74366408788
74366408804
74366425188
74367195476
74367195492
74367211860
79761320340
79743768664
79743834200
79743768728
79743834264
75709438277
75709438278
75709454661
75709454662
75453471114
75457665414
75457665418
79752169609
79744379304
79828232802
92948441760
97192684192
104734468738
104734526090
74361951892
74361951908
74361968276
74361968292
74361952841
74361952842
74361969225
74362542164
74362558548
74361969226
74383956518
74383956522
74400684678
75457251369
75457267753
75453475473
75453475489
75457669777
75457669793
75591927942
75608660050
75591981202
75608660066
74383956625
74400684625
74400684641
75436271910
74363001225
74363001226
74363017609
75436206357
75436206358
75436206373
75436206374
75436271893
75436271894
74383239429
74383497477
74383501573
74361969256
74362284308
74362300692
74363001176
74362218596
74362234980
74361967976
74361967960
74361951877
74361951878
74378987545
74379003929
74383181849
74383198233
74451015762
74446821474
75709438552
75709438568
75709454936
75709454952
74378930245
74379188485
74379192581
74379188293
74379192389
74383431701
74383435797
75498871060
75499133204
79743785288
79743850824
79743785352
75591916098
75608644114
75705657940
75705657956
75587672594
75591866898
75587672610
75591866914
75591916162
75608644130
74631440773
74631440774
75587688994
75591883298
75709852244
75709852260
75570915921
75570915937
75574642729
74631457157
74384156949
74384156953
75705264808
74384157205
74384157209
74400934165
74400934169
74400934421
74400934425
75570948421
75541809673
75435763096
75435763112
75435779480
75435779496
75435764120
75435764136
75435780504
75435780520
75436026008
75436042392
75503868038
75503872134
75503900838
80029981322
79748684297
79748688393
75508030025
75508030085
75508030089
75499854440
75499940372
75500116584
79748934165
79748934169
80004409673
80004409674
80004426057
80004426058
74635713161
75608648225
75503061033
75503077417
75507255337
75507271721
75503806801
75503806817
75456846409
75520563473
75499657493
75499657494
75452668165
75452913942
75452913946
75452914198
75452914202
75457108294
75457108298
75457108550
75457108554
79747881286
79747881290
80012925514
79811389978
148719708776
75705244308
75705244324
75705260692
75705260708
75507985030
75436808517
75436808518
75436824901
75436824902
75503323161
75503339545
75507517465
75507533849
75570485290
80021363206
80021367302
80021559878
79752866374
80021559882
75570489386
75574679594
75574683690
75591866466
75452651798
75452651802
75456846150
75453459026
75587676241
75591870545
75587676257
75591870561
75705178712
79730927784
79730944168
79731779928
79731779944
79731796312
79731796328
75525266050
75592374914
75570948741
75570948745
75575142981
75575142985
75575143045
75575143049
75705248420
75453716998
75453721094
75453962774
75453962778
74383431706
74383435802
75503048730
75503052826
75503114314
75503118410
75503114266
75503118362
75507308570
75507312666
75435911557
75435911558
74361956678
74361973061
74362263641
74362263642
74362263657
74362263658
74362525785
74362525786
74378926153
74366229129
74366494868
74367261080
74367261096
74366211465
74366211466
74366227849
74366227850
74366740628
74366757012
75439974040
75439974056
79760369768
79760304296
79760369832
79761090920
74631522968
79761090984
79761156456
79761156520
79744297237
79744297238
79744362773
79744362774
79744297493
79744297494
79744363029
79832307986
79836502290
79832308002
80013011528
80013077064
80013011592
80013077128
75705428522
79761074788
79761074852
79761140324
79761140388
79836555410
75436025368
75436041752
75436025384
75436041768
75436157336
75436157352
75436173720
75436173736
75440220264
75440236648
75440941464
75440941480
75440957848
75440957864
79895292426
74383136902
74383140998
74383399433
74383403529
74383399046
74383403142
74400176262
74400180358
79819843969
79836621185
74451036321
75524872833
75705440788
75705457172
74451135042
74467813906
74451135106
74467813922
74635700824
74635700840
74379712838
75452668421
75452672517
75452930565
79747975305
79748040841
79764752521
79764818057
79748541025
79748541089
79765318241
79765318305
79836760582
79903672454
79731796297
79731796298
75457763622
75457763626
75474442630
75474442634
75457763878
75457763882
75474442886
75474442890
75540998434
75566328104
74635647562
79828166933
79828166937
75452667398
75452671494
75452913174
75452913178
75456910854
75456914950
75457107526
75457107530
75520563345
75524757649
75722398249
75503868422
75503872518
75541022985
79735101594
79735101609
79735101610
79761140265
79761091236
79748934181
79748934185
79765477897
79765481993
79765711397
79765711401
79832680966
79899531842
79832816258
79899531906
74362202201
74362202202
74362202217
74366151320
74366151336
74366167704
74366167720
74362202218
74362267929
74362267930
75709393226
75566852373
75566852374
75566852629
75566852630
75592174085
79761582676
79761582740
79761595016
75705395604
75705395620
75541534994
75524807042
75541535010
75507984721
75507984737
75520563474
75503061017
75503077401
75575138886
75575138890
75575138950
75575138954
75508001361
75508001377
75587688722
75709590100
75709590116
75709573732
74631506505
74631506506
74631522889
74631522890
79764691018
79764695114
80029981258
75525007682
75592116546
75525007938
75592116802
79836748097
79903660353
79836748353
75435697496
75435697512
75435713880
75435713896
75435697797
75435697798
75435714181
75435714182
75435960408
75436763480
74363087268
74362022308
74362021268
74362021284
74362037652
74362037668
74362022292
74362038676
74362038692
75709589833
75503114281
75498891908
75499154052
79748733445
79748737541
79748667669
79748667673
79748667925
79748667929
79765444885
79765444889
79765445141
79765445145
79815579970
79832357186
75705395608
75705379240
75705395624
75452684361
75452688457
75456976921
75456981017
75452946505
75452950601
75457239065
75457243161
79743510616
79743576152
79828129882
79828129894
79828129898
79895238742
79895238746
79895238758
79895238762
75705244297
75705244298
75705260681
75504294545
75571284485
75571403409
75705260682
75575093649
75575093665
74468301346
74534918306
75575110241
74635717268
74635717284
74383460490
74383526026
74400237706
74400303146
74384026210
75508033862
75508033866
75508033926
75508033930
75709852298
75507272201
75507534345
75524246022
75574643209
75508320777
75508492897
75575429641
75575601761
75525032454
75592141318
79730927720
79730944104
79731234905
79731234906
79731234921
79731234922
74366216581
74366216582
74366232965
74366232966
74366216837
74366216838
75453459014
75453459018
75457653318
75457653322
74383509526
74383525910
80012732693
80012732694
80012798229
80012798230
80012732949
80012732950
80012798485
80012798486
148539251010
148555979026
75726330393
75452913958
75452913962
75452914214
75452914218
75457108358
75457108362
75457108614
75457108618
79747881350
79747881354
75524810913
75541538977
75705244056
79837014658
79903730306
74362018437
74362018438
74362034821
74362034822
74367212120
74367212136
74366412900
74366429284
74367195480
74367195496
75709372805
75709372806
75709389189
74366231882
74366215753
74366215754
74366232137
74366232138
75440137753
75440137754
75440137769
75440137770
75440203289
79836621122
79744543320
74383181961
74383247497
74399959081
74399975465
74384025937
74384026001
74400704849
74400704865
74446837906
74451032210
75768355348
75768552020
79903660130
79836748322
79903660194
75435894184
75435910552
75435910568
75435895192
75435895208
75435911576
75435894168
75436026136
75436042520
75436026152
75793705602
80021564037
74383136837
74383140933
74383399173
74383403269
74383398981
74383403077
74400176197
74400180293
75520026897
75566246164
75440199833
75440199834
75440199849
75440199850
75440461977
75440461978
75440461993
75440461994
75524872769
75541551633
75709700628
75709717012
75709700644
75709717028
74400684690
74400684706
74383460422
74383525958
74383956578
74383956642
75440941385
75440941386
75440957769
75440957770
75440941641
75440941642
75440958025
75440958026
79731251352
79731267736
80000215700
80000215716
80000232084
80012749224
75705658008
75705658024
75570448410
75570899538
75570899554
75570513946
75570899602
75570899618
75574626330
75574642714
75457698086
75457698090
75474426246
75474426250
75457698342
75457698346
75474426502
75474426506
75540998418
79895242902
75587692642
75591886946
79744494153
79744494154
79744494217
79744494218
79760632200
79832816194
79899531650
80029755988
80029756052
80029821524
80029821588
75592374849
75508062342
75508066438
75456940169
75457005705
75473717385
75473782825
75457767777
75457767841
75474446737
75474446753
75524835462
75541551250
74384419465
80013044249
75440351813
75440351814
75440368197
75440368198
79747881606
79747881610
79747652106
79747656202
79747914250
79747918346
79752091786
79752095882
79752878601
79752882697
79753128469
79753128473
79769655817
79769659913
79769905685
79769905689
79832557954
75772627466
75772734114
75810482706
75835665064
75499149864
75499874660
75499874916
75499936296
75500137060
79765510662
75457665670
75709454917
79765514758
79765707334
79765707338
75722402326
75722402330
75566979496
75566979752
75567114788
75567241896
75789511202
75835681368
74379717026
74383911314
74383911330
75499677989
75499677990
75499678245
75499678246
75499743525
75499743526
75499743781
75452668169
75457108246
75457108250
75457108502
75457108506
75473885462
75473885466
75473885718
75473885722
79760480585
79760480586
74361956756
74361956772
74363021732
74361973140
74361973156
79744363092
79761074725
79761074726
79761140261
79761140262
75452654870
75452654874
75452655126
74366457941
74366457942
74366457957
74366457958
74366720085
74366720086
74366720101
74366720102
75435960852
75435977236
75440499220
74379188741
74379192837
74379188357
75591915666
75608643682
74379192453
74383431717
74383435813
75498871076
75499133220
80029985353
74366150036
74366150052
74366166420
74366166436
74366151060
74366151076
74366167444
74366167460
74366474328
74366490712
79760304216
148539251074
79828113510
79828113514
79895222358
79895222362
79895222374
79895222378
148555979042
79827732746
79836088586
79894841418
74384025893
74384025897
75436284068
75436300452
75709573445
75709573446
75709589829
75709589830
75453733382
75453737478
75453962790
75453962794
75458025990
75458030086
75458157190
75458157194
79748798982
79748803078
75473902090
75453471302
75473906186
75743111461
75743111465
75743111717
75743111721
75436157509
75436157510
75436173893
75436173894
75436157573
75436157574
75436173957
75436173958
75566983572
75566983828
75567045256
75567245972
75524217106
75566258456
75524217362
75566258712
75566967140
75566967396
75567045144
75567229540
75457698070
75457698074
79743457866
79743441481
79743441545
79743441546
79743457929
79743457930
75541538897
75524810897
75541538913
75705178520
75705178536
75705194904
75705194920
75452918309
74631522984
74468043297
74635712916
74400237642
74400303130
74635712932
74631522708
74631522724
75575110225
75705178501
75705178502
75705194885
75705194886
75525265937
75592374801
74366458021
74366458022
74366720149
74366720150
74366720165
74366720166
75440155156
75440171540
74362021189
74362021190
74362037573
75440232984
75435972756
75435956388
75435972772
75436808532
75436808548
75436824916
75436824932
75575158922
75575208086
75575208090
79743527496
79743593032
79743527560
79743593096
75722168837
75722172933
75722398245
74383907217
74383907233
74451064913
74467792977
74451064977
74467792993
74631436692
74631436708
74631453076
74631453092
75499661850
75452667402
75452671498
75452917270
75452917274
75456910858
75709376841
75709376842
75709393225
75452668426
75499153704
79760349768
75705637509
75705637510
75705653893
75705653894
74362267737
74362267738
74362267753
74362267754
74362529881
74362529882
74362529897
75709569428
75709569444
75709585812
75709585828
75524872513
75541551377
74379713170
74379713186
74468043025
74534905937
74468043281
74534905953
74631436952
75436747081
75436747082
75436763465
75436763466
75436747337
75436747338
75436763721
75436763722
79731251288
75520567586
75524761890
75705379160
75705379176
75705395544
75705395560
75524811074
75541539090
75524811138
75541539106
75452672265
75452930313
75452934409
75456911625
75456915721
75503790469
75503790473
75507984773
75507984777
79747885334
79747885338
79747885590
79747885594
74362017364
74362017380
74362033748
74362033764
74363083348
74363083364
74362018388
74362018404
74362034772
74362034788
75457960457
75457964553
75458161221
75457768017
75457768081
75474446929
75474446945
75587688594
75591882898
75587688610
75591882914
75709442644
75709442660
74384156950
74384156954
74384157206
74384157210
74400934166
74400934170
74400934422
74400934426
75570948422
75570948426
79836752402
79761091176
92956797600
79752861973
79752861977
79752862229
79752862233
79769639189
79769639193
79769639445
79769639449
79815584066
79832361282
79748684298
74383923850
74635713094
79748688394
79748934166
79748934170
79765461514
79765465610
79765711382
79765711386
75458161225
75499858328
75499858584
75499940424
75500120728
80012990856
80013044116
75705375113
75705375114
75705391497
75705391498
75566967144
75542043153
75709622826
75571009866
80012978532
74363083156
74363083172
79895275873
75508095301
75508095305
75508095365
75508095369
79836555426
148719692361
148719692362
148719708745
148719708746
75436042536
75566770725
75566770726
75566787205
75566787206
75587688977
75591883281
75591981633
75608660497
75709831828
75709831844
79761091160
92956690952
97201039968
104734460514
74383960357
74383960361
74400688517
74400688521
74383960613
74383960617
74400688773
74400688777
75570899525
75570899529
75709618729
75508001350
75500120680
79761385876
74366215561
74366215562
74366231945
74366231946
74366215817
74366215818
74366232201
74366232202
75440220308
75440236692
75453700646
75453700650
75457894790
75457894794
75457895046
79764723978
74379729482
79764728074
79735188008
79735204392
74446842002
74451036306
74635700568
74383444106
74446842018
74451036322
74383509642
74400221226
74400237610
74384026194
74379716946
74379716962
75571010117
75571010121
75571010181
74378930313
74379188742
74379192838
74379188361
74379192457
74383431721
74383435817
75503048745
75503052841
75503114374
79761582696
79761582760
79761615496
75776805381
75776924305
75793701505
75835677332
79761648296
75437218373
75437218374
74362017094
74362033477
74362033478
74362017349
74362017350
74362033733
74362033734
74362018117
74383136906
74383141002
74383399434
74383403530
74383399050
74362263701
74362263702
74362263717
74362263718
74362525845
74362525846
74362525861
74362525862
75436202517
75436202518
74378942725
74378946821
74379204869
74379208965
74383235333
79744314020
75435910469
75435910470
75435894149
75435894150
75435910533
75435910534
79769905802
75507255818
75507517962
75520051722
75574626826
75508304394
75508492882
75575413258
75575601746
75520838154
75587947018
75722135845
74366216841
74366216842
74366233225
74366233226
75457112714
75722135849
75722136101
75722136105
75726330245
75503143174
75503405318
75541006601
75705182537
75705182538
75705198921
75705198922
75705182793
75705182794
75705199177
75705199178
80000149833
75440138793
75440138794
75440204313
75440154792
75440171176
75441006936
75441006952
75441023320
75441023336
75440204314
74635717253
74635717254
75575171594
79819778689
79836555905
74379729221
74379729225
74383923525
74383923529
74379729477
74379729481
74383923781
74383923785
75498887556
75499149700
75570899270
75570899274
75575093574
75575093578
79752153225
79752218761
79768930441
79903729985
79768995977
79752735253
79752735257
79769512469
79769512473
79731251368
79731267752
75503310982
75503315078
75503376518
75709442708
75503380614
75503905162
79744555656
79744363030
79743440985
79743440986
79743441049
79743441050
79743703129
79743703130
79743703193
80000149844
80000149860
74363001444
74361952837
74361951828
74361951844
74361968212
75810482721
75452991529
75453007913
75457185833
75457202217
75453475409
75453475425
75457669713
75457669729
75587688530
75591882834
75437058585
75437058586
75705199016
75503933958
75575110242
75705379465
75705379466
75705395849
80012925578
92721908230
75441252901
75441252902
74367261001
74367281752
74367281768
74367261002
74366215768
74366215784
74366232152
74366232168
74366216792
74366216808
74366233176
75570915978
75436808600
75436808616
75436824984
75436825000
80012732953
80012732954
80012798489
80012798490
79752997386
75566328088
75540998674
75566328344
75575204166
75575204170
75575204230
80000150153
75575204234
79748667670
79748667674
79748667926
79748667930
75520580130
75524774434
75520034854
74451069090
74467797154
75524229158
75520051238
75524245542
74631522712
75709635112
74383960418
74383960482
74400688530
79811389733
75457669765
75457669769
74635635273
74635635274
74635651657
74635651658
80012749416
75503905349
74366494824
74367199640
74367199656
74367216024
74367216040
74366150296
74366150312
74366166680
74366166696
74367216296
75705264804
74362038661
74362038662
74362264090
74362264105
74362264106
74362038917
74362038918
74363070789
74363070790
74363087173
75441138344
75441154712
75441154728
74378942726
74378946822
74379204870
74379208966
74383235334
74383239430
74383497478
74383501574
75503310918
75503315014
79761156708
75768289688
75768289944
75768375876
75768552088
75441220136
75436747412
75436747428
75436763796
75436763812
75456878662
75456882758
75473655878
75473659974
75457140806
75457144902
75473918022
75473922118
75524221202
75566262552
75499657509
75499657510
75499657765
75499657766
75499673989
75499673990
75499674245
75499674246
75524872577
75541551393
80000150085
80000150086
80000166469
80000166470
75709373065
75709373066
75709389449
75571026437
75571030533
75709389450
79764728326
148623104146
80000166538
79828261385
79828265481
79895341605
75436172869
75436172870
75436156549
75436156550
75436172933
75436172934
74362022277
74362022278
74362021253
74362021254
74631502217
74631502218
74631518601
74631518602
75435939369
75435939370
74451069073
74467797089
74631453080
74631453096
74379266118
74379331606
74379069462
74383247382
74383263766
74379003974
75570944645
75570944649
75575138885
75575138889
75507509273
75520579746
75524774050
75709442388
75709442404
75709458772
75709458788
75457185929
75457251465
75473963049
75473979433
75503114310
75503118406
75503114265
79761529481
79761529482
74383136841
74383140937
74383399174
74383403270
74383398985
74383403081
74400176201
74400180297
75570419737
75570423833
79760287848
79760353384
79760287912
79760353448
79761090904
79761090968
79761156440
79761156504
75456862473
75456866569
75457124617
75457128713
75473639689
75473643785
75473901833
75473905929
75525007633
75592116497
80029985349
79752079638
74363005513
74363005514
74363021897
74363021898
79752079642
79752079894
79752079898
79760500825
79760500826
79815608454
79832385670
79815645346
148723903046
74366412904
74366429288
79761074473
75435944474
75435944489
75435944490
75435763334
75435779717
75435763077
75435763078
75435779461
75435779462
75435763333
75435779718
74379713093
74379713097
74383907397
74383907401
75498887492
75499149636
75498887748
75499149892
75499854228
75499854484
79811418634
79811422730
79747958921
79748024457
79764736137
79764801673
79748541009
79748541073
79765318225
75453454730
75457649030
75457649034
74366231892
74366231908
74635696457
74635696458
74635712841
75457763621
75457763625
75474442629
75474442633
75457763877
75457763881
75474442885
75709438628
75474442889
75524221314
79752878602
92788754978
97083525258
97192651362
97192651426
74379975177
74379979273
74380225045
74380225049
75503905353
75587676306
75591870610
75587676322
75591870626
79761271113
79761271114
79761271177
79761271178
79748930085
79748930089
79765477893
79765481989
79765707301
79765707305
79815645762
79832422978
79815645826
79832423042
75592116514
75525007906
75592116770
75436993045
75436993046
75436993061
74367199832
74366478632
74366495016
74367216216
74367199848
74367216232
75436993062
75709373016
75709373032
75709389400
75709389416
74400700833
80029784648
80029850184
80029784712
80029850248
75768310184
75768310440
75768441384
75768572584
75520579858
75524774162
75520579874
75524774178
75709573460
75709573476
75709589844
75709589860
74467797090
74631440792
74631440808
92789017094
75439958601
75439958602
75439974985
75439974986
75440478360
75440494744
75440478376
75440494760
75441007252
75441007268
79811455530
75591985729
75608664593
75591985793
75608664609
75709831832
75709831848
75709848216
75709848232
75587693089
75591887393
75457763985
75474442833
75474442849
75441007241
75441007242
75441023625
80012929673
75440216152
75440232536
75440216168
75440232552
74362037588
74362037604
74362022228
74362022244
74362038612
74362214552
74362230936
74362214568
74362230952
74363070804
75591920194
75503933961
75503938057
75571042825
75571046921
79836621186
80000215370
80000231753
80000231754
79743589000
75768289896
75457927689
75457931785
75458161189
75458161193
75474704905
75474709001
75474938405
75474938409
79765576201
79765580297
79811352742
79811352746
79743527016
79743592552
79743527080
79743592616
75473901642
75473905738
79760300120
79760365656
79760300184
79760365720
79761074532
79761074596
79761140068
79761140132
79769901637
75566786949
75566786950
79895226474
75570489370
80012941641
80012941642
80012941705
80012941706
75574679578
75574683674
79761156760
75709688362
75743123977
75743128073
75743373845
75743373849
80012814760
104734460578
75525065222
75592174086
75525265986
75592374850
75705178532
75705194900
75705194916
75453007941
75453073429
75457251349
75457267733
75453454993
75453455009
75457649297
79832566278
75520567457
75524761761
75705243992
75705244008
75705260376
75705260392
75524217217
75566258564
75524217473
75566258820
80016976166
74379962662
74379962666
74379962918
79760287896
79760353432
79761074520
79761074584
79761140056
79761140120
74379962922
74631441064
74631457432
74631457448
80012978536
80012978600
80013011336
80013044136
80000166248
79832312082
79836506386
79832312098
79836506402
80000150104
80000150120
80000166488
80000166504
79744297509
75457173770
75457177866
79747684618
75705653844
75705653860
79744297257
79744297258
79744362793
79744362794
79744297513
79744297514
79744363049
79744363050
79899420754
79903615058
75709569669
75709569670
75709586053
75709586054
74400237590
74631502424
74631502440
74451069569
74467797537
74383444038
74383509574
74400221206
74631518808
74631518824
75440941381
75440941382
75440957765
75440957766
75440941637
75440941638
75440958021
75440958022
79730989592
75456850309
75709442712
75709442728
74367260997
74367260998
74367277381
74367277382
74367261253
74367261254
74367277637
74367277638
74367261016
74367261032
75457698085
75457698089
75474426245
79752861974
148723886680
74378942981
74378947077
74379205125
74379209221
74383235589
74383239685
75570514182
74383497733
74383501829
75503310981
80029985417
79748667945
79765444901
79765444905
79765445157
79765445161
79815645506
79832422722
79815645570
79832422786
80029755732
75525007890
75592116754
75768293736
75457767702
75457767706
75474446662
75474446666
75457767958
75457767962
75474446918
75474446922
79760562280
79760627816
75457665606
75435764041
75435764042
75435780425
75435780426
75435764297
75435764298
75435780681
75435780682
75440478296
75440494680
75456846373
75456846377
75473623333
75473623337
75473623589
75473623593
75456846117
75456846121
75499673893
75520583969
75452918054
75452918058
75452918310
75452918314
74363005268
74363005284
74363021652
74363021668
74366474532
74361955668
74361955684
74361972052
74361972068
74361956692
75498891844
75499153988
148719692436
148719692452
148719708820
148719708836
75440138406
75440351828
75440351844
75440368212
75440368228
75440413208
75440429592
75440413224
75440429608
75441400404
80021428746
75457894693
75457894697
75457894949
75457894953
75474671909
75474671913
75474672165
75474672169
79765444997
79765445001
75456923786
75456989322
75473700906
75473717290
75457767762
75457767826
75474446674
75474446690
75520583826
75524778130
79760349832
75499153960
79832820242
79899535506
80012929609
75507984785
75507984801
75570915909
75570915913
75575110213
75575110217
79748930182
79748930186
79764462090
79764466186
79764724234
79764728330
74366215493
74366215494
74366231877
74366231878
74366215749
74366215750
74366232133
74366232134
75440133657
75440133658
75456862726
75456866822
74378942982
74378947078
74379205126
80004344408
80004344424
80004360792
80004360808
74379209222
74383235590
74383239686
79751846025
79751850121
79752108550
79752112646
79752108169
79752112265
79768885385
80000215434
79768889481
79815608458
75499739685
75441400453
75441400454
75441416837
75441416838
75524761681
75520567393
75524761697
75705178456
75705178472
75705194840
75705194856
79836809738
79903729986
79837014594
79903730050
75457702498
75457702562
75474430610
75474430626
80012732713
80012732714
80012798249
80012798250
80012732969
80012732970
80012798505
80012798506
148556228882
148623091794
79761156712
75473889830
75473889834
79760484937
79760484938
79760485001
79760485002
79760501321
79760501322
79760501385
75440204074
80016976421
80016976425
80029575717
80029575718
75709831753
75709831754
75709848137
75709848138
75503868421
79752866377
75503872517
75524344073
75570981381
75503933957
75503938053
75571042821
75571046917
75525007745
79836748050
79903660114
79836748306
79903660178
75709376837
75709376838
75709393221
75709393222
75709377093
75567049240
80013007240
75503806790
75503806794
75508001094
75508001098
74379249686
74379266070
74383443990
74383460374
74379713106
74379713122
74383907410
74383907426
79731731014
75436747077
75436747078
75436763461
75436763462
75436747333
75436747334
75436763717
75436763718
80000150164
80000150180
80000166548
80000166564
75709573780
75709573796
75709590164
75709590180
75503323177
75503339561
75507517481
75507533865
75503807057
75503807073
79895226518
79895226522
79895226534
79895226538
75566786853
75566786854
75566787109
75566787110
75566852389
75566852390
75566852645
75566852646
75436812888
75436812904
75436829272
75436829288
80000215380
80000215396
80000231764
80000231780
75441138057
75441138058
75457698465
75474426513
75474426529
79828129946
80012749460
74361968228
75435763081
75435763082
75435779465
75435779466
75435763337
75435763338
75435779721
75435779722
75440220248
75440236632
75457702166
75457702170
75474430278
75474430282
75457702422
75457702426
75474430534
75474430538
79760562264
79761091172
79760300616
79760366152
79760300680
79760366216
75498957096
75499219240
79748671781
79748671785
79748672037
79748672041
79765448997
79765449001
79765449253
79765449257
79832615430
79899531586
74383923786
79764801610
75722139926
75722139930
75722140182
75722140186
75566963112
75566963368
75567114772
75567225512
75772545546
75772734034
80013204101
75789511186
75835664984
79752866181
79752866185
79752866437
79752866441
75456878666
75456882762
75473655882
75456846474
75452651814
75452651818
75452652070
75452652074
75456846214
75456846218
75456846470
79743441482
79743457865
75437222552
75566979416
75566979672
75567032868
75567241816
80029575848
79744379556
75435944085
75435944086
75435944101
75435944102
75436206229
75436206230
75436206245
75437201994
75437218377
75437218378
74400700998
74400701002
75452745798
75452811286
75456849430
75456849434
75453454738
75453454754
75457649042
75457649058
75524810833
75440155172
75440171556
75453700390
75453700394
74367277385
74367277386
79903730049
75705395525
75705395526
79764723974
79764728070
79768656134
79768660230
79768918278
79768922374
75709459092
75566967188
75566967444
75567045192
74379729314
74383923602
74383923618
75567229588
75456862474
75456866570
75457124618
75457128714
75473639690
75473643786
75473901834
75473905930
79764461834
79764465930
79765580298
79765711494
79765711498
79769770506
79769774602
79769905798
75571042822
75726592645
75500132964
75575110282
75440232744
74362562664
75591866658
75587672338
75591866642
79743707721
79743707722
79743707785
79743707786
79743724105
79743724106
79743724169
79743724170
80021563930
80000166537
79743527240
79743592776
79743527304
79743592840
75503126790
75503388934
75524278537
75570497798
75503933701
75503937797
75571042565
75571046661
75525007681
75592116545
75705182533
75705182534
75705198917
75705198918
74362235032
75436218916
75436235300
75705182789
75705182790
75440134697
75440134698
75440200217
75440200218
75440200233
75440200234
74366150026
74366166409
74366166410
74366150281
74366150282
74366166665
74366166666
74362037924
75726363145
75726367241
75726596645
75726596649
75743140361
75743144457
75743373861
75743373865
79836875273
79903730241
75503852042
75503856138
75570960906
75570965002
75503917578
79752866122
75503921674
75571026442
75571030538
79811402250
75440482456
75440498840
75440482472
75440498856
79743850888
75436829080
74362021476
74362037844
74362037860
74362022484
74362022500
74362038868
74362038884
74363087204
74363087444
74363087460
80004409734
80004426117
97192667808
104734464642
104734526086
75709569688
75709569704
75709586072
75709586088
75810478625
74379713158
74379713162
74383907462
74383907466
75457649313
75591915601
75608643665
75591915665
75608643681
75705178772
75705178788
75705195156
75705195172
74366211653
74366211654
79744297384
75457112358
75457112362
75457112614
75457112618
75473889574
75473889578
75441248789
75441248790
75441248805
75441248806
74362018456
74362018472
74362033816
74362033832
74362034840
74362034856
75570915722
75705244248
75705244264
75705260632
75705260648
75457202314
75457267850
75473979530
75474044970
75457768034
75457768098
79765318242
79765318306
75498871336
75499133480
75499874644
75507271706
75499874900
75499919912
75500137044
75453471045
75453471049
75457665349
75457112389
75457112393
75452918037
74631522648
74631522664
74446825634
74451019938
75452918041
75452918293
74446825618
74384026150
74384026154
74400705158
74400705162
75458025994
75458030090
75458161286
75458161290
80012749412
79819840065
79836617281
79819840129
79836617345
75541784865
75608893729
79760546184
79760611720
79761320532
79761320596
79761386068
79761386132
75457927690
75457931786
75458161190
75458161194
75474704906
75474709002
75474938406
75474938410
79765576202
75499858536
80004344137
80004344138
80004360521
80004360522
75705637528
75705637544
80013044250
79761074776
79761074840
79761140312
79761140376
92788763138
92948310536
92948409000
75705494041
75705494042
75705494057
80012732776
80012732840
80012798312
80012798376
79828133994
75435894164
75508095558
75508095562
75508095622
75508095626
75503376426
75503380522
75507570730
75507574826
75437058602
74635717257
74400237606
75709455012
75457899046
75503905417
75457899050
75474676006
75474676010
75474676262
75474676266
79765449094
79765449098
79765449350
80029985350
79761320552
79761320616
79761386088
75772611077
75435779752
75772730001
75793701441
75835660948
79761386152
79895242842
74379995658
74380220966
75498957352
74380220970
74384284166
74384288262
74384415366
74384415370
75705506328
75705522712
75503901254
74383497258
74383501354
75503310890
75709393286
75591887122
75587692834
75591887138
75709573720
75709573736
75709590104
75709590120
75591985474
75608664338
75591985538
75705395850
93015517857
79744297572
79744297636
79744363108
79744363172
79761074469
75435940377
75435940378
75435940393
75435940394
75436005913
75436005914
75436005929
75435910729
75435910730
75435894409
75435894410
75435910793
75435910794
79819778369
79836555585
79819778433
79836555649
75726334245
75726334249
75726334501
74383181962
75452918053
75726334505
75503851786
75503855882
75570960650
75570964746
75503917322
75503921418
75571026186
75571030282
79811389718
79811389722
79731267672
79731251304
79731267688
75567225496
79752866085
79752866089
79752866341
79752866345
79769643301
79769643305
79769643557
79769643561
79832615434
74635696453
74635696454
75768552040
79752862345
74635712837
74635712838
74635696709
74635696710
74379729286
74379729290
74383923590
79752169610
79752235146
79768946826
79769012362
79752735270
79752735274
79769512486
79769512490
79836776970
79903688842
75591944329
75608664209
75591985313
75608664225
75441154441
75453717001
75453721097
75453966869
75520813602
75587922466
75768310104
75768310360
75768359464
75768572504
75456846118
75456846122
75456846374
75456846378
75473623334
75473623338
75473623590
74363066693
74363066694
74363083077
74362546260
74363083078
74363066949
74363066950
74363083333
74363083334
75437054486
74361968296
74363001496
74363001512
75453008010
75453073450
75457251370
75457267754
75453475474
75453475490
75457669778
75457669794
75591927946
75608664146
75705379210
75575138630
75575138634
74362202214
74362267925
74362267926
74361951561
74361951562
74361967945
74361967946
74361951817
75436009765
75436009766
75456850501
75456850505
74451065154
74467793170
74378987546
74379003930
74451065218
74467793186
75439958597
75439958598
75439974981
75439974982
75440412824
75440429208
75440412840
75440429224
75441007188
74378930246
74379188489
74379192585
75453459077
75453459081
75503839813
75503839817
75503839877
75503839881
75457894694
75457894698
75457894950
75457894954
75474671910
75474671914
75474672166
75474672170
79765444998
75570448426
75574626346
74362280468
74362296852
74362280484
74362296868
75574642730
75570915922
75570915938
75575110226
74384157257
75436763525
75436763526
74400701001
75441138024
75441154392
75441154408
75436808777
75436808778
75436825161
75436825162
79832557858
79899469922
79832558114
79899469986
80017168906
80017173002
80017369670
80017369674
75705178761
75705178762
75705195145
75705195146
79753124421
74362022296
74362022312
74362038680
74362038696
75776821769
75776928417
75810478626
75835681444
79828261129
79828265225
79895276069
79895276073
79761156756
74383960673
74383960737
74400688785
74400688801
74468038946
74534901906
74631506580
74631506596
74631522964
74631522980
80000215640
80000215656
80000232024
80000232040
75503839622
74366396501
74366396502
74366396517
75436284452
75436300836
74366396518
74366462229
74366462230
74366462245
74366462246
75709442697
75709442698
75709459081
75508111881
75508115977
75575220745
75575224841
75709459082
79744752265
79744752266
75743373846
79836752258
79903664706
79836752514
79903664770
79895308810
80016976165
74379958826
74384152966
74384152970
74384153222
74384153226
75503835718
75503835722
75503835782
75503835786
75508030022
75507505178
75436943972
75436960340
75436960356
75435894090
75435910473
75435910474
75435894153
75435894154
75435910537
75435910538
74361956681
74361956682
75500001816
74362218664
74362235048
74363070808
74363070824
74363087192
74363087208
74362021464
74362021480
74362284584
74362300968
75474044950
80013208133
80013208134
80013208197
80013208198
79760365736
79743445097
79743445098
79743445161
79743445162
79743707241
79743707242
79743707305
79743707306
79832324178
79836518482
79744297510
79744297253
79744297254
79744362789
79744362790
79744363045
79744363046
75726346758
75726350854
75726592534
75726592538
79769770501
79769774597
79769901701
79769901705
79811389734
79811389738
79828166950
79828166954
75726461449
75726465545
75726596741
75726596745
79735171609
79735171610
79735171625
79735171626
75452684421
75452688517
75456976933
75456981029
75452946565
75452950661
75457239077
75457243173
75498875176
74631502149
74631502150
74631518533
74631518534
74631502405
74631502406
74631518789
74631518790
75705424405
75705424406
74379712902
74379712906
74383907206
97209428577
79748671782
79748671786
79748672038
79748672042
79765448998
79765449002
79747975306
79748040842
79764752522
79764818058
79748541026
79748541090
80029592152
80021564038
79744493897
79744493898
79744493961
79744493962
75541006378
75524343946
75541022762
75457898825
75457899077
75457899081
75520813586
75587922450
75768293720
75768293976
75768359448
75768556120
79748671813
75457767701
75457767705
75474446661
75474446665
75608902153
75457767957
75457767961
75474446917
75474446921
79760545896
74635635364
74635651732
74635651748
75436222612
75436238996
75436222628
75436239012
79832680970
80029755748
80029755812
80029784456
80029821348
75768293800
75768294056
75768441368
75768556200
79899535938
74635700810
80012814756
74367277716
74367277732
74379991562
75440412776
75440429160
75440941652
75440941668
75440958036
75440958052
75435780677
75435780678
75435764037
75435764038
75709684245
75709684246
75709684261
75709684262
75499870632
75499870888
75500005924
75500133032
79752927753
79752931849
79753128517
79753128521
80000231818
75608648210
75436812937
75436812938
75436829321
75457665633
75436829322
79895275801
75503323178
75503339562
75507517482
75507533866
75503807058
75503807074
75508001362
75508001378
75587692818
74384419466
75705198996
75705199012
80021170786
80021170850
80029592168
80029592232
75440134293
75440134294
75440134309
74363087272
75440134310
75440351572
75440351588
75440367956
75440367972
75440151064
74362021272
74362021288
74362037656
75503405573
75541006853
75570514437
75570513945
75574691865
75574708249
75508230561
75508230817
75575339425
75575339681
75541780770
75608889634
75541781026
75608889890
75499674137
75499674138
79899437202
79903631506
79899437218
79903631522
74379733586
74383927906
75499678341
79837010498
74631441044
74631441060
74631457428
74631457444
74379266121
74379331609
74383509529
74383525913
74379717265
74379717281
79731239017
79731239018
74366212696
74366212712
74366229080
74366229096
74383956386
75441216024
74400684434
74400684450
75499874708
75499874964
75499936392
75435940117
75435940118
75435940133
75435940134
75436005669
75436005670
75436005653
75436005654
75436939654
75436038420
79828129962
80012814996
75524217153
75566258500
75524217409
75566258756
80000149898
80012732709
80012732710
80012798245
80012798246
80012732965
80012732966
80012798501
80012798502
148539255106
148555983122
79769643398
75473885482
75473885734
75473885738
79760480841
79760480842
79760480905
79760480906
79760497225
79760497226
79760497289
75508099398
74379958549
74379958553
74379958805
74379958809
74384152901
74384152905
74384153157
74384153161
75503835461
75503835465
75435956392
75435972776
75436812628
75436812644
75436829012
75436829028
75435763284
75435763300
75435779668
75437054501
75437054502
74363017880
74363017896
75437054485
75705375316
75705375332
75705391700
75705375365
74383911569
74383911585
75705375366
75705391749
75705391750
74363083112
74363066712
74363066728
74363083096
75709377176
75709377192
75709393560
75709393576
74362018452
79765252650
79743506600
148719692421
148719692422
148719708805
148719708806
79743572136
79744313684
74635631173
74635631174
74635647557
74635647558
75440941449
75440941450
75440957833
75440957834
75591866529
75705244244
75705244260
75705260628
75705260644
75440941705
75440351881
79752079750
79752079754
79752080006
79752080010
75709835909
75709835910
75709852293
75709852294
79769704970
79769709066
79769905734
79769905738
75457702165
75457702169
75474430277
75474430281
75457702421
75457702425
75474430533
75474430537
79760545880
79760611416
80021170709
80021170713
80029592085
80029592086
79748540966
79748540970
79765318182
79765318186
79899535682
79832820290
79899535746
80029755992
80029756056
80029821528
80029821592
79836551250
79819774098
79836551314
80012732772
80012732836
80012798308
80012798372
75575171338
75575175434
75503900841
75570976901
75570980997
74366474772
74366491156
74366474788
74366491172
74367261268
74367261284
74366408852
74366425236
74367261012
74367261028
79761074474
79761140009
75709835864
75709835880
80030050952
80029575844
148719626825
148719626826
148719643209
148719643210
75440150824
75440167208
75441138004
74361956776
74361973160
74363021720
74363021736
75441138020
75441154388
75441154404
74361956760
74361973144
74363005352
75441007204
75441416792
75441023572
75441023588
74383923530
74367195785
74367195786
74367211913
74367211914
74367195529
74367195530
74367212169
74367212170
75436288532
75436304916
75504036257
75504036513
75571145121
75571145377
75541780754
75608889618
75541781010
74362562708
75437218388
75437218404
74362018468
74362034836
74362034852
74362542228
74363067032
74363067048
74362284196
74399975557
74400040997
74384021857
74384021921
74400700817
74378926214
74378930310
74379188745
74379192841
74379188358
74379192454
74383431718
74383435814
75498887460
75499149604
75540994594
75566324264
75575093829
75575093833
79748667782
79748667786
79748668038
79748668042
79730993704
79731010088
74384169481
74384173577
74384419349
74384419353
74400946697
74400950793
74401196565
74401196569
75571013957
75571013961
79743461481
79743461482
79743461545
79743461546
79743723625
79743723626
79743723689
79743723690
79832328274
79836522578
75458157094
75458157098
75474704902
75474708998
75474934310
75437206149
75437206150
75437222533
75437222534
79744805480
75437202084
79744805544
75768306068
75768306324
75768371844
75768568468
79744838280
79744871080
79828113962
79744362920
75453459090
75453459106
75457653394
75457653410
75575110026
75709590090
75473623594
79743703625
79743703626
79743703689
79743703690
79743720009
79743720010
79743720073
79743720074
75503380521
74379733578
75705637449
75705637450
75705653833
75705653834
74366151305
74366151306
74366167689
74366167690
79832426882
79752866086
79752866090
79752866342
79752866346
79769643302
79769643306
79769643558
80012814948
75435960484
75435976868
75436808536
75436808552
75436824920
75436824936
75571010185
75726363141
75726367237
75726592549
75726592553
75743140357
75743144453
75743369765
75743369769
79819844161
79836621377
79761074730
75503790406
75503790410
75507984710
79899531410
75507984714
75503852041
75503856137
74635712842
75570960905
75570965001
75503917577
75503921673
75571026441
75571030537
79811402249
79895242854
75503118470
75499673894
75499674149
75499674150
75524876609
75541555473
75709569432
75709569448
75709585816
75709585832
75524876673
74366149961
74366149962
75436747145
75436747146
75436763529
75436763530
75453454945
75452991509
75453007893
75457185813
75457202197
75453454929
75457649233
75457649249
75587672145
75591866449
75436747352
75436747368
74378926218
74378930314
74379188746
74379192842
74379188362
74379192458
74383431722
74383435818
75503048746
75503052842
74362034776
74362034792
74362284564
74362300948
75566770473
75566770474
75440199961
75440199962
75440199977
75440199978
75457185930
75457251466
75473963050
75473979434
75457768018
75457768082
75474446930
75709573450
79760300360
79760365896
79760300424
79760365960
75498957080
75499219224
75498957336
75499219480
75520563729
75524758033
75452913941
75452913945
75452914197
75452914201
75457108293
75457108297
75457108549
75457108553
75503933962
75499137320
75498875432
75499137576
75503905093
75503905097
75503905157
75503905161
75503835301
75503835305
75570944101
75570944105
75570944165
75570944169
79760283976
79760349512
74362022214
74362038597
74362038598
75498891544
75499153688
79903729810
75457665350
75457665354
80029985414
74631436884
74631436900
75452951049
75456977417
75456981513
75457239561
75457243657
75525032453
75592141317
75525265953
75592374817
75776756229
97192618656
104717691522
104717748874
75437025832
74362525781
74362525782
74362525797
74362525798
74363001221
74363001222
74363017605
74363017606
74363001477
74363001478
74363021958
74366396505
74366396506
74366396521
74366396522
74383247397
74383263781
74379729297
74379729313
74383923601
74383923617
74451077253
74467809361
74451130513
74467809377
75436202533
75436202534
75709438548
75709438564
75709454932
75709454948
79735974537
79735974538
74399959082
75520563746
75524758050
75520034838
75524229142
75520051222
75524245526
75705440808
75705457192
75570899281
75570899297
79811455525
79811455529
79828232741
79828232745
74635717193
79828195850
74362017176
74362017192
74362033560
74384152853
74384152857
74384153109
74384153113
74400930069
74400930073
74400930325
74400930329
75541809669
75435763032
75435763048
75435779416
75435779432
75435764056
75435764072
75435780440
75435780456
75435960472
75435976856
79765445002
79765445254
79765445258
79769639302
79769639306
79769639558
79761386005
79761386006
75776928402
80021432841
79748684293
79748688389
75499854436
75499936276
75500116580
79748930069
79748930073
79765461509
79765465605
79765707285
79761090964
74383239209
74379204745
74379208841
74383497257
75709848212
75709848228
74383501353
75503310889
75503314985
75507505193
74635717002
80013236840
80013236904
80013273732
80013302440
79744363160
75705395594
74362017097
74362017098
74362033481
74362033482
74362017353
74362017354
74362033737
74362033738
74366474324
74366490708
92948408996
75452684425
75452688521
80016976225
80016976289
80029575524
80029575588
74378942729
74378946825
74379204873
74379208969
74383235337
74383239433
74383497481
74383501577
75503310921
75503315017
79828232490
74361955717
74361955718
74361972101
75726330149
75726330153
75726330405
75726330409
75743107365
75743107369
75743107621
75743107625
79819843905
79836621121
75507505290
75507509386
75705182601
75705182602
75705198985
75705198986
75503851785
75503855881
75570960649
75570964745
75503917321
75503921417
75571026185
75571030281
79811389717
79811389721
75440400937
75440400938
75440466457
75440466458
75440466473
75440466474
75440482408
75440498792
74362021204
74362021220
74379729285
74379729289
74383923589
74383923593
74379729541
74379729545
74383923845
74383923849
75498891652
75499153796
80000215429
80000215430
80000231813
80000231814
92788754962
97083525254
97192651361
97192651425
79752153226
79752218762
79768930442
75453471370
75709438534
75436829268
74366412948
74366429332
74366211416
74366412964
74366429348
74367277400
74367277416
74366478868
74366495252
74366478884
75453721093
75453962773
75453962777
75457960453
75507570729
74383927878
75571013958
75571013962
75571014022
74361968216
74361968232
74362284324
74362300708
74363001432
74363001448
74363017816
74363017832
74361952856
74361952872
75499661609
75499661610
75499661865
75452991530
75453007914
75457185834
75457202218
75453475410
75453475426
75457669714
75457669730
75587692626
75591886930
80013007432
80013072968
80013007496
80013073032
75435911764
75435911780
75435911828
75435895380
75435895396
75435911844
75436284184
75436300568
75435895460
75435894420
74367261065
74367261066
75524757777
75520563489
75524757793
75705375060
74367277449
74367277450
74367261321
75440482836
74366150985
74366150986
74366167369
74366167370
74366151241
74366151242
74366167625
74366167626
75436284052
75436300436
74383960614
74383960618
74400688774
74400688778
74383136901
74383140997
74383399429
74383403525
74383399045
74383403141
74400176261
74400180357
79819839809
75440941706
75440958089
75440958090
79836617025
79819839873
79836617089
75541784849
75608893713
75541785105
75570915666
75570915682
75575109970
75575109986
75524778514
75440417320
74446837905
74451032209
75440433704
75709639192
79743789160
75503839317
75503839321
75503839381
75503839385
75570948181
75570948185
75570948245
75570948249
79743768904
79743834440
75608889874
75457239305
75457243401
75525016069
75592124933
74362021193
74362021194
74362037577
74362037578
74362021449
74362021450
74362037833
74362037834
75435943449
75435943450
75705391768
75705391784
74378942730
74378946826
74379204874
74379208970
74383235338
74383239434
74383497482
74383501578
75503310922
75503315018
79811352682
79828245002
79828249098
79837014561
79895341594
75436005674
75435940121
75435940122
75435940137
75435940138
75436005657
75436005658
75436005673
75436943685
75436943686
79828453898
75571046662
74383960658
74383960722
75566786885
75566786886
74400688722
74400688738
75566787141
75566787142
75508030026
75508030086
75508030090
75503376410
75503380506
75507570714
75507574810
74451065474
74467793442
74631522900
74631522916
74383444041
74383927633
74383509577
74400221209
74400237593
74383960657
79761549897
79761549898
79761549961
79761549962
75525003842
75592112706
74379958550
74379958554
74379958806
74379958810
74384152902
74384152906
74384153158
74384153162
75503835462
75503835466
80012945737
75498887812
75499149956
75609156113
75440958100
74383235097
74383239193
74379204681
74379208777
74383497241
74383501337
75503310873
75503314969
79895275938
75507505177
74366216612
74366232980
74366232996
74366474392
74366490776
74366215828
74366215844
74366232212
74366232228
74366233236
79832582662
79899494534
79832816162
79899531426
74401196582
74401196586
75571014214
75571014218
75571014278
75571014282
75575208518
75571009701
75571009705
79903664210
75436206633
75436206634
75436272153
75436272154
75436272169
75436272170
80004409940
80004409956
80004426324
80004426340
75705248408
75705248424
80017365546
75524217122
75566258472
74383525909
75524217378
75566258728
75566983524
74379712901
74379712905
74383907205
74383907209
74379713157
74379713161
74383907461
74383907465
75498891588
75499153732
80000166281
75722139942
75722139946
79747958922
79748024458
79764736138
79764801674
79748541010
79748541074
79765318226
79765318290
79832566282
79899478154
80029592148
75591985297
75608664161
75436172888
75436172904
79837010562
74631518538
79903726210
74635696521
74635696522
79748667973
79748667977
79752862021
79752862025
79752862277
79752862281
74635712905
74635712906
80013187721
80013187722
75440133673
75440133674
75440199193
75440199194
75440199209
75440199210
74366216517
74366216518
74366232901
74366232902
75608902149
79828363873
79815649922
79832427138
80029772360
74451064993
74467793057
74631502228
74631502244
74631518612
74631518628
74383460421
74468038945
74534901905
74468039201
74363066761
74363066762
74363083145
74363083146
74363067017
74363067018
74363083401
74363083402
75437202058
75437201993
75541785121
75435895177
75435895178
75435911561
75435911562
75722398250
75503868426
75503872522
75570977290
75570981386
74366462041
74366462042
74366462057
74366462058
74366724185
74366724186
74366724201
75709589864
75520583970
75524778274
75709573464
75709589848
75709573480
75439957656
75439957672
75452729369
75452745753
75456923673
75456940057
75705182548
75705182564
75705198932
75705198948
75503807050
75705510440
75705526824
75570899298
75570899346
75570899362
75524229146
75520051226
75524245530
75570899282
75524278346
75566852377
75566852378
75566852633
75566852634
75525003809
79769643654
75436218900
75436235284
75437202004
75437202020
74362021208
74362021224
74362037592
74362037608
74362022232
74362022248
74362038616
74362038632
74362218648
75587693073
75591887377
79832324258
79836518562
80004409748
80004409764
80004426132
80004426148
75441023626
75587688546
75591882850
79828232866
75508230545
75508230801
75575339409
75575339665
75525003650
75592112514
75525003906
75592112770
75768310164
79832557842
79899469906
79832558098
79899469970
80012929353
80012929354
80012929417
80012929418
75440351557
75440351558
75440367941
75440367942
79752878597
79752882693
79753124373
79753124377
79769655813
79769659909
79769901589
79769901593
79815584322
75772734113
75810478610
75835665060
75508001349
75508001353
74361955672
74361955688
74361972056
74361972072
74361956696
74361956712
74361973080
75435911512
74362284312
74363021912
74379266073
74383443993
74383460377
74379717201
74379717217
74383911505
75452667973
75452672069
75456911381
75456915477
75452930117
75452934213
75457173525
75457177621
75498871064
75499133208
75566979492
75566979748
75567110692
75567241892
75776739849
75776928337
75789507106
75835681364
74631457414
75570513961
75574691881
75574708265
75570915985
75591981634
75608660498
75591981698
75608660514
75709835924
75709835940
75441138309
75441138310
75441154693
75441154694
75705248393
75705248394
75705264777
75705264778
148723886696
79836752450
79903664514
75570899590
80016976210
79752866182
75575204006
75575204010
75709585993
75709585994
74366151268
74366167636
74366167652
74366474520
74367215972
74366408792
74367199844
74367216212
74367216228
74366149972
75457267734
74635713162
75570948678
75570948682
75570948742
75570948746
75575142982
75575142986
75575143046
75575143050
75776924322
148556253706
148623108242
148556491298
148623108258
75504175626
75504298642
75571284490
75571407506
75726334341
75726334345
75726334597
75726334601
75435911832
75435911848
75436288280
75436304664
75436944024
75436944040
75435894424
75435894440
75435910808
75435910824
75520023058
75566242328
75566967124
79752866378
79895226454
79895226458
79895226470
79751878918
79751883014
79752141062
79752145158
74384022053
74384022057
74400701061
74400701065
75440941445
75440941446
75440957829
75440957830
75440941701
75440941702
75440958085
75440958086
79730993688
79731010072
74366462101
74366462102
74366211402
74366227785
74366227786
74366211657
74366211658
74366228041
74366228042
74366474388
74379716934
74379716938
74383911238
74383911242
74378942985
74378947081
74379205129
74379209225
74383235593
74383239689
75435697477
75435697478
75435713861
75435713862
75435697733
79730907225
79730907226
79730907241
79730907242
79730972953
80012814952
75508033621
75508033625
75508033685
75508033689
75575142485
75575142489
75575142549
75575142553
79743773000
79832426818
79815649666
74378987541
74379003925
74383181845
74383198229
74383460373
74379713105
74379713121
74383907409
74383907425
74631453268
75457767718
75457767722
80012732820
80012798292
80012798356
75474446726
75474446730
75457767974
74367195796
74367195812
75436825236
75705489941
75705489942
75705489957
75705489958
75499854248
75499854504
75500005908
75500116648
79752866117
79752866121
79752866373
75436202265
75436202266
75436202281
75436202282
75436267801
75436943941
75436943942
75436960325
75436960326
75436944005
79765711398
79765711402
92948179616
75435764105
75435764106
75435780489
75435780490
75435764361
75435764362
75435780745
75435780746
75440482392
75440498776
75452672261
75452930309
75452934405
75456911621
75456915717
75457173765
75457177861
75520809233
75587918097
75520809489
80016976482
80016976546
79747881238
79747881242
75435944213
75435944214
74362202197
74362202198
74362202213
74361973096
75435944229
75435944230
75436009749
75436009750
74379729478
75520567570
75524761874
79832324194
79836518498
80004344212
80004344228
80004360596
80004360612
75570915974
75503126793
75503388937
75524278534
75570497801
75504036241
75504036497
75571145105
75571145361
75525003586
75592112450
75440203941
75440203942
75440351832
75440417304
74635696484
74635712852
74635712868
75440433688
74383181957
74383247493
74399959077
74399975461
74384021841
74384021905
79752735254
75709622809
79752735258
79769512470
79769512474
79899437138
79903631442
79899437154
79903631458
74367195465
74367195466
74367211849
74367211850
79819778146
79761140266
79827470857
79827733001
79836088838
79894841481
79828519433
79828626081
79895341665
79895341729
79836875270
79903726146
79748684294
79748688390
79748930070
79748930074
79765461510
79765465606
79765707286
79765707290
92948162976
97192602208
75441400393
75441400394
75441416777
75441416778
74367265176
74367265192
74366740632
74366757016
74366215576
74366215592
74366231960
74366231976
74367265432
74367265448
75456846473
75499858580
75499936328
75500120724
74366215497
74366215498
74366231881
75503388713
75503405097
75507583017
75507599401
75503807121
75503807137
75508001425
75508001441
80016976170
80021563926
74378942986
74378947082
74379205130
74379209226
74383235594
74383239690
74383497738
74383501834
75503310986
75503315082
80030018136
80030018200
80030034568
80030083736
74362542248
74362558632
74363071124
74363071140
74363087508
74363087524
75436038440
74362021524
74362021540
74362037908
75709589834
75503118377
75456878726
75456882822
75473655942
75473660038
75457140870
75457144966
75473918086
75473922182
75524221218
75566262568
75566783109
75566783110
75541551649
75709635092
75709651476
75452913957
75452913961
75452914213
75452914217
75457108357
79761091156
79811389990
75571042826
75474934314
74366215557
74366215558
74366231941
74366231942
74366215813
74366215814
74366232197
74366232198
75440154772
75440171156
75709376901
75709376902
75709393285
79735183896
79735200280
79735183912
79735200296
75436288152
75436304536
75436288168
75436304552
74451069025
74467797137
74631502232
74631502248
74631518872
74468043041
74534906001
74631518888
74631502488
74631502504
75453733381
75453737477
75453962789
80004344197
80004344198
80004360581
80004360582
75435944025
75435944026
75435944041
75435944042
75436206169
75436206170
75436206185
75436206186
79730911321
79730911322
74631453254
79730993432
79731009816
79730993448
79731009832
79731714648
79731714664
79731731032
79731731048
75436747141
75436747142
75436157577
75436157578
75436173961
75436173962
79743461961
79743461962
79743462025
79743462026
79761582692
79761582756
79761611400
79761648292
74383136905
74383141001
74383399430
74383403526
75705641605
75705641606
75705657989
75705657990
74383399049
74383403145
80012929610
75566766377
75566766378
75440350853
75440350854
75440367237
75440367238
75566766633
75566766634
75566782857
75566782858
75457202246
75457267782
75473979462
80012814869
80012814870
79748475430
79748475434
75456862729
75456866825
75457124873
75457128969
75473639945
75473644041
75473902089
75473906185
75525007649
74366216777
74366216778
74366233161
74366233162
74631440969
75503839318
75503839322
75503839382
75503839386
75570948182
75570948186
75570948246
75570948250
79811340374
79811340378
75457702182
75457702186
75474430342
75474430346
75457702438
79895304714
74379733638
74379733642
74383927942
74383927946
79748934277
79819774529
79836551745
79819774593
79836551809
74379962645
74379962649
74379962901
75498875416
75499137560
75499858264
75499858520
75499923992
75500120664
74379962905
79765449254
79765449258
92788754722
97083525194
97192585826
97192585890
92788787714
97083533442
97192651368
75835681432
80021564041
79760550536
79760616072
79761582680
79761582744
75776739845
75776924241
75789507105
75835677268
79761599112
79761648280
79743588456
79743522984
79743588520
75440466470
79744313700
79744313764
79744379236
79744379300
74366216856
74366216872
74366233240
74366233256
74363066953
74363066954
75435944469
75435944470
75435944485
75435944486
75436010005
75436010006
75436010021
75436010022
79744297560
79744297624
79744363096
75441154664
75436009638
75436271765
75436271766
74446837841
74451032161
74635630932
74635630948
74635647316
74635647332
74451032145
74446837857
74378987557
74379003941
75540994322
75566323992
75540994578
75566324248
79810693641
79810955401
79827667081
79827732617
79811455585
79811455649
79828232801
79828232865
79836809734
75508095302
75508095306
75508095366
75508095370
75453475401
75457669701
75457669705
74366150232
74366150248
74366166616
74366166632
74366151256
74366151272
74366167640
74366167656
74366478616
74366495000
74379962661
74379962665
74379962917
74379962921
74384157061
75453471046
75453471050
75709454918
75457665674
75440216232
75440232616
75441006996
75441007012
75441023380
75441023396
75439957652
75439957668
75439974036
75439974052
75499678281
79744543336
79744543400
79744608872
75768289684
75768289940
75768371780
75768552084
79744608936
75441199640
74361955988
74361956004
74362542184
74362558552
74362558568
74362542168
74361972372
74361972388
74361973412
74361957012
75456878661
75456882757
75473655877
75473659973
75457140805
75457144901
75473918021
75473922117
75520026898
75566246168
79744363156
74361957001
74361957002
74361973385
74361973386
79760365672
75436026392
75436042776
75436026408
75436042792
75437074968
75437091352
75437074984
75437091368
74362038628
74362021460
75452668037
75452672133
75456911397
75456915493
75452930181
75452934277
75457173541
75457177637
75498871080
75499133224
74631441029
74631441030
80029985354
80004409993
80004409994
80004426377
79828195849
79828199945
79895304713
79895308809
80004426378
75705182597
75705182598
75705198981
75705198982
75705182853
75705182854
75705199237
75705199238
80000149893
80000149894
79743789224
75474426249
74631502153
74631502154
75440396841
75440396842
75440462361
75440462362
75440462377
75440462378
74631518537
74631436888
74631436904
74631453272
74631453288
74378987542
74379003926
74383181846
74383198230
74379712850
74379712866
75722168838
75722172934
75722398246
75541534881
75705244052
75705244068
75705260436
75705260452
75457202245
75457267781
75473979461
75474044949
75457698401
75453471306
79761267273
79761267274
79761267337
79761267338
75591919713
75608647825
75591919777
75608647841
75498891800
79760284040
80029755925
80029755926
80029821461
80029821462
79744571976
79895341410
75499657770
75499673993
75499673994
75499674249
75499674250
79744490057
79744490058
79744490121
79744490122
79744506441
75453007942
75453073430
75457251350
75456862469
75456866565
75457124613
75457128709
75473639685
75473643781
75473901829
75473905925
75520813329
75587922193
75776805386
79752075542
79752075546
79752075798
79752075802
79760496729
79760496730
79760496793
75440220692
75440237076
75440220708
75440237092
75441269268
75441285652
75441269284
75441285668
74366150981
74366150982
74366167365
74366167366
74366151237
74366151238
74366167621
74366167622
75436218516
75436234900
75503839557
75503839561
75503839621
75503839625
75570497562
80012945801
75473889557
75473889561
75457112341
75457112345
75457112597
75457112601
75705653864
75587676689
75591870993
75587676705
75524876866
75541555730
79836760586
79760615752
79760550280
79760615816
79761320536
75457239301
75457243397
75520821765
75587930629
75521071633
75588180497
75772545541
75772729937
75789507089
75835660884
79760566360
79760631896
79760566424
79760631960
75435763028
75435763044
75435779412
75435779428
75435764052
75435764068
75435780436
75435780452
75435956376
75435972760
75452668041
75452672137
75456911401
75456915497
75452930185
75452934281
75457173545
75457177641
79743506536
79743572072
75503905350
75503905354
75503905414
75503905418
79731780233
79731780234
79731796617
79731796618
75499739430
74400701074
74400701090
75768310180
75768310436
75768437288
75768572580
79903664274
79811389989
79811389993
79828167205
79828167209
79761091240
97201040032
75709704724
75709721108
75524876929
75541555745
75709704740
75709721124
75520584225
75524778529
75709639188
75709655572
75453454918
75453454922
75457649222
75457649226
75498952984
75499215128
75498953240
75499215384
75435764293
75435764294
75440150632
75440167016
75440941396
75440941412
75440957780
75440957796
75440412760
75440429144
74367277476
74366490772
74366474404
74366490788
80012733012
75709377161
75709377162
75709393545
75709393546
75570915910
79748798986
74631440788
74631440804
74631457172
74631457188
74379003977
74379069465
74468038930
74534901842
74468039186
74534901858
75566967400
75609152017
80012978596
79895275937
75457927685
75457931781
75458157093
75458157097
75474704901
75474708997
75474934309
75474934313
80012974633
80012974634
80013040169
80013040170
75436009561
75436009562
75436009577
75436009578
75436271705
75436271706
75436271721
75436271722
79730976857
79730976858
79760283800
79760349336
79761074516
75709635108
75709651492
79769704965
79769709061
75525003794
75592112658
75768293732
75768293988
75768371736
75768556132
75503143177
75503405321
75541006598
75570514185
75508001354
75508230546
75508230802
75575339410
75575339666
75726395913
75726400009
75726596677
75726596681
75436202521
75436202522
75436202537
75436202538
75436268057
75436268058
75436268073
75436268074
75508033622
75508033626
75508033686
75508033690
75575142486
75575142490
75575142550
75575142554
79828117590
75722135846
75722135850
75452650774
75452650778
75452651030
75452651034
75453454673
75453454689
75456845382
75456845386
75520563281
75524757585
75503868170
79744608932
75709459112
74635696517
74635696518
74635712901
74635712902
74635696773
74635696774
74635713157
74635713158
75709831749
75709831750
74379733317
74379733321
74383927621
74383927625
74379733573
74379733577
74383927877
74383927881
75503806789
75503806793
75457653130
75499739429
75436202133
75436202134
75435939989
75435939990
75441138068
75441138084
75441154452
75441154468
74366166628
74366151252
79747684614
79747688710
79747946758
75437202053
75437218437
75437202054
75437218438
79747950854
75456862277
75456866373
75473639493
75473643589
75457124421
75457128517
75473901637
75473905733
75520022802
75566242072
75499874664
74361956677
74361973062
74361956933
74361956934
74361973317
74361973318
75435895109
75435895110
75435911493
75435911494
75709569413
75709569414
75709585797
75709585798
74362267797
74362267798
74362267813
74362267814
74362529941
74362529942
74362529957
74362529958
75436206613
75436206614
75436747401
75436747402
75436763785
75436763786
75456850197
75456850201
75456850453
75456850457
75473627413
75473627417
75473627669
75473627673
80029981321
74367265097
74367265098
74367281481
75439957592
75439957608
75439973976
75439973992
75439958616
75439958632
75439975000
75439975016
75440416920
75440433304
75575175690
75575093894
75570432041
75570448425
75574626345
75575110289
75575110305
75587688978
75591883282
75709835860
75709835876
75570497577
80029575512
79752866438
148723886661
148723886662
74366392421
74366392422
74366458133
74366458134
74366458149
74366458150
75435956756
75435973140
75437005332
75437021716
79815547042
79819741346
80004409684
80004409700
80004426068
80004426084
75541538962
75524810914
75541538978
75705248152
75705248168
75705264536
75705264552
80029964937
74384156965
74384156969
74384157221
74384157225
74400934181
74400934185
74400934437
74400934441
75570948677
75570948681
75439957385
75439957386
75439973769
75439973770
75439957641
75439957642
75439974025
75439974026
75440220312
75440236696
75709442724
79744621192
79828244746
79828248842
79837014545
75835677352
79899420818
79903615122
79899420834
79903615138
75503938054
75726465541
79748700681
79748704777
74383911522
75499678021
75499678022
75499678277
75499678278
75503380617
75507505289
75507509385
75507570825
75507574921
79761091224
75709688346
75575159306
79744772681
79744772682
79744772745
79744772746
75456878730
75456882826
75473655946
75473660042
80000150154
75457140874
75457144970
75473918090
75473922186
79760304232
75709700648
75709717032
75524278406
74631506584
74631506600
74400688802
74468043298
75541006374
75524343942
75541022758
74534906018
74383460426
74383525962
79811389737
79760497290
80012749480
75474446946
75566786953
75566786954
75566787209
75566787210
75436202153
75436202154
75436812613
75436812614
75436828997
75436828998
75436812869
75436812870
75436829253
75436829254
74400705094
75743123978
75743128074
75456862281
75456866377
75473639497
75473643593
75457124425
75457128521
75473901641
75473905737
79760283736
79760349272
79811455510
75436812712
75456861706
75456865802
75457111574
75457111578
75457698146
75457698210
75473888790
75473888794
75524810849
75541538961
74400930090
74400930342
74400930346
75570944582
75436939653
75776924321
79731780244
75570915653
75570915657
75575109957
75575109961
80004344404
80004344420
80004360788
80004360804
75705182872
75705182888
75705199256
75705199272
75456862730
75456866826
75457124874
75457128970
75473639946
75473644042
148719626840
148719626856
148719643224
148719643240
75441248793
75441248794
75441248809
75441248810
75436808856
75436808872
75436825240
75436825256
79752079690
79752079942
79752079946
75435894360
75435894376
75435910744
75435910760
74631502213
74631502214
74631518597
74631518598
74631502469
74631502470
74631518853
74631518854
75709573765
75709573766
75709590149
74379716933
74379716937
74383911237
74383911241
74379717189
74379717193
74383911493
74383911497
75503790405
75503790409
75709622825
79819778210
80016976405
80016976409
75571009862
80029575701
80029575702
75566262664
75524221570
75566262920
75709622805
75709622806
75709622821
75709622822
79765449285
79765449289
79769643333
79769643337
79769643589
79769643593
74635700553
74635700554
74635716937
75457767717
75457767721
75474446725
75474446729
75457767973
75457767977
75474446981
75474446985
79760549992
79760615528
75722136102
75722136106
75503872266
75570977034
75570981130
74380220949
74380220953
74384218629
75793705489
75835660904
74384222725
74384415301
74384415305
75503900997
75503901001
79748704774
79748930086
79748930090
74362202265
75441285672
74362202266
74362202281
74362202282
74362268185
74362268186
74362268201
74362268202
75435944473
74363070793
74363070794
74363087177
75440416856
75440433240
75440416872
75440433256
75440941656
75440941672
75440958040
75440958056
75435780485
75435780486
75457124870
75457128966
75508001105
75508001121
75524872514
75541551378
75524872578
75541551394
75503126569
75503142953
75507320873
75507337257
75499743770
79828118038
79828118042
79828118054
79828118058
74362263830
74362263845
74362263846
74362198101
74362198102
74362198117
74362198118
74362263829
75507312681
75436812900
79815546962
79819741266
79815546978
79819741282
80004344148
80004344164
80004360532
80004360548
75524810898
75541538914
75705182616
75705182632
75705199000
75435780741
75435780742
75440154712
75440171096
75440154728
75440171112
75440941400
75440941416
75440957784
75440957800
75440154136
75440170520
75440154152
75440170536
75440351576
75440351592
75440367960
79810693258
79819049098
79827470474
75441154698
75498953000
75499215144
75498953256
74631457176
74631457192
74379003978
74379069466
74383247386
74383263770
74379717010
74451069010
74467797074
74451069074
79748667685
79748667689
79748667941
75507574857
79819049478
75507337482
75507599626
75541022986
75503790661
75503790665
75507984965
75507984969
79735433385
75566963108
75566963364
75567110676
75567225508
75456878665
75456882761
75473655881
75473659977
75457140809
75457144905
75473918025
75473922121
79760287832
79760353368
75503806865
75503806881
75508001169
75508001185
75709573524
75709573540
75709589908
75709589924
74468043026
74534905938
74468043282
74534905954
74631441048
75503077642
75503339786
75524229386
75570448650
75504036194
75504036450
75571145058
75571145314
75525007634
75592116498
80012929674
79828232730
74362280472
74362296856
74362280488
74362296872
74363071060
74363071076
75457653381
75575138694
75705391689
75705391690
74631457353
75452729366
75452745750
75456845334
75456845338
75453454674
75453454690
75457648978
75457648994
75520567377
75457185814
74362300564
79768918534
75571009925
75571009929
148556237322
148623108178
148556491282
148623108194
74635647306
79769901641
75709835849
75709835850
75709852233
75456862470
75456866566
75457124614
75457128710
75473639686
75473643782
75473901830
75473905926
79764461830
79764465926
104734460490
75457894793
75457895045
75457895049
79899478150
75457185862
75457251398
75473963030
75473979414
75457698386
75457698450
75474426450
75474426466
75587676305
75591870609
75587693090
75709852248
75709852264
75570497578
75570513962
75574691882
75574708266
75570915986
75570916002
75570432042
79743523208
79743588744
74631506249
74631506250
74631522633
75457702181
75457702185
75474430341
75474430345
75457702437
75457702441
75474430597
75474430601
79760549976
79760615512
79895242838
75525130761
75592239625
75525270145
75592379009
75503835525
75503835529
75508029765
75508029769
75508029829
75508029833
79748667946
79765444902
79765444906
79765445158
79765445162
92721645834
92788754698
92948146594
92948146850
92721654274
79752096010
79747913802
79747917898
79752894985
79752899081
79753128485
79753128489
79769672201
79769676297
79769905701
79769905705
75575204005
75575204009
79760288328
79760353864
79760288392
79760353928
79761336904
79761402440
79761336968
79761402504
80004409669
80004409670
80004426053
80004426054
79744313748
79744379220
79744379284
74379713094
74379713098
74383907398
74383907402
75508099653
75456850313
75441265176
75441281560
75440167464
74366215512
74366215528
74366231896
74366231912
74366216536
74366216552
75441199656
75457108262
75457108266
75457108518
75457108522
75473885478
75440171288
75440154920
75440171304
75441138008
75436005525
75436005526
75436005541
75436005542
75436267669
75436267670
75435960596
75435976980
79731780248
79731780264
79731796632
79731796648
75435714117
75435714118
75435956312
75435972696
75435956328
75435972712
75436747092
75436747108
75436763476
75436763492
79810627721
79810693257
79819049094
79827470473
79811455329
79811455393
79828232545
79828232609
79819839810
79836617026
75503143178
75503405322
75541006602
75524806802
75541534818
75705182612
75705182628
74384021922
74400700818
74400700834
74451093641
74467813521
74635712920
74635712936
74451134625
74467813537
75440138394
75440138409
75440138410
75440400537
75440400538
75440400553
75440400554
75437206089
75437206090
75437222473
75437222474
74384026134
75541780769
75608889633
75541781025
75608889889
75499858596
75457665353
75453471301
75453471305
75457665605
75457665609
75498887560
75499149704
75498887816
75499149960
75457665610
75457927686
75457931782
74367281482
79744572040
79747901706
79747897418
79747901514
74383923526
79764674634
79764678730
79819774034
74361955924
74361955940
74362280216
74362296600
74362280232
74362296616
74363005524
74363005540
74363021924
75575208521
75575208581
75575208585
79765317930
79761074772
79761074836
79761140308
79761140372
75440368276
75440368292
75440478744
75440495128
75440478760
75440495144
75441400468
75441400484
75441416852
75441416868
97083590790
79760349352
80021170834
80021432842
79837014546
75436288088
75436304472
75436288104
75436304488
75440350872
74635631268
74635647636
74635647652
74379004037
74379069477
74379266181
74379331621
74383509541
74383525925
74379729553
80000166277
75439957317
75439957318
75439973701
75439973702
75439957573
75439957574
75439973957
75439973958
75440150680
75440167064
75503868425
75503872521
75440138521
75440138522
75440138537
75440138538
75456862345
75456866441
75473639561
75473643657
75457124489
75457128585
75473901705
75473905801
79760283752
79760349288
79761320548
79761320612
79761386084
79761386148
74362267801
74362267802
74362267817
74362267818
74362529945
74362529946
74362529961
74362529962
75436206617
75436206618
75575339426
75499739686
75457202198
75453454930
75453454946
75457649234
75457649250
75452991510
75453007894
79761332808
75503061034
75503077418
75507255338
75507271722
75503806802
75503806818
75508001106
75508001122
75520583954
75524778258
75452688649
75452946697
75452950793
75456977161
75456981257
79747885350
79747885354
79747885606
79747885610
79760484457
79760484458
79760484521
79760484522
79832324242
79836518546
79761156776
74468038929
75566786857
75566786858
75566787113
75566787114
75566852393
75566852394
75566852649
75566852650
79761533513
79761533514
74379717254
74379717258
74383911558
74383911562
75457898822
75457898826
75457899078
75457899082
79819774337
79836551553
74384156966
74384156970
80012798548
74384157222
74384157226
74400934182
74400934186
74400934438
74400934442
75457108245
75457108249
75457108501
75457108505
75473885461
75473885465
75473885717
75473885721
75520567825
75524762129
75575110214
79768946825
79748934278
75567229544
79752861989
79752861993
79752862245
79752862249
79769639205
79769639209
79769639461
79769639465
79815649602
79760288136
79760353672
79761320280
79761320344
79761336712
79761385880
80013044132
79748700682
79748704778
79748934182
79748934186
79765477898
79765481994
79743572056
79743506584
79903725890
79743572120
79744297300
79744297364
79744362836
79744362900
75591944325
75608660113
75591981217
75608660129
75525270049
75592378913
75776756230
75776924258
75793705505
75835677288
80017234438
80017238534
80017365638
80017365642
79811356838
79811356842
79828134422
79828134426
79828134438
79828134442
75705244293
75705244294
75705260677
75705260678
74366462486
74366462501
74366462502
74467813473
74635631000
74635631016
74635647384
74635647400
74379004038
74379069478
74383247398
74383263782
74379729298
79730911385
79730911386
79730911401
79730911402
79730977305
79730977306
79730977321
79730977322
79761320489
79761320490
79761386025
75453459013
75453459017
75457653317
75457653321
75457648969
75453454917
75453454921
75457649221
75457649225
75498887496
75499149640
75498887752
75499149896
75499858324
74366211397
74366211398
74366227781
74366408868
74366425252
74367277396
74367277412
74366228037
74366228038
74366227782
79819844162
79836621378
79819844226
79836621442
75709438281
75709438282
75709454665
75709454666
75709438537
80013204102
75709438538
75709454921
75709454922
79760562760
79899465890
75499940392
79761332872
75440478504
75440494888
75441138324
75441138340
75441154708
75441154724
75436808521
75436808522
75436824905
75436824906
75705195082
80000215689
80000215690
80000232073
79828195593
79828199689
79895275813
79895275817
80000232074
79895276058
75508128262
75508132358
75575237126
75575241222
80000215636
80000215652
80000232020
80000232036
75436022292
75436038676
75436022308
75436038692
75437070868
75437087252
75437070884
75437087268
74366392405
74366392406
79895238806
79895238810
75503868169
75503872265
75570977033
75570981129
75503933705
75503937801
75571042569
75571046665
79811389973
79811389977
75591919697
75608647761
75591919761
75608647777
79836748162
75709459108
79903660610
79836748418
79903660674
80013044245
80013044246
75726363146
75726367242
75726596646
75726596650
75743140362
75743144458
75743373862
75743373866
75571046918
75726592649
74379975173
75772611082
75772734098
75793705538
75835665048
80012945989
80012945990
80012946053
80012946054
74379979269
79743441001
79743441002
79743441065
79743441066
79743703145
79743703146
79743703209
74635696532
74635696548
79743703210
75499677993
75499677994
75499678249
75499678250
75499743529
75499743530
75499743785
75499743786
79744756297
79744756298
75566979480
75566979736
75567049348
75567241880
79752993285
79752997381
79753124485
79753124489
75768306024
75768306280
75768375844
75768568424
75570944650
79828166953
75456846101
75456846105
75456846357
75456846361
75473623317
75473623321
75473623573
75473623577
75524876610
75541555474
75524876674
75541555490
74367265093
74367265094
74367281477
74367281478
74367265349
74367265350
74367281733
74367281734
74366151049
74366151050
74366167433
79828134182
79828134186
75452745802
75452811290
75456989210
75457005594
75453458834
75453458850
75457653138
75457653154
75524810834
75541538898
79748667686
79748667690
79748667942
75591871009
79747885638
79747885642
79752079686
75520567458
75524761762
75705248088
75705248104
75705264472
75705264488
75436829096
79828232726
75705494054
75473656073
75473660169
75473918217
75473922313
75525016073
75592124937
75525270033
75592378897
75772561926
75772729954
75503839814
75503839818
75503839878
75503839882
75570948266
79811340438
79827667210
79819311178
79836088394
75835677348
75436218532
75436234916
79731796628
75768293796
75768294052
75768437272
75768556196
75503315077
75503376517
75503380613
75507505285
75507509381
75507570821
75507574917
79747651658
79747655754
79752091914
75508099462
79731234986
75499870628
75499870884
75500001828
74400700770
75500133028
75705653908
75705653924
75566770709
74451069506
74467797522
74631506520
74631506536
74451069570
74467797538
74631522904
74631522920
74367211876
74383509578
74366425172
75705182857
75705182858
75705199241
75705199242
80012749476
75705243977
75705243978
75705260361
75705260362
75705244233
75705244234
75705260617
75705260618
79760562504
79760628040
80021170785
80021170849
80029592164
80029592228
75436284436
75436300820
75571009926
74383923874
74468051465
74534922321
74468305425
74534922337
74635631256
74635631272
74635647640
74635647656
74451134609
75709585748
75709569380
75709569364
75709585764
74631436696
74631436712
79899433122
79903627426
148556228898
148623091858
148556229154
148623091874
75709590150
75709585801
74400700741
75504036242
75504036498
75571145106
75571145362
75726334277
75726334281
75726334533
75726334537
75571145378
74366212677
74366212678
74366229061
74366229062
74383956321
74383956385
74400684433
74400684449
75456878857
75456882953
75457141001
75457145097
79752079654
79752079658
79752079910
79752079914
79760500841
79760500842
79760500905
79760500906
79832328338
79836522642
80013208137
80013208138
80013208201
80013208202
74635717258
75457964549
75458157125
75458157129
79769770502
79769774598
79769901702
79769901706
75726334246
75726334250
75726334502
75726334506
75743111462
75743111466
75743111718
75743111722
80013191753
80013191754
79760545960
79752735269
79752735273
79769512485
79769512489
75726461450
75726465546
75726596742
75726596746
75474672153
79765444933
79765444937
79765445189
79765445193
79769639237
79769639241
79769639493
79769639497
79752894986
79752899082
74635700549
75499219496
74635700550
74635716933
74635716934
74635700805
74635700806
74635717189
74635717190
75709618713
74379733382
74379733386
74383927686
74631440724
74631440740
74631457108
74631457124
75705375109
75705375110
75705391493
75705391494
75457964554
75458161222
75458161226
79747917961
79764691081
79764695177
79815583842
79832361058
79815583906
79832361122
80012749144
80012749208
80012814680
75436988953
75436988954
75436988969
75436988970
75437054489
75437054490
75437054505
75437054506
74363071046
74361956745
74361956746
74361973129
74361973130
75709377172
75709377188
75709393556
75709393572
74383247498
75452918057
148719692357
148719692358
148719708741
148719708742
80012733032
80012733096
80012798568
80012798632
75440351625
79743445385
79743445386
79743461705
75457653074
75457653090
75520567378
75524761682
75520567394
75524761698
75705182552
75705182568
75705198936
75705198952
75709684249
75709684250
75709684265
75709684266
80012814744
75503807110
75503807114
75508001414
75508001418
79752927754
79752931850
74366462037
74366462038
74366462053
74366462054
74366724181
74366724182
74366724197
74366724198
75436222996
75436239380
79832328354
79836522658
80004409752
80004409768
80004426136
80004426152
75709573769
79899420770
79903615074
75441154442
75722152457
75722156553
75722402325
75507321098
75503310917
75503315013
75503376453
75503380549
75507505221
75507509317
75507570757
75507574853
80012945798
75441138250
75441154633
75441154634
74361969240
75453454982
74361957028
74361973396
75435894436
75435910804
75435910820
74363005588
74363005604
74363021972
74363021988
74362280024
74379266074
74383443994
74383460378
74379717202
74379717218
74383911506
75452667974
75452672070
75456911382
75456915478
75452930118
75452934214
75457173526
75457177622
75498887448
75499149592
79761353288
79761418824
79761353352
79761418888
75499678089
75499678090
75499678345
75499678346
75575110290
75575110306
75591985730
75608664594
75591985794
75608664610
75709835928
75709835944
75709852312
75709852328
75474044953
75457702497
75457702561
75474430609
75474430625
75591915618
75608643730
75591915682
75608643746
75705248404
75435960868
75435977252
75437025812
75436026388
75436042772
75436026404
75436042788
75437074964
75437091348
75437074980
74366233221
74366233222
75575093834
79744313940
79744314004
79744379476
79744379540
75524872337
75541551201
75709372820
75709372836
75709389204
75709389220
75453008005
75453073445
75457251365
75457267749
74380225062
75474688518
75474692614
75474934294
75474934298
75575093573
75575093577
74384021798
74384021802
74400700806
74400700810
75453733385
75453737481
75453966885
79753124425
75453966889
79731005976
79730989608
79731005992
74384169477
74384173573
74384415253
74384415257
74400946693
74400950789
75503807138
75508001426
75508001442
74401192469
75709393542
79743457385
79743457386
79743457449
79743457450
79743719529
79743719530
79743719593
79743719594
79815551058
79819745362
75508099717
79748012298
79748016394
79751944458
79751948554
75435895433
75435895434
75435911817
75435911818
79743461706
79743461769
79743461770
74367261322
79744805476
79744805540
79744834184
79744871076
75503839626
75705379461
75705379462
75705395845
75705395846
75743373850
75457140810
75457144906
75473918026
75473922122
75524221250
75566262600
75524221506
75566262856
75705428501
75705428502
75705428517
75705428518
79752861990
79752861994
79752862246
79752862250
79769639206
79769639210
79769639462
74631506245
74631506246
74631522629
74631522630
74631506501
74631506502
74631522885
74631522886
75705424409
75705424410
74379716998
74379717002
74383911302
75435697481
75435697482
75435713865
75435713866
75435697737
75435697738
75435714121
75435714122
75436021848
75436038232
74635651654
148623104162
75500120740
75503901317
75503901321
75499153956
75452667978
75452672074
75456911386
75456915482
75452930122
75452934218
75457173530
75457177626
75453704470
75453704474
75453704726
79815583826
79832361042
79815583890
79832361106
80012732760
80012732824
80012798296
80012798360
75705395816
75705379416
75705379432
75705395800
75571014021
75571014025
75575208261
75575208265
75575208325
75575208329
75705248344
79761287497
79753128486
79753128490
79769672202
79769676298
79769905702
79769905706
75437202008
75437202024
75437218392
75437218408
97209428641
74362267733
74362267734
74362267749
74362267750
74362529877
74362529878
74362529893
74362529894
75436271909
75709373061
75709373062
75709389445
80029592216
79832328290
79836522594
80004344216
80004344232
80004360600
80004360616
80021564042
75437222548
75437222564
75436300824
75436156500
75436156516
75436172884
75436172900
75436157524
75436157540
75436173908
75503126794
75503388938
75524278538
74635696488
74446842017
74635712856
74635712872
74383247494
74399959078
74399975462
74384021842
74384021906
74400700754
75440134297
75440134298
75440134313
75440134314
75440396441
75440396442
75440396457
75440396458
79735101593
75436026024
75436042408
75436812696
79827470858
79827733002
79836088842
79894841482
79828519434
79828626082
79895341666
79895341730
79836875274
79903730242
79748540694
79748540698
79765317910
79765317914
79748540950
79748540954
79765318166
75436960420
79765318170
79836748066
75503851657
75503855753
75503904917
75503904921
75570960521
75570964617
75571013781
75571013785
79743769160
79743834696
79760562344
79760627880
75608664354
75709573784
75709573800
74635696792
74635696808
75503388714
75503405098
75507583018
75507599402
75503807122
74635713176
74635713192
75437222568
75453007945
75453073433
75457251353
75457267737
75453459089
75453459105
75457653393
75457653409
75591915602
75608643666
80029788740
80029854276
80029788804
80029854340
74363005509
74363021893
74363021894
80012815012
75440351636
75440351652
75440368020
74362037912
74362037928
74362038936
74362038952
75440368036
74362546328
75440216600
75435940390
74362300500
74362284132
74362300516
79735974473
79735974474
79735990857
79735990858
80021170833
80004344457
80004344458
80004360841
79811418633
79811422729
79828232485
79828232489
80004360842
75570899537
75570899553
75575093841
75575093857
75570432025
75570448409
75574626329
75574642713
75453454725
75453454729
75457649029
75457649033
74631436617
74631436618
74631453001
74631453002
79903725954
75705657929
75705657930
74379975174
92721646090
92788754954
92948302346
92948408994
74379979270
74380220950
74380220954
74384218630
74384222726
79761267081
79761267082
75435911592
75571010118
75571010122
75571010182
75571010186
74635700820
74635700836
74635717204
74635717220
74635716938
75768310168
75768310424
75768375944
75768572568
80013236836
80013236900
80013269636
80013302436
79761156772
79769643402
74362214488
75566782761
75566782762
75566783017
75566783018
75566848297
75566848298
75566848553
75566848554
79761529417
79761529418
75508099402
75525270081
75592378945
75524811330
75541539346
75524811394
75541539362
75575109958
75440478312
75440494696
79743838600
75570948425
75570948485
75570948489
75575142725
75575142729
75575142789
75575142793
80000215366
80000231749
80000231750
79743789144
79743854680
79743789208
79743854744
79769643562
75709438345
75709438346
75709454729
75507321349
75507583493
75524344325
75574692357
75709454730
75520838153
75587947017
75521075745
75588184609
75776739846
75776924242
75789511201
75835677272
79743510632
79743576168
79743510696
79743576232
75503900842
75570976902
75570980998
75571009702
75571009706
79811352726
79811352730
75452684426
75452688522
75456976938
79731714697
79731714698
79731731081
75705178708
75705178724
75705195092
79731731082
75566782854
75566782853
75436943716
75436960100
75435956504
75435972888
75435956520
75435972904
75436943700
75436960164
75436022040
75436038424
74378987558
74379003942
74383181862
74383198246
74379729234
74379729250
74383923538
74383923554
79730907305
79730907306
75435939993
75435939994
75435940009
75435940010
75436202137
75436202138
75436025960
75436042344
75436747160
75436747176
75436763544
74383960598
74383960602
74400688710
74400688714
75541780753
75608889617
75541781009
75608889873
79810693642
79810955402
79827667082
79827732618
75452745862
75452811302
75456849446
75456849450
75453471122
75453471138
75457665426
75457665442
75524819081
75541555281
79747975241
79748040777
79764752457
79764817993
79748475414
79748475418
79765252630
79765252634
74383497734
74383501830
79743773256
79743838792
79743773320
79743838856
75503835221
75503835225
75503835285
75503835289
75570944085
75570944089
75570944149
75570944153
79743506760
79743572296
75435764101
75435764102
74363087178
75453471110
80030083752
74631457368
74631440984
74631441000
75705375380
75705375396
79765461513
79765465609
79765711381
79765711385
79832553858
79899466306
79832554114
79899466370
80013240916
80013240980
75456878858
75456882954
75457141002
75457145098
75473656074
75473660170
75440216344
75440232728
75440216360
74361956008
74361957016
74361957032
74361972376
74361972392
74361973400
74361973416
74362546264
74362562648
74362546280
79837014657
75441416808
74384415254
74384415258
74383960721
74400688721
74400688737
74362284200
74362300584
75436284456
75436300840
74363070888
75436157592
75436157608
75436284440
75436157528
75436157544
74384022113
74384022177
75587672354
74468067845
74534918289
74384419461
75709442648
75709442664
75709459032
75709459048
79761287753
79761287754
79761287817
79761287818
75452668038
75452672134
75456911398
75456915494
75452930182
75436808585
75436808586
75436824969
75436824970
75507570713
80029755945
75507985034
80029755946
80029821481
80029821482
79895238822
75435944233
75435944234
75541809674
75608918538
75542047266
75436808868
75609156130
75726363142
75726367238
75726592550
75726592554
75743140358
75743144454
75743369766
75743369770
80029964873
80029964874
75499739413
74366215764
74366215780
74366232148
74366232164
74366216788
74366216804
74366233172
74366233188
74366216548
74366232916
75499673897
75499673898
75499674153
75499674154
75499739433
75499739434
75499739689
75499739690
79744752201
79744752202
75575171593
79836875269
75575175689
75436222744
75436239128
75436222760
74446821457
75436239144
74451015761
74446821473
74451015777
75437005348
74366151045
74366151046
74366167429
74366167430
74366151301
74366151302
74366167685
75436173912
75436173928
75436156568
75436156584
75436172952
75436172968
75436173976
75436173992
75437206104
75437206120
75456862341
75456866437
75473639557
75705395529
148719692372
148719692388
148719708756
148719708772
79747881542
79747881546
79752075590
79752075594
79752075846
79752075850
75521075729
75588184593
75772545542
75772729938
75789511185
75835660888
80012925513
75503835306
75570944102
75570944106
75570944166
75570944170
79811336342
79811336346
79811336358
79811336362
79828113942
79743527064
79743592600
79744297320
75435763092
75435763108
75435779476
75435779492
75435764116
75435764132
75435780500
75435780516
75436021912
75436038296
75508045961
75508050057
75508099221
75508099225
75575154825
75575158921
75575208085
74362268181
74362268182
74362268197
74362268198
74383181893
74383247429
74399959061
74399975445
74383956305
74383956369
74400684369
74400684385
74446821521
74467793425
75705244312
75709459096
79764462086
79764466182
79764724230
79748012554
79748016650
79751944714
79751948810
79752206858
79752210954
79744543273
79744543274
79744608809
79744608810
75776924257
75793701409
75835677284
74366457945
74366457946
74366457961
74366457962
74366720089
74366720090
75566782789
75566782790
75541022741
75566783045
75566783046
75524807233
75541535249
75524807297
75541535265
75705506324
75503938058
75768306260
75705243973
75705243974
75705260357
75705260358
75457702482
75457702546
75474430546
75474430562
75566786889
75566786890
75566787145
75566787146
75453454726
74366211722
74366478500
74366494884
74367277464
74367277480
74366211721
75591883297
74366228105
74366228106
74366478484
75709848133
75709848134
79765510665
79765514761
79765711429
79765711433
79832554050
79899466114
80012978772
80012978836
80013044308
80013044372
75507337733
75507599877
75541023237
75574708741
75508111878
75508115974
79832554002
79899465874
74384169478
74366167700
74366167716
75440412952
75440429336
75440412968
75440429352
75441138260
75441138276
75441154644
75441154660
75473643590
75457124422
75457128518
75473901638
75473905734
75503839333
75503839337
75503839397
75503839401
75570948197
75441400458
75441416841
75441416842
75452684554
75452688650
75452946698
75452950794
75456977162
75456981258
75457239306
75457243402
79747750154
79747754250
74366494820
74367195544
74367195560
74367211928
74367211944
75705264724
75705264740
74367261257
74367261258
74367277641
74367277642
75441252886
74366396566
74366396581
74366396582
74366462485
75440958116
79731780169
79731780170
79731796553
79731796554
75435944089
75435944090
75435944105
75435944106
75436206233
79760627800
79760562328
79760627864
80000215625
80000215626
80000232009
80000232010
75503839334
75503839338
75503839398
75508099657
75508099721
75709688357
74635696713
74635696714
74635713097
74635713098
75709688341
75709688342
74380225065
74400684626
74400684642
74383181894
74383247430
74383956626
74383956562
75575204169
75575204229
75575204233
74446825633
75436202074
75435939929
75435939930
75435939945
75435939946
75436202073
75436202089
75436202090
75473906181
75520813345
75587922209
75520813601
75587922465
75768306008
75768306264
75768359460
75768568408
80000149829
80000149830
80000166213
80000166214
79811336294
79811336298
79828113686
79828113690
79828113702
79828113706
74383403078
74400176198
74400180294
75524221201
75566262548
80012749396
80012814932
74363071064
74363071080
74362562644
74362546276
74362562660
74361951625
74361951626
74361968266
74361951882
74361968265
74362284116
74363001256
74383907210
75498957076
75499219220
75498957332
75499219476
75498891796
75499153940
75499854184
79731255448
79731271832
79731255464
79761156692
79760611432
79731271848
79761156500
79730993320
79731009704
79731779992
75435911528
75436960104
75435894104
75435894120
75566963096
75566963352
75435910488
75435910504
75435895128
75435895144
75508029525
75508029529
75508029589
75508029593
92990343690
93015517858
75452946569
75452950665
75435895429
75435895430
74361956741
74361956742
79895222422
79895222426
79895222438
79895222442
74361973125
74361973126
74379716997
74379717001
74383911301
74383911305
74366215572
74366215588
74366231956
74366231972
74366216596
74366216852
74366216868
74366474408
74366490792
74367265172
75456862342
75456866438
75473639558
75473643654
75457124486
75457128582
75473901702
75473905798
79760546376
79760611912
75436009753
75436009754
75436009769
75436009770
75440203945
75440203946
75440466073
75440466074
75440466089
75440466090
79735171225
79735171226
75437009428
75437009444
75437025828
75435956772
75498891912
75499154056
74384022037
74384022041
74400700997
75499919908
75500132948
75567028776
75456878725
75456882821
75499674181
75499674182
75499657749
75499657750
75524806977
75441138053
75441138054
75441154437
75441154438
75508001093
75508001097
75709458757
74379733381
74379733385
74383927685
74383927689
74379733637
74379733641
74383927941
75726330181
75726330185
75726330437
75726330441
79819774273
79836551489
75587918353
75768289620
75768289876
75453700373
74631457380
74379249689
74383911521
74451015778
75439957321
75439957322
75439973705
75439973706
75439957577
75439957578
75439973961
75439973962
75440216216
75440232600
80004409929
80004409930
80004426313
80004426314
75456862346
75456866442
75473639562
75473643658
75457124490
75457128586
75768293780
75768294036
75768371784
75768556180
75503061257
75503323401
75520035078
75570432265
75504036177
75504036433
74384157254
74384157258
79743457673
79743457674
79743441226
75452652054
75452652058
75456846406
75456846410
75456846154
75705195108
75499674186
79748667722
79748667974
79748667978
79752862022
79752862026
79752862278
79752862282
75452668166
75452672262
75452930310
75508062346
75575175306
75575208102
75575208106
75436268053
75436268054
75436268069
75436268070
74366462505
74366462506
75440138777
75440138778
75440204329
75440204330
74367265353
74367265354
74367281737
74367281738
74631436873
74631436874
74631453257
74631453258
75705637445
75705637446
75705653829
75705653830
75575138949
75575138953
75709438601
75709438602
75709454985
75709454986
75709688345
75508099654
75508099658
75508099718
75508099722
75709688361
74384419462
74635700809
74400688546
74383960674
74383960738
74400688786
74451069026
74467797138
75435697812
75435697828
75435714196
75508230818
75541784866
75608893730
75541785122
75608893986
75575339682
75768310120
75768310376
75768375848
75768572520
74361951818
74361968201
74361968202
74362542180
74362558564
74363001492
74363001508
74363017876
74363017892
74363017620
75457649286
75456862278
75456866374
75473639494
75587676321
75591870625
75435763017
75435763018
75435779401
75435779402
75435763273
75435763274
75435779657
75435779658
75456862282
75456866378
75473639498
75473643594
75457124426
75457128522
79811455509
79811455513
79828232725
79828232729
75473639942
75473644038
75473902086
75473906182
79768656390
75457243398
79747750150
79747754246
75440478740
75440495124
75441252885
75440138789
75709569353
75709569354
75709585737
75709585738
75499215400
75524221217
75566262564
75524221473
75566262820
75566979432
75587672337
75591866641
75587672353
75591866657
75499661589
75499661590
75440138329
75440138330
75440138345
75440138346
74380225066
74635717194
75709590153
75452946570
75452950666
75457239082
75457243178
75709573513
75503851658
75503855754
74366412884
74366429268
75435894345
75435894346
75435895369
75435895370
75435911753
75435911754
79748671817
79748672069
79748672073
79903660417
75722139925
75722139929
75722140181
75722140185
75503310874
75503314970
75507509274
74383911306
74383444037
74383509573
74451065409
74451015825
74446821537
74451015841
74631502164
74631502180
74631518548
74631518564
75722398233
75726395909
75726400005
75726592581
75726592585
79752927749
79752931845
75452934661
75456911877
75456915973
74635696788
74468301345
74534918305
74467809425
74451093637
74451130529
74467809441
74635696804
75473627414
75473627418
75473627670
75473627674
79743707465
75709721128
75570915730
75520034858
75524229162
75520051242
75575220742
75575224838
75542043169
75776821765
75608918533
75609152033
79753124393
79769672197
79769676293
79769901605
79769901609
79815649858
79832427074
80029837896
80029772424
80029837960
75507574922
75591919937
75608647953
75457251397
75473963029
75473979413
75457698385
75457698449
75474426449
75474426465
75587672209
75591866513
75587672225
80017168902
80017172998
80017365574
80017365578
75456915974
75457174022
75457178118
79747684870
79747688966
79747947014
79832324642
79836518946
75453458769
75453458785
75457653073
75457653089
75520563282
75524757586
75520563298
75524757602
75452991513
75453007897
80012733076
79764678729
79815579730
79832356946
79815579794
79832357010
80012732756
80012798612
79747635273
79747639369
75440482584
75440498968
75440482600
75441138328
75436009621
75436009622
75436009637
75440417048
75440433432
75440417064
74635651428
74446837842
74451032146
74446837858
75508033701
75508033705
75575142501
75575142505
75575142565
75575142569
79760550216
79760566600
79760632136
79760566664
79765449030
79765449034
75437222469
75437222470
74363087493
74363087494
74362263705
74362263706
74362263721
74362263722
74362525849
74362525850
74467809553
74451130753
74467809569
74635631188
74379249701
74379266085
74383444005
74383923553
74635647572
74635631204
75503127045
75503389189
75524278789
75570498053
75504175621
75456977157
75456981253
75452684549
75452688645
75452946693
79836752449
79903664513
74384152870
74384152874
74384153126
74384153130
74400930086
75705641541
75705641542
75705657925
75705657926
79735429290
75474430370
75524810850
75474044954
75591919714
75608647826
75591919778
75608647842
75705264792
79747917962
79764691082
79764695178
79836752418
79903664290
80012749160
79903664226
80012814696
75440236072
75440351640
75440351656
75440368024
75440368040
75588180498
75772545545
75452650790
75452650794
75452651046
75709372772
75499657513
75499657514
75499657769
75709389140
75709389156
75452651050
79748012294
79748016390
79751944454
79751948550
79752206598
79752210694
75457895050
75452684550
75452688646
75452946694
75566848538
79828129958
79828129942
75456850506
79743445321
79743445322
75499661593
75499661594
75499661849
79744510281
79744510282
79744510345
79744510346
75453704730
79748672074
80012945802
79752866118
79760304776
79760370312
75503323162
75503339546
75587676450
75591870754
74446841937
74451036241
74446841953
74451036257
74635630936
74635630952
74635647320
74635647336
74635631192
74635631208
75457763937
75457764001
75474442897
75474442913
75452683786
75452687882
75452917286
75452917290
75456976394
75456980490
75473656069
75473660165
75473918213
75473922309
75520821769
75587930633
75503127046
75503389190
75524278793
75570498054
79760496745
79760496746
79760496809
79760496810
79815551122
79819745426
80004409944
80004426328
79761090853
79761090854
75452684810
75452688906
75452946954
75452951050
75456977418
79753124394
79769672198
79769676294
79769901606
79769901610
92948302376
105808202314
92990343714
148723903080
148555999762
79764531722
74383444101
74383509637
74400221221
74635696740
74400237605
74384022097
74400700753
74400700769
74635713108
74635713124
75726461445
75525130757
75592239621
75525266049
75592374913
75452684805
75452688901
75452946949
75452951045
75456977413
79769643541
79769643545
79832557890
79899470146
75436271769
75436271770
75436271785
75436271786
79730976921
79730976922
75436812681
75436812682
75436829065
75436829066
75436829258
79731779913
79731779914
75508033642
75508033702
75508033706
75575142502
75575142506
75575142566
80000231817
75705248137
75705248138
75705264521
75524774033
75520579745
75524774049
75709438292
75709438308
75709454676
75709454692
79761283721
79752075654
79752075658
79748012550
79748016646
79751944710
79751948806
79752206854
79752210950
79752993286
79752997382
79753124486
79753124490
79743719818
75524811073
75541539089
75499674133
75566770457
75566770458
75566770713
75566770714
75435955752
75435972136
75436157268
75436157284
75436173652
75436173668
75436021272
75436037656
75436021288
75436037672
75705264713
75705264714
80000215369
75503851653
75503855749
75503900821
75503900825
75570960517
75570964613
79743523464
75709372741
75709372742
75709389125
74400701026
74383927970
74379004042
74379069482
74383247402
74383263786
74379733394
74379733410
74383927698
74383927714
74451077258
75587676242
75591870546
75587676258
75591870562
75705182824
75504126474
75504298594
75571235338
75571407458
75525016074
75592124938
75525270034
75592378898
75772561930
75772734050
75457665362
75457665378
75520583761
75524778065
75520583777
75524778081
75709372760
75709372776
75709389144
75709389160
75768289892
75768371732
75768552036
75473918214
75473922310
79764527366
79764531462
79764789510
79764793606
79768721670
79768725766
79768983814
79768987910
75571014026
75457763666
75457763730
75473884710
75473884714
75520583825
75524778129
75705391716
75608643873
75705391764
75705391780
75456850245
75456850249
75452655893
75452655897
75452656149
75452656153
75507984738
75503061018
75503077402
75507255322
74467813905
74451135105
74467813921
74400701010
80012945733
80012945734
80012945797
75453704469
75453704473
75453704725
75453704729
75457898821
75457173769
75457177865
80000231828
80000231844
75457185829
75457202213
75566983508
75567245908
74362214484
74362230868
74361952838
74361969221
74361969222
74362280212
74362296596
74362280228
74362296612
74363001428
75499678282
75499678025
75499678026
75452655894
75452655898
75452656150
75452656154
75456850246
75456850250
75456850502
79748672070
75726334278
75726334282
75726334534
75726334538
79828166934
79828166938
79748671818
75452668170
75452672266
75457145350
75473656326
75437070872
75437087256
75499854164
75499854420
75499919892
75500116564
74379712837
74379712841
74383907141
74383907145
75499936324
75500116628
75440134233
75440134234
75440134249
75440134250
75440396377
75440396378
75440396393
75440396394
79730923672
79730940056
75793705601
75835677336
75503855750
75503900822
75503900826
75570960518
75570964614
79828130070
79828130074
79828130086
79828130090
75709377094
80013240996
80013269640
80013306532
74363083160
74363083176
74362546340
74362562724
74363083416
74363083432
74362284180
74362017432
74362017448
74363066776
75498957092
75499219236
75498957348
75499219492
74378942598
74378946694
74383235110
74383239206
74379204742
74379208838
75452745866
75452811306
75456989226
75457005610
75453475218
75453475234
75457669522
75457669538
75524819082
75541555282
79747713162
79747778698
79752108298
79752112394
79748540770
79748540834
80029575592
80029575784
79765317986
79765318050
79761283401
79761283402
79761283465
79761283466
79744871064
75709389460
75709389476
74362038854
74631436644
74631453012
74631453028
74383198277
75587672593
75591866897
75705637460
75705637476
74451064929
74467793041
75566770453
75566770454
75566770710
75453966873
75592112673
75768306020
75768306276
75768371748
75768568420
79748733449
79748737545
79748934213
79748934217
74451015826
74631506276
74446821538
74451015842
74631506260
74451065410
74467793426
74631506516
74631506532
74383181897
75768310100
75768310356
75768355368
75768572500
75507321097
75507583241
75524344070
75574692105
75507255561
75507517705
75726592582
75726592586
75591915617
75608643729
75591915681
75608643745
79761287498
75456914954
75457111622
75457111626
75524806753
75541534865
75726395914
75726400010
75726596678
75726596682
79753128518
79811406346
79828232470
79828232474
75722152458
75722156554
74362037642
74362021513
74362021514
74362037897
74362037898
75436156489
75436156490
75440462374
74367261061
74367261062
74367277445
74367277446
74367261317
74367261318
74367277701
74367277702
74366458005
79828183306
79828199690
79895275818
74362280040
74362296424
74363005332
74363005348
74363021716
74361955732
74361955748
74361972116
74361972132
74384415269
74384415273
74400963077
74400967173
74401192485
74401192489
75709831813
75709831814
75709848197
75709848198
74367195800
74367195816
74366740580
74366756964
74362018441
74362018442
74362034825
75499149848
75499858276
75499858532
75499936280
75500120676
75453454662
75453454666
75457648966
75457648970
75499858340
75452656169
75571026438
75571030534
74361955654
74361972037
74361972038
74361955909
74361955910
74361972293
74361972294
75435894085
75435894086
74378930249
74379188486
74379192582
74379188297
74379192393
74383431705
74383435801
75503048729
75503052825
75503118361
75499661605
75499661606
75499661861
75499661862
75591883025
75587688737
75591883041
75456850565
75456850569
74635630996
75772561925
75772729953
75793701393
75835660900
79748671877
79748671881
79748672133
79748672137
75504192005
75504294561
75570423834
75570485322
75570489418
75570485274
74383136842
74383140938
74383399178
79744379174
79744313893
79744313894
79744379429
79744379430
79832328466
79836522770
75591916097
75608644113
75457112645
75457112649
75705637524
75705637540
75591916161
75608644129
75587672609
75591866913
75453704745
75457898885
74366167434
79744510537
79744510538
79744510601
79744510602
75453471377
75453471393
75457665681
75457665697
75591927941
75608660049
75726334598
75726334602
79752866186
79837010449
79895275802
80012945993
79752866442
80012946057
75457898886
79828195594
75722402329
79836748161
79903660609
79836748417
79903660673
74378942602
74378946698
74383235114
74383239210
74379204746
74379208842
74383927690
74379733665
74383927953
74383927969
74468051462
74534918226
74468301330
74534918242
74635635348
75436808773
75436808774
75436825157
75435940005
75435940006
75436202149
75436202150
75436825158
75440150808
75440167192
79761320356
79761349000
79761385892
75705260614
79761320276
75503835237
75503835241
79761332616
75457669509
75457669513
75453475461
75453475465
79744314008
79744379544
75436943754
75436960138
79735990922
75435960872
75435977256
75437009432
75437025816
75437009448
75520563362
75524757666
75705248084
75705248100
75705264468
75705264484
75457185865
75457251401
75473963033
75705248356
75507255321
75507271705
74379716945
74379716961
74383911249
74383911265
74446821458
74631440980
74631440996
74631457364
75571145041
75571145297
75520809234
75587918098
75520809490
75587918354
75768293716
75768293972
75768355352
75768556116
79832356962
79815579810
79832357026
80012749140
80012749204
80012814676
80012814740
79748540693
79747635337
79747639433
75440351848
75440350888
75440351896
75440351912
75440368216
75440368232
75440367256
75440367272
75440203925
75440203926
75508062345
75508066441
75508099237
75508099241
75575171209
75575175305
75575208101
75575208105
79760550472
79760616008
74367281797
74367281798
75441400389
75441400390
75441416773
75441416774
74366458009
74366458010
74366458025
74366458026
75436829352
74635713172
74635713188
74383460485
74383526021
74400237701
74400303141
74400701073
74400701089
74383198341
74383263877
75705379209
75436021864
75436038248
75436747156
79837010561
79748798985
79748803081
75452684809
75452688905
75452946953
75453459025
75453459041
75457185817
75457653329
75457653345
75457202201
75587672146
75591866450
75587672162
75705182804
79747958857
79748024393
79764736073
79764801609
79748475413
79748475417
79765252629
79765252633
79832553746
79899465810
75709835845
75709835846
75709852229
75709852230
74384185862
74384189958
74384415270
74384415274
74400963078
74400967174
75575203989
75575203993
79743511112
79743576648
79743511176
79743576712
79744559688
79744625224
79744559752
79744625288
79743522904
79743588440
79743522968
79743588504
79744297316
79744297380
79744362852
79744362916
75591882833
75587688545
75591882849
75709373012
75709373028
75709389396
75709389412
75453471329
75452991525
75453007909
75524872353
75541551265
75709438356
75709438372
75709454740
75709454756
75457202309
75457267845
75473979525
75474044965
79748803082
80017234442
79748934282
75453966890
80017369734
79828179466
75508046346
75508050442
75575155210
79837010465
75705375144
75705391512
75705391528
75499673877
75499673878
75524761873
75520567585
75524761889
75705375064
75705375080
79761287562
75452918038
75452918042
75452918294
75452918298
75457112390
75457112394
75457112646
75457112650
79747885382
75508046089
75508050185
75575154953
75575159049
75508111625
75508115721
75575220489
75575224585
79828179209
79828183305
80012974504
80013011332
80013040040
75457894677
75457894681
75457894933
75457894937
75474671893
75474671897
75474672149
80021363210
80021367306
80021563974
80021563978
75453717002
75453721098
75453966870
75453966874
75457960458
79753128522
74362018181
74362018182
74362034565
74362034566
74366478612
74366494996
74366478628
74366495012
74367195736
74367195752
75524774177
75440351561
75440351562
75440367945
75440367946
74362033508
74362018132
74362018148
74362034516
74362034532
74362214548
74362230932
74384022098
74384022162
74635696728
74635696744
74383444102
74383509638
74400221222
74635713112
74635713128
74451135041
79730973210
79730973226
79730907289
79730907290
79731779909
79731779910
75575093585
75575093601
75520563730
75524758034
75705440792
75705457176
75541535250
75524807298
75541535266
74446821522
79765707289
79819049222
79827667209
79819311174
79836088390
75768310420
75768371848
75768572564
75520809506
75587918370
75456879109
75456883205
75457141253
75457145349
75473656325
75473660421
75473918469
75473922565
75776805382
75776924306
80000215365
75503835238
75503835242
75503835302
80000215621
80000215622
80000232005
80000232006
75499677977
75499677978
75499678233
75499678234
75499743513
75499743514
75499743769
79744543257
79744543258
79744608793
74383956517
74383956521
74400684677
74400684681
75524221249
75566262596
75567049284
74367212184
74367212200
74366740564
74366756948
74362034826
74362018185
74362018186
74362034569
74362034570
74366478436
75453700649
75457894789
79752862341
75575110022
75473979417
75457702481
75457702545
75474430545
75474430561
75587672210
75591866514
75587672226
75591866530
75705248340
79748540697
79765317909
79765317913
79748540949
79748540953
79765318165
79765318169
79832553762
79899465826
79832554018
75540998417
75566328084
75540998673
75566328340
74400684682
74383136838
74383140934
74383399177
74383403273
74383398982
75441023370
79735990921
79735449752
79735466136
79735449768
79735466152
75441006985
75441006986
75440203929
75440203930
75457669457
75457669473
75520579666
75524773970
75520579682
75524773986
75709376852
75709376868
75709393236
75709393252
75709442441
75709442442
75709458825
75709458826
79895242906
79895242918
80004409737
80004409738
80004426121
80004426122
74383927905
74467809570
74451130690
74467809554
74635635284
74635635300
74635651668
75726334230
75726334234
75726334486
75726334490
75743111446
75743111450
75743111702
75743111706
80012978713
80012978714
74383927649
74451032162
74635635028
74635635044
74635651412
74378987561
74379003945
74383181865
74383198249
74379733329
75772734033
75789507090
75835664980
75772611081
75772734097
75793701442
75835665044
79819839874
79836617090
75503061513
74363021638
79735990888
75441006981
75441006982
75441023365
75441023366
75441007237
75441007238
75441023621
75441023622
79735187992
74379733345
74451130754
74635651684
74379249705
74379266089
74383444009
74383460393
74379733585
74379733601
74383927889
79764695302
79815592070
79832369286
79815645330
79832422546
80016976209
74384284169
74384288265
75503905413
75436173702
75507583002
75507599386
75503790738
75503323657
75520035334
75570432521
75504110089
75504298577
75571218953
75571407441
75520821766
75587930630
75521071634
75507985029
75507985033
75503127049
75503389193
75524278790
75570498057
75504175625
75504298641
79744313621
79744313622
79744379157
79744379158
79744313877
79744313878
79744379413
79744379414
79832324370
79836518674
80012749077
80012749078
80012814613
80012814614
80012749333
80012749334
79765318289
80016976465
80016976529
80029575764
80012978792
80012978856
80013044328
80013044392
79752866069
79752866073
79752866325
79752866329
79769643285
79769643289
75473623578
75499739673
75499739674
79743703369
79743703370
79743703433
79743703434
79743719753
79743719754
79743719817
74367281812
74367281828
75457894678
75457894682
75457894934
75457894938
75474671894
75474671898
75474672150
75705379141
75705379142
80012978725
80004426373
80004426118
80004409990
75709442437
75709442438
75709458821
75709458822
75709442693
75709442694
75709459077
74384026274
74400705170
74400705186
74534922386
74383198346
74383263882
74399975562
74400041002
74384025954
74384026018
80000166312
79743461465
75709438632
75709455000
75709455016
75457202310
75457267846
75473979526
75474044966
75457763938
75507272202
75507534346
75524246026
75574643210
75508320778
75508492898
75575429642
75575601762
75525032458
75592141322
74451019937
74631502168
74631502184
74631518552
74631518568
75520583841
75524778145
75709438296
75709438312
75709454680
75709454696
75456878086
75456882182
75457107494
75457107498
79761156452
79761090916
79761090980
75503790754
75507985042
75507985058
75591919938
75608647954
75591920002
75608647970
75705379480
79764527622
79764531718
79764789766
79764793862
79768721926
79768726022
79768984070
75456879110
75456883206
75457141254
75474442570
75457763862
75457763866
75474442822
75474442826
75540994338
75566324008
75452655909
75452655913
75452656165
75709569620
75709569636
75709569684
75709569700
75709586004
75709586020
75587688721
75436156553
75436156554
75436172937
75436172938
75436157514
75436173897
75436173898
74362021257
74362021258
74362037641
75457898889
75457899141
75457899145
75722139941
75722139945
75722140197
75722140201
75453704485
75453704489
75453704741
79828261386
79828265482
79895341606
79895341610
75508062730
75508066826
75575093898
74400688518
74400688522
75570899526
74383403274
74383398986
74383403082
74400176202
74400180298
75570419738
75524774418
75520580114
75709635096
75709651480
75524872770
75541551634
75524872834
75541551650
75709700632
75709717016
75776805385
75776928401
75793701506
75835681428
79748700677
79748704773
75520051718
75574626825
75508304393
75508492881
79810693386
79810955338
79827667018
79827732554
79811390050
79811390114
79828167266
79828167330
79836752194
79903664450
75473889829
75473889833
79761090837
79761090838
79761156373
79761156374
79761091093
79761091094
79761156629
79761156630
79832324626
79836518930
79832816145
80029592212
92948179360
97192618592
104717683274
104717683338
79748700678
80017136134
80017140230
148539316866
80021170769
74363066980
74362214564
74362230948
74363066708
74363066724
74363083092
74363083108
74362017108
74362017124
74362033492
79744543253
79744543254
79744608789
79744608790
79744543269
79744543270
79744608805
79744608806
75499739417
75499739418
75499936388
75500133012
75499870548
75499870804
75498871332
75499133476
75709377108
75709377124
75709393492
75709393508
75452729385
75452745769
75456923689
75456940073
75453475153
75453475169
80000149912
80000149928
80000166296
80016976273
80029575508
80029575572
79747651846
79747655942
79747913990
79747918086
79748540753
79748540817
79764691206
79752866070
79752866074
79752866326
79752866330
74366458390
74366458405
74366458406
75440134677
75440134678
75473782826
75457767778
75457767842
75474446738
75474446754
75524835466
74534901841
74468039185
74534901857
74631436948
74631436964
74631453332
74631453348
74379266117
74379331605
74383509525
74635700888
74635700904
74468067850
74468305442
74534922402
74635717272
74635717288
80012978726
80013044261
80013044262
75726330134
75726330138
75726330390
75726330394
75743107350
75743107354
75743107606
75541555346
75524876450
75541555362
75709442456
75709442472
75709458840
75709458856
75456940170
75457005706
75473717386
79903729826
79751846026
79751850122
79752108554
79752112650
79752108170
79752112266
79768885386
79768889482
79819802762
74367199625
74367199626
74367216009
74367216010
74367199881
74367199882
74367216265
74367216266
75441138249
75441138313
79752141066
79752145162
75503901253
75503901257
75508095557
75508095561
75508095621
75508095625
79836579978
79819843746
79836620962
80021170530
80021170594
80029591912
80029591976
74363001240
74363017624
74363017640
75571026182
75571030278
75503143173
75503405317
75541006597
75570514181
75503917318
75503921414
75768289700
75768289956
74366740648
74366757032
75507337738
75507599882
75541023242
75574708746
75508386314
75508492962
75575495178
75575601826
75776821770
75776928418
79743445577
79743445578
79743445641
79743445642
75499661866
75452655910
75452655914
75452656166
75452656170
75457915398
75458157078
75458157082
75575093641
75457899142
75453704490
75453704742
75453704746
80012945994
75457899146
79748671878
79748671882
79748672134
79748672138
74635635081
74635635082
74635651465
74635651466
74635635337
74635635338
74635651721
75709590089
80000166232
79743457433
75457763922
75457763986
75474442834
75474442850
79743457434
79743719513
79743719514
79743719577
75457185926
75457251462
74362022564
74362038932
74362038948
74362280088
74362296472
74362280104
74362296488
74363070868
74363070884
75503790673
75503790689
75507984977
75507984993
75705379412
75705379428
75507985057
75591915842
75608643858
75591915906
75503790498
75507984786
75507984802
75705379224
75503126554
75503142938
79810693385
79810955337
79827667017
79827732553
79811390049
79811390113
79828167265
79828167329
79836748098
79748671765
79761074713
79761074714
79761140249
79761140250
79761074457
79761074458
79761139993
79761139994
75499874724
75499874980
75452934278
75457173542
75457177638
75498887464
75499149608
75498887720
75457763605
75457763609
75474442565
75474442569
75457763861
75457763865
75474442821
75474442825
75436808788
75436808804
75436825172
75436825188
74366149957
74366149958
74366166341
74366166342
74366150213
74366150214
74378926217
75503806853
75503806857
75508001157
75508001161
75705182868
75705182884
75705199252
75705199268
79899416674
79903610978
79743445145
79743445146
79743707225
79743707226
80012733028
80012733092
80012798564
80012798628
148556224786
148623087698
148556225042
148623087714
97192585825
97192585889
79752862230
79752862234
79769639190
79769639194
79769639446
79769639450
92721646086
92788754950
92948302345
75508062729
75508066825
75508128265
79827470410
79811389794
79811389858
79828167010
79828167074
79819778370
79836555586
75473885733
75473885737
79731780008
79731796376
79731796392
80017369626
80016976406
80016976410
80029575705
75437206184
75436288536
75436304920
75436288552
75440167448
75441216040
75440216616
75440233000
75441265192
75441281576
75440151080
75440215576
75440231960
75440215592
79760284296
79760284232
75503868037
75503872133
75503900837
79828133990
75508045962
75508050058
75508099222
75508099226
75575154826
79744608794
75709372809
75709372810
75709389193
75709389194
74631453284
74379249685
74379266069
74383443989
74451065153
74383198281
74383263817
74399975497
74400040985
74383960417
74383960481
74383460425
74383525961
74400237641
74400303129
74400705106
74400705122
75525003810
75592112674
75768310116
75768310372
75768371752
75768572516
75507337481
75507599625
75541022982
75574708489
74361956968
74361973336
74361973352
74363021928
75435780772
75436284056
75436300440
75436284072
79899416722
79903611026
79899416738
79903611042
75541534866
75524806818
75541534882
75705248148
75705248164
75705264532
79819774114
79836551330
80012749156
80012749220
80012814692
148556224802
148623087762
148556225058
148623087778
92948163232
75499153736
75498891848
75499153992
75453454981
75453454985
75457649285
75457649289
75453475142
75453475146
75457669446
75457669450
75453475398
75453475402
79743785064
79743850600
79743785128
79743850664
74379069481
74383247401
74383263785
74379733393
74379733409
74383927697
74383927713
74451077254
74467809362
74451130514
75592124934
75525265938
75592374802
75772561929
75772734049
75793701394
75835664996
75503143433
75503405577
75541006854
75520567841
75524762145
75705444884
75705461268
75705444900
75705461284
75566848278
75524343881
75524278345
75566848533
75575093830
75457898890
75453704486
80013011524
80013077060
80013011588
80013077124
75726346757
75726350853
75726592533
75726592537
75743123973
75743128069
79832308258
79836502562
79836809733
79903725889
79837010497
79903725953
79744313625
79744313626
79744379161
79744379162
79744313881
79744313882
75524819078
75541551186
75524872338
75541551202
80012749081
80012749082
80012814617
80012814618
148556237318
148623104082
148556487186
148623104098
79748540769
79748540833
74366490900
74366474516
74367212116
74362034758
74367195732
74367195748
74366490916
74362034502
74362018373
74362018374
74363017866
74363001481
74363017865
74383956501
74363001482
74363017610
75436956298
75436288276
75436304660
75436288292
75566963092
75566963348
75567045188
75435960612
75435976996
75436267797
75436267798
75436267813
75436267814
74362263637
74362263638
74362263653
74362263654
75570944325
75570944329
75570944389
75570944393
75499854232
75499854488
75499940420
75500116632
75705391685
75705391686
74631436681
74631436682
74631453065
74631453066
74631436937
74631436938
74631453321
74631453322
75705375305
75705375306
75709442629
75709442630
75709459013
75709459014
75709442374
80004409925
80004409926
80004426309
80004426310
75709458758
75705375124
75705375140
75705391508
75705391524
79752862085
79752862089
75571284489
75571407505
75499673925
75499673926
75722135829
75722135833
75722136085
75722136089
80000150100
80000150116
80000166484
80000166500
75726330150
75726330154
75726330406
75726330410
75743107366
75743107370
75743107622
75743107626
80013187657
80013187658
75440461930
79730927768
79730944152
148539251266
148555979282
148539251330
148555979298
74361956997
74361956998
74361973381
74361973382
74361972102
74361955973
74361955974
74361972357
74361972358
75435894341
75503376409
75503380505
75575138698
75570944390
75570944394
75507574809
74367261336
74367261352
74366229130
74366211736
74366211752
75540998433
75566328100
75540998689
75566328356
74384022054
74384022058
74400701062
74400701066
74399975466
75570915746
75575110034
75575110050
79827667465
79819311238
79836088454
79815580226
79832357442
79815580290
79832357506
75722152453
75722156549
75722398229
79815551138
79819745442
80004409688
80004409704
75457960454
75457964550
75458157126
75458157130
79748733446
79748737542
79748930118
79748930122
92948302360
97192667744
75524757778
75520563490
75524757794
75705379156
75705379172
75705395540
75705395556
75705379220
75705379236
75524806978
75436763736
75436222552
75436238936
75436222568
75436238952
75435697752
75435697768
75435714136
75435714152
75435698776
74363087252
79815580034
79832357250
80012978516
80012978580
79810627657
79810693193
79819049030
79827470409
79811389793
79811389857
79743461466
79743461529
79743461530
79743510680
79743576216
79744297304
79744297368
79744362840
79744362904
75457653385
75453458821
75453458825
75457653125
74467809442
74635700628
74635700644
74635717012
74635717028
75570916001
75709852308
75709852324
74400705185
74468067846
75608918534
75542043170
75609152034
80030018148
80030018212
80030046856
80030083748
75507337737
75507599881
75541023238
75709389446
75709389190
74446837922
74451032226
74635700564
74635700580
74635716948
74635716964
74383444105
74383509641
74400221225
74400237609
75570432026
75575093858
75587676690
75575413257
75575601745
75520838150
75587947014
75521071650
75588180514
75591870994
75507321353
75507583497
75524344326
79899433106
79903627410
75608660114
75591981218
75608660130
75524872354
75541551266
75709442452
75709442468
75709458836
80017136138
80017140234
80017369638
80017369642
80021170710
80021170714
80029592089
79769012361
104734493314
80021170593
79828363938
79895276130
79895276194
79899470402
79832558210
79899470466
80013240920
80013240984
80013257352
80013306520
74379729569
74383923857
74383923873
74379004041
75504192006
75504294562
75571300870
75571403426
79903660354
79836748354
79903660418
75503143429
79811455586
79811455650
79760480649
79760480650
79760496969
79760496970
79760497033
79760497034
79761320485
79899433042
79903627346
79899433058
79903627362
79752206602
79752210698
80016976481
80016976545
80029575780
148556229138
148623091810
80012945738
75726334342
75726334346
74401192473
75571009861
75571009865
75499870616
75499870872
75499940484
75500133016
75709585989
75709585990
74635630981
74366474344
74366490728
74367199636
74367199652
74367216020
74367216036
75743369750
75743369754
74367199892
74367199908
80029755941
80029755942
80029821477
80029821478
75457911302
75566967204
75566967460
75567110680
75567229604
75474426182
75474426186
75457698326
75457698330
75474426438
75474426442
75575093906
75575093922
75452918297
74451130530
75574708490
79748934281
80030018132
80030018196
80030030472
80030083732
75608893985
75776756233
75776928353
75776821766
75436004889
74362037574
75436004890
75436004905
75436004906
74362021445
74362021446
74362037829
74362037830
75435939353
74366166597
74366166598
75435956372
79761287561
79761090841
79761090842
79761156377
79828199946
79761156378
79761091097
79761091098
79761156633
79761156634
93015550624
97209461408
105808210562
105808267914
74362529898
75436206361
75436206362
75507509318
75507570758
75507574854
75436206377
75436206378
75436271897
75436271898
74383960341
74383960345
74400688453
74366167686
75436808792
75436808808
75436825176
75436825192
74366720105
74366720106
75440396569
75440396570
75440396585
74383927945
75503807045
75503807049
75507574825
75571009930
74384173574
75503807109
75503807113
75508001413
75508001417
75705379401
75705379402
75705395785
75705395786
75570948486
75570948490
75575142726
75575142730
75575142790
75575142794
75566770469
75566770470
75457112453
75709848148
75709848164
75587688993
75457112709
75457112713
75452918313
75457112457
74366232969
74366232970
75440351882
75440351817
75440351818
75440368201
75440368202
75440220324
75440236708
75440350857
79735204376
75722402345
79752993289
79903726145
79753128581
79903726209
75458025993
75458030089
75458161285
75458161289
79752997385
74363066757
74363066758
74363083141
74363083142
74363067013
74363067014
74363083397
74363083398
75437201989
75437201990
75575110278
75575110218
74384025894
74384025898
74400704902
74384152869
74384152873
74384153125
74384153129
74400930085
74400930089
74400930341
74400930345
75570944581
75570944585
80000166218
79815530594
79819724898
80000166228
80000166244
79819724882
79815530578
79743703194
79836502306
148719626821
148719626822
148719643205
148719643206
79765444886
79765444890
79765445142
79765445146
92721645830
92788754694
74362022533
74362022534
74363070853
74363070854
74363087237
74363087238
74363071109
74363071110
75437206085
75437206086
75570944586
75570944646
74631506309
74631506310
74631522693
74631522694
74631506565
74631506566
74631522949
74631522950
74631436968
74631453336
74631453352
74379712914
74379712930
74383907218
74383907234
74451069009
74467797073
75709459028
75709459044
75456923785
75456989321
75473700905
75473717289
75457767761
75457767825
75474446673
75474446689
75503933702
75503937798
75768289704
75768289960
75768441364
75768552104
75525007889
75592116753
75768289640
75768375828
79761074729
79761140010
80000215704
79832422562
80021170513
80021170577
80029591892
80029591956
80000215720
80000232088
79747652102
79747656198
79747914246
80029575828
79832816146
75709688358
93015534240
105808206466
80016976422
80016976426
80029575721
80029575722
79752882698
79753128470
79753128474
79769655818
75440941460
75440941476
75440957844
75440957860
75440941716
75440941732
80000150168
80000150184
80000166552
80000166568
74366211432
74366227800
74366227816
74366211717
74366211718
74366228101
74366228102
75440462357
75440462358
75440462373
75566967448
75567049288
75567229592
75520026913
75566246180
75520027169
75566246436
75575204421
75575204425
75575204485
75575204489
74384185861
74384189957
75541555489
75524778273
75520583953
75524778257
75709569368
75709585752
75709569384
75709585768
79747885446
79747885450
79747885702
79747885706
75566770729
75566770730
79761271369
79761271370
79761271433
79761271434
75441400420
75441416788
79752993290
79753128586
80017238538
79753128582
75722168842
75722172938
75722402342
75722402346
80017369738
75440351877
75440351878
75440368261
75440368262
74367265157
74367265158
74367281541
74367281542
74367265413
74367265414
74384026149
74384026153
74400705157
74400705161
74635700613
74635700614
74635716997
74635716998
74635700869
74635700870
75571013797
75571013801
79761648276
75453454994
75453455010
75457649298
75457649314
75705178776
75705178792
75705195160
75705195176
79828167210
79768656138
79768660234
79768918282
79768922378
79811389974
79828167190
79828167206
75503933706
75503937802
75705199173
75705199174
80004409733
74400688466
74400688482
74451019922
79832311890
79836506194
75441006917
75441006918
75441023301
75441023302
79744768649
79744768650
74361968280
74361952905
74361952906
74361969289
74361969290
74361951912
74361951896
74361968009
74361968010
74361951881
74378942534
74378946630
74383235094
74383239190
74379204678
74379208774
74383497238
74383501334
75498891540
75499153684
80013204041
80013204042
80013204105
75436960329
75436960330
74361955721
74361955722
74361972105
74361972106
74361955977
74361955978
74361972361
74361972362
75503790726
75503790730
74378942538
74378946634
74383235098
74383239194
74379204682
74379208778
74383497242
74383501338
79760300200
75499874648
75499874904
75499924008
75500137048
75453471313
75457665617
75499673881
75499673882
74363017797
74363017798
74363001157
74363001158
75436022036
75705375045
75705375046
75705391429
75705391430
74366228068
75436223012
75436239396
74362034584
74362034600
74362546324
75437202072
75437202088
75436288548
75436304932
75437218456
75437218472
74362300580
74383923594
74635630985
74635630986
74635647369
74635647370
74635631241
74635631242
74635647625
74635647626
75709569609
75709569610
75709569673
75709569674
75709586057
75709586058
80004344472
80004344488
80004360856
80004360872
80012814889
80012814890
97209428642
148719692425
148719692426
148719708809
148719708810
75709376905
75709376906
75709393289
75709393290
80004344201
80004344202
80004360585
80004360586
75436026004
75436042388
75436026020
75436042404
74366724202
75440400665
75440400666
75440400681
75440400682
75440466201
74401196566
74401196570
75503314986
75507505194
75507509290
75709573770
74384169482
74384173578
74384419350
74384419354
75499940376
75524278342
75541006358
75524343878
75541022742
75705506344
75705522728
75570899345
75570899361
75524807234
75435763288
75435763304
75435779672
75435779688
75435764312
75435764328
75435780696
75435780712
75436222616
75436239000
79819774530
79836551746
79819774594
79836551810
74362017161
74362017162
74362033545
74362033546
74362017417
74362017418
74362033801
74362033802
74366478420
74366494804
79743772840
79743838376
75453475205
75453475209
75524221457
75566262804
75566963048
75566963304
75567049236
75567225448
74383956262
74383956266
74400684422
74400684426
75435895444
75436944020
75436944036
75436960404
75436300584
75436284200
75456846149
75456846153
75456846405
75524245546
75705178441
75705178442
75705194825
75705194826
75705178697
75705178698
75705195081
74363070857
74363070858
74363087241
74363087242
74363071113
74363071114
74363087497
74363087498
75436172873
75436172874
75570899594
74631506313
74631506314
74631522697
74631522698
74631506569
74631506570
74631522953
74631522954
75705641545
75436960069
75436960070
75436943749
75436943750
75436960133
75436960134
74363005510
74363005253
74363005254
74363021637
75705395589
75705395590
74631440709
74631440710
74631457093
74631457094
74631440965
74631440966
74631457349
74631457350
74378942537
74378946633
74367265188
74367281556
74367281572
74366233252
74367265428
74367265444
74366736536
74366752920
74366736552
74366752936
75566983780
75567045160
75567245924
75566983588
75566983844
75567110696
75567245988
75457763606
75457763610
75474442566
80012946058
75440351621
75440351622
75440368005
75440368006
74366216773
74366216774
74366233157
74366233158
75440466202
75440466217
75440466218
75570915717
75570915721
75575110021
75575110025
74384025877
74384025881
74400704837
74400704841
74384026133
74400946698
74400950794
75709590154
75575208262
75575208266
75575208326
75575208330
75709573706
74635651722
75709573705
75435960600
75435976984
74362218584
74362234968
74362218600
74362234984
74363005272
74363005288
74363021656
74363021672
75575138389
75575138393
75575138453
75575138457
79743510856
75705178757
75705178758
75705195141
75705195142
75498891592
75440482852
75440499236
75441412745
75441412746
75440400917
75441396362
74367277705
74367277706
75440400918
75440466453
75566979688
75567049252
75567241832
74635696777
74635696778
74384185865
75436763496
75435976792
75435960424
75435976808
75436747096
75436747112
75436005465
75436005466
75436005481
75436005482
75508029526
75508029530
75508029590
75508029594
75575138390
75575138394
75575138454
75575138458
79828113494
79828113498
74379712849
74379712865
74467793169
74451065217
74467793185
74383907153
74383907169
74631436628
79747897606
79747901702
79747897417
79747901513
79764674633
75525003585
75592112449
75525003841
75592112705
79747881494
79747881498
79760480345
79760480346
79760480409
79760480410
79815530642
79819724946
79815530658
79819724962
80016976149
80017365526
104717683270
104717683334
92952496648
97196845664
104734460498
104734460562
80016976153
80017365530
74367265161
74367265162
74367281545
74367281546
74367265417
75440368265
74366462105
74366462106
74366462121
74366462122
74635700617
74635700618
74635717001
75575208522
75570915914
74384185866
74384189962
74384419366
74384419370
74400963082
74362542232
74362558616
80004344454
80004360837
80004360838
74400237638
74400303126
74451069089
74467797153
74631518616
74631518632
74383263814
74383956322
79731714633
79731714634
79730911337
79730911338
79730977049
79730977050
79730977065
79730977066
79731731017
75592116513
75525007905
75592116769
75570981382
80000150090
80000166473
80000166474
79811340390
79811340394
79828117782
79828117786
79828117798
79828117802
80000149834
75457243653
75520838149
75587947013
75521071649
75588180513
75440433448
75441138264
75441138280
75441154648
74366149976
74366149992
74366166360
74366166376
74366151000
74366151016
74366167384
74366167400
74366412888
74366429272
75441023636
75441023652
75457698341
75457698345
75474426501
75474426505
75520027154
75566246424
75566967128
75566967384
75567032856
75566967192
75473901706
75473905802
79760300136
74363087448
74363087464
74362037848
74362037864
74362022488
74362022504
74362038872
74362038888
74362284568
74362300952
75453471109
75453471113
75457665413
75457665417
75453471365
75453471369
75457665669
75457665673
75498891656
75499153800
75473889813
75473889817
75705637464
75705637480
79761320600
79761386072
79761386136
75435960488
75435976872
75436812632
75436812648
75436829016
75436829032
75436222632
75436239016
79731780184
79731780200
79744313944
75456976937
75456981033
79744379480
79744379288
75709377157
75709377158
75709393541
79743772776
79743838312
75524876865
75541555729
75709639204
75709655588
75457108261
75457108265
75457108517
75457108521
75473885477
75473885481
74383247385
74383263769
74379717009
74379717025
74383911313
74383911329
74451064914
74467792978
74451064978
74467792994
79819844225
79836621441
79765576197
79765580293
75503077641
75503339785
75524229382
75570448649
75504036193
75504036449
75571145057
75571145313
75525003538
75592112402
74362525865
74362525866
80012941898
80012941961
75587672161
75591866465
80012941962
75520563297
75705178468
75705194836
75705194852
75524757601
75705178452
79769704969
74367215960
74367215976
74367199576
74367199592
75440220440
75440236824
75440220456
75440236840
75441138072
75441138088
75452934406
75456911622
75456915718
75457173766
75457177862
79828166949
79761320296
79761320360
79761353096
79761385896
75705244037
75705244038
75705260421
75567229528
75508029541
75508029545
75437202057
75437218441
75437218442
74631502473
74631502474
74631518857
74631518858
75705637513
75705637514
75705653897
75705653898
74367211924
74367211940
75436829318
75436005545
75436005546
75436267673
79730972825
79730972826
79730972841
79730972842
79731234969
79731234970
75705248389
75705248390
75705264773
75705264774
75508029542
75508029546
75508029606
75508029610
75575138406
75575138410
75457698402
75457698466
75474426514
75474426530
75705244328
75705260712
79768922634
79811455526
79828232742
79828232746
75435764357
75435764358
80029755796
80029768072
80029821332
75508230562
79760550040
79760615576
75587693074
75591887378
75591887394
74366478872
74366495256
74366478888
74367265368
74367265384
74366495272
74366232920
74366232936
74366412952
74366429336
75473655941
75473660037
75457140869
75457144965
75473918085
75473922181
75520026914
75566246184
75567245912
75709438341
75452745801
75452811289
75456989209
75457005593
75453458833
75453458849
75457653137
75457653153
75524806738
75541534802
79735105690
79735105705
79735105706
75440138393
80029981257
79765576198
79765580294
79765707398
79765707402
79747635274
79747639370
79747897610
75440416936
75440433320
75439957336
75439957352
75439973720
75439973736
75439957637
75439957638
75439974021
75439974022
75456878729
75456882825
75473655945
75473660041
75457140873
75457144969
75473918089
75473922185
79760550056
79760615592
75437206153
75437206154
75437222537
75437222538
75705641546
75705641609
75705641610
75705657993
75705657994
79743457369
79743457370
75503904934
75503904938
75570976906
75570981002
75571013798
75571013802
79811356822
79811356826
79760628360
75473963046
75473979430
75437021732
80012978709
80012978710
79765707333
79765707337
75709569349
75709569350
75709585733
75709585734
79832324386
79836518690
148539316546
148555995410
148539316610
148555995426
75524761746
74383444042
74362017093
75541793289
75570514438
79761091113
79761091114
80004410008
80004410024
80004426392
80004426408
75507320858
75507337242
148723886729
148723886730
148723903113
75709618714
79752096262
79747913865
75507583242
75524344074
75574692106
75525007746
75592116610
75525008002
75592116866
74363021976
74363021992
74363005592
74363005608
75435895384
75435895400
74362284120
74362300504
74362284136
74362300520
75499661845
75499661846
75591915841
79743773064
75499153944
75453454986
75705194889
75705194890
79744608856
75499858344
75499858600
75500005912
75500120744
75436763560
75435697816
75435697832
75435714200
75435714216
75435698825
75435698826
75435715209
75435715210
75435697545
75453458822
75453458826
75457653126
79828117606
79828117610
80000149897
75452684362
75452688458
75456976922
75456981018
75436173972
75436173988
75437206164
75437206180
75436156564
75436156580
75436172948
75436172964
75436157588
75436157604
79735167513
79735167514
79735167529
79735167530
75709389130
75709373001
75709373002
75709389385
75709389386
79743785544
79743851080
79743785608
79743851144
75440231976
75440134441
75440134442
74367199557
74367199558
74367215941
74367215942
74367199813
74367199814
74367216197
74367216198
75503901002
75503901062
75503901066
74635635013
74635635014
74635651397
74635651398
74635635269
74635635270
74635651653
75709389480
75453008006
75453073446
75457251366
75457267750
75453471378
75453471394
75457665682
75457665698
75591927945
75457111686
75457111690
75524835461
75541551249
79895276070
75508128010
75508132106
75575236874
75575240970
79828261130
79828265226
75508062474
75508066570
79895276074
74363071128
74363071144
75436304936
74362037672
75436223000
75436239384
75436223016
75436239400
75437222488
75437222504
75705395796
75705395812
75499874920
75499874728
75499874984
75500137064
75500005928
79743789640
79743855176
79743789704
79743855240
75575208089
79744362856
75440203865
75440203866
75440203881
75440203882
75440466009
75440466010
75440466025
75440466026
79730993304
79731009688
79744379240
79743854760
79743854696
79744313704
79744313768
79895242858
79828133974
79828133978
75453475206
75453475210
74451065473
74467793441
74631502420
74631502436
74631518804
74631518820
74400221205
74400237589
75456981514
75457239562
75457243658
79747750410
79747754506
75457174021
75457178117
75520809249
75587918113
75520809505
75587918369
75768306004
75525003649
75592112513
75525003905
74362296404
74362280036
74362296420
74366740568
74366756952
74366740584
74366756968
74367199896
74367199912
74367216280
75436271781
75436271782
74366478440
75705244042
75705260425
75705260426
75705244041
75566967208
75566967464
75567114776
75567229608
75508033637
75508033641
75435895366
75435911749
75435911750
75435960616
75436960088
75436943768
75436943784
75436960152
75436960168
75499149588
75498887700
75499149844
75499854180
74379712842
74383907142
74383907146
79731780260
79731796644
79730989224
79731005608
79731779988
79731780004
79731796372
79731796388
79743441225
79743457609
79743457610
79743441289
79743441290
79744543080
79744543144
79744575880
79744608680
79743576392
79743510920
79743576456
79744543064
79744543128
79744559496
80004344393
80004344394
80004360777
80004360778
79811356758
79811356762
79811356774
79811356778
79828134166
79828134170
75709704728
75709721112
79730976937
79730976938
79731239065
79731239066
79731239081
79731239082
75436009625
75436009626
75436009641
75436009642
79761074536
79761074600
79761140072
79761140136
75575142570
79828117654
79828117658
79828117670
79828117674
75508033638
74366233192
74366412968
74366429352
74367265112
74367265128
74367281496
74367281512
75566983576
75566983832
75567049352
75567245976
75520027170
75566246440
75566983512
75566983768
75567032872
75503790725
75503790729
74400704929
74383198345
74383263881
74399975561
74400041001
74384025953
74384026017
74451093638
74467809426
75453700374
75453700378
75453700630
75453700634
75457894726
75457894730
75457894982
75457894986
79748667718
97209461344
80012941638
80012941701
80012941702
80029788744
80029854280
80029788808
80029854344
75705199188
75705199204
75705182820
75436988949
75436988950
75436988965
75436988966
74362264101
74362264085
75435940389
75436005926
75436005910
75705424421
75705424422
74379958825
74384152965
74384152969
74384153221
74384153225
75503835717
75503835721
75503835781
74400688529
74400688545
74451064930
74467793042
74451064994
74467793058
74631506324
74631506340
74468039202
74534901922
75507271945
75507534089
75524245766
75574642953
75508230497
75508230753
75575339361
75575339617
75525003554
75592112418
75575138629
75575138633
75575138693
75575138697
75520563361
75524757665
75705243988
75705244004
75705260372
75705260388
75457185861
74384419398
74384419402
75503905098
75441416856
75441416872
75440482840
75440499224
75440482856
75440499240
74367281816
75441400408
75441400424
74366478504
79747951110
79751879174
75452668422
75452672518
75452930566
75452934662
75456911878
79811406345
75566983592
75566983848
75567114792
75567245992
79760566856
79760632392
79760566920
79760632456
75524221474
75566262824
75441396361
75709459078
75452687878
75452913190
75452913194
75456976390
75456980486
75457107590
75457107594
75520579729
74384189961
74384419365
74384419369
74400963081
74400967177
74401196581
75709831817
75709831818
75709848201
75709848202
74451069249
74467797265
74451069313
74467797281
75499674134
75524811137
75541539105
75499739669
75499739670
75705375128
75503790417
75503790433
74400701025
75743107349
75743107353
75743107605
75743107609
75525007937
75592116801
75726330133
75726330137
75726330389
80012974440
75435895113
75435895114
75435911497
75435911498
74361955657
74361955658
74361972041
74361972042
74361955913
74361955914
75439958665
75439958666
75439975049
75439975050
79735171241
79735171242
79735433369
79735433370
79735433386
75441023369
75508066442
75508099238
75508099242
75575171210
79828134038
79828134042
79828134054
79828134058
79760566376
75457767978
75436267609
75436267610
75436267625
75436267626
79730927704
79730944088
74378926154
74378930250
74379188490
74379717190
74379717194
74383911494
74383911498
75503790470
75503790474
79743723609
79743723610
79743723673
79743723674
80000166278
80000150149
80000150150
80000166533
80000166534
75705178728
75705195096
75705195112
75456846102
75456846106
75456846358
75456846362
75473623318
75473623322
75473623574
75474672154
79765444934
79765444938
79765445190
79765445194
79769639238
79769639242
79769639494
79769639498
79828167189
75570915665
75570915681
75575109969
75575109985
75709651496
75570915729
75570915745
75575110033
75575110049
75508111877
75508115973
75575220741
75575224837
75440154776
75440171160
75457669706
79744313956
79744379492
75457669702
79819840066
79836617282
79819840130
79836617346
80029768264
80029833800
80029768328
80029833864
79828453897
79828626017
75440498984
75436808841
75436808842
75436825225
75436825226
79761156696
75440478488
75440494872
75436206246
75457112342
75457112346
75457112598
75457112602
75473889558
75473889562
75473889814
75473889818
79760484681
79760484682
75570948201
75570948261
75570948265
79760546120
79760611656
79760562568
79760628104
75591920257
75566786837
75608648209
74383181850
74383198234
74446825554
74451019858
74451069250
74467797266
74451069314
74467797282
75705264548
75457202249
75457267785
75473979465
75705264788
75504036434
75571145042
75571145298
75520813330
75587922194
75570497802
74399959062
74399975446
74383956306
74383956370
74400684370
74400684386
74446825617
74451019921
74451069505
74467797521
75592116609
75525008001
75592116865
75456862725
75456866821
75457124869
75457128965
75473639941
75473644037
75473902085
75474692618
74366724249
74366724250
74366724265
74366724266
75440400921
75440400922
74367265418
74367281801
74367281802
75441400457
74400967178
75575208582
75709852234
74635700873
74635700874
75575208586
75709835913
75709835914
75709852297
75456861702
75456865798
75457107478
75457107482
75457698130
75457698194
75473884694
75473884698
75520567441
75524761745
79768660486
79769704966
79769709062
79769901638
79769901642
75570977289
75570981385
79768922630
75743123974
75743128070
75435943465
75435943466
75436008985
75436008986
75436009001
75436009002
75507255817
75507517961
74362018121
74362018122
74635647588
74383460389
74379729489
74379729505
74383923793
74383923809
74451130689
74383181861
74383198245
74383923537
75705375384
75705375400
75591920001
75608647969
74379729490
74379729506
74383923794
74383923810
74379249702
74379266086
75452950789
75525065221
75525265985
79747881254
79747881258
79747881510
79747881514
80013204037
80013204038
79760480361
79760480362
79760480425
79760480426
75456878853
75456882949
75457140997
75457145093
79903664449
75457898773
75457898777
75457899029
75457899033
75474675989
75474675993
75474676245
75474676249
79765449029
148539316802
148555995666
148723903045
148555995682
79765477894
79765481990
79765707302
79765707306
75540994577
75566324244
75705641560
75705641576
75587676706
75591871010
75705657944
75705657960
75587692641
75591886945
75452729382
75452745766
75456845350
75456845354
75453471058
75453471074
79744768585
79744768586
79769639562
80013204106
75456878854
75456882950
75457140998
75457145094
75473656070
79832820241
79895276057
75473660166
74468067849
74534922385
74400237702
74400303142
74383460486
74383526022
74384022114
75436206234
75436206249
75436206250
75436812617
75436812618
75436829001
75436829002
75436812873
75436812874
75436829257
75592141321
75507337734
75507599878
75608918537
75609156129
75541023241
75574708742
75503839402
75570948198
75570948202
75570948262
75705248073
75705248074
75705264457
75705264458
75705248329
75705248330
75436005529
75436005530
75456923674
75456940058
75453458770
75453458786
75452991514
75453007898
75457185818
75705199192
75705199208
75705182808
79748475433
79765252645
79765252649
79747958858
79748024394
79764736074
80012733016
80012733080
80012798552
80012798616
75436808838
75436825221
75436825222
79735462040
79735445672
79735462056
75566848534
75541022745
75520584209
75524778513
75524278409
75541006377
75524343945
75541022761
75566848293
75566848294
75566848549
75566848550
79765707397
79765707401
75507321350
75507583494
75524344329
75574692358
75508128261
75508132357
75575237125
75575241221
74467809378
74635635092
74635635108
74635651476
74635651492
74379266185
74379331625
74383509545
74383525929
74379733649
75570514441
75504192009
75504298657
75571300873
75571407521
75541793286
75608902150
75542043154
75609152018
75772627465
75453471057
75453471073
75456845446
75456845450
75520579665
75524773969
75520579681
75524773985
75709372756
75587688529
74383263813
74399975493
74400040981
75456850458
75587692689
75591886993
75587692705
75591887009
79761545801
79761545802
79761545865
79761545866
75452950790
75456977158
75456981254
75457239302
79895341593
80029964938
79828245001
79828249097
79832820257
79768988166
79895341609
75473660422
75473918470
75473922566
79769643590
79769643594
75457898774
75457898778
75457899030
75457899034
75474675990
75474675994
75474676246
75474676250
75743369749
75743369753
79819778625
79836555841
75457251402
75435939354
75473963034
75473979418
75456882186
75457111590
75457111594
75457763682
75457763746
75473888806
75473888810
75524835465
75541555345
75709438616
79768988170
75456879114
75456883210
75457141258
75457145354
75473656330
75473660426
75473918474
75473922570
79764527626
75441007173
75567225492
74467813458
74451134610
74467813474
74635635096
74635635112
74635651480
74635651496
74362033572
74362018196
74362018212
74362034580
74362034596
74362280084
74363066772
74363066788
75436271913
75436271914
75435959832
75435976216
75435959848
75435976232
75436157272
75436157288
75436173656
75436173672
75435960856
75435977240
75498887716
75499149860
75499870564
75499870820
75499936292
79761156516
75709376916
75709376932
75709393300
75709393316
75453008009
75453073449
79744576072
79744641608
79744576136
79744641672
75508045957
75508050053
75508095125
75508095129
75575154821
75575158917
79764691210
79764695306
79819786374
79836563590
79819839634
75436304676
79836616850
75436939913
75436939914
75436956297
74383907474
74383907490
75499677973
75499677974
75499678229
75499678230
75499743509
75499743510
75499743765
75499743766
75441007174
75441023557
75441023558
75571042566
75726334229
75726334233
75726334485
75726334489
75743111445
75743111449
75743111701
75743111705
79836752193
75793705490
75835665000
75705379496
75705395864
75705395880
79743707466
79743707529
79743707530
79743723849
79743723850
79743723913
79743723914
75456850198
75456850202
75456850454
79828167194
79811389994
80012978729
80012978730
80013044265
80013044266
79765449286
79765449290
79769643334
79769643338
75705375369
75705375370
75705391753
75705391754
74635647576
74635647592
74451134785
74467813649
74451134849
74467813665
74383444006
74383460390
75436747432
75436763800
75436763816
80000166292
80000166308
75709438612
75709454996
75440200230
75440216596
75440232980
75440216612
75440232996
74366392469
74366392470
74366392485
74366392486
74366458389
75709618726
74379991557
74379995653
74635713093
74380220965
74380220969
74384284165
74384288261
74384415365
74384415369
75503790737
75503790753
75507985041
75504175622
75504294546
75571284486
75571403410
75525065225
75592174089
75772611078
75772730002
75793705537
75835660952
79744297576
79744297640
79744363112
79744363176
75440350858
75440367241
75440367242
79765449238
79765449242
75508111882
75508115978
75575220746
75575224842
92788754706
97083525190
79828183562
75768355364
75768568404
75436943976
75436960344
74366228120
74366228136
74366740644
74366757028
74367277720
74366212745
74366212746
75436960360
74367277736
75566786838
75705653912
75705653928
75566787093
75566787094
75591920193
74383198278
74399975494
74400040982
74534906017
75709831764
75709831780
75726346761
75726350857
75726596629
75726596633
75768306088
75768306344
75768441380
75768568488
79836752257
79903664705
74362218580
74363001192
74363017560
74363017576
74361968261
74361968262
74361951576
74361951592
74361951832
74361951848
74366166345
74366166346
74366150217
74366150218
74366166601
74366166602
75436021908
75436038292
75436021924
74378942533
74378946629
74383235093
74383239189
74379204677
74379208773
74383497237
74383501333
75498875156
75499137300
79731796568
79731796584
75440199769
75440199770
75440199785
75508001158
75440199786
75440461913
75440461914
75440461929
75503114378
75503118474
75503114282
75503118378
75508001162
75508045958
75508050054
75508095126
75508095130
75575154822
75575158918
75575203990
75575203994
79828129878
80004344453
74383403146
74400176266
74400180362
75570419754
75570423850
75570485386
75570489482
75705260696
75705244072
75705260440
75705260456
79760484745
79760484746
79760501065
79760501066
79760501129
79760501130
79744489865
79744489866
79744506185
79744506186
79744506249
75571046922
75474938390
75474938394
79765510666
79765514762
79765711430
79811455514
79768656394
79768660490
79768918538
79761156389
79761156390
80004409960
79761091109
79761091110
79761156645
79761156646
80004426344
79744543384
79744608920
74635651432
74378987562
74379003946
74383181866
74383927634
74383927650
74446841938
74379266182
74379331622
74383509542
74383525926
74379729554
74379729570
74383923858
75499743782
74451077257
74467813457
75772627462
75772730018
75810482705
75503143430
75503405574
75541006857
75835660968
79836809737
79837014593
75457898789
74384026273
75441416804
75440350868
75440350884
75440367252
75440367268
75440351892
75440351908
75440138389
75440138390
75440138405
80012925257
80012925258
80021170469
80021170473
80021559846
80021559850
148723903064
148555999778
79760546440
79760611976
75503868041
75503872137
75503904933
75503904937
75570976905
75570981001
79760628296
79760562824
75441183257
75441183258
75441183273
75441183274
75504298578
75524876433
75541555297
75709372824
75709372840
75709389208
75709389224
75709618730
75709373080
75709373096
75709389464
74379991558
74379995654
79768983818
79768987914
75473918218
75473922314
79764527370
79764531466
79764789514
79764793610
79768721674
79768725770
74400221210
74400237594
74631506264
74631506280
74383181898
74383247434
74399959066
74399975450
74383960402
74383960466
79819839650
79836616866
80021170529
75507255562
75507517706
75520051466
75574626570
75508230482
75508230738
75575339346
75575339602
75520813346
75587922210
75743107610
74363005336
74361955736
74361955752
74361972120
74361972136
74361955992
75709573449
75435698792
75435715160
75435715176
75436763752
75457649290
75499858280
75452684358
75452688454
75456976918
75456981014
75452946502
75452950598
75457239062
75457243158
75541534993
75524807041
75541535009
75705375076
75705391444
75705391460
75452651797
75452651801
75452652053
75452652057
75435894342
75435911813
75435911814
75435910725
75435910726
75435894405
75435894406
75435910789
75435910790
75435895365
75453700377
75453700629
75453700633
75457894725
75457894729
75457894981
75457894985
79748667717
79748667721
80012941637
74379729222
74379717253
74379717257
74383911557
74383911561
74631457384
74446825570
74451019874
74631440728
74631440744
74631457112
74631457128
74383911250
74383911266
74379249690
75503126553
75503142937
75507320857
75507337241
75503790481
75503790497
75768293784
75768294040
75768375880
75768556184
79819778434
75503061258
75503323402
75520035082
75570432266
75504036178
74451130945
74467809809
74451131009
74467809825
74635696724
74446837921
74451032225
74635696468
74384022161
74400701009
79735974469
79735974470
79735990853
79735990854
75705653848
74384022178
74468305441
74534922401
74635696536
74635696552
74383198342
74383263878
74399975558
74400040998
74384021858
75456981509
75457239557
75457653129
75542047265
75456879113
75456883209
75457141257
75457145353
75473656329
75473660425
75473918473
75473922569
75525032457
75457202202
75453459042
75457653330
75457653346
75452729370
75452745754
92948408993
79747651657
79747655753
79752091910
79752096006
79747913801
79747917897
79764691017
79764695113
79748475429
92948146593
92948146849
75575155209
75575159305
92721650178
92788759042
75508046345
75508050441
79828179465
79828183561
79832816161
79895292425
79836752513
79903664769
75457911305
75457915401
75458161173
75458161177
75474688521
75474692617
75474938389
75474938393
79731779977
79731779978
79731796361
79731796362
75436943720
75435977000
75436943704
79828167009
79828167073
79819774274
79836551490
79819774338
79836551554
74366736468
74366752852
74366736484
74366752868
74367212180
74367212196
74366474340
74366490724
74367195540
74367195556
79743772760
79743838296
79743772824
79743838360
75457764002
75474442898
75474442914
75524876449
75541555361
75709438360
75709438376
75709454744
75709454760
75456878090
80029969033
75508128266
75508132362
75575237130
75575241226
79764789770
79764793866
79768721930
79768726026
79768984074
75441154456
75441154472
75440154904
75436267685
75436267686
75436808581
75436808582
75436824965
75436824966
75436808837
75503376457
75503380553
75507505225
75507509321
75507570761
75441006921
75441006922
75441023305
75441023306
75441007177
75441007178
75441023561
75441023562
79735445656
79735105689
75508029605
75508029609
75575138405
75575138409
75575138469
75575138473
79760288072
79760353608
75705260422
75709442377
75709442378
75709458761
75709458762
75709442633
75709442634
75709459017
75709459018
75503868042
75503872138
75570485382
75570489478
75570485289
75570489385
75574679593
75566786842
75566787097
79761320473
79761320474
79761386009
79761386010
75705264522
80000215433
79744608664
75705264744
75456923722
75456989258
75473700890
75473717274
75457702226
75457702290
75474430290
75474430306
75520567442
79748803077
79748930181
79748930185
79748540713
79765317925
79765317929
80012749400
80012749464
80012814936
80012815000
79747651721
79747655817
79752092166
75520579730
75524774034
75608643874
75705379476
75705379492
75705395860
75705395876
75503388697
75503405081
75507583001
75507599385
75575093586
75575093602
75520567826
75524762130
75705444888
75705461272
75520034842
75520567842
75524762146
75705444904
74384026193
74384026257
74400705105
74400705121
74451130946
74467809810
74451131010
74467809826
79819778626
79836555842
79819778690
79836555906
79832361538
79815584386
79832361602
80012995144
80013060680
80012995208
75435697546
75435713929
75435713930
75435697801
75435697802
75435714185
75435714186
75436025944
75436042328
75436747416
79748671769
79748672021
79748672025
79765448981
79765448985
79765449237
79765449241
79832553794
79899466050
80029755929
80029755930
80029821465
80029821466
75452946506
75452950602
75457239066
75457243162
79743527000
79743592536
75453459078
75453459082
75457653382
75457653386
79744489801
79744489802
75499657497
75499657498
75499657753
75499657754
75499673929
75499673930
75499674185
79744506250
75441137989
75441137990
80012925321
80012925322
75722135830
75722135834
75722136086
75722136090
75726330182
75726330186
75726330438
75726330442
75457239081
75457243177
75705264728
79761074470
79761140005
79761140006
75457185866
79832312338
79836506642
79832312354
79836506658
75705248360
104734460486
104734460550
79748540965
79748540969
79765318181
79765318185
80016976169
80021559830
80021559834
79748540709
74534918290
74635700884
74635700900
74383460489
74383526025
74400237705
74400303145
74384026209
74400704913
79747918342
79752091785
79752095881
79764691462
79764695558
74362022217
74362022218
74362038601
74362038602
74361951813
74361951557
74361967941
74361967942
74361951558
74361951814
74361968197
74361968198
74363001172
74363001188
75574708745
75508386313
75508492961
75575495177
75575601825
75541809670
75525265954
75592374818
75793701410
75835681380
75574692361
75508369929
75508492945
75575478793
75575601809
75525130758
75592239622
75587688593
75591882897
75587688609
75591882913
75457185925
75457251461
75473963045
75473979429
75457763921
75452683782
79761386026
75566787098
75566786841
75452684806
75452688902
75452946950
75452951046
75456977414
75456981510
75457239558
75457243654
79747750406
79747754502
79765711434
75726346762
75726350858
75726596630
75726596634
75457911306
75457915402
75458161174
75458161178
75474688522
75503126570
75503142954
75507320874
75507337258
75503806866
75503806882
75508001170
75508001186
75709573528
75709573544
79810627722
75588184594
80029755736
80029755800
80029772168
80029821336
75571218954
75571407442
75520821770
75587930634
74362022473
74362022474
74362038857
74362038858
75436157257
75436157258
75436173641
75436173642
75436157321
75436157322
74400688454
79760500889
79760500890
79832311954
79836506258
79832311970
79836506274
80000215448
80000215464
80000231832
80000231848
79731234985
75436267689
75436267674
75436267690
75436812677
74383960342
75436812678
75436829061
75436829062
75436812933
75503376458
75503380554
75507505226
75507509322
74383960346
75705641624
75705641640
75574691866
75591920258
75608648226
75574708250
75575138470
75575138474
79828113558
79828113562
80000215685
80000215686
79815551074
79819745378
80004344152
80004344168
80004360536
80004360552
75709377112
75709377128
75709393496
75709393512
80016976274
80029575576
80029575768
80016976466
80016976530
148539320706
148555999522
80012749093
80012749094
80012814629
79769659914
79769905686
79769905690
92948425376
97209445024
75436812934
79731779973
79731779974
79731796357
79731796358
79731780229
79731780230
79731796613
79731796614
75436829317
79730923688
79730940072
79731779924
79731779940
79731796308
79731796324
80013240936
80013241000
80013273736
80013306536
79827470602
74384157321
79743707289
79743707290
79832307794
79836502098
79832307810
79836502114
79743445081
79743445082
80000149908
80000149924
75437070888
75437087272
75436157332
75436157348
75436173716
75436173732
75436022296
75436038680
75436022312
75436038696
92788771330
97083529346
97192651364
97192651428
79748671766
79748671770
79748672022
79748672026
79765448982
79765448986
74367216276
74367216292
74366150292
74366150308
74366166676
74366166692
74366151316
74366151332
74366736472
74366752856
75440368280
75440368296
79761320486
79761386021
79761386022
75566782745
75566782746
75566783001
75566783002
75566848281
75566848282
75566848537
80000232069
80000232070
75705248133
75705248134
75705264517
75705264518
74451036242
74446841954
74451036258
74383198250
74379733330
74379733346
74635635032
74383927890
74635635048
74635651416
75709458852
75457202313
75457267849
75473979529
75474044969
75571009686
75571009690
79811352662
79811352666
79811352678
75608664145
75521075730
75503061514
75503323658
75520035338
75570432522
75504110090
75524278410
75709655576
75520584226
75524778530
75709639208
75709655592
75524876930
75541555746
75520584210
75709704744
80029591908
80029591972
79752235145
79764691466
79764695562
79819802758
79836579974
79828626018
79819049482
79827667466
79819311242
79836088458
75525270146
79895341474
79752894981
79752899077
79753124389
75709389126
75709372997
75709372998
75709389381
75709389382
79743523400
79743588936
74400684689
74400684705
80004426072
80004426088
79832328722
79836523026
79832328738
79836523042
79752075558
79752075562
79752075814
79752075818
97192684128
104734460554
80021170770
148539320962
105808202378
79832582666
148539320898
79752894982
79752899078
79753124390
79752141322
79752145418
79747951114
79751879178
79751883274
74362022469
74362022470
74362038853
75436157253
75436157254
75436173637
75436173638
75436157317
75436157318
75436173701
75587692833
75591887137
75709569624
75709569640
75709586008
75709586024
74363066792
74362033576
74362018200
74362018216
75498952996
75499215140
75498953252
75499215396
75768306084
75768306340
75768437284
75768568484
75503852038
75503856134
75541022981
75570964998
75503917574
75503921670
75456850213
75456850217
75456850469
75456850473
75473627429
75473627433
75473627685
75473627689
75587692817
75591887121
75457898793
75457899045
75457899049
75474676005
75474676009
75474676261
75474676265
79765449093
79765449097
79765449349
75503790482
74400688457
74383960597
74383960601
74400688709
74400688713
75570899269
75570899273
75570899333
75570899337
75575093637
80000215384
80000215400
80000231768
80000231784
79765449353
79769643397
79769643401
79769643653
79769643657
74383497254
74383501350
75498891556
75499153700
75498891812
75499870568
75499870824
75499940388
75500132968
75575093666
75705510424
75705526808
75441138314
75441154697
75524876434
75541555298
75709376920
75709376936
75709393304
75709393320
74363066968
74363066984
74362218660
74362235044
74362284580
74362300964
74363083352
74363083368
74362017368
74362017384
74468051466
74534922322
74468305426
74534922338
74635635352
74635635368
74635651736
74635651752
74378942597
74378946693
74383235109
74383239205
74379204741
74379208837
74383497253
74383501349
75498875172
75499137316
75452729386
75452745770
75456923690
75456940074
75453475154
75453475170
75457669458
75457669474
75520583762
75524778066
75705494037
75705494038
75705494053
79832426642
80029575832
79747696778
79747762314
79752108294
79752882694
79753124374
79753124378
79769655814
74363005321
74363005322
74363021705
74363021706
74363005577
74363005578
74363021961
74363021962
75436943945
75436943946
75503835785
75508030021
79819786378
79836563594
79819843730
79836620946
80016976226
80016976290
80029575528
75507517466
75507533850
75503790674
75503790690
75507984978
75507984994
75587676434
75591870738
75503388698
75503405082
80012978776
80012978840
80013044312
80013044376
79832558146
75570514186
75541784850
75608893714
75541785106
75608893970
75503143434
75503405578
75541006858
75570514442
75504192010
75504298658
75571300874
75571407522
75541793290
75608902154
74631440777
74631440778
74631457161
74631457162
74631441033
74631441034
74631457417
74631457418
75453007946
75453073434
75457251354
75457267738
75591919698
75608647762
75591919762
75608647778
79832311906
79836506210
79769643286
79769643290
79769643542
79769643546
79747975242
79748040778
79764752458
79819778130
92789017106
79764817994
75452991526
75453007910
75457185830
75457202214
75453471314
75453471330
75457665618
75457665634
75587692625
75591886929
79744313688
79744313752
79744379224
74361956708
74361973076
74361973092
74361972308
74361972324
74361956948
74361956964
74361973332
74361973348
74362230872
79761140116
74400688458
75768437268
75768552100
79744756361
79744756362
75456850214
75456850218
75456850470
75456850474
75473627430
75473627434
75473627686
75473627690
79744297241
79744297242
79744362777
79744362778
79744297497
79744297498
79744363033
79744363034
79899416658
79903610962
75498871320
75499133464
75499858260
75499858516
75499919896
75500120660
75453454661
75453454665
75457648965
74383956561
75608643857
75591915905
79765449354
79769643658
80013191817
80013191818
75457898790
75457898794
75810482722
75835681448
75508062473
75508066569
75575171337
75575175433
75508128009
75508132105
75575236873
75575240969
79828244745
79828248841
75508132361
75575237129
75575241225
74362284184
74362300568
74363087256
74362546344
74362562728
74363087512
74363087528
74363070872
74362021528
74362021544
79751883270
79752141318
79752145414
79730976873
79730976874
75440368266
79731239001
79731239002
74366216585
74366216586
75498891816
75500137128
75452684422
75452688518
75456976934
75456981030
75452946566
75452950662
75457239078
75457243174
75705522708
75520563745
75524758049
75705440804
75705457188
75705506340
75705522724
75524278341
75541006357
75524343877
80012732697
80012732698
80012798233
80012798234
74362017112
74362017128
74362033496
74362033512
74362018136
74362018152
74362034520
74362034536
74362218644
74362235028
75457112454
75457112458
75457112710
75592112769
75503852037
75503856133
75524344069
75570964997
75503917573
75503921669
74366150021
74366150022
74366166405
74366166406
74366150277
74366150278
74366166661
74366166662
75435960468
79748930117
80013007428
80013072964
80013007492
80013073028
79748930121
75453716997
75435895448
75436288296
75436304680
75436960408
75436960424
75435895464
74400705169
79769709065
79769905733
79769905737
75503376425
74378942601
74378946697
74383235113
74631506328
74631506344
74631522728
74383198282
74383263818
74399975498
74400040986
74468043042
74534906002
75575093842
75591981697
75608660513
75507271946
75507534090
75524245770
75574642954
75508230498
75508230754
75575339362
75575339618
75525007650
79828363682
75705375049
75705375050
75705391433
75705391434
74384156997
74384157001
74384157253
75508033861
75508033865
75508033925
74400704906
75457202250
75457267786
75473979466
75456940106
75457005642
75473717322
75473782810
75457702242
75457702306
75474430354
79836555362
80012815016
79836752162
79748540710
79748540714
79747651722
79747655818
79752092170
79752096266
79747913866
79743789448
79743854984
74366752916
74366736548
74366752932
74367261076
74367261092
74367277460
74451134850
74379733602
74467813650
74467813666
74451134786
74635635288
74635635304
74635651672
74635651688
75440155160
75440171544
75441285656
75441269288
75440219672
74400700746
74384022038
74384022042
75440236056
75440219688
75540994337
75566324004
75540994593
75566324260
74383247433
74399959065
74399975449
74383960401
74383960465
74400688465
74400688481
75709438342
75709454725
75709454726
75709438597
75709438598
75709454981
75709454982
79760304712
79760370248
74379266186
74379331626
74383509546
74383525930
74379733650
74379733666
74383927954
75542047250
75609156114
80029756008
80029756072
80029821544
80029821608
75503077898
75503340042
75524229642
75570448906
75436218456
75436234840
75436218472
75436234856
75436747348
75436747364
75436763748
79744297556
79744297620
75453458757
75453458761
75457653061
75457653065
74361972297
74361972298
75435894089
75525065226
75592174090
75525270082
75592378946
79744313641
79744313642
79744379177
79744379178
79744313897
79744313898
79744379433
79744379434
75591985298
75608664162
79903672458
92789017122
97209428578
97083590794
80012749097
80012749098
80012814633
80012814634
80012749353
80012749354
79836776966
79903688838
79837010466
79903725730
75520051462
75574626569
75508230481
75508230737
75575339345
75575339601
75520809250
75587918114
74363017556
74363017572
75436038436
75436956037
75436956038
75436022052
74363017541
74363017542
74363001413
74363001414
74366215848
74366232216
74366232232
74367281832
74378926149
74631436613
74631436614
74631452997
74631452998
74631436869
74631436870
74631453253
75498871316
75499133460
75570899601
75575093905
75575093921
75705658004
75705658020
75570899617
75570497561
75705641620
75705641636
75705641556
74631457158
75705379397
75705379398
75705395781
75705395782
74631457413
75435764376
75435764392
75435780760
75435780776
75435763352
75435763368
75435779736
75436812952
75436812968
75436829336
80013253256
79827470601
79827732745
79836088582
79894841417
79828363681
79828363937
79895276129
79895276193
80013240932
75457669510
75457669514
75453475462
75453475466
75457669766
75457669770
79744313960
79744314024
79744379496
79744379560
75566766361
75566766362
75566766617
75566766618
75566782793
75566782794
75566783049
75566783050
79761267017
79761267018
75722152454
75722156550
75722398230
75722398234
75726395910
75726400006
79752927750
79752931846
79753124422
79753124426
75435895174
74362198105
74362198106
74362198121
74362198122
74362263833
74362263834
74362263849
74362263850
74361955653
75507984709
75507984713
75503835526
75503835530
75508029766
75508029770
75508029830
75508029834
75705379205
75705379206
75436943753
74363021642
75436960137
75436943689
75436943690
75436960073
75436960074
74363005257
74363005258
74363021641
74631457354
74631440714
74631457097
74631457098
75705395530
74631440713
75705379145
75705379146
74384156998
74384157002
74400704914
74400704930
74451093642
74467813522
74467813538
74635700632
74635700648
74635717016
74635717032
74451134626
80030018152
80030018216
75525270050
75592378914
75776756234
75776928354
75793705506
75835681384
79832820354
79899536002
74367211864
74367211880
74362017157
74362017158
74362033541
74362033542
74362017413
74362017414
74362033797
74362033798
75440203290
75440203305
75440203306
75440368009
75440351626
74366232905
74366232906
74366216521
74366216522
75440368010
75520027153
75566246420
75566963032
75566963288
75567032852
75567225432
74383956261
74383956265
74400684421
74400684425
79735974488
79735974504
79735990872
79735122072
79735138456
79735122088
79735138472
79735429273
79735429274
79735429289
74384025878
74384025882
74400704838
74400704842
75570915718
75541022757
75508095142
75508095146
75575171206
75575175302
80004409989
79895238826
79761156649
79761156650
75591944330
75608664210
75591985314
75608664226
79761090857
79761090858
79761156393
79761156394
148723903114
80029592106
80021170470
80021170474
80021563942
80021563946
80021170726
80021170730
80029592105
79837014562
75435973156
74367195461
74367195462
74367211845
74367211846
74367195717
74367195718
74367212101
74367212102
74363066964
74378926213
74378930309
75503901061
75503901065
74635630917
74635630918
74635647301
74635647302
75499870612
75499870868
74366458006
74379003973
74379069461
74383247381
74383263765
74379712913
74379712929
74379713169
74379713185
74383907473
74383907489
74366392409
74366392410
74366392425
74366392426
74366458137
74366458138
74366458153
74366458154
75440134425
75440134426
75709573509
75709573510
75709589893
75709589894
74384415302
74384415306
75503900998
75503790418
75503790434
75507984722
75525003537
75592112401
75525003793
75592112657
75768289636
79760484441
79760484442
79760484505
79760484506
79832307858
79836502162
79832307874
79836502178
80000215444
80000215460
79815584130
79832361346
80012978520
80012978584
80012994952
80013044120
79836555650
79810627658
79810693194
79819049034
97192602272
104717687426
104717748870
92952603296
97196845728
104734476930
104734526098
80016976150
80016976154
80017369622
74635716952
74635716968
74635700584
74384025938
74384026002
74635717208
74635717224
74400704850
74400704866
74384026258
75436005909
75436005925
74362198165
74362198166
74362264086
74362198182
74362264102
75435940373
75435940374
74362198181
74379958565
74379958569
74379958821
74383956505
74400684613
74400684617
74383956245
74383956249
74400684357
74400684361
75521075746
75588184610
75776739850
75776928338
75592379010
75608893969
74363017812
74363017828
74366150040
74366150056
74366166424
74366166440
74366151064
74366151080
74366167448
74366167464
74366478424
74366494808
74363087174
74363071045
75436005930
74363087429
74363087430
74362198169
74362198170
74362198185
74362198186
74362264089
75705489945
75705489946
75705489961
75705489962
74379958566
74379958570
74379958822
75503376454
75503380550
75507505222
75524221458
75566262808
75452651813
75452651817
75456846213
75456846469
75456846217
75452652069
75452652073
75520579857
75524774161
75520579873
74362037637
74362037638
74362021509
74362021510
74362037893
74362037894
75436156485
75436156486
75726330249
75726330501
75726330505
80012941893
80012941894
80012941957
80012941958
75453700389
75453700393
75453700645
75507308569
75507312665
75570899589
75570899593
75575093893
75575093897
75570485318
75570489414
75570485273
75570489369
75574679577
75574683673
80000232104
75709831768
75709831784
75709848152
75709848168
75457112357
75457112361
75457112613
75457112617
75473889573
75473889577
79903730305
79765711493
79765711497
79769770505
79769774601
79769905797
79769905801
80029985413
75452655130
75453454737
75453454753
75456849478
75456849482
75524806737
75541534801
75524806801
75541534817
75705178516
148719692440
148719692456
148719708824
148719708840
79815534674
79819728978
79815534690
79819728994
80000149848
75452930314
75452934410
75456911626
75456915722
80000149864
79747688714
79747946762
79747950858
79751878922
79751883018
79731780180
79731780196
79731796564
79731796580
74367277652
74367277668
74366211668
74366211684
74366228052
75440134693
75440134694
75440200213
75440200214
75440200229
148539255170
148555983138
92990343686
79752861978
75566979476
75566979732
75567045252
75567241876
74384021781
74384021785
74400700745
75709618709
75709618710
75709618725
74362214504
74362230888
75587692690
75591886994
75587692706
75591887010
75520583842
75524778146
75709442392
75709442408
75709458776
75709458792
74366392473
74366392474
74366392489
74366392490
74366458393
74366458394
74366458409
74366458410
75440134681
75440134682
75507505286
75507509382
75507570822
75507574918
75503901258
75503901318
75503901322
74384026137
74400705093
74400705097
79832820258
79899494538
79768995978
79899535522
75709393477
75709393478
75440941720
75440941736
75440958104
75440958120
80029756004
80029821540
80029756068
80029821604
75457702442
75474430598
75474430602
79760304280
79761074792
79761074856
79761140328
79761140392
75473659978
79760369752
79744506442
79744506505
79744506506
79752862086
79752862090
79752862342
79752862346
80012925577
75726330246
75726330250
75726330502
75726330506
80012941897
74366150025
74363070820
74363087188
75591985473
75608664337
75591985537
75608664353
79761533577
79761533578
75500137108
79743719578
80029968970
80029968969
80029969034
80029985418
74379729542
74383923846
74363017546
74363017801
74363017802
74363001417
74363001418
75436939658
74363001236
74363001252
74363017636
74362280020
74379188294
74379192390
74383431702
74383435798
75498887444
75499854244
75499854500
75500001812
75500116644
74378926150
74367195722
74367212105
74367212106
75437202068
148719692392
74362267945
74362267946
75435944217
75435944218
74361973065
74361973066
74361956937
74361956938
74361973321
74361973322
74379192586
74379188298
74379192394
75503839558
75503839562
74379962646
74379962650
74379962902
74379962906
74631440970
75508099401
75508099461
75508099465
74635631177
74635631178
79744379417
79744379418
97192651432
80012749337
80012749338
80012814873
80012814874
75436812884
79743768680
79743834216
79743768744
79743834280
75498891560
74367195721
75437218452
75437218468
74362296468
74362280100
74362296484
74362558612
74362017172
74362017188
74362033556
74635630921
74635630922
74635647305
74379729226
74384218633
74384222729
74384419397
74384419401
75709585802
75508099397
75435976852
79828232469
79828232473
74366462233
74366462234
74366462249
74367215946
75436825252
75436808852
75441137993
75441137994
75441154377
75441154378
79731271784
74379733574
74379975178
74379979274
74380225046
75709589897
74383927882
74635651401
74635651402
75503806854
75503806858
74362033752
74362033768
74362018392
74362018408
74366736488
74366752872
74362022213
74363017861
74363017862
75436026132
75436042516
75436026148
75436042532
75436939672
75436939688
75436956056
75436956072
74366462250
74367199561
74367199562
74367215945
75440204057
75440204058
75440204073
74631436677
74631436678
74631453061
74631453062
74631436933
74631436934
74631453317
74631453318
75705375301
75705375302
75508099466
75503905094
75503905158
74380225050
74635635017
74635635018
75709573514
75709589898
74384218634
74384222730
79761320469
79761320470
74363066697
74363066698
74363083081
74363083082
74362034505
74362034506
74362018377
74362018378
74362034761
74362034762
74383956246
74383956250
74400684358
74400684362
74383956502
74383956506
74400684614
74400684618
75540994321
75566323988
74366495268
74367261272
74367261288
74367277656
74367277672
74366211672
74366211688
74366228056
74366228072
74384021797
74384021801
74400700805
74400700809
75524221313
75566262660
75524221569
75566262916
75456923721
75456989257
75473700889
75473717273
75457702225
75457702289
75474430289
75474430305
75520563346
75524757650
75436173705
75436173706
74363087434
75436993049
75436993050
75436993065
75436993066
75436010009
75436010010
75436010025
74631522634
75570899334
75570899338
75575093638
75575093642
75507570762
75507574858
75705428505
74384157062
74384157066
74631518868
74631518884
74534901921
74631502484
74631502500
74383525957
74400237637
74400303125
74383956577
74383956641
79747897862
79747901958
79747897481
79747901577
79764674697
79764678793
79815579746
75705461288
75541006362
75524343882
75541022746
75575093650
75452668425
75452672521
75452930569
75452934665
75456911881
75456915977
75457174025
75457178121
75525003553
75592112417
80013060744
79828363618
79828363874
79819049226
75436960084
75435894100
75435894116
75435910484
75435910500
75435895124
75435895140
75435911508
75435911524
75436960148
79743506824
79743572360
79744543060
79744543124
79744555400
79744608660
79744543076
79744543140
79744571784
79744608676
74367199572
74367199588
74367215956
74366150228
74366150244
74366166612
74366490904
74366474536
74366490920
74367199828
75435911768
75435911784
75436943960
75457698069
75457698073
75474426181
75474426185
75457698325
75457698329
75474426437
75474426441
75524217154
75566258504
75440138790
75440204325
75440204326
75440478756
75440495140
74366396565
75440204309
75440204310
74367261348
74366736532
75507984774
75507984778
74379991561
74379995657
74380225061
74384021782
74384021786
74400700742
79730972954
79730972969
79730972970
79730989336
79731005720
79730989352
79731005736
79731714629
79731714630
79731731013
79743838536
79743789384
79743854920
75503835222
75503835226
75503835286
75503835290
75570944086
75570944090
75570944150
75570944154
79811336278
79811336282
75436267802
75436267817
74362525801
74362525802
75436267818
74383923782
74384152854
74384152858
74384153110
74384153114
74400930070
74400930074
74400930326
74400930330
75570944326
75570944330
74366494888
74366494872
74367281560
74367281576
74366478488
74366232984
74366233000
74366216600
74366216616
74366215832
75441187353
75441187354
75441187369
75441187370
74366396569
74366396570
74366396585
74366396586
74366462489
74366462490
75709622810
75503376522
74400705098
75575109962
75570915658
75507570826
74384284170
74384288266
74384026138
75503380618
75566983528
75566983784
75567049256
75567245928
75457108361
75457108613
75457108617
75520580113
75524774417
75520580129
75524774433
75524278405
75541006373
75524343941
75440154788
75440171172
80021428741
80021432837
80021559941
80021559945
75453962793
75458025989
75458030085
75458157189
75458157193
79748798981
75436747397
75436747398
75436763781
75436763782
75574683689
75570915973
75570915977
75575110277
75575110281
74400704905
74400176265
74400180361
75570419753
75570423849
75508033929
74363083337
74363083338
74362202261
74362202262
74362202277
75437058581
75437058582
75437058597
75437058598
74362202278
74379729233
74379729249
75436747172
75436763540
75436763556
75508034117
75508034121
75508034181
75508034185
74631502409
74631502410
74631518793
74631518794
74384157065
74384157317
75435955736
75435972120
75435956760
75435973144
75437005336
75437021720
75435956776
75435973160
75437005352
75437021736
79744637512
79744637576
75571009685
75571009689
79743507016
79743572552
79743507080
79743572616
79744555592
79744621128
74366720153
74366720154
74366720169
74366720170
75440396825
75440396826
74631453032
74383907154
74383907170
74446825553
74451019857
74446825569
74451019873
74631436632
74631436648
74631453016
75524806817
75520813585
75587922449
75768289624
75768289880
75768359444
75768552024
79760496794
79815534738
79819729042
79815534754
79819729058
75452672522
75452930570
75452934666
75456911882
75456915978
75457174026
75457178122
79747684874
79747688970
79747947018
148719692376
148539255362
148555983378
148539255426
148555983394
148719708760
79769659910
79769901590
79769901594
79752878598
75436829284
75435779684
75435764308
75435764324
75435780692
75435780708
75436218520
75436234904
75436218536
75436234920
80004344133
80004344134
80004360517
80004360518
75453475141
75453475145
75457669445
75457669449
75453475397
75503851654
75435763013
75435763014
75435779397
75435779398
75435763269
75435763270
75435779653
75435779654
75440150616
75440167000
79731255384
79731271768
79731255400
79760545944
74401192486
74401192490
79760611480
75575204422
75575204426
75575204486
75575204490
79761074580
79761140052
80000166282
75571042570
75571046666
74366149988
74366166356
74366166372
74366150996
74366151012
74366167380
74366167396
74366425176
74366408808
74366425192
79760349576
75705244229
75705244230
75705260613
75524217410
75566258760
75566967380
75567028760
75567229524
79761320292
75587676433
75591870737
75587676449
75591870753
75705375320
75705375336
75705391704
75705391720
79815547026
79819741330
75441007256
75441007272
75441023640
75474446982
75474446986
79760566440
79760631912
79760631976
79752075910
79752075914
75566783113
75566783114
79761283722
79761283657
79761283658
75435780421
75435780422
79731796293
79731796294
79731780165
79731780166
79731796549
79731796550
79730973225
79730973209
79828113946
79828113958
75705248069
75705248070
75705264453
75705264454
75705248325
75705248326
75705264709
75705264710
75726461446
75726465542
75726592646
75726592650
80021428742
80021432838
80021559942
80021559946
79765449033
75436010026
75437058601
74363071049
74363071050
74363087433
74384157318
74384157322
75705428521
75705494058
75508034118
75508034122
75508034182
75508034186
75440367976
75705428506
74379266122
74379331610
74383509530
74383525914
74379717266
74379717282
74383911570
74383911586
79895341409
79895341473
75504036258
75571145122
75768293992
75768375832
75768556136
79828167193
74366474776
74366491160
74366474792
74366491176
74367265364
74367265380
74367281748
74367281764
74366216532
74366232932
75524217218
75566258568
75524217474
75566258824
79761398344
79761349192
79761414728
79761349256
79761414792
79761398408
74363021908
74635631012
74635647380
74635647396
74468051461
74534918225
74468301329
74534918241
74635631252
75440150696
75440167080
75441006932
75441006948
75441023316
75441023332
75439957588
75439957604
75439973972
75439973988
79760283816
79761156436
79761090900
79828130326
79828130330
79828130342
79828130346
79760611496
79761091220
75709442373
75709589912
75709589928
75571300869
75571403425
75452684553
75772627461
75772730017
75810478609
75835660964
80004410004
80004410020
80004426388
80004426404
79819843906
79811455330
79811455394
79828232546
79828232610
79819843970
80029755752
80029755816
80029788552
80029821352
148556253702
80029592090
148556487202
75705391448
75705391464
75520567569
75436288148
75436304532
75436288164
75436304548
79747885386
79811340442
79811340454
79811340458
79836752146
79765252646
79836555346
79748733450
79748737546
79748934214
79748934218
75435894356
75435894372
75435910740
75435910756
75436218648
75436235032
75436218664
75436235048
75436943956
74362296408
79744543332
79744543396
79744608868
79743768968
79743834504
79744543316
79744543380
79744608852
79744608916
75498887704
74367195525
74367195526
74367211909
74367211910
74367195781
74367195782
74367212165
74367212166
75437091364
75591981201
75608660065
75709373076
75709373092
75452654886
75452654890
75452655142
75452655146
75453471121
75453471137
74635630982
74635647365
74635647366
74635631237
74635631238
74635647621
74635647622
75709569605
75709569606
75575204165
79832328482
79836522786
79744313637
79744313638
79744379173
79895275814
75508046090
75508050186
75575154954
75575159050
75508111626
75508115722
75575220490
75575224586
79828179210
80012814630
80012749349
80012749350
80012814885
80012814886
148539320642
148555999506
79769639466
92721908234
92789017098
79731731018
75435714212
75435698761
75435698762
75435715145
75435715146
75436283992
75436300376
75436284008
75436300392
75453458758
75453458762
75457653062
75457653066
80000166217
79743785048
79743850584
79743785112
79743850648
80000150089
74446842001
74451036305
74383181958
74635696472
74362022552
74362022568
74362562712
75705641572
75436022056
75436943764
75435894180
75435910548
75435910564
75435895188
75435895204
75435911572
75435911588
75436943780
75705178437
75705178438
75705194821
75705194822
75705178693
75705178694
75705195077
75705195078
79743523144
79743588680
80013306516
75436173924
75436218904
75436235288
75436218920
75436235304
75437206100
75437206116
75437222484
75437222500
74362022548
79743769224
79743834760
79744805460
79744805524
79744817800
79744871060
75500001832
75709372745
75709372746
75709389129
74366408856
74366425240
74366408872
74366425256
74367265108
74367265124
74367281492
74366215508
74366215524
74367281508
75436156504
75436156520
75437206168
75566983764
75473643653
75457124485
75457128581
75473901701
75473905797
75520022818
75566242088
75520023074
75566242344
75440400473
75440400474
75440400489
75440400490
79730989208
79731005592
75436300456
75435764372
75435764388
75435780756
79744805464
79744805528
79744821896
75503904918
75503904922
75570960522
75570964618
75571013782
75571013786
75709377097
75709377098
75709393481
75709393482
75440396586
75440462105
75440462106
75440462121
75440462122
75441154629
75441154630
75456849542
75456849546
75524819077
75541551185
75709573702
75709590085
75709590086
74400946694
74400950790
74401192470
74401192474
