79760557669
79760557733
79760557670
79760557734
79760624038
75440417361
75440417362
79744576081
74468034918
74468034922
79744576082
79744641617
79744641618
75524999786
75592108390
75592108394
75592108646
75592108650
75768367465
75768367466
75768367721
75768367722
75768375905
79743527569
79743593105
79743527570
79743593106
74363587222
74446448673
74362296657
74362562898
74362546529
74362562913
74362546530
74362562914
75440482705
75440499089
75440482706
75440499090
75498887761
75499149905
75498887762
75499149906
75498891601
75499153745
75566253717
75566253718
79743789409
79743854945
91815569962
79835863297
79835867393
79836125441
79836129537
79836125444
74450364452
79836129540
79903234113
79903238209
79836744101
75540895778
75524122760
75540899874
79761336738
79761402274
74366412433
74366428817
74366412434
74366428818
74366412449
74366428833
74366412450
74366428834
74362283665
74362300049
74366732709
74366732710
74635897489
74635913873
74635897490
74635913874
74635897505
74635913889
74635893409
74635909793
74635893410
74635909794
74366474593
74366474594
74366490978
79836523176
79836613289
79832816296
75499154001
75499154002
75520121348
75587230212
75520125444
75587234308
148623100310
148623100326
148623100314
148623100330
75498870177
75498948181
75498870178
75437009297
75437009298
75437025681
75437025682
75437009313
75435959697
75435959698
75435976081
75435976082
75435959713
79836912132
79836916228
79903726180
79903726184
74362554773
74362554789
74362554774
74362554790
75542043300
75609152164
75542043304
75609152168
79744633493
79744633494
74635970985
74635970986
74631768481
74631776681
74631760277
74631760293
74631760278
74631760294
74631764385
74631776677
75440433809
75440417426
75440433810
75440417441
75440433825
75440417442
75436223073
75436239457
74362280593
74362296977
75498887521
75499149665
75498887522
75499149666
75498887777
75499149921
75498887778
75499149922
75498891617
75499153761
74363341417
74363341418
74362292825
74362292826
74362292841
74362292842
74362275417
74362275418
74362275433
74362275434
75591920292
75608648356
75591920296
75608648360
75591985764
75608664724
75591985768
75608664728
75591985828
75608664740
75608656282
75608656298
75520104488
75524298792
75520108584
75524302888
75520120872
75524315176
75520124968
75524319272
75520104468
75520108564
92889311770
92889328154
79832557972
79832557976
79832656385
79832812137
75441216161
75441216162
75440151185
75440151186
75440167569
75440167570
75440151201
75440151202
75440167585
75440413329
79836125320
79836129416
75435960721
75435977105
79743785377
79743785378
79743850913
79743850914
74446834073
74446834085
74446834089
74451134804
79731246761
79731246762
79732296345
79732296346
79732296361
79732296362
79731263145
79731263146
79730992785
79730992786
75524385032
79760283233
79760283234
79744830058
79744830122
74451069608
74467797668
74467797672
74451126633
74451126697
75587229736
75587233832
75591424034
75591428130
75768359330
75768433242
75768359585
75768621729
75768359586
75768621730
75789408772
75810474581
75789412868
75810474585
79760300625
79760300626
79760366161
79760366162
92889245977
92889245993
92889262361
80029837970
75567024554
75567024810
75436218769
75436235153
75436218770
75436235154
75525151240
75592260104
75525155336
75592264200
79743584602
79743518298
79743518361
79743518362
75567041113
75567041114
75793541633
75793697385
75793537538
75793701480
75835738726
75793697382
75768629865
75440155217
75498882457
75498882458
79743523425
79743523426
79743588961
79743588962
75498882713
75498882714
75498890897
75498890898
79832426852
79836748196
79903660644
79836748200
79903660648
79836748452
79903660708
79836748456
79903660712
79836752292
75524216484
75566257825
75524216488
75566257826
79815141444
79831918660
79814875400
79831849032
79814879496
79831853128
79815137352
79831914568
79815141448
79831918664
75768359521
75768621665
75768359522
75499932262
80030050961
80030050962
80030091946
80029772449
80029772450
80029837985
80029837986
75525085704
75592194568
75525089800
75592198664
75525270100
75592378964
75525270104
75592378968
74450315298
74450380834
74450380818
74450360338
74450360353
74446121026
74446120978
74446116888
74450311186
74446186530
79760304786
75524315204
75499129258
75499129514
75591473410
75524368648
75591477506
75519858946
75520121090
75519863042
75520125186
75524299016
75587229954
75524303112
75587234050
75520104968
75520109057
74362292901
74362292886
74362292902
80013007521
80013007522
80013073057
80013073058
79744633449
79744633513
79744633450
79744633514
79819778724
79836555940
79819778728
79836555944
79819840148
79819840152
79832816280
79836617368
74366485925
74366485926
74366470549
74366470550
74366753426
74367519381
74367519382
74367519397
74367519398
74367535765
75591424257
75524216420
75524216424
75566253669
75566253670
75524213093
75524213097
75524213349
75436288673
75436288674
75436305057
75436305058
79831930916
79832308392
79831935012
79836129316
75524212310
75437345445
75437333154
79761611425
79761611426
79761672869
79761672870
75540998564
75587685013
75566328225
75540998568
75566328226
79832549802
79832550058
79760288353
75591977365
75591977369
79760353889
79760288354
79760353890
75591912037
75591912101
75591912041
75591912105
75709696601
75709696602
74534906532
74534906536
74468043432
74467420418
74467416328
74467420424
74534524946
74534529042
74631785105
74631785106
79744821905
79744821906
79744879257
79744879258
75440220561
75440236945
75440220562
75440236946
75440220577
75440236961
75440220578
75440236962
75436300706
75436022161
79760558505
79760558506
79743834786
79743523233
79743588769
75499940513
75500202657
75499940514
75500202658
79743523234
79743588770
79743527265
79743592801
75524118792
75524122888
75541092610
75566324066
75541096706
75524380936
75591489800
75591493896
75541776742
74446825876
74446825880
74451020180
74451020184
75520022948
75520022952
75566242209
75566242210
75520023140
75566242401
79760550546
75520023144
75566242402
79744567658
74363333266
74363349649
74363349650
74366486937
74366486953
74366486938
74366486954
75437075026
75437091410
75591473172
75591477268
75591489556
75591493652
75591912021
75591912025
75591912085
75591912089
75608640085
75608640089
79743781541
79743781542
75498956449
75499210409
75498956450
75499210410
79814891652
79814895748
79815580072
75793705636
75793705640
75835746977
75835746978
75793586690
75793697430
75793590786
75793697434
74363275686
79760623269
79760623270
75768437409
75768437410
75768695461
75768695462
74366486117
74366473826
74366486118
74362291817
74362283618
74362291818
75524119042
75524381186
75524123138
75524385282
79836752532
79899527785
79836752536
79899527849
75524123140
79831668996
79831673092
79836109057
79760550561
79760550562
79760616097
79760616098
79836113153
79831931140
79831935236
75567045025
75567106661
75567045026
75567106662
79760550481
74468141569
74468297317
74468297321
79760616017
79760550482
79760616018
75541776998
75541777002
75592108438
75592108694
75592108442
75592108698
75587684774
75587684778
75591879062
75591879066
75591879078
74534898069
74534898085
74534898073
74534898089
79814875656
79814879752
79831849096
79831853192
79815137416
79815141512
79831914632
79831918728
79832635906
75608639829
74451061094
74451061098
75587689108
75591883412
75587689112
75591883416
75587689124
75591883428
75587689128
75591883432
75587676820
75591871124
79760283298
103643785766
79836899842
148539320996
148555999908
148539321000
148555999912
74446117000
74450360360
74446121096
74450364456
74446182440
74450376744
74446186536
74450380820
74446116936
74450360344
75524216468
75499144857
75499144858
74362280609
74362296993
74362280610
74362296994
74450622600
75520121096
75587229960
75520125192
75587234056
75519859204
75524299265
75519863300
75524303361
74367535781
74367535766
74367535782
74367519385
74367535769
74367527521
74367535721
74446825816
74446834025
74446825828
74451020132
74446825832
74451020136
74446825812
74446834009
74446842200
79743772305
79743829657
79743772306
79743829658
79837006442
79735188113
79735188114
79735204497
79735204498
79735188129
79735188130
79735204513
79735204514
79732042385
79732058769
79899461978
79903721830
79903721894
79903721834
79903721898
75500194474
75499932069
75499932325
75499932070
75499932326
75500001889
75499932053
75499932309
75499932054
75499932310
79819840084
79832705540
79819840088
79836617304
75587685014
75587685030
75440499346
75440482977
75440482978
75440499361
75440499362
75440474777
75440474778
75440474793
75440474794
75440491161
75608656534
75608656538
75705445009
75705461393
75705445010
75705461394
75498866021
75498866022
75498866278
148538562824
148555536456
148538566920
148555540552
75525008036
75525008040
75592116900
75592116904
79832553892
79899466340
79832553896
79899466344
79832554148
79899466404
79832554152
79899466408
79832557988
79899470436
75608640166
75608640170
75705764506
75705510545
75705510546
75541096520
75524380744
75524384840
75541157912
75541162008
75768367509
75768367510
75768367765
75768367766
79819086088
79819090184
79836059720
79836063816
79819348040
79819352136
79836125256
79836129352
79836744038
79836744042
80029837922
75567041189
74450638978
74450643074
75436018329
75587217921
75520891396
75520895492
75588004356
75521071700
75521071704
75588180568
75520813396
79760353873
79760353874
97184213545
97184229929
97184213530
97184229914
97184213546
97184229930
92889311769
92889311785
92889328153
92889328169
75437271649
75437279849
74366478753
75440154273
75440170657
79815584164
79815584168
79760557673
79760557674
79760557737
79760557738
79760565921
79760565922
79760623273
79760623274
79760558697
79760558698
79743769169
79743769170
79743834705
79743834706
80030046881
74467158033
80030108325
80030046882
80030108326
75436213909
75436213910
75436213926
75436230293
75436230294
75436230310
75436213913
75436213929
148535028388
74362542497
74362542498
74362558881
74362558882
148556491428
79743789729
79743789730
79899535780
79743855265
79743855266
148538824836
148539251368
148538828932
148555606052
74366495313
79899527782
79899527846
79899527786
79899527850
74467805797
74467805785
74467805801
74467805798
74467805802
74451061333
74451061397
74451061337
74451061401
74467789397
79832717825
79832721921
79832812197
79832812201
79836834305
79837006421
79837006425
75440416401
75440416402
75440432785
75440432786
79815137316
79815141412
79815531160
79819335716
80029780569
80029780570
79819840104
75587684758
75587684762
79760304785
75705445026
75705461410
75705440913
75705457297
75705440914
75705457298
75709639313
75709655697
75709639314
75709655698
79743764069
79743764070
79743764134
79743784593
79743784594
79743829670
79743764073
79743764137
75520973313
75521067685
75520977409
75521067689
80012991073
80013056609
79760623973
79760624037
79760623974
80012991074
80013056610
80012991137
80013056673
75835730529
79836846600
79836850696
79903730020
79903730024
75499940257
75499940258
75499997801
75499997802
75566254442
75566254698
75524999578
75524999834
75525151233
75525261973
75525155329
75525261977
74366487193
74366487194
74363329169
74363345553
74363329170
74363345554
74363329185
74362563217
74367781525
74367781541
74367781526
74367781542
74366737041
74366753425
74366737042
74366737057
74362217889
74362234273
74362217890
74362234274
74362213777
74362230161
74362213778
74362230162
74362213793
74362230177
74363267473
79743526482
79743592018
75499936161
75499997797
75499936162
75499997798
75499936417
75500198561
75499936418
75500198562
75499936337
75500178021
79819844260
79819844264
79836621476
79836621480
75793603076
75810474597
75793607172
75810474601
75541092481
75541096577
75541157921
79836129346
75793705576
75835738729
75835738730
79761607273
74362275225
74362275241
74362275226
74362275242
79761607337
79761607274
79761607338
74362280273
74362280274
97180084761
97180084777
97180101161
75540896257
75541158401
75540900353
75541162497
79743773025
79743773026
79743838561
79743838562
79814896132
79831869572
75542039141
75542039145
75525008020
75592116884
75525008024
75592116888
75498953121
75499215265
75498953122
75499215266
75435973217
75435973218
75437005409
75437005410
75437021793
75437021794
75435955794
75435972178
75435955793
75437087314
75519862276
75520022120
75566241378
75519858180
75524212309
75520026212
75566245473
75524212313
75519862280
75524212314
75524315268
75524319364
75541092484
79760288401
79760288402
79760353937
79760353938
79743506001
75789511268
75789511272
75835730530
79743506002
79743571538
79743506065
79743506066
74451126629
74451126693
148538828872
79743847017
79743847081
79743847018
79743847082
79731976865
79731993249
79731972753
79731989137
79731976850
79731993234
79731976866
79731993250
79731972754
79731989138
79730928290
79730944674
97180035370
75587217426
75587229714
75587233810
79743523473
79743523474
79743589009
79743589010
75591862934
75591862938
75591879317
75591879333
75587668634
75587668650
75587295250
75587299346
75591473170
75591477266
75440219793
75440219794
75440236177
75440236178
75440219809
75440219810
75440236193
75440236194
75440474521
75440474522
75499924065
75499924066
75500186209
75500186210
79836752552
79761410665
79761410666
79761410730
74635889049
74635889050
74446834070
74446834074
74446834086
74446834090
74635905433
74635905434
75521067622
75521067626
75588016642
75588020738
75588176486
75588176490
79832717826
79832812198
79832721922
79832812202
79903722086
79903722090
79903722150
79903722154
75768433065
75768433321
75768433066
75768433322
74366490258
74366473889
74366473890
74367539858
74367539873
74367539874
74366732693
74366732694
74366749077
74366749078
80012995169
80012995170
80013060705
80013060706
75525266084
75525266088
75592374948
75592374952
92885133593
92885133609
92885117210
92885117226
92885133594
92885133610
97180019225
97180035609
97180019241
97180035625
79761353313
79761353314
79761418849
79761418850
75567049377
75591879270
75591879274
75567311521
75567049378
75567311522
79832705538
79831668994
79831673090
79831931138
79831935234
79836109064
79836113160
79899039810
79899043906
79832549798
79760303713
79760303714
79760369249
79760369250
79760303777
79760303778
79760369313
79760369314
79760558441
79760558442
79743519337
79743519338
79743519402
79819774548
79819774552
79831656961
79831919105
75436037730
75436025425
75436041809
75437263445
75437263446
75437263461
75437263462
75437267553
75437267554
75437279845
79744830053
79744830054
79744830117
79744830118
75540997796
75566319273
75540997800
75566319274
148555983528
75566262881
75566262882
75524221540
75524221544
79815645608
79832422824
79760287393
79760352929
79760287394
79760352930
75541547606
75541547622
75541547610
75541547626
75540990565
75540990569
75566319973
75566319974
75566320229
75566320230
75524217252
75524217256
74632026785
74632039077
74632026786
74632039078
74632022681
74632022697
74636216985
74636217001
74636216986
74636217002
75440490918
75440490917
74451061081
74451126614
74451126678
74451126618
74451126682
74467805526
74467805542
74467805530
74467805546
74451061145
75540990570
75436304785
75436304786
75436304801
75436304802
75436033689
75436033690
75436018330
75437066905
75437083289
75437083290
80004672162
80004688546
75498948969
75498949225
75498948970
75498949226
75499215457
75499215458
75541157908
75524384836
75524315272
75541092488
75524319368
75541096584
75524384900
75541162020
75524380804
75541157924
75498953313
75498953314
75498871457
75498871458
75499133601
75499133602
75541547673
75541547689
75541547669
75541547685
79760562849
79760562850
79760628385
79760628386
79837014676
79903730324
79837014680
79903730328
75587299345
75587229826
75587295266
75587233922
75587299362
75591473186
75591489570
75591477282
75591493666
79832656386
79743522385
79743587921
79743522386
79743587922
79743522449
79743587985
79743522450
79743587986
79743526481
79743592017
79761590890
79899535972
74635975313
74635975314
74451135128
74467813992
75768375713
75768375714
75768433257
75768433258
75592260098
75592370838
75592264194
75592370842
75440154257
75440154258
75440170642
75435955857
75435972241
75435955858
75435972242
75435955873
75435972257
79832812134
79832812138
75541862916
75541867012
75608975876
75768433061
75768433317
75768433062
75768433318
75525085698
75525261910
75525089794
75525261914
75592194562
75592370774
75592198658
75592370778
75592108634
75524999769
79743518313
79743518314
79743518377
79743518378
79743583849
79743583850
79743583913
79760300705
79760366241
79760300706
79760366242
79743506017
79743571553
79743506018
79743571554
79743506081
79743571617
79743506082
79743571618
79743510113
79743575649
79760558758
75437066645
75437066661
75437066646
75437066662
74366495377
74366478994
74366495378
74366479009
74366495393
74366479010
74366495394
74362301089
74362284706
74362301090
74631760297
74631760298
75524299272
75524303368
75587230210
75587234306
79831668993
79831673089
79831935233
79836109060
79836113156
79899043905
75566254762
79744572049
79744572050
79744637585
79744637586
80029837906
74635954837
74635954853
74635954838
74635954854
74635971221
74635971237
74635971222
74635971238
75541076228
75541080324
75587299585
75440154274
75440170658
74363263633
74363280017
74363263634
74363280018
75768371810
75768629862
75768375906
75768629866
75524217496
75499211110
75499211365
75499211366
74467350664
74467354760
74450638984
74450643080
74467416104
74467420200
74468137474
74468141570
74468297318
74635963025
75498887585
75499149729
75498887586
75499149730
75498887841
75499149985
75498887842
75499149986
148538563080
148555536520
148538567176
148555540616
79832820372
79832820376
79899536020
79899536024
74362279569
79760546145
79760546146
79760611682
79832558180
75437066906
75437066921
75437066922
74362218129
74635893154
74635909538
79819331716
79832554136
79819335812
79836113028
74631760469
74631760470
74631760485
74631760486
74631764577
74631764578
74631776869
74631776870
74446116932
74446121028
75587213330
75587668374
79743575457
79743509922
79743575458
75441285729
75441285730
75525167620
75592108377
75592108629
75592108633
75520809316
75520809320
75608639830
75587918180
75587918184
75520809572
75520809576
74450380932
74467158049
74366469785
74366469786
75524807252
75541535316
75524807256
75541535320
75542039142
75542039146
75608988162
75608992258
75609148006
75609148010
75525167624
75525171720
75592276488
75592280584
75566328401
75540998740
75540998744
75566328402
74366732698
74366732714
75567028833
75567028834
75567290977
75567290978
74366753186
74366409377
74366409378
74366425761
74366425762
74367457953
74367457954
74367474337
74367474338
74366408337
74366408338
75566254501
75566254502
75566254758
79743511185
74446444568
74446448664
74450638872
79743511186
79743576721
79743576722
74362209945
74362209961
74362209946
74362209962
74362226329
74362226345
74362226330
74362226346
74362542417
74362542418
75499915625
75499915881
75520813412
75587922276
75520813416
75499915621
75499915622
75499915877
75499915878
75499128422
75498866025
75498866281
75498866026
75498866282
75498866089
75436214697
75436214698
79760304722
79836895752
79903730260
79836899848
79903730264
79831919106
79831652610
79831656706
79831914754
79831918850
79831914760
79831918856
74363324822
74363324838
79899023426
79899027522
80029768289
80029768290
80029833825
80029833826
75609152100
79836912129
79837006501
79836916225
79837006505
148535011988
148535011992
148539206292
148539206296
91815586346
79899527766
79899527770
79899527830
79899527834
74362275477
74362275493
74362275478
74362275494
79743789410
79743854946
75436300945
75436300946
75519923716
75519927812
75540989525
75540989529
75520022180
75520022184
75566241441
75566241442
75540990293
74631764625
74631781009
74631764626
74631768721
74631768722
74631768737
74631785121
74631768738
75541781160
79761353297
74468297322
79761418833
79761353298
79761418834
74631768482
74631776682
75436017241
75436017242
75436017257
75436017258
75436033625
75436033626
75436033641
75436033642
75436018265
75436018266
79761332834
75524380692
75520190484
75524384788
75520120904
75524364312
75520186408
75524380712
75520125000
75524368408
75520186392
79903656277
79903656281
79903656341
79903656345
75591489604
75608266769
75591493700
75608270865
75436222113
75436222114
75436238497
75436238498
79819352084
79836613206
79836613270
79836613210
79836613274
75541075988
75541080084
75524364356
75524368452
75541092372
75541096468
79744813653
79744813654
79744813717
79744813718
74451130724
74467809684
74451130728
74467809688
74451130788
74467809700
74451130792
74467809704
74451134884
74467813796
74450622497
74450638881
74450626593
75498891681
75499153825
75498891682
75499153826
75524221524
75524221528
148724148897
148724148898
148724165282
74451016100
74451016104
75524868502
75524868506
79836613221
74468301396
74468301400
74534918504
74468305492
74534922596
74468305496
74534922600
74446182913
74446187009
74366469529
74366469545
74366469530
74366469546
75436026465
75436042849
75436026466
75436042850
75440155025
75440171409
75440155026
75440171410
75440155041
75440171425
75440216482
75440232866
75435960738
75435977122
75436222097
75436222098
75436238481
75436238482
75436280409
75436280410
75768371617
75768433253
75768371618
75768433254
75768371873
75768634017
75768371874
75768634018
79760284065
79743510881
79743576417
79743510882
79743576418
79743510945
79743576481
79743510946
79743576482
79760284066
79743518297
79819844180
79819844184
79836621396
79836621400
74362276505
74362276506
74362276521
74362276522
79814895880
79831869512
79815153736
79831930952
75524368514
79815157832
79831935048
79814892036
79831865476
75437279850
74362538345
74362538346
75525270164
75592379028
75525270168
75592379032
79832426856
79832312468
79836506772
79760624025
74451131048
74467809960
79819069700
79819073796
79831656705
79831869697
79819331652
79819335748
79831918852
79836112964
79819778660
79819778664
79836555876
79836555880
75525102088
75592210952
75525106184
75592215048
75525270116
75592378980
75525270120
75592378984
75608988161
75609148005
75608992257
75609148009
75524302914
75524368450
75541075986
75541092370
75541080082
75541096466
75524298882
75524364418
75524302978
75437005217
75437005218
75437021602
75437021601
75524315201
75524319297
79760624233
79760624297
79760624234
79760624298
79814895688
79831672904
79814826116
79815580008
79814830212
79819073665
79831672964
79760370082
75519924737
75519928833
75520186881
75520190977
75541076484
75541080580
75440482913
75440482914
75441269329
75441285713
75441269330
75441285714
75441269345
75441269346
97180019226
97180019242
97180035610
97180035626
75524217508
75566258849
75524217512
75566258850
79743781529
79743781530
79743847001
79743847002
79743847065
79743847066
79743773281
79743773282
79743838817
79743838818
79744571985
79744637521
79744571986
79744637522
75608885605
75608885609
75608885861
75608885865
74362218897
79760299618
75524106498
75524368642
74450622504
74450626600
74446444584
74446448680
74450638888
74450642984
74468121090
74468125186
74468297302
74468297306
74362291861
74362291877
74362291862
74362291878
74362275481
74362275497
79743511121
79743511122
79743576657
79743576658
75499144806
75498882409
75498882665
75498882410
75498882666
75498890849
75499144809
75498890850
75499144810
75524052481
80030050977
80030050978
80030108329
80030108330
75436279449
75436279465
75810380290
75810474662
75810384386
75810474666
80029772385
80029837921
80029788818
74450364440
74450380824
74450380836
74450376740
74450376728
74450360356
74446121032
74446121000
75519842562
75520104706
75519846658
75519863044
75524303105
75520121092
75587229956
75520125188
74363259541
74363259542
75541879304
75541883400
75608988168
75608992264
79744567913
79744567914
79744567977
79744567978
79819086344
79836059784
79819090440
79836063880
75520973320
75520977416
75588082184
75588086280
75435955809
75435955810
75435972194
75440474789
75519928840
75541076482
75541080578
75520186888
75520190984
75587295752
75587299848
75541862914
75541867010
75542039126
74362227098
74450622532
74467350545
74450626628
74467354641
74450360578
74450622530
75520190500
75524384804
74450360340
75591977573
75591977577
75587234052
75519858952
75524299010
75519863048
75524303106
79761353361
79761353362
79761418897
79761418898
79836744358
79836744362
75705440930
75705457313
75705457314
79760545378
75608885670
75608885926
75608885674
75608885930
79761402530
75520567972
75524762276
75520567976
75524762280
79903656278
79903656342
75441461921
75441478305
75441461922
75441478306
79903656282
79903656346
75525003684
75525003688
75592112548
75592112552
75441281698
79744576161
79744576162
79744641697
79744641698
75540990310
75587668390
75587668378
75587668394
75540990566
75540990314
74362279570
74362295954
74362279585
74362295969
74362279586
74362295970
74366473873
74366490257
74366473874
75540994660
74467350657
75566324321
75591489794
75591493890
79760284305
79760284306
79760349842
74446821780
74451016084
74446821784
74451016088
74362291866
74362291881
74362291882
74366486165
74366486181
74366486166
74366486182
74366486169
74366486185
74366486170
75436026514
75436042898
75440216721
75440233105
75440216722
75440233106
75440216737
75440233121
75440216738
75440233122
75436223057
75436239441
74450622536
75709700770
74366469718
79743507041
79743572577
79743507042
79743572578
79743507105
79743572641
79743507106
79743572642
79743511137
79743576673
75436280405
79760550497
79760550498
79760616033
79760616034
148535024276
148535024280
148539218584
80029788753
80029788754
80029854289
80029854290
74362300754
79899429286
79899429274
79899429290
75498948201
75498890658
75498948202
75608639833
75498890913
75499153057
75498890914
75499153058
75524118020
75540989541
79743785569
79743785570
79743851105
79743851106
79831669250
79831931394
79831673346
79831935490
75441523349
75441523365
75441523350
75441539754
75441527457
75441539749
75437329045
75437329061
75437091474
75437075105
74451032468
74446838168
74451032472
74446838180
74451032484
74446838184
74451032488
74446842260
74451036564
75540997732
75566253737
75499144870
75498882469
75498882725
75498882470
75498882726
75498952289
75499144869
75498952290
74362279329
75541539432
75591473192
75591477288
79744572001
79744637537
79744572002
75520108568
75524302872
75520120856
75524315160
75520124952
75524319256
75520104484
75520563800
75520108580
75524302884
74631764641
74631781025
75524999509
75524999513
75524999765
75592108373
75440412321
75440412322
75440428705
75440428706
79832820324
74446116993
74446121089
74446182433
74446186529
74450364449
74450376737
74450380833
74451134868
74451134872
74631781026
79743837857
74362209641
79743837858
74450360834
74450622594
74450364930
74450626690
75567032993
75567032994
75567295137
75567295138
79732312741
79736498850
79732296341
79732296342
79732296358
79732300450
79732312742
79735450257
79735450258
79735466641
75567032673
75567032674
79899462042
79899461990
79899461994
79899462054
79899462058
75437025938
75437009569
75437009570
75437025953
75437025954
75435959953
75435959954
75435976337
75435976338
75435959969
79760299617
79760365153
79760365154
75436033449
75436033450
79837010532
79837010536
79903725992
74366486121
74366486122
74366487129
74366487130
74366487145
74366487146
74366470745
74366470746
74366470761
74366469721
75524052482
75524212326
75524056578
79903721817
75524212330
75519858756
75519862852
75524106260
75519924244
75587229764
75587233860
75587672724
75587672728
75591867028
79814891588
79814895684
79831672900
79814826056
79819069506
79814830152
79819073602
79814891592
79831668808
75436219041
75436219042
75436235425
75436235426
74635893137
74635893138
74635893153
74635909537
74366732629
74366732630
74366732646
74366732645
75541531226
75524803158
75524803162
75541531242
75789343236
75789347332
75793697365
75793697369
75789507172
75789507176
75835726433
75835726434
75525266004
75525266008
75525089796
75592198660
75519859201
75519863297
75520121345
75520125441
75524299268
75524303364
75436017305
75436017306
75436017321
75436017322
79760558761
79760558762
103643912805
103643912809
103643912806
103643912810
103643916901
103643916905
103643916902
103643916906
79819840100
79819069698
79819073794
79819331650
79819335746
79831865608
79831869704
79836108866
79836112962
79819770454
79819770458
79743781273
79743781274
79743846745
79743846746
79743846809
79743846810
79743511138
79743576674
79744620962
79744620961
75705764521
75705764522
74534914714
74534914730
75793697381
79760566945
79760632481
79760566946
79760632482
92885117466
92885133850
92885117482
92885133866
74366757265
74366757266
75524872788
75541551700
75524872792
75541551704
75524221336
75524221588
75524221592
75524101634
75524105730
75524212374
75524212378
75524220564
75524220568
75566253721
79731263898
75591871080
74450376834
74450380930
74450376840
74450380936
74467153954
74467158050
74451126630
74451126634
74451126694
74451126698
79743768993
79743768994
79743834529
79743834530
75588082178
75588086274
75588176550
75588176554
74468035174
74468035178
74534898070
74534898086
74534898074
74534898090
74468034917
148556491432
79744576098
79744641634
148555344130
75525261926
75525261930
75592210946
75592215042
75592370790
74631776934
75592370794
74451126613
79819086340
79899535784
79760284241
79760284242
79760349778
75591985832
75608664744
74467789461
74467789477
74467789465
74467789481
74451061350
74451061414
74451126886
74451126950
74451126890
74451126954
79743780458
79743780522
79836617320
75499915942
75499919713
75499919714
75499932245
75499932246
80029788817
80029854353
80029854354
74366469781
74366469797
74366469782
74366469798
74366469722
74366469737
74366469738
79760566625
79760632161
79760566626
79760632162
75709700769
75709717153
75709717154
75541776746
75608885606
75608885862
75608885610
75608885866
75541879297
75541883393
79760558693
79760558757
79760558694
74635963026
74635979409
74635979410
75499129194
75499129450
74635962785
74635962786
79836109320
79899039874
79836113416
79899043970
74362234513
74362218130
74362234514
74362218145
74362234529
74362218146
74362234530
74366424721
75541785252
75608894116
75524999589
75524999845
75524999593
75524999849
75592108453
75592108709
75592108457
75592108713
75524999590
75524999846
80012991138
80013056674
79744633433
79744633497
79744633434
79744633498
148556483174
79761595041
79761660577
79761595042
79761660578
75436223137
75436223138
75436239521
75436239522
79815531176
79815153700
79815157796
79819352100
74366477729
74366485929
74366477730
74366485930
74362275237
74362275222
75591879254
75591879258
79761349281
79761349282
79761414817
79761414818
75524221348
75524811348
75541539412
75566262689
75524221352
75566262690
79743592865
79832549734
79832549786
79832549738
79832549994
79743583914
75591911785
75591911849
75436283553
75436295845
75436283554
75436295846
75440220769
75440237153
75440220770
75440237154
74451061158
74446834069
75520567892
75524762196
75520567896
75524762200
75520567908
75524762212
75520567912
75524762216
75520584276
75524778580
75498948182
75498870433
75499132577
75498870434
75499132578
75498874273
75498948185
75498874274
75498948186
75436219025
75436235409
75436219026
75436235410
74363325098
75608640090
75608640106
75591977637
75591977641
75608656533
75608656549
75608656537
75608656553
79814875652
79814879748
79815580248
74366486874
74366486890
75437009490
75437025874
79743781285
79743781286
79832328856
79836523160
75524220516
75566253673
75498882405
75498882661
75498882406
75498882662
75499153746
148556323330
79836744085
79836744341
79836744089
79836744345
79903656533
79903656597
79903656537
79903656601
79836744086
79836744342
75541530966
75541530970
75541530986
79760370018
79732054690
79732042386
79732058770
79736236706
79736253090
79736236689
79736236690
75705772705
75705780905
75705772706
75705780906
148556483241
74363263329
74363275621
74363263330
74363275622
75498886753
75498886754
75499144805
75524872852
75524872856
75541551716
75541551720
75591985572
75591985576
75608664484
75608664488
75524868518
75524868522
75541547414
75541547418
75709696409
75709696410
79819778708
79819778712
79836555924
74635905690
74635905706
74635897249
74635897250
74635913633
74635913634
79760545441
79760545442
79760610977
79760610978
75441269394
75441285778
74367461777
74367461778
74367478161
74367478162
74367461793
74367461794
74367478177
74367478178
74366486873
74366486889
79819090056
79835863170
79835867266
79819835750
79819835754
75524102658
75524364802
75524106754
75524368898
79819835814
79832558228
79899470484
79832558232
79899470488
79760566689
79760566690
74362226069
74362226070
74362226086
79760632225
75440474517
75440474518
75440474533
75440474534
75440490901
75440490902
75440232097
75440232098
75441265297
79831935000
75524807332
75524807336
75541535396
75541535400
74450377220
74467350660
74450381316
74467354756
79760288417
79760288418
79760353953
79760353954
75567106646
75436022177
75436038561
75436022178
75436038562
74366732965
74366732966
74366749333
74367785633
74367785634
74366731925
74366731926
74366731941
92889311513
92889311529
92889327897
92889327913
92889311514
92889311530
92889327898
79743769249
79743769250
79743834785
75524122116
75524298820
75524302916
75540989545
74446817946
74446817962
75436296601
75436296617
75540990297
75540990549
75540990553
75499137633
75498875490
75499137634
75524868774
75524868778
75524213082
75524213334
75524213338
75566254425
75566254426
75566254681
75566254682
75519858184
74362215073
74362231457
74362215074
74362231458
79760365217
79760365218
79760558437
79760558438
79760558501
79760558502
74468305572
74534922916
74468305576
74534922920
80013265513
80013265514
80013265577
80013265578
75609053698
75609148070
75609057794
75609148074
74534898026
74534914393
74534914409
74534898025
74468034902
74468035158
74468034906
74468035162
74534898006
74534898022
75441277529
75441277530
75441277546
75520584360
79903721814
79903721878
79903721818
79903721882
75540895233
75540899329
75540989605
75540989609
75540993700
75540993704
75566319269
75566319270
75540990373
75540990377
75540998500
75540998504
75566328161
75566328162
74362276517
74362276518
74362292885
74363325077
74363325078
74363325093
74363325094
75591489608
75608266770
75591424066
75591489602
75591428162
75591493698
75591493704
75608270866
75591424130
75591489666
74534918568
74468301412
74468301416
74534918564
75437083285
75437083286
75437083301
75437083302
75541785188
75541785192
75608894052
75608894056
75498883685
75498883686
75499145573
75499145574
75499145829
75499145830
74446838436
74446838440
74451032740
74451032744
74446838164
75520813732
75520813736
75587922596
75587922600
79837014692
79837014696
79903730340
79903730344
75440433745
75440433746
75608640165
75608640169
74446182418
74446186514
74450376722
74450364434
74446182434
74467154178
74467416322
79760624218
79760624281
79760624282
79899535976
75567040870
75567041126
75436018282
75440474725
75440474710
75440474726
75541776730
75541776986
75608885590
75608885846
75608885594
75608885850
75541862913
75542039125
75541867009
75542039129
75437070993
75437070994
75437087377
75437087378
75789511336
74366477985
74366494369
74366477986
74366494370
75524999530
75524999525
75524999781
75524999529
75524999785
75524118017
75524212389
75524122113
75524212393
75541080081
75541096465
75524298818
75524364354
75591473409
75591477505
75524364546
75524364552
79819069697
79819073793
79743507025
79743507026
79743572561
79743572562
79835863298
79836125442
80029784737
74446182420
74450376724
74446186516
80029850273
80029784738
80029850274
79760562785
79760628321
79760562786
79760628322
75793603080
75793607176
75810474598
75810474602
75793705572
74362296738
74362280353
74362296737
74362280354
75519858945
75519863041
75520125185
79836125700
79903234177
79836129796
79903238273
79743773345
79743773346
79743838881
79743838882
148534630436
148535007912
148534634532
148538828836
75587693156
75591887460
75587693160
75591887464
75591473169
75591477265
75591493649
75587229762
74467354690
74467420178
74450311298
75524315396
75524319492
75591428353
75524053250
75524315394
79836621416
79819778644
79832705537
79819778648
79832812185
75441199761
75441199762
75441216145
75441216146
75608656278
75436026273
75436026274
80029772129
80029772130
80029780378
79760348769
79760348770
79760283297
74467154434
74467158530
74534914457
74534914469
74534914473
74468203010
74468207106
74468297382
74468297386
74534914710
74451130708
74451130712
74467809624
79836613209
74468035173
74468034921
74468035177
75499932073
75499932074
79819069954
79819331714
79819074050
79819335810
79832652296
79832656392
79899535716
79899535720
74367457937
74367457938
74367474321
74367474322
75499932330
74366413217
74366429601
74366413218
74366429602
75499923873
75499923874
75499997785
75499997786
148539320932
148555999892
148539320936
148555999896
75435960977
75435960978
75435977361
75435977362
79735466642
75592276484
79836846594
79836850690
79837006438
75520567720
75524762024
79819086337
79819348097
79819090433
79819352193
79836547418
79836547482
80013273761
80013331113
80013273762
80013331114
74450364433
75440150161
75440150162
75440166545
75440166546
75440150177
75440150178
75440166561
75440166562
75440167586
75440474453
75499919953
75500178005
75499919954
75500178006
75540896258
75540900354
75541158402
75541162498
75541158408
75541162504
75608267266
75608271362
75541944834
148623100266
74362209690
74362210666
74362227033
74362227034
74362227050
74363259241
74363259242
74363259225
74363259226
74363267425
75436017301
75436017302
75436017318
75436033685
75436033686
75436033702
75436025250
75810482772
75810482776
75835722410
75541096481
75541076001
75541080097
74366491298
74366749094
74367523489
75498890833
75498890834
75499128425
75499128426
75498867049
75498867050
75499129178
75498867033
75498867034
74362217873
74362234257
74362217874
74362234258
79743522210
79743583654
79743518057
79743518121
79743518058
79743518122
79743526305
75440491157
75440491158
75498886737
75498886738
79819774628
79819774632
79836551844
79836551848
75587299348
74534898341
74534898345
74451061157
74451061161
74467789205
75524119044
75541092865
75524057345
75524315393
75524319489
79731254945
79731254946
75441466017
75441466018
75441482401
75441482402
75768371809
75768629861
92885117209
92885117225
79760348833
79760348834
79760558421
79760558422
79760558485
79760558486
74446834325
74446834329
74446834341
74446834345
75520805286
75520805290
75520805546
74451126617
74451126677
75436026529
75436042913
79831918628
79836112932
79899043864
79903238162
75541096513
75541162001
75524122690
75524118600
75540895762
75524122696
74366478930
74363263649
79743846761
79743846825
79743846762
79743846826
79819085892
79819089988
79835867201
79819020354
79819085890
79819024450
79819089986
74451061349
74451061413
74451061353
74451061417
75540990309
75540990313
79819836006
79819836010
79819836070
75520104472
79743507089
79743507090
79743572625
79743572626
74366478690
74366495073
74366495074
74366478689
75608890024
79832427156
75591920228
75591920232
75499940433
75499940434
75587230216
75520121352
75810478696
75436280425
75436280426
80030042725
80030042726
80030042789
80030042790
75542047396
75609156260
75542047400
75587229828
75591473188
75587233924
75591477284
75587295268
75591489572
75587299364
75591493668
74366486933
74366486949
74366486934
74366486950
79761410649
79761410650
79761410714
79815649956
79832427172
79815649960
79832427176
80013257313
79815645540
74534898021
74468137476
74534918548
74468141572
74534918552
74468039012
74534902164
74446120977
74446116884
74446120980
74450315281
74446100497
74446104593
74446100513
74446116897
79735200402
79735184033
79735184034
79730928273
79730944657
79730928289
79730944673
79730989730
74362283617
75542043236
79731009169
79731009170
79730992801
79730992802
79731009185
79731009186
79730993809
79730993810
79731010193
79731010194
79744633445
79744633446
75521071780
75521071784
75588180644
75588180648
75520907780
75588016644
75520911876
75588020740
91811310105
91811326489
91811310121
91811326505
91811310106
91811326490
75440490150
75440477857
74362209689
74362209705
75436288657
75436288658
75436305041
75436305042
75436279450
79903656549
79903656553
79903656613
79903656617
75540896002
75541158146
75540900098
75541162242
79743519321
79743519322
79743519386
79899039812
79899043908
79831669000
79836109058
75540993640
75566253733
75566253734
74367519402
75436280421
75436280406
75436280422
75441203793
75441203794
75441220178
79744637538
75524220580
75524364360
75541092376
75524368456
75541096472
75566261921
75524220584
75566261922
79760624026
79744559761
79744625297
79744559762
79744625298
75541780836
75608889700
75541780840
75608889704
75541781092
75608889956
75541781096
75608889960
75541784932
75608893796
75524118785
75524122881
75524380929
75524385025
75520109058
75519842561
75519846657
75520108801
75520104708
75520108804
75587217665
75520109064
75566254741
92889262377
92889245978
92889245994
92889262362
92889262378
97184213273
97184213289
97184229673
79836125697
79836129793
75709967010
75709975210
75709967009
75709975209
74450380865
74450376772
74467153937
74450380929
74450376836
74450311297
74450376833
74366413153
80004606625
80004606626
80004623010
79760287330
75524364328
75524368424
75524384808
75520120968
75520125064
74366470741
74366470757
74366470742
74366470758
74366487125
74366487141
74366487126
74366487142
74362276437
74362276453
79743780457
79743780521
79743788705
79743788706
79743846057
79832717832
79832721928
75435960722
75435977106
75435960737
75435977121
79761336673
75567032914
79761353122
75436038545
75436022162
79761336674
75567041129
75498891618
75499153762
75793701540
75835742881
75793701544
75835742882
75541547625
74362292889
74362292905
74362292890
74362292906
79760546465
79760546466
79760612001
79760612002
75498883417
75498883673
75498883418
75498883674
75499145561
75499145817
75499145562
75499145818
75524213077
75436022433
75436038817
75436022434
75436038818
75435956881
75435973265
75435956882
75435973266
74367519317
74367519333
75498871137
75499133281
74362235281
75498871138
75436231002
75436231018
74451135076
74451135080
74467814036
74467814040
74451135140
74451135144
74467814052
79836125224
148555606532
79760366225
75437337250
75437345450
75520584280
75524778584
74366470762
74366477921
74366477922
74468137473
75591912038
75441466001
75441482385
75441466002
75441482386
75435973026
79743506785
79743572321
79743506786
79743572322
75705707153
75705707154
75705723537
75705723538
75705707169
75705707170
75587229768
75587233864
75591473176
75591477272
79899412826
79899412842
75519924740
74451065444
74467793556
74451065448
74467793560
79831931016
79831935112
79836830210
79836834306
79837006422
79831673096
75567040933
75567040934
79836113154
79831931144
79831935240
79899039816
75440490922
75567028641
75567028642
75567106645
75520027236
75566246497
75520027240
75566246498
75440478609
75440478610
75440494994
75524119048
75524123144
75541092866
75541096962
75524381192
75524385288
75591490056
75591494152
75541879298
75541883394
74367519334
75566319957
75566320213
75566319958
103660558885
75436017045
75436017046
75436017062
103660558886
103660562981
103660562982
74362292582
75566254697
79832361380
75540994404
75540994408
75566324065
75567041173
75567041174
75524213417
75567303317
75567303318
75567110753
75567110754
75524299012
75524303108
74363275690
74362545825
74362554025
74362537638
74362541729
74362554021
74362541730
74362554022
74362537626
74362537642
74362537621
75709704865
75709704866
75709721249
75499211093
75499211094
75499211349
75499211350
75810478692
75835738789
75835738790
75541531286
79760624229
79760624230
79760624293
79760624294
79815649940
79815649944
75437083305
74366474849
74366474850
74366491233
74366491234
75437083306
75498887505
75499149649
75498887506
75499149650
75440220754
74362280337
74362296721
74362280338
74362296722
74367527329
74367535529
75440417425
75705768609
75705768610
75705780901
75705780902
103643654569
103643654570
74467416578
74467420674
79761599137
79761599138
79761664673
79761664674
74366469734
75567049121
75567106665
75567049122
75567106666
74451134820
74451134824
74467813780
74467813784
75437066841
75437066842
75437066857
75437066858
74366736801
74366736802
74366753185
75498957409
75498957410
75499219553
75499219554
74367527585
74367527586
75437263509
75437263525
74366469525
74366469526
74366469541
74366469542
74366473633
74366473634
75524056577
75524212325
75524212329
75441203809
75441203810
75441220194
75591911782
75591911786
75591911850
75591911846
75440478881
75440478882
75440474537
75437091473
75437075090
79731255970
79731272354
75437329046
79743523169
79743588705
79743523170
79743588706
74534902168
79743527585
79743593121
79743527586
79743593122
75566262673
75566262674
75524221332
74468039016
75498948005
75498948261
75498948006
75498948262
74446822036
74446822040
74451016340
74451016344
74446182436
74446186532
75591981668
75591981672
75608660628
75608660632
75566262866
75566262865
79836752296
79903664740
79903664744
74446444580
74450638884
74446448676
74450642980
74451135064
74467813976
74451135124
74446186760
74450626584
74467813988
74451065432
75437070945
75437070946
75437087329
75437087330
75440474709
92885068314
74366474657
74366491041
74366474658
74366491042
75566254438
75566254694
74450376776
79731993233
79730927250
79730943633
79730943634
79730927265
75519924484
75541076225
75519928580
75541080321
75520186628
75587295492
75520190724
75587299588
75519924488
75541076226
79761336993
79744895653
75591489576
75591493672
75587295272
74467153938
75437075106
75437091489
75437091490
75437075089
75436025489
75436025490
75440237138
75436214634
74366473825
79761402529
79744567657
79836846593
79837006437
79836850689
79837006441
75709635217
75709635218
75709651601
75709651602
75709635233
75709635234
75709651617
75709651618
75591977557
74366740881
74366740882
74366740897
74366740898
74366757281
74366757282
74367519386
79760561825
79760561826
74635958945
74635958946
74635975329
74635975330
75587692948
75591887252
75587692952
75591887256
75587692964
75591887268
75587692968
75591887272
75524298881
75524302977
75768375969
75768375970
75768638113
75768638114
79899421332
79899421336
79899429529
79899429545
79899421348
79903615652
79903615656
79899039768
79836125208
75525106178
74363329186
74363345569
74363345570
74362275238
74362275221
75525003668
75592112532
75525003672
75592112536
75525003924
75592112788
75525003928
75592112792
75525007764
75592116628
75587676836
75587676840
75591871140
75591871144
79760611937
79760546402
79760611938
148538824776
148555601944
92885051690
92885068058
92885068074
97180018969
97180018985
97180035369
97180018970
97180018986
75567040938
75567041194
75567040937
75567041193
75587213346
75587229730
75587217442
75587233826
79761336913
79761336914
79761402450
74631702945
74631719329
74631702946
74631719330
79819331656
79836108872
79819335752
79836112968
75437267602
75440482898
75440499282
75440216673
75440216674
75440499298
75440478801
75440478802
75436239442
79743526497
79743526498
79743592033
79743592034
79743526561
79743526562
79743592097
79743592098
79744813658
79744813722
79760304721
79760370257
79760370258
75524380740
75541162004
74367527330
74367535530
75520584100
75520584104
75524778408
79836612954
79836613018
79743769233
79743834769
79743769234
79743834770
79743773265
79743838801
74450380872
74467158034
75566254761
75566328417
75567114849
75567114850
75567303337
75567303338
148724083361
148724083362
148724099746
79819835993
79819836053
79819836057
79832558184
79836613273
79832652292
79832656388
91815504425
74363341477
74363341478
75499148962
75498948965
75587688868
75587688872
75591883176
75498948966
75498949221
75498949222
75499211109
74468034986
74468035242
74534898326
74534898342
74534898330
74534898346
75499145641
75499145897
75499145642
75499145898
74366412177
74366428561
74366412178
74366428562
75435960929
75435960930
75435977313
75435977314
75441539750
79819090436
79744838305
79744838306
79744895657
79744895658
148538824840
148555601960
148538828936
148555606056
79815649876
79815649880
79832427092
79832427096
74362276265
74362276249
74362276250
74362276266
75608648340
75608648344
79836744106
74362214737
74362231121
74362214738
75436022354
75436038738
75436022369
75436038753
75436022370
75436038754
75436026449
75436042833
75440220753
75440237137
79815535252
79819729556
79815535256
79819729560
75498866009
75498866010
75498866265
75498866266
75520973314
75521067686
75520977410
75521067690
75524298817
75524302913
75524368449
74635909521
74635909522
75440220833
75440237217
75440220834
75440237218
75768367705
75768367706
79760623977
79760624041
79760623978
79760624042
74451126885
74451126949
74451126889
74451126953
79760562529
79760562530
79760628066
75436280470
75436280485
75436280486
75541776805
75541777061
75541776809
75541777065
75608885669
75608885925
80029780585
80029780586
80029780650
79760284257
79760284258
79760349793
79760349794
75520023204
75566242465
75520023208
75566242466
74451028374
74451028378
74451028390
74451028394
74362283666
74362300050
74362283681
74362300065
74362283682
74362300066
74366477969
74366494353
74366477970
74366494354
75437271697
75437271698
74366749081
74366749097
74366749082
74366749098
148556483178
79744571809
79744633253
79744571810
79744633254
79743527506
79743593042
75500178025
75500178026
80029788833
74467789141
74467789145
74467789157
74467789161
80029788834
80029854369
80029854370
75436041874
74362301025
74362301026
74363341413
74363329122
74363341414
74363329121
79743583846
79743583910
79836547686
79836547690
79836547754
75608640153
80013269665
80013269666
80013331109
80013331110
75440417170
75440433554
74631785122
74451069544
74451069540
74451069604
75498886561
75498948197
75498886562
75498948198
75498886817
79744567897
79744567898
79744567961
79814892040
79831865480
79814896136
79831869576
75540994664
75566324322
75524364424
75541092392
75524368520
75541096488
75591977317
75591977321
75591977381
75591977385
79761336977
79761336978
79761402514
79836744294
79836744298
74467813716
74467813720
75441199777
75441199778
75520809380
75520809384
75587918244
75587918248
75436041873
75437009505
75437025889
75437009506
75437025890
75524217448
74467153953
75566258786
74366487209
74366487210
75525007780
75525007784
75592116644
74366470569
74366470570
74366478754
75524778404
75520567700
75524762004
75520567704
75524762008
75520567716
75524762020
74635958882
74635954773
74635954789
75440495265
75440495266
75440474773
75440474774
75441527458
75435977297
75435960914
75435977298
75441531553
75441539753
75441531554
74363280034
74363280033
74362215057
74362215058
74362231441
74362231442
75524216472
75768371857
75768629909
75768371858
75768629910
75768367513
75768367769
75592112740
75436280149
75436280165
75436280150
75436280166
79836617316
75524118664
75591977642
74362218834
74362235217
74362235218
79899429206
79899429222
79899429210
79899429226
75709704785
75709721169
75709704786
75709721170
75709704801
75709721185
75709704802
75709721186
75587684950
75587684954
74366741153
74366741154
74366757537
74366757538
74451130980
74467809940
74451130984
74467809944
79744555666
79744621202
79744559697
79744625233
79744559698
79832558244
79832558248
79899470500
79899470504
79744625234
79743769185
79743769186
79743834721
79743834722
75525171714
75525261990
75525261994
79831652866
79831915010
79831656962
75542039130
75567049314
75524221288
75566262625
75566262626
75524213094
75524213098
75524213350
75524213354
75566254441
75436280473
75436280489
79815645604
79832361384
79815645544
79832422760
79815584100
79819835737
79815584104
79819835801
79744567894
74631699105
74631715489
74631699106
75524102184
74631715490
75436038546
74363267489
74363267490
74363283873
74363283874
74362276457
74362276458
74362276441
74362276442
74363333217
74363333218
79815649700
79832426916
75437271713
75437288097
75437271714
75437288098
75541776997
75541777001
79899531940
75525003864
75587234305
74450638916
74467416084
74450643012
74367469977
74367469978
74367469994
79831919112
79899023490
79899027586
79832701442
79832812182
79832812186
75500001890
75435959714
75435976097
79832816228
79832816232
79899531688
75499920033
75499920034
75500182177
75500182178
74450380868
74450315393
75436284321
75436284322
75436300705
75541547670
75541547686
75440151121
75440151122
75440167506
75440151137
75440151138
75435960913
75435956897
75435956898
75435973281
74366424722
79735446177
79735446178
79735462562
74366470565
74366470566
103643781673
103643781674
103643785769
103643785770
74450622498
74450622482
74450638866
74450626578
74450642962
74446182658
74446444562
74446444577
75498883689
75498883690
75436017049
75436017050
75436017065
75436017066
75541776741
75541776745
75498871121
75499133265
75498871122
75499133266
79760558681
79760558682
79760558745
79760558746
74467350658
74467354754
74467416098
74467420194
75835730594
74362210713
74362210714
75541862920
79732038289
79732054673
79732038290
79732054674
75608971784
75541867016
75608975880
75705526929
75705526930
74534914454
74534914470
79760304801
79760370337
79760304802
79760370338
75525167617
75525261989
75525171713
75437066649
75437066665
75525261993
74366495314
75520580180
75520580184
75524774488
79743781477
79743781478
79815584340
79815584344
79832361556
79832361560
75524315652
75591424513
75524319748
75591428609
75524053506
75524315650
75524057602
75524319746
75524315656
75591424514
79731246741
79731246742
79731246758
75441461905
75441461906
75441478289
75441478290
80029772369
79744821857
79744821858
79744830105
79744830106
75566319977
75591862678
75591862682
75566320233
75566319978
75566320234
74467797412
74467797416
75587299841
75541080584
75587299842
75541076488
75587295746
75519924481
75519928577
75520190721
74631764386
74631776678
75587693220
75587693224
74632022682
74632022698
74632030881
74632039081
74632030882
74632039082
74632022677
74632022693
74632022678
74632022694
75541076232
75587295490
75541080328
75587299586
75437009489
75437025873
75440490841
75440490842
75440490857
75440490858
75591489672
75591493768
75608266786
75608270882
75591977638
74363267729
74363284113
74446826136
74451020436
74451020440
74446826148
74446826152
74451020452
74451020456
74446182664
74450622488
74467350593
74467416081
74467354689
74467420177
79836613225
79836613285
75520120852
75520124948
75524319252
75436296789
75436296790
75436296805
75436296806
79836555928
79760550241
79760615777
79760550242
79760615778
74635954841
74635954842
74635954857
74635954858
75440429713
75440413330
75440429714
79760558677
79760558741
79760558678
79760558742
79819331720
79836108936
79819335816
79836113032
74362275413
74362275414
74362275429
74362275430
75524807316
75524807320
75541535332
75541535336
79835863554
79835867650
79836125698
79836129794
79836125704
79836129800
79903234178
79903238274
79836912130
79836916226
75440474729
75436222865
75436222866
75436239249
75436239250
75436222881
75436222882
75436239265
75436239266
75437025697
75437025698
75567307425
75541776982
75520813476
75520813480
75587922340
75587922344
79814875396
79814879492
75440215697
75440215698
75440232081
75440232082
79831853124
79815137348
74631781010
74366470809
74366470810
74366470825
75524811352
75541539416
75440413345
75440413346
75440429729
75440429730
75440412305
75440412306
75440428689
79743519066
79743519130
79743584601
79743583833
79743583897
79743583834
79743583898
75524213413
74467789466
74467789478
74467789482
75436218017
75436234401
75436218018
75436234402
75440155233
75440171617
75440155234
75440171618
74534898010
74366469717
74366469733
74451061078
74451061142
74451061082
74451061146
80013077089
75608656550
75608656554
75520584292
75520584296
75524778596
75524778600
79761615521
79760632226
75498886802
75499144854
75566253722
75524101633
75524212373
75524105729
75524212377
74363324825
74363324826
74363324841
74363324842
75519858824
75519862920
75524106280
79837006502
79837006506
74366425426
79815551636
79819745940
79815551640
79819745944
75498875217
75498875218
75499137361
75499137362
148556306946
148556483158
148556311042
148556483162
79760545377
75540998820
75540998824
75566328481
75566328482
79832816292
79899531944
75567041190
75592280580
74362275482
74362275498
74367523490
74366753441
74366753442
74367523473
74367523474
74367539857
74362292650
75435959890
75435976274
75435959889
75435976273
75705510561
75705526945
75705510562
75705526946
79743781482
79743781546
75520580196
75520580200
75524774504
75436296874
79836129304
79815584404
79815584408
79832361620
79832361624
74635905450
79832640002
79832812118
79832812122
79899527510
79899527514
79899527574
79899527578
74446182424
74446186520
74446116996
74450380840
74450364436
80013265561
74362213729
74362213730
75436296809
75436296810
79815157784
79819352088
74366731942
74450626594
74450638882
74450642978
75435956641
75435973025
75435956642
74450360354
74450376738
74450364450
74446116929
74446121025
74446186513
74450360337
74450380817
74631698849
74631698850
74631715233
74631715234
79732312745
79732312746
79731255953
79731255954
79731272337
79731272338
79731255969
79731272353
74367523426
74367535718
79836613222
79836613286
79836613226
79836613290
75524302868
103660493353
103660493354
103660497450
75524213353
74362301010
74362284641
74362284642
75524868694
75524868698
75524868758
75524868762
75709897361
75709913745
75709897362
75709913746
75519859208
75524299266
75519863304
75524303362
75520125448
75587234312
75591490050
75591494146
74362284369
74362300753
75709700753
75709700754
75709717137
75709717138
75498867306
74467814056
80013011553
80013011554
80013077090
75520120964
75524364324
75520125060
75524368420
75520186404
75520120900
75524364308
75520124996
75524368404
75520186388
75519859202
75520121346
75519863298
75520125442
75587234049
74362276438
75524384834
74362276454
75524315202
75524380738
75541879300
75608988164
103643650469
103643650470
103643650473
103643650474
103643654565
103643654566
79815645780
79815645784
79832423000
79814891780
79831865412
79814895876
79831869508
79815153732
79831930948
79815157828
79831935044
79814891784
79831865416
75436042897
75436026513
79760370321
79761594977
75437288081
79761594978
79761607317
79761607318
75709901473
75709901474
75709917857
75709917858
75591887524
75591887528
75587299368
75587233928
75587676772
75591871076
75587676776
75524221604
75566262945
75437083221
75437083222
75437083237
75437083238
75525007972
75525007976
75592116836
75592116840
75499153809
75499153810
75499154065
75499154066
75499932057
75499932058
75498883738
75499940497
75499940498
75498953057
75498953058
75499215201
75499215202
75608640101
75608640105
79832820388
79832820392
79899536036
79899536040
74366731929
74366731945
74366731930
74366731946
74366740129
74366748329
74366740130
74366748330
74362537641
74362295953
75440171601
75440155218
75440171602
75608639893
75608639897
75608639909
75608639913
79760366226
74450376968
74467350600
74450381064
74467354696
74451028373
74451028377
74451028389
74451028393
75566258833
75566258834
75524217492
75499148961
75498886818
75498890657
75440474469
75440474454
75440474470
75524876708
75524876712
75541555620
75541555624
74367527522
74367535722
74367519318
74367523425
74367535717
74363325017
74363325033
79743846998
79743847061
79743847062
74450311233
74450315329
74450376769
79831669256
79831673352
79836109314
79836113410
79831931400
79831935496
79899039880
79899043976
74366495137
74366478737
74366478738
74366495138
74366470489
74366470490
74366470505
74366470506
75440474790
75440478865
75440478866
75440495249
75440491173
75440491174
75440495250
75441265313
75441265314
75793603074
75793607170
75793697446
75793697450
79760546401
79760616081
75567303273
75567303274
75566246241
75566246242
75567041130
75524221284
75567049313
75524213078
75789408776
75435959905
75435976289
75435959906
75435976290
79760299681
79760299682
75520584340
75520584344
75524778644
75524778648
75498882453
75498882454
75498882709
75498882710
79819348100
79836125316
79819352196
79836129412
75524319752
75591428610
75524213414
75524213418
74362546833
74362546834
74362563218
75591867032
74366487190
74366487206
74450638980
75499936401
75500194453
75499936402
75500194454
75567303321
75567040918
75499932313
75437263510
75437263526
75540998760
74467805845
74467805861
74467805865
75566328418
74467805849
75592108454
75592108458
75592108710
75592108714
74534914389
74534914405
75541162002
75541092418
75541096514
74363603626
74446182657
74446186753
74446448657
74450622481
74450626577
74450642961
74450642977
74446116930
74468034901
74468035157
74468034905
74468035161
74367519125
74367519126
74367519141
74367519142
75499932265
75499932266
79814830216
79819073666
79903234082
79903238178
79814826120
79819069570
75789343240
75499932009
75499932010
75541781080
75519928834
79836912136
79903730276
79836916232
79903730280
75436042642
75520022872
75566242130
79761599073
79761599074
79761607321
79761607322
148535028372
148539222676
148535028376
148539222680
74468305508
74468305512
74534922660
74534922664
74363259289
74363259305
74363259306
74363259290
79819069953
79819331713
79819074049
79819335809
75498882473
75498882729
75498882474
75498882730
75441260953
75441260954
75441260970
80013011617
80013077153
80013011618
80013077154
74467789210
79743789665
79743855201
79743789666
79743855202
75441277354
79837006486
75608656230
79815645844
79815645848
79832423064
79731251857
79731251858
79731268241
79731268242
74362292645
74362292646
74362292629
74362292630
75793705556
75793705560
75835722346
79744637602
75591977558
75591977562
75591977622
75591977626
79730993825
79730993826
79731247513
79731247514
79731247530
79731263897
79731263914
79761336994
74635958690
74635970982
79836125448
79903234114
79836129544
79903238210
75440491093
75440491094
75440491109
75440491110
75498870353
75498870354
74450376962
74450381058
74450638914
74450643010
75441277594
75441277610
75437263514
75437263530
75437279897
75437279913
75437279898
75437279914
75441457817
75441457818
75441457834
75441203873
75441203874
75441220257
75441220258
74367462033
74367478417
74367462034
74367478418
74362276185
74362276186
74362276201
74362276202
74362292569
74362292570
74362292585
74362292586
75587676824
75591871128
75587693204
74467416097
74467354753
74467420193
79744567721
75567045266
74367469930
74363267474
75437074850
75437066666
75437083050
74366495121
75436280213
75436280214
75436280229
75436280230
79837014628
79761410474
75524220520
75566253674
75500182114
75591981732
75608660644
75591981736
75608660648
75524868709
75524868713
75591985508
75608664468
75591985512
75608664472
75591981476
75591981480
79903722085
79903722149
79903722089
79903722153
75437267617
75437267618
75437284001
75437284002
75520805222
75520805226
74363587238
74363603621
74363603622
74362538661
74362538662
74362555029
74362555030
74362555045
74362555046
74363587221
75520579992
75524774296
75520580004
75520580008
75524774312
75524053121
75524057217
75524118657
74366413201
74366413202
74366429585
74366429586
74467789402
74451061093
74451061097
79819836054
79819836058
79815649704
79832426920
79819844004
79836621220
79819020417
79819024513
79819085953
79819090049
75436018346
79744555601
79744621137
79744555602
79744621138
79744555665
79744621201
75437009553
75437025937
75437009554
75499919969
75500182113
75499919970
75499923809
75499932249
75436280153
75436280154
75437283986
75436280169
75436280170
80029784673
80029784674
80029850209
80029850210
74362554730
75525270180
75592379044
75525270184
75592379048
74362296913
74362296914
79744813669
79744813733
79744813670
79744813734
79744834193
79744879269
79744834194
79744879270
74362280529
74362280530
75498883477
75498883733
75498883478
75498883734
75499932250
79832557992
79899470440
79832717828
79899531876
79832721924
79899531880
79743846757
79743846758
79743846821
79743846822
75591424065
75591489601
75591428161
75591493697
79743527521
79743527522
79743593057
79743593058
74367519401
75524876884
75541555796
75524876888
75541555800
79832652290
79836059777
79836063873
79836125313
79836129409
79819836005
79819836009
91815520809
75591887444
75591887448
75591985748
75591985752
75608664660
75608664664
75525266020
75525266024
75592374884
79744633429
79744633430
75498952353
75498952354
75499210405
75499210406
75498949029
75498949030
75437279893
75437279909
75437279894
75437279910
75587672740
75591867044
75587672744
75591867048
74631776921
74631776937
74631776922
74631776938
79831915016
74631703201
74631703202
74631719585
74631719586
75591878998
75591879002
75591879014
75591879018
74363283857
74363283858
79760288337
79760288338
79903656293
79903656297
79903656357
79903656361
74451130772
74451130776
74467809640
74450315394
74367519146
74367519129
74367519145
74367519130
75436021409
75436021410
79819844008
79836621224
75524057346
75524319490
75524315400
75591424258
75524319496
75591428354
75524053505
75524315649
75524057601
75524319745
75436288594
75436304978
75436288609
75436304993
75436288610
75436304994
75440482897
75440499281
74362554710
75524053249
74366469801
74366469802
75437005393
75437005394
75437021777
75437021778
75709721250
75440482961
75440499345
75440482962
75591912042
75567028577
75567041109
75567028578
75567041110
79832427108
79832427112
74366478993
75435955874
75435972258
75789507236
75835726497
75789507240
75835726498
75520026216
75566245474
74362292633
74362292649
74362292634
75524122753
74362214753
74362214754
74362231137
74362231138
79815153704
79819348008
79743785553
79743851089
79743785554
79743851090
79743785617
75498957217
75498957218
75499219361
75499219362
79743851153
75566254757
75524381188
75591490052
75524385284
75591494148
75440150945
75440150946
75440167330
75592276481
75592280577
75592370853
75592370857
75437005201
75437021585
75437005202
75437021586
75608971777
75608975873
75609147989
75609147993
79744555361
79744567701
79744555362
79744567702
79744555425
79744555426
79744559457
79744567705
75541162017
75436287649
75436295849
75524811432
75608639894
75608639898
75524811364
75524380708
74363325013
74363325029
74363325014
74363325030
75567040869
75567041125
75524876900
75541555860
75524876904
75541555864
75524876968
75541555880
75524807268
75541535380
75524807272
75541535384
74468043172
74468043176
74468034982
75436223122
75436239506
75436223121
75440216465
75440216466
75440232850
75709696618
79743527266
79815580260
79832357476
79815580264
79832357480
79815580324
79832357540
79815580328
79832357544
79815584356
79832361572
75542047332
75542047336
75609156196
75609156200
74366478673
74366495057
74366478674
74366495058
75499915882
75499915626
75524315266
75524380802
75524319362
75524384898
79761344873
79761344874
79761344938
75441281681
75441265298
75441281682
79903656294
79903656298
79903656358
79903656362
74363267426
74363275626
74363275625
103643716133
103643716134
103643720229
75437075042
75437091426
75440417377
75440417378
75440433761
75440433762
75520580244
75524774548
75520580248
75524774552
75520580260
75709958809
75709958825
75709958810
75709958826
75705764501
75705764517
75436021154
75436033446
75436021153
75793701476
75835738725
75435973282
75437021857
75437021858
75541158152
75541162248
75608267010
75608271106
75541776806
75608656469
75608656485
79903664804
80013007457
80013072993
80013007458
80013072994
75592215044
75437091409
75524872552
75541551512
75524872612
75524872616
75541551528
75524118660
74362226073
74362226089
74362226074
79730989729
79731006113
75705506465
75705506466
75705522849
75705522850
74450377224
74450381320
74362538389
75567032737
75587684694
75587684698
75587684710
75587684714
75567106649
75567032738
75567106650
75541092868
75591490049
75541096964
75436042657
75436042658
75498891921
75498891922
79815137412
79815580312
79815141508
79831918724
75592215041
75436296597
75436296613
79837010596
79903726244
79837010600
79903726248
75520907777
75520911873
75521067621
75521067625
79744817825
79744817826
79744883361
79744883362
75591985812
75591985816
75608664676
75608664680
75587685034
75591879318
75591879322
75591879334
75591879338
75524118024
75540989542
75524122120
75540989546
74451065188
74451065192
74467793300
74467793304
75520026980
75520026984
79815584360
79832361576
79815584420
79832361636
79815584424
79832361640
79815645796
79832423012
79815645800
79832423016
79743781205
79743781206
75436288401
75436288402
74362219169
74362235553
74362219170
74362235554
79819085956
79819090052
79819774376
79835867265
79819843944
79836621160
79819839844
79819839848
79744567958
75498887569
75498887570
79760300641
79760300642
79760366177
79760366178
74366408097
74366408098
74366424481
74366424482
75436025441
75436041825
75436025442
75436041826
75436218961
75436218962
75436235345
75440171681
75498874465
75498874466
75499136609
75499136610
79819835990
75768441441
75768441442
75768629929
75768629930
75587295252
74450381057
74450643009
74450377217
74450638977
74450381313
74450643073
74446842264
74451036568
75436235346
75436235362
75440233042
75440233057
75440233058
75436223074
74468121089
74468297301
74468125185
74468297305
79903632036
79903632040
75567040873
75440474713
75440474714
75440474730
74366487189
74366487205
75436230297
75436230298
75436230313
75436230314
75524122114
75524212394
75524118018
75524212390
75524213142
75524213398
75524213402
75524213146
75437066837
75437066853
75437066838
75437066854
79760566881
75541092612
75591489793
75541096708
75591493889
74363328929
74363328930
74363341221
74363341222
80029772370
79899023378
79899027474
79899039762
79899043858
75709901457
75709901458
75709917841
75709917842
75499145577
75499145833
74635963041
74635979425
79744821921
79744821922
75520567956
75520567960
75524762260
75524762264
148534630440
148538824744
74468043108
74468043112
79744887457
79744887458
75540994468
75540994472
75566324129
75566324130
79731010209
79731010210
79760349602
74467797652
74467797656
75541539476
75524811368
75541539480
75437083049
79743846058
79831853188
74451134808
75520907778
75520911874
75608640086
75608640102
79760300385
79760300386
79760365922
80029780634
79836744278
79836744282
75524221268
75566262609
75524221272
75566262610
74366749018
74366749034
74366749017
74366749033
74366474833
74366491217
74366474834
74366491218
79736490649
79736490650
79736490666
75524213141
75524213397
75524213145
75524213401
74450626626
74450364674
79819086338
79819348098
79819090434
79819352194
75591424129
75591489665
75591428225
75591493761
79761349217
79761414753
79761349218
79761414754
75499924049
75500178009
74362292565
74362292581
74362292566
75436279466
75436287650
75436295850
75440215713
75436037794
74362218913
74362218914
74362235297
74362235298
74363263394
74363279778
74363263393
74363279777
75541547605
75541547609
75541547621
75709639329
75709655713
75709639330
75709655714
79743522209
79836547670
79836547674
75440499297
79836547738
75566254421
75566254677
75524213337
75566254422
75566254678
79903722069
79903722133
79903722073
79903722137
79743522401
79743587937
79743522402
79743587938
79743522465
79743588001
79743522466
74635971225
74635971241
74635971226
74635971242
75440155297
75440155298
75440171682
75709639265
75709639266
75709655650
91815504426
91815520810
75591879082
74362279521
74362291813
74362279522
79731264154
79731264170
74362291814
79731264153
74366732649
74366732650
75542043240
74363341481
74363341482
75519923720
75519927816
75540989526
75540989530
75520026276
75520026280
74367519321
74367519322
74367519337
74367519338
74635954581
74635954582
74635954597
74635954598
74635958689
75567041177
75567041178
75567024553
75525003620
75592112484
75525003624
75592112488
79761398369
79819069960
79819074056
79831865858
79831869954
74363333265
74363333281
74363349665
74363333282
74467350546
74450626632
74467354642
75499932005
75499932261
75499932006
75499936353
75500194405
75499936354
75500194406
74446120984
74450315282
79760566865
79760566866
79760632401
79760632402
75592370793
75525102084
75525106180
75592210948
75592374888
75793537537
74467789209
74467789221
74467789225
74468039268
75519924264
75519928360
75541547366
75437091425
75436231081
75436214681
75436214682
75520907784
75588016648
75520911880
75588020744
75608660392
75440490921
75592108389
75592108393
75592108645
75592108649
75524774564
75524774568
74363325081
74363325097
74363325082
74363341465
74363341466
148623108772
148623108776
75541075985
75524102401
75524364545
75524106497
75524368641
75524364548
75524368644
75524102402
74362542753
74362542754
74362559137
74362559138
75436284513
75436300897
75436284514
75436300898
75435973009
75435973010
75435956625
75435956626
79744567893
79744567957
79743764905
79743764906
79743830377
79743830378
79743830441
79743830442
79743527505
79743593041
74446444564
74450638868
74446448660
74450642964
79760370322
74367461730
74367461729
74362538325
74362538341
74362538326
74362538342
74362554709
74362554725
74362554726
74362538329
75524319300
80030034529
80030034530
80030042777
80030042778
74446821800
74446842196
74451036500
80029780329
75521071720
75588180584
74635954585
74635954601
75525102082
75498957153
75498957154
75498883497
75498883753
75498883754
75498956385
75498956386
75498948949
75498949205
75498948950
75498949206
75498948953
75705440929
74631703186
74631719570
79831865860
79832554088
75541784936
75608893800
74366732953
74366732954
74366732969
74366732970
74366749337
74366749338
74366749353
74366749354
75440473753
79735200418
92889246234
92889246250
92889262618
92889262634
74363349666
74367527569
74367543953
74367527570
74367543954
74367543969
74367543970
75520580264
75541096580
75440432801
75440432802
79832328852
79836523156
79832328868
79836523172
79832328872
79903623590
79903623594
74362210649
74362210650
74367535785
74367535770
74367535786
75608656489
79760287329
79760352865
79760352866
75437329062
75437333153
75440491177
75441261209
75441261210
75441261226
75441277593
79744567653
79744567717
79744567654
79744567718
75525261925
75437279846
75525106177
75436021329
79743781462
79743781525
79743781526
79760616082
79730988690
79731005074
80030030433
80030042773
80030030434
80030042774
74366429857
74366413474
74366429858
79744559713
79744559714
79744625249
79744625250
75440482721
75440499105
75440482722
75440499106
75440413073
75440413074
75440429458
75440413089
75440413090
75566319961
75566320217
75566319962
75566320218
75566258577
75524217240
75566258578
103660690085
103660690086
103660690090
79743789473
79760550306
79760615842
79835863553
79835867649
75567303334
75499932329
75498875489
74446817686
74446817690
79760566929
79760566930
79760632465
79760632466
75540899858
75524053057
75524057153
75524122689
79743526545
79743592081
79743526546
75436033706
75810482788
75835738793
75810482792
75835738794
75520104712
75520108808
75587213570
75709696665
75709696666
79819085896
79835863106
79819089992
79835867202
75541096961
74446121092
75705703057
75705719441
75705703058
75705719442
75705703073
75705719457
75705703074
75705719458
103643654821
103643654822
103643654826
79743523489
79743523490
79743589025
79743589026
75500005985
75500005986
75500194473
74467416584
74467420680
74534524962
79761332897
75436284497
75705764505
74631760550
75567040921
75567040922
75608639845
75524999594
75524999850
75440417169
75440433553
79837006490
75592194561
75592198657
75592370773
75592370777
74362276501
74362276502
75436214617
75436214618
74362209626
75608656474
74363333025
74363333026
74362300833
74362300834
74363341225
74363341226
75499145625
75499145626
75519928340
75519924260
75520563624
75519928356
75524122660
75519858820
75520563608
75519862916
75524106276
75436284561
75436284562
75437345446
75436296853
75436296854
75436280469
79832312488
79836506792
79831914532
79832308376
75524221608
75566262946
79815645860
79815645864
79832423076
79832423080
75567040917
75520973316
75588082180
75520977412
75588086276
148534368772
148534372868
148535007896
148538812452
75591862694
75587676756
75587676760
75587684761
75587684777
79743781466
79743764826
75498953377
75498953378
75499215521
75499215522
79743764890
79743830361
79743830362
79743785618
79743851154
75499154017
75499154018
75498883433
75498883434
79814826052
79814830148
79819073601
79743780453
79743780454
79743780517
79743780518
79743784609
79743784610
74362280545
74362296929
74362280546
74362296930
75567032913
74363267745
74363284129
74363267746
74363284130
74451061077
74451061141
74451126870
74451126934
74451126874
75541883396
75608992260
74367523233
74367535525
74367523234
74363324821
74363324837
75524999514
75524999770
75592108374
75592108630
75592108378
148555983508
75435956817
75435956818
75435973201
75435973202
79760304545
79760370081
79760304546
75591473666
75591477762
74366474578
74366490962
74362296658
74362280289
75566320041
75566320042
75566320297
75566320298
75436288593
75499924129
75500186273
75499924130
75500186274
79761332833
79761398370
75520027300
75566246561
75520027304
75566246562
75567040874
75567045217
75499149713
75499149714
79743785633
74450360833
74450364929
74450622593
74450626689
74450622596
74450626692
74467350561
74467354657
74635954774
79743571602
79743510097
79743575633
79743510098
79743575634
79743510161
79743575697
79743510162
79743575698
75436021393
75436037777
75436021394
75436037778
75524102657
75524106753
75524364801
75524368897
75524364804
75524368900
75591473665
75591477761
79819836074
75524319268
75498891858
75524217172
75524217176
75566258514
75498891602
75498891857
79743846806
75567303333
75498870113
75498870114
75498882645
75498882646
79743789713
79743789714
79743855249
79743855250
75524106264
75768355233
75768355234
75768433237
75768433238
148555606040
79835867394
79836129538
79836744102
75524872804
75541551764
75524872808
75541551768
75524872868
75541551780
148556229028
148556229032
75440416418
75436234385
75436234386
75498883493
75498883494
75498883749
75498883750
79903664808
79903722070
79903722074
79903722134
79903722138
75436026530
79831930920
79831935016
79836129320
75566254742
79819844196
79836621412
79819844200
75705764502
75705764518
75709958805
75709958821
75709958806
75709958822
75541547430
75541547434
79903238161
80013257377
80013257378
80013322913
80013322914
74635889066
74446116994
74446121090
79819774564
79836551780
79819774568
79836551784
79744817761
79744817762
79744830101
79744830102
79743768161
79743768162
79743780501
79743780502
79743768225
79743768226
79743833761
79743833762
79743781461
74467809876
74467809880
75587685017
75587685029
75587685033
75591879321
80013265509
80013265573
80013265510
80013265574
75498887826
75499149970
79832549718
79832549722
79832549978
79899461974
79743764825
79819069956
79819074052
79831865857
79831869953
79819840164
79819835994
79832820328
75789343234
75789347330
75789503082
75541780900
74362218833
74366413137
74366429521
74366429538
74366413138
74366429522
103643916965
103643916966
103643916969
103643916970
74467805846
74467805850
74467805862
74467805866
75498883413
75498883669
75498883414
75498883670
75440495186
79743789649
79743789650
79743855185
79743855186
79831669252
79836109313
79831673348
79836113409
75525167618
79731246746
80030042729
80030042793
80030042730
80030042794
75498875473
75499137617
75498875474
75499137618
75520022868
75520026964
75566246225
75520026968
75566246226
75520563876
75524758180
75520563880
75524758184
75587299352
75705723553
75705723554
75591912022
75587922516
75587922520
75541944840
75541948936
75609053704
75609057800
75500194457
75500194458
79761353377
79761353378
79761418913
79761418914
79903656550
79903656614
79903656554
79903656618
75609156264
79836621156
75591912026
75591912086
75591912090
79760562833
79760562834
79760628370
75525171716
75436296793
75436296794
79743781269
75566254485
75566254486
75520186884
75587295748
75520190980
75587299844
148556388868
148556392964
148623104664
79760549537
79760615073
79760549538
79760615074
75524122756
75524807080
75540899873
74362300817
74362300818
75499145878
75498883481
75498883737
75498883482
75499145881
74450311202
74446834006
74446842216
74451036516
74451036520
74635888985
74635888986
74467789413
74467789401
74467789417
75524811108
75524868457
75524811112
75524868521
75524811172
75541539236
75524811176
75541539240
75609152104
75524811428
75541539492
75541539496
75499915866
75567114913
75567114914
75567368873
75567368874
80030030497
80030030498
80030096033
80030096034
74366470485
74366470501
74366470486
74366470502
79761344922
80013253217
80013265557
80013253218
80013265558
80013253281
80013318817
80013253282
80013318818
79760557717
79760557718
91815504409
75608656233
75520104962
75789511252
75789511256
75519842818
75519846914
75587213826
75520891394
79836617064
79819839908
79819839912
79836617128
74366732949
74366732950
75498949289
75498949290
79744633510
75524999766
79743584666
75524119041
75524123137
75524381185
75524385281
75591494145
75436296533
75436296549
75437263513
75436296534
75436214954
79744555681
79744555682
79744621217
79744621218
75587229832
75524298776
103660558889
103660562985
103660558890
103660562986
74362226090
74362227353
74362227354
74363259545
74362209706
75524319298
75524384833
75541092417
75436026258
75499129257
75499915946
75499915945
75500005969
75500005970
75592276482
75592280578
75592370854
75592370858
75499133282
74468043428
97184213529
97184229913
79760562769
79760562770
79760628306
80029772386
79743764074
79743764138
79743788689
79743788690
79743829673
79743829674
79743765097
79743765098
79899043912
74635970981
79819086081
79819090177
74362218898
79819352129
79836059713
79836063809
79836129345
79819086082
80030034593
80030034594
80030100129
80030100130
148556225192
75567045265
74367797925
74367797926
74363587237
74363591329
75440474458
75440474474
74362276181
74362276197
74362276182
74362276198
75499145882
75440429474
79743773089
79743773090
75541531030
75541531034
75541531050
74467805529
74467805545
79744572065
79836612970
79836613034
75768359265
75525102081
75520813668
75520813672
75520108802
79836752548
92889311786
92889328170
75437070753
75437083045
75437070754
75437074849
75436284498
75436300881
75436300882
79731251873
79836744090
79836744346
79744567722
79744575905
79744633257
79744575906
79744633258
79760353697
91815520793
91815504410
91815520794
92889246233
92889262617
79831914520
79831918616
79836108824
79836112920
75591977318
75591977382
75591977322
75591977386
75608656294
75524999510
79819348104
79819352200
75499997605
75499997861
75499997606
75499997862
75500001953
75500260005
75524802922
75524802986
75500001954
75500260006
75499145813
75499145558
75499145814
75524213333
75524213081
75566258593
75566258594
75524803226
79743588002
79730989713
79731006097
79730989714
79731006098
74363587241
79819770202
79819770266
79836547414
74451036580
74451036584
75520579988
79743772321
79743772322
75608639834
75608639846
75608639850
74450626696
74467350562
74467354658
74450377218
74363275925
74363275941
74467793512
74451065492
74467793508
79903623846
79903623850
74366470826
74366412193
74366412194
74366428577
75524364808
75541551784
75499145578
75499145834
79761332898
74366409105
74366425489
74366409106
79736253074
74362279330
74362291621
74362291622
75608639849
75567106469
75567106725
75567106470
75567106726
74450643076
79832427160
92885051946
75591862614
75591862618
74451061398
74451061402
74446825892
74446825896
74451020196
74451020200
74467789414
74467789418
79903721813
79903721877
75436213849
75436213850
75436213865
75436213866
75436222049
75436230249
75436230250
75436223058
79744834210
75498874449
75499128409
75498874450
75499128410
75540990629
75540990633
74362213794
74362230178
75440473749
75440473750
75440473765
75440473766
75499211173
75499211429
75499211174
75499211430
75524057154
75567049361
75567049362
75567303322
79903721881
79819770198
75591911781
74451061162
75441203857
75441220241
75441203858
75441220242
75591862954
75587233858
74446104609
74446120993
79743764057
79743764058
79743764121
79743764122
79743764841
79744555617
79744621153
79744555618
79744621154
74468301476
74468301480
74534918820
74534918824
75541785256
75608894120
79819085954
79819024514
79819090050
79819085960
79819020353
79819024449
79744576097
79744641633
79903656534
79903656598
79903656538
79903656602
148555606274
79836555688
74467154177
74467158273
79836059780
75524122644
74467154433
74467416577
74467158529
74467420673
74467416580
74534524961
74467420676
74534529057
75437070929
75437070930
75437087313
75436022353
75436038737
79760558425
79760558489
79760558426
79760558490
74362284434
74362284449
74362284450
74467805781
75436296598
75436296614
80029788577
80029788578
80029845930
75524118788
75541092609
75524122884
75541096705
75524380932
75591489796
75524385028
75591493892
75436218977
75436235361
75436218978
79743592082
74446834010
74446834022
74446834026
148555602436
74366740817
74366757201
74366740818
74366757202
74366740833
74366757217
74366740834
74366757218
74362558801
79836895745
79836899841
79837006485
79837006489
74635954586
74635954602
75709962913
75709962914
75709975205
75709975206
79743510114
79743575650
79743510177
79743575713
79743510178
79743575714
75793697366
75793697370
75793541634
75793697386
75435959970
75435976354
75789511332
75835730593
79836063876
74451130964
74451130968
75525007768
75592116632
75524217444
75566258785
79744633509
75591911845
75499997609
75499997610
75499997865
75499997866
75566254505
75566254506
79744813674
79744813738
79743592866
79760284322
75499219538
75540998484
75566328145
75540998488
75540994648
75566324306
75498953041
75499215185
75498953042
75499215186
75521075812
75521075816
75588184676
75588184680
79744559521
79744559522
79744625057
79744625058
75440490838
75440490854
74446826132
79761615522
74367462049
74367462050
74367478433
74367478434
75500001873
75500178085
75500001874
148623100566
148623100570
148623100582
148623100586
79819840168
79836617380
79836617384
79761672874
97184279065
97184279081
97184295465
75835738777
75441269393
75441285777
79760550545
75566245537
75566245538
75540990294
75540990298
75540990550
75540990554
75608656470
75608656486
75608656490
75591977302
75591977366
75591977306
75591977370
75608656214
75608656218
75608656234
75591911770
75498870369
75499132513
75498870370
75499132514
97184213274
97184213290
97184229674
74367535526
75541092872
75541096968
75525003880
75591862698
75587684966
75587684970
74631760281
74451069288
74467797400
74451028630
74451028634
74451028646
74451028650
74635889305
74635889306
74635889322
74635905689
75524999526
75524999782
75519842817
75520104961
75519846913
75709639250
75709655634
80013257314
80013265562
79836744021
79836744277
79836744025
79836744281
75498891666
75524868454
79819069704
79819073800
79831865602
79831869698
74366486869
74366486870
74366486885
74366486886
92889246249
92889262633
92889327914
74362235282
79744838289
79744879273
79744838290
79744879274
75519924738
75520186882
75520190978
75435976098
75541547674
75541547690
75608889764
75525003876
75592112744
75768367461
75768367462
79731972769
79731989153
79731972770
74362284370
74362284385
74362300769
74362284386
74362300770
75705445025
75705461409
75566320214
74451131028
74467809892
74451131032
80004934306
74467809896
80004934305
80004942506
75592260097
75592370837
75592264193
75592370841
79730988705
79730988706
79731005090
75520895490
75521067606
75521067610
74631698833
74631715217
74631698834
74631715218
74451028629
74451028633
74451028645
74451028649
75541531222
79819089985
74362214801
74362214802
74362231185
74362231186
74362214817
74362214818
75524217432
74450622529
74450364673
79899413162
75525151236
75525155332
75592260100
75592264196
74631760538
74631760553
74631760554
74467805590
74467805606
75587685018
75524811412
75540998756
79732042401
79732042402
79760288161
79760288162
79760353698
79760550305
74366737058
75566320037
75591489554
75591493650
75566320293
75566320038
75566320294
74635971178
74362284433
74362291865
75520190488
75524380696
75524384792
79760623957
79760624021
79760623958
74362538394
74362538410
74362554777
74362554793
74362554778
74362554794
75499932314
79760304481
79760370017
79760304482
74366470822
74362537637
74362537622
74451061334
74451061338
75567045282
75591428226
75591493762
74635958881
74635971173
74635971174
75499211113
75499211369
75499211114
75499211370
75524213161
75441474201
75441474202
75441474218
74631702929
74631719313
75524213162
75524213157
75587229825
75587233921
75587295265
75587299361
74467813732
74467813736
75591981412
75591981416
75608660376
75524315265
75524319361
75524380801
75437071009
75437071010
75437087393
75437087394
75441269409
75441269410
75441285793
75441285794
74446821796
74450638920
74450643016
74467416088
74467420184
75525007716
75592116580
75436214937
75436214938
79903623574
75541157906
74363263650
79760353633
79760353634
75436037713
75436021330
75436037714
75436021345
75436037729
75436021346
74366490273
74366490274
75789347336
79836519064
148539255396
148539255400
148555983512
75541555604
75524876648
75541555608
79743768929
79743768930
79743834465
79743834466
79819835818
75587918436
75587918440
75768355169
75768355170
75768367701
75768367702
75768355425
75768355426
75768617569
75768617570
79761590889
79761590954
75524368516
75541096484
75587229761
75587233857
75436288417
75436288418
75437066650
75436034714
75436034730
75591489668
75608266785
75591493764
75608270881
74446842516
74451036820
80012995233
80012995234
80013060769
80013060770
79743583657
79743583658
79743519081
79743519082
79743519146
75525266068
75592374932
75525266072
75592374936
148724411041
148724411042
148724419242
79743830633
79743830634
79743830698
79761336929
79815649892
79815649896
79744567962
75591911829
75591911833
74362558802
148556220838
148556220842
148556221098
74366424465
74366424466
75437083046
75768367529
75768367530
75768367785
75768367786
74366749013
74366749029
74366749014
74366749030
74362538330
74362554713
74362554729
74362554714
148622714913
75540994724
75591493665
75566324385
75540994728
75566324386
75793705620
74362276245
74362276261
74362276246
74362276262
79760284321
79760349857
74467805782
74467805786
79736171153
79736171154
79736187538
79736171169
79736171170
79736187554
75440477858
75436279445
75436279461
75436279446
79744637601
75440490905
75440490906
79743773266
79743838802
74362280290
74362296673
74362296674
74363275685
74362284705
75498949209
75498948954
75498949210
75499211097
75499211353
75499211098
75499211354
74451126869
75566254437
75566254693
75498883429
79743846053
79743846054
75793701524
75835738773
75793701528
75835738774
74367474081
79836108840
79836112936
74467789142
74467789158
74467789146
74467789162
79761615505
79761615506
79761656490
75524315208
75541092424
75524319304
75541092420
75541096516
75541092385
75500178022
79819086084
79836059716
79819090180
79836063812
79819348036
79836125252
79819352132
79836129348
79735122593
79735122594
79735138977
79735138978
79760300689
74467416100
74467420196
79760300690
74467793496
74451065428
74467793492
79731006114
74446842520
74451036824
74446842532
74446842536
74451036836
74451036840
74446182920
74446187016
75789330946
75789503066
74366741137
74366741138
79743765162
75709897378
75709913761
75709913762
75519924744
79831869956
79836113025
79819835989
75441261145
75441261146
75441261162
79730927249
148539316836
148539316840
148555995800
92885068330
74362546513
74362546514
74362562897
79899429530
79899429546
79819843940
79744895654
75524380808
75541157928
75524384904
75541162024
75587914070
75587914074
75587914330
75566254489
75566254490
75524213158
75541948930
75542039206
75542039210
79743506849
79743572385
79743506850
79743572386
75540895234
75540899330
75540989606
75540989610
75591879337
79836612950
79836613014
75436034649
75436034650
75436034666
79903730084
79837014632
79903730088
148538828868
148555606036
80029768353
80029768354
80029833889
80029833890
75591977574
75591977578
75608640149
79732058785
79732058786
75608890020
75436033705
74446817706
74451012010
75436284577
75436284578
75436300961
75436300962
74631760490
79819348034
79819090178
79819352130
75709704849
75709704850
75709721233
75709721234
148556392961
79836744357
79836744105
79836744361
74534914458
74534914474
74534914453
75793603073
75793607169
75793697445
75793697449
75440416417
75541776725
75541776981
75541776729
75541776985
75608885589
75608885845
75608885593
75608885849
75541776726
75525007956
75525007960
75588020737
75588176489
79899043969
74362546594
74362562978
74362217825
74362226025
74362217826
74362226026
74362209642
74362226022
74362209625
75608639910
75608639914
74451126933
74451126873
74451126937
75437263529
75440491162
75440491178
74363587225
74363587226
74363587242
79815153800
79815157896
74366474913
74366474914
74366491297
74366474641
74366491025
74366474642
74366491026
75498891937
75498891938
75499154081
75499154082
75524868697
75524868757
75524868761
75524364417
75524368513
75520120868
75437263449
75437263465
75437263450
75437263466
75437271650
75498866005
75498866006
75498866262
75499128406
74451028314
74451028330
74451028310
74451028326
75810474582
79744817809
79744879253
79744817810
79744879254
79744813657
79744813721
75709639073
75709639074
75709655458
75440474473
75436034457
74366732713
75591977305
75608656213
75608656217
75608656229
75709696426
74451061354
74451061418
75524802902
75524802906
75524802970
79760623961
79760623962
79761345113
79761345114
79761345178
79730924177
79730940561
79730924178
79730940562
74366736721
74366736722
74366753106
79899437716
79903632020
79899437720
79903632024
75498957137
75498957138
75499219281
75499219282
148556388866
148556483238
148556392962
148556483242
79815153796
79815157892
79831931012
79831935108
79836830209
75520813652
75520813656
75436213914
75436213930
74363275670
79903623578
75591981716
75591981720
75608660584
75592370789
74631760537
79743584857
79743584858
74446817626
74446817642
74451011926
74451011930
74451011946
74362226342
74362226325
74362226326
79903234066
75524118596
75524122692
75540899857
75524053058
75524118594
74631776917
74631776918
74631776933
74468039272
74534902180
74534902184
74631760533
79743785634
79743851169
79743851170
79899527594
75768367514
75768367770
75587693208
75591887512
75591916132
75608644244
75591916136
75608644248
75591916196
75608644260
75591916200
75608644264
75768367525
75768367781
75768367526
75768367782
75768437345
75768629925
75768437346
75768629926
75587217666
75520813400
75520895489
75521067609
75520805206
75520805210
75567032929
75567295073
79819020418
74362284626
79836895748
79836899844
79903726168
75608656277
75608656281
75608656293
75608656297
74451131044
74467809956
75437267601
75437283985
75436218001
75436218002
74363263377
74363263378
74363279761
74363279762
79831930904
75436218785
75436235169
75436218786
75436235170
79744813673
79744813737
75498887825
75499149969
74451069348
74451069352
79903607210
79730928274
79730944658
75437075041
79743523409
74450376964
74450381060
74467350596
74467354692
79743523410
79743588945
79743588946
74446842212
75588000258
75588176470
75588004354
75588176474
74362231122
79760615841
74467805525
74467805541
75436296550
80029772193
80029772194
80029837730
79760546210
79760546209
79760611746
74636221090
74636233382
74636221089
74636233381
75437083226
75437083225
75437083241
75437083242
74366749334
74366749350
74362538645
74362538646
79736236705
74446100498
74446116882
74446104594
74534914709
74534914713
74534914725
74534914729
74534906260
74534906264
74468034981
74468035237
74468034985
74468035241
75567307426
74635954777
74635954793
74635954778
74635954794
75591911765
75591911769
74366478945
74366495329
74366478946
74366495330
75566254745
75566254746
75540994388
75540994392
75566324050
75498949285
75498949286
148556388872
148623108756
148556392968
148623108760
74366749093
74635962977
74635971177
79836547430
79836547434
79836547498
75519928344
75524122648
75499936338
79837010580
79837010584
79903726232
79743838625
79743838626
75793705624
75835738778
74451065496
74450360577
75524876948
75524876952
75541555812
75541555816
75498952273
75498952274
75499128486
148555602184
148622710802
148555606280
148622714898
74367781529
74367781545
74367781530
74367781546
75541076002
75541080098
75541092386
75541096482
74362284689
75591473185
75591489569
75591477281
75793586689
75793590785
75793697429
75793697433
79814891656
79831668872
79814895752
75436239458
75524999574
75524999830
75587688852
75587688856
75591883160
74366413457
74366413458
74366429841
74366429842
74367457697
74367457698
74367474082
75524298824
75524302920
75541075992
75541080088
75436280474
75436280490
74362555033
74362555049
74362555034
74362555050
75524118568
75436296538
75436296554
75524122664
74362280594
74362296978
74362218849
74362235233
74362218850
74362235234
74366409041
74366409042
75592108437
75592108441
75592108693
75592108697
74366470805
74366470821
74366470806
75566258770
75524217428
75499145637
75499145893
75499145638
75499145894
75440481953
75440481954
75440490153
75440490154
75498875233
75499137377
75498875234
75499137378
79761336930
75524868438
75524868442
75437075025
74362209685
74362209686
74362209702
75499133537
75499133538
79735118481
79735118482
79735134866
74367789729
74367789730
74367797929
74367797930
92885051929
92885051945
92885068313
92885068329
75437288082
79744576145
79744641681
79744576146
79744641682
74446182914
74446187010
74446444578
74446448674
79760284002
79760349538
79760288097
79760288098
75521075796
75588184660
75521075800
75588184664
74362538393
74362538409
74366732697
75436025426
75436041810
75498874209
75498882649
75498874210
75498882650
80004672161
79743846741
79743846742
79743846805
75810478756
75835804325
75810478760
75835804326
75440417185
75440433569
75440417186
75440433570
79730923169
79730923170
79730939554
75436231065
75436231066
75436231082
74362558818
79899039784
79899043880
97184279066
97184279082
97184295466
74362231201
75587693140
75587693144
80029788769
75440478625
75440478626
75440495010
79743789474
79743855009
74362542433
74362542434
74362558817
74363259557
74363259558
74363275926
75609053697
75609057793
75609148069
75609148073
75520563860
75520563864
75524758164
75524758168
74631760489
75591977621
75591977561
75591977625
75608656473
75587229720
75587233816
75591424018
75591428114
79819778468
79836555684
79819778472
75498866345
75498866090
75498866346
75498956369
75499128489
75499915686
75499915685
75499915941
75499145557
74363275945
74363275930
74363275946
74467797604
74467797608
74451069588
74451069592
74366749349
75709639057
75709639058
75709655442
75441523369
75441523370
75440473769
74363267730
74363284114
79832324776
79836519080
79832312472
79836506776
79832312484
79836506788
75436037793
79819844244
79819844248
79836621460
79836621464
75567106473
75567106729
75567106474
75567106730
75436017237
75436017238
79743505825
79743505826
79743571362
79743509857
79743518105
79743509858
79743518106
79743509921
75709897377
79836109316
79836748440
79836113412
75441523353
75441523354
79831931396
79831935492
79899039876
79899043972
75520584356
75524778660
75524778664
79899531624
79815649636
79815649640
79819835734
79819835738
79819835798
79819835802
75524298884
75524302980
75541076004
75541080100
75520027044
75520027048
75566246305
75566246306
75498874529
75498874530
75499136673
75499136674
148539255460
148555983524
74362546849
74362563233
74362546850
74362563234
79743781481
79743781545
75437005474
75437005473
75499211177
75499211433
75499211178
75499211434
75435960994
75435977378
75435960993
75435977377
79831672968
74467805594
74467805610
74467789206
74467789222
74467805589
74467805605
75499144873
75499144874
74366408353
74366408354
74366424737
74366424738
74451011994
74446448658
74451011990
74451012250
74446100514
74446116898
74446104610
74446120994
74451012266
74446817942
74446834326
74446834342
74446834330
74446834346
74468137480
74534922644
74468141576
74534922648
75768441505
75520805482
75587914086
75587914090
75587914346
75520584084
75524778388
75520584088
75524778392
74468203009
74468297381
74468207105
74468297385
75591977301
91811375641
91811375657
91811392041
74631768673
74631776873
74631768674
74631776874
75525261929
75592210945
79836612966
79836613030
74467416082
74467350594
74366408081
74366408082
75519924482
75519928578
75520186626
75520190722
75521071716
75588180580
75519924248
75524118552
74363259285
74363259286
74363259301
74363259302
74363275669
75498953297
75498953298
75499215441
75499215442
148555602440
148622710818
148555606536
148622714914
79832701448
79832705544
79899535956
79899535960
79760562593
79760562594
79760628130
79744559458
79744567706
75524053122
75524057218
75524118658
75524122754
75524868458
79899023393
79899027489
79899039777
79899043873
79899039780
79899043876
79899417256
79903238177
75519858948
75524299009
148556220778
148556221034
79731989154
79831669249
79831931393
79831673345
79831935489
148538563076
148538567172
148539251304
148555540612
75541780904
75608889768
74635954790
75520124964
75437329049
75437329050
75437329065
75437329066
75440433826
79815551652
79819745956
79815547540
79815547544
79819741848
79815551656
79819745960
79815535268
79819729572
75440216657
75440233041
75440216658
75436034458
75500178090
75500178089
75524872872
74362546593
74363341461
74363341462
79832324772
74451126681
75709909657
75709909658
75709909674
75524102168
79837006426
79760549473
79760549474
79760557721
79760557722
148535012004
148539206308
148535012008
148539206312
79815137320
79815141416
74468121096
74468125192
74534922580
74534922584
75441281697
79831918612
79836112916
75587668630
75498957473
75499219617
75498957474
75499219618
79743511201
79743576737
79743511202
75440490149
79743576738
79730924193
79730924194
79730940577
79730940578
75436026450
75436042834
75524384897
79743764842
75540993636
75441219986
75441203601
75441203602
75541092482
75541096578
75541157922
75541162018
75705506449
75705522833
79899429270
74468203012
74534918804
74468207108
74534918808
75525085697
75525261909
75525089793
75525261913
75541944833
75542039205
75541948929
75542039209
75768375953
75768629913
75768375954
75768629914
75498886801
75499144853
74631764642
75436284305
75436284306
75436300689
75436300690
75436034394
75436034410
75436034393
75437337249
75541092616
75541096712
79819836073
74467420420
74534529041
75436239505
79743773329
79743838865
79743773330
79743838866
74631719314
74631702930
75709893273
75709893274
75709893290
75435971986
74362210969
74362210970
75705506450
75705522834
74366428578
75441523366
79744830057
79744830121
79743785313
79743850849
79743785314
79743850850
103643650730
74451065252
74467793316
75500194469
75500194470
74366425490
75498875553
75498875554
75499137697
75499137698
74362542738
74362559121
75498883430
148539316900
148539316904
148555995816
75436296869
75436296870
74362537625
74635962978
75440473754
75440473770
79743518054
79743518118
74362214033
74362214034
74362230417
74362230418
79761402466
79760624213
91811310122
91811326506
75436296602
75436280233
75436280234
75436296618
75524868710
75524868714
79836063874
79836125314
79836129410
74362538665
74362538666
74366474577
148556327426
79819335745
79831865604
79831869700
74362538405
74362538390
74362538406
75541944836
75609053700
75541948932
75609057796
79760624022
79743781225
79743781226
79743781289
79743781290
75541547370
75440155281
75440171665
75440155282
75440171666
79836059778
75498948009
75498948010
75498948265
75498948266
75498949033
75498949034
74467805593
74467805609
79743781221
79743781222
75541162244
75608271105
75567114834
75567032930
75567295074
103643912869
80030026345
80030026346
80030026410
79760300449
79760300450
79743592802
79743527329
79743527330
79744572066
79761607269
79761607270
79761607333
79761607334
79899462246
79899462250
79899462314
74450311234
74467789462
74467797396
74468043364
80029854305
75520022884
75566242145
75520022888
75566242146
74366470553
74366470554
79743847013
79743847014
79743847077
79743847078
75436296537
75436296553
75567045281
75524876644
74362284690
74362301073
74362301074
79899433620
79899433624
79903627928
79899433636
79899433640
75524876964
75541555876
79761398433
74363259561
74363259546
74363259562
80029780330
80029780394
148555340289
148555344385
148555602433
148555606529
79744567909
79744567973
79744567910
79744567974
80029788770
75592116648
79819770214
79819770218
79819770282
75436034713
74366495122
75440170641
74362542481
74362542482
74362558865
74362558866
74362283425
75524217192
75566258529
75566258530
80029846105
80029846106
80029846170
79819331624
79819335720
79831914536
79831918632
79819352104
75541785172
75541785176
75588086273
75588176553
148534368776
148534372872
148538808360
148538812456
148534634536
75436017254
75436033621
75436033622
75524868693
74366732633
74366732634
75440155042
75440171426
79832324756
79832324760
74362291625
74362283426
74362291626
79761672873
97180084762
97180084778
97180101162
79743518293
79743518294
79743518358
79743583829
79743583830
79743583894
75541158404
75608267265
75541162500
75608271361
75437005458
74451134888
74467813800
75499915689
75499915690
79761345129
79761345130
79761345194
75436042914
74451126938
75524368904
75525151234
75525155330
75768695465
75768441506
75768695466
74367457681
74367457682
74367474065
74367474066
79743584873
79743584874
79743584938
79819774612
79819774616
79831919108
79836551832
79744834209
75524999573
75524999829
75524999577
75524999833
75498871201
75498871202
75499133345
75499133346
75524868777
79819770522
75435955601
75435955602
75435955617
75435955618
75435972002
75525261974
75525261978
79730943650
79899527526
79899527530
79899527590
75542043220
75542043224
75609152088
79903607194
91811309849
91811309865
91811326249
91811309850
91811309866
91811326250
92885051673
92885068057
79743505761
79743505762
79743518102
74636225185
74636233385
74636225186
74636233386
148539222692
74635897233
74635897234
74635913617
74635913618
74631699089
74631699090
74631715473
74631715474
75591911834
75591911766
75591911830
74467793572
74467793576
75566328146
74362292821
74362292822
74362292837
74362292838
75499145877
79760624277
79815547556
79815547560
79819741864
75498956370
75499128490
75541547350
75541547354
75519858760
75519862856
75437345449
75436296857
75436296858
79743855010
74631760282
79815141396
148724148881
148724148882
148724165266
75436022417
75436038801
75436022418
75436038802
75440220817
75440237201
79819836069
74362231202
103643912870
75436231001
74363275673
74363275689
74363275674
74467420180
79743830426
75810482852
75835804329
75810482856
75835804330
75567024490
75567024746
75567049298
75567286890
74363275942
75521075876
75521075880
75588184740
75588184744
75541777062
75541776810
75541777066
79836744022
79836744026
75525003940
75525003944
75592112804
75592112808
74366413473
79819331608
79815153688
79819347992
79819335700
79815153684
79815157780
79815137300
75498875297
75499137441
148535024292
148535024296
148539218600
79761398434
75524364420
75541092388
79732038305
79732054689
79732038306
79732296357
79732300449
79743772257
79743772258
79743780505
79743780506
148534372616
148538812440
148534630424
148538824728
148534634520
148538828824
75440428690
79836744037
79836744041
79836846596
79836850692
79903725928
74446116900
74446120996
74446821736
74450315297
74446838100
74467789398
75520104964
75520109060
75520809560
74366429537
74367453529
74367453530
75440216481
148539255464
75435976353
79760632417
79760566882
79760632418
74446838104
74451032408
74446838116
74446838120
74451032424
92885117465
92885133849
92885117481
92885133865
75525085700
74468203016
74468207112
74534922900
74534922904
75499924050
75500178010
75520027220
75520027224
75566246481
75566246482
79760365986
74446838420
74451032724
75500178086
75435956833
75435956834
75437066901
75437066902
75437066917
75437066918
74635963042
74635979426
75541784996
75608893860
75541785000
75608893864
75789412872
79760349858
75436279462
75520563816
74467789226
79743518309
79743518310
79743518374
79743583845
74451069524
74467797588
74451069528
74467797592
74451135060
74467813972
74534914726
74468035238
75587922280
75709704609
75709704610
75709712810
74363259221
74363259237
74363259222
74363259238
75567028897
75567291041
75567028898
75567291042
75440150929
75440150930
74451012246
75436280218
75524803174
75524803178
75524803242
75541531290
75541531306
79760284001
74363591330
74451032728
79836059714
79836063810
79836125250
79819770470
79819770474
75567303269
75567045218
75567303270
75436025249
75436280217
75436231321
75436231322
75436231338
74635958929
74635958930
79743526306
75440167522
75436026257
75436042641
79831865864
79836108930
79831869960
79836113026
79735450273
79735450274
79735466657
79735466658
75499915605
75499915861
75499915606
75499915862
75789408770
75789412866
75789503146
75499923810
79731246745
75768367717
75768367718
75587914150
75587914154
75587914410
79899023377
79899027473
79819835817
79819835753
148555340033
148555344129
148555606273
148555602180
148555606276
148622714897
148555340034
75440490837
75440490853
79760624214
79760624278
74468039076
74534902420
74468039080
74534902424
74468039332
74534902436
74468039336
74534902440
74534906516
75525007720
75592116584
79761402465
74367470234
74367470250
74363275929
80004606610
80004622994
75436222050
79743519065
79743781270
79743781209
74362214049
74362230433
74362214050
74362230434
74363325018
75437009314
75436018009
75436018010
75567286954
75567114833
75592374872
79903607126
79903607130
79903607146
74451065508
74451065512
75540994644
75498957393
75499219537
75498957394
79819778404
79819778408
74362554026
74534529058
79831914516
79831930900
79831934996
79836129300
75520190504
74366736785
74366736786
74366753169
74366753170
75499219297
75499219298
74362542737
79743518053
75566262929
75566262930
74446822052
74446822056
74451016356
74451016360
74450315330
74450376770
74450380866
148538562820
148538566916
148555540548
148538824772
79903721829
79903721893
79903721833
79903721897
75591912102
75591912106
75608640150
75608640154
79836744293
79836744297
74367453593
74367453594
74367453610
74534914390
74534914394
74534914406
74534914410
74362546578
74362562962
74362562977
75498891873
75498891874
75524217188
148724083345
148724083346
148724099730
75498883498
75567024489
75567049297
75587922536
75498871393
75498871394
75440491097
75440491098
75440491113
75440491114
79815535272
79819729576
148623083866
148623083882
75440220818
75440237202
75768621666
80029846121
80029846122
80029846186
75810474586
74446186754
80029854306
75436025505
75436025506
75436041890
74362284625
74362301009
75524868773
79819770538
75541539428
75524811416
75524298888
75541076008
75524302984
75541080104
75709696682
75709713049
75709713050
75709713066
75520809636
75520809640
75587918500
75587918504
75436041889
75587922532
75768359266
79903623510
79903623526
79903623514
79903623530
74366757521
74366757522
75608971778
75608975874
75609147990
75609147994
74362545826
75499919777
75499919778
75499997781
75499997782
79735446162
79735462546
75440215714
75499133521
75498871378
75499133522
75498871377
79760624217
74450381314
75542047316
75609156180
75542047320
75609156184
79836112961
79760304737
79760370273
79760304738
79760370274
75436296873
79731250849
79731250850
79731263142
74362210730
74362227097
74362227114
75591887508
74450376961
74450638913
75498891665
75591489560
75591493656
74635897506
74635913890
79743781210
75436033638
74366409057
74366409058
74366425442
148623100246
148623100262
148623100250
79836895746
74631760534
74631760549
74362209621
74362209622
74362209638
79815141400
79819335704
79815137304
74366736033
74366736034
74366748325
74366748326
103660493349
103660493350
103660497446
80029772433
75499129193
79815157800
148534368516
148534372612
148538812436
148534630420
148534634516
148538828820
148534368520
148538808344
103643654501
103643654502
103643654506
79743846997
79743781465
75524217236
75498867290
75499129177
75499915609
75499915610
75499915865
75499129434
74366413154
75567024473
75567024474
75567024730
75567286874
74363325034
75499940449
75499940450
75500194409
75500194410
75520023124
75520023128
75566242386
148535028392
148539222696
75436018026
75441269153
75441269154
75524802918
103643781669
79731251874
79731268257
79731268258
74468043368
75436018073
75436018074
75436018090
74446842276
74446842280
75524118786
75524122882
75524380930
75524385026
74451069284
79732304545
79732304546
75499145621
75499145622
74631703185
74631719569
74366486186
75440167314
75436034474
74446838424
75709712985
75709712986
74631760473
74631760474
79761353121
103643716137
103643716138
103643720233
103643720234
79899437732
74451065256
74467793320
74362219153
74362235537
74362219154
74362235538
79735184017
79735184018
79743584922
75498867113
75498867114
75498867370
74635893393
74635893394
74635909777
74635909778
75768359329
75768433241
79761336737
91815569945
91815569961
91815586345
75587217922
75540997736
75566253738
74534898005
74534898009
74362210986
74362227370
74450626625
74534906276
74534906280
75436304977
79736507050
79736498849
80004672145
80004672146
80004688530
79743584618
79743584682
91815504153
91815504169
91815520553
91815504154
91815504170
75709639249
79731247769
79731247770
79731247786
79735122577
79735138961
79735122578
79735138962
91815569946
75591862634
92885051930
75440474538
80029772434
74362559122
103643912873
74534906520
74450622484
74446186756
74450626580
74367453546
75587668310
75587668314
75587668330
80004606609
79744559777
79744559778
79744625313
79744625314
103660694181
103660694182
103660694186
148538828840
103643650725
103643650726
103643785765
75540990374
75540990378
75540990630
75540990634
91815520554
74446182916
74446187012
74450622500
74450626596
74468121092
74468125188
74534918488
103643781670
75519928836
75541076481
75541080577
103643720230
74467158274
75768355489
75768355490
75768617633
75768617634
79903627944
148556229284
148556229288
148623092388
148623092392
75587295256
79899043857
75437005457
75437021841
75437021842
79735446161
103643912874
75440478818
75440495202
79899437736
79899429542
79899023394
79899027490
79899039778
79899043874
79731247449
79731247450
79731247466
79731263833
79731263834
79731263850
79731976849
92885051689
92885068073
92885051674
148556487332
148556487336
148623104680
148555340290
148555344386
148555602434
148555606530
75440478817
74366409121
74366409122
74366425505
74450642968
74362546577
74362562961
75519928584
75541080322
75520186632
75520190728
75587295496
75587299592
75520022116
75566241377
74446182660
74363595425
74363595426
79899429526
75567110817
75567368869
75567110818
75567368870
74451036504
79730988689
75524872548
75440474457
74635889002
74446116904
75520891400
75520895496
75588000264
75588004360
75789326850
75500006049
75500006050
75500260009
75500260010
79899412886
79899412890
79899412906
79903607190
148556220774
148623083926
148623083930
148623083946
79730943649
79730927266
80004926105
80004926106
80004926122
74467416321
74467420417
74467416324
74534524945
79903607446
79903607450
79903607466
74363603625
74362538649
74362538650
75540896001
75541158145
75540900097
75541162241
75541158148
75608267009
79899412822
148556220758
148556220762
148556221018
148623083862
74635905386
74635897185
74635897186
74446817622
75709713002
148724402841
148724402842
148724402858
79899421352
148623084182
148623084186
148623084202
79903623830
79903623834
79899039764
79899043860
75541781156
75835722330
75441203617
75441203618
75441220002
74366478929
74367470233
75520805466
79743584617
103643650405
103643650406
103643650410
74366474897
74366474898
74366491281
74366491282
79899413142
79899413146
74366736737
74366736738
74366753122
74366425506
75591981652
75591981656
75608660568
74362209941
74362209942
74362209958
148555602178
74636216981
74636216997
74636216982
74636216998
74534898325
74534898329
75498866085
75498866086
75498866342
79735118497
79735118498
79735134882
75810380289
75810474661
75810384385
75810474665
79730923153
79730923154
79730939538
75608885673
75608885929
91811375642
91811375658
91811392042
74367453849
74367453850
74367453866
74366409361
74366425745
74366409362
74366425746
75498875298
75499137442
