1464937563460
1469501229448
2569012857224
1744379136392
2929538254408
2843890764168
2633454209608
1808820488776
2908332116552
1486748010824
2586259638600
1761625917768
2861137545544
1469232793224
1538037287240
2568744421000
1744110700168
2843622327944
2654660560456
1740151015048
2839662642824
1486479574600
2585991202376
1761357481544
2860869109320
2843974388036
1538304330052
2637815957828
1813182236996
2912693864772
2856859289924
1533740927300
1469316417860
2568828045636
1744194324804
1551189509508
2650701137284
1826067416452
2925579044228
1555131942280
2654643570056
1830009849224
1482402661960
2581914289736
1757280568904
2856792196680
1761626130824
2929873798792
2929589847688
2925244614280
1486681967236
2586193595012
1761559874180
2861071501956
1550922171784
2650433799560
1825800078728
2925311706504
1469585901896
2569097529672
1744463808840
2843975436616
2654996104840
1469317465672
2568829093448
1744195372616
2843707000392
1465021450568
2564533078344
1739899357512
2839410985288
1533740927304
2633252555080
1808618834248
2908130462024
1482201319752
2581712947528
1537969833352
2637481461128
1812847740296
2912359368072
1469301033604
2568812661380
1744178940548
2843690568324
1533926786440
2633438414216
1808804693384
2908316321160
1808620161672
2908131789448
1482202647176
2581714274952
1757080554120
2856592181896
1550922123912
2650433751688
1825800030856
1555133252936
2654644880712
1830011159880
2654997202308
1830363481476
2929875109252
1551190607236
2650702235012
1757349037444
2856860665220
1465291261316
2564802889092
1740169168260
1551173567816
2650685195592
1826051474760
2925563102536
2564801858184
1740168137352
2839679765128
1537970160964
2861137480328
1555400656516
2654912284292
1830278563460
2929790191236
2856792246920
2912694143624
1761357694600
1534010475844
2633522103620
1808888382788
2908400010564
1538304591176
2633252816516
1808619095684
2908130723460
1482201581188
2581713208964
1757079488132
2856591115908
1550921057924
2650432685700
1825798964868
1555401639560
2654913267336
1830279546504
2929791174280
1465291213384
1757079292232
2856590920008
1550920862024
2650432489800
1825798768968
2925310396744
1469316483400
2568828111176
1744194390344
2843706018120
2654929062536
2581914552968
1464938875460
2564450503236
1739816782404
1469501311560
2569012939336
1744379218504
2843890846280
2912341558664
1538238547588
2637750175364
1813116454532
2912628082308
1555132139848
2654643767624
1830010046792
1744378939972
2843890567748
1555400378948
1808803449412
2908315077188
2654912006724
2585924094532
1761290373700
2860802001476
1465223825796
2564735453572
1740101732740
1533943302532
2633454930308
1482403694980
2581915322756
1551172454728
2650684082504
1826050361672
2925561989448
1533925557896
2633437185672
1808803464840
2908315092616
1486698743172
2586210370948
1761576650116
2861088277892
1486764983876
2586276611652
1761642890820
2861154518596
1555484460612
2654996088388
1830362367556
2929873995332
1551189493316
2650701121092
1757062777220
2856574404996
1550904347012
2650415974788
1825782253956
2925293881732
1469299968388
2568811596164
1744177875332
2843689503108
1486480901512
2585992529288
1761358808456
1550904018504
2650415646280
1825781925448
2925293553224
1830077155976
1555485510276
2654997138052
1830363417220
2929875044996
1813183367816
1469317793348
2568829421124
1744195700292
2843707328068
1538037270084
2637548897860
1812915177028
2912426804804
2564802889284
1740169168452
1808887269700
2908398897476
1551106411140
2650618038916
1825984318084
2925495945860
1555132205704
2654643833480
1830010112648
2929521740424
1555149965960
1551172520584
2650684148360
1826050427528
2925562055304
2843707344260
1537969915464
2637481543240
1812847822408
2912359450184
2843957872968
2912426559816
1739832247684
2839343875460
1533926868552
2633438496328
1808804775496
2908316403272
1537969113732
2637480741508
1812847020676
2912358648452
1465022826056
2564534453832
1555467749700
2654979377476
1486748272964
2586259900740
1533926869316
2633438497092
1808804776260
2908316404036
1538288945476
2637800573252
1826068531524
2925580159300
1486413793604
1482117760324
1538305721672
1537970096776
2637481724552
1812848003720
2912359631496
1464938957128
1555484215876
2654995843652
1830362122820
2929873750596
2564450584904
1739816864072
2839328491848
1533658433864
2633170061640
1534010411656
2633522039432
1808888318600
2908399946376
1486697630084
2586209257860
1761575537028
2861087164804
1555216878152
2654728505928
1830094785096
2929606412872
1808871540104
1486430292360
1757063580036
2856575207812
1744464135560
2585941920136
1761308199304
1551173831240
2650685459016
1826051738184
2925563365960
2650432768584
1825799047752
2925310675528
1469569205572
2569080833348
1486681884292
2586193512068
1761559791236
2861071419012
1486429193860
2585940821636
1761307100804
2860818728580
1757265152392
2856776780168
1465291261320
2564802889096
1740169168264
2839680796040
1808888645000
2908400272776
1482471130504
2581982758280
1464955651396
2564467279172
1739833558340
2839345186116
1469518087496
2569029715272
2581897774724
1757264053892
2856775681668
1744395994440
2843907622216
2929588782468
1486748206468
2586259834244
1761626113412
2861137741188
1555467683204
2654979310980
1830345590148
2929857217924
2856574338436
1813098416708
2912610044484
1469569386884
2569081014660
1744447293828
2843958921604
1469316696452
2568828324228
1744194603396
2843706231172
1808888646212
2908400273988
1538221492808
2637733120584
1813099399752
2912611027528
1537968802376
2637480430152
1812846709320
2912358337096
2929875109448
2925496010312
2843689436744
1469300950660
2568812578436
1744178857604
2843690485380
1482201581192
2581713208968
1757079488136
2856591115912
1550921057928
2650432685704
1825798964872
2925310592648
1469316679304
2568828307080
1486765050184
2586276677960
1761642957128
2861154584904
1465004934536
2564516562312
1739882841480
2839394469256
1533724411272
2633236039048
1808602318216
2908113945992
1482184803720
2581696431496
2581897578824
1757263857992
2856775485768
2929589634436
1757348726340
2856860354116
1486496613960
2586008241736
1761374520904
2860886148680
1826068203912
1551123187076
2650634814852
1826001094020
2925512721796
1555148981640
2654660609416
1830026888584
2929538516360
2929791239816
1486699006596
2586210634372
1761576913540
2861088541316
1551189296520
2650700924296
1826067203464
2925578831240
1550905345416
2650416973192
1825783252360
2925294880136
2569079769668
1469300754760
2568812382536
1744178661704
2843690289480
1465223825800
2564735453576
1740101732744
2839613360520
1533943302536
2633454930312
1808821209480
1464938957188
2564450584964
1739816864132
2839328491908
1533658433924
2633170061700
1808536340868
2908047968644
1482118826372
2581630454148
1465290147400
2564801775176
1740168054344
2839679682120
1534009624136
2633521251912
1808887531080
2908399158856
1464938957192
2564450584968
1739816864136
1537952023940
2637463651716
1812829930884
2912341558660
1465207113284
2564718741060
1469501228616
2569012856392
1464954422852
2564466050628
1744379135560
2843890763336
1757062777224
2856574405000
1826050360904
2856793557576
1469568158340
2569079786116
1744446065284
2843957693060
1555400377672
2654912005448
1830278284616
2929789912392
1469569141384
2569080769160
1744447048328
2843958676104
1551123170888
1465207129476
2564718757252
1740085036420
2839596664196
1533926606212
2633438233988
1808804513156
2908316140932
1482386998660
2581898626436
1551190607176
2650702234952
1826068514120
2925580141896
1555198986628
2654710614404
1830076893572
2929588521348
1469300966984
1757079292484
2856590920260
2929539238536
1482202368584
2581713996360
1757080275528
2856591903304
1465273436488
2564785064264
1740151343432
2839662971208
1533992913224
2633504541000
1808870820168
2908382447944
1482453305672
2581964933448
1825799767688
1538238268744
2637749896520
1813116175688
1826000308804
1761307363908
2925511936580
1830026840644
1555417369156
1830295276100
2929806903876
1550853966404
2650365594180
1757012396612
2843959003716
2860801951364
1555131893380
2654643521156
1830009800324
2929521428100
1538287552136
1538221836676
2637733464452
1813099743620
2912611371396
1830363482504
1808536259204
2908047886980
1482118744708
2581630372484
1756996651652
2856508279428
1550838221444
2650349849220
1825716128388
2925227756164
2843640169800
1830078204228
2929589832004
1464954620488
2564466248264
1739832527432
2839344155208
1533674097224
2633185725000
1533993715332
2633505343108
1808871622276
2908383250052
1538238334600
2637749962376
1813116241544
2912627869320
1538287830664
2637799458440
1813165737608
1465223055748
2564734683524
1740100962692
2839612590468
1533942532484
2633454160260
1808820439428
2908332067204
1482402924932
2581914552708
1551189494088
2650701121864
1826067401032
2925579028808
2633169980040
1551105361476
2650616989252
2856775419460
1482385884740
2581897512516
1757263791684
1825983268420
2925494896196
1486680852036
2586192479812
1757063497092
2856575124868
1465021466244
2564533094020
1739899373188
2839411000964
1533740942980
2633252570756
1808618849924
2908130477700
1550921057864
2650432685640
1825798964808
1555200363140
2654711990916
1830078270084
2929589897860
1533724215620
2633235843396
1808602122564
2908113750340
1551123450500
2650635078276
1826001357444
2925512985220
2586210633096
1551189559944
2650701187720
1826067466888
2925579094664
1469584934276
2569096562052
1744462841220
2843974468996
2912359631176
2654644898184
1469585917320
2569097545096
1744463824264
2843975452040
1465021466248
2564533094024
1739899373192
2839411000968
1533740942984
1744462841160
2633252570760
1486749336904
2586260964680
1761627243848
2861138871624
1538237221512
2637748849288
1813115128456
2912626756232
2654710696516
2929588603460
1830076975684
2581897495880
1757263775048
2856775402824
1757080357188
2856591984964
1550921926980
2650433554756
1825799833924
2925311461700
1486497417540
2586009045316
1761375324484
2860886952260
1555400641096
1555200051784
2654711679560
1830077958728
2929589586504
2925311461768
1757080619396
2856592247172
1486413465992
2585925093768
1761291372936
2860803000712
2925244353096
1469586244932
2569097872708
1744464151876
2843975779652
1486698923652
2586210551428
1761576830596
2861088458372
1830077942340
2929589570116
1482185591364
1550905068100
2650416695876
1538020166212
2637531793988
1757063498308
1825782975044
2925294602820
1465222776132
2564734403908
1740100683076
2839612310852
1465207129480
2564718757256
1740085036424
2839596664200
1533926606216
2633438233992
1808804513160
2908316140936
1538237549124
2637749176900
1813115456068
2912627083844
1538036959812
2637548587588
1482385933960
2581897561736
1469250374020
2568762001796
1744128280964
2843639908740
1538238532168
2908383447620
1533993912900
1808871819844
2637750159944
1813116439112
2912628066888
2856792180356
1830279285064
1812898351432
1469316483464
2568828111240
1744194390408
2843706018184
2843890828872
1469568075396
2569079703172
1744445982340
2843957610116
1482454108484
1761576634696
1465222841988
2564734469764
1740100748932
2839612376708
2861088262472
1486748223816
2586259851592
2908046591624
1482117449352
2581629077128
1465021450628
2564533078404
1739899357572
2839410985348
1808618834308
2908130462084
1482201319812
2581712947588
1482402990408
2581914618184
1757280897352
2856792525128
2929606673796
1486430291528
2585941919304
1761308198472
2860819826248
1486479787592
2585991415368
1761357694536
2860869322312
1555132155272
2654643783048
1830010062216
2929521689992
1757265151560
2856776779336
2929807672968
2912426739336
2929588848264
2925511935624
1551172470152
2650684097928
2843640235656
2843707328840
1465223055752
2564734683528
1740100962696
2839612590472
1533942532488
2633454160264
1808820439432
2908332067208
1482402924936
2581914552712
1486748289672
2586259917448
1465021450632
2564533078408
1739899357576
2839410985352
1808618834312
2908130462088
1482201319816
2581712947592
2637530809992
2650701973128
1812846970244
2912358598020
1465224152644
2564735780420
1740102059588
2839613687364
1465206015560
2564717643336
1740083922504
2925496011396
2839595550280
1534009378180
1555215844676
1830093751620
2654727472452
2929605379396
1469585197700
2569096825476
1744463104644
2843974732420
2586008177288
1555417417032
1826050704708
2654929044808
1830295323976
2929806951752
1555216827720
2654728455496
1830094734664
2929606362440
1469586180744
2569097808520
1744464087688
2843975715464
1551173780808
2650685408584
1826051687752
2925563315528
1555216025988
2654727653764
1830093932932
2856574092612
2929605560708
2569029454408
1486429178440
2856574093892
2585940806216
1761307085384
2586260965956
1469569468996
2569081096772
1469250701892
2568762329668
1744128608836
2843640236612
1537970178628
2637481806404
1812848085572
1555485329800
2654996957576
1830363236744
2929874864520
1757264038472
2856775666248
1464938957384
2564450585160
1739816864328
2839328492104
1808536341064
2908047968840
2929790126728
1830346393224
1761575519880
1537953121608
2637464749384
1739900683908
2839412311684
1533742253700
2633253881476
1808620160644
2908131788420
1482202646148
2581714273924
1757080553092
2856592180868
1555216893576
2654728521352
1830094800520
2929606428296
1739900488008
2839412115784
1533742057800
2633253685576
1808619964744
2908131592520
1482202450248
2581714078024
1757080357192
2856591984968
1551173846664
2650685474440
1826051753608
2925563381384
1465223039556
2564734667332
1740100946500
2839612574276
1469502080324
2569013708100
1744379987268
2843891615044
1538221557060
2637733184836
1813099464004
1482118546756
2581630174532
1756996453700
2860818711880
1830363220552
1469232597636
2568744225412
1744110504580
2843622132356
1537952074372
2637463702148
1812829981316
1555467422020
2654979049796
2929856956740
1533725198920
2633236826696
1538220525188
2637732152964
1813098432132
2912610059908
1808603105864
2908114733640
1482185591368
2581697219144
1551122188612
2650633816388
1826000095556
2925511723332
2650349865284
1825716144452
2925227772228
1538221508232
2637733136008
1813099415176
2912611042952
1551123171656
2650634799432
1826001078600
2925512706376
1825782253896
2925293881672
1826068465220
2637547586884
1812913866052
2912425493828
2925580092996
1482201384260
2581713012036
1757079291204
2856590918980
1550920860996
2650432488772
2650365380164
1550853752388
1756996453704
2581697563012
1757063842180
2856575469956
1550905411972
2650417039748
1825783318916
2650366363972
2925294946692
1469301033348
2568812661124
1465022826116
1486765065608
2586276693384
1761642972552
2861154600328
1550836976264
1555467487876
2654979115652
1830345394820
2929857022596
1744127543944
1830279350920
1537952008520
2637463636296
1812829915464
2912341543240
1761576634760
1555468470920
2654980098696
1830346377864
2929858005640
1555215780488
2654727408264
1830093687432
2929605315208
1551123237512
2650634865288
1826001144456
2925512772232
1469585902216
1826050640520
2925562268296
2929522542920
1465022826120
2564534453896
1739900733064
1744395912520
2839412360840
1533742302856
1464938957444
2564450585220
1739816864388
2839328492164
1808536341124
2908047968900
1469300770184
2568812397960
1744178677128
1538305378948
2637817006724
1813183285892
2912694913668
1464938957448
2564450585224
1739816864392
2839328492168
1808536341128
2908047968904
1482118826632
1813166852420
2912678480196
1482454370628
2581965998404
1757332277572
2856843905348
1551173847364
2650685475140
1486749337924
2586260965700
2654928800072
1537952074376
2637463702152
1812829981320
2912341609096
2654727735876
2929605642820
2581914535240
1757280814408
2856792442184
1486682212740
2586193840516
1761560119684
2861071747460
1486429522308
2585941150084
1761307429252
2860819057028
2908047967812
1555217091144
2654728718920
1830094998088
2929606625864
2925244533128
1761560118664
2929858087304
1482469837188
2581981464964
1757347744132
2856859371908
1486430505352
2585942133128
1761308412296
2860820040072
2860803311236
1482470820232
2581982448008
1757348727176
2856860354952
2568811547204
2929588800068
1482184821316
1744177826372
2843689454148
1812897303108
2912408930884
1533724428868
2633236056644
2925244336708
1469250423364
2568762051140
1744128330308
2843639958084
1812847807044
2912359434820
1486430292548
2585941920324
1464955456068
1486748206728
1538220722756
2637732350532
2912610257476
1482402973320
2581914601096
1757080290952
2856591918728
1469299657096
2568811284872
2912678135368
1744177564040
1533993699912
2633505327688
1808871606856
2908383234632
2843689191816
1469585114756
2569096742532
1744463021700
2843974649476
2912425444936
1465207114120
2564718741896
1740085021064
2839596648840
1808620160648
2908131788424
1482202646152
2581714273928
1757080553096
2856592180872
1550922122888
2650433750664
1825800029832
1757349054788
2856860682564
1761559808328
2861071436104
1825983252036
1555200312708
2654711940484
1482202711620
1830026889608
2585925092936
1761291372104
2860802999880
1555485246856
2654996874632
1830363153800
1469299984708
2568811612484
1744177891652
2843689519428
2585924291204
1761290570372
2860802198148
1826067416456
2925579044232
1469584918856
2569096546632
1744462825800
2843974453576
1482452978308
2581964606084
1757330885252
2856842513028
1469300967752
2568812595528
1744178874696
2843690502472
1486681967240
2586193595016
1761559874184
2861071501960
1465291212360
1757079291208
2856590918984
1550920861000
2650432488776
1825798767944
2925310395720
1469316482376
2568828110152
1744194389320
2843706017096
2908115077512
1482185935240
1469316482632
2568828110408
1744194389576
2843706017352
2581697563016
2856575469960
1550905411976
1465273125188
2564784752964
1740151032132
2839662659908
1533992601924
2633504229700
1555467438404
2654979066180
1551172471108
2650684098884
1537968850312
2637480478088
1812846757256
2912358385032
1555485574468
2654997202244
1830363481412
2929875109188
1469518875268
2569030503044
1744396782212
2843908409988
1533925803400
2633437431176
1808803710344
2908315338120
1830278497608
2929790125384
2568812661384
1744178940552
2843690568328
1482403693956
2581915321732
1757281600900
2856793228676
1551123170692
2650634798468
1826001077636
2925512705412
1486698661252
2586210289028
1555149703556
2654661331332
1830027610500
2929539238276
1482454288964
2581965916740
1482201598532
2912628081988
2929539515716
1464955667780
2564467295556
1739833574724
2839345202500
1808553051460
2908064679236
1808602383748
2908114011524
1482184869252
1830077220228
2929588848004
2581696497028
1469299967364
1550904345988
2650415973764
2568811595140
1550853966212
2650365593988
1825731873156
2925243500932
1464954620548
2564466248324
2860887198344
1465274501448
2564786129224
1740152408392
2839664036168
1533993978184
2633505605960
1808871885128
2908383512904
1482454370632
2581965998408
1744395978376
2929875109256
1537970160968
2637481788744
1812848067912
2912359695688
1555400656520
2654912284296
1830278563464
2929790191240
2654660545160
2568829160072
2581914356360
1739815799364
2839327427140
1464955667784
2564467295560
1739833574728
2839345202504
1808553051464
2908064679240
1464954620552
2564466248328
1739832527496
2839344155272
1533674097288
2633185725064
1808552004232
2908063632008
2908113963592
1538237564548
2637749192324
1813115471492
2912627099268
1482184821320
2581696449096
1757062728264
2856574356040
1757013232200
2856524859976
1550854801992
2650366429768
1825732708936
2925244336712
1469250423368
1469568402756
2569080030532
1744446309700
2843957937476
1538287879492
2637799507268
1813165786436
2912677414212
1555467748676
2654979376452
1538238547592
2637816300872
2637750175368
1813116454536
2912628082312
1555485328968
2925226460740
2654996956744
1830363235912
2929874863688
1486698743176
2586210370952
1761576650120
2861088277896
1555131877764
2654643505540
1830009784708
2929521412484
2861071697288
1555484527236
2654996155012
1830362434180
2929874061956
1744128346760
1537969047880
2637480675656
1812846954824
2912358582600
1551105428100
2650617055876
1825983335044
2925494962820
1555485510280
2654997138056
1830363417224
2929875045000
2843623443076
1537953385092
2637465012868
1812831292036
2912342919812
1486413777540
2585925405316
1534009362760
2633520990536
1808887269704
2908398897480
1551106411144
2650618038920
1825984318088
2925495945864
1469317809544
2568829437320
1744195716488
1744177890632
1744396715336
1538020231812
2637531859588
1812898138756
2912409766532
1830346720836
2929858348612
1465274500676
2564786128452
1740152407620
2839664035396
1533993977412
2633505605188
1469301032516
2568812660292
1537969113736
2637480741512
2569012595012
1744378874180
2843890501956
1761558743364
1533925476676
2633437104452
1808803383620
2908315011396
1551105345860
2650616973636
1555149785668
2654661413444
1808887335560
2908398963336
1555484215880
2654995843656
1830362122824
2929873750600
2654710678852
2929588585796
1555199051076
1830076958020
1469299705156
2568811332932
1744177612100
2843689239876
1538019181892
2637530809668
1555401689668
2654913317444
1469502343748
2569013971524
1486697630088
2586209257864
1761575537032
2861087164808
1533657105736
2633168733512
1808535012680
2908046640456
1482117498184
2581629125960
1756995405128
1486680901252
2586192529028
1761558808196
2861070435972
2581697300872
1757063580040
2856575207816
1465006065224
2564517693000
1739883972168
2839395599944
1533725541960
2633237169736
1808603448904
2908115076680
1482185934408
1469569205576
2581982758532
1555148999236
2654660627012
1469249653316
2929538533956
1464954686020
2564466313796
1739832592964
2839344220740
1533674162756
2633185790532
1486681884296
1486429193864
2585940821640
1761307100808
2860818728584
2581897774728
1757264053896
1469568403844
2569080031620
1744446310788
2843957938564
2856775681672
1739882907016
1538220509768
1812897352008
2637732137544
1813098416712
2912610044488
2839394534792
1533724476808
2633236104584
1808602383752
1469569386888
2569081014664
1744447293832
2843958921608
1469316696456
2568828324232
1744194603400
2843706231176
1808888646216
2908400273992
1469518792324
2569030420100
1744396699268
2843908327044
2843689240136
2839613688200
2839612327496
1486698940744
2586210568520
1761576847688
2861088475464
1469300950664
2568812578440
1744178857608
2843690485384
2650633750088
1739833624200
2839345251976
1555467437444
2654979065220
1482469836356
2581981464132
1486430504520
2585942132296
1761308411464
2860820039240
1825984645512
1555200099720
2654711727496
1830078006664
2929589634440
1757348726344
2856860354120
1465273435464
2564785063240
1740151342408
2839662970184
1533992912200
2633504539976
1808870819144
2908382446920
1482453304648
2581964932424
1551123187080
2650634814856
1826001094024
2925512721800
1550904362376
2650415990152
1825782269320
2925293897096
1538305706376
1469568092488
2586259917380
2569079720264
1744445999432
2843957627208
1486699006600
2586210634376
1486496352648
1761576913544
2861088541320
1486749321540
2586260949316
1761627228484
2861138856260
1830346705220
2929858332996
1830078269764
2929589897540
2856506968456
1550836910472
2650348538248
1825714817416
2925226445192
1469232531848
2568744159624
1744110438792
2843622066568
1465273173380
2564784801156
1740151080324
2839662708100
1808870557060
2908382184836
1482453042564
1482385933700
1740085020232
1830346655044
2929858282820
2839596648008
2839327163784
1533657105800
1808535012744
2908046640520
1482117498248
2581629126024
1756995405192
2856507032968
1550836974984
1551123514692
2650635142468
2925513049412
1826001421636
1469233908360
2568745536136
1537953385096
2637465012872
1486413777544
1469568158344
2569079786120
1744446065288
1533942531460
2633454159236
1808820438404
2908332066180
1469518022020
2569029649796
1744395928964
2843907556740
1538237498756
2637749126532
1465006049608
2564517677384
1739883956552
2581646903876
1757013183044
2856524810820
2839395584328
1808603433288
2637480757896
1551122203972
2650633831748
1826000110916
2925511738692
2568761017668
1744127296836
1464954422596
2564466050372
1739832329540
2839343957316
1555198986632
2654710614408
1830076893576
2929588521352
2912627018376
1813183284872
1537952351556
1812830258500
2912341886276
1555468813956
2654980441732
1830346720900
2929858348676
1465205999944
2564717627720
1740083906888
2839595534664
1533925476680
2633437104456
1808803383624
1533992666436
2633504294212
1808870573380
1551105345156
2650616972932
1825983252100
2925494879876
1537953334600
1464938677636
2564450305412
1739816584580
2839328212356
1533658154372
2633169782148
1808536061316
2908047689092
1482118546820
1465207113092
1538035894660
1812913801604
2912425429380
1465207376456
2564719004232
1740085283400
2839596911176
1533926853192
2633438480968
2912426476872
1808804760136
2908316387912
1482387245640
1464954422600
2564466050376
1739832329544
2839343957320
1808551806280
2908063434056
1482134291784
2581645919560
1830078270024
1538221836680
2637733464456
1813099743624
2912611371400
1555199314244
2654710942020
1482134555208
2581646182984
1757012462152
2856524089928
1550854031944
2650365659720
1825731938888
2925243566664
1469249653320
2568761281096
1551122401604
2650634029380
1555200297288
2654711925064
1830078204232
2929589832008
1756996453768
2856508081544
1550838023560
2650349651336
1825715930504
2925227558280
1469233644936
2568745272712
1744111551880
2843623179656
2912342935176
1550855063880
2650366691656
2908114815300
1825732970824
2925244598600
1533993715336
2633505343112
1808871622280
2908383250056
2860886951236
1469317547332
2568829175108
1744195454276
2843707082052
1538037024068
2637548651844
1465022580036
2564534207812
1739900486980
1550853965380
2650365593156
1825731872324
2925243500100
1757080537476
2856592165252
1550922107268
2650433735044
1825800014212
2581696234884
2925311641988
1469317728644
1465274223236
2564785851012
2860869305736
1555418204804
2654929832580
1830296111748
2929807739524
1555467700868
2654979328644
1830345607812
2929857235588
1813165738632
1739883628100
2839395255876
1533725197892
2633236825668
1808603104836
2908114732612
1482185590340
1825782974020
2925294601796
1469300688452
2908130544260
1482201401988
2581713029764
1757079308932
2856590936708
1550920878724
2650432506500
1825798785668
2925310413444
1551122467460
2650634095236
2585942115720
1551123450504
2650635078280
1826001357448
2925512985224
2912359434568
2912408930632
1469584934280
2569096562056
1744462841224
2843974469000
1538037271172
2637548898948
1812915178116
2912426805892
2564802824516
1740169103684
2839680731460
1534010673476
2633522301252
1808888580420
2908400208196
1469586164036
2569097791812
1744464070980
1757063824708
2856575452484
2637481740616
1537952287368
2637463915144
1812830194312
2912341822088
1533992602248
2633504230024
1808870509192
2908382136968
1486765787524
2586277415300
1761643694468
2861155322244
1740167875140
2839679502916
1808887351876
2908398979652
1826067221060
1538304412228
2637816040004
2925578848836
1555199068744
2654710696520
1830076975688
2929588603464
2912694978952
2843640154504
1486412482952
2585924110728
1761290389896
2860802017672
1486697940612
2586209568388
1761575847556
2861087475332
1486497351300
2586008979076
1761375258244
2860886886020
2564534209092
1739900488260
2839412116036
1534010493508
2633522121284
1808888400452
2908400028228
1482470885956
1482454304388
2581965932164
1757332211332
2856843839108
1465223054728
1486698923656
2586210551432
1469502081412
2569013709188
1744379988356
2843891616132
2568761018756
1744127297924
2843638925700
1538237549128
2637749176904
1813115456072
2912627083848
1538036959816
2637548587592
1812914866760
2912426494536
2843639908744
1533993912904
2633505540680
1808871819848
2908383447624
2929521428040
1465022581320
2564534209096
1739900488264
2839412116040
1482202450504
1486413793608
2585925421384
1761291700552
2860803328328
1469568075400
1538304411976
2569079703176
1744445982344
2843957610120
2650415728200
1482454108488
2581965736264
1757332015432
2856843643208
1486697629256
2586209257032
1761575536200
2861087163976
2929521755784
2856574356036
1555217139080
2654728766856
1830095046024
2929606673800
1469250701636
2929856972424
1550838039944
2650349667720
1825715946888
2925227574664
1469585131848
2569096759624
1757281602180
2856793229956
1744463038792
2843974666568
1465004689796
2564516317572
1739882596740
2839394224516
1533724166532
2633235794308
1808602073476
2908113701252
1482184558980
2581696186756
1757080356168
2856591983944
1825799832904
2925311460680
1469317547336
2568829175112
1744195454280
2585992185480
2637548848776
2908131772808
1482202630536
2581714258312
1757080537480
1469569386056
2569081013832
1744447293000
2843958920776
1469316695624
2568828323400
1744194602568
2856860404356
2843706230344
1538221753736
2637733381512
1813099660680
1537969063304
2637480691080
1812846970248
2912358598024
2860818975304
2856859290184
2908114732616
1482185590344
2581697218120
1757063497288
2856575125064
1550905067080
2650416694856
1825782974024
2925294601800
1469300688456
1808618916488
2908130544264
1482201401992
2581713029768
1757079308936
2856590936712
1550920878728
2650432506504
1825798785672
2925310413448
1555468535112
2654980162888
1830346442056
2929858069832
1830093751624
2929605379400
1469585197704
2569096825480
2925512983940
1469519070596
2569030698372
1744396977540
2843908605316
1538238547332
2637750175108
1813116454276
2912628082052
1464955667844
1465004689800
2564516317576
1739882596744
1533724166536
1551172797768
2650684425544
1826050704712
2925562332488
1757063841156
2856575468932
1550905410948
2650417038724
1825783317892
2925294945668
1469301032324
2568812660100
1744178939268
2843690567044
1555216025992
2654727653768
1830093932936
1465291196744
2564802824520
1740169103688
2839680731464
1534010673480
2633522301256
1808888580424
2908400208200
1482471065928
2581982693704
2861154519688
2912627821192
2912408996488
1465021515332
2564533143108
1739899422276
2839411050052
1533740992068
2633252619844
1808618899012
2908130526788
1482453042756
2581964670532
1464955667848
2564467295624
1739833574792
1533657105992
2633168733768
1808535012936
2908046640712
1482117498440
2581629126216
1756995405384
2856507033160
1550836975176
2650348602952
1465289968200
2564801595976
1740167875144
2839679502920
2585925143176
2581629405832
2912627869000
2912677365064
2839612574280
2856843904324
1465274500420
2564786128196
1740152407364
2839664035140
1808871884100
2908383511876
1744447374660
2654912283976
1555467422024
2654979049800
1830345328968
1538220525192
2637732152968
1813098432136
2912610059912
1826000095560
2925511723336
2633522382472
1808888661640
2908400289416
1555198985800
2654710613576
1830076892744
2929588520520
2925311378824
1465273453188
2564785080964
1533992929924
2633504557700
1482453322372
2581964950148
1486412400008
2585924027784
1761290306952
2843623131524
1537953073540
2637464701316
1812830980484
2912342608260
1486413465988
2585925093764
1761291372932
2860803000708
1555401378436
2654913006212
1830279285380
2929790913156
1482202629512
2581714257288
1757080536456
2856592164232
1812897302084
2585991415364
2912408929860
1555199264324
2654710892100
1533724427844
2633236055620
1808602334788
2908113962564
1808552838724
2908064466500
1482135324228
1469250422340
2568762050116
1744128329284
2843639957060
1537969899076
2637481526852
1812847806020
1555467487880
1538036157064
1469502343816
1825716210312
2925227838088
1808870753860
2908382381636
1538221835848
2637733463624
1813099742792
2912611370568
2912610322760
1465006065284
1465206261124
2564717888900
2564517693060
1739883972228
2839395600004
1533725542020
2633237169796
1808603448964
2908115076740
1744111764808
1538304395908
2637816023684
1813182302852
2912693930628
1538020444804
2637532072580
1812898351748
2912409979524
2654660282696
2585925338440
1761291617608
2860803245384
1538305378952
2637817006728
1813183285896
1533926541636
2633438169412
1465207064900
2564718692676
1469502032196
2569013659972
1744379939140
2843891566916
2633168733828
1808535012996
2908046640772
1757331932488
2856843560264
1739815536264
2839327164040
1533657106056
2633168733832
1486480640388
2585992268164
1808535013000
1555468798536
2654980426312
1830346705480
2929858333256
1555216108104
2654727735880
1830094015048
1465006065288
2564517693064
1739883972232
2839395600008
1533725542024
1486682212744
2586193840520
1761560119688
2861071747464
1486429522312
2585941150088
1761307429256
2860819057032
1744447309192
1486681114244
2586192742020
1761559021188
2861070648964
1482469837192
1757347744136
2856859371912
1486413776520
2585925404296
1761291683464
2860803311240
1482454091400
2581965719176
1469519120772
2569030748548
1744397027716
2843908655492
2581697561992
1757063841160
2856575468936
1538220722760
2637732350536
1813098629704
2912610257480
1550905410952
2650417038728
1825783317896
1744464136520
2925513049672
1469250684548
2568762312324
1744128591492
2843640219268
1486680918344
2586192546120
1761558825288
1555199002952
2861070453064
1469585114760
2569096742536
1744463021704
2843974649480
1482471147848
1757349054792
2856860682568
1555199329668
2654710957444
1830077236612
2929588864388
1486412482120
2585924109896
1761290389064
2860802016840
2856591198532
1550921140548
2650432768324
1761374538052
2860886165828
1744463104324
1555484263816
2654995891592
1830362170760
2929873798536
1555200312712
1830078219656
2929589847432
1482202711624
2581714339400
1482454369608
2581965997384
1550855079304
2650366707080
1825732986248
2925244614024
1469518809416
2569030437192
1744396716360
2843908344136
1469299984712
2568811612488
1744177891656
1533725526404
2633237154180
1808603433348
2908115061124
1482185918852
2581697546628
1757330885256
2586193577608
2637750240904
1465273453192
2564785080968
1740151360136
1465206343236
2564717971012
1740084250180
2839595877956
1469250373192
1465021794632
2564533422408
1739899701576
2839411329352
1533741271368
2633252899144
1808619178312
2908130806088
1482201663816
2581713291592
1756996405640
2856508033416
1550837975432
2650349603208
1826067400264
1825715882376
2564718954056
1740085233224
2839596861000
2929791240776
2843639106180
1465004951112
2564516578888
1739882858056
2839394485832
1533724427848
2633236055624
1808602334792
2908113962568
1482135324232
2581646952008
1757013231176
2856524858952
1550854800968
2650366428744
1825732707912
2925244335688
1469250422344
2633235858824
1555485574472
2654997202248
1830363481416
2929875109192
1812846955144
1465006049672
2564517677448
1739883956616
2839395584392
1533725526408
2633237154184
1808603433352
2908115061128
1482185918856
2581697546632
1537969047112
1826000110980
2925511738756
1830295078276
2585940886916
2929806706052
1464954422660
2564466050436
1739832329604
2839343957380
1486697694596
2650618103112
1825984382280
2925496010056
1555148720516
2654660348292
1830026627460
2929538255236
1486497335880
2586008963656
1761375242824
2860886870600
1551105673604
2650617301380
1825983580548
2925495208324
1550905084292
2650416712068
1825782991236
2925294619012
1555149703560
1482454288968
2581965916744
1537952007556
2637463635332
1812829914500
2912341542276
1486412400004
2654643504516
1550836909444
2650348537220
1482201598536
2581713226312
1830026577544
1825984563592
2925496191368
2925243500936
2861155322504
1482386934088
1538237498696
2637749126472
1813115405640
2912627033416
1464954422664
2564466050440
1739832329608
2839343957384
2568745535108
1744111814276
2843623442052
1537953384068
2637465011844
1812831291012
2912342918788
1486413776516
2585925404292
1761291683460
2569013922440
1538288682628
2637800310404
1813166589572
2912678217348
1826068252996
2925579880772
1555484461384
2654996089160
1830362368328
2929873996104
1538237564552
2861070370116
2586192463172
1469500966212
2581897495876
2856775402820
1740083905860
2839595533636
1465205998916
1533925475652
2633437103428
1757079553348
1551105362248
2650616990024
1825983269192
2925494896968
1555216025160
2654727652936
1830093932104
2929605559880
2912341607816
1740085282372
2839596910148
1808804759108
2908316386884
1551106721348
2650618349124
1757013230980
2856524858756
2856574354820
2843639106120
1486429439368
2585941067144
1761307346312
2860818974088
1812897089860
2912408717636
1555418417796
2654930045572
1830296324740
2929807952516
1757347661192
2856859288968
1808820177220
2908331804996
1538020165960
2581646181956
1812847035972
1757012461124
2856524088900
1550854030916
1551105428104
2650617055880
1825983335048
2925494962824
1533926524484
2633438152260
1808804431428
2908316059204
1533673834052
2633185461828
1808551740996
2908063368772
1761290306888
1812846970184
1538287569540
2637799197316
1813165476484
2912677104260
1486680835400
2586192463176
1761558742344
1465004934724
2564516562500
1739882841668
2839394469444
1533724411460
2633236039236
1469568337476
2569079965252
1744446244420
2843957872196
2633453963908
1808820243076
1482471064904
2581982692680
1757348971848
2856860599624
1486497679748
2586009307524
1761375586692
2860887214468
1825798703684
2925310331460
1555149785672
2654661413448
1830027692616
2929539320392
1465022581380
2564534209156
1739900488324
2839412116100
1533742058116
2633253685892
1808619965060
2908131592836
1482202450564
2581714078340
1551106738760
2650618366536
1825984645704
2925496273480
1465004934728
2564516562504
1739882841672
2839394469448
1533724411464
2633236039240
1808602318408
2908113946184
1482184803912
2581696431688
1486479836552
1486680901256
2586192529032
1761558808200
2861070435976
1813166787140
2912678414916
1482471130760
2581982758536
2856860665480
1469502294404
2569013922180
1744380201348
2843891829124
2650348537224
1825714816392
2925226444168
1469232530824
2568744158600
1744110437768
1537952007560
2637463635336
1744446310792
2843957938568
1469517809284
2569029437060
1744395716228
2843907344004
1739900488072
2839412115848
1482135521604
2581647149380
1757013428548
2856525056324
1486697957704
2586209585480
1761575864648
1538019461448
2861087492424
1469518792328
2569030420104
1744396699272
2843908327048
1469299967624
2568811595400
1744177874568
1555133007236
2654644635012
1830010914180
2929522541956
1486682211912
2586193839688
1761560118856
2861071746632
1486429521480
2585941149256
1761307428424
2860819056200
1486413792904
1555467437448
2654979065224
1830345344392
2929856972168
2856859371080
1486480820868
2585992448644
1761358727812
2860870355588
2925226788488
1551122204040
2650633831816
1826000110984
2925511738760
1465205998920
2564717626696
1740083905864
2839595533640
1533925475656
2633437103432
1808803382600
1465004673348
2908315010376
1482385868104
1469233662280
1482135587460
2581647215236
2568745290056
1744111569224
2843623197000
2581981645448
2908316386888
1482387244616
2581898872392
2929588849224
1538037007752
2929807673928
2637548635528
1812914914696
2912426542472
1757012461128
2856524088904
1469249652296
2568761280072
1744127559240
2843639187016
1830295259784
1555468748104
2654980375880
1830346655048
2929858282824
2654661659208
1551123514696
2650635142472
1826001421640
1486681098824
2586192726600
1761559005768
1757012200004
2856523827780
2861070633544
2912610060936
1555217073540
2654728701316
1761375503748
2860887131524
1465022760324
2564534388100
1739900667268
2839412295044
1533742237060
2633253864836
1550922123652
2650433751428
2856524810824
1761290372744
1744128263816
2843975781000
1757079307908
2856590935684
1550920877700
2650432505476
1825798784644
2925310412420
1469316499076
2568828126852
1744194406020
2843706033796
1555468813960
2654980441736
1830346720904
2654997203592
2843907541572
1551105345160
2650616972936
1825983252104
2925494879880
2637749127816
1465006049860
1538035894664
2637547522440
1812913801608
2912425429384
2929806690628
1830011111748
2929522739524
1744194587208
1538305721988
2637817349764
1813183628932
2912695256708
1486766032196
2586277659972
1761643939140
2861155566916
1830363415876
2929875043652
1555418138952
2654929766728
1555199314248
2654710942024
1830077221192
2929588848968
1551122401608
2650634029384
1826000308552
2925511936328
2564801594948
1740167874116
2839679501892
1534009443908
2633521071684
1808887350852
2908398978628
1469584934468
2569096562244
1555149702728
2654661330504
1465290148484
2564801776260
1740168055428
2839679683204
1534009625220
2633521252996
1808887532164
2908399159940
1482470017668
2581981645444
2856508032388
2633252555076
1551106655816
2650618283592
1825984562760
2925496190536
2925243500104
1830011177604
2929522805380
1482184607112
2581696234888
1757062514056
2856574141832
1757281880712
1538037205320
2637548833096
1533657123140
2633168750916
1808535030084
2908046657860
1551173585540
2650685213316
1826051492484
2925563120260
1555418204808
2654929832584
1830296111752
2929807739528
1555467700872
2654979328648
1555132140168
1551122467464
2650634095240
1826000374408
2925512002184
1744110765384
2912408734024
1761374471496
2861138527556
1538304608900
2637816236676
1813182515844
2912694143620
1482403759428
2581915387204
1482453255492
2581964883268
1486697874760
2586209502536
1761575781704
2861087409480
1538037271176
2637548898952
1812915178120
2912426805896
1486764804484
2586276432260
1761642711428
2861154339204
2650415909188
1825782188356
2585991399748
2860869306692
1555199248708
2654710876484
1830077155652
2929588783428
1465004935492
2564516563268
2929875126664
1486765787528
2586277415304
1761643694472
1486749058692
2586260686468
1761626965636
2861138593412
1486496368260
2586007996036
1761374275204
2860885902980
1486764722756
2586276350532
1830093670980
2929605298756
1482201320004
2581712947780
1757079226948
1555484199492
2654995827268
1550920796740
1482453321348
1469519119752
1486497351304
2586008979080
1486480639368
1482454304392
2581965932168
1757332211336
2856843839112
1465022760328
2564534388104
1739900667272
2839412295048
1538288667208
2637800294984
1813166574152
2912678201928
1538035976776
2637547604552
1812913883720
2912425511496
1469502081416
2569013709192
1744379988360
2843891616136
1469249390984
2568761018760
1744127297928
2843638925704
2861155649860
1744378889860
2843890517636
1757079307912
2856590935688
1550920877704
2650432505480
1825798784648
2925310412424
1469316499080
2568828126856
1744194406024
2843706033800
1465021450824
2564533078600
2564802840196
1740169119364
2839680747140
1533740927560
2633252555336
1808618834504
1465021794692
2564533422468
1739899701636
2839411329412
1533741271428
2633252899204
1808619178372
2908130806148
1482201663876
2581713291652
1555150046596
2654661674372
1830027953540
2929539581316
1551190361476
2650701989252
1826068268420
2925579896196
1555484476808
2654996104584
1830362383752
2929874011528
1465291195720
2564802823496
1740169102664
1757280619140
2856792246916
1465021794696
2564533422472
1739899701640
2839411329416
1808619178376
2908130806152
1482201663880
2581713291656
1465289967176
2564801594952
1740167874120
2839679501896
1534009443912
2633521071688
1808887350856
2908398978632
1482469836360
2581981464136
2637548652168
2856793229960
1465290148488
2564801776264
1469568403016
2569080030792
1744446309960
2843957937736
1534009625224
1538020181384
2637531809160
1812898088328
2912409716104
2929589652040
1555401442628
2568744159880
1744110439048
2843622066824
2654995909192
1555401623940
2654913251716
1830279530884
2929791158660
1555148933508
2654660561284
1830026840452
2929538468228
2581897841288
1465273452164
2564785079940
1740151359108
2839662986884
1533992928900
1551189248388
2650700876164
1826067155332
2925578783108
2633504556676
2929521412744
1482118497668
2581630125444
1830010848644
2929522476420
1486413464964
2585925092740
1761291371908
2860802999684
1550837974404
2650349602180
1555133187716
2654644815492
1830011094660
2929522722436
1761627227784
1825781941896
1761374537352
1538305443144
2637817070920
1813183350088
2912694977864
1551173502596
1826051409540
2925563037316
1808887612744
2908399240520
2856574339400
1550904281416
2650415909192
1825782188360
2925293816136
1808804498052
1555400329540
2654911957316
1830278236484
2929789864260
1555132991816
2654644619592
1830010898760
2929522526536
2861071435076
1469502031172
2569013658948
1744379938116
1757264840004
2856776467780
1482386933060
2581898560836
1551106409796
2650618037572
1555131893316
2654643521092
1830009800260
1757013427524
2586209503880
1465206016644
2564717644420
1740083923588
2839595551364
1533925493380
2633437121156
1808803400324
2908315028100
2633169996100
1538019395908
2637531023684
1812897302852
2912408930628
1555400395396
2654912023172
1830278302340
2929789930116
1757079553416
2856591181192
2929806625160
1538304330056
2637815957832
1813182237000
1808552069444
2908063697220
2912693864776
1551190624900
2650702252676
1826068531844
2925580159620
1555401378440
2654913006216
1830279285384
2650433488264
2929790913160
1533658416708
2633170044484
1808536323652
2908047951428
1538035893832
2637547521608
1812913800776
2912425428552
1465004934788
2564516562564
1739882841732
2839394469508
1533724411524
2633236039300
1808602318468
2908113946244
1482184803972
2581696431748
1744111568200
1761575863624
1538238286468
2637749914244
1813116193412
2912627821188
1538019461764
2637531089540
1812897368708
1555132990792
1486412727624
2585924355400
2860802262344
1538304395912
2637816023688
1813182302856
2912693930632
1538020444808
2637532072584
1812898351752
2912409979528
2581964670280
1757330949448
2856842577224
2633185773892
1486480640392
2585992268168
1465004934792
2564516562568
1739882841736
2839394469512
2843890846088
1486766098052
2586277725828
1761644004996
2861155632772
1469250618696
2568762246472
1744128525640
2843640153416
1482386998916
2581898626692
1486681114248
2586192742024
1761559021192
2861070648968
1744195455364
2843707083140
1465273452168
1538305706568
1533657303620
2637817334344
1813183613512
2912695241288
2564785079944
1740151359112
2839662986888
1533992928904
1744111502728
2843623130504
1537953072520
2637464700296
1812830979464
2912342607240
1486413464968
2585925092744
1469519120776
2569030748552
1744397027720
2843908655496
1533926607432
2633438235208
1808804514376
2908316142152
2633521055364
2650618037892
1469250684552
2568762312328
1744128591496
2843640219272
1486765786696
2586277414472
1761643693640
2861155321416
1555418154376
2654929782152
1830296061320
2929807689096
1555199329672
2654710957448
1830077236616
2929588864392
2925580076680
1486764984964
2586276612740
1761642891908
2861154519684
1465207063880
2564718691656
1740084970824
2839596598600
1533926540616
2633438168392
1808804447560
2908316075336
1482386933064
2581898560840
1469517826376
2569029454152
1744395733320
1482385885828
2581897513604
1757263792772
2856775420548
2843907361096
2654643832456
2856508082824
2912678462852
1538036237700
2637547865476
1812914144644
2912425772420
1469249390152
2568761017928
1744127297096
2843638924872
2569080768136
1465206016648
2564717644424
1740083923592
2839595551368
1533925493384
2633437121160
1808803400328
2929522723400
2908315028104
1482385885832
1826067203656
1538037220744
2637548848520
1812915127688
2912426755464
1825783252552
1469300689540
2568812317316
1744178596484
2843690224260
1761308150340
2860819778116
1550837171528
2650348799304
1825715078472
2925226706248
1465289886344
2564801514120
1740167793288
2839679421064
1482387196484
2581898824260
1757265103428
2856776731204
1486496352840
2586007980616
1761374259784
2860885887560
1555148720520
2654660348296
1830026627464
2929538255240
2929858267784
2861137741384
1482453305928
2581964933704
2912677168452
1555400312452
2654911940228
1825983334024
2929605577352
1551105673608
2650617301384
1825983580552
2925495208328
1550905084296
2650416712072
1825782991240
2925294619016
1486747945540
1533674079556
1538288616776
1551190541956
2650702169732
1826068448900
2925580076676
2637800244552
1813166523720
2912678151496
1550837237384
2650348865160
1825715144328
1538287815044
2637799442820
2929606428232
1813183628872
1757012445512
2856524073288
1740168120900
1550854015304
2912610239816
2650365643080
1825731922248
2925243550024
1757331999364
1469500967496
2569012595272
1744378874440
2861138544008
1757330885192
1538019378820
2637531006596
1812897285764
2912408913540
1555150031176
2654661658952
1830027938120
2929539565896
1538288682632
2637800310408
1813166589576
2912678217352
1555148932676
2654660560452
2654710942344
1551190346056
2650701973832
1826068253000
2925579880776
1465291213444
1757079292292
2856590920068
1825798769028
2925310396804
1486480557448
2585992185224
1761358464392
2860870092168
1550921909832
2650433537608
1825799816776
2925311444552
1812830980420
2912342608196
1555417434756
2654929062532
1830295341700
2929806969476
1813099416200
1538019182920
2637530810696
1812897089864
2912408717640
1555418417800
2654930045576
1830296324744
2929807952520
1465274418564
1465021728132
2564533355908
1739899635076
2839411262852
1761358792004
2860870419780
1465289951556
2564801579332
1740167858500
1551189297476
2650700925252
1482469820740
2581981448516
1757347727684
2856859355460
1538304395588
2654996941128
1538287569544
2637799197320
1813165476488
2912677104264
1482470081864
2581981709640
1533942336136
2633453963912
1550905346372
2650416974148
1482185869636
1465290933572
2564802561348
1740168840516
2839680468292
1534010410308
2633522038084
1812914849092
2912426476868
1486497334596
2586008962372
1761375569288
1486497679752
2586009307528
1761375586696
1465021450884
2564533078660
1739899357828
2839410985604
1533740927620
2633252555396
1808618834564
2908130462340
1482201320068
2581712947844
1486749271684
2586260899460
1761627178628
2861138806404
1757012117896
2856523745672
1482404038276
2581915666052
1469501311364
2569012939140
1744379218308
2843890846084
1465022498120
2564534125896
1739900405064
2839412032840
1533741974856
2633253602632
1808619881800
2908131509576
1482202367304
2581713995080
1812915194184
1469502294408
2569013922184
1744380201352
2843891829128
1465021450888
2564533078664
1739899357832
2839410985608
1533943646792
2633455274568
1808821553736
2908333181512
2929538467400
1813115389576
1486749075784
2586260703560
1761626982728
2861138610504
1740151096964
2839662724740
1469233858184
2568745485960
2654728504904
1744111765128
2843623392904
2637480429128
1486480639560
2585992267336
1761358546504
2860870174280
1550920862020
2650432489796
1744395716932
2843907344708
1808887335236
2908398963012
1825983318340
2925494946116
1550904018308
2650415646084
2925293553028
1825781925252
1555133007240
2654644635016
1830010914184
2929522541960
1825731675784
2564449257800
1533657106760
2633168734536
1486698662532
2586210290308
1761576569476
2861088197252
1486479837828
2585991465604
1761357744772
2860869372548
2581914552964
1757280832132
2856792459908
1486480820872
2564533357124
2585992448648
1761358727816
2860870355592
2586009224840
2856525122184
1537969915268
2637481543044
1812847822212
2912359449988
1469519119944
2569030747720
1744397026888
2843908654664
1757079292296
1538304345480
2637815973256
1813182252424
2912693880200
2843957938824
1830278548104
1813116439176
1551106459204
2650618086980
1469502080580
2569013708356
1744379987524
2843891615300
1538221557316
2637733185092
1813099464260
2912611092036
1555467765064
2654979392840
1830345672008
2929857299784
1830094784900
2929606412676
1486479526472
2585991154248
1761357433416
2860869061192
1465290147460
2564801775236
1740168054404
2839679682180
1534009624196
2633521251972
1551173831044
2650685458820
1826051737988
2925563365764
1555131894152
2654643521928
1830009801096
2929521428872
1757264890440
2856776518216
2912694207812
1465289951560
2564801579336
1740167858504
2839679486280
1534009428296
2633521056072
2843707263624
1550922123656
2650433751432
2856792459912
1756996453960
2856508081736
1550838023752
2650349651528
1825715930696
2925227558472
1469233645128
1538305656136
2637817283912
1813183563080
2912695190856
1744447031876
2843958659652
1469569124932
2569080752708
1469316434500
2568828062276
1744194341444
2843705969220
1808603384136
2908115011912
1538221492612
2637733120388
1813099399556
2912611027332
1537968802180
2637480429956
1812846709124
2912358336900
1744395913800
2843907541576
2581629127044
1756995406212
1550836976004
2650348603780
2654643849540
1830010128708
2929521756484
2908046641544
1756995406216
2856507033992
1555417155912
2654928783688
1830295062856
2929806690632
1555133204808
2654644832584
1830011111752
2929522739528
1465273436548
2564785064324
1740151343492
2839662971268
1533992913284
2633504541060
1808870820228
2908382448004
1482453305732
2581964933508
1551173519688
2650685147464
1826051426632
2925563054408
1830094981768
1469299901764
2568811529540
1744177808708
2843689436484
1538019378500
2637531006276
1486479770948
2585991398724
1761357677892
2860869305668
1550904100420
2929538188680
1486497596808
2586009224584
1482117514628
1756995421572
2856507049348
1761375503752
1550905083464
2650416711240
1825782990408
2925294618184
2860887147912
1812897024648
1534010427716
2633522055492
1538036222280
2637547850056
1812914129224
2912425757000
1555133270664
2654644898440
1830011177608
2929522805384
1551173585544
2650685213320
1826051492488
2925563120264
1533942580804
2633454208580
1808820487748
2908332115524
1533741991492
2633253619268
1808619898436
2908131526212
2843908589896
1464955405700
2564467033476
1739833312644
2839344940420
1486748009796
1537970178692
2637481806468
1812848085636
2912359713412
1486748992840
2586260620616
1761626899784
1482118825284
2581630453060
1756996732228
2856508360004
1534010493572
2633522121348
1808888400516
2908400028292
1486496302408
2586007930184
1538304608904
2637816236680
1813182515848
1757281666376
2856793294152
2581964883272
2912694994248
2929606609288
2839345269060
1533675211076
2633186838852
1808553118020
2908064745796
1757013510468
2856525138244
1486764804488
2586276432264
1761642711432
2861154339208
1486749058696
2586260686472
1825716128324
2925227756100
1744111749700
2843623377476
2839328410180
1486413711940
1486496368264
2586007996040
1538221574724
2637733202500
1482453321352
2581964949128
1757331228296
2856842856072
1465290147464
2564801775240
1740168054408
2839679682184
1534009624200
2633521251976
1808887531144
2908399158920
1482470016648
2860802984260
1469585966724
2569097594500
1744463873668
2843975501444
1486766115144
2586277742920
1761644022088
2581696186948
1757062466116
1538287569476
2637799197252
2929588537924
1486479526468
2585991154244
1826050378308
2843957627460
2581965997700
2564802840200
1740169119368
2839680747144
2586007930440
1486497678920
2586009306696
1761375585864
2860887213640
1555150046600
2654661674376
1830027953544
2929539581320
1551190361480
2650701989256
1826068268424
2925579896200
1465273436552
2564785064328
1740151343496
2839662971272
2585942132292
1761308411460
2860820039236
1830027888196
2929539515972
2861088474692
1830296323652
2581915600452
1465004689992
2564516317768
1739882596936
2839394224712
1533724166728
1486747945608
2586259573384
1761625852552
2650618021512
2586210616968
1757062710600
2856574338376
1550904280392
2650415908168
1825782187336
2925293815112
1469299901768
2568811529544
1744177808712
2843689436488
1825782253128
1826001077832
1538019198344
2637530826120
1812897105288
2912408733064
2912677431880
1469584853636
2569096481412
1744462760580
2843974388356
1744178873928
2929606609544
1464955668040
2564467295816
1739833574984
2839345202760
1533675144776
2633186772552
1808553051720
2908064679496
1482135537224
1555401442632
2654913070408
1830279349576
2654727391816
1486748273220
2586259900996
1555400640900
2654912268676
1830278547844
2929790175620
1830077958532
2929589586308
1486749256264
2586260884040
1761627163208
2581714078276
2861138790984
1486496565832
2586008193608
1761374472776
2860886100552
2856860420744
1555401623944
2654913251720
1830279530888
1550854818180
2650366445956
2929791158664
1482404022856
2912627885380
1538238350660
1813165459080
1555132204676
2654643832452
1830010111620
2929521739396
1551189248392
2650700876168
1826067155336
2925578783112
1551172519556
2650684147332
1826050426500
2925562054276
1538020509000
2637532136776
1812898415944
2912410043720
1555133187720
2654644815496
1830011094664
2929522722440
1551190607496
1826051409544
2925563037320
1538238531972
2637750159748
1813116438916
2912628066692
1757013510472
2856525138248
1550855080264
2650366708040
1825732987208
2925244614984
1469250701640
1555132204356
2654643832132
1830010111300
2929521739076
1486412727620
2585924355396
1761290634564
2860802262340
2650617300292
1825983579460
1465273174600
2564784802376
1740151081544
2839662709320
1537970095748
2637481723524
1812848002692
2912359630468
1469233842760
2568745470536
1744111749704
2843623377480
1537953319496
2637464947272
1812831226440
2912342854216
1486413711944
2925579110724
1555400329544
2654911957320
1830278236488
2929789864264
1555216877124
2654728504900
1551190559048
2650702186824
1486479787396
2585991415172
1551173830212
2650685457988
1826051737156
1550921139780
1469519055172
2569030682948
1744396962116
2843908589892
1538238531908
2637750159684
1813116438852
2912628066628
1533943564612
2633455192388
2654660609348
2637480740164
1482134537540
2581646165316
1482387244420
2581898872196
1486764721544
2586276349320
1761642628488
2861154256264
2925311657544
2861088540040
1813115144516
2912626772292
1830362122888
1482135537032
2581647164808
1757013443976
2856525071752
1537969899848
2650365381188
1756995406404
2856507034180
1550836976196
2650348603972
1825714883140
2925226510916
1469232597572
2925227494020
1808603105924
2908114733700
1482185591428
1555400395400
1537968801348
2637480429124
1464937630280
2564449258056
1739815537224
2839327165000
2856792508804
1808535013960
1551190624904
1826068531848
2925580159624
2929858005320
1464955652424
2564467280200
1739833559368
2839345187144
1482135521608
2581647149384
1486765049156
2586276676932
1813183367492
2912694995268
1465291016516
2564802644292
1740168923460
2839680551236
1534010493252
2633522121028
1482470885700
2581982513476
1482385950020
2581897577796
1486766032200
2586277659976
1761643939144
2861155566920
1538238286472
2637749914248
1813116193416
1465022498180
2564534125956
1739900405124
2839412032900
1533741974916
2633253602692
1808619881860
2908131509636
2654728439172
2929606346116
1555215764036
2654727391812
2569096825160
1757264840008
2856776467784
1486429178244
2585940806020
1761307085188
2860818712964
1486748994116
2586260621892
1555468470852
2654980098628
1808871541316
2908383169092
1761626901060
2861138528836
1830346377796
2929858005572
1555401706056
2654913333832
2929808001416
1482386131332
2581897759108
1757264038276
2856775666052
1555215780420
2654727408196
1465021467204
2564533094980
1825798720068
1808618850884
2908130478660
1830093687364
2929605315140
1482201336388
1465223841092
2564735468868
1740101748036
2839613375812
2637749963144
1486766098056
2586277725832
1465022498184
2564534125960
1739900405128
2839412032904
1533741974920
2633253602696
1808619881864
2908131509640
1482202367368
2581713995144
2637799459208
1813116521028
2912628148804
2564801578312
1740167857480
2839679485256
1830011177288
2839595550344
1808803399304
2908315027080
2929589569096
1744195455368
2843707083144
1486430488900
2585942116676
1761308395844
1469569140356
2569080768132
1744447047300
2843958675076
2861138856516
1555468798532
1830346705476
2929858333252
2581965982276
2925294930500
1551173831236
2650685459012
2581982430852
2654995826248
1808535014020
2908046641796
2925226510980
1808535014024
2908046641800
1482117499528
2581629127304
1482202367556
2581713995332
1486764803656
2586276431432
2861154338376
1761575848328
2650366363012
1825732642180
2925244269956
1555417171336
2654928799112
1830295078280
2929806706056
2925579880072
1761375259016
1469299640644
2568811268420
1744177547588
2843689175364
1486430554756
2585942182532
1761308461700
2861138609800
1482185919048
2581697546824
1757348776580
1808551806532
2908063434308
1550853768772
2650365396548
1465222858308
2564734486084
1740100765252
2839612393028
1533942335044
2633453962820
2581897513608
1757263792776
2856775420552
1757012444488
2856524072264
1825731921224
2925243549000
1469249635656
2568761263432
1739816584836
2839328212612
1533658154628
2633169782404
1808536061572
2908047689348
1482118547076
2581630174852
1756996454020
2856508081796
1538036237704
2637547865480
1812914144648
2912425772424
2843907361352
1808603105928
2908114733704
1482185591432
2581697219208
1757063498376
2856575126152
1550905068168
2650416695944
1825782975112
2925294602888
1464954422856
1555418481992
1830296388936
2929808016712
2564466050632
1739832329800
2839343957576
1533673899592
1469300689544
2568812317320
1761559857732
2861071485508
1486429260356
2585940888132
1555217090948
2654728718724
1830094997892
2929606625668
1482386213444
2581897841220
2856775748164
1486430243400
2585941871176
1761308150344
1465291212420
2839411049860
1533740991876
2633252619652
1808618898820
2908130526596
1465021515140
2564533142916
1469316482436
2568828110212
1744194389380
1756996454024
2856508081800
1550838023816
1482387196488
2581898824264
1757265103432
2856776731208
1465291016520
2564802644296
1740168923464
2839680551240
1534010493256
2633522121032
1808888400200
2908400027976
1482470885704
2581982513480
1550904101256
2650415729032
2908114732356
1538287633736
1551189558916
2650701186692
1826067465860
2925579093636
2637799261512
1813165540680
2912677168456
1555400312456
2654911940232
2568812644932
2654980377224
1465274157640
2564785785416
1740152064584
2839663692360
1533993634376
2633505262152
1808871541320
2908383169096
1482454026824
2581965654600
1465224104516
1757080603208
1555468486980
2654980114756
1757079243336
2856590871112
1550920813128
2650432440904
1825798720072
1533942581640
2633454209416
1808820488584
2908332116360
1465289950532
2564801578308
1740167857476
2839679485252
1551123253572
2650634881348
1555417368904
2654928996680
1830295275848
2929806903624
1465274501508
2564786129284
1740152408452
2839664036228
1533993978244
2633505606020
2925244270916
1808871885188
2908383512964
1482454370692
2929790174788
1555200050756
2654711678532
1808552052360
2908063680136
1739883906372
1533725476164
2633237103940
1808603383108
2908115010884
2637532071236
1744178873668
1813115193668
2912626821444
1486697679172
2586209306948
1464954407236
2564466035012
1739832314180
1486479574408
2585991202184
1761357481352
2860869109128
1551189247560
2650700875336
1826067154504
2925578782280
2912341625156
1555468552836
2654980180612
1830346459780
2929858087556
1744463809160
1813182581384
1482402661768
2581914289544
1757280568712
2856792196488
1757062728324
2856574356100
1550904298116
2650415925892
1825782205060
2925293832836
1469299919492
2568811547268
2908064467588
1482135325316
1538238531140
2637750158916
1813116438084
2912628065860
2581646953092
1550854802052
2843706017156
1464954407240
2564466035016
1739832314184
2839343941960
1533673883976
2633185511752
1808551790920
2908063418696
1482134276424
2581645904200
2929806707016
2912425773384
1469317465480
2568829093256
2843707000200
1533925541448
2633437169224
1808803448392
2908315076168
2861137757508
1486480885064
2585992512840
1761358792008
2860870419784
1537953139336
2637464767112
1812831046280
1757281879368
2856793507144
2856842791492
2650684361284
1465273387588
2564785015364
1740151294532
2839662922308
1469568354884
2569079982660
1538287831620
1830296111684
2929807739460
1482403760708
2581915388484
1551123237444
2650634865220
1465223891524
2564735519300
1740101798468
2839613426244
1486748288644
2586259916420
1761626195588
2861137823364
1555148719496
2843622344008
1486749271688
2586260899464
1761627178632
2861138806408
2586277464456
1486497678728
2581915666056
1757281945224
1465291212424
1739899422088
2839411049864
1533740991880
2633252619656
1808618898824
2908130526600
1538287897160
2637799524936
1813165804104
2908383184196
1744447046980
2843958674756
1538288616772
2637800244548
1813166523716
2912678151492
1757331948868
1469501311368
2569012939144
1744379218312
2586209241412
1761575520580
2861087148356
1486697613636
2912677087560
2929538270792
1469586179716
2569097807492
1482185656644
2581697284420
1486479771976
2585991399752
1761357678920
2860869306696
1469232875144
2568744502920
1744110782088
2843622409864
1486429177412
2585940805188
1761307084356
2860818712132
1740151096968
2839662724744
1555485328772
2654996956548
1830363235716
2929874863492
1482386130500
2581897758276
1465005737288
2564517365064
1739883644232
2839395272008
1533725214024
2633236841800
1808603120968
2908114748744
1482185606472
2581697234248
1464955668100
2564467295876
1739833575044
2839345202820
1533675144836
2633186772612
1808553051780
2908064679556
2568828307780
1744194586948
2843706214724
1469316680004
1486697679492
2586209307268
1761575586436
2861087214212
1486413728388
2585925356164
1761291635332
2860803263108
1465289950536
1550904018312
2650415646088
1825781925256
2925293553032
1465274501512
2564786129288
1740152408456
2839664036232
1482454370696
1469585983816
2569097611592
1744463890760
2843975518536
1482454043268
2581965671044
1757331950212
2856843577988
1486698662536
1761576569480
2861088197256
1486479837832
2585991465608
2581697496392
1757063775560
2856575403336
1550905345352
2650416973128
1825783252296
2925294880072
1469300966728
2568812594504
1744178873672
1744195454536
2843707082312
1464955668104
2564467295880
1739833575048
2839345202824
1533675144840
2633186772616
1808553051784
2908064679560
1482135537288
1537969915272
2637481543048
1812847822216
2912359449992
1744177874504
1744194652804
2843706280580
1744396699208
1533926868360
2633438496136
1808804775304
2908316403080
1533724428936
2633236056712
1808602335880
2908113963656
1482184821384
2581696449160
1757062728328
2856574356104
2925293880644
1808552839816
2908064467592
1469317728904
2568829356680
2654979376516
2908382446980
2564785063300
1740151342468
2839662970244
1533992912260
2633504540036
1808870819204
1830345655684
2586210617924
1761576897092
1555484215684
2654995843460
1830362122628
2929873750404
1555216877960
2654728505736
1830094784904
2929606412680
2637463635268
1812829914436
1537952007492
2912341542212
1555468469892
2654980097668
1830346376836
2929858004612
1830093686404
2929605314180
1551173831048
2650685458824
1826051737992
2925563365768
1825799047560
2925310675336
1533742236996
1808620143940
2633253864772
1538304673096
1551123236484
2650634864260
1826001143428
2925512771204
1551172732548
2650684360324
1826050639492
2925562267268
2569012921732
1744379200900
2843890828676
1538220770692
2637732398468
1813098677636
2912610305412
2925495207300
2843957676612
1469568141892
1465273387592
2564785015368
1740151294536
2839662922312
1533992864328
1538220509572
2637732137348
1465223891528
2564735519304
1740101798472
2839613426248
1533943368264
1469569124936
2569080752712
1744447031880
2843958659656
1469316434504
2568828062280
1744194341448
2843705969224
2861137544520
2912694207816
2843975435592
1538221492616
2637733120392
2912611027336
1537968802184
2637480429960
1812846709128
2912358336904
1555485526340
2654997154116
1830363433284
2929875061060
1808803662216
2908315289992
1555132221768
1830010128712
2929521756488
1808553036164
2908064663940
1482135521668
2581647149444
1808535274888
1465206000004
2654728717892
1830094997060
2929606624836
2564717627780
1740083906948
2839595534724
1533925476740
2633437104516
1808803383684
1551172536648
2650684164424
1826050443592
2925562071368
1761308411268
2860820039044
2929539581252
1464955733316
2564467361092
1739833640260
2839345268036
1808553116996
2908064744772
1830027953476
1761374520712
2860886148488
1465207376516
1740085283460
2839596911236
1538221820228
2637733448004
1813099727172
2912611354948
1537969129796
2637480757572
1812847036740
2912358664516
1555485592196
2654997219972
1830363499140
2929875126916
1551122123396
2650633751172
1826000030340
1739816781380
2839328409156
1533658351172
2633169978948
1808536258116
2908047885892
1482118743620
2581630371396
1469233841732
2568745469508
1757012462212
2856524089988
1550854032004
2650365659780
1825731938948
2925243566724
1469249653380
2568761281156
1534010427720
2633522055496
1744177563012
2843689190788
1538287814216
2637799441992
1813165721160
1533741008452
2633252636228
1808618915396
2908130543172
2912677348936
1469501228424
2569012856200
1744379135368
2843890763144
2843957889352
1486681900356
1486748009800
2586259637576
1761625916744
2564717954372
1740084233540
2839595861316
1533925803332
2633437431108
1808803710276
2908315338052
1482386195780
2581897823556
1551105672516
1537970178696
2637481806472
1812848085640
2912359713416
1464937891144
2564449518920
1739815798088
2839327425864
1533657367880
2633168995656
1808535274824
2908046902600
1482117760328
2581629388104
1808888400520
2908400028296
1826001340996
2925512968772
2912627100228
1813115472452
1465223121476
2586209585732
1469300966724
2568812594500
1757080275336
2856591903112
1465273435528
2564785063304
1740151342472
2839662970248
1533992912264
2633504540040
1808870819208
1469585900872
2569097528648
1744463807816
1555216108100
1550921140804
1812830177860
2912341805636
1469569468804
1744447375748
2843959003524
1757265103236
1533992585796
2633504213572
1808870492740
2908382120516
1538221574728
2637733202504
1813099481672
2912611109448
2839395584644
1808603433604
2908115061380
1482185919108
2581697546884
2925511657032
1486412466500
2585924094276
1469301032580
2568812660356
1744178939524
2843690567300
2843689453128
2633252899400
1808619178568
2908130806344
1538220460360
1469585966728
1744463873672
2654710875720
2843975501448
1813183613320
2861137824324
1465006049928
2564517677704
2586260702856
1739883956872
2839395584648
1761374259592
1533725526664
2633237154440
1744378874248
1808603433608
1464954422916
2564466050692
1739832329860
2839343957636
1533673899652
2633185527428
1808551806596
2908063434372
1482134292100
1486680853124
2586192480900
1761558760068
2861070387844
1825798964616
2925310592392
2564718938436
1464954620228
2564466248004
1739832527172
2839344154948
1482471082628
2581982710404
1757348989572
2856860617348
1465206000008
2564717627784
1740083906952
2839595534728
1533925476744
1812897351044
1757280880004
2856792507780
1486496565640
1482117778056
1464937891208
2564449518984
1739815798152
2839327425928
1533657367944
2633168995720
1739833640264
2839345268040
1808553117000
2908064744776
1482135602504
2581647230280
1757013509448
2856525137224
2908333116036
2843890845256
2908316387976
1482387245704
1464954422920
2564466050696
1739832329864
2839343957640
1533673899656
2633185527432
1808551806600
2908063434376
1469250423428
2568762051204
1744128330372
2843639958148
1761642972744
1744111748680
2843623376456
1537953318472
2637464946248
1812831225416
2912342853192
1486413710920
2585925338696
1761291617864
1825715930436
2925227558212
1555132138824
2654643766600
1830010045768
2929521673544
1469584853640
2569096481416
1744462760584
2843974388360
1757012462216
2637481724488
1486682163780
1761560070724
2861071698500
1551172453704
2650684081480
1826050360648
2925561988424
1555199068548
2654710696324
1830076975492
2929588603268
1486748273224
2586259901000
1761626180168
2861137807944
2581714077060
1757080356228
2856591984004
1550921926020
2650433553796
1825799832964
2925311460740
1469317547396
2568829175172
1744195454340
1555400640904
2654912268680
1830278547848
2929790175624
1830077958536
2929589586312
2856591985224
1812915177096
1537969046852
2637480674628
1812846953796
2912358581572
1555485509252
2654997137028
1830363416196
2929875043972
1538238350664
2637749978440
1813116257608
1757063497348
2856575125124
1550905067140
2650416694916
1825782974084
2925294601860
1744178595460
2843690223236
1744463088196
2843974715972
1551172519560
2650684147336
1826050426504
2925562054280
2581964868232
1538237548932
2637749176708
1813115455876
2912627083652
1538036959620
2637548587396
1812914866564
2912426494340
1469586164296
2569097792072
1744464071240
2843975699016
1538238531976
2637750159752
1813116438920
2912628066696
2839596599880
1555200379204
2654712006980
1830078286148
2929589913924
1537969112708
2637480740484
1812847019652
2912358647428
1826068268356
2650701989188
1469585982788
2569097610564
1744463889732
2843975517508
1538305459524
2637817087300
1813183366468
1550836910404
2650348538180
1825714817348
2925226445124
1465291196804
2564802824580
1740169103748
2839680731524
1534010673540
2633522301316
1808888580484
2908400208260
1537970095752
2637481723528
2929873749572
1533673884036
1551189576008
2650701203784
1826067482952
2925579110728
1469249571400
2633522038408
1808888317576
2908399945352
1465274156612
2564785784388
1740152063556
2839663691332
1533993633348
2633505261124
1808871540292
2908383168068
1469569123908
1465289968260
2564801596036
1740167875204
2839679502980
1808887351940
2908398979716
1482469837444
2581981465220
2860820022664
1486430291336
2585941919112
1551173830216
2650685457992
1826051737160
2925563364936
1486479787400
2585991415176
1482387244424
2581898872200
1757265151368
2856776779144
1465021466180
2564533093956
1739899373124
2839411000900
1533740942916
2633252570692
1482201335364
2581712963140
2637733447048
1538237237576
2637748865352
2912626772296
1464954407304
2564466035080
1538220508740
2637732136516
1469585115784
2843958920580
1469316695428
1551106672964
2650618300740
1744111765828
2843623393604
2569013922116
1812831242564
2912342870340
1756996667716
1537968801352
1465224152452
2564735780228
1533925754440
2633437382216
1808803661384
2908315289160
1486765049160
1761642956104
2861154583880
2581897577800
1757263856968
2856775484744
1825716193860
2925227821636
1465004755268
2564516383044
1739882662212
2839394289988
1808602138948
2908113766724
1482184624452
2581696252228
1486429178248
2585940806024
1761307085192
2860818712968
1826050624072
2925562251848
1757264038280
2856775666056
1465222858052
2564734485828
1740100764996
2839612392772
2568812381512
1744178660680
2843690288456
2637531809156
2929858020740
1757063513476
2856575141252
1825782990212
2925294617988
1744178611588
2843690239364
1465274172804
1757080356232
2856591984008
1534009625156
2633521252932
1550921926024
2650433553800
1538238614088
2637750241864
1813182318920
1486429505860
2585941133636
1761307412804
2860819040580
2925293635144
1469568157316
2569079785092
1744446064260
2843957692036
1739883628168
2839395255944
1533725197960
2633236825736
1808603104904
2908114732680
1757063497352
2856575125128
1486430488904
2581697497412
1757063776580
2856575404356
2585942116680
1761308395848
2860820023624
1465005737352
2564517365128
1739883644296
2839395272072
1533725214088
2633236841864
1808603121032
2908114748808
1482185606536
1482470803784
2581982431560
1757348710728
2856860338504
2654711678536
1830076892548
2929588520324
1825731659140
2925243286916
1744463038856
1465291015496
2564802643272
1740168922440
1486697892484
2586209520260
1761575799428
2861087427204
2839680550216
1534010492232
2633522120008
2860870092424
2912426755720
1465291196808
2564802824584
1740169103752
2839680731528
1534010673544
2633522301320
1808888580488
2908400208264
1469299640648
2568811268424
1744177547592
2843689175368
1486430554760
2585942182536
1761308461704
2860820089480
1465274156616
2564785784392
1740152063560
2839663691336
2925511658116
1465289968264
2564801596040
1740167875208
2839679502984
1808887351944
1813183612296
2908130477640
1482201335368
2581712963144
1550920812104
2650432439880
1469316433480
1469299706504
2568811334280
1465274500484
2564786128260
1740152407428
2839664035204
2925227754820
1808871884164
2908383511940
1826067400008
2925579027784
1469518005832
1555468798340
2654980426116
1830346705284
2929858333060
1555216107908
2654727735684
1830094014852
2929605642628
1486479525448
1486681950792
2586193578568
1761559857736
2861071485512
1486429260360
2585940888136
1761307167304
2860818795080
1740084233796
2839595861572
1533925803588
2633437431364
1808803710532
2908315338308
1812897351236
2912408979012
1555217090952
2654728718728
1830094997896
2929606625672
2581897841224
1464937891400
2564449519176
1739815798344
2839327426120
1533657368136
2633168995912
1808535275080
2908046902856
1830078269060
2929589896836
1482184820356
2581696448132
1757062727300
2856574355076
1550904297092
2650415924868
1825782204036
2925293831812
1469299918468
1757013231236
2856524859012
1469518858820
2569030486596
1744396765764
2843908393540
1744446261828
2843957889604
1550854801028
2650366428804
1551189558920
2650701186696
2839394289992
1533724232008
1808602138952
2908113766728
1482184624456
1538220722564
2637732350340
1813098629508
2912610257284
2581965671048
1537953384840
2637465012616
1812831291784
2912342919560
2860818728264
2564735732296
1740102011464
2839613639240
1555467503940
2654979131716
2637463914116
1812830193284
2912341821060
1808871606664
2908383234440
1550853949764
2650365577540
1825731856708
2925243484484
1555468486984
2654980114760
1830346393928
2929858021704
2637732152648
1465207064964
2564718692740
1740084971908
2839596599684
1533926541700
2633438169476
1808804448644
2908316076420
2581898561924
1551123253576
2650634881352
1826001160520
2925512788296
1486748223044
2586259850820
1465273386564
2564785014340
1740151293508
2839662921284
1486698726980
2586210354756
1761576633924
2861088261700
1555418203716
2654929831492
1830296110660
2929807738436
1465223890500
2564735518276
1830294997640
1812914064008
1757280619080
1537952090440
1825731922564
2925243550340
1812829997384
2912341625160
2586260948360
1555468552840
2654980180616
1830346459784
2929858087560
1555148982920
1812914865732
2912426493508
1550854998664
2650366626440
2929538189640
2908383446596
1538238531144
2637750158920
1813116438088
2912628065864
1469585918600
2586192546116
1761558825284
2861070453060
1555400395076
2654912022852
1830278302020
2929789929796
1756995422532
2856507050308
1550836992324
1465207326084
1464937891460
2564449519236
1739815798404
2839327426180
1533657368196
2633168995972
1808535275140
2908046902916
1482117760644
2581629388420
1486413792580
2585925420356
2650701924740
1538305460868
2637817088644
1813183367812
2912694995588
1464937891464
2564449519240
1739815798408
2839327426184
1533657368200
2633168995976
1808535275144
2908046902920
1482117760648
1486698726728
2586210354504
1761576633672
1486748222792
2586259850568
1761626129736
2861137757512
1757280896328
2856792524104
1486497335684
2586008963460
1825983318596
2925494946372
1482202711364
2581714339140
1757080618308
2856592246084
1550922188100
1825800095044
1555217155396
2654728783172
1830095062340
2929606690116
1482454288772
2581965916548
1757332195716
2856843823492
1465021794948
2564533422724
1739899701892
2839411329668
1533741271684
2633252899460
1808619178628
2908130806404
1551106394696
2650618022472
1465274500488
2564786128264
1740152407432
2839664035208
1808871884168
2908383511944
1469317793096
2568829420872
1744195700040
2843707327816
2654727719304
1830009850436
2929521478212
1464937630276
2564449258052
1739815537220
2839327164996
1808535013956
1533943302724
2633454930500
1808821209668
2908332837444
1533724478020
2633236105796
1739900749128
2839412376904
1830076909896
1465021794952
2564533422728
1739899701896
2839411329672
1533741271688
2633252899464
1808619178632
2908130806408
1482201664136
2581713291912
1486412679492
2585924307268
1761290586436
2860802214212
1469585196676
2569096824452
1744463103620
2843974731396
1808602334856
2908113962632
1757062727304
2856574355080
1486697613640
2586209241416
1761575520584
2861087148360
1808552838792
2908064466568
1482135324296
2581646952072
1757013231240
2856524859016
1550854801032
1469586179720
2569097807496
1555216024964
2654727652740
1486429177416
1757062465092
2856574092868
2585940805192
1761307084360
1830363235720
2929874863496
1482386130504
2581897758280
2861071484552
1761290652292
2860802280068
2912628147848
2843706214728
1486697679496
1465207064968
2564718692744
1740084971912
2839596599688
1533926541704
2633438169480
1486413728392
2585925356168
1761291635336
1465273386568
2564785014344
1740151293512
2839662921288
1533992863304
1808870770248
1465223890504
2564735518280
1740101797448
2839613425224
1465223038532
2564734666308
1740100945476
2839612573252
1533943367240
2633454995016
2586193790600
1812846954056
1830345327940
2929856955716
1469250636420
2568762264196
1744128543364
2843640171140
1550838236484
2650349864260
1825716143428
2925227771204
1465290951300
2564802579076
1740168858244
2839680486020
1482385868164
2581897495940
1757263775108
1761558742404
2861070370180
1826001077576
2925512705352
2650415973704
1825782252872
1555149785476
2654661413252
1830027692420
2929539320196
1812830242440
1486698990152
1757332277828
2856843905604
2586210617928
1761576897096
2861088524872
1825984645508
2925496273284
1555484215688
2654995843464
1482387244676
2581898872452
1555467486852
2654979114628
1830345393796
2929857021572
2860887214728
2843891829384
1537952007496
2637463635272
1812829914440
2912341542216
1555468469896
2654980097672
1830346376840
2929858004616
1830093686408
2929605314184
1757012461188
2856524088964
1550854030980
2650365658756
2569013660228
1744379939396
2843891567172
1825731937924
2925243565700
1555417417352
2650634864264
1826001143432
2925512771208
1551172732552
2650684360328
1826050639496
2925562267272
1469568141896
2929806624072
2569079769672
1744446048840
2843957676616
1538220509576
1830296308296
2637732137352
1813098416520
2912610044296
1555484543300
2654996171076
1830362450244
2929874078020
1538305377924
2637817005700
1813183284868
2912694912644
1744378956360
2908046641736
1482117499464
1550836976200
2650348603976
1825714883144
2925226510920
1555485526344
2654997154120
1830363433288
2929875061064
1812829980296
2912341608072
1550921861764
1555216107076
2654727734852
1830094014020
2929605641796
1486429521284
2585941149060
1761307428228
2860819056004
1830094997064
2581914617412
1757280896580
2856792524356
1551122466372
2650634094148
1826000373316
2925512001092
1761575863876
1757347743108
2856859370884
1486430504328
2585942132104
1761308411272
2860820039048
2912409782596
1830010833540
2929522461316
1757348726152
2856860353928
1757062466184
1538221820232
2637733448008
1813099727176
2912611354952
1537969129800
2637480757576
1812847036744
2912358664520
1555485592200
2654997219976
1756996667780
2856508295556
1550838237572
2650349865348
1825716144516
2925227772292
1469233858948
2568745486724
1744111765892
2843623393668
1486681098888
1551122123400
2650633751176
1826000030344
2925511658120
1537953384008
2637465011784
1812831290952
2912342918728
1469299656072
2568811283848
1744177563016
2843689190792
1486681900360
2586193528136
1761559807304
2861071435080
1464938891656
2564450519432
1739816798600
2839328426376
1533658368392
2633169996168
1808536275336
2908047903112
2569030502728
1486681098628
2586192726404
1761559005572
2861070633348
2843705952580
1757079226692
2586007914820
1486496287044
1550921861700
2650433489476
1825799768644
2925311396420
1761357743496
1761576568200
1551123434056
2650635061832
1826001341000
2925512968776
2856590920072
2654728768068
1486497663556
1465022827076
2564534454852
1739900734020
2839412361796
2856842512004
2843974452552
2843690501448
1465205998984
2564717626760
1740083905928
2839595533704
1533925475720
2633437103496
1808803382664
2908315010440
1486681966216
2586193593992
1826051410308
1812830177864
2912341805640
1812897368392
1469569468808
2569081096584
1808870492744
2908382120520
1486412466504
2585924094280
1761290373448
2860802001224
2908063696520
1482134554248
2581646182024
1757012461192
2856524088968
1550854030984
1469301032584
2568812660360
1744178939528
2843690567304
2650633766472
1555149702532
2654661330308
2929539237252
1482454287940
2581965915716
2650618283396
1825984562564
2925496190340
1825731872132
2925243499908
1469249374532
1486765836932
2586277464708
1465206327620
2564717955396
1740084234564
2839595862340
2839395273028
1465005738308
2564517366084
1739883645252
2581981727364
1486680853128
2586192480904
1761558760072
2861070387848
1757348989576
2856860617352
1465223120456
2564734748232
1482402989640
2581914617416
2929539566152
1469517761156
2569029388932
1744395668100
2843907295876
1757348971908
2856860599684
2925580076420
1486766032260
2586277660036
1761643939204
2861155566980
1830363415940
1469250423432
2568762051208
1469299919496
2568811547272
1486682163784
2586193791560
1761560070728
2861071698504
1465289967236
2564801595012
1740167874180
1534009443972
2633521071748
1555199068552
2654710696328
1830076975496
2929588603272
2929875110536
1538020164932
2637531792708
1812898071876
2912409699652
1555484526212
2654996153988
2856860600968
2912627034760
1533724427588
1808602334532
1537969046856
1551105427076
2650617054852
1825983334020
2925494961796
2637480674632
1555485509256
2654997137032
1744396978756
2843908606532
1808887268680
2908398896456
1757079226696
2856590854472
1469316417864
1538288667012
2637800294788
1813166573956
2912678201732
1538035976580
2637547604356
1812913883524
2912425511300
1469585181256
2569096809032
1744463088200
2912627082568
1538237548936
2637749176712
1813115455880
2912627083656
1538036959624
2637548587400
1812914866568
1465206082120
2564717709896
1740083989064
2839595616840
1830078286408
1555418220868
2654929848644
1538020230788
2637531858564
2908131838536
1482202696264
2633505540488
1808871819656
2908383447432
1555200379208
2654712006984
1830078286152
2929589913928
1537969112712
2637480740488
1812847019656
2912358647432
2908130462020
1555149784644
2654661412420
1830027691588
2929539319364
1808887334536
2908398962312
1533725476488
2633237104264
1808603383432
2908115011208
1739816863044
1551106737732
1555199067460
2654710695236
1830076974404
2929588602180
1757062530372
2856574158148
1550904100164
2650415727940
1825782007108
1808602319236
2908113947012
1482184804740
2581696432516
1757062711684
2856574339460
1550904281476
2650415909252
1825782188420
2925293816196
2654930094664
1761575536008
2861087163784
2860869322120
1830010047112
2929539500676
1744178662024
1813116258952
2839680468548
1534010410564
2633522038340
1538305377860
2908063353156
1551190280836
2650701908612
1826068187780
2925579815556
2843622148484
1537952090500
2637463718276
1812829997444
2912341625220
1486412482948
2585924110724
1555131959684
1469568402820
2569080030596
1744446309764
2843957937540
1469569385864
2569081013640
1744447292808
2843958920584
1469316695432
2568828323208
1744194340168
1486697956676
2586209584452
1761575863620
2861087491396
1538019117700
1812897024644
2912408652420
1555215762760
2581964867908
1486748207428
1761626114372
1486698939720
2586210567496
1761576846664
2861088474440
1465022842244
2564534470020
1739900749188
2839412376964
1533742318980
2633253946756
1808620225924
2908131853700
1482202711428
1555401361988
2654912989764
1830279268932
2929790896708
2929538206276
1761358546312
1465291195784
2564802823560
1740169102728
2839680730504
1808888579464
2908400207240
1482471064968
2581982692744
1469568091464
1482470016644
2581981644420
1757347923588
2856859551364
1550838041156
1464938695236
2564450323012
1739816602180
2839328229956
1533658171972
2633169799748
1808536078916
2908047706692
1482118564420
1538020428356
2637532056132
1812898335300
2912409963076
1465289967240
2564801595016
1534009443976
1533675194948
2633521071752
1482184886596
2581696514372
1757062793540
2856574421316
1469568157320
2569079785096
1744446064264
2843957692040
1486497679688
1486681097796
1761559004740
1757347727688
2856859355464
1757063776584
2856575404360
1555198985608
2654710613384
1830076892552
1482201384520
2581713012296
1486749010564
2586260638340
2843957872264
2912426559112
2856574158472
1465022777668
2564534405444
1739900684612
2839412312388
1757281684100
2856793311876
1486697892488
2586209520264
1761575799432
2861087427208
1739882661192
2839394288968
1533724230984
2633235858760
1808602137928
1538035893636
2637547521412
1812913800580
2912425428356
2908113765704
2564516563336
1739882842504
2839394470280
1533724412296
2633236040072
1808602319240
1533992846724
2633504474500
1808870753668
2912611370376
2929807672644
1555418137924
1830296044868
1555199313220
2654710940996
1830077220164
2929588847940
2929873816136
2860818991688
1826000307524
2925511935300
1555200296264
2654711924040
1830078203208
2929589830984
1469233597064
2568745224840
1744111504008
2843623131784
1482386933124
2581898560900
1757264840068
2856776467844
1465207063940
1555401377156
1550855062856
2650366690632
1830346705288
2929858333064
1555216107912
2654727735688
1830094014856
2929605642632
2637548832068
2912426739012
1538037204292
1812915111236
1555467699844
2654979327620
1830345606788
2929857234564
1826000373380
2925512001156
1830078269064
2929589896840
2654711663240
1538220443272
1538305706372
2637817334148
1813183613316
2912695241092
1469518858824
2564785867332
1740152146500
2839663774276
2569030486600
1744396765768
2843908393544
1469568354888
2569079982664
1744446261832
2843957889608
1538220722568
2637732350344
1813098629512
2912610257288
1538037270148
2637548897924
1812915177092
2912426804868
2581630192200
1756996471368
2856508099144
1550838041160
2650349668936
1825715948104
2925227575880
2650416695620
1825782974788
2925294602564
1555467503944
2654979131720
2912341821064
1808870508168
2908382135944
1830076974664
2929588602440
2925311395208
1486412481928
2585924109704
1808552053124
2908063680900
1482134538628
2581646166404
1550854015364
2650365643140
1825731922308
2581897496900
1538304411972
2637816039748
1813182318916
2912693946692
1555417090692
2654928718468
1830294997636
2929806625412
1482202711432
2581714339208
1757080618376
2856592246152
2912694929736
1555199249032
2633168733764
1808535012932
2908046640708
1482117498436
2581629126212
1756995405380
2856507033156
1550836975172
2650348602948
1825714882116
1538288666180
2637800293956
1813166573124
2912678200900
2925243550344
1744127296900
2843638924676
1830010897736
1538237548104
2637749175880
1813115455048
2912627082824
1538036958792
2637548586568
1469250373000
2568762000776
1744128279944
2843639907720
1533993911880
2633505539656
1808871818824
2908383446600
1812914064004
2912425691780
1482184803652
2581696431428
1757062710596
2856574338372
1486413792584
1813115455812
2912627083588
1465223104836
2564734732612
1740101011780
2839612639556
1533942581572
1482402974020
2581914601796
1538305460872
2637817088648
1555418401348
2654930029124
1482454107464
2585924306248
1486496352644
2586007980420
1761374259588
2860885887364
1812914866500
2912426494276
1465022515524
2564534143300
1739900422468
2839412050244
1533741992260
2633253620036
1808619899204
2908131526980
2650432685380
1825798964548
2925310592324
1482201580868
1486496548164
2586008175940
2860886082884
2654996088132
1757331212676
2856842840452
1486497335688
2586008963464
1551105411656
2650617039432
1825983318600
2925494946376
1469250700612
2568762328388
1744128607556
2843640235332
1482454288776
2581965916552
1757332195720
2856843823496
1465291015492
2564802643268
1740168922436
2839680550212
1757281601156
2856793228932
1469585130824
2569096758600
1744463037768
2843974665544
1465207063944
2564718691720
1740084970888
2839596598664
1533926540680
1538287553092
2637799180868
1482185852552
2581697480328
1757063759496
2856575387272
1469500967300
2569012595076
1744378874244
2843890502020
2908398962308
1533942319684
2633453947460
1808820226628
2908331854404
2633169996356
1808536275524
2908047903300
2925495944836
1465021711688
2564533339464
1739899618632
2839411246408
1533741188424
2633252816200
1808619095368
2908130723144
1482201580872
1808821209672
1744464152904
2908332837448
1486497663300
2586009291076
1761375570244
2860887198020
1756996471108
2856508098884
1486412679496
1761290586440
2860802214216
1469585196680
2569096824456
1744463103624
2843974731400
1482452994376
2581964622152
1757330901320
2856842529096
2925512772164
2925562268228
2654727652744
1830093931912
2929605559688
2929521739400
2569013905732
1469502277956
1744380184900
1757012199816
1469249587524
2568761215300
1744127494468
2843639122244
1486766049924
2586277677700
1761643956868
2861155584644
2843958675080
1486412745352
2585924373128
1761290652296
2860802280072
1744111748676
2843623376452
1757330967176
2856842594952
1482134538632
2581646166408
1550854015368
2650365643144
1744380250756
2843891878532
1825714882120
2925226509896
1469232596552
2568744224328
1744110503496
2843622131272
1537952073288
2637463701064
1555467421000
2654979048776
1830345327944
1486412727876
2585924355652
1761290634820
2860802262596
1469250636424
2568762264200
1744128543368
2843640171144
1465290951304
2564802579080
1740168858248
2839680486024
2586259917384
2569097808456
1486497417800
1761375324744
1555149785480
2654661413256
1830027692424
2929539320200
1482454370888
2581965998664
1757332277832
1538304329028
2637815956804
1813182235972
2912693863748
2856843905608
1555401377412
2654913005188
1830279284356
2929790912132
1465223104840
2564734732616
1740101011784
2839612639560
1533942581576
2633454209352
1808820488520
1465224088132
2564735715908
1740101995076
1757013428804
2856525056580
1825732905540
2925244533316
1551123434052
1482117760584
2581629388360
1756995667528
1555467486856
2654979114632
1830345393800
2929857021576
1744378956356
2843890584132
1757080291656
2856591919432
1550921861448
2650433489224
1825799768392
2925311396168
1469317482824
2568829110600
1744195389768
1813166786948
2912678414724
1465291278916
2564802906692
1740169185860
1744379939400
2843891567176
1808821553540
2908333181316
1813182301828
2912693929604
2637532071556
1812898350724
2912409978500
1464955652680
2564467280456
1739833559624
2839345187400
1550922107204
2650433734980
1555484543304
2654996171080
1465289951620
2564801579396
1740167858564
1534009428356
2633521056132
1808887335300
1482469820804
2581981448580
1486480639364
2585992267140
1761358546308
2860870174084
1469316416836
2568828044612
1744194323780
2843705951556
2912425428292
2637547521348
1757079225668
2856590853444
1550920795460
2650432423236
1555468797512
1555216107080
2654727734856
1830094014024
2929605641800
1757063776644
2856575404420
1550905346436
2650416974212
1825783253380
2925294881156
1469300967812
2568812595588
1744178874756
2843690502532
1465022498436
2564534126212
1739900405380
1486429521288
2585941149064
1761307428232
2860819056008
2654643571332
1830009850500
2929521478276
1757347743112
2856859370888
2650433799748
1465022826052
2564534453828
1739900732996
2839412360772
1533742302788
2633253930564
1808620209732
2908131837508
1482202695236
1538020247880
1550922173060
2650433800836
2637531875656
1812898154824
2912409782600
1555132926600
2654644554376
2929522461320
2912695240260
1825715096200
2925226723976
2929874848072
1538220721736
2637732349512
1813098628680
1465022498440
2564534126216
1739900405384
2839412033160
1533741975176
2633253602952
1808619882120
2908131509896
1482202367624
2581713995400
1537969834628
2637481462404
1812847741572
2912359369348
2654980376900
1469569403204
2569081030980
1744447310148
2843958937924
1538288879940
2637800507716
1813166786884
2912678414660
1808871819588
1761558824264
2861070452040
1555133254212
2654644881988
2581982774600
2856860681544
1486479526276
2585991154052
1761357433220
2860869060996
1551173569092
2650685196868
1555467684424
2654979312200
1550920878660
2650432506436
1825798785604
2925310413380
1830345591368
2929857219144
1757264890244
2856776518020
1486681098632
1761559005576
2861070633352
1551122451016
2650634078792
1826000357960
2925511985736
1825799768648
2925311396424
1469517825348
2569029453124
1469518808392
1533674867268
2633186495044
2908064401988
1482135259716
2581646887492
1757013166660
1486412662408
2585924290184
1761290569352
2637816220228
1482452977288
2581964605064
1757330884232
2856842512008
1469518006660
2569029634436
1744395913604
2843907541380
1830009784648
1808803400260
2908315028036
1761642694984
1486764788036
2586276415812
1486480836932
2585992464708
1761358743876
2860870371652
2912358336072
1486765771080
2586277398856
2633454209348
1808820488516
2908332116292
1465273436484
2564785064260
1740151343428
2839662971204
1533992913220
2633504540996
1808870820164
1761374258756
2860885886532
1464937892168
2564449519944
1739815799112
2839327426888
1533657368904
2633168996680
1808535275848
2908046903624
1482470033736
2581981661512
1757347940680
2856859568456
1555148719492
2654660347268
1482453304900
2581964932676
1757331211844
2856842839620
1761375241800
1830345329032
1830027609480
2929539237256
1757332194888
2856843822664
2860887131784
1486480902788
2585992530564
1761358809732
2860870437508
1551106655624
2650618283400
1825984562568
2925496190344
1825731872136
2925243499912
1465289951624
2564801579400
1740167858568
2839679486344
1534009428360
2633521056136
1744127281480
2843638909256
1486765836936
2586277464712
1761643743880
2861155371656
1757079225672
2856590853448
1825798702408
2925310330184
1469316416840
2568828044616
1482470099592
2581981727368
1757063776648
2856575404424
1550905346440
2650416974216
1825783253384
2925294881160
1469300967816
2568812595592
1744178874760
2843690502536
2929588865608
2654661657924
1830027937092
2929539564868
1739900733000
2839412360776
1533742302792
2633253930568
1808620209736
2908131837512
1482202695240
2581714323016
1551190345028
2650701972804
1826068251972
2925579879748
2654996088136
1469517761160
2569029388936
1744395668104
2843907295880
1551105361224
2650616989000
1825983268168
2925494895944
1825731873348
1756996651588
2856508279364
1482118744644
2581630372420
1486681180744
2586192808520
1761559087688
2861070715464
1825782187396
2925293815172
1739882841476
2839394469252
1533724411268
2633236039044
1808602318212
2908113945988
1469299901828
2568811529604
1825731659400
1465274435912
2564786063688
1533993912648
2633505540424
2843689241224
1538020164936
2637531792712
1812898071880
2856523811396
2860818778692
1537968851524
1465222842948
2564734470724
1740100749892
1464937892228
2564449520004
1469518088772
1551105427080
2650617054856
1464937892232
2564449520008
1739815799176
2839327426952
1533657368968
2633168996744
1808535275912
2908046903688
1482117761416
2581629389192
1744396978760
1826067417732
2843908606536
1538288667016
2637800294792
1813166573960
2912678201736
1538035976584
2637547604360
1812913883528
2912425511304
1555148917060
1830026824004
2654660544836
2929538451780
1538287568516
2637799196292
1813165475460
2912677103236
1533674867272
2633186495048
2908064401992
2581646887496
1757013166664
1826050622788
2925562250564
1830345590084
2929857217860
1469568337220
2569079964996
1744446244164
2843957871940
1551189231940
1555418220872
2654929848648
2568811595080
1538020230792
1555216026184
2637531858568
1533943318152
2633454945928
1808821225096
2908332852872
1486497678724
2586009306500
1761375585668
2860887213444
1825798702660
2925310330436
1555149784648
2654661412424
1830027691592
2929539319368
1482134209924
2581645837700
1757013510532
2856525138308
1550855080324
1825732987268
2925244615044
2568762329476
1744128608644
2843640236420
1551106737736
2650618365512
1555148982916
2654660610692
1830026889860
2929538517636
1551189297796
2650700925572
1469233661508
2568745289284
1744111568452
2843623196228
1537953138244
2637464766020
1812831045188
2912342672964
1533658170948
2633169798724
1813166786116
2912678413892
1551190280840
2650701908616
1826068187784
2925579815560
2843891828100
1533943645764
2633455273540
1808821552708
2908333180484
1469568402824
2569080030600
2861138609476
1469569140292
2569080768068
1744447047236
2843958675012
1538288617028
1482185606724
2581697234500
1757063513668
2856575141444
1550905083460
2569030764868
1744397044036
2843908671812
1538019117704
1465290147204
2564801774980
1740168054148
2839679681924
1534009623940
2633521251716
1808887530884
2908399158660
1482470016388
2581981644164
1486749256068
2586260883844
1761627163012
2861138790788
1486496565636
2586008193412
1761374472580
2860886100356
1555401361992
1830279268936
2581898807876
1740085217860
2839596845636
1533926787652
2633438415428
1808804694596
2908316322372
1551106656836
1482404022660
2581915650436
1551105624648
2650617252424
1825983531592
2925495159368
1486480819844
2585992447620
1465005737544
2564517365320
1739883644488
2839395272264
1533725214280
2564516300100
1469249587780
2856524024388
2585941084740
2860818991684
2564466248260
1739832527428
1465021711752
2564533339528
1739899618696
2839411246472
1533741188488
2633252816264
1808619095432
2908130723208
1482201580936
2581981644424
1757347923592
2856859551368
1757062710664
2856574338440
1538020428360
2637532056136
1812898335304
2912409963080
1550904280456
2650415908232
1825782187400
2925293815176
2856843904644
2843623377288
2861138527816
2860885837384
1482402728260
2581914356036
1757280635204
2856792262980
1486480623944
2585992251720
1757281618248
2856793246024
2925495928456
2861088523912
1486748027524
2650634078788
2586259655300
1761625934468
2861137562244
1465273369928
2564784997704
1740151276872
2839662904648
1533992846664
1469232548168
2568744175944
1744110455112
2843622082888
1486749010568
2586260638344
1757281684104
2856793311880
2564517676612
1739883955780
2839395583556
1482185591108
1744178596164
1739883628868
1538020165956
2564467362184
1739833641352
2839345269128
1533658416516
2633170044292
1808536323460
2908047951236
2856507295364
1550837237380
2650348865156
1825715144324
2925226772100
1744110765700
2929806689604
1555133203780
2654644831556
1830011110724
1469585918596
2569097546372
1744463825540
2843975453316
2856775748168
1757332014664
2633505327748
2633169798728
1808536077896
2908047705672
1482118563400
2581630191176
1756996470344
2856508098120
1550838040136
1826051425604
2925563053380
1551173518660
2654929765704
1830296044872
2929807672648
1555199313224
2654710941000
1808536259208
2908047886984
1469232614024
2568744241800
1538020165192
2843622148744
1551122400584
2650634028360
1826000307528
2925511935304
1555401705860
2654913333636
1830279612804
2929791240580
1465005721928
2564517349704
1739883628872
2839395256648
1533725198664
2633236826440
1808603105608
2908114733384
1464955652740
2564467280516
1739833559684
2839345187460
1808553036420
2908064664196
1808552052100
2908063679876
1469249635716
2568761263492
1744127542660
2843639170436
1812847019396
2912358647172
1812914128196
2912425755972
2839613704520
1808821553480
2908333181256
1538037204296
2637548832072
1812915111240
2912426739016
1551173584516
2650685212292
1555467699848
2654979327624
1830345606792
2929857234568
2637799443080
1465207310920
2564718938696
1740085217864
2839596845640
1533926787656
2633438415432
2912359368008
1808804694600
2908316322376
1486429242692
2585940870468
1761307149636
2637481788740
1812848067908
2912359695684
1761357481284
2860869109060
1464937629000
2564449256776
2564785867336
1740152146504
2839663774280
1538304607876
2637816235652
1813182514820
2912694142596
1808552004168
2908063631944
1482134489672
2581646117448
1757012396616
2856524024392
1550853966408
2650365594184
1825731873352
2925243501128
1550904084804
1744395978052
2843907605828
1538037270152
1469249373572
2568761001348
1744127280516
2843638908292
1537968850308
2637480478084
1464937629064
2564449256840
1486764803460
2586276431236
1761642710404
2861154338180
1538036958532
2637548586308
1469317481796
2568829109572
1744195388740
2843707016516
1465022514500
2564534142276
1757012445764
1761626180164
2861137807940
1538019445316
2637531073092
1757331212868
1761307413060
1465274157700
2564785785476
2860802196872
1486765786504
2586277414280
2654643784324
1830010063492
2929521691268
2843975764360
2908130478724
1551172471428
2650684099204
1757079243396
2856590871172
1555417090696
2925294668424
2908383250820
2929589897544
1538288666184
2637800293960
1813166573128
2912678200904
1538035975752
2637547603528
1812913882696
2912425510472
1469502080392
2569013708168
1744379987336
2843891615112
1469249389960
2568761017736
1744127296904
2843638924680
2843974732104
2861155648836
1486766114116
2586277741892
1469316482628
2568828110404
1538035959364
2637547587140
1808870819396
2908382447172
1464937629256
2637800310088
1486430243204
2585941870980
1761308150148
1534009379396
2633521007172
2925243565636
1555418401352
2912627870088
1826000045380
2925511673156
1465273124164
2564784751940
1740151031108
2839662658884
1808870507844
2908382135620
1464937629316
2564449257092
1739815536260
2839327164036
1533657106052
1464937629320
2564449257096
1486747944580
2586259572356
1761625851524
2861137479300
1533657056584
2633168684360
1808534963528
2908046591304
1482117449032
2581629076808
1756995355976
2856506983752
1550836925768
1482453305736
2581964933512
1757331212680
2856842840456
1744128607560
2843640235336
1486697678216
1826068449668
1486413727112
1482403694216
2581915321992
2637799180872
1813165460040
2925579110020
2912677087816
2856860337796
1533674145160
2585991415108
1761357694276
2860869322052
1555199264068
2633236055364
2908113962308
1469500967304
2929873733192
1464937892484
2564449520260
1533657369220
2633168996996
1482117761668
2581629389444
2633453947464
1761642907972
2861154535748
1808820226632
1464937892488
2564449520264
1739815799432
2839327427208
1533657369224
2633168997000
1808535276168
2908046903944
1486497663304
2586009291080
1761375570248
2860887198024
1761374471748
2860886099524
2654913250692
1830279529860
2929791157636
1482184820040
2581696447816
1551189247364
2650700875140
1469501294916
2569012922692
1744379201860
2843890829636
1469300705604
2568812333380
1486765066884
2586276694660
1761642973828
2861154601604
2929789863560
2912408929928
2925580093064
2925311444360
1469502277960
2569013905736
1744380184904
2843891812680
2568761215304
1744127494472
2843639122248
1486766049928
2586277677704
1761643956872
2861155584648
2843622393412
1469232858692
2568744486468
1744110765636
1550921860424
2650433488200
1469317481800
2568829109576
1465274157704
1465273173572
2564784801348
2564785785480
1740152064648
2839663692424
1533993634440
2633505262216
1808871541384
2856793295492
1533925541252
2633437169028
1808803448196
2908315075972
2856842791556
2650415662468
2637547537796
1469232547204
2568744174980
1744110454148
2843622081924
1464937579908
2564449207684
1739815486852
2633168684420
2929789863236
1555400328516
1469300771460
2568812399236
1744178678404
2843690306180
1533657056648
2633168684424
1808534963592
2908046591368
1482117449096
2581629076872
1756995356040
1551190558020
1826068464964
2650702185796
2925580092740
2929873798532
1826067203460
2925578831236
1465289950596
2564801578372
1740167857540
2839679485316
1808887334276
1469249653384
2568761281160
2654928996936
1825715160392
2925226788168
1761308198212
1555149768004
2654661395780
1744128329028
2843639956804
1537969898820
2637481526596
2568812594564
1469300966788
1538020443524
2637532071300
2843690501508
2856575403396
1825783252356
2925294880132
1744178873732
2908063419012
1482134276740
1812897301828
2912408929604
1555400394372
2654912022148
1761643677320
2861087410824
1538304329032
2637815956808
1813182235976
2912693863752
1551190623876
2650702251652
1826068530820
2925580158596
1555401377416
2654913005192
1830279284360
2929790912136
1465289902664
2564801530440
1482469771848
2581981399624
1538287896964
2637799524740
2569029372552
1464938613316
2564450241092
2908064466248
1469501049416
2912610256200
1813166786952
2912678414728
1464954407560
2564466035336
1739832314504
2839343942280
1808551791240
1538019460740
2637531088516
1812897367684
2912408995460
1808821553544
2908333181320
2650685408580
2586193791556
1761291635268
1464938891844
1555401640516
1482118761028
2581630388804
1825799031108
2925310658884
1550921124164
2637547603272
1555131877704
1538304394888
1813182301832
1538020443784
2637532071560
1812898350728
2912409978504
1482403711560
1465273387652
2564785015428
1740151294596
2839662922372
1533992864388
2633504492164
1808870771332
2908382399108
1482453256836
1465223891588
2564735519364
1740101798532
2839613426308
1533943368324
2633454996100
1808821275268
2908332903044
1482403760772
2581915388548
1537968785732
2637480413508
1830363155076
2929874782852
1761626131080
2581630388808
1756996667976
2856508295752
1469233859144
2633186494020
1808552773188
2908064400964
1739833296452
2839344924228
1533674866244
1469250356804
2568761984580
1555131943560
2925311707784
2843707082116
1538305705544
1533657302596
2633168930372
1808535209540
2908046837316
2637817333320
1813183612488
1830076959044
2929588586820
1551106722116
2650618349892
1469584918852
2569096546628
1744462825796
2843974453572
1813165787460
2912677415236
1465005737604
2564517365380
1739883644548
2839395272324
1482185606788
2581697234564
1533926606408
2633438234184
1808804513352
2908316141128
1537968851588
2637480479364
1756995405124
2856507032900
1482117498180
2581629125956
1537969834632
1808603122308
2908114750084
2637481462408
1812847741576
2912359369352
2929790126660
1482117499268
1555133254216
2654644881992
1830011161160
2929522788936
1830026626440
1756996454724
2856508082500
1825715931460
2925227559236
2861155371400
1551173569096
2650685196872
1826051476040
2925563103816
1825798785608
2925310413384
1761375585672
1761642890884
2861154518660
1757264890248
2856776518024
2908398962056
1482469819784
2581981447560
1464955389252
2564467017028
2839344923972
1469517825352
2569029453128
1482385884804
2581897512580
1757263791748
2856775419524
1744395732296
2843907360072
1469569124740
2569080752516
1744447031684
2843958659460
1469316434308
2568828062084
1744194341252
2843705969028
1808888384068
2908400011844
1538304592456
1813182499400
2912694127176
2581697496456
1757063775624
1744395913608
2843907541384
2929791174216
2861088213316
1465273436740
2564785064516
1740151343684
2839662971460
1533992913476
2633504541252
1550853753412
1486764788040
1486480836936
2585992464712
1761358743880
2860870371656
1469249570440
2568761198216
1744127477384
1486430242372
2585941870148
1761308149316
2860819777092
1486496351816
2586007979592
1555484215620
1538035910980
2637547538756
1830362122564
1757331211848
2856842839624
1469317744964
1486698744452
2586210372228
1761576651396
2861088279172
1465274434888
2564786062664
1740152341832
2839663969608
2925294617992
1761358809736
1465005721988
2564517349764
1739883628932
2839395256708
1533725198724
2633236826500
1808603105668
2908114733444
1465290212932
2564801840708
1740168119876
1465273387656
2564785015432
1465223891592
1533741991300
2633253619076
1826000291400
1555417367876
2654928995652
1830295274820
2929806902596
2843957873224
1469317810820
2568829438596
1744195717764
2843707345540
1808821470600
2908064400968
1469250356808
1812898138760
1555150030152
1550905410884
2650417038660
1825783317828
2925294945604
2654661657928
1830027937096
2929539564872
1465005721992
2564517349768
1739883628936
2839395256712
1533725198728
2633236826504
1808603105672
2908114733448
1482185591176
1551190345032
2650701972808
1826068251976
2925579879752
2856507296324
1757013509508
2856525137284
1550855079300
2650366707076
1825732986244
2925244614020
1469250700676
2568762328452
1812830979396
2912342607172
1744464135816
1830346704264
1812897088840
2912408716616
1761375241608
1469299656260
2568811284036
1744177563204
2843689190980
1538019132996
2637530760772
1812897039940
2912408667716
2843958741572
1469569206852
2569080834628
1744447113796
1533657056840
2633168684616
1808534963784
2908046591560
1538221574532
2637733202308
1813099481476
2912611109252
2637464750408
2912342657352
1486413515080
2585925142856
1826067221124
2569029716552
1744395995720
1744447097416
1812831045252
2912342673028
1825782204740
2925293832516
2908046658116
1469232613956
2568744241732
1744110520900
2843622148676
1538287568520
2637799196296
2569079719240
1551189231944
2650700859720
2925578766664
1469569403464
2569030683272
1825984562756
2925496190532
1465207309892
2564718937668
1740085216836
2839596844612
1808804693572
1482402990724
2581914618500
2650432423496
1825798702664
2564450240836
1555200100996
2654711728772
1830078007940
2929589635716
1812897041032
1830027889288
1551190623812
2650702251588
1486497678916
1533674096196
2633185723972
1808552003140
2908063630916
1482134488644
1830026839620
2929538467396
2581646116420
1551123188356
1538287896132
2637799523908
1813165803076
2912677430852
1551189297800
2650700925576
2925294881416
1469501310340
2569012938116
1744379217284
2843890845060
1813166786120
2912678413896
2633455273544
1808821552712
1486749074760
2586260702536
1533742254724
2633253882500
1808620161668
2569012676936
1756995356292
2856506984068
1550836926084
2650348553860
1825714833028
2925226460804
1469232547460
2568744175236
1744110454404
2843622082180
1761626179972
2861137807748
1555400378952
2654912006728
1830278285896
2929789913672
1830363481480
1464937580168
2564449207944
1739815487112
2839327114888
1533657056904
1469232875844
2568744503620
1744110782788
2843622410564
2581714078084
1551190608456
2650702236232
1486479836804
2585991464580
1761357743748
2860869371524
1482404022664
2581915650440
2856793557384
1486480819848
2585992447624
1486748222852
2581647214216
1757013493384
1469586164100
2569097791876
2856525121160
1538238270024
2637749897800
1813116176968
2912627804744
1812897352264
2912408980040
2839345268104
1533675210120
1808553117064
2908064744840
1813098367304
1482135602568
2581647230344
1757013509512
2929588782664
2633454160456
1808820439624
2908332067400
1486413531460
2585925159236
1761291438404
2860803066180
2843707262596
2564784802184
1740151081352
2839662709128
1761625868616
2861137496392
1469233841800
2568745469576
1744111748744
2843623376520
2839394485640
1808602334600
2908113962376
1482184820104
1830094783876
2929606411652
1830095046980
1538037270852
2637548898628
1808619177540
1551173830020
2650685457796
1826051736964
1555131893128
1830009800072
2929521427848
1482386982472
2581898610248
1757264889416
2856776517192
1761374472584
1469584869700
2569096497476
1744462776644
2843974404420
2839613703496
1808821552456
2908333180232
1482404037960
2581915665736
2861137823368
2843707066696
2581697219204
1757063498372
2856575126148
1486748027528
2586259655304
1761625934472
1744447030852
2843958658628
1469316433476
2568828061252
1744194340420
2843705968196
1538221491588
1537968801156
2637480428932
1812846708100
2912358335876
1740101797444
2839613425220
1465223121544
2564734749320
1740101028488
2839612656264
1533942598280
2633454226056
1808820505224
2908332133000
2633437382020
1808803661188
2908315288964
2912359631432
1825782269512
2654643848516
1830010127684
2929521755460
1744462842500
2843974470276
2581646116424
1757012395592
2856524023368
1550853965384
2650365593160
1825731872328
1826050442564
2654928782664
1830295061832
1465291015556
2564802643332
1740168922500
2839680550276
1534010492292
2633522120068
2569030485380
1744396764548
2843908392324
1538238334340
2637749962116
1813116241284
2912627869060
1555418203524
2654929831300
2654980098632
1555200312904
1551173518664
2650685146440
1826051425608
1555215763844
2654727391620
1830093670788
2929605298564
1486749338184
2586260965960
1761627245128
2861138872904
1740152063620
1551172716932
2650684344708
1826050623876
2925562251652
2839663691396
1830279612808
1482385869384
2581897497160
1757263776328
2856775404104
1812848018756
2912359646532
1537970111812
2637481739588
2856842775176
1813165475464
1482201335428
2581712963204
1757079242372
2856590870148
1550920812164
2650432439940
1825798719108
2925310346884
1469316433540
2568828061316
1464955454856
2564467082632
2839344989576
1555133269640
1469586246212
2569097873988
1744464153156
2843975780932
2650685212296
1826051491464
2925563119240
1538238613892
2637750241668
1813116520836
2912628148612
1740100684356
2839612312132
2843622410568
1812830259528
2912341887304
1486412745032
2585924372808
1761290651976
2860802279752
1482118761092
2581630388868
1756996668036
2856508295812
1555217074500
2654728702276
1830094981444
2929606609220
1744127478344
2912694142600
2650415712584
1826067154500
2925578782276
2861154272836
2912611353992
1482118761096
2581630388872
1550904101252
2856591902084
2650415729028
1469299722628
2568811350404
1486764803464
2586276431240
1761642710408
2861154338184
1555217140356
2654728768132
1830095047300
2929606675076
2860818975112
2633252620612
1533740992836
1808618899780
2908130527556
1555132156552
2654643784328
1830010063496
2929521691272
1813099480644
1551172471432
2650684099208
2925244615048
1486413448516
2585925076292
1538221755012
2637733382788
1813099661956
2912611289732
1537969064580
2637480692356
1812846971524
2912358599300
1757330966852
2856842594628
1551172536644
2650684164420
1826050443588
2925562071364
1486748027204
2586259654980
1761625934148
1482117711172
2581629338948
1756995618116
2856507245892
1486766114120
2586277741896
1830346443332
2929858071108
1555215845956
2654727473732
2929605380676
1830093752900
1757280552264
1761559857540
2861071485316
2585940887940
1761307167108
2860818794884
1555417418312
1826050705988
2654929046088
2654728456776
2929606363720
2581897841028
1757264120196
2856775747972
1486430243208
2585941870984
1761308150152
2860819777928
1551173782088
2650685409864
1826051689032
2925563316808
1761642907016
1486413514372
2585925142148
1761291421316
2860803049092
2929606363528
2581898824072
1465291015560
2564802643336
1740168922504
2839680550280
2650618365508
1534010492296
2633522120072
1808888399240
2908400027016
1486747944584
2586259572360
1761625851528
2861137479304
1813098367556
2912609995332
2581630387848
1756996667016
2856508294792
1465274156680
1830026824008
2564785784456
1534010690116
2633522317892
1808888597060
2908400224836
1740152063624
2856776779396
2839663691400
2929589585480
1486430570820
2585942198596
1761308477764
2860820105540
1469584852612
2569096480388
1808618849928
2908130477704
1482201335432
2581712963208
1757079242376
2856590870152
1550920812168
2650432439944
1825798719112
2925310346888
1761642907976
2861154535752
1813115192968
1486748272196
2586259899972
1761626179140
2861137806916
1465021467012
2564533094788
1739899373956
2839411001732
1555400639876
2654912267652
1830278546820
1830077957508
2929589585284
1486749255240
2586260883016
1761627162184
1757080356420
2856591984196
2861138789960
1486496564808
2586008192584
2860886099528
1812898072968
1555401622920
2654913250696
1830279529864
2929791157640
1555148932488
2654660560264
1830026839432
2929538467208
1757281928776
2856793556552
1744177629508
2843689257284
2861154256520
2925579896456
2929539581576
1551189247368
2650700875144
1469501294920
2569012922696
1744379201864
2843890829640
1469300705608
2568812333384
1744178612552
2843690240328
1486765066888
2586276694664
1761642973832
2861154601608
1465021467016
2564533094792
1739899373960
1744464070212
2843975697988
2839411001736
1808618850696
2908130478472
1538238530948
2637750158724
1813116437892
2912628065668
2586008241800
1533724232072
2633235859848
1482184624520
2581696252296
1465273173576
2564784801352
1740151080520
2839662708296
1744395912776
2925579109700
1555400328520
2654911956296
1830278235464
1469300771464
2585925339716
1761291618884
2860803246660
1551190558024
2650702185800
1482454026820
2581965654596
1757331933764
2581712964164
1757079243332
2856590871108
2569080048264
1465273386628
1740151293572
1551106394500
2650618022276
1550853704068
2650365331844
1825731611012
2925243238788
1465223890564
2564735518340
1740101797508
2839613425284
1533943367300
2633454995076
1808821274244
2908332902020
1482402908744
1533992667464
2633504295240
1808870574408
2908382202184
1482453059912
2581964687688
2860803263112
2856843577992
1808603186500
2908114814276
1812897301832
2912408929608
1555400394376
2654912022152
1551190623880
2650702251656
1826068530824
2925580158600
1825984382276
2650618103108
2925496010052
1830279349572
2654913070404
2929790977348
1538287896968
1469232614020
2568744241796
1744110520964
2843622148740
1537952090756
2637463718532
1812829997700
2929873733956
2912341625476
1486412483204
1825732921668
2925244549444
1538019460744
2637531088520
1830093669956
2929605297732
2586008978760
2925310658888
1469568404040
2585940804996
1761307084164
2860818711940
1551172716100
2650684343876
1826050623044
2925562250820
1464938693960
2564450321736
1739816600904
2839328228680
1533658170696
2633169798472
1808536077640
2908047705416
1482118563144
2856508081476
1550838023492
2650349651268
1464938677572
2564450305348
1757264037252
1830026889864
1555484265092
2654995892868
1830362172036
2929873799812
1555200313988
2654711941764
1744463825544
1537968785736
1533724166468
2633235794244
1808602073412
2908113701188
2637480413512
1555485248136
1830363155080
2929874782856
1538238613060
2637750240836
1813116520004
2912628147780
1486412466820
2585924094596
1761290373764
2650701138568
1826067417736
2925579045512
1465022842504
2564534470280
1739900749448
2839412377224
1533742319240
2633253947016
1469317547400
2568829175176
1744195454344
2843707082120
1761308394820
1486430487876
2585942115652
2860820022596
1482470802756
1537968851592
2637480479368
1555485575748
2654997203524
1830363482692
2929875110468
1533725215368
1486698989956
2586210617732
1761576896900
2861088524676
2633236843144
1808603122312
2908114750088
1551106476612
2650618104388
1555400591944
2654912219720
1830278285892
2929789913668
1482385934916
2581897562692
1757263841860
1551105411652
2650617039428
2860818975044
1538220509764
2637732137540
1486430553732
2585942181508
2650415973956
1761308460676
2860820088452
1739832313156
2839343940932
1464954406212
2564466033988
1757348775556
2856860403332
1761642890888
2861154518664
1538237499972
2637749127748
1757263791752
1469568141700
2569079769476
2856775419528
1465273386632
2564785014408
1740151293576
1537970162248
1808603449924
2908115077700
2637481790024
1812848069192
2912359696968
1465223890568
2564735518344
1740101797512
2839613425288
1533943367304
2633454995080
1808821274248
2908332902024
1469569124744
2569080752520
1744447031688
2843958659464
1744194341256
2843705969032
2586209323332
1486697695556
1761575602500
2861087230276
2843639170632
1761576585544
2861088213320
1486479853896
2585991481672
1761357760840
1465022826884
2564534454660
1739900733828
2839412361604
1808620210564
2908131838340
1482202696068
1486681949764
2586193577540
1486429259332
2585940887108
1761307166276
2860818794052
1555217089924
2654728717700
1830094996868
2929606624644
1486430242376
2585941870152
1761308149320
2860819777096
1469316761924
2568828389700
1744194668868
2843706296644
1486429440644
2585941068420
1761307347588
2860818975364
1550904100232
2650415728008
1825782007176
2925293634952
2861071697544
1757347662468
2856859290244
1469317744968
2568829372744
1465022826888
2564534454664
1739900733832
2839412361608
1486698744456
2856508081480
1740102010436
2839613638212
2650349651272
1826050705028
1825715930440
2925227558216
2637799441800
1813165720968
2912677348744
2929858020676
1555468485956
1830346392900
1533942580616
2633454208392
1533741991304
2633253619080
1808619898248
2908131526024
2912611027592
1551123252548
1826001159492
2650634880324
2925512787268
1555417367880
2654928995656
1744195717768
2843707345544
1486680836676
2586192464452
1761558743620
2861070371396
1550905410888
2650417038664
1825783317832
2925294945608
1482471066180
2581982693956
1757348973124
2856860600900
1551123433860
1826001340804
2925512968580
2581981381956
1537952089412
2637463717188
1812829996356
2912341624132
1555468551812
2654980179588
1830346458756
2929858086532
2637733120648
2581713996424
1757012379976
2856524007752
1550853949768
2929538516296
2650365577544
1825731856712
2925243484488
1757264890500
1469569206856
2569080834632
1744447113800
2843958741576
1538221574536
2637733202312
1813099481480
2912611109256
1555199052100
2654710679876
1830077942088
2929589569864
1812831045256
2912342673032
2925293832520
1551106393668
1550853703236
1825731610180
2925243237956
1550920796548
2650432424324
1482117776708
2581629404484
1756995683652
2856507311428
1550837253444
2650348881220
1825715160388
2925226788164
2860802278724
1555132220740
1761559005832
1533741205828
1740168054340
2839679682116
1534009624132
2633521251908
1808887531076
2908399158852
1482470016580
2581981644356
1486496548420
2586008176196
1551122205316
2650633833092
1826000112260
1551123188360
2650634816136
1825782270600
2925293898376
1533725460036
2633237087812
1808603366980
2908114994756
1813165803080
2912677430856
2860802197832
1469501310344
2569012938120
1744379217288
2843890845064
2843908409672
2585924027720
1538037009028
2637548636804
1812914915972
2912426543748
1534009362756
2633520990532
2650700859716
1761642629444
1555484199236
2654995827012
1830362106180
1482185655620
2581697283396
1486479770952
2585991398728
1761357677896
2860869305672
1537952025224
2637463653000
1812829932168
2912341559944
1555468749380
2654980377156
2637480691016
1486682163588
2586193791364
1761560070532
1826068515396
2925580143172
2843975764548
1482471131716
2581982759492
1757349038660
1551123515972
2650635143748
1469316678980
2568828306756
1744194585924
2843706213700
1486413727364
2585925355140
1761291634308
2860803262084
1482202450312
2581714078088
2856591985032
1464937579844
2564449207620
1739815486788
2839327114564
1744463889736
2843975517512
1537952352836
2637463980612
2581914551944
1469585181060
2569096808836
1744463088004
2843974715780
1538237286984
1533992667716
2633504295492
1808870574660
2908382202436
2637748914760
1469586164104
1744464071048
2843975698824
1808871557704
2908383185480
2925511673416
1469316744836
2568828372612
1744194651780
2843706279556
1757062449476
2856574077252
1486413531464
2585925159240
1761291438408
2860803066184
1744195634824
2843707262600
2650618349128
1761576896068
2861088523844
1555484214660
2654995842436
1555216876936
2654728504712
2929606411656
1551173830024
2650685457800
1825799046536
2925310674312
1469584869704
2569096497480
1538220508548
2637732136324
1813098415492
2912610043268
1550920796552
2650432424328
2856507311432
2650348881224
1469569468740
2569081096516
1744447375684
1826051754308
2925563382084
2843959003460
1482185935172
2568828061256
2633522365828
1808888644996
2908400272772
1537968801160
2637480428936
1812846708104
2912358335880
2929875060036
1744194324040
2564534454920
1739900734088
2839412361864
1533742303880
2633253931656
1808620210824
2908131838600
1555132220744
2654643848520
1830010127688
2929521755464
1469584935560
2569096563336
1744462842504
2843974470280
1486697876036
2586209503812
2650684164680
1551172535624
2650684163400
1465006065992
2564517693768
1825782007172
2925293634948
1482184623492
2581696251268
1757062530436
2856574158212
2654727391624
1830093670792
2929605298568
1813099726148
2912611353924
1537969128772
1812847035716
1465289886024
1830363498116
2929875125892
2564801513800
1740167792968
2839679420744
1551172716936
2650684344712
1826050623880
2925562251656
1534009443652
2633521071428
1808887350596
2908398978372
1537970111816
2637481739592
2856508097924
1550838039940
2650349667716
2925227574660
1469233661316
2568745289092
1744111568260
1469233580612
2568745208388
1465291262536
1534010426696
2633522054472
1808888333640
2908399961416
2564802890312
1740169169480
2839680797256
1469586246216
1464937843268
2564449471044
1739815750212
2839327377988
2569097873992
1744464153160
2843975780936
1538238613896
2637750241672
1813116520840
2912628148616
1486748026180
2586259653956
1761625933124
1825984382344
2925496010120
1469233661320
2568745289096
1744111568264
2843623196040
2856776533384
2581630190984
1756996470152
2856508097928
1825716192580
1761291438724
2860803066500
1533658172036
2633169799812
1808536078980
2908047706756
1482118564484
2581630192260
1533992584772
2633504212548
1808870491716
2908382119492
1756995618120
2856507245896
2912342935108
1533675145540
2564467296580
2908316142148
1813099481668
2586193594948
1739833575748
2839345203524
1465207130692
2564718758468
2843891632708
2581898627652
2861071501892
1808602137992
1482184623496
2581696251272
1486479590792
2585991218568
1761357497736
2860869125512
1757062530440
2908113765768
2856574158216
1465223121284
2564734749060
1740101028228
2839612656004
2843707016836
2839663969924
2568760953156
1555417106756
2654928734532
1830295013700
2929806641476
1761357433156
2860869060932
1830076909892
2908113701192
1551122139464
2650633767240
1826000046408
1812913817928
1808602073416
1538019133768
2637530761544
1812897040712
2912408668488
1482201647748
2633169979016
1465206262404
1761291438728
2860802000516
1825714882180
2925226509956
2843891632712
2654913071688
2912609977668
1555131876676
2654643504452
1830009783620
2929521411396
1808803382596
2908315010372
1555400312132
2654911939908
1469232530756
1830026578308
2929538206084
1538220460420
2637732088196
1825781942660
2925293570436
1744177564036
2843689191812
1486496303492
2586007931268
1830077172036
2929588799812
1533725460872
2633237088648
1808603367816
2908114995592
1533925493128
2633437120904
1808803400072
1761290324360
1538304346504
1550904035720
1486496303496
2586007931272
1761374210440
2860885838216
1825731938628
2925243566404
1825984629060
2925496256836
1469518072196
2569029699972
1744395979140
2843907606916
2581914601860
1486697941380
2586209569156
1761575848324
2861087476100
1757280881028
2860801934664
2654911939912
2929789846856
1465022515588
2564534143364
1739900422532
2839412050308
1533741992324
2633253620100
1808619899268
2908131527044
2839344137540
2843639104836
2860818711944
1808887531140
2908399158916
1551189493380
2650701121156
1826067400324
2925579028100
1830362367620
2929873995396
1744194586244
2843706214020
1538036156040
2912694126216
1486496548488
1551189493384
2650701121160
1826067400328
2925579028104
1761374455432
1812914062984
1830362367624
1465290950980
2564802578756
1740168857924
2839680485700
1757348727108
2856860354884
1486765787460
2586277415236
1761643694404
2860820022600
1812898073156
2912409700932
2654711663172
1538288601668
2637800229444
1813166508612
2912678136388
1551173503556
2650685131332
1826051410500
1486412465800
1486748994120
2586260621896
1812898073160
1550905068104
1825782975048
2925294602824
1830077942344
1555468470856
1538288601672
2637800229448
1469518072200
2569029699976
1744395979144
2843907606920
1555200379268
2654712007044
1830078286212
2929589913988
1538288945540
1826051754372
2925563382148
1555468814724
2654980442500
1744178940292
1830026822984
1469249570120
2568761197896
1744127477064
2843639104840
1469317482888
1744195389832
2843707017608
1464954602824
2564466230600
1482385933896
2581897561672
1538020510088
2637532137864
1812898417032
2912410044808
2929858349448
2650417039752
1555200379272
2654712007048
1830078286216
1551173847432
2839662904644
1465021449604
2564533077380
1744194323844
2843705951620
2856590853508
1482201318788
2581712946564
1757079225732
1761374193028
2860885820804
1744463825224
2843975453000
1757348727112
2856860354888
1486765787464
2586277415240
1761643694408
2861155322184
1744195700356
1537952089416
2637463717192
1812829996360
2843707328132
2856592230020
1761375569540
2860887197316
2650700858692
1555484198212
2654995825988
1830362105156
2929873732932
1465289884996
2564801512772
1482469754180
1757332212100
2856843839876
1761627179396
2861138807172
1757349037636
2856860665412
1486766097988
2586277725764
1761644004932
2861155632708
2908382447940
2586276366916
1550853704260
2650365332036
2912358337092
1482184559172
1739899374148
2839411001924
1533740943940
2633252571716
1761374210628
1744128264836
2843639892612
1757013166724
2856524794500
1464937581128
2564449208904
1739815488072
2839327115848
1808534964808
2908046592584
1465021467208
2564533094984
2925511740040
2564450502024
1739816781192
2839328408968
1482452993348
2581964621124
1538019395140
2637531022916
1825782203972
2925293831748
1830077171268
2929588799044
1808870770244
2908382398020
2925562267204
1555467699780
2929857301060
2564735453764
1740101732932
2839613360708
1482403695172
2581915322948
1757281602116
2856793229892
2861088197188
2925512706628
1486698662468
1830077221444
2929588849220
1465005001284
2564516629060
1739882908228
2839394536004
1486748223048
2586259850824
1538019395144
2637531022920
1812897302088
2912408929864
1826050639432
1550904297032
2650415924808
1825782203976
1830093669768
2912425428360
1812913800584
1469316416904
2568828044680
1744194323848
1761374193032
2843705951624
1465021449608
2564533077384
1744195700360
2843707328136
1486497662600
2586009290376
1761375569544
2860887197320
1538304346756
2637815974532
1813182253700
2912693881476
1756995357316
2856506985092
1550836927108
2650348554884
1825714834052
2925226461828
2908398914184
1739815488136
1465289902728
2564801530504
1740167809672
1465021467272
2564533095048
1739899374216
2839411001992
1533740944008
1486764721480
2586276349256
1761642628424
2581965932936
1757332212104
2856843839880
1533674931780
2633186559556
1482403759684
2581915387460
1533943367236
2633454995012
1808821274180
2908332901956
1538238334532
2637749962308
1482118498948
2581630126724
1756996405892
2856508033668
1826068514376
2569097856584
1744464135752
2843975763528
1757349037640
2856860665416
1830363481672
1486766097992
2586277725768
1761644004936
2925226723972
2586259835204
2633236040004
1538019379524
2637531007300
2569079966020
2637799442756
1555467684164
2654979311940
1482403759688
2581915387464
1486698726984
2586210354760
1761576633928
2861088261704
1551123236424
2650634864200
1469250357896
2568761985672
1744128264840
2843639892616
1482135259784
2564784997764
2581646887560
1757013166728
1482453239172
2581964866948
1757331146116
2856842773892
1482453240136
2581964867912
1538019379528
2637531007304
1812897286472
2912408914248
1555199248712
2654710876488
2654644553348
1808534947204
2908046574980
1482117432708
2581629060484
2585924027780
1761290306948
1469500966276
2569012594052
2856775402884
2856508098180
1761291437700
1555418139208
1482403695176
2581915322952
1757281602120
2856793229896
2586210290248
2861088197192
1830296046152
2654929766984
2860869372488
1761357744712
1830077221448
1465005001288
2564516629064
1739882908232
2839394536008
1533724478024
1482385868168
2581897495944
1757263775112
2856775402888
1533657040264
2633168668040
1808534947208
2908046574984
1830009783688
2929521411464
1469519137156
2569030764932
1744397044100
2856575190596
1469250635076
2568762262852
1744128542020
2843640169796
1744380003908
2843891631684
1757264905796
2856776533572
2654660561540
1830026840708
2929538468484
1469249587844
2568761215620
1744127494788
2843639122564
1486429457028
2585941084804
1761307363972
1537952269896
2856859567428
1482202694984
2581714322760
2569029651012
2586209520196
1486697892420
1761575799364
2861087427140
2581964866952
1486748206472
2586259834248
1761626113416
1469250356552
2568761984328
1486496303684
2586007931460
2860885838404
1465289902660
2564801530436
1469584869956
2569096497732
1550920813124
2564718937416
1740085216584
2839596844360
2839344153928
1469569124996
2569080752772
1744447031940
2843958659716
1482454026884
2581965654660
1757331933828
1486748994180
2586260621956
1761626901124
1465223121288
2564734749064
1740101028232
2839612656008
1739899374152
2839411001928
1533740943944
2633252571720
1482201336392
2581712964168
1486496303688
2586007931464
1761374210632
2860885838408
2860803065480
2843623196296
1486413530760
1469569125000
1744447031944
2843958659720
1482454026888
2581965654664
1486748994184
2586260621960
1761626901128
2861138528904
1538020166280
1761576913288
2586210634120
2861088541064
1469519137160
2569030764936
1744397044104
2843908671880
1482404039048
2581915666824
1757281945992
1482201647752
2581713275528
1469250635080
1744128542024
1465207129672
2564718757448
1740085036616
2839596664392
1469502096968
2569013724744
1744380003912
2843891631688
2856776533576
1761559873096
1757265087112
2856776714888
1761560054408
2861071682184
1469249587848
2568761215624
1744127494792
2843639122568
2860818991752
2861155568196
1469518071172
2569029698948
1550836909384
2650348537160
1482402972996
2581914600772
1757280879940
2856792507716
1761575847236
2861087475012
1812847019332
2912358647108
1465022514564
2564534142340
2568829109636
1469317481860
1482402925128
1486697892424
2586209520200
1469518071112
1761307411784
1757280879944
2856792507720
1486697940296
2586209568072
1761575847240
2861087475016
2569029698888
2843907605832
2925579830596
1555485263172
2654996890948
2569097545028
1744463824196
2843975451972
1486765786436
2586277414212
1761643693380
1551189248644
2650700876420
1555484215940
2654995843716
1830362122884
2929873750660
1469584870020
2569096497796
1825716192840
1482184557960
2581696185736
1486479787652
2585991415428
2633504491140
2908382398084
2839662921348
1469568353924
2569079981700
1744446260868
2843957888644
2581964883588
1761290585412
2860802213188
1486412678468
2585924306244
1482470032708
1739899635012
2839411262788
1808619111748
2908130739524
1464937841992
2564449469768
1739815748936
2839327376712
1533657318728
2633168946504
1808535225672
2908046853448
1482117711176
2581629338952
1465004689732
2564516317508
2839662921352
2569079981704
1744446260872
1757331162760
2856842790536
2912677365384
1825782204040
2925293831816
1550837172808
2650348800584
1825715079752
2925226707528
2581714324036
1757080603204
2856592230980
1740169169476
2839680797252
1465291262532
2564802890308
1486766099012
1465223103880
2564734731656
1740101010824
2839612638600
2586209568136
2843907605896
1756995602820
2839412049288
2586008978824
1469317481864
2568829109640
1744195388808
2843707016584
2860886885768
1482202383752
2581714011528
1757080290696
2568829422152
2856592230984
2581714324040
1469586229832
2569097857608
1486766099016
2586277726792
1761644005960
1465022842500
2564534470276
1739900749444
2839412377220
1486430291588
2585941919364
1761308198532
2860819826308
1469518857860
2569030485636
1744396764804
2843908392580
1486765786440
2586277414216
2581914290820
1469299902852
2568811530628
1744177809796
2843689437572
1761357678980
2860869306756
1469568338308
2569079966084
1757331147140
2856591132036
1830093948292
2929605576068
2568828323204
1812830193028
2912341820804
1469249586564
2568761214340
1761374471556
2860886099332
1813182253704
2637815974536
2839679437448
2912693881480
1469584870024
2929857234312
1486697891208
1538220721544
2637732349320
1813098628488
2860802213256
1761575798152
1465021728136
2564533355912
1739899635080
1486430291592
1761308198536
2860819826312
1744396764808
2843908392584
1482403759752
2581915387528
1757281666696
2856793294472
1825782973764
1757332211076
2856843838852
1551173780868
2650685408644
1740152341892
2568811530632
1482184804744
2581696432520
1757062711688
2856574339464
2585991399816
1761357678984
2860869306760
1757331147144
2856842774920
1550920878468
2650432506244
1555149702788
1830027609732
1482135258756
2581646886532
1486430226052
2585941853828
1761308132996
2860819760772
2929588537672
2650365642376
2925243549320
1469299657032
2568811284808
1744177563976
2843689191752
2925294946888
1555200379464
2654712007240
2581697563208
1757063842376
2856575470152
1486480902728
2585992530504
1813116175940
2912627803716
2925512705604
1757281601092
2856793228868
1469518792260
2569030420036
1744396699204
2843908326980
1826001077828
1486413515140
2585925142916
1550904346180
1465005000260
2564516628036
1739882907204
2839394534980
1469299967556
2568811595332
1744177874500
2843689502276
2581696497220
2860802213192
1740085020996
2839596648772
1469502081348
2633522054468
1808888333636
2908399961412
1826068202820
1551190295876
1830026643780
2929538271556
1739832330564
2839343958340
1761307167044
2860818794820
1465289902724
2564801530500
1740167809668
2839679437444
1808887286404
2908398914180
1830346655112
2929858282888
1482454304136
2581965931912
1757332211080
2856843838856
1486749271432
2586260899208
1761627178376
2861138806152
1555131877956
2654643505732
1464937564740
2564449192516
1739815471684
2839327099460
1482117433924
2581629061700
1486412401220
2585924028996
2839412049224
1533741991240
2633253619016
1808619898184
2908131525960
1482202383688
2581714011464
1555485263176
2654996890952
1486497350984
2633252571784
2654995843720
1551189248648
2650700876424
2929873750664
1555484215944
1538304346760
1469316434568
2929539237512
1537969833608
1812847740552
1482117450052
2581629077828
2637481461384
2912359368328
1486430226056
2585941853832
2860819760776
1830345345416
1825798702468
1469518792264
2581915321928
1757281601096
2856793228872
1486698661448
2586210289224
1761576568392
2861088196168
2568745273736
2925293880904
1550904346184
2843689502280
1555199313480
2654710941256
1830077220424
2929588848200
1757062776392
1465005000264
2564516628040
1486681966148
2586193593924
1761559873092
2861071500868
1555401442884
2654913070660
1830279349828
2929790977604
1825984382532
2925496010308
2650433733956
1739833313924
2925243549060
2925511984516
1761575847300
2861087475076
1464954668420
2564466296196
1739832575364
2839344203140
1482404038020
2581915665796
1551105623620
2650617251396
1744194602564
2843706230340
1538036172356
2637547800132
1538287830596
2637799458372
1551122400836
2650634028612
1469502277252
2569013905028
1744380184196
2843891811972
2581898806916
1486682146436
2586193774212
1465223054920
2564734682696
1740100961864
2839612589640
1533942531656
2633454159432
1808820438600
2908332066376
1825983530568
2637733185864
2654913070664
1830279349832
2929790977608
1825984366920
2925495994696
1469233661512
2568745289288
1744111568456
1469249635720
2568761263496
2654660560516
1744127542664
2843639170440
1533674096260
2633185724036
1808552003204
2925226722952
1830026643784
1761307167048
2860818794824
2929521412680
1464937564744
2564449192520
1739815471688
2839327099464
1469232532040
2568744159816
1486412401224
2908063630980
1825798784580
1469518022212
2569029649988
1744395929156
2856792458820
2581914551876
1826000356936
2925511984712
1830010128772
2929521756548
1739815815556
2839327443332
2633169013124
1808535292292
2908046920068
1555401427268
2654913055044
1813099465028
2912611092804
1757264890180
2856776517956
1538221558084
2637733185860
1830279334212
2929790961988
2839680813384
1808870770308
1757012395652
1825731872388
2925243500164
1830010062468
2929521690244
1551189509764
2650701137540
2586209519240
1464937842312
2564449470088
1739815749256
2839327377032
1533657319048
1757012395656
1830010062472
2929521690248
1551189509768
1830278564164
2929790191940
1482386213188
2581897840964
1757264120132
1465206344004
2564717971780
1740084250948
2839595878724
1469501311300
2908316125512
1482386983240
2581898611016
1756996454728
2856508082504
1550838024520
2650349652296
1825715931464
2925227559240
1744111552840
1465291262596
2564802890372
1740169169540
2839680797316
1808888646276
2908400274052
1482471131780
2581982759556
2843975452228
1825800014404
2925311642180
1739900668484
2839412296260
2843707263556
1757080537668
2856592165444
2843908670856
1761576912264
2861155370632
1757281944968
2856793572744
2654913250952
2929791157896
1534010739336
2633522367112
1808888646280
2908400274056
1538305706632
2637817334408
1813183613576
2912695241352
1551190608520
2650702236296
2925243500168
2839344154248
1533674096264
2633185724040
1808552003208
2908063630984
1482134488712
2569029649992
1486697891400
2586209519176
2861137742468
2929521756552
1464937908616
2564449536392
1739815815560
2839327443336
1533657385352
2633169013128
2585924372872
2860802279816
1469584868996
1486764738180
2586276365956
1469501311304
2569012939080
1744379218248
2843890846024
1813098694984
1757264120136
2856775747912
1761559087432
2861070715208
2637732415816
1533925819716
2633437447492
1813098693956
1555400656196
1486681179460
2912610321732
1538220787012
2637732414788
1464937907524
2564449535300
1555217074760
2654728702536
1465022761544
2564534389320
1739900668488
2839412296264
1533742238280
2633253866056
1808620145224
2908131773000
1469568158084
2569079785860
1757330966916
2856842594692
1486748027268
2586259655044
2637530760516
1813116455236
2912628083012
2650635077956
1740084249928
1533925819720
2633437447496
1812897039684
2912408667460
1533943580996
2633455208772
2650617316680
1825983595848
2633237169732
2925294945860
1550905411140
1555200378436
2654712006212
1830078285380
2929589913156
2650417038916
1465006065220
2564517692996
1538238548296
2637750176072
1813116455240
1551123450184
2650635077960
1555418417480
2654930045256
2856525072712
2637532055112
2912409962056
2564785784200
1761643693444
2839680484740
1534010426756
2633522054532
1482403710280
2581915338056
1482402908548
2581914536324
1482134472324
2581646100100
2856508033604
2654728455560
1830094734728
1812914865544
1761375257992
1538305394056
2637817021832
2637548586376
2925578782344
2569096496776
2856859305608
1486764738184
2586276365960
1761627245124
1551173847620
2861138872900
1486749338180
2654712007236
1533993978436
2633505606212
1808871885380
1465274501704
2564786129480
1740152408648
2839664036424
1808871885384
1550905412168
2650417039944
1825783319112
1538019132744
2637530760520
1555199001928
2654710629704
2856792197768
1465004688712
2564516316488
1739882595656
1550838040196
2650349667972
1825715947140
2925227574916
1465207129732
2564718757508
1533926606468
2633438234244
1555200378440
2654712006216
1830078285384
2929589913160
2843690567240
1486480901704
2585992529480
1761358808648
2860870436424
1761291437704
1538221573768
2637733201544
1813099480712
1551106475656
2650618103432
1825984382600
1555401442952
2654913070728
1830279349896
2912342656388
1550838023556
2650349651332
2581630174596
1756996453764
1486413514116
2585925141892
2839328164424
1533658106440
2633169734216
1808536013384
2908047641160
1482118498888
2581630126664
1756996405832
2856508033608
1761291373128
2908131575428
2564718740804
1740085019972
2839596647748
1465222859076
2564734486852
1469517826372
2569029454148
1538237303108
2637748930884
1826000111940
2925511739716
1744395733316
2843907361092
2929538270532
1537969047940
1812846954884
2912358582660
2925243484548
1744127478148
1761558809220
2861070436996
1537952007748
1830009783876
2929521411652
1555131876932
1740085021060
2839596648836
1533926590852
2633438218628
1808804497796
2908316125572
1482386983300
2581898611076
1555132991876
2654644619652
1465222859080
2564734486856
1740100766024
2839612393800
1533942335816
2633453963592
1808820242760
2908331870536
1482402728264
2581914356040
1465223039300
2564734667076
1740100946244
1550838024584
2650349652360
2925227559304
1555132991880
2654644619656
1830010898824
1533926590856
2633438218632
1808804497800
2908316125576
2912359451272
1533926869640
1825782254148
2925293881924
1469249586504
2568761214280
1744127493448
1465289901384
2564801529160
2839679436104
1482386982216
1756995422856
2856507050632
1537968866632
2637480494408
1812846773576
2912358401352
1555148735816
2654660363592
1830026642760
2929538270536
1744127296840
2843638924616
1830026824072
2912610044552
1551105411720
1825983318664
2925494946440
1555400379016
2654912006792
1830278285960
2929789913736
2586192530056
2861070437000
1465291277896
2564802905672
2839680812616
1482117432904
2581629060680
1550836909640
1830009783624
2929521411400
2650348537412
1825714816580
1469232531012
2925494879812
2564717626948
1740083906116
2839595533892
1550922106184
1825800013128
2925311640904
1555132220804
2654643848580
1464937907588
2564449535364
1739815814532
2839327442308
1533657384324
2633169012100
2568744502660
1486412744068
2929806887240
2861070370376
1465205999176
2564717626952
1740083906120
2839595533896
1808803382856
2908315010632
2654643504712
1808535291268
2908046919044
1756995683716
2856507311492
2581897840004
1757264119172
2856775746948
1465206343044
2564717970820
1740084249988
1486764722564
2586276350340
1761642629508
2861154257284
2586192807236
2843908606340
1482135538052
2581647165828
1757281880452
2856793508228
2564717970824
1740084249992
2839595877768
1533925819784
2633437447560
1808803726728
2908315354504
1538305706628
2637817334404
1813183613572
2912695241348
1551190608516
1555485575812
2654997203588
1830363482756
2929875110532
1533742237252
2633253865028
1808620144196
2908131771972
1555217073732
2654728701508
1465022760516
2564534388292
1744128543112
2843640170888
1482403973512
2581915601288
1757281880456
1465224104328
2564735732104
1486698940808
2586210568584
1761576847752
1825783302468
2925294930244
1555200362820
2654711990596
2654643767880
1465006049604
2564517677380
2929521674824
1757063825732
2856575453508
2637480675908
1808603449988
2908115077764
1482185935492
2581697563268
1757063842436
2856575470212
2839664036484
1808871885444
2908383513220
2581646117192
1533725543048
1808603449992
2908115077768
1482185935496
2581697563272
1757063842440
1482469755272
2581981383048
1757347662216
2856859289992
2925495223624
1757264119112
2856775746888
1486764722568
1482185673348
2581697301124
1555485575816
1469586229896
1830363482760
2569097857672
2908131771976
1825800013384
2925311641160
1555217073736
2654728701512
2929538450760
1830345409924
2929857037700
1551172535684
1826050442628
1465273189764
2564784817540
1740151096708
2839662724484
2650684163460
1482453058948
2637733201220
2650415990404
2650700924552
2925578831496
1744178923848
1830078269768
1482134292868
2581645920644
1757012199812
2856523827588
1550853769604
2650365397380
1465222859140
2564734486916
1740100766084
2839612393860
1482202449284
1550855014788
2650366642564
1825732921732
1555149982084
2654661609860
2654913071748
1830279350916
2929790978692
2650702235208
2925580142152
1469502098052
2569013725828
1550853753476
2650365381252
1533658105412
2633169733188
1808536012356
2908047640132
1550837974596
2650349602372
1825715881540
2581645920648
2564734486920
1740100766088
2839612393864
1465222859144
1469517826440
2569029454216
2856523827592
1757280635272
2856792263048
2908383184452
2861137495368
1808821487940
2908333115716
1551123450180
1465224104260
2564735732036
1740102011204
2839613638980
1482403973444
2581915601220
2585925339524
1757079243140
2856590870916
2925562070408
1830345409928
2929857037704
1469568157064
2569079784840
1744446064008
2843957691784
1757330965896
2856842593672
2856592181572
2564516563524
1739882842692
2839394470468
1533724412484
2633236040260
2654710876740
1538036173124
2637547800900
2581646117188
1757012396356
1813165738308
1825715095876
2925226723652
1469232810308
2568744438084
1555199265096
2654710892872
1830077172040
2929588799816
1538036173128
2637547800904
1744110717256
2843622345032
1537952287048
2637463914824
2908047885960
1739882842696
2839394470472
1533724412488
2633236040264
1808602319432
2908113947208
1482184804936
2581696432712
1550904281672
2650415909448
1537970112904
2637481740680
1812848019848
2912359647624
2650618104456
1825984383624
1555149982088
1830027889032
2929539516808
2856776534664
1757264906888
1555131876996
2654643504772
1465205999236
2564717627012
1740083906180
2839595533956
1808803382916
1482385868420
2581897496196
1825714816644
1825715881544
1825715881284
2925227509060
1757332015684
2856843643460
1482454108740
2581965736516
1464937563784
2564449191560
1739815470728
2925243483524
1464954602884
1469249570180
2839327098504
1533657040520
2633168668296
2637732071048
1533674079620
2633185707396
1537969046916
2929789912708
2564717692548
1555400591748
2654912219524
1830278498692
2929790126468
1739815750020
2839327377796
1533657319812
2633168947588
1808535226756
2908046854532
1469568354696
2569079982472
1830362384776
1464937843080
2564449470856
1533657319816
2912627034504
2912627017028
1538237482308
1551122384196
2650634011972
2654928979268
1830295258436
2929806886212
1555485264260
2654996892036
1830363171204
1830093751876
1555467422276
2654979050052
1538035960388
2637547588164
1812913867332
1761374259780
2860885887556
1486496352836
2586007980612
2912425495108
1469316483652
2568828111428
1537969046920
2637480674696
1812846953864
1555148916104
2654660543880
2654912005768
1830278284936
2929789912712
1464954602888
2564466230664
2637732136584
2912610043528
1482202433864
2929806886216
2654996892040
1830363171208
1465290951048
2564802578824
1740168857992
2839680485768
1469585918344
2569097546120
1555417417284
2654929045060
1744127542852
2843639170628
1537969112644
2637480740420
2912358647364
1830295324228
2929806952004
1825731921476
2860820040328
1555417417288
1830295324232
2929806952008
1464954668616
2564466296392
1740167792004
2839679419780
1469249635912
2568761263688
1808887268740
2908398896516
1538304329092
2637815956868
2908400273028
1482471130756
1469586228868
2569097856644
1744464135812
2843975763588
2929874781832
2908315272520
2637547588168
1812913867336
2912425495112
1465021516360
1739899423304
1469316483656
2568828111432
1744194390600
2843706018376
1538020492612
2637532120388
1812898399556
2912410027332
1550905394500
2650417022276
1555200361796
2654711989572
1830078268740
2929589896516
1757331163716
1482453256772
2581964884548
1740100962884
2839612590660
1533942532676
2633454160452
1808820439620
2908332067396
1486748224068
1465223055944
2564734683720
1740100962888
2839612590664
1533942532680
1482453256776
2581964884552
1486748224072
2637531073156
1555199314564
2654710942340
1830077221508
2929588849284
2839394536068
1533724478084
2633236105860
2908114012804
1482184870532
1740101797256
2839613425032
2654996089412
1830362368580
2929873996356
2908382448196
1555467749956
2654979377732
1482453305924
2581964933700
1551172782660
2650684410436
1469568404036
2569080031812
1533658089796
2633169717572
1812830964036
2912342591812
1464938613060
1744111487300
2843623115076
1813182236040
2912693863816
1551189230984
2650700858760
1830362105224
2929873733000
1469584852360
2569096480136
1761644005000
1469586228872
2569097856648
2908383429956
2912409961796
2929589830980
1486480819524
1555200296260
1761358726468
2637532054852
2654711924036
2860870354244
1830078203204
1757062711940
2856574339716
1825782188676
2925293816452
1469299903108
2568811530884
1826050624132
1808552004228
2908063632004
1482134489732
2581646117508
1757012396676
2856524024452
1555484478088
1830362385032
2929874012808
1744463039112
1464937843336
2564449471112
1808603366728
2908114994504
1482185852232
2581697480008
1757063759176
2856575386952
1550905328968
2650416956744
1825783235912
2925294863688
1739816863300
1757062711944
1744177810056
2843689437832
1826050624136
2925562251912
1744446245512
1555200361800
2654711989576
1830078268744
2929589896520
1465006048584
2564517676360
1739883955528
2839395583304
1533725525320
2633237153096
2856575208072
1808602385032
2908114012808
1482184870536
2581696498312
1757062777480
2856574405256
1538019445384
1550904347272
2650415975048
1825782254216
2925293831496
2929605380488
1808553051524
2908064679300
1808804513412
2908316141188
1482135537028
2581647164804
1757013443972
2856525071748
1550855013764
2654913070724
1830279349892
2637548569924
1744111569476
2843623197252
2650684410440
1555467749960
2654979377736
1830345656904
2929857284680
2925512722056
2856508016968
1825715865928
2925227493704
1469233580360
2568745208136
1464938613064
2564450240840
1739816520008
2839328147784
1533658089800
2843957627464
1465222859336
2564734487112
1740100766280
2839612394056
2654728784200
2908383495812
1533943579972
2633455207748
1482403972420
2581915600196
1538238547268
2637750175044
1813116454212
2908130805380
1533741270660
2633252898436
1808619177604
1538237500036
2637749127812
1813115406980
2912627034756
1551122401924
2650634029700
1826000308868
2925511936644
1555417369220
2654928996996
1538220788036
2637732415812
1813098694980
1482202449288
2581714077064
1482470819396
1826068203076
2925579830852
1486765786692
2586277414468
1761643693636
2861155321412
1550921860676
1533992666692
2633504294468
1808870573636
2908382201412
2654728455752
1465022514760
2564534142536
1739900421704
2839412049480
1533741991496
2633253619272
1482202383944
2581714011720
1550921860680
1808870754948
2908382382724
2856507246916
1550837188932
2650348816708
1555132156228
2654643784004
1830010063172
2929521690948
2912341821764
1469317548612
2568829176388
1744195455556
2843707083332
1465207391556
2564719019332
1740085298500
2839596926276
2633186772360
1808553051528
2908064679304
2908382184772
1812848018824
2912359646600
1550855013768
2650366641544
1465004737860
2564516365636
2856592181576
1825799752004
2925311379780
2856591903044
1826068187460
1739900406084
2839412033860
2925579815236
1830345393480
2929857021256
2929605297544
2633185773188
1808552052356
2908063680132
1482134537860
1469249635972
2568761263748
1538237548164
2637749175940
2843891550532
2654930044232
1830296323400
2929807951176
1469519070536
1744396977480
2843908605256
1465206278468
2564717906244
1469233579588
2568745207364
1744111486532
2843623114308
2861155305800
1830094719304
2908131510600
1757080275272
2856591903048
1825799752008
1826000308872
2925511936648
1555417369224
2654928997000
2929806903944
1464954668680
2564466296456
1739832575624
2839344203400
1550854014600
1825731921544
2654996891012
2861137560900
1830345409860
1830078285124
2654712005956
1813116519752
1465273189704
2564784817480
1740151096648
2839662724424
1808870573384
2908382201160
1482453058888
1830027691396
2929539319172
1825984644484
2925496272260
1469569467784
2569081095560
1744447374728
2843959002504
1830027691400
1482117712200
2581629339976
1756995619144
2856507246920
1550837188936
2650348816712
1825715095880
2925226723656
2843974666824
1830094801480
2929606429256
1469317548616
2568829176392
1744195455560
2843707083336
1537953122884
1482386983492
2581898611268
1555132992068
2654644619844
1830010899012
2929522526788
1464938678852
2912611288712
1555199003012
2654710630788
1830076909956
2929588537732
2585940886920
2860818793864
2654727456324
1830093735492
1756996454984
2856508082760
1482118548040
2581630175816
1744111553096
2843623180872
1537953122888
2637464750664
1812831029832
2912342657608
1757080356424
2856591984200
1550836927112
2650348554888
1465223120260
2564734748036
1740101027204
2839612654980
1538305459844
2637817087620
1813183366788
2912694994564
2581629404808
2861071500936
1555468551816
2654980179592
1830363498120
1538305459848
2637817087624
1486412744328
2860820104520
2633185462916
1808551742084
2654979050056
2908383513156
1826051754564
2925563382340
2929858349636
1830346721860
1465274501700
2564786129476
1550921073988
1465290163524
2564801791300
1740168070468
1534009640260
1826068202888
2925579830664
1482201646724
2581713274500
1533725459844
2633237087620
1808603366788
2908114994564
1825783235972
2925294863748
1744178857348
1550905329028
2650416956804
2654711924100
1757347939656
2856859567432
1538020427144
2637532054920
1550905329032
2650416956808
1808871802248
2908383430024
1538288862600
1813166769544
1555468731784
1812897040776
2912408668552
1555199003016
2654710630792
1830076909960
2633236104580
1533740992072
2633252619848
1808618899016
2908130526792
1538035959368
1550920861256
2650432489032
1555215828552
2654727456328
2839411050056
2856575470216
2650417040008
1825783319176
2925294946952
2929589914248
2912410045064
1830078286472
2860870437512
2650348881476
1825715160644
2925226788420
2581629404740
1756995683908
1550837253700
2564735452804
1740101731972
2839613359748
1533943301764
2633454929540
1808821208708
2908332836484
1482403694212
2581915321988
1538238269060
1808870508872
2908382136648
1538287569224
2637799197000
1813165476168
2912677103944
1551172471112
2650684098888
1826050378056
2925562005832
2564467296836
2839345203780
1808553052740
2908064680516
1482135538244
1825715160648
2925226788424
2633169012296
1812897351300
2912408979076
1465005000324
2564516628100
2908383513160
1813166852680
2912678480456
1744447375944
2650685475400
1830346721864
2929858349640
1739833576008
2839345203784
1808553052744
2908064680520
1551105608004
1825983514948
2650617235780
2925495142724
1538221558148
2637733185924
1813099465092
2912611092868
1551106460036
2650618087812
1830279334276
2929790962052
2654997202504
1533673900356
2633185528132
1761308477768
2860820105544
2568811350344
1744177629512
2843689257288
1486697695560
2586209323336
1538036958852
2637548586628
1812914865796
1537968867716
2637480495492
1812846774660
2912358402436
1555148736900
2654660364676
1486497417604
2586009045380
2581965998468
1757332277636
1825732987272
2856843905412
1465006066052
2564517693828
1739883972996
2839395600772
1465006066056
2564517693832
1739883973000
2839395600776
1744110439044
1756995668292
2856507296068
1537952336196
2637463963972
1812830243140
2912341870916
1757348726408
2929606362760
1538036958856
2637548586632
1482202384008
2581714011784
1465290950280
2912626837828
1555417172292
2654928800068
2929806707012
1533942335812
2633453963588
1551122204996
2650633832772
2654661659204
2925579881028
1825715145032
2925226772808
1469232859464
1486681164104
2586192791880
1761559071048
2861070698824
1482385869380
2581897497156
1757263776324
2856775404100
1551105346116
2650616973892
1825983253060
2925494880836
1533925476932
2633437104708
1761575782792
2586209503624
2856793295236
2861087410568
1469502097988
2569013725764
1744380004932
1555401443908
1555215845960
2654727473736
1830093752904
2929605380680
1826050705992
2925562333768
1465207130696
2564718758472
1551106476616
2650618104392
2585991202180
1761357481348
2860869109124
1555199051140
2633235842436
1538019181956
2637530809732
1812897088900
2912408716676
2654710678916
1538238269064
2637749896840
1813116176008
2912627803784
1551123170952
2650634798728
2925512705672
1555418138248
2654929766024
1486413531780
2585925159556
1550838041224
2650349669000
1825715948168
1482118564488
2581630192264
2860803066504
1550855080584
2650366708360
2654712007304
1551122205320
1486497614148
2586009241924
1761375521092
2860887148868
1812897351304
2912408979080
1825782253192
2925293880968
1830077220488
2843689502344
2586007979656
1465022499204
2581964670344
1757330949512
2856842577288
2856859616836
1538221558152
2637733185928
1465022499208
2564534126984
1739900406152
2839412033928
1533741975944
2633253603720
1808619882888
2908131510664
1808870819400
2908382447176
1482453304904
2581964932680
1551172781640
2650684409416
1826050688584
2925562316360
1550837957960
2650349585736
1825715864904
2925227492680
1469233579336
1555132925256
2654644553032
1464938612040
2564450239816
1739816518984
2585940887944
2860818794888
1537968867720
2637480495496
2912358402440
1464937564808
2564449192584
1739815471752
2839327099528
1482117433992
1830009784968
2654643505800
2861138610756
1486749076036
1761626982980
1482402924164
2581914551940
1538237499012
2637749126788
1813115405956
2912627033732
1551122400900
2650634028676
1555417368196
2654928995972
1761575602504
1538237303112
1813115210056
2912626837832
2861087230280
1551122205000
2650633832776
1555417172296
1830295079240
1808551807556
2908063435332
2581645920836
2633437104712
1808803383880
2908315011656
1538220444232
2637732072008
2929789848136
2843890502216
2856508082820
1744111553156
2843623180932
1482118548100
2581630175876
1482386983556
2581898611332
1464954423880
2564466051656
1739832330824
2839343958600
1808551807560
2908063435336
1533925820804
2633437448580
1808803727748
2908315355524
1482386213252
1813098695044
2912610322820
1551105689988
2650617317764
1825983596932
1533741270664
2633252898440
1808619177608
2908130805384
1486480622916
2585992250692
1761358529860
2860870157636
1740085021320
2839596649096
1830027674948
1482386983560
1464937841988
1486480622920
2585992250696
1761358529864
2860870157640
2843707065672
1482118546760
2581630174536
2654661395784
1830027674952
1555131894404
2654643522180
1830009801348
2929521429124
1555216893508
2654728521284
1830094800452
2929606428228
1465022580292
2564534208068
1744195635844
2843707263620
1538037205636
2637548833412
2912426740356
2633168931204
1555485510212
1830363417156
2929875044932
1486766033476
2586277661252
1813183547972
2912695175748
1465291196996
2581713225096
1538237499016
2637749126792
2861087426184
2654928995976
1830295275144
2637800293764
2929522525572
1465223890308
2564735518084
1740101797252
1538288665992
2637800293768
1813166572936
2912678200712
1486413514120
2585925141896
1761291421064
2860803048840
1465021515396
2564533143172
1739899422340
2839411050116
1469501032772
2569012660548
1744378939716
2843890567492
1813098695048
2912610322824
1825983596936
2925495224712
1555400657288
2654912285064
1830278564232
2586277415560
1761290585416
1537952286024
2637463913800
1812830192968
2912341820744
2637531810116
1482454042948
1486480574788
2585992202564
1761358481732
2860870109508
1550905084228
2650416712004
2843957611140
1757264119428
1537952351876
2637463979652
1486412744324
2585924372100
1761290651268
2860802279044
1555132221060
2654643848836
1465206343300
1465022580296
1808887530888
2908399158664
1538037205640
2637548833416
1812915112584
2912426740360
1744195635848
1550836991304
1533725215048
2633236842824
1482185607496
1486480574792
2585992202568
2581697235272
1550905084232
2650416712008
1812897039748
1464955669124
1469519071876
2569030699652
1808535291528
2908046919304
1482117777032
1469501310600
1744379217544
2843890845320
1744396978820
1761290651272
1757264119432
2856775747208
1550837172616
2650348800392
1813098612040
2839680731720
1534010673736
1808888580680
2908400208456
1538305641032
2637817268808
1813183547976
2912695175752
1464955669128
2564467296904
1739833576072
2839345203848
1808553052808
2856793508488
2929539517064
1740102011528
1813165475140
2912677102916
1555467437380
2654979065156
1830345344324
2929856972100
1551172470084
2650684097860
1825798768964
1555468813892
1550837238148
2650348865924
1825715145092
2925226772868
2839328164484
1465223120264
2564734748040
1740101027208
1550837238152
1825715145096
2925226772872
1469501294984
1551190559300
2650702187076
2861071436356
1482201646728
2581713274504
1757079553672
2633438480964
1808804760132
2908316387908
1812897039752
2925293569416
1555199001992
2654710629768
1830076908936
2929588536712
1465004688776
2564516316552
1761357498692
2860869126468
2650417038984
1555200378504
2654712006280
2929589913224
2637799195976
1813165475144
1538287568200
1551172470088
2650684097864
2925562004808
1555467437384
1469518857796
2569030485572
2843908392516
1757281666628
2856793294404
1551123236420
2650634864196
1826001143364
2925512771140
1739833361988
1464955455048
2564467082824
1533674931784
2633186559560
1469518857800
2569030485576
1744396764744
2843908392520
1551190345288
1551173568072
1538288944712
2637800572488
1538287551876
2637799179652
1813165458820
2912677086596
2633253669508
1538221557124
2637733184900
2912611091844
1555401426308
2654913054084
2843639973188
1812847822148
1469518873924
2569030501700
1465223906628
2585941935428
1464954423940
2568761017732
2925511740036
2564466051716
1739832330884
2839343958660
1808551807620
2908063435396
1537968866692
1533943629124
2633455256900
1808821536068
2908333163844
2925226444420
1739815470724
2839327098500
1808534947460
2908046575236
1482117432964
2581629060740
2912611043912
1464955471176
2564467098952
1739833378120
2839345005896
1533674947912
2633186575688
1808552854856
2908064482632
1482135340360
1744395733576
1464954423944
2564466051720
1739832330888
2839343958664
1812846774920
1826000112264
1808551807624
2908063435400
1533942334788
2633453962564
1808820241732
2908331869508
1486765835908
2586277463684
1761643742852
2861155370628
1464955455108
2564467082884
1739833362052
2839344989828
1533674931844
2633186559620
2633454143876
1808820423044
1486765835912
2586277463688
1555200099976
1538037008008
2637548635784
1812914914952
1808803382852
2908315010628
1486680835652
2586192463428
1761558742596
2861070370372
1830278219332
1533942516036
2633454143812
1808820422980
2908332050756
1465291277700
2564802905476
1740169184644
2839680812420
1533741992580
2633253620356
1825799817540
2925311445316
1465022564676
2564534192452
1533742041412
2633253669188
2637733184904
1813099464072
1551106459016
1825984365960
2925495993736
2654913054088
1830279333256
2929790961032
2861071484296
1537968866696
2637480494472
1812846773640
2912358401416
1486429259144
1761307166088
1830026642824
1469232597384
2568744225160
2654643504776
1808534947464
2908046575240
1486412400264
1761290307208
2585924028040
2860801934984
1761358792260
2860870420036
1825799767432
2839612392776
1533942334792
2633453962568
1808820241736
2908331869512
1482402727240
2581914355016
1538237302088
2637748929864
1813115209032
2929806887304
1538237483400
2637749111176
1813115390344
2912627018120
1486697875848
1551122385288
2650634013064
1826000292232
1465005738372
2564517366148
2839395273092
1533725215108
2633236842884
1808603122052
2908114749828
1482185607556
2581697235332
1538220443208
2637732070984
1813098350152
2912609977928
1555400312392
1830278219336
2929789847112
1555131958596
2654643586372
1830009865540
2929521493316
1465005738376
2564517366152
1739883645320
2839395273096
1533725215112
2633236842888
1808603122056
2908114749832
1482185607560
2839595877764
1533925819780
2633437447556
1482386212228
1551105688964
2650617316740
1537969849668
2637481477444
1812847756612
2912359384388
1465022760580
2564534388356
1739900667524
2839412295300
1533742237316
2633253865092
1808620144260
2908131772036
1482202629764
1538037204612
1555216877896
2654728505672
1465022564680
2564534192456
1739900471624
2839412099400
2650366625156
2564516301384
1739882580552
1555485509188
2654997136964
1830363416132
2929875043908
1538305640004
2637817267780
1813183546948
2912695174724
2650702169668
1538020493700
1812898400644
2912410028420
2929589897604
2654929061256
1533658351944
2633169979720
2581898627460
1551173830980
2650685458756
1538288929092
2637800556868
1826051737924
2925563365700
1482117449028
2581629076804
1756995355972
1533925755524
2633437383300
2856506983748
1812914145604
2912425773380
1825799047492
2925310675268
1482184804932
2581696432708
1757062711876
2856574339652
1538019379780
2637531007556
1812897286724
2912408914500
2650617316744
2654912284040
1486497597064
1761375504008
2912359647812
1465223842180
2564735469956
1740101749124
2839613376900
2839412295304
1533742237320
2633253865096
1808620144264
2908131772040
1538037204616
1555217073800
2654728701576
1830094980744
2929606608520
1757265168708
2929789912452
1813183629636
2912695257412
1830363498820
2929875126596
1830363416136
1813183546952
2912695174728
2929875043912
1551190541896
2650702169672
1826068448840
2929589897608
1482202712392
2586009307464
1533675193736
2633186821512
1808553100680
2908064728456
2908064482692
1482135340420
2581646968196
1533943383428
2633455011204
1808821290372
2908332918148
2843639973252
1757013247364
2856524875140
1538288929096
2637800556872
1551173830984
2650685458760
1826051737928
2925563365704
1555468798280
2654980426056
2929858333000
2908064482696
1482135340424
1533943383432
2633455011208
1808821290376
1551123252616
2650634880392
2581646968200
1757013247368
2856524875144
1830027953800
1482118497924
2581630125700
1756996404868
2856508032644
1550837974660
1812914145608
1486479772232
2585991400008
1555199248968
2654710876744
1465224104324
2564735732100
1482403973508
2581915601284
1486698940804
2586210568580
1761576847748
2861088475524
1813116455300
2912628083076
1555132139076
1830010046020
2568828061000
1482386933316
2581898561092
1533926540868
2633438168644
1538221508164
1761308132676
1757063759428
2856575387204
2650416956996
1825783236164
2925294863940
1486480819780
2585992447556
1761358726724
2860870354500
1555200296516
1482134488388
1465005983304
2564517611080
1739883890248
2839395518024
1533725460040
2633237087816
1808603366984
2908114994760
1555200296520
2654711924296
1812847020612
1555148982852
2564450322820
1739816601988
2839328229764
1537953072776
2637464700552
2861088475528
1533943581064
2633455208840
2912628083080
1551123450248
2650635078024
1826001357192
1555418417544
2654930045320
1830296324488
1538221508168
2637733135944
1555401377352
2654913005128
1482402907524
2581914535300
1757280814468
2856792442244
1464954340676
2564465968452
1464954340680
2564465968456
2860819040840
1830026889800
1555148982856
2654660610632
2929538517576
1830094783812
2929606411588
2581697546564
2912342853956
1482201385604
2581713013380
1830093736580
2929605364356
1757062514244
2856574142020
1486748010052
2586259637828
1533724214852
2633235842628
1808602121796
2908113749572
1825781990980
2925293618756
1555468487236
2654980115012
1757347727940
2856859355716
1826067204676
2925578832452
1744462826052
2843974453828
2908398963268
1534009428548
2633521056324
1808887335492
1744178874948
1533725477444
2633237105220
1830078220868
1482453042760
2581964670536
1761375242820
2860886870596
1538019182152
2637530809928
1812897089096
1538237482376
1808619883080
2908131510856
2569097873796
1465022843268
2564534471044
1739900750212
2839412377988
1808620226948
2908131854724
1812915194244
1740085037380
2839596665156
1469586246024
2569097873800
1465022843272
2564534471048
1739900750216
2839412377992
1808620226952
2908131854728
1537970161028
2637481788804
2908400290436
1555215829640
2912425495176
1830093736584
2633437119880
1808803399048
2908315026824
2654727457416
1757063824772
2856575452548
1830078268804
2929589896580
1486480885124
2585992512900
1761358792068
2860870419844
1538020492676
2637532120452
2581981448776
1757347727944
2856859355720
1486764788296
2586276416072
2861154323016
1830362171976
1555215829316
2654727457092
1830078220872
2929589848648
2581965980996
1533993960772
2633505588548
1808871867716
2908383495492
1538288928068
1551172782404
1551173829956
2650685457732
2586260948292
1533740926596
2633252554372
1808618833540
2908130461316
2856591197508
1808619177284
2908130805060
1761626180228
2861137808004
2637799508612
1813165787780
1551172782724
2650684410500
1826050689668
2925562317444
1555467750020
2568745208196
1744111487364
1464938613124
2564450240900
1739816520068
2839328147844
1533658089860
2633169717636
1808535996804
2908047624580
1756996650376
2856508278152
1469299902020
2568811529796
1744177808964
2843689436740
1538019378756
2637531006532
1812897285700
2912408913476
1808602318404
1808887547460
2908399175236
1555216041540
1830093948484
1538020427396
2637532055172
1812898334340
1812914079304
1830093948488
1465290163784
1761559791940
1486681884996
2586193512772
2637733120324
1813099399492
2912611027268
1469502015812
1744379922756
2569013643588
1555485526596
1808804497732
2908316125508
1486681950532
2586193578308
1761559857476
2861071485252
2637532055176
1486429194564
2585940822340
1486749255304
1826050443848
1740085021000
2839596648776
1533926590792
2633438218568
1808804497736
2912359713348
2581982447236
1555150047812
2654661675588
1830027954756
1486496614024
1761374520968
2585992512904
1465006048648
2564517676424
1739883955592
2839395583368
1533725525384
2633237153160
1808603432328
2908115060104
1482185917832
2654996089156
1830362368324
2929873996100
1744463022404
2856859552068
2586276612420
2861154519364
1808871867720
2908383495496
1482454353224
2581965981000
1757332260168
2856843887944
1486749320520
2586260948296
2912678462792
1469300966980
2568812594756
2912425772360
1538036237640
2637547865416
1812914144584
1465021793608
2564533421384
1739899700552
2839411328328
1533741270344
2633252898120
1482202368648
1757080275592
1465273436808
1482453305992
2581964933768
1757331212936
2856842840712
1486748273288
2586259901064
1761626180232
2861137808008
2856859552072
2586276612424
2912425691464
2581713209672
1757079488840
2856591116616
1744111487368
2843623115144
1826051475844
2650349652356
1756996454788
2856508082564
1555468536196
2654980163972
1538305444228
2637817072004
1761357678152
1486479771208
2585991398984
2860869305928
1744177808968
2929539303816
1482118547848
2581630175624
1551173568904
2650685196680
1826051475848
2925563103624
1537953122696
2637464750472
1744127214980
2843638842756
1537968784772
2637480412548
1812846691716
2912358319492
2929806624132
1482402645380
2908046853444
1538221492552
2637733120328
1813099399496
2912611027272
1825984301384
2925495929160
1830279268680
1761307084168
1464954340744
2564465968520
1739832247688
2839343875464
1808551724424
2908063352200
1482134209928
1486429194568
2585940822344
1739832265032
2839343892808
1533673834824
1761308478024
2860820105800
1537970178632
2637481806408
1812848085576
2912359713352
1744379202116
2843890829892
1482386197060
2581897824836
1533657369156
2633168996932
1808535276100
1469501295176
2569012922952
2843890829896
2564466296388
1739832575556
2839344203332
1533674145348
1486429505092
2585941132868
1482184607364
1744446047876
2843957675652
1740084185412
2839595813188
1533925755204
2633437382980
1825983531332
2925495159108
2843890780484
1813098629444
2912610257220
1757264054596
1482134488392
2581646116168
1761643760196
2861155387972
2912694995524
2568829094532
1744195373700
2843707001476
1482202368644
1757080275588
1465022499460
2564534127236
1739900406404
2839412034180
1533741976196
1465224086852
2581915600264
1551123449224
2650635077000
1469317466760
2568829094536
1744195373704
2843707001480
2856591903368
1465022499464
2564534127240
1739900406408
2839412034184
2843975436936
1469316695684
1534010688900
2839394551368
2908063680072
2585941132872
2581714078344
2856591985288
1761559021896
1808803662152
2908315289928
1538220722504
2637732350280
1551105624392
2650617252168
1825983531336
2925495159112
1757281667652
2856793295428
2843690289732
1486698728004
2586210355780
1761576634948
2861088262724
1486496351876
1813183351368
2912694979144
1744178661960
2843690289736
1486698728008
2586210355784
1761576634952
2861088262728
2633522121288
1808888400456
2908400028232
1538305460808
2637817088584
2654911956292
1469500982596
2569012610372
1744378889540
2843890517316
1538220459332
1813098366276
1551105361220
2650616988996
1486412416324
2633252816260
1533742238088
2633253865864
1808620145032
2912677104004
1830362170948
2929873798724
1826067203652
2650348553544
1825714832712
2925226460488
2585924044104
1761290323272
2860801951048
1757332277892
2856843905668
1486749338244
2586260966020
1761627245188
2861138872964
2929874011780
2568828323460
1744194602628
2843706230404
1739899635332
2839411263108
1482185868868
1757063775812
2856575403588
1486480836164
2585992463940
1761358743108
2860870370884
2839395534404
1533725476420
2633237104196
2650701137544
1761642907272
1465021728392
2564533356168
1739899635336
2839411263112
1533741205128
2633252832904
1808619112072
2908130739848
2633236825672
1808603104840
1761290323268
2860801951044
1739816519048
2839328146824
1486430292612
2585941920388
2581965720196
2569013709444
1744379988612
2843891616388
1756996455044
1830345411140
2929857038916
2637548636808
1812914915976
2843639958152
1482135325320
2929606412936
1486430292616
2585941920392
2860819827336
1465207114376
2564718742152
1825798768264
1469316482696
2568828110472
1744194389640
2843706017416
2929605363336
1465021515400
2564533143176
1739899422344
2839411050120
1826051426884
2925563054660
1830346394180
2929858021956
2654711679556
2912409717316
2637531810372
1486480575044
2585992202820
1744447048260
1555484461444
2654996089220
1757332014660
2856843642436
1826051426888
2925563054664
1555468487240
2654980115016
1830346394184
2929858021960
1465005738568
2564517366344
1739883645512
2839395273288
2925579028872
2564718758216
1740085037384
2839596665160
1465274501768
2564786129544
1740152408712
2839664036488
2929858349704
1757332277896
2856843905672
1486749338248
2908115011144
1482185868872
2581697496648
1757063775816
2654711940680
2856575403592
1465005999688
1486480836168
2585992463944
1761358743112
1808870819460
2908382447236
1482118481284
2581630109060
1486413448580
2585925076356
2860802983300
1533658088836
1808535995780
2908047623556
1464938939716
2564450567492
1739816846660
2839328474436
1465207375172
2564719002948
1533926851908
2633438479684
1482387244356
2929791239496
1551105673860
2650617301636
1555400641156
2654912268932
1756995668612
2856507296388
1825715145348
2925226773124
1825984300356
2925495928132
2929790895428
1533942335876
2633453963652
1808820242820
2908331870596
1469517826436
2569029454212
1757280635268
2856792263044
1761575602564
2861087230340
1533740926600
2633252554376
1551106721096
2650618348872
1756996715848
2856508343624
1550838285640
2650349913416
1825716192584
2925227820360
1808551740740
1486429193540
2585940821316
1761307100484
2860818728260
1830026577220
2929538204996
1482386197128
2650617301640
2925495208584
1555400641160
2929790175880
1757264104072
2581897824904
2569012595332
1744378874500
1486680836740
2586192464516
2861070371460
1482402907460
2654660347272
2860820104772
1533675210308
1830027953732
2929539581508
1761307362628
2860818990404
1464955651464
2564467279240
1739833558408
1482469770564
2581981398340
1761626179208
2861137806984
2929857283720
1830345655944
1533658088840
2633169716616
1808535995784
2908047623560
1486680917572
2586192545348
1761559790920
2861071418696
1469518874180
2569030501956
1761575602568
2861087230344
2929806707080
1533942335880
2633453963656
2843689518660
1469299983940
2568811611716
1744177890884
1464954357064
2564465984840
2843638859080
1486429193544
2585940821320
1812846708040
2637480428872
1808602335556
2908113963332
1482385869448
2581897497224
2856775404168
1486680836744
2586192464520
2860820104776
2929539581512
1464955733576
2564467361352
1533675210312
2633186838088
1813116257864
2912627885640
1464955471432
1465004951880
2564516579656
2581629339012
1533657318788
1537952286084
1550837187972
2650348815748
2856591984260
1550921926276
1469317547652
2568829175428
1744195454596
2843707082372
1486497416836
2586009044612
1761375323780
2860886951556
1533925492100
2633437119876
1469500982660
2925494896004
1830278235524
1550921845380
1469569451332
1550836925832
1538220459400
2637732087176
1813098366344
2581697545544
1757063824712
2856575452488
1550905394504
2650417022280
2925294929224
1469301015880
2568812643656
1757330900292
1740168922692
2839680550468
1534010492484
2633522120260
1808888399428
2650701989444
1465291197060
2564802824836
1740169104004
2839680731780
1469586164356
2569097792132
1744464071300
2843975699076
1533992864068
2633504491844
1808870771012
2908046838148
2839612310920
1757063760196
2856575387972
1482185853252
2581697481028
2908114995524
1486480820548
2585992448324
1761358727492
2860870355268
1533742238020
1469299722820
2568811350596
1482184624708
2581696252484
1757062531652
2856574159428
1825782008388
2925293636164
2929858332036
1813183612292
2912695240068
1757281928580
2856793556356
1744178922884
2843690550660
2861088523652
1761576895876
1533675193732
1469569451400
1757281928584
2856793556360
2586009290120
2843975763336
1486480885128
2860887197064
2581697545608
1757063824776
2564449469832
1739815749000
1533657318792
2633168946568
1550905084548
2650416712324
1830077958788
2929589586564
1465005738628
2564517366404
2856591984264
1550921926280
2650433554056
1825799833224
2925311461000
1469317547656
2568829175432
1744195454600
2843707082376
1486497416840
1469316695688
2568828323464
1744194602632
1739900487300
2839412115076
1825782991496
2925294619272
1830077958792
1465005738632
2564517366408
1739883645576
1533993650824
2633505278600
1808871557768
2908383185544
2569013725508
1469502097732
1744380004676
1534010492488
2633522120264
1808888399432
2908400027208
1482470884936
1757348791880
1486765852232
2586277480008
1538305459784
1465291197064
2564802824840
1740169104008
2839680731784
1808888580744
2908400208520
1469586164360
2569097792136
1808870507908
2908382135684
1826050377092
1469568091524
2569079719300
1757281618500
2925243565380
1538237564228
1486413776260
2585925404036
2581630436740
1550838285700
2650349913476
1533926851972
2633438479748
1808804758916
1533725460808
2633237088584
1808603367752
2908114995528
1482185853256
2581697481032
1486480820552
2585992448328
1538020428104
2637532055880
1555148997960
2654660625736
1744447048324
2585991219784
1538019199560
2637530827336
2650415729224
1825782008392
2925293636168
1464938939784
2564450567560
1739816846728
2839328474504
1808536323464
2908047951240
1482118808968
2861071436420
1533724214856
2633235842632
1808602121800
2908113749576
1825732970820
2925244598596
2839345252676
1469250685252
2568762313028
1744128592196
2843640219972
1761308461380
2581964621192
1486747960712
2586259588488
1826068531780
2925580159556
1538288944776
2637800572552
1813166851720
2912678479496
2586277743176
1761644022344
2861155650120
1469586228804
2569097856580
1744464135748
2843975763524
1538305705540
2637817333316
1813183612484
1533675193924
1537969915524
2637481543300
1812847822468
2912359450244
1739833378436
2843690550856
1761576896072
2861088523848
2581982758472
2654980425288
1482184821124
1538019395972
2637531023748
1812897302916
1555199265156
1537969915528
2637481543304
1812847822472
2912359450248
1739833378440
2839345006216
2925244352136
2856775403140
1538220443268
2637732071044
1813098350212
2912609977988
1744128592200
2843640219976
2860820089160
1739900733060
2839412360836
1533742302852
2633253930628
1808620209796
2908131837572
1757080602244
1744380249732
2843891877508
1825800078980
1808620209800
2908131837576
1757080602248
2856592230024
1825800078984
1744380249736
1555485574792
2925311706760
1465291261576
1555217139336
2908063368836
1757281667460
1486698727812
2586210355588
1761576634756
2861088262532
1533674932612
2860886935940
1482202433924
1538037008772
2637548636548
1812914915716
2912426543492
2861088262536
1482403760520
2581915388296
1757281667464
2856793295240
1551190346052
2650701973828
1533943646852
2633455274628
2564533078596
1739899357764
2839410985540
1808618834500
2908130462276
1812913801796
2912425429572
2569012594312
1744378873480
1486680835720
2586192463496
1533673817668
2633185445444
1808551724612
1486497401224
2586009029000
1482134210120
2581645837896
1812846691912
2912358319688
1826000029256
1464954684804
2564466312580
1739832591748
2839344219524
1533674161540
1812847035780
2856860599940
1469586163332
2569097791108
1486766032516
2586277660292
1761643939460
2861155567236
1534010476872
2633522104648
2856860404040
1464954684808
2564466312584
1739832591752
2839344219528
1533674161544
2633185789320
1808552068488
2925244532100
2929605298760
1555215764040
2637547522632
2912425429576
2908047640968
1469569452420
1744447359364
2843958987140
1757332261252
2856843889028
1813166836100
2912678463876
2654661658180
1465005983044
2564517610820
1757063759172
2856575386948
1550905328964
2650416956740
1538020427076
1812898334020
2843706296708
1761374538116
2860886165892
2929806968200
2839394289220
1825782007364
2925293635140
1469299721796
2568811349572
1744177628740
2843689256516
1482184623684
2581696251460
2856574158404
1744177810052
2843689437828
1538019379844
2637531007620
1538019182148
2637530809924
1469233662276
2637733202244
1744111486344
2843623114120
1813182581060
2912694208836
1757348006212
2856859633988
1826067482948
1465290230084
2564801857860
2912677349956
1830279350600
2633504475716
1808536078664
1469502097736
2569013725512
1744380004680
2843891632456
1465273371204
1757264906568
1757080619652
2856592247428
1761375586948
2860887214724
1465022843524
2564534471300
1533742320260
1744111813956
2843623441732
1757348972168
2856860599944
1486766032520
2586277660296
1761643939464
2861155567240
1465022843528
2564534471304
1739900750472
2839412378248
1533742320264
1482471148168
2581982775944
1757349055112
1486766115464
1808551725640
2908063353416
1739900487304
2839412115080
1469232793924
1744447359368
2843958987144
1757332261256
1813166836104
2912678463880
1469300950344
2568812578120
2860870354248
1744194668936
2843706296712
2908398897796
1486496631176
2586008258952
1761374538120
2860886165896
1812914145672
1482184623688
1469299721800
1744177628744
2843689256520
1757062530632
2856574158408
1761357497928
2860869125704
1550904100424
1825782007368
1761357679240
2860869307016
1812897286792
2912408914568
2564784802436
1486681900676
2586193528452
1465290230088
2564801857864
1534009706824
2633521334600
1813182581064
1813165722184
1744446245448
2637799443016
2912677349960
1538287815240
2633185790340
1808552069508
2908063697284
1482135586116
1761308460356
1464955716932
2564467344708
1482453042568
1464954669700
2843639171716
1757012445828
2856524073604
1761307413124
2860819040900
1486764737860
2586276365636
1551122451012
1826000357956
2564534143556
1465021712964
2925579029060
1813182499396
2912694127172
1744194587204
2843891566216
1761559807624
2861071435400
1465021712968
2564533340744
1739899619912
2839411247688
1812914063944
2568760936068
1739832247940
2839343875716
1533673817732
1825715078536
2568762312008
1486430553416
2585942181192
1739832247944
2839343875720
1533673817736
2929538517640
1464954669704
2564466297480
1739832576648
2839344204424
1533674146440
2633185774216
2568761264776
1812847020680
1825799816580
1533942581832
1744195390024
1761375259208
1830363219268
2929874847044
1555401427272
2654913055048
1533673834120
2633185461896
1808551741064
1740167858820
2839679486596
1808887335556
2908398963332
1482469821060
2569096546948
1757281879428
2856793507204
1757079225924
2856590853700
1761374193220
2860885820996
1469316417092
2568828044868
1744194324036
2843705951812
1538035893828
2637547521604
1469300968068
2568812595844
1744178875012
2843690502788
1482118564228
2581630192004
1469502097796
2912678414984
2585925159304
1761291438472
2860803066248
2856843840068
1830346656324
1465274436164
2564786063940
2839663970884
2564516366660
1744447310404
2843958938180
1482184608068
2581696235844
1486479575364
1482118481480
2581630109256
1757348775240
1465289951880
2564801579656
1740167858824
2839679486600
1469584919176
2569096546952
1469316417096
2568828044872
1761374193224
2860885821000
2839410984520
1808618833480
2908130461256
2581712946760
1757063776904
2856575404680
1550905346696
1825783253640
1469300968072
2568812595848
2564517628552
1739883907720
2839395535496
1533725477512
1464937580100
2564449207876
1739815487044
2839327114820
1533657056836
2633168684612
1808534963780
2908046591556
1538288928132
2637800555908
1465274484100
1486698678852
2586210306628
1486479854148
2860869388868
1469316760964
2568828388740
1465021793668
2564533421444
1756995356232
2856506984008
1825714832968
2585924044360
2654911956552
1761357678212
2860869305988
1469317745220
2568829372996
1744195652164
2843707279940
1465274436168
2569081031240
1465004738888
2564516366664
2564786063944
1744177613128
1538288880200
1486479575368
2569081079172
1744463103300
1538304673092
2637816300868
2929874076996
1482386917764
2581898545540
1761559792004
2861071419780
1465273370180
1469249325444
2568760953220
1744127232388
2843638860164
2581645855108
1757012134276
1761307101572
2860818729348
1469250701956
2568762329732
1744128608900
2843640236676
1486430571140
2585942198916
1761308478084
2860820105860
2861070371140
1465205999940
2564717627716
1740083906884
2839595534660
1538220443972
2637732071748
1813098350916
2912609978692
1469500967236
2843622131080
1830279596356
2929791224132
1469301016900
2843907295556
1551106722120
1825984629064
2925496256840
1555401689416
2654913317192
1830279596360
2929791224136
1538238597448
2839680730436
1465291195716
2564802823492
1740169102660
1551105345864
2650616973640
1825983252808
2925494880584
1555400313160
2654911940936
1486699006532
2586210634308
1538304592516
2637816220292
2650700859976
1551189494404
2650701122180
2925578766920
1555484461700
2654996089476
1808871867784
2908383495560
2581965981064
1555468797320
1486749320584
2568745534792
2856523744904
1469316760968
2568828388744
1465021793672
1465022760264
2564534388040
1739900667208
2839412294984
1533742237000
1808620143944
1482202629448
2581714257224
2569096743560
2633521253000
2654996089480
2925579029128
1538304592520
1486764984968
2637816220296
2568811529864
1469299902088
1486479771272
2585991399048
1538019378824
2637531006600
2650684081540
2929874077000
2569013643656
1830011160964
2929522788740
1537970162052
2637481789828
1812848068996
2912359696772
1825716193672
2925227821448
2925496256904
1830011160968
2929522788744
2650702236040
2861155633544
2843638860168
1469249325448
2568760953224
1744127232392
2929538206088
1464954358152
2564465985928
1533673834888
1486682211908
2586193839684
1469250701960
2568762329736
1486430571144
1465273174664
2564784802440
1740100700488
2839612328264
2925496256072
1808536323656
2908047951432
1813099726408
1744127542916
2843639170692
1486429505156
2585941132932
1533658350920
2633169978696
2581915667016
1486699006536
2586210634312
2654912284996
1482386147716
2581897775492
2843890780548
1757264054660
2856775682436
1486681115012
2586192742788
1761559021956
2861070649732
1538237548100
2637749175876
2843975518852
1482402973252
1482387260740
2581898888516
2839395338564
1808603187524
2586007979332
1761374258500
1555215828292
2654727456068
1830093735236
1761559790984
1486496351556
1555215828296
2654727456072
2929605363016
2654995891528
1830362170696
2929873798472
2586007979336
1761307101508
2860818729284
1482386147652
2581897775428
2586259851844
1825782204996
2860802983492
1757063562820
2586259851848
1538019396168
2637531023944
1555199265352
2654710893128
1757331163720
2843890780552
1482386147720
2581897775496
1486681115016
1740101011016
2839612638792
1808820487752
2908332115528
1482402973256
2581914601032
1537952024196
2637463651972
1486412416644
2585924044420
1761290323588
1825983268484
2586008979016
1533674079624
2633185707400
1808551986568
2908063614344
2637817334340
1744464136772
1469317794372
2568829422148
1555150031428
1744462825092
1812829931144
1550836926088
2650348553864
2654643521160
2633168684680
1465022827080
2564534454856
1739900734024
2839412361800
1533742303816
2633253931592
1808620210760
1486480886344
2585992514120
1757013232196
2856524859972
2654661397060
2929539304004
1533943368260
2633454996036
1761358743172
2908130723204
2860870175048
2908064467528
1482403760712
1555149769288
1757281667656
2856793295432
2929858283076
1739882644804
2839394272580
2843958937156
1538305393988
1813183300932
2650701923652
1744447046984
1740168856904
2839680484680
1486412401028
2585924028804
1756995340676
1825714817412
1533942597960
2633454225736
1465022827140
2564534454916
1739900734084
2839412361860
1533742303876
2633253931652
2581629323652
1465291262600
2564802890376
1761560119944
1469586163076
2569097790852
1744464070020
2843975697796
1482202629508
2581714257284
1550922106244
2650433734020
2929789847944
2564450306628
1486413515332
2585925143108
2925311640968
1486766032264
2586277660040
2861155566984
1812831029828
1826067203720
1469584918152
2569096545928
1744462825096
1482469820040
2581981447816
1757347726984
2856859354760
1555216827780
2654728455556
1486497351044
1825799767428
2925311395204
2586008978820
1486430242180
2585941869956
2839395534472
1538036958600
2564534142344
1739900421512
1486430242184
2585941869960
2929606362504
1550921860488
1830077957512
1482385934664
1469568076100
1486429521476
2585941149252
1761307428420
2860819056196
1482402989636
2650365658692
1537969129028
2637480756804
1825731937860
1469299639876
1744447309384
2843958937160
1482454304328
2581965932104
1757332211272
2856843839048
1761627178568
2861138806344
1464938940036
2564450567812
1533658416772
2633170044548
1482118809220
2581630436996
1482134554184
2581646181960
1537969129032
1465207047556
2564718675332
1825984300420
1486681884036
2586193511812
1761559790980
2861071418756
1555401360772
1830279267716
1469502014852
1757265151624
2856776779400
1464938940040
2564450567816
1739816846984
2839328474760
1533658416776
2633170044552
1808536323720
2908047951496
1761307100548
1830026577284
2929538205060
1550853703044
2650365330820
1464954357124
2564465984900
1469249324420
2568760952196
1537953318212
1757013509764
2856525137540
1486413515336
2585925143112
1761291422280
2860803050056
1465222792516
1740100699460
1469517759812
2569029387588
2564734420292
2929538254216
1538237548868
2637749176644
1469518072132
2569029699908
1744395979076
2843907606852
1486697941316
2586209569092
2569029699912
2581646166344
1482402974024
2581914601800
1486697941320
1537952270980
2637463898756
1812830177924
2569096545668
1486764787076
2586276414852
1761642694020
2861154321796
1830362170756
1830094719300
2929606347076
1482386916744
2581898544520
1486412745284
2585924373060
1812830259780
2568744503876
2843622410820
1756995684932
2568828110216
1486764787080
2586276414856
1538035959176
2637547586952
1812913866120
2912425493896
1550920861064
2650432488840
2925310395784
1744128264580
1533993896516
2633505524292
1486480835908
2585992463684
1761358742852
2860870370628
2564786062660
1740152341828
2586260899140
2861138806084
1465005999428
1464954357128
2564465984904
1739832264072
2839343891848
1482184821380
2581696449156
2860820104840
1464955733640
1739833640584
2839345268360
1808553117320
2908064745096
2564450502276
1739816781444
2839328409220
1465005999432
2564517627208
1739883906376
2839395534152
1533725476168
2633237103944
1808603383112
2908115010888
1482185868616
1486749271368
2912677366408
2861137758856
2564516579976
1469568354952
1744446261896
1757331163784
1757280568648
2856792196424
2568745223748
1537953072708
1464938628676
1555216827976
2637480674692
2569030764104
1744397043272
2843908671048
1761576912456
1744464071304
2843975699080
1465206082180
1482386146692
1825983530372
2925495158148
2650432701768
1825798980936
2856860419716
1757348791940
1486765852292
2586277480068
2564467083908
1739833363076
2839344990852
1533674932868
2633186560644
1808552839812
2569030486660
1826001144452
1744195373384
2843707001160
1761375242568
2650432767624
2860886870344
2564735519368
1740101798536
2839613426312
1464937908808
2564449536584
1739815815752
2839327443528
1533657385544
2633169013320
1761290652232
2860802280008
2861138544260
1469585917572
1486698939780
2586210567556
2650433488520
1826001094280
1482470819464
2581982447240
1465005984132
2564517611908
2839395518852
1533725460868
2633237088644
1808603367812
2908114995588
1465274419524
2564786047300
1830346639684
2929858267460
1482454288708
2650685393220
1744447293764
2843958921540
1551172536900
2650684164676
1482453060164
2581964687940
1486748027460
2586259655236
1761625934404
2861137562180
1761559020936
2861070648712
1482470885000
1469585983112
2569097610888
2586277480072
1761643759240
1757348791944
1486765852296
2843689256260
1486479590724
2585991218500
1761357497668
2860869125444
1538287633732
2637799261508
1482184623428
2581696251204
1465273189700
2861070436676
1812897105224
1469299721544
1744177628488
2843689256264
1482184623432
2581696251208
1465004754248
2564516382024
2912408733000
1533674161796
2633185789572
1482134554244
2581646182020
1465005802824
2564517430600
1482185853320
2581697481096
1465005984136
1482202384712
1739832526404
2564466312840
1533674161800
2633185789576
1469299722888
2568811350664
1757079489092
1813166770504
1469569386824
2569081014600
1744447293768
2843958921544
2912678398280
1761627162952
2861138790728
1465273190984
2564784818760
1740151097928
2839662725704
2856842594888
1469568158280
1761291438660
2912611109444
1740085037636
2839596665412
1533926607428
2633438235204
1808804514372
2637750158984
1555417418116
2654929045892
1830295325060
2929806952836
1739833624964
2839345252740
1533675194756
2633186822532
1808553101700
2908064729476
1744128592260
2843640220036
1808536078920
2908047706696
1830279350856
1740085037640
2839596665416
1469502097992
2569013725768
1744380004936
2925511985544
1555417418120
2654929045896
1830295325064
2929806952840
2861087476104
1533725279816
2633236907592
1808603186760
2908114814536
2654930094404
1538238597444
2637750225220
2912628132164
1555418466628
1744397027652
1813116504388
2569030748484
2843706033480
1464954604100
1813166785924
2839395534212
1555468748164
2654980375940
1550905345412
2860886886724
1813166785928
2912678413704
2843958936968
2843891616324
1464955718024
2564467345800
1739833624968
2839345252744
1486430554504
1808871606852
1555418466632
2654930094408
1482404022600
2581915650376
1813116504392
1744397027656
2843908655432
2637750225224
2912628132168
1537953318216
2637464945992
1812831225160
2912342852936
1808618849608
1482134473288
1757012380232
2654660545096
2929538452040
2856524008008
1464954604104
1757348776324
1486765836676
2586277464452
1825799750980
2650433471812
1465022498116
2564534125892
1739900405060
2650433489540
1464937907780
2564449535556
1739815814724
2839327442500
1469232875076
2568744502852
1744110782020
1533925820740
2633437448516
1808803727684
2908315355460
2912610322756
1464937908548
2564449536324
1761290651972
2586193855812
1761560134980
1808870492808
2908382120584
1826067139140
2925578766916
1830362106436
2929873734212
1551189232196
1465289886276
2564801514052
1740167793220
1482386213192
2581897840968
1538220788040
1551105689928
2650617317704
1825983596872
2925495224648
1830278564168
2929790191944
2856591132292
2912677168516
1469249374596
2568761002372
1744127281540
1533993896520
2633505524296
1486681114948
2586192742724
1534010427780
2633522055556
1808888334724
2908399962500
1813165540744
1757063562824
2856575190600
1538305444232
1813183351176
1486765836680
2637817072008
2581982497160
1757348776328
2856860404104
1761643743624
1534010427784
2633522055560
1808888334728
2908399962504
1465022515592
2564534143368
1739900422536
2839412050312
2839595551048
1761375241544
2860886869320
2912358581640
1808618834568
2908130462344
2654727391880
2908046919240
1756995683912
2856507311688
1464937907784
2564449535560
1739815814728
2839327442504
1533657384520
1469232875080
1482185852292
2581697480068
1761358726532
1465005983108
2564517610884
1739883890052
2839395517828
1757063759236
2856575387012
2929873734216
1465289886280
2564801514056
1740167793224
2839679421000
1482469755464
2912426822020
1808804514436
2908316142212
1538221574788
2637733202564
1551106476676
2650618104452
1555401443972
1830346638660
2929858266436
1744463104388
2843974732164
1761642973572
2861154601348
1538036172100
1469316695364
2568828323140
1744194602308
2843706230084
1482201597252
2581713225028
1740151096900
2929790978696
1538221574792
2637733202568
1740151278212
2839662905988
1551106476680
2929539516996
2650701924932
1830027889220
2637530761796
1812897040964
2912408668740
1482185852296
2581697480072
2839411328644
1465274418504
2564786046280
1740152325448
2839663953224
1808871802184
2908383429960
1555468731720
2654980359496
1744463104392
2843974732168
1761642973576
2861154601352
2633252832584
1808619111752
2581713225032
2860886099272
1757079504200
2581964686920
1757330966088
2843957873288
1757331147400
2925227820356
2912359695748
1550855062916
2908064728452
1482135586180
2581647213956
1555150030212
2929539564932
1744110438980
2843622066756
1537952008772
2637463636548
1812829915716
2912341543492
1813098351172
2912609978948
1740101012100
1533942581892
2633454209668
1808820488836
2908332116612
1830295325316
2929806953092
2912426739268
1465291195972
1469586163268
2569097791044
1537952008776
2637463636552
1465206000200
1740083907144
2839595534920
1830094736004
2929606363780
1465022515844
2564534143620
1739900422788
1740084251012
2839595878788
2581982692936
1538037204552
1465022760520
2564534388296
1739900667464
2839412295240
1533742237256
2633253865032
1808620144200
1808803727752
2908315355528
1830010128776
1808535292296
2908046920072
1551190297156
2569097546308
2843975453252
1538305395268
1813183302212
2912694929988
1826068204100
2925579831876
1555485264452
1825783056964
2925294684740
2925226772804
1464937892164
1537969850692
1555132942664
2654644570440
1830010849608
2929522477384
2929790912840
2925244597640
1469250684296
2568762312072
1555150030216
2654661657992
1830027937160
2929539564936
1464955717000
2564467344776
2568745469572
1744111748740
2843623376516
1757331228996
2929856955784
1813182236036
2912693863812
1465223105160
2564734732936
1740101012104
2839612639880
1533942581896
2633454209672
1808820488840
2908332116616
2925511985800
1830094735748
2929606363524
1538288617860
2637800245636
1830026823240
2564534143624
1808871557512
2908383185288
1830346638664
1825798702724
2925310330500
1469316417156
2568828044932
1555215763076
2654727390852
1830093670020
2929605297796
1744194324100
2843705951876
2839680485960
2568744487240
1830010112328
2929521740104
1761290635592
2860802263368
1469584852548
1482469754436
1825781991812
2925293619588
1826051689092
2925563316868
1465004738948
1533724215684
2633235843460
1830076959108
2581713012292
1740167857732
2839679485508
2633521055300
2856859354692
1813182301764
2912693929540
1761642694212
2861154321988
1555215828548
2633169717576
1808535996744
2908047624520
1740151081284
2856842578244
1761625917764
1465021515336
2564533143112
1739899422280
1808887334472
2908398962248
1757347726920
2856859354696
2586007979652
1761374258820
2860885886596
2650701972872
2925579879816
1555485312392
2654996940168
1744463873416
1757079225992
2856590853768
1550920795784
2650432423560
1825798702728
2925310330504
1555215763080
2654727390856
1830093670024
2860885821064
1830027937156
2861154256456
1830362105416
1761642628680
1761627179656
2637800508040
1825781991816
1551173782152
2650685409928
1826051689096
1465004738952
2564516366728
1739882645896
1482470098308
2581981726084
1555484542340
2654996170116
1486765065604
2586276693380
1826050623108
2925562250884
1555467683460
1830345590404
2929857218180
1808870558024
2908382185800
1482453043528
2581964671304
1744446048584
2843957676360
1757330950472
2856842578248
1740101749316
1739816536644
2839328164420
1808536013380
1482118498884
2581630126660
2637800245832
1813166525000
2912678152776
1482386934344
2581898562120
1469233597000
2843623114052
1537953056068
2637464683844
1812830963012
1469233579332
2568745207108
1744111486276
1550837957956
1465206000260
2564717628036
1740083907204
2839595534980
2581897497220
1813166786180
2912678413956
1808551725448
2908063353224
1551122139524
2650633767300
1826000046468
2925511674244
1555417106820
2654928734596
1757280569732
2856792197508
2637464683848
2581630109000
1756996388168
2856508015944
1486497597060
2586009224836
1761375504004
2860887131780
2581714257540
1550922106500
2650433734276
1469317727876
2568829355652
1469500967560
2569012595336
1744378874504
2843890502280
2650702236292
1486430504516
1482135537220
2581647164996
1757013444164
1482202629768
2581714257544
1550922106504
2650433734280
1469317727880
2568829355656
1465022760584
2564534388360
1739900667528
1482470820484
2581982448260
1812898089608
2912409717384
1482470820488
2581982448264
1486765787784
1550838303044
2650349930820
1825716209988
2856859633032
1533992846984
2633504474760
2912677349000
1555417106824
2654928734600
1482402662792
2581914290568
1757280569736
2856792197512
1826001422984
2925513050760
1555418483336
2856793574024
1482404039304
2581915667080
1740084233800
2839595861576
2843640170056
1555417417348
2569029699204
1761290569096
1830295325252
2929806953028
2912426493572
1550921860740
2650433488516
1825799767684
1469233924424
2568745552200
1537953401160
2637465028936
1555133270344
1808536340808
2908047968584
1482118826312
2581630454088
1550838303048
2581646166600
1550854015560
2650365643336
1486429506120
2585941133896
1538305394244
2637817022020
1813183301188
2912694928964
2581982447172
1534010426948
2633522054724
2581629388100
2564517431684
1739883710852
2839395338628
1533725280644
2633236908420
1808603187588
2908114815364
1469316482692
2568828110468
1744194389636
2843706017412
1482201384580
2581713012356
1757079291524
2856590919300
2843974452872
2633252619912
1808618899080
2908130526856
1482201384584
2581713012360
1757079291528
2856590919304
1550920861320
2650432489096
2564517627460
1739883906628
1825783252548
1830078219844
2929589847620
1465274435140
2564786062916
1740152342084
2839663969860
2843622327620
2925294880328
2843690501704
2564517627464
1739883906632
2839395534408
1533725476424
2633237104200
1808603383368
1538019134020
1550921860744
2860886886024
1812914865800
1555216828040
2654728455816
1830094734984
1761375258248
2912426493576
1744195389064
2843707016840
1825715160456
2925226788232
1482402908804
2908064729412
2839680484936
1744463824456
2843975452232
2925226771784
1555468732740
2654980360516
1744178858308
2843690486084
1486749256004
2586260883780
1761627162948
2861138790724
1830346639688
2929858267464
1465005984072
2564517611848
2908063368516
2839612327236
1533942269252
2633453897028
1808820176196
2908331803972
2908383446660
1830076958084
1555468552520
1551106393476
2654912988548
1550837958020
1469233579396
2568745207172
1744111486340
2843623114116
1537953056132
2637464683908
2564784998980
1740151278148
2839662905924
2650633766216
2925511673160
1482402661704
1830010112324
2929521740100
2633235794504
1830076910152
2569079768388
2925495928200
1555401360776
2929790895496
2581697496388
1757063775556
2856575403332
1761308411204
2860820038980
1830027887940
1465022776644
2564534404420
1808870753604
2581647164744
1825732920648
2568745485640
1486480835912
2585992463688
2925244548424
1761375520072
1761291422340
2860803050116
1555132992132
2654644619908
1756996715844
2856508343620
1808888384132
1486479590980
1465004754500
2564516382276
1739882661444
2654996892228
1482202384964
1465022515780
1465004754504
2564516382280
1739882661448
2839394289224
1533724231240
2633235859016
1808602138184
2908113765960
1761307167300
2860818795076
1486496351880
1761374258824
1486749271428
2586260899204
1465274434948
1740152342152
2925293618568
1761291634056
1465274434952
2564786062728
1551173585284
2637817023048
1757080291912
1550921861704
2650433489480
1740168858184
1482386999624
2581898627400
1465004738884
2839662709060
1533992651076
2633504278852
2650415712580
2861137545540
1538019181960
2637530809736
1812897088904
2912408716680
1482118548104
2581630175880
1744111553160
2843623180936
1533942269316
2633453897092
1808820176260
1740100699524
1482402661764
1538238596420
2637750224196
1813116503364
2912628131140
1740151081288
2839662709064
1813115456132
2912627083908
1465223105156
2564734732932
1538237549192
2637749176968
1813115456136
1757012445832
2856524073608
1825731922568
1550921845124
2650433472900
2637548571012
2912342934852
1812914850180
2912426477956
1761291699524
2860803327300
1550838302020
2650349929796
2929522804036
1808536339780
2633170060612
1830010129028
1757063775876
2856575403652
1533993911940
2633505539716
1808871818884
1465290934596
2564802562372
2564517627528
1739883906696
1465274435208
1813166786184
2912678413960
1465005999752
2929790192196
1761625868680
2861137496456
2908331804040
2925511673224
1551122138504
2650633766280
1482404038280
1830296389256
1551123515016
2650635142792
1826001421960
2929808017032
2860870370888
1825798981956
2925310609732
1555216042308
2654727670084
1482201598276
1550921075012
2650432702788
1534010689092
2633522316868
1808888596036
2908400223812
1761576846916
1538020443716
2637532071492
1465005999684
1830078219848
1551173781064
2650685408840
1826051688008
2925563315784
2637464962632
1812831241800
2912342869576
2568812594760
1555200297348
2654711925124
1757063760260
2856575388036
1825783236996
2925294864772
1469300951428
1812848018820
2912359646596
1808536339784
2908047967560
1482118825288
2581630453064
1756996732232
2856508360008
1812831307080
2925310609736
1555216042312
2654727670088
1482201598280
1550921075016
2650432702792
1825798981960
1550905330056
2650416957832
1825783237000
1555200297352
2654711925128
1830078204296
2586260883848
2654660298116
1486429193604
1739832264068
2839343891844
1808551740804
2908063368580
2585940821380
1482185607748
2929874782536
1555148670344
2654660298120
1830026577288
2929538205064
1826000045448
1486429193608
1550853703048
2650365330824
2633453897096
1533658432840
2633170060616
1808803727944
2908315355720
1482386213448
2637732416072
1813098695240
2912610323016
1551105690184
2650617317960
1825983597128
2925495224904
1486766048900
2586277676676
1812915127940
2912426755716
1469250635400
1486766048904
2586277676680
1825984579208
2581647165064
1830010128964
2929521756740
2912341887556
1761290652228
2860802280004
1533925820996
2633437448772
1808803727940
2908315355716
2839663954308
1808871803268
2908383431044
2586277741960
2861155648904
1533724165700
2633235793476
1808602072644
2908113700420
1825781941828
2581629405768
1756995684936
1465206344264
2564717972040
1740084251208
2839595878984
1533925821000
2633437448776
1555417418376
1830295325320
2633504294532
1482470033732
2581981661508
1486765787780
2586277415556
1761643694724
2861137561224
2861155322500
1808619899524
2908131527300
1533741992584
2633253620360
1808619899528
2908131527304
1538036959880
2569097546376
2650433489544
1825799768712
1538019182980
2637530810756
2912408717700
1482184608132
2581696235908
1757062515076
2856574142852
1550904084868
2650415712644
1813165542024
2912677169800
2650684164744
2568811284040
1538019133000
1555199002184
2654710629960
1465004688968
2564516316744
1739882595912
2633186821508
1808553100676
1812848067972
2925513033092
2654661657988
2650366690692
2839394273672
1533724215688
2633235843464
1808602122632
2908113750408
1464938613384
2564450241160
1739816520328
2839328148104
1537970161032
2637481788808
1812848067976
1550855062920
2650366690696
1464938940996
2564450568772
2912628132228
1808553035076
2908064662852
1757264889412
2856776517188
1825984366148
2925495993924
1550854997316
1825732904260
1830027871556
2929539499332
1555401426500
2654913054276
1812846955140
2912358582916
1555148917380
2654660545156
1830026824324
2929538452100
2564466034052
1739832313220
1482386146628
1534010477192
2633522104968
1808888384136
2908400011912
1830363171400
2929874799176
1808820423236
2908332051012
1482402908740
2581914536516
1825715930760
1465224103556
1469585131908
1482117695816
2581629323592
1757348791876
2856860419652
1757348973188
2856860600964
2925513034120
1465207113288
2564718741064
1808804496968
2908316124744
1812848002376
2912359630152
1538221557320
2637733185096
1744379201096
2843639106184
2585941068424
1555148917384
1464954604168
2564466231944
1739832511112
2839344138888
1533674080904
2633185708680
1812914849156
2650433471876
2650366429576
1830010128004
2929521755780
1739815814788
2839327442564
1740100946504
1464938956100
2564450583876
1825716208964
1830011176260
1486681180804
2586192808580
1761559087748
2861070715524
1465207048776
2564718676552
1469585900868
2569097528644
1744463807812
2843975435588
1808888317252
2908399945028
2581982430532
1551190279492
1550838302024
2650349929800
2925227836744
1740167793284
2839679421060
2856775748232
2654980377220
1830346656388
2929858284164
2856524072328
1808553035140
2929588521284
1469301017156
1533725526596
2633237154372
1538020493892
2637532121668
1550921844104
2650433471880
1825799751048
1555216811400
1550837253768
2860802279048
1534010410312
2633522038088
1808888317256
2908399945032
1538305377608
2637817005384
1808887270024
2908398897800
1538304330376
2637815958152
1813182237320
2564786046340
1740152325508
2839663953284
1808871802244
2908383430020
1469569385860
2569081013636
1744447292804
1538036172164
2637547799940
2908382201476
1465273190020
2564784817796
1533992666756
1830094981512
1538020493896
2637532121672
1812830176900
2912341804676
1465223907652
2564735535428
2569030502724
2650366445892
1486413448584
2585925076360
1761291355528
2860802983304
2564467296900
2839345203844
1808553052804
2908064680580
1537970113156
2637481740932
1812848020100
1469518874952
1465223907656
2564735535432
1740101814600
2839613442376
1533943384392
2633455012168
1808821291336
2908332919112
1482403776840
1486413776196
2585925403972
1761291683140
2860803310916
2564735732292
1533943581252
1550853687880
2650365315656
1825731594824
2925243222600
2654980359560
1830346638728
2929858266504
2856591132040
1550921074056
1825798981000
1808870573704
2908382201480
1464938612292
2564450240068
1739816519236
2839328147012
1533658089028
2633169716804
1808535995972
2581630109252
1756996388420
2908064680584
1537970113160
2637481740936
1469519119748
2569030747524
1756996388424
2856508016200
1550837958216
2650349585992
1744111486536
2843623114312
2912342591048
1756996732292
2856508360068
1825716209028
2925227836804
1486413792644
2585925420420
1464954603140
2564466230916
1739832510084
2839344137860
1533674079876
1808551986820
1812846758216
1551123450440
2650635078216
1830026627400
1465206278724
2564717906500
1825716209032
2925227836808
1486413792648
2585925420424
1761291699592
2585941132676
1761307411844
2860819039620
1538237482564
1534010428036
1486430487944
1761308394888
1812830243204
2912341870980
1464954406280
2564466034056
1739832313224
2839343941000
1757264103748
2856775731524
1825983580484
2925495208260
1808804710724
2908316338500
2654930045252
1825732921672
2925244549448
1482403973448
1555200051524
2654711679300
1808821536136
2908333163912
1826001405320
2925513033096
1537969047176
2637480674952
1812846954120
2650365576840
2912358581896
1482470083204
1761558743688
1744396978564
1757348973192
1465223038536
1538305395336
1534010428040
1761358481988
2860870109764
1538304329348
2637815957124
1551189231236
2650700859012
1826067138180
2925578765956
1465206327624
2564717955400
1740084234568
2839595862344
1533925804360
2633437432136
1808803711304
2908315339080
2637732332868
2912610239812
1555400574276
1830278481220
1830345607492
2839662709124
1551123253636
2650634881412
1826001160580
2925512788356
1555418220932
2654929848708
1830296127876
2929807755652
2581696169284
1757062448452
2856574076228
2929790109000
1469232792904
1757330900356
2856842528132
2637532120644
1465006048836
1533725525572
2633237153348
1808603432516
2908115060292
1486480885316
2585992513092
1551123253640
2650634881416
1826001160584
2925512788360
2654929848712
1830296127880
2929807755656
1533724165704
1808602072648
2908113700424
1555148655172
2654660282948
1469250439492
1550854818116
2925244352836
1533658090052
2908047624772
1537953057348
2637464685124
1486413449796
2585925077572
1744111487556
2843623115332
2650700859016
1534009362056
2633520989832
1482469754504
2586276349576
2929873733256
1808871803460
2908383431236
1538288863812
2637800491588
1826051672644
2925563300420
1830346639944
1808871803464
2908383431240
1538288863816
2637800491592
1813166770760
2912626771524
1464954357316
2564465985092
1812897023304
2912408651080
2856508016260
1550837958276
2581697545800
1550905394760
2650417022536
1469301016136
1538020492872
2637532120648
1555200362056
2654711989832
2929790895752
1538305657412
2637817285188
1555468749384
2654980377160
1830346656328
2929858284104
1482403973704
1550836992392
1825714899336
2925226527112
1533658088772
2633169716548
1808535995716
2908047623492
2925311395460
2839328148040
1537953057352
2637464685128
1555132926536
2654644554312
1830010833480
2650349930824
1808821487172
2650365315396
1826000030020
2925511657796
2564465969476
2912342935940
1555133270404
2654644898180
1538237221192
2637748848968
2912626755912
2650633750856
1550853687624
2650365315400
1469250356616
2568761984392
1744128263560
2843639891336
1538037222020
2637548849796
1486430505604
2585942133380
1761308412548
2860820040324
2564718955140
1464954619272
2564466247048
1739832526216
2839344153992
1555200313992
2654711941768
1538288880264
2912695192200
1486430505608
2585942133384
1761308412552
1486413776200
2585925403976
1808534948484
2908046576260
1533657041540
2856776796484
1486682229060
2586193856836
1555401705796
2654913333572
1551106738500
2839328491076
1555132156484
2654643784260
1486682162824
1761560069768
1469519070852
2569030698628
1486748011076
1538287618628
2637799246404
1813165525572
2912677153348
1486766033540
2586277661316
1464955717188
1808870558280
2908382186056
1538287618632
1808821487176
2908333114952
1538238547528
2912628082248
1756996733320
1537953401224
2637465029000
2912342935944
1465006000772
1739883907716
2839395535492
2839680484996
1830027676040
1757332261448
2637800310084
1538221836616
2637733464392
1813099743560
2912611371336
1551106738504
1825984645448
2925496273224
2925226706308
2856775665028
2860802196868
1830010045828
2929521673604
2912610239876
2654643784264
1830010063432
2929521691208
1761559070020
2861070697796
1812830176648
2912341804424
1757063513412
2856575141188
2564517365060
1739883644228
2839395272004
2912677152136
1761307411848
2860819039624
1812897041028
2912408668804
2861137496644
2929856973380
2912677104196
1830345345604
1486747961924
2586259589700
1555467438660
1533992602180
2856523811204
1550836909380
1486680835396
1744378873156
1744177546568
2843689174344
2637547801156
2912425708100
1812914080324
1740168857224
2839680485000
1469585917576
1761627163272
1486749256328
2586260884104
1482185853576
1761575536260
2861087164036
1482201581128
1551173585288
1826051492232
2650685213064
2925563120008
1482470083208
1757347990152
1826001077892
1757280568968
2856792196744
2633252554116
1808618833284
2908130461060
1533657040260
2633168668036
1757079225736
1550920795528
2650432423304
1825798702472
2925310330248
1486429177224
2860885820808
2581964670340
1826050426244
2925562054020
1486748009860
2586259637636
1761625916804
1550922189188
2650433816964
1757013248584
2856524876360
1465273125448
2564784753224
1740151032392
2839662660168
1808870509128
2908382136904
1482452994632
1538287569480
1555133270340
2654644898116
2929522805060
1533658367620
2633169995396
1808536274564
2908047902340
1757280553348
2856792181124
1486697613700
2586209241476
2912358320516
1550905148996
2650416776772
1482135340356
1761290585480
1538221558404
1813099465348
2912611093124
1550837958212
2650349585988
1486413448772
2585925076548
1469517744520
2569029372296
1482402646408
2581914274184
1757280553352
2856792181128
1486697613704
2586209241480
1812846774916
2912358402692
2839596910920
1813183564424
1550904035908
2650415663684
1555417172548
2654928800324
2925511739972
1808820243012
1486748009864
2586259637640
1761625916808
2861137544584
1465273173384
2564784801160
1740151080328
2839662708104
2586009044616
1761375323784
2860886951560
1826051492228
1469569189188
2569080816964
1744447096132
2843958723908
1469568141956
2569079769732
2569030747780
1744397026948
2843908654724
1757281928836
2856793556612
1740151081608
2839662709384
1469568141960
1486430307656
2585941935432
1812848003464
2581898611336
1469519120008
2569030747784
1744397026952
2843908654728
1761559857800
1757281928840
2856793556616
1830011094340
2654644815172
2929522722116
1555133187396
1486413448776
2585925076552
1464938612296
2564450240072
1739816519240
2839328147016
1533658089032
2633169716808
1808535995976
2912358402696
1830026644104
2839679699588
2929538271880
1761291699588
2860803327364
2581630371140
1555133253252
2654644881028
1533657105732
1533658088776
2633169716552
1808535995720
2908047623496
2650348537416
1486680835656
2586192463432
1469517826632
1486697695816
2586209323592
1744111815240
2843623443016
1469502358852
2569013986628
1538221835588
2637733463364
1757265167684
2856776795460
2908315355780
2650348815940
1533926803012
2633438430788
1756995356996
1486412417348
2585924045124
1465206016324
2564717644100
1469500983620
2569012611396
1757347661444
2856859289220
2586209240712
1830009783944
1486412417352
2637732088136
2912609995080
1469500983624
2569012611400
2925579045508
1465021729412
2564533357188
1533741206148
2633252833924
1482118743684
2581630371460
1812915127624
2912426755400
1465291212104
2564802839880
1740169119048
2839680746824
1830011176328
2929522804104
1464938956168
2564450583944
2843974666888
1555148916100
2654660543876
1830026823044
2650700858756
1551189230980
1486766033544
2586277661320
2912610323080
1469300755076
2568812382852
1550837188168
2650348815944
1825715095112
2925496272452
1465207391812
2564719019588
1740085298756
2839596926532
1808871622020
2908383249796
2581965735300
1538288682372
2637800310148
1813166589316
2912678217092
1551173584260
2650685212036
1826051491204
2860803327560
1469502359112
2569013986888
1538019133060
2637530760836
1812897040004
2912408667780
1555199002244
2654710630020
1808553035080
2908064662856
1486747960708
2586259588484
1469568091716
2569079719492
1555467437636
1469233908036
2568745535812
2564786111876
2839664018820
1486749271364
1482135520644
1555484280132
2654995907908
1830362187076
2929873814852
1469316498756
2568828126532
2860885902660
1465289966916
2564801594692
2633505342856
1808871622024
1761626981768
2908383249800
2586260702600
1551173584264
2650685212040
1826051491208
2861138609544
1465005786500
2564517414276
1813182317896
2912693945672
1555484280136
2654995907912
1830362187080
2929873814856
1538019133064
2637530760840
1465004689032
1555199002248
2929856972360
1555417351492
1555131959688
2654643587464
2929539499396
1830027871620
1486681949828
2586193577604
2568762246532
1744128525700
2912342590788
1555216828036
2654728455812
1830094734980
2929606362756
2650634881604
2925512788548
1830296128068
1757013248580
2856524876356
1486430308932
2585941936708
2654930028168
1533657318724
2633168946500
1808535225668
1555418221128
1757281684040
1464955472456
2564467100232
1739833379400
2839345007176
1486698923332
1482403956036
1744396961092
1538238530884
1533942318728
2633453946504
1808820225672
2908331853448
1808820241988
2908331869764
1482402727492
2581914355268
1538237302340
2637748930116
2586209503876
1761575783044
2861087410820
2839612574340
1808820423300
2925294865032
2912695190916
1555400329608
1830278236552
2929789864328
2860802197828
2929521674564
2912426543684
1813183563144
2912695190920
1808553035144
2908064662920
2581898610312
1486681949832
1482135520648
2581647148424
1757013427592
2856525055368
1555148736136
2586210551112
1538238530888
1465222858312
2564734486088
1538237302344
2637748930120
2912626837064
2843907541640
1740100946568
2654928980616
1555401705092
2654913332868
2650349930116
2650618365572
1537953400452
2637465028228
1551190279556
2925310346568
2839679699592
2654644897416
2581630453384
1812848068228
2925512001860
1555417434436
2654929062212
1486697957700
2586209585476
2925294930564
1533925819972
2564784736580
2843957610820
1744445983044
2569079703876
1808887270020
1551106722184
2650618349960
1825984629128
1830362187140
2929873814916
1482454354500
1757332261444
2856843889220
1826051738180
2925563365956
1465274485316
2564786113092
1740152392260
2839664020036
2856860337544
1486765770120
2925310675524
1538036238916
2637547866692
1538220444228
2637732072004
1486496368008
1534010673732
2633522301508
1761559086728
2861070714504
1551105689224
2650617317000
1482385885512
2861088475780
2860870421128
2912410028680
1830095063428
2929606691204
1538238352004
2637749979780
1813116258948
1808552856196
2908064483972
1826001160836
2925512788612
1555418221188
2654929848964
1830296128132
1486747945288
2586259573064
1761625852232
2861137480008
1830010046024
2929521673800
1482454354504
2581965982280
1486749321800
2586260949576
1465274485320
2564786113096
1740152392264
2839664020040
2843639974536
2912627886728
2586210372232
2861088279176
1757013248648
2637749979784
1812847823496
1538238352008
1744396782216
1826001160840
1486496631368
2586008259144
1550921140808
2637547866696
2843908606596
1486429243780
2585940871556
1761307150724
2860818778500
1761576848004
1757012183428
2654710630980
1830076910148
1551106460228
2650618088004
1825984367172
2925495994948
2564450519364
2860803262788
1486429242948
2856775403844
1550853687620
2908315011400
1538220443976
2637732071752
2839613639304
2860818778504
1482134276488
1550853753224
2650365381000
2856792181316
1757280553540
1550853687876
1830026562116
2929538189892
1756996667720
1469517744516
2569029372292
1744395651460
2843907279236
2908382120328
1813165459848
2912677087624
1830278220168
1537968785992
2637480413768
1757280897412
2856792525188
1761575864708
2861087492484
1739815748932
1464937825604
2564449453380
1469232792900
2568744420676
1757280897416
1812847036808
1555148999048
1830026905992
2925293881992
1830346393924
1538288617796
1555468732996
2654980360772
1739815470404
1808870558276
2908382186052
2929873732996
2908315339144
2586192791944
1482471148164
2581982775940
1538220771720
2633168930120
1757264037508
1486681097860
2586192725636
1761559004804
2861070632580
1756995602052
2856507229828
2856591967816
1555132204360
2654643832136
2929521739080
1464955734664
2564467362440
1739833641608
2839345269384
1739882579332
1465004672388
1761559004808
2861070632584
1537952269960
2637463897736
2564786112068
1740152391236
2839411328580
1533741270596
2633252898372
1486496630340
2586008258116
2908130805316
1808534948420
2908046576196
1744395651656
2843907279432
1808534948424
2908046576200
1551172454984
2650684082760
1812898073220
2912409700996
1533943384388
1482403776836
2581629322568
1756995601736
1761559792196
1486681885252
2586193513028
2585940871560
2581697235336
1830026578500
2581697562948
1757063842116
2856575469892
1486764722820
2586276350596
1761642629764
2861154257540
1486412401284
2585924029060
2654995827336
1486764722824
2586276350600
2586259572040
1761576848008
2861088475784
2843639974280
2586008258120
2925227494024
1486413449864
2585925077640
1482118482568
2581630110344
1555149702468
1740102010500
1482134211204
2581645838980
1486429178500
2585940806276
1761307085444
2860818713220
2839613638276
1830346655364
2929858283140
2581915404616
1486698744136
1744396781896
2569030419784
1464954342024
2564465969800
1739832248968
2839343876744
1808551742024
2908063369800
1482134227528
1464954358344
2564465986120
1739832265288
1464938890564
1482118759748
2581630387524
1756996666692
2856508294468
1486413727044
2585925354820
1808536274244
2908047902020
1533658367300
1555468535364
2654980163140
1830346442308
2929858070084
1739883693636
2839395321412
1486480623172
2585992250948
2843890780740
1761559022148
1825983531588
2569012873796
1761575782020
2861087409796
1826051475016
2925563102792
2925294667336
1555468535368
2654980163144
1830346442312
2929858070088
1469300753992
2568812381768
1486698940040
2568761001352
1744127280520
2843638908296
1486429242760
1808551789960
2908063417736
1482134275464
1761291635016
2860803262792
2633169995080
1808536274248
2908047902024
1482118759752
1812831241544
2650349864264
2925227771208
1555200050564
2654711678340
1739883644292
2925311379844
1538305377604
2637817005380
1813183284548
2912694912324
2569012873800
1744379152968
1740084185672
2839595813448
1808803662408
2908315290184
2650685146436
1486749009220
2586260636996
2856506985028
2585924045380
2856775682372
1486747961988
1551190558276
2650702186052
1486412417608
2585924045384
1761290569028
2860802196804
1813182237316
2912693865092
2633522316872
1808888596040
2908400223816
1825731855684
1808619162248
2908130790024
1757012378952
2856524006728
1482402907464
2843907540296
1464937563464
2564449191240
1739815470408
2839327098184
1739815733636
2843690239368
2929589585288
2925562316100
2839394534724
1465005000004
1739882906948
1550854030724
1744395667780
1465274172744
2564785800520
1740152079688
1465207376200
2564719003976
1740085283144
1744446244228
2843957872004
1813165720964
2912677348740
1486681097604
2586192725380
1761559004548
1538305640776
2637817268552
1533992846728
2633504474504
2929790109064
1469250356612
2568761984388
1744128263556
2843639891332
2843908326788
1538238268804
1830026561924
1550854817156
2650366444932
2925244351876
1469250438532
2568762066308
1761308214660
2860819842436
2586210289032
1538238268808
2637749896584
2650634798472
2654929765768
1555132925572
1757079554376
2856591182152
1825799031112
2925496010376
1744396780868
2843908408644
2637733119556
2912611026500
2581898544708
1464938941000
2564450568776
1739816847944
2839328475720
1538304411204
2637816038980
1469249324612
2568760952388
1486764803652
2586276431428
1555484280388
1538304411208
2637816038984
1551189313096
2650700940872
1555484280392
2654995908168
1830362187336
2929873815112
1825983597124
2925495224900
1551105690180
2650617317956
1825714899268
2925226527044
2569079784776
1550854817160
2650366444936
1825732724104
2925244351880
1469250438536
2568762066312
1744128345480
2843639973256
1761308214664
2860819842440
1534009690696
2633521318472
1808887597640
2908399225416
1830010832520
1756996388488
2856508016264
1825715865224
1761358480964
2860870108740
2912693930308
1482201385284
2581713013060
1555199051144
2654710678920
2912425493892
2650633833096
1550853703240
2650365331016
1465207391620
2564719019396
2569013986692
2856508278084
1761290585732
1550837974340
2650349602116
1533926540612
2633438168388
1538221507908
2637733135684
1830010848580
2929522476356
1538220460676
2637732088452
1551105362564
2650616990340
1830010848584
2929522476360
1555131894408
2654643522184
1830009801352
2929521429128
1830278236808
2637732088456
1551105362568
2650616990344
2925494897288
1830077221512
2929606624904
1538036156036
2637547783812
1812914062980
2912425690756
2925310592644
1555216025220
2654727652996
1830093932164
2929605559940
1550904280708
1486429439624
1555216025224
2654727653000
1830093932168
2929605559944
1469317810500
1486497679684
2586009307460
1757063760452
2856575388228
1482387260808
2581898888584
1555199313284
2654710941060
1830094981508
2929606609284
1555199313288
1465022761348
1830027888004
2929539515780
1812915112328
2912426740104
1550922107272
2650433735048
1555217074568
1465022761352
1744111814212
2843623441988
1469568337480
2569079965256
1744127477320
2650433473156
1465291016840
1740168923784
2839680551560
2929790977668
1486697957956
2912358664772
2650365659716
1465273109060
2564784736836
1464938941060
2564450568836
1739816848004
2839328475780
1808536324740
1739832592968
1464938941064
2564450568840
1739816848008
2839328475784
1808536324744
2908047952520
1761642710660
2861154338436
1812913882756
2912425510532
1830093751940
2929605379716
1533926787396
2633438415172
1757013427588
1761642710664
2861154338440
1812913882760
2912425510536
1486412662088
2585924289864
2912693865096
1825731594564
2925243222340
2633185446212
2908064729668
2843908408648
1469250685508
1486430554692
2585942182468
1744462825860
2843974453636
1808618899844
2908130527620
1830093736324
2929605364100
1538304395652
2637816023428
2586007980424
1744462825864
2860885887368
2586276415880
1812898351428
2912409979204
1808603384132
2908115011908
1830296307076
2929807934852
1551123432836
2650635060612
1486698923396
2586210551172
2912409979208
1465006000456
1830078220616
1465222858372
2564734486148
1740100765316
2839612393092
1808820242052
2908331869828
1482402727556
2581914355332
1744463824520
2564718691716
1533658105220
2633169732996
1808536012164
2908332050820
1813165540996
2839345252936
1533675194952
1464955718216
1482386933128
2581898560904
1757264840072
1464938628488
1808536012168
1550836991300
2650348619076
1469232612676
2568744240452
1486412481860
2585924109636
1469232793988
2568744421764
1465206262084
1555400575300
2654912203076
1830278482244
1757264038212
2564717889860
1744379136324
2569012857156
2843890764100
2856775665988
1808820177544
2908331805320
2861155371588
1740168907332
1740101993864
2839613621640
1744396961160
1482403956104
2581915583880
1761576830344
2861088458120
2908333098376
1465222858376
2564734486152
1740100765320
2839612393096
1808820242056
2908331869832
1482402727560
2581914355336
1555131958660
2654643586436
1744110520648
2843622148424
1739815552328
2839327180104
1555131958600
2654643586376
1830009865544
2929521493320
2650348619080
2925226526024
1469232612680
1757062531396
2856574159172
1825782008132
2925293635908
1465273190724
2564784818500
1482202434184
2581714061960
1550921910920
1486699005252
2586210633028
1757062531400
2856574159176
1486479591752
2585991219528
1761357498696
2860869126472
1830076975432
1465206262088
2564717889864
1740084169032
1533925738824
2633437366600
2861070633288
2581897759048
2856775665992
2633522104904
1744463874632
2843975502408
1757348776520
2856860404296
2856793572680
2586210633032
1469519136072
2843957610884
2925293569604
2586260949636
2654711924292
1830078203460
2929589831236
1465005983300
1469300950596
2568812578372
1744178857540
2843690485316
1808888334980
2908399962756
1533657123464
2633168751240
1808535030408
2908046658184
2650701204036
2569096825412
1757348006468
2856859634244
1486765066820
2586276694596
2650366380356
1825732659524
2925244287300
2654661347652
2568744158536
1830027888008
2929539515784
1486413449860
1761291356804
2861138856584
1830078203464
2929589831240
1812898334280
1757063759432
2856575387208
1825783236168
2925294863944
1469300950600
2568812578376
1744178857544
2912425773704
1465006000520
2564517628296
1739883907464
2839395535240
1533725477256
2633237105032
2654912203140
1830278482308
2929790110084
1555132139140
2654643766916
2925310396808
2929790977672
1534009707080
2633521334856
1482470099528
2581981727304
1469585197640
2925244287304
1761308150088
1469232794184
2568744421960
2564784736840
1740151016008
2839662643784
1551189510468
1740100749700
2839612377476
1744395716996
2843907344772
1830026560836
2929538188612
1757012395396
2856524023172
1761291635076
2860803262852
1808803711300
2908315339076
2564467344964
1825732970052
2925244597828
1825984579908
2925496207684
1744380201284
2843891829060
2912611305796
1555400657476
1830278564420
2654912285252
1469249635976
2568761263752
1744127542920
2929790110020
1555484461380
1465223039304
2564734667080
1551105608008
2650617235784
1825983514952
2925495142728
1761576568388
2861088196164
1830296045124
2929807672900
2637749896772
1482470804100
2581982431876
1538287634820
2637799262596
1486479591812
2585991219588
1538036172168
2637547799944
1825732970056
2843908326984
1830296045128
2929807672904
2568761984584
1464955389512
2564467017288
1830296388996
2929808016772
1486430569860
2585942197636
1464955733380
1538287634824
2637799262600
1555467504008
1469299722632
2568811350408
1486479591816
2585991219592
2839412098692
1533742040708
2633253668484
2856525137288
1486430569864
2585942197640
1808619947652
1464955733384
2564467361160
1744397043080
1813182499204
2912694126980
1757280815492
2856792443268
2912341805448
1555417352584
1813182499208
1826001094980
1555468487044
2654980114820
2633437119816
1465290999364
2564802627140
1740168906308
2839680534084
1534010476100
2633522103876
1808888383044
2908400010820
1482470868548
2581982496324
1465022563976
2564534191752
1533742040712
2633253668488
1469317531272
2568829159048
2650685147528
1757063563908
2856575191684
1465290999368
2564802627144
1740168906312
2839680534088
1534010476104
2633522103880
1808888383048
2908400010824
1482470868552
2637480494468
1744395978312
2843907606088
1555133269320
2654644897096
1830011176264
2929522804040
2633504212356
1808870491524
2908382119300
1465273107844
2564784735620
1482452977028
2581964604804
2839612572996
1808820421956
1808871868036
1550921139844
2650432767620
1825799046788
2925310674564
1555216107140
2654727734916
2569079704132
1744445983300
2843957611076
1826000291144
1465223907716
2564735535492
1533943384452
1482403776900
2581915404676
1551189575236
2650701203012
2908064417092
1464955405636
2564467033412
2839344940356
1555132140100
1830010129032
1825731611268
2925243239044
1830026578564
2929538206340
2908063369860
1482134227588
2581645855364
2856508294472
1808888334984
2908399962760
2843907295812
2654979048840
1830345328008
1808888580676
2908400208452
1744464071236
2650415973960
2633504540232
2564717890180
2843890764420
2843974452868
2581713290888
1757079570056
2856591197832
1550921139848
1465291197000
2564802824776
2843622328968
1555484461704
1744395913864
2908382382728
2912358582920
1744128263812
2843639891588
1465223907720
2564735535496
1533943384456
2633455012232
1469518875016
2908064417096
1825715864900
2925227492676
1464954358408
2564465986184
1739832265352
2839343893128
1808551742088
1469249325704
2843907343748
1538237285764
2637748913540
1813115192708
2912626820484
1486413777476
1757331999300
2856843627076
1486413727108
2585925354884
1744463022660
2843974650436
1538237483396
2637749111172
1813115390340
2912627018116
1469502293316
1761560069444
1486429242756
2585940870532
1551172781636
1555200379524
1757012395400
2856524023176
1482385884488
2581897512264
1555400657480
2654912285256
1830278564424
1486698940036
2586210567812
1465005804100
2564517431876
1465289951812
1486764788292
2586276416068
2929522738568
2581713013320
1808887335496
2908398963272
1482185869956
2581697497732
1808619963784
2908131591560
1740152079748
2839663707524
2633505277316
1808871556484
2908383184260
1469569140100
2569080767876
1757012379012
2856524006788
1808551986564
2908063614340
1825731855748
1830346639748
2929858267524
1482386147912
2581897775688
1757264054856
2856775682632
1469249570184
2564467345992
2861071418760
1555199051332
1830076958276
2929588586052
1469299705412
2568811333188
1744177612356
2843689240132
2908316059972
1538221492548
2861071419716
1555401361732
1538305395332
2637817023108
1744463087940
2843974715716
1482386917704
2581898545480
1757264824648
2856776452424
1761559791944
1757080537732
2839662970504
2569080030856
1482454041992
2581965669768
1757331948936
2650348537156
1469232530760
1486430487880
2856591902088
1482201318792
2581712946568
2581697284744
1757063563912
2856575191688
2912408716872
1550904084040
2650415711816
1825781990984
2925293618760
1555199051336
2654710679112
1830076958280
2929588586056
1465004738120
1744464070216
2843975697992
1482454305348
2581965933124
2929605364104
2633504474436
1830077154948
2929588782724
2908130723464
1486413710984
1464954357380
2564465985156
2633185461892
1537952286020
2637463913796
1533741254276
2633252882052
1808619161220
2908130788996
1761307362692
2860818990468
1486412678472
1825715094856
2925226722632
1469232809288
2568744437064
1744110716232
1757347677572
1813098678596
2912610306372
1825983334724
2925494962500
1740083988804
2839595616580
1808803465540
2908315093316
1825798769284
2925310397060
1761374259844
2860885887620
1465289951876
2564801579652
2637548571204
1482471147140
2912611026568
1761374259848
2860885887624
1808888662600
2908400290376
1538288880196
2929858284100
1486682228292
2586193856068
1482202630472
2581714258248
1538220706116
2637732333892
1555217074504
1486413465220
2585925092996
1555132941956
2654644569732
2581964867976
1826001340808
2856843627080
2912626836808
2839680535108
1533943368068
2633454995844
2585925339720
2929538206020
2637531874884
1812898154052
2912409781828
1555200116292
2654711744068
2843891550596
1756996389252
2856508017028
2564734421320
1812830258504
1465291278660
2564802906436
1740169185604
2839680813380
1534010755396
2633522383172
1740084955528
2839596583304
1808804432264
2908316060040
1761291356552
2860802984328
2912342591880
1744447294020
2650685393476
1830346639940
2929858267716
1486749256260
2586260884036
2586210567816
1538288683588
2637800311364
2912678218308
1808551789892
1826050443844
2925562071620
2839394290244
1825731593608
2925243221384
1761308476996
1551172536904
1555467504200
2654979131976
1830345411144
2929857038920
1757330967112
2856574159432
1486479592008
1482403711620
2654728784264
1533943645768
2654727718276
1830093997444
2929605625220
1555216090500
2654980360584
2929858267528
2912678398536
2929858267720
1551173765704
2650685393480
1465274419784
2564786047560
2839663708740
1533741206088
2633252833864
2637548832388
2908382185864
1551105623432
2843622344072
2925495993928
1825782975108
2925294602884
1830345411208
2569013642628
1744379921796
2843891549572
1808603432520
1486413727048
2908331788612
2925311444356
2929857037636
1465004754244
2564516382020
1757280634180
2856792261956
1808551806276
1812846773572
1555467502920
2654979130696
1830345409864
2929857037640
1825799816584
2843908671876
2654727718280
1482201646472
2581713274248
1757063776900
2856575404676
1465274436228
1486749272712
1533993912968
2633505540744
1808871819912
2908383447688
1482185869960
1482134291844
1830010832196
2929522459972
1550837187908
2650348815684
2908046656900
2912341624196
2650348619140
1830009865604
1486412481924
1825983515012
2925495142788
1555400575364
2633252882056
1808619161224
2908130789000
2925579881092
1551190346372
1555485313668
2654996941444
1465291000452
2564802628228
1740168907396
2839680535172
1534010477188
2633522104964
2860818990472
1813098678600
1551122139528
2650633767304
1826000046472
2925511674248
2912678217028
2654711743812
2654710696580
1550904101508
2650415729284
1830345411204
2929857038980
1465273191044
1808870574728
2908382202504
1486764788356
2586276416132
1486480837252
2585992465028
1830278301000
2929789928776
1551190346376
2650701974152
1826068253320
2925579881096
1555485313672
2654996941448
1830363220616
2929874848392
1465291000456
2564802628232
2650701907268
1830296373636
2929808001412
1555217155460
2654728783236
1825800095108
2925311722884
1830027937412
1757062530628
1465206081096
2564717708872
1533943368072
2633454995848
1555485590852
1826068530500
2925580158276
1757349053764
2856860681540
1808820176516
2908331804292
2564735781252
1830279333444
1826051671620
2925563299396
2654996171396
1830362450564
2929874078340
1465290230404
2564801858180
1534009707140
2633521334916
1482470099588
2912425707076
2929605576260
2908333114948
1761291633992
1830278220356
2650702170692
2839344154180
1744111502664
2843623130440
1825800095112
2585991203140
1550905329288
1757012133444
2856523761220
2843975779656
1537969047108
2637480674884
2860870158984
1551189576328
2650701204104
2925579111048
1555484543624
2654996171400
1830362450568
2929874078344
2843974732424
2929605576264
2637480674888
2586260900420
1486749272644
1808551724420
2908063352196
1830026560900
2929538188676
1464954340740
2564465968516
2908046591300
1465273190980
2564784818756
2637548832392
1744397026884
2843908654660
1826001405508
2925513033284
1740085299524
1808536340804
1469249324424
2568760952200
1486412744008
2908131510916
2585924371784
1761290650952
2860802278728
1482387261768
2581898889544
1757265168712
2856776796488
2908046903876
1469569205636
2569080833412
1744447112580
2581645837704
2585940805000
1537968784776
2637480412552
1550853686664
2650365314440
2585992267144
1486749074824
1761642908292
2861154536068
1813116503624
2912628131400
1826001405512
2925513033288
1830296372808
1469501228420
2569012856196
1744379135364
2843890763140
1813098612100
1555485312644
1826068465284
2925580093060
1469585967684
2569097595460
2929791174212
1550905132356
2650416760132
1538037287560
2581629060420
2586259638852
1465273174596
2564784802372
1740151081540
2839662709316
1740084168072
2839595795848
1533925737864
2633437365640
1808803644808
1555485312648
2654996940424
2564517611912
1739883891080
2839395518856
1744395732616
2843907360392
1830026560904
2856524007044
1825731856004
2925243483780
1486764788360
2586276416136
1761642695304
2861154323080
1486480837256
2585992465032
1538020230472
2637531858248
2581646100104
1550853949064
1555149964616
1830027871560
2929539499336
1551190279496
1826068186440
2929874077316
1830296373640
2843639907716
1757013181828
2856524809604
1550854751620
2650366379396
1830027625860
2925310593352
2637799246408
1813165525576
2912677153352
1555467487816
2654979115592
1756996389444
2856508017220
1555132926532
2654644554308
1555401426504
2654913054280
1808602400068
2908114027844
1813115144836
2912626772612
1465222793860
2564734421636
1740100700804
2839612328580
1533942270596
2633453898372
1808820177540
1555200035460
1808535997000
2908047624776
1550837959240
2650349587016
1757265168772
2856776796548
2586193856900
1761560136068
2861071763844
2925496273288
1744380266888
1757265168776
2856776796552
2568744240456
2912342936132
2650349931076
1825716210244
1555133270596
2654644898372
1830011177540
2929522805316
2650701203080
1555484542600
1482135274888
2581646902664
1550854751624
2650366379400
1739833312648
2839344940424
1555149718920
2585991203144
1761357482312
2860869110088
2637749912904
1538019460424
2637531088200
1813115144840
1555132155204
2654643782980
1464937842244
2564449470020
1830010062404
2929521690180
1808804709764
1486749272648
2586260900424
1744110716488
2843622344264
2856507246152
1756995618376
1469586180676
2569097808452
2912341559624
1744111831624
2843623459400
1537953401416
2637465029192
1812831308360
2912342936136
1826068252228
2925579880004
1761290570052
2637817071176
1826068252232
2650701973064
1533993716292
2633505344068
1808871623236
2908383251012
1757080553796
1551173585476
1555400575304
2654912203080
1830278482248
1761559005512
1756996716936
2856508344712
1482387195272
2581898823048
1551106672008
1740151014788
1761374521672
2860886149448
1533992584584
2633504212360
2581914601028
1482134292804
2581645920580
1757012199748
2856523827524
1550853769540
2650365397316
1825731676484
2925243304260
1825782008136
1757348792964
2856860420740
1761559874116
1537968850244
1812846757188
2637480478020
2654996940420
1464954358340
2564465986116
1739832265284
2839343893060
1533993716296
2633505344072
1808871623240
2908383251016
1538288683592
2637800311368
1465274239560
1551173585480
1555215845768
2654727473544
1830093752712
1482134292872
2912626772552
2925511674440
2839343893064
2856508017288
1830362106500
2929873734276
1813116454468
2912628082244
1761576831364
2861088459140
1486430489156
2585942116932
1761308396100
2860820023876
1486697630020
2586209257796
1761307100740
2860818728516
2581898873160
1813115143812
2912626771588
1812829930820
2912341558596
1830027938372
1808553101892
1533742319236
2633253947012
2585924044100
1808534963524
1812914914948
2912426542724
1739900470916
1538221836612
2637733464388
1813099743556
1538287635012
2637799262788
1486497335940
1808870574664
2908382202440
2925562071624
1538305443464
1486748026184
2586259653960
1813098613128
2912610240904
1825983515016
2925495142792
1830278482312
1555485248068
1826000030084
2633504229956
1808870509124
2908382136900
1826000045704
1482402662024
2581914289800
2925511673480
1486497597768
1830295079556
2929806707332
1757347744388
2856859372164
1830295079560
2929806707336
1486412483208
2585924110984
1486412416328
1464937579848
2564449207624
1830009800008
2929521427784
1486497335944
1538036943496
2637548571272
1555132155208
2654643782984
2569096497800
1757280569988
2856792197764
1761575537284
2861087165060
2637480430212
1830010128008
1757013181768
2925244286280
1757280569992
1555148671624
2654660299400
1830026578568
2929538206344
2908063369864
2581645855368
2839680813444
1808888662404
2908400290180
1533993715268
2633505343044
1482454107716
2581965735492
2564786047620
1482201598596
2581713226372
2568828324484
2569081030020
1486749075012
2586260702788
1555467487812
2654979115588
1538305378884
2637817006660
1744178858376
2843690486152
1761560119620
2861071747396
2564517430920
1533725279880
1757331998276
2856843626052
1825731675524
2925243303300
1761308478088
1825800029512
1538288682568
1757348792968
2861138791048
1482452978244
2843908409924
1538304608840
1537970162312
2912359697032
2925496191300
1465222777220
2564734404996
1533942253956
2633453881732
1825716127300
1808821537412
2929873734280
1555484199560
1830362106504
2637463979332
2568811611464
1482117776712
2581629404488
1756995683656
1830363417160
2581630437700
1486413777220
2585925404996
2633236120900
1533724493124
1740100749704
1486697630024
2861087164744
1830346638724
2929858266500
1465222777224
2564734405000
1533942253960
2633453881736
1808820160904
2908331788680
2839612654984
2843690485320
2929808001672
1761308149124
2860819776900
1533674882436
2633186510212
1808552789380
2908064417156
1744128279940
1551122385284
2650634013060
1826000292228
2925511920004
1486497334916
2586008962692
1761375241860
2860886869636
1808552789384
2908064417160
1469233908040
2569079786056
1486413793860
2585925421636
1469233924676
2568745552452
1537953401412
1537952089736
1469502360136
1761626982020
2654979328580
2633236907656
1761291684232
2860803312008
2860802213508
2637548570248
2912426477192
1469317465736
2568829093512
1465022563972
2564534191748
1761575847492
2861087475268
2929539253636
1761643760260
2564802561608
1740168840776
2839680468552
1534010410568
2633522038344
1808603171208
2908114798984
2929589635464
2925227574600
1808619112068
2908130739844
1482201597572
2581713225348
1486496564868
2586008192644
1761374471812
2860886099588
1757079504516
2908064662916
2637800311172
1744396716420
2843908344196
1757281618308
2856793246084
1761576585604
2861088213380
1533724494212
2633236121988
1830027889284
2929539517060
1551190297220
2650701924996
1825715160708
2586008258184
1744446327108
2843957954884
1486479509060
2585991136836
1761357416004
2860869043780
2856592164168
1830345394760
2929857022536
1808888661384
2908400289160
1469299639880
2568811267656
1486479509064
1830345672068
1482201597576
2843706230408
1486496564872
2586008192648
1761374471816
2860886099592
2581713225352
1757079504520
2856591132296
1550921074312
1538305657220
2637817284996
1469317745032
2568829372808
1465022777736
2564534405512
1739900684680
2839412312456
2650415991176
1555199330696
1744395650436
2843907278212
1486698989188
2586210616964
1761576896132
2861088523908
1813116503684
2912628131460
2839679420996
1469233907012
2568745534788
2929874061896
1469501295172
2569012922948
1486697941384
2586209569160
1533725215300
1808821536392
1486698989192
2908333164168
1813116503688
2912628131464
1761576896136
1555215845764
2654727473540
1830093752708
2929605380484
1486496369028
1469233907016
1464938939720
2564450567496
1739816846664
2839328474440
1808536323400
2908047951176
1808870557064
2908382184840
1830345344328
2929856972104
2564449469764
1486681164360
2586192792136
2654912268872
1538220771912
2637732399688
1482185607752
1550920877380
1808551725704
1830076892740
2929588520516
1538220706376
2637732334152
1551105608264
2650617236040
1555400575560
2929790110280
1761375503684
2860887131460
1486764984644
1534009624900
2650685213252
1826051492420
2925563120196
1555467700808
2654979328584
1830026642820
2929538270596
1469502081352
2569013709128
1465021531464
2564533159240
1533741008200
2585991136840
1482184541768
2581696169544
1538019116616
2637530744392
1465290148168
1551172520516
1761642956360
1744378890564
2843890518340
2861070387524
1486680852804
2586192480580
1761558759748
1533925493060
2633437120836
1555401706052
2654913333828
1482404039044
2581915666820
1757281945988
2856793573764
1537952024968
2637463652744
1812829931912
1744111831688
1830295259524
2929806887300
1744378890568
2843890518344
2856775420232
2586192480584
1533658350916
2633169978692
1808536257860
2908047885636
1812831225156
1550838220100
2650349847876
1538305722760
2637817350536
1551105673544
2650617301320
1825983580488
2925495208264
2929522722120
1830011094344
1808536257864
2908047885640
2564534405508
1808603121220
1744178611780
2843690239556
1830077957700
1550905150088
2637799197256
1813165476424
2912677104200
1469317531268
1744195438212
2843707065988
1551105689924
2650617317700
1486681180484
2586192808260
1555400657220
1465206344008
2564717971784
1533925820744
2633437448520
2569012939076
1744380201288
2843891829064
1757332015752
2856843643528
1761626983048
2861138610824
2585992201800
1761358480968
2860870108744
2633236842056
1482185606728
2581697234504
2650366625092
1469518088580
2569029716356
2843907623300
1469232875908
2568744503684
1469518088584
2569029716360
2633168733508
1808535012676
2908046640452
1550836974916
2650348602692
1825714881860
2925226509636
2929521476932
1830009849156
2654643569988
1533741975172
2633253602948
1555131942216
2654643569992
1830009849160
2929521476936
2856507032904
1550836974920
2650348602696
1830363171460
2929874799236
1555200034120
2908315289924
1825732905604
2650366363976
1830093997704
1830011177544
2929522805320
1830011110728
1830363432264
2929875060040
2650685213256
1538036958596
2637548586372
1482453042824
1744447030660
2843958658436
1744447030664
2843958658440
2637800294980
2929538270600
1465274223176
2564785850952
1740152130120
2839663757896
1757331999304
1482117450376
2581629078152
2929539500680
1830027872904
1464954358404
2564465986180
2843907556676
1550921123460
2650432751236
1825799030404
2925310658180
2912342852996
2637464946052
1538237221252
2637748849028
1555400640836
2654912268612
1830278547780
2929790175556
2585925338504
1830345673284
1538304674372
2637816302148
1808804775492
2908316403268
2861137824328
1555467766344
1469568420424
1465005016644
2564516644420
1739882923588
2839394551364
1757062792772
1761357760068
1486479853124
2856793573768
1744177890888
2843689518664
2912694209160
2929806969480
1830363433544
2929875061320
2581897759044
1550838302344
2650349930120
1757013444936
1740102011272
2839613639048
2586277399176
1486682228296
2586193856072
2856524809864
1813165524360
1482470869572
2861138609796
1469232596356
2568744224132
2860802000260
2581897561476
1551189231240
1808887286408
2929606625604
1808888595780
2908400223556
1830363432260
1465291212100
2564802839876
1740169119044
2839680746820
2650617038216
1555418139012
2654929766788
1486412465544
2585924093320
2929521477000
1551123171720
2650634799496
2925512706440
2654929766792
1465273107848
2564784735624
1813165787784
2912677415560
1555468552772
1538288667268
2637800295044
1830346443396
2929858071172
1744195438216
2843707065992
1761626966664
1533993699976
1808888595784
2908400223560
2856859568776
1761642908296
2861154536072
1482134488452
2581646116228
1830094980740
2929606608516
1537969915208
2637481542984
1825715881604
2925227509380
1757013231944
2856524859720
1808618899076
2908130526852
1482118809988
1744111815044
2843623442820
1538221508932
2637733136708
1551106410820
2650618038596
1486681901380
1464955716996
2564467344772
1808870835844
1757331228292
1469502343492
2569013971268
1744380250436
2843891878212
1482387245380
2581898873156
1757265152324
1486699006340
2586210634116
1761576913284
2861088541060
1538221508936
2637733136712
2912611043656
1551106410824
1534010690180
2633522317956
1808888597124
2908400224900
1534010690184
2633522317960
1808888597128
2908400224904
1830363433608
1744128525960
2843640153736
2860820022920
1812848002696
2586210551368
1744111815048
2843623442824
1550904347016
1551123450244
2650635078020
1469502343496
1486682212680
2586193840456
1550921123464
2650432751240
1825799030408
2569096481352
1744462760520
1830076975428
2929588603204
1482117696072
2581629323848
1555400640840
2654912268616
1830278547784
2929790175560
2586007996804
2586259573316
1813165460036
2912677087812
1486764804740
2586276432516
1761642711684
2861154339460
2925578848900
1757347744392
2856859372168
2929873816200
1486764804744
2586276432520
1761642711688
2861154339464
1830345672260
2839612574020
1486496369032
2586007996808
1808888661380
2908400289156
2925243286852
2650634865032
1826001144200
2925512771976
1482452978248
2581964606024
1830345329224
1486747945544
2586259573320
1761625852488
1465273109064
1555468552776
1830346459720
2929858087496
1756996667972
2856508295748
1812831242820
2912342870596
1469518875012
2569030502788
1486412417672
2585924045448
1550836925764
2650348553540
1830093997700
2929605625476
2585925356104
2650618366276
1825984645444
2925496273220
2585940821384
1486681884040
2586193511816
1830027954504
2585942132040
2860820038984
1757348791684
2856860419460
1740152080964
2908383185476
2856843577924
1808871557700
1813166524996
1486699006344
1744379922760
2843891550536
1469585982856
2569097610632
1761643758984
2861155386760
1486681098564
2586192726340
1761559005508
2861070633284
1486681164420
2586192792196
2586260621700
2585925338692
2839327376708
1482471082568
1757331950152
2856843577928
1744447048264
2843958676040
2839663708744
2586276431172
1830362368388
2929873996164
1465273108036
1830026562180
1469568075144
2569079702920
2569030502980
2839679419716
1469316761224
2568828389000
1465289966920
2564801594696
1812829980228
2912341608004
1761626917444
1482403777092
2581915404868
2654929766980
2650634799684
1830278284872
2929789912648
1740152064580
1555418139204
1482403777096
1538035959428
2637547587204
1812913866372
2912425494148
1761308133960
1551123515780
2650635143556
1826001422724
2925513050500
1555418483076
2654930110852
1830296390020
2929808017796
1808804514116
1551123515784
2650635143560
1826001422728
2925513050504
1555418483080
2654930110856
1830296390024
2929808017800
1486412481864
2585924109640
1482135259780
2581646887556
1813183367752
2912694995528
1482134275720
2581645903496
1757012182664
2856523810440
1486764739204
2586276366980
1757280831044
1744127493700
1757280618056
1761575585352
1533675128196
2633186755972
1744127493704
2843639121480
1761307362888
1486766049860
2586277677636
1555418417540
2654930045316
1830296324484
2929807952260
1761291617928
2860803245704
2633505277508
2585940870536
1465289885060
2564801512836
2908398896520
2912359369284
1486681098568
2586192726344
1826050689604
2925562317380
1813165787716
2912677415492
1830346720648
2929858348424
2569080031816
1830026626372
2929538254148
2564786064004
2861155371592
1830295012996
2929806640772
1826000374152
2908333098308
1830027691652
2929539319428
1761308214916
2860819842692
1550854736520
2929807673992
1812914079364
2912425707140
2856592164164
2925311640900
2581647148356
1808871802180
1465005983048
1538020230728
2637531858504
1808602400328
2908114028104
2564449274436
1469233841540
1486749255048
2586260882824
1486747960644
1465004738116
2564516365892
1739882645060
2839394272836
1830009800004
2929521427780
2581915404872
1808536323396
2908047951172
1813116193156
2912627820932
2912425494152
1538035959432
2637547587208
1812913866376
1761575782788
2861087410564
2843623131720
1757280815496
1830295259528
2654928980360
1533926607176
1551172471364
1555400328584
2654911956360
1757281683844
2637800555844
1486748273284
2586259901060
1813166835016
1538020427332
2637532055108
1812898334276
1538020427336
1486764739208
2586276366984
1533674145156
2633185772932
1830295341444
2929806969220
2586277677640
1808820242824
2908331870600
2637463979336
2633186560388
1812897367620
2912408995396
1538020443720
2637532071496
1812898350664
2912409978440
1813166852744
1482386147656
2581897775432
1757264054600
2856775682376
1486681114952
2568829356420
1486479526216
2585991153992
1757264890184
2856776517960
2843707017864
2564786064008
2564735714948
1740101994116
2839613621892
1808821470852
2908333098628
1830295013000
2929806640776
1538036172424
2637547800200
1812914079368
2912425707144
1808619964036
2633168750148
1486480819784
2585992447560
1761358726728
2860870354504
2637481723268
1812848002436
1482118743368
2581630371144
1550838220104
2650349847880
1464938874184
2564450501960
2564516365896
1739882645064
2839394272840
2925311657288
1486748027464
2586259655240
2929539582532
1486430571076
2585942198852
1813116193160
2912627820936
1486430571080
2585942198856
1826068268676
2925579896452
2908131591812
1757080356484
1555216812680
1826068268680
1830363235976
1808619964040
2908131591816
1757080356488
1808888580740
2908400208516
1551172471368
2912359385668
1550854752836
2650366380612
1825732659780
2925244287556
2925579880836
1534010476936
2633522104712
1482470869384
1826050361992
1830345329288
1808552052104
2908063679880
2637481526660
1830027675012
2929539302788
1486430291332
1761308198276
2860819826052
1813116437828
2585925354824
2929789929032
2637531088456
1812897367624
2912408995400
1761575586180
2861087213956
1739815536964
2912359433608
1825732707720
2925244335496
1533674931592
2633186559368
2929858087236
1830094996804
2929606624580
2633185789316
1808552068484
2843707345480
1555468551748
2654980179524
1464938874180
2564450501956
1808871868996
2908383496772
2929538532744
1761560070468
2861071698244
1744194324104
2843705951880
1486479836744
2585991464520
1551172519304
2650684147080
1812848002440
2912359630216
1465273108100
1825731856964
1830026824264
1825731856968
2925243484744
2912425428612
2564466230660
1739832509828
2839344137604
1555484198536
1812913800840
2912425428616
1744446261572
1812914931332
2912426559108
1555131942212
1464937628996
2564449256772
2929873799752
1761575586184
2861087213960
1830295062152
1465222841992
2564734469768
2564735714952
1825714881864
1744177612360
2925226509640
2568811333192
1830346704196
2929858331972
2908047967556
1830077154884
2929588782660
1808536062276
2908047690052
1813183548036
2912695175812
1555467438664
2654979066440
1830345345608
2929856973384
2569081079368
2908115060296
1739815798084
2839327425860
1757079570052
2856591197828
1808871869000
2908383496776
1537969112456
2637480740232
1550853752132
2650365379908
1538238350980
2637749978756
1551123252868
1825731659080
2654912989508
2908047705412
1550838039876
2650349667652
1555133007172
1739816600900
2839328228676
1739832509832
2839344137608
1538238350984
2637749978760
2564802628168
2581630190920
1756996470088
1550838039880
2650349667656
1464955651460
2564467279236
1486430487940
2585942115716
1761308394884
2860820022660
1555417090436
2654928718212
1830296307080
2929807934856
1744128525704
2843640153480
2839345186184
2637800229252
1538019116612
1812897023556
2912408651332
1533993961092
2633505588868
2861154600520
1830363499076
2929875126852
1469233841476
1830345393544
2929857021320
2843890583876
1826000094596
1464954406276
2839343940996
1808551789956
1555484215624
2654995843400
2929873750344
1757079553668
2856591181444
1761374520964
2860886148740
1812914128516
2912425756292
1830363499080
2912695257672
2564786047556
1465274419780
2839328425284
2564450518340
2929522738500
2654644831560
2929522738504
1464938890568
2564450518344
1739816797512
2568761197956
1744127477124
1813183548040
2912695175816
1826068253316
1538305444484
2637817072260
1813183351428
2912694979204
2650701974148
2637817072264
2569097595528
2929605625480
1465021777544
2564533405320
1533741254280
2654929832328
1551123237256
1825798768260
2925310396036
1464937645380
2564449273156
1739815552324
2839327180100
1808535029060
2908046656836
1555400378692
1813115472260
2912627100036
1482118563140
2581630190916
1464937645384
2564449273160
2637547865732
1830027626824
2856524810568
1825732659528
1538036237960
2637547865736
1825799046792
2925310674568
1555216107144
2654727734920
1464938874248
1744195389060
1555417090440
2908316337540
1534009378116
2633521005892
1808887285060
2908398912836
1830011110792
1486747944324
2586259572100
1486496630404
2586008258180
2637800557128
1808887285064
2908398912840
2860885886600
2637800507976
1533657302340
2633168930116
2929790126404
1482403776132
2843908344200
1761576585608
2861088213384
2633437120840
2568761197960
1744127477128
2843639104904
2654912006468
1486680901956
2586192529732
1813165737352
2912677365128
1830345606536
1744447113860
1744447113864
2843958741640
1486429194884
2585940822660
2908400011908
2925310396040
1808620161412
2908131789188
1469300753988
2568812381764
1744178660932
2843690288708
1830345329220
2929856956996
1550904363400
1830095047044
2929606674820
1555200099908
2654711727684
1825782269508
2925293897284
2585991480900
2860869387844
1538019460676
2637531088452
2908114028100
2650415990340
1534010755716
2633522383492
1808888662660
1761559873860
2861071501636
1486496630408
1744127280708
2843638908484
2925293897288
1757062792776
2856574420552
1486479853128
2585991480904
1761357760072
2860869387848
1465005016648
1744127280712
2908046640516
1830093735556
2929605363332
1761559873864
2861071501640
2929790978376
1830278498632
2912610043204
1486430553476
2585942181252
2585940886852
1808870492804
2908382120580
1486429194888
2585940822664
1830078007688
1808620161416
2908131789192
2581982758212
2908400272708
1551190607172
1830363497860
2929875125636
1538304658056
1534009690760
2633521318536
1830279546436
1830095047048
2929606674824
1537952269636
2637463897412
1830093948548
2929605576324
1469250422148
2568762049924
1744128329092
2843639956868
1808888662664
2908400290440
2564801529156
1740083987780
1830093735560
2581965736520
1486749076040
2861138610760
1550854752840
2650366380616
1555149720136
1757349055108
2856860682884
1486766115460
2586277743236
1465291278980
2564802906756
1486430553480
2585942181256
1813166590596
1826068269700
2925579897476
1551190362760
1482471130436
1538220509512
2637732137288
1469585181316
2569096809092
2581981710980
2586277725512
1469585181320
2569096809096
2586277743240
2856860682888
1830363499144
1465291278984
2564802906760
1740169185928
2839680813704
1486430225796
2585941853572
1830077236804
2929588864580
2929589847624
2843640169860
1464938956104
2564450583880
1830363497864
2929875125640
1830345394756
1808536061252
2908047689028
1830093948552
2929605576328
1812898416964
1469250422152
2568762049928
1744128329096
2843639956872
1482184607304
2581696235080
1486766099076
2586277726852
2564517628228
1465006000452
2908063417732
1538237499780
2637749127556
1538019198532
2637530826308
1465273453124
2581697562184
1550905411144
2650417038920
1825731921288
2564784818820
1486697612932
2586209240708
1486412399940
2585924027716
2633168667972
2564449191236
1825783302788
1486412399944
2637799443012
1486697612936
1808534947144
2908046574920
2929856957000
2929522787652
1830011159876
1744463874692
2843975502468
1465291213448
2564802841224
1761375586888
2860887214664
1830027871624
2929539499400
1486766099080
2586277726856
1555417172360
2654928800136
1830295079304
1482118497604
2581630125380
1464937581188
1812897105480
2912408733256
1744464087684
2843975715460
1551173780804
1537953121604
2637464749380
1812831028548
2912342656324
1808535291204
1482202384004
2581714011780
2929522787656
1486496548484
2586008176260
1469502359876
2569013987652
2637547783816
2586008176264
1744111749768
2843623377544
1739816584516
2839328212292
1744111551812
2843623179588
1812831028552
1744111551816
2843623179592
2654728767112
1486413710660
2585925338436
2929875126920
2929588537668
1486412465480
2585924093256
1486764787016
2586276414792
1830345393540
2929857021316
1761575585160
1812831028612
2564467295620
1739833574788
2839345202564
1486430504324
2585942132100
1469299918404
2568811546180
1761357694532
2860869322308
1486413710664
2568811546184
1482184820296
2581696448072
1486429259140
1555148735876
2654660363652
1808551806340
2908063434116
1808551806344
2908063434120
1744463891076
1813183546696
2912695174472
1830363415880
2929875043656
1808534947140
2908046574916
1813183564420
2912695192196
1830363433604
2929875061380
2564802841220
1465289886340
2564801514116
2929875061384
1465273125444
2564784753220
1469568092740
2569079720516
2569079720520
1486747961928
2586259589704
2654643766596
1555132138820
2929857022532
1486748011080
2586259638856
1533926852936
2633438480712
1486749321796
2586260949572
1808870509188
2908382136964
1486747961992
2586259589768
1830346705544
2929858333320
1825731921284
1830362188420
2929873816196
2856860404360
1830362188424
2908398979720
1813182319240
2912693947016
2585925420360
1830026626436
2929538254212
1757012444548
2585924093252
1486412465476
1757012444552
1465021777540
2564533405316
1808551740808
2908063368584
1808536275528
2908047903304
1830362172040
2929873799816
2564467361156
1739833640324
2839345268100
1808553117060
2908064744836
1808535029064
2908046656840
1486413530436
2585925158212
1533658170692
2633169798468
1486429177220
