296706458900
301085639976
296724285720
571602192664
313904154904
588782061848
301019253016
575897159960
318199122200
593077029144
296992721176
571870628120
313903449364
588781356308
296723580180
313887656212
588765563156
301002754324
575880661268
318182623508
593060530452
571601487124
301355141668
576233048612
296724301352
571602208296
313904170536
588782077480
301019268648
575897175592
318199137832
593077044776
296992736808
571870643752
296723515928
571601422872
313903385112
588781292056
301018483224
575896390168
318198352408
593076259352
296991951384
571869858328
296706721300
571584628244
313886590484
588764497428
301001688596
575879595540
318181557780
593059464724
318517889304
318266493220
593144400164
593395796248
318265198872
593143105816
314222938392
297060091416
571937998360
314239960600
589117867544
301355058712
576232965656
318534927896
593412834840
588831410472
314172851492
589050758436
588848384548
297060091156
571937998100
314239960340
589117867284
593077094952
314239781416
589117688360
593126591016
314171622948
589049529892
301286721060
576164628004
318466590244
593344497188
314155829796
589033736740
301270927908
576148834852
318450797092
593328704036
301085313320
589116638740
297042068772
571919975716
314221937956
589099844900
576215943700
301338036756
318517905940
593395812884
296706524452
571584431396
296976271656
571854178600
314156140840
301287770648
576165677592
589034047784
301271238952
576149145896
318451108136
593329015080
297043380504
571921287448
314223249688
589101156632
301338347800
576216254744
318518216984
593396123928
301068618280
575946525224
318182671636
593060578580
296791475496
571669382440
318249519636
593127426580
297043118612
571921025556
314222987796
589100894740
296774683156
571652590100
575880448532
301002541588
313903450408
588781357352
301018548520
575896455464
318198417704
593076324648
296790690072
571668597016
313970559256
588848466200
301085657368
575963564312
318265526552
593143433496
296724285732
571602192676
313904154916
588782061860
301019253028
575897159972
318199122212
593077029156
296992721188
571870628132
296974959912
571852866856
314154829096
318535009576
296774616616
571652523560
588764498472
318517955108
593395862052
301001689640
575879596584
318249797156
593127704100
318265264676
593143171620
314171540776
589049447720
301068798488
575946705432
318248667672
593126574616
318534731304
593412638248
318266247720
593144154664
576148818216
576164611368
296707574296
296723515940
571601422884
313903385124
588781292068
301018483236
575896390180
318198352420
593076259364
296991951396
571869858340
575896127784
314238993960
589116900904
314223200808
589101107752
296976288020
571854194964
314156157204
589034064148
314222217492
589100124436
314171885844
589049792788
571585759508
313887721748
313953700116
588831607060
297042019624
571919926568
314221888808
589099795752
301336986920
576214893864
318516856104
593394763048
296706803992
296791460388
296975959572
571853866516
571669367332
313971329572
588849236516
301086427684
575964334628
318266296868
593144203812
297060108836
571938015780
301286655528
576164562472
318249452820
296991738136
571869645080
296976270616
571854177560
314156139800
589034046744
301271237912
576149144856
318451107096
593329014040
297043396136
571921303080
314223265320
589101172264
296706804004
571584710948
313886673188
588764580132
301001771300
575879678244
318181640484
593059547428
296975239460
571853146404
296706804008
571584710952
313886673192
588764580136
301001771304
575879678248
318181640488
571601487128
313903449368
588781356312
301018547480
575896454424
318198416664
593076323608
593411803432
588781290772
296991950100
593076258068
301018481940
575896388884
318198351124
571869857044
314171819284
589049726228
301286917396
297058863396
297043395876
571921302820
314223265060
589101172004
301338363172
576216270116
318518232356
593396139300
318248684068
593126591012
314156141092
589034048036
318518150696
593396057640
313971344932
588849251876
318265460264
593143367208
318533618216
593411525160
593345807656
571919911460
314221873700
589099780644
301336971812
576214878756
318516840996
593394747940
575964546344
575963301160
301069601064
575947508008
296723514648
571601421592
313903383832
588781290776
301018481944
575896388888
318198351128
593076258072
296991950104
571869857048
571870889256
296706721044
314172851496
296773846564
571651753508
313953715748
588831622692
301068813860
575946720804
318248683044
593126589988
297060091160
571937998104
314239960344
589117867288
301355058456
576232965400
318534927640
593412834584
296773913112
296707574308
571585481252
313887443492
588765350436
301002541604
575880448548
318182410788
593060317732
296976009764
571853916708
296991753768
571869660712
314171622952
589049529896
301286721064
297042069032
571919975976
576164628008
318466590248
593344497192
296975960616
571853867560
314155829800
297058862616
571936769560
314238731800
589116638744
301353829912
576231736856
318533699096
593411606040
297043069464
571920976408
314222938648
589100845592
301338036760
318467819816
593345726760
318449796632
593327703576
314239976744
589117883688
314171622692
589049529636
301286720804
576164627748
318466589988
593344496932
314155829540
589033736484
301270927652
576148834596
318450796836
593328703780
296707574312
318199383592
313970231844
588848138788
589050759464
593077290536
571585481256
313887443496
588765350440
301002541608
301338036500
576215943444
318517905684
593395812628
314239698472
589117605416
571937016360
589033998888
589032670756
301269861924
576147768868
318449731108
593327638052
301336971560
576214878504
296992721192
297042003476
318517953812
593395860756
301002540308
575880447252
318182409492
593060316436
313954551060
588832458004
301069649172
575947556116
301287687704
576165594648
296991738152
571869645096
296774616360
571652523304
313954485544
588832392488
313953781268
588831688212
593127359764
593344414996
314238649620
301019251988
575897158932
318199121172
593077028116
301068879380
593126311188
571651474708
313886591272
588764498216
301001689384
318534928664
593412835608
575879596328
318181558568
313886328088
588764235032
301001426200
575879333144
318181295384
593059202328
296974894360
571852801304
314154763544
589032670488
571651737880
313953700120
588831607064
301068798232
575946705176
318248667416
593126574360
301085313560
296791460392
296707573016
318265460004
593143366948
301354026276
576231933220
318533895460
593411802404
296790623524
571668530468
313970492708
588848399652
588782389780
318265181732
593143088676
588848449832
296774616356
571652523300
313954485540
588832392484
301270910244
576148817188
318450779428
593328686372
313971262756
296791393572
588765300248
318466591272
593344498216
301086640660
575964547604
318266509844
593144416788
301355076116
576232983060
318534945300
593412852244
296724564500
313886672408
588764579352
301001770520
301001426216
296791460132
296975959316
571669367076
313971329316
588849236260
301086427428
575964334372
318266296612
593144203556
296992737556
571870644500
296723514664
571601421608
313903383848
571652802840
588781290792
301018481960
575896388904
318198351144
593076258088
296991950120
297043395880
571921302824
314223265064
589101172008
301287770644
576165677588
318467639828
593345546772
296975157544
571853064488
301338348072
576216255016
301085657640
575963564584
296724564504
571602471448
313904433688
588782340632
301019531800
575897438744
318199400984
593077307928
296992999960
571870906904
297042004520
571919911464
314221873704
589099780648
576231737880
318450779416
593328686360
296773846568
571651753512
313953715752
588831622696
301068813864
575946720808
318248683048
593126589992
318199186984
593077093928
318534994468
593412901412
297042004260
571919911204
314221873444
589099780388
301336971556
576214878500
318516840740
593394747684
593394828836
318518232600
296791459352
571669366296
313971328536
588849235480
301086426648
575964333592
318266295832
593144202776
314155895332
589033802276
318517904936
593395811880
589100829224
297043380772
571921287716
318248682788
301068813604
575946720548
314223249956
589101156900
301338348068
576216255012
318518217252
301085313304
575963220248
314172671528
318182409508
593060316452
296976008484
571853915428
297043117348
571921024292
571652588836
296774681892
313954551076
588832458020
296706787604
571584694548
313886656788
588764563732
301001754900
575879661844
318181624084
593059531028
314222201108
589100108052
575896439060
318198401300
593076308244
296790690340
571668597284
313970559524
588848466468
296975960360
571853867304
571938081064
593328702744
297058862360
576231721508
571936769304
301018547476
575896454420
318198416660
593076323604
296992015636
571869922580
314171884820
589049791764
296706475288
571584382232
301001770532
575879677476
318181639716
593059546660
588849186084
297059845412
571937752356
301068551460
575946458404
318248420644
593126327588
314172867876
296706475304
571584382248
313886344488
588764251432
589032670760
301269861928
576147768872
318449731112
593327638056
297059895848
571937802792
318466591012
593344497956
297042003480
571919910424
301336970776
576214877720
318516839960
593394746904
296707573032
571585479976
313887442216
588765349160
301002540328
575880447272
318182409512
593060316456
593345481000
318248749352
571584694552
313886656792
588764563736
301001754904
575879661848
318181624088
593059531032
296975223064
571853130008
314155092248
296974894372
571852801316
314154763556
589032670500
301269861668
593127622952
296724564516
571602471460
313904433700
588782340644
301019531812
575897438756
318199400996
593077307940
296992999972
301336970516
576214877460
318516839700
593394746644
314156090920
589033997864
314171558440
589049465384
296991738404
571869645348
314171607588
296976270884
571854177828
314156140068
589034047012
301271238180
576149145124
318451107364
593329014308
301355124008
571936754196
314238716436
589116623380
301338347028
576216253972
318518216212
593396123156
301353814548
576231721492
301086640424
575964547368
588764252436
301001443604
575879350548
318181312788
593059219732
296974911764
571852818708
314154780948
589032687892
301269879060
301085379108
575963286052
301086689816
575964596760
571601487396
313903449636
588781356580
301018547748
575896454692
318198416932
593076323876
296724564520
571602471464
313904433704
588782340648
301019531816
575897438760
318199401000
593077307944
301085656596
575963563540
318265525780
296774896148
571652803092
313954765332
588832672276
593143432724
301069863444
575947770388
296975959320
571853866264
297043315240
571921222184
296790624808
571668531752
301354092052
576231998996
314171557396
589049464340
301069665812
575947572756
318249534996
593127441940
296706475544
571584382488
313886344728
588764251672
296992803352
313971541268
588849448212
313904432404
588782339348
301019530516
575897437460
318199399700
593077306644
318266508564
593144415508
589032687896
301269879064
318449748248
314222987560
589100894504
313954829608
588832736552
314239961636
589117868580
318466508328
314223199768
589101106712
589116574232
593344415272
301069666600
296992803092
571870710036
314172672276
589050579220
297060091428
571937998372
314239960612
589117867556
301355058724
576232965668
313954551336
588832458280
296724563224
571602470168
314155092260
589032999204
301270190372
576148097316
318450059556
593327966500
296773896484
571651803428
313953765668
588831672612
297042004264
296991737364
571869644308
314171606548
589049513492
571853851156
314155813396
589033720340
318450780692
593328687636
296975944212
313953782292
571869923860
593344760340
301002820116
575880727060
318182689300
593060596244
301271255572
576149162516
318451124756
297043380776
296773846312
571651753256
313953715496
588831622440
318248682792
593126589736
296723253780
571601160724
313903122964
296707786260
571585693204
313887655444
588765562388
588781029908
318198090260
593075997204
296706804248
313971328280
588849235224
301086426392
575964333336
318266295576
575879661864
318265247016
593143153960
318249453864
593127360808
296975223080
314155092264
296790690344
571668597288
297043380516
571921287460
314223249700
589101156644
296706804260
571584711204
313886673444
588764580388
301001771556
575879678500
314172590616
589050497560
296706804264
571584711208
313886673448
588764580392
301001771560
575879678504
318181640744
593059547688
575963302420
318265264660
593143171604
313970297364
588848204308
297058863636
571936770580
314238732820
593344498196
571869661716
296790690084
571668597028
313970559268
301085657380
575963564324
318265526564
313953438248
588831345192
301068552484
575946459428
318248421668
297042020644
571919927588
314221889828
589099796772
593327637800
296773831204
571651738148
313953700388
588831607332
301068798500
575946705444
318248667684
593126574628
297042003224
571919910168
314221872408
589099779352
318516839704
593394746648
301337314856
576215221800
296707851796
314223265300
589101172244
593329030676
571585758740
313887720980
588765627924
301002819092
296723319320
571601226264
313903188504
588781095448
301018286616
314156140072
589034047016
301271238184
576149145128
318451107368
593329014312
318467818776
593345725720
297058847256
571936754200
314238716440
297043379736
571921286680
314223248920
589101155864
301338347032
576216253976
301086639396
575964546340
318266508580
593144415524
301355074852
576232981796
593412850980
296724563236
571602470180
318181312808
593059219752
296974911784
571852818728
314154780968
296723580456
313903449640
588781356584
301018547752
575896454696
318533961252
593411868196
318518168100
593396075044
301002754600
575880661544
318182623784
314171607332
589049514276
301286705444
296976270628
571854177572
314156139812
589034046756
301271237924
576149144868
318451107108
593329014052
296790689304
571668596248
301085656600
575963563544
296774896152
571652803096
313954765336
593411524904
296707851800
571585758744
297058846996
571936753940
314238716180
314223248660
589101155604
301338346772
576216253716
318518215956
593396122900
593143366952
296724563240
571602470184
313904432424
588782339368
301019530536
575897437480
318199399720
593077306664
296992998696
575963563284
301085656340
318265525524
593143432468
588832672020
301354878248
576232785192
301286983976
576164890920
301286705704
576164612648
314172672280
589050579224
301287770392
576165677336
318467639576
593345546520
314239960616
589117867560
301355058728
297058862632
571936769576
296991737368
571869644312
314171606552
589049513496
301286704664
576164611608
318466573848
593344480792
314155813400
589033720344
301270911512
576148818456
318450780696
301354796564
576232703508
318534665748
593412572692
301336970772
296790345236
571668252180
576232965412
571937998116
297060091172
318450797080
593328704024
301001426456
575879333400
318181295640
593059202584
296974894616
571852801560
314154763800
589032670744
301269861912
576147768856
318265510440
593143417384
575896128024
318198090264
593075997208
313887655448
588765562392
296723319332
571601226276
313903188516
588781095460
301018286628
575896193572
318198155812
593076062756
296991754788
571869661732
314171606292
589049513236
301286704404
576148818196
576164611348
318466573588
593344480532
297058862628
571936769572
314238731812
297043069476
571920976420
314222938660
589117688104
296706459172
571584366116
313886328356
588764235300
301001426468
575879333412
318181295652
593059202596
296974894628
571852801572
301353765160
571585743124
313887705364
588765612308
301002803476
575880710420
318182672660
593060579604
296976271636
571854178580
297043380520
571921287464
575896127764
588781029652
296706459176
313887655188
588765562132
318182622484
593060529428
301353814552
576231721496
301069863448
575947770392
571854129428
314156091668
589033998612
301338102036
576216008980
318517971220
593395878164
314238929172
589116836116
588832409876
296706476312
571584383256
296707851812
571585758756
313887720996
588765627940
296706476324
571584383268
313886345508
588764252452
301001443620
575879350564
318181312804
593059219748
296974911780
571852818724
313886345512
588764252456
301019597332
575897504276
318199466516
593077373460
296707836184
571585743128
313887705368
588765612312
301002803480
575880710424
318182672664
593060579608
296976271640
571854178584
589116638484
301353829652
576231736596
318533698836
593411605780
588848203028
301085394196
575963301140
296790426900
571668333844
314240026920
589117933864
314221954344
589099861288
296707851816
571585758760
589116835364
313953520152
588831427096
588765627944
301002819112
575880726056
318182688296
576233047336
589100893736
589116557864
301068798244
575946705188
576164612388
576165923096
313971590696
301269943576
576147850520
588849497640
588832410152
314155828772
301270926884
576148833828
318450796068
593328703012
301287688488
576165595432
318517904916
313887394068
588765301012
318182361364
593060268308
296975960340
571853867284
296723318040
571601224984
301270141460
576148048404
318450010644
593327917588
314156139816
589034046760
301271237928
576149144872
318451107112
593329014056
297059845416
571937752360
314238667304
297058847000
571936753944
314238716184
297043379480
571921286424
314223248664
589101155608
301338346776
576216253720
318518215960
593396122904
571869907480
301355141672
576233048616
296723580200
571601487144
313903449384
588781356328
301018547496
575896454440
318198416680
593076323624
318265510180
593143417124
318467573016
593345479960
314172934676
589050841620
297042086420
571919993364
296774634004
571652540948
313954503188
301286722068
301019531796
575897438740
296790689048
571668595992
296774895896
296706476580
571584383524
313886345764
588764252708
301001443876
575879350820
318181313060
593059220004
296974912036
571852818980
296707524888
571585431832
313887394072
314155877672
589033784616
301068797464
575946704408
318248666648
593126573592
593127687464
593143154984
313970477608
588848384552
575879595300
318181557540
593059464484
296706721060
318518151464
296707836196
571585743140
313887705380
588765612324
301002803492
575880710436
318182672676
593060579620
296976271652
313953699092
588831606036
301068797204
575946704148
318248666388
593126573332
296791459364
571669366308
313971328548
588849235492
301086426660
575964333604
318266295844
593144202788
296774944040
571652850984
296790411560
571668318504
301270992424
576148899368
296991737112
296790673940
571668580884
313970543124
588848450068
301085641236
575963548180
318265510420
593143417364
571869644056
296975943960
571853850904
314155813144
297043069480
571920976424
318182671640
593060578584
318198139160
593076046104
296707836200
571585743144
313887705384
588765612328
301002803496
575880710440
318182672680
588781029656
301018220824
575896127768
313887655192
571869660452
296723318052
571601224996
313903187236
588781094180
301018285348
575896192292
318198154532
593076061476
296991753508
297058862372
571936769316
314238731556
589116638500
301353829668
576231736612
318533698852
593411605796
297043069220
571920976164
314222938404
589100845348
301338036516
318517955112
593395862056
318249797160
593127704104
318265264680
593143171624
296992803348
571870710292
314172672532
589050579476
296791476756
571669383700
313971345940
588849252884
301086444052
575964350996
588831671848
297042003492
571919910436
314221872676
589099779620
301336970788
576214877732
318516839972
593394746916
296707524900
571585431844
313887394084
588765301028
301002492196
318182361380
593060268324
296975960356
571853867300
296723318056
571601225000
313903187240
301338101272
576216008216
296774681876
571652588820
296992785684
571870692628
297043117332
571921024276
314222986516
589100893460
301338084628
576215991572
593126376724
296724367896
571602274840
296773830952
571651737896
313953700136
588831607080
301002738196
575880645140
318182607380
593060514324
313887640084
588765547028
296706524440
571584431384
313886393624
588764300568
297060108840
571938015784
297043068440
571920975384
314222937624
589100844568
301338035736
576215942680
318517904920
593395811864
296707524904
571585431848
588765301032
301002492200
575880399144
318182361384
593060268328
318451058212
593328965156
318466525732
593344432676
318467836440
593345743384
301354861860
576232768804
318534731044
593412637988
296707573028
571585479972
313887442212
588765349156
301002540324
575880447268
296975959332
571853866276
314155828516
589033735460
301270926628
576148833572
318199188008
588832475684
296706524456
571584431400
313886393640
588764300584
301001491752
575879398696
318181360936
593059267880
297043068180
571920975124
314222937364
589100844308
301338035476
576215942420
318517904660
593395811604
589050758696
296975173908
571853080852
314155043092
589032950036
301270141204
576148048148
318450010388
593327917332
296790623508
571668530452
296992803364
571870710308
314172672548
589050579492
301287770660
576165677604
318467639844
593345546788
297059912212
571937819156
314239781396
589117688340
301354879508
576232786452
318534748692
593412655636
301068618024
575946524968
314222987816
576216189476
301085592100
575963499044
576232965672
318265264420
593143171364
301068797208
575946704152
318248666392
593126573336
593411541524
318534731048
593412637992
296791459368
571669366312
313971328552
588849235496
301086426664
575964333608
318266295848
593144202792
301018532392
575896439336
314238993704
589116900648
314223200552
589101107496
313970543128
588848450072
318265510424
593143417368
314223249944
589101156888
296724367908
571602274852
313904237092
301338101012
576216007956
588782144036
301019335204
575897242148
318199204388
593077111332
576231982376
296791459108
571669366052
313971328292
588849235236
301086426404
575964333348
318266295588
593144202532
313954764328
588832671272
301286982936
576164889880
588848138792
301269928468
296790673684
571668580628
313970542868
588848449812
301085640980
575963547924
301286655272
576164562216
297058862376
301069600040
296992802324
571870709268
314172671508
589050578452
575963498792
301002753560
575880660504
296724367912
571602274856
313904237096
588782144040
296992803368
571870710312
297042003496
571919910440
314221872680
589099779624
301336970792
576214877736
318516839976
593394746920
313904498968
588782405912
318199466264
301086442772
575964349716
313971344660
318266311956
588849251604
318199203092
593077110036
318249716248
301336970532
576214877476
318516839716
593394746660
297042003236
571919910180
314221872420
589099779364
593127623192
314172917032
589050823976
588781340184
301018531352
575896438296
318198400536
313887640088
588765547032
301002738200
575880645144
318182607384
593060514328
593059465768
297058847268
571936754212
314238716452
297043379748
314223248932
589101155876
318518216228
593396123172
589100041768
296724366616
571602273560
313904235800
588782142744
301019333912
575897240856
318199203096
593077110040
296992802072
571870709016
296707770644
571668596260
313970558500
588848465444
301085656612
575963563556
318265525796
593143432740
296774896164
571652803108
313954765348
588832672292
296773585192
571651492136
297043068184
571920975128
571936949796
314222937368
589100844312
301338035480
576215942424
318517904664
593395811608
301288031784
576165938728
314172672552
589050579496
301287770664
576165677608
318467639848
593345546792
318449796376
593327703320
297059912216
571937819160
314239781400
589117688344
301354879512
576232786456
318534748696
593412655640
314239698216
589117605160
314172672292
589050579236
301287770404
576165677348
318467639588
593345546532
318534994472
593412901416
593126574376
301354879252
576232786196
318534748436
593412655380
297059911956
571937818900
314239781140
589117688084
301287687448
576165594392
296991737380
571869644324
314171606564
589049513508
301286704676
576164611620
318466573860
593344480804
314155813412
589033720356
301270911524
314239699240
301353813524
576231720468
318533682708
593411589652
297058846228
571936753172
593395796500
314238715412
589116622356
297043053076
571920960020
314222922260
318517889556
301353829924
576231736868
301338036772
576215943716
301355140632
576233047576
301354812968
576232719912
296790362644
571668269588
296774895124
571652802068
313954764308
588832671252
301085329940
575963236884
593127638548
318198401320
593076308264
296790673688
571668580632
313970542872
588848449816
301085640984
575963547928
318265510168
593143417112
296724366628
571602273572
301019333924
575897240868
318199203108
593077110052
296992802084
571870709028
296992802328
571937032468
314238994708
589116901652
318466853140
593344760084
296723581204
571601488148
313903450388
318182689304
593060596248
588848383512
318450845224
313971608100
588849515044
593328752168
576147834152
575964530984
314172671252
589050578196
301287769364
576165676308
318467638548
593345545492
296992802068
571870709012
576149146152
296724366632
571602273576
313904235816
588782142760
318199203112
593077110056
296992802088
571870709032
301338347816
297042003240
296723581208
571601488152
313903450392
588781357336
301018548504
575896455448
318198417688
593076324632
296992016664
571869923608
296975943188
571853850132
313971263016
301354027544
576231934488
301069911592
575947818536
297058847272
571936754216
314238716456
314223248936
589101155880
301338347048
576216253992
318518216232
593396123176
593075996180
571870905896
318534994212
593412901156
318533699864
593411606808
588781339928
301018531096
575896438040
318198400280
593076307224
318517904680
593395811624
296790689320
571668596264
313970558504
588848465448
301085656616
296774896168
571652803112
313954765352
297058847012
571936753956
314238716196
589101155620
318518215972
593396122916
589116623140
301353814308
318266557988
593144464932
318249470488
593127377432
314172671272
589050578216
314222216728
589100123672
576216254760
575879416344
296790689060
571668596004
313970558244
588848465188
301085656356
575963563300
318265525540
593143432484
296774895908
571652802852
313954765092
588832672036
301069863204
589099796008
314172672296
589050579240
301068797476
575946704420
576165677352
297059895592
571937802536
297059911960
571937818904
314239781144
589117688088
301354879256
576232786200
318534748440
593412655384
571938014744
314171606568
589049513512
301286704680
576164611624
296975944232
571853851176
593395026200
297058846232
571936753176
314238715416
589116622360
301353813528
576231720472
297043053080
571920960024
314222922264
589100829208
301338020376
301337036308
576214943252
318516905492
593394812436
296791459348
571669366292
313971328532
588849235476
301086426644
575964333588
296723581220
571601488164
313903450404
588781357348
571601160744
313903122984
588781029928
301018221096
296706524696
318265444900
593143351844
571584431640
313886393880
301001491992
575879398936
318181361176
593059268120
593077093912
296991737124
571869644068
301286704420
576164611364
318466573604
593344480548
314155813156
589033720100
301270911268
576148818212
296774895128
571652802072
313954764312
588832671256
301069862424
575947769368
318249731608
593127638552
588781356568
589049514520
301353813268
576231720212
318533682452
297043052820
301338020116
576215927060
571920959764
314222922004
318517889300
593395796244
301085378852
575963285796
296706524708
571584431652
313886393892
588764300836
301001492004
575879398948
588765562148
296706524712
571584431656
313886393896
296723581224
571601488168
301086361896
296790362388
571668269332
301085329684
296774894868
571652801812
313954764052
588832670996
301069862164
575947769108
318249731348
593127638292
301338282536
301354075688
297059108136
571937015080
297043314984
571921221928
296790624552
571668531496
318466525736
301085592104
314172671256
593144482324
296791738900
571669645844
301086706196
575964613140
318266575380
589050578200
576165676312
313953699348
588831606292
301068797460
575946704404
318248666644
593126573588
297042265620
571920172564
296790346280
571668253224
318451042584
593328949528
593144153368
318466508072
589116573976
314155812376
589033719320
301270910488
576148817432
318450779672
593328686616
593344415016
318533961256
593411868200
318518168104
571601159704
313903121944
588781028888
301018220056
575896127000
318198089240
314155025944
589032932888
301270124056
576148031000
318449993240
593327900184
296773830168
571651737112
313953699352
588831606296
593127377192
297043068452
571920975396
314222937636
589100844580
301338035748
576215942692
318517904932
593395811876
301085574440
575963481384
297058847016
297042283028
314222152212
589100059156
297043379496
571921286440
314223248680
589101155624
301338346792
571870693908
296992786964
313903121684
588781028628
318198088980
593075995924
589050563092
588831689240
301069665832
575947572776
296790689064
571668596008
313970558248
588848465192
296774895912
571652802856
313954765096
296724629012
571602535956
313904498196
589049514260
593059285272
313953699368
588831606312
318248666664
593126573608
318451108388
593329015332
318449814040
318266312228
593144219172
593327720984
313953437992
588831344936
318467884584
589101172260
314238732836
589116639780
593345791528
576216205608
576231998760
296773829924
571651736868
313953699108
588831606052
301068797220
575946704164
314239715880
589117622824
296790673956
593327916564
296975173140
571668580900
301085641252
575963548196
318265510436
593143417380
301287705112
576165612056
301068880408
575946787352
297058845976
571936752920
314238715160
589116622104
318533682456
593411589400
297043052824
571920959768
301338020120
301337036328
576214943272
314155025956
589032932900
301270124068
576148031012
318449993252
593327900196
571601160488
576232720920
313903122728
313887655208
588765562152
301002753320
575880660264
318182622504
593060529448
588781029672
318518167844
593396074788
296790362392
571668269336
313970231576
296774894872
571652801816
313954764056
588832671000
301069862168
575947769112
318249731352
593127638296
318534944040
588782405908
593077373204
296993065236
571870972180
318517889572
593395796516
593127638564
318265199140
593143106084
296791738904
571669645848
313971608088
588849515032
301086706200
575964613144
318266575384
593144482328
318534665768
593412572712
575879595560
318181557800
593059464744
296975156776
571853063720
314155025960
589032932904
301270124072
576148031016
318449993256
313954814504
314238928424
589116835368
588832721448
296724629784
571602536728
296791738644
571669645588
313971607828
588849514772
301086705940
575964612884
318266575124
593144482068
571936769320
297043069224
571920976168
296791722532
571669629476
296790672916
571668579860
301085640212
575963547156
296774879764
571652786708
313954748948
297043068456
571920975400
296975174184
571853081128
314155043368
301270141480
576148048424
318450010664
593327917608
318450796824
593328703768
314222152216
589100059160
318517119512
593395026456
314172656152
589050563096
301287754264
576165661208
571920975140
314222937380
589100844324
297043068196
318182360600
593060267544
318450010404
593327917348
314154781208
589032688152
296724629016
571602535960
313904498200
588782405144
318199465496
297042282772
571920189716
314222151956
589100058900
296992786708
571870693652
314172655892
589050562836
297059912228
571937819172
314239781412
589117688356
318534748708
593412655652
576231721240
301069863192
575947770136
301270124840
576148031784
575963235624
593327966744
593395861016
296773829928
571651736872
313953699112
588831606056
318248666408
593126573352
296723237396
571601144340
313903106580
313887639060
588765546004
575880644116
318182606356
593060513300
588781013524
301269928472
318266231316
593144138260
296724629796
571602536740
313904498980
588782405924
301019597092
575897504036
593077373220
296993065252
571870972196
593327916568
588848450088
318450862628
593328769572
313971590440
588849497384
301018204692
575896111636
318198073876
593075980820
301286640148
576164547092
301085313556
575963220500
296975172884
571853079828
314155042068
589032949012
296790673700
571668580644
296992802340
571870709284
314172671524
589050578468
301287769636
576165676580
318467638820
593345545764
296724629800
571602536744
313904498984
588782405928
301019597096
575897504040
318199466280
593077373224
593412654612
297059911188
571937818132
314239780372
301355141416
576233048360
314221939240
297059830312
571853867288
301354863144
576232770088
301271172628
576149079572
318451041812
593328948756
301338281492
576216188436
318518150676
593396057620
296723237400
571601144344
313903106584
588781013528
301018204696
297059125800
571937032744
296791738648
571669645592
313971607832
588849514776
301086705944
575964612888
318266575128
593144482072
296723564072
571601471016
313903433256
588781340200
301018531368
575896438312
318198400552
593076307496
575880645160
318182607400
593060514344
313970542104
588848449048
318265509400
593143416344
296774879768
571652786712
313954748952
588832655896
301069847064
318451058216
593328965160
296707769880
571585676824
313887639064
588765546008
301002737176
575880644120
318182606360
593060513304
301286705448
296723563812
571601470756
313903432996
588781339940
301018531108
575896438052
318198400292
593076307236
301086624040
296790672660
571668579604
575947753748
318249715988
593127622932
296774879508
571652786452
313954748692
297043068200
296975173928
571853080872
301287966244
576165873188
314155043112
589032950056
301270141224
576148048168
318450010408
301069863464
314222151960
589100058904
296791476772
571669383716
301068618260
575946525204
318248487444
593126394388
296773650964
571651557908
313953520148
588831427092
593395090964
313904497944
588782404888
318199465240
593077372184
318249796904
593127703848
318517954856
318265264424
593143171368
314239781156
589117688100
301354879268
576232786212
318534748452
593412655396
318516856356
318518167064
593396074008
314222217512
589100124456
318249518632
593127425576
575896111640
318198073880
593075980824
296723237412
571601144356
313903106596
588781013540
301018204708
575896111652
318198073892
593075980836
593127441704
297058846244
571936753188
314238715428
589116622372
301353813540
576231720484
318533682724
593411589668
297043053092
571920960036
314222922276
589100829220
301338020388
314172605992
589050512936
296790362660
575880643860
318182606100
593060513044
296707769620
571585676564
296774895140
571652802084
313954764324
588832671268
301069862436
575947769380
318249731620
301019515432
296976205348
571854112292
576148047128
318450009368
593327916312
593077357076
571602520596
313904482836
296706541076
571584448020
313886410260
588764317204
301001508372
575879415316
296791672360
571669579304
318467836184
593345743128
297059911192
571937818136
314239780376
589117687320
301354878488
576232785432
318534747672
593412654616
296992016920
571869923864
314171886104
589049793048
301286984216
576164891160
318466853400
593344760344
593395074344
318199187752
593077094696
318248683816
593126590760
575963219220
301353747732
571668251924
296790344980
576231654676
318533616916
593411523860
297058780436
571936687380
318467557912
593345464856
313971344680
314172671268
589050578212
301287769380
576165676324
318467638564
593345545508
588849251624
296707769896
571585676840
313887639080
588765546024
301002737192
575880644136
318182606376
593060513320
296976205352
301354878228
576232785172
297059910932
571937817876
314239780116
589117687060
318534747412
593412654356
301270910500
576148817444
593328686628
301355058472
576232965416
297043052052
571920958996
318517888532
593395795476
296723236120
571601143064
313903105304
588781012248
318198072600
314155026964
589032933908
301270125076
576148032020
318449994260
301069846052
575947752996
301085313572
575963220516
575964596504
296790361620
571668268564
301085328916
575963235860
318265198100
593143105044
571651475732
313953437972
588831344916
296723237140
571601144084
313903106324
296991672596
571869579540
314171541780
589049448724
588781339944
301018531112
575896438056
318198400296
571585677608
297059042856
313886329112
301001427224
575879334168
318181296408
593059203352
296974895384
296790672664
571668579608
313970541848
588848448792
301085639960
575963546904
318265509144
593143416088
296774879512
571652786456
301069846808
593076307240
318182607144
593060514088
313886411304
318466770456
593344677400
588764318248
301001509416
575879416360
318181378600
593059285544
314222922024
589100828968
314154764580
589032671524
301269862692
576147769636
318449731876
593327638820
296773568804
571651475748
313953437988
588831344932
588848187928
575964268840
301001427240
575879334184
296974895400
571852802344
589049465128
313954485800
588832392744
301286704408
576164611352
301270911256
576148818200
301002753304
575880660248
297059911976
571937818920
314239781160
296773650708
571651557652
313953519892
588831426836
301068618004
575946524948
318248487188
593126394132
301353829928
576231736872
318248732948
593126639892
297058846248
571936753192
301353813544
576231720488
318533682728
593411589672
297043053096
571920960040
296773633556
571651540500
313953502740
588831409684
296706524692
571584431636
313886393876
588764300820
301001491988
575879398932
318198073624
593075980568
296790362664
571668269608
314171540772
313903105316
588781012260
318198072612
593075979556
301353813284
576231720228
318533682468
593411589412
297043052836
571920959780
314222922020
589100828964
301338020132
576215927076
318517889316
593395796260
318534683172
571669301780
313971264020
588849170964
297059830292
571937737236
296724285972
571602192916
301019253268
575897160212
318199122452
296974960152
571852867096
314154829336
296790362404
571668269348
313970231588
301069862180
575947769124
318249731364
593127638308
588848138532
301085329700
575963236644
588849515048
593412655656
296723236136
571601143080
313903105320
588781012264
301018203432
575896110376
318198072616
593075979560
296991671592
571869578536
301288031528
296724613396
571602520340
588782389524
313886410004
588764316948
301001508116
575879415060
297059910936
571937817880
314239780120
589117687064
301354878232
576232785176
318534747416
593412654360
314171885848
589049792792
301286983960
576164890904
318466853144
593344760088
296724285976
571602192920
313904155160
588782062104
301019253272
575897160216
313954813204
297043052056
571920959000
314222921240
589100828184
301338019352
576215926296
318517888536
593395795480
318534994216
593412901160
318533895716
593411802660
314155812132
589033719076
296975942948
571853849892
296790361624
571668268568
313970230808
588848137752
575963235864
318265198104
593143105048
318266557992
593144464936
576215926036
318517888276
593395795220
297043051796
571920958740
314222920980
589100827924
301338019092
314155026708
589032933652
318449994004
593327900948
301270124820
576148031764
297042283044
571920189988
314222152228
576215943460
314172656164
589050563108
313903121700
588781028644
318198088996
593075995940
576215992852
318466770216
297059895828
571937802772
314239765012
589117671956
301085328660
575963235604
296790361364
571668268308
313970230548
318265197844
593143104788
301286967832
297042348564
571920255508
576164874776
318199465508
593077372452
576233032228
301286640168
571921238552
576164547112
296791737876
571669644820
313971607060
588849514004
296974960164
571852867108
301269927460
576147834404
318449796644
297058797096
571936704040
313953519896
588831426840
301068618008
575946524952
318450844968
593328751912
318182410776
593060317720
318265444904
593143351848
296724285988
571602192932
313904155172
588782062116
575897160228
318199122468
593077029412
296992721444
571870628388
588764300840
301001492008
575879398952
301270140452
576148047396
318450009636
593327916580
301069911336
297058845992
571936752936
571920188948
589100058132
297042282004
301353813288
576231720232
314172655124
589050562068
296992785940
571870692884
296976271892
571854178836
301353749016
576231655960
575963498008
318450861608
296724285992
571602192936
313904155176
588782062120
301019253288
575897160232
318199122472
593077029416
296790362408
571668269352
296774894888
571652801832
313954764072
588832671016
301069862184
575947769128
318249731368
593127638312
318199138836
313904171540
588782078484
318249470232
593127377176
296791738920
571669645864
593059284248
313971608104
301086360852
575964267796
318266230036
593144136980
296992720148
571870627092
314172589332
589050496276
301287687444
576165594388
314239961384
589117868328
318517185064
593395092008
301018482196
575896389140
318198351380
593076258324
301286917652
576164824596
318466786836
593344693780
314238928404
589116835348
296791738660
571669645604
313971607844
588849514788
301086705956
576164546852
297043331348
571921238292
576165857560
313971525160
588849432104
576233032216
296724284696
571602191640
313904153880
588782060824
301019251992
575897158936
318199121176
593077028120
296992720152
571870627096
296790672932
571668579876
313970542116
588848449060
301085640228
575963547172
296774879780
571652786724
313954748964
588832655908
301069847076
296791459112
571669366056
297043051800
571920958744
314222920984
301338019096
576215926040
318517888280
593395795224
301355076136
576232983080
296723514904
571601421848
301018482200
575896389144
318198351384
593076258328
296991950360
571869857304
576214959640
301018219816
575896126760
318198089000
593075995944
593126589720
297059895832
571937802776
296790361368
571668268312
588848137496
301085328664
575963235608
593143104792
314171607320
589049514264
318534748456
593412655400
318199465512
593077372456
297042282788
571920189732
314222151972
589100058916
301337250084
576215157028
318517119268
593395026212
318249536036
314172655908
589050562852
301287754020
576165660964
296791737880
571669644824
313971607064
588849514008
301086705176
575964612120
318266574360
593144481304
593329015336
318266312232
593144219176
318534732052
593412638996
297059895572
571937802516
314239764756
589117671700
593345727016
296791737620
571669644564
313971606804
588849513748
301086704916
301288016420
576165923364
301271254552
576149161496
301286722072
576164629016
571652785448
301270926888
576148833832
318265182740
593143089684
296790346260
571668253204
593395861012
301338084884
576215991828
318517954068
314155877908
589033784852
588765349396
296774682132
571853080104
301270140456
576148047400
318450009640
593327916584
318467900948
593345807892
571669300516
589117605156
301287687460
576165594404
589050496292
576231917844
301270911508
576148818452
296790608148
571668515092
313970477332
588848384276
301085575444
296791394836
318516906532
318248748580
593126655524
593394813476
318265526808
593143433752
301001427480
575879334424
318181296664
318450009380
593327916324
593059203608
318517889576
593395796520
593412835624
318249731624
313904171544
588782078488
301019269656
296707573272
296723514916
571601421860
313903384100
297042281748
571920188692
301337249044
576215155988
297059911204
571937818148
314239780388
589117687332
301354878500
576232785444
314222152232
314171886116
589049793060
318466853412
593344760356
593396075048
318181296676
593059203620
296974895652
571852802596
314154764836
589032671780
301269862948
576147769892
318449732132
593327639076
296724284712
571602191656
318533962260
593411869204
314238994964
589116901908
297059125780
571937032724
296723499288
571601406232
301018466584
575896373528
296724302100
571602209044
313904171284
588782078228
575897176340
318199138580
593077045524
296723514920
571601421864
313971607848
588849514792
318266575144
593144482088
296723236372
571601143316
313903105556
588781012500
318198072852
593075979796
296791722536
571669629480
313903170836
588781077780
314238732580
589116639524
318265509416
296774879784
571652786728
314239715624
589117622568
314239765016
589117671960
318517102120
593395009064
313970296356
588848203300
588832410148
589117950248
296774879524
571652786468
313954748708
588832655652
301069846820
575947753764
318249716004
593127622948
301287704856
576165611800
301337036072
576214943016
301068552488
575946459432
589100058920
593395026216
318466852372
593344759316
318451059220
593328966164
296706525460
571584432404
588764301588
296773650980
571651557924
296976009512
571853916456
297059895576
571937802520
314239764760
589117671704
301354862872
576232769816
296707573284
571585480228
313887442468
301002540580
575880447524
318182409764
593060316708
296773896724
571651803668
313953765908
588831672852
301068864020
575946770964
318248733204
593126640148
318265198884
593143105828
296791737624
571669644568
313971606808
588849513752
301086704920
575964611864
318266574104
593144481048
318534665512
301287967256
589033800984
296723499300
571601406244
313903368484
588781275428
301018466596
575896373540
318198335780
593076242724
296723237416
571601144360
313903106600
588781013544
301018204712
575896111656
314172868116
589050775060
318198073896
593075980840
314238928168
589116835112
296790346264
571668253208
313970215448
313954747928
588832654872
301069846040
575947752984
318249715224
593127622168
588848400920
296707573288
571585480232
313887442472
588765349416
301002540584
575880447528
318182409768
313886657048
588764563992
318181624344
593059531288
296975223320
571853130264
314155092504
589032999448
593126312488
593077357096
314238649896
589116556840
575946508840
318182606116
571869596200
296791722276
571669629220
318265182484
593143089428
301085313300
575963220244
296790346004
571668252948
318249714964
593127621908
296975172904
571853079848
314155042088
589032949032
301270140200
576148047144
318450009384
593327916328
318199450148
593077357092
314239978024
301069929000
296791722516
301086689812
575964596756
318266558996
318248486420
593126393364
301068617236
575946524180
296773649940
571651556884
296974912020
571852818964
314154781204
589032688148
296773585428
571651492372
313953454612
588831361556
301068552724
296992016936
571869923880
314171886120
301019269400
575897176344
318199138584
593077045528
297059910948
571937817892
314239780132
589117687076
301354878244
576232785188
318534747428
593412654372
318266575396
593144482340
318265443864
593143350808
296992016676
571869923620
314171885860
589049792804
318466853156
593344760100
593144465704
301354092820
296791672340
571669579284
313971541524
588849448468
296724563476
301019530772
588764252696
301001443864
575879350808
318181313048
593059219992
593126393128
297043052068
571920959012
314222921252
589100828196
301338019364
576215926308
318517888548
296991688980
571869595924
593395795492
575947491608
301270125092
576148032036
318449994276
593327901220
571601143060
296723236116
318198072596
593075979540
296790361636
571668268580
313970230820
571919910184
301287966248
576165873192
301018269972
575896176916
318198139156
593076046100
301286705428
576164612372
318466574612
593344481556
296974960916
318181624356
593059531300
296774879528
313904481812
588782388756
314238977300
589116884244
314223184148
589101091092
313886394648
571669383720
296992015896
571869922840
314171885080
589049792024
301286983192
576164890136
318466852376
593344759320
314156091928
589033998872
318451059224
313954747924
588832654868
318517184024
593395090968
313886394660
588764301604
301001492772
575879399716
296974960932
571852867876
318534928936
593412835880
313886394664
588764301608
301001492776
575879399720
318181361960
593059268904
296974960936
571852867880
296706787880
571584694824
296773650724
571651557668
313953519908
588831426852
301068618020
575946524964
318248487204
593126394148
589033736744
301354862888
576232769832
301337298196
576215205140
318517167380
593395074324
301270189332
576148096276
296975156756
571853063700
576231671332
301355075096
576232982040
318266493480
589100845336
318248421924
297042020900
571919927844
296723237160
571601144104
313903106344
588781013288
301018204456
575896111400
318198073640
593075980584
296790346008
571668252952
313970215192
593127621912
318466525480
314239961364
589117868308
296724547860
571602454804
313904417044
588782323988
301019515156
575897422100
313904482856
588782389800
318451107352
593329014296
318466574872
593344481816
318198416920
593076323864
313954568488
588832475432
296791722520
571669629464
313971591704
588849498648
313953519128
588831426072
313904432676
588782339620
318199399972
593077306916
296992998948
571870905892
593328686376
575947752744
575963220264
296706476584
571584383528
296773568788
301354075432
296724547864
313971591444
588849498388
571602454808
313904417048
588782323992
301019515160
575897422104
318199384344
593077291288
297059910952
313953453332
588831360276
314154779924
589032686868
296706475284
571584382228
301269878036
576147784980
318449747220
593327654164
314171885864
589049792808
296724563496
571602470440
313904432680
588782339624
301019530792
575897437736
318199399976
593077306920
297043052072
571920959016
314222921256
589100828200
301338019368
576215926312
318517888552
593395795496
296975157800
571853064744
314155026984
589032933928
301270125096
576148032040
318449994280
593327901224
318533634328
593411541272
314222135832
589100042776
301337233944
318517103128
593395010072
593075979544
296790361640
571668268584
301085328936
301269878040
576147784984
318449747224
593327654168
296773584152
571651491096
313953453336
588831360280
301068551448
297043051812
571920958756
314222920996
589100827940
314172605736
589050512680
314172655128
589050562072
318467901992
297059895844
571937802788
314239765028
589117671972
301354863140
576232770084
318534732324
593412639268
301269928216
576147835160
593059530020
593395074340
301068862756
575946769700
318248731940
301337298212
576215205156
318517167396
593126638884
571651802404
313971607076
588849514020
575964612132
318266574372
593144481316
301286656296
297059830056
571937737000
296791672104
571669579048
296992015640
571869922584
314171884824
313887705620
588765612564
297043380756
301002803732
575880710676
318182672916
593060579860
589034048020
313953519912
588765366804
301002557972
575880464916
318182427156
593060334100
571669300776
318467557656
593345464600
313904417060
588782324004
301019515172
575897422116
318199384356
593077291300
296992983332
571870890276
318248405288
593126312232
318518232612
593396139556
318533700132
318534683176
593412590120
296707836440
571585743384
313887705624
588765612568
301002803736
575880710680
318182672920
296976271896
571854178840
301353829908
576231736852
318533699092
593411606036
314171622932
589049529876
314238731796
301270123796
576148030740
318449992980
593327899924
589032932628
297042282020
314222151204
589100058148
301337249316
576215156260
301287753252
576165660196
318467622436
593345529380
575964530968
296724547880
571602454824
313904417064
588782324008
301019515176
575897422120
296976008472
301354862100
576232769044
318534731284
593412638228
589032686884
301269878052
296706475300
571584382244
313886344484
588764251428
575879349540
318181311780
314171869716
589049776660
301286967828
576164874772
318466837012
593344743956
301018286632
575896193576
301086378516
575964285460
318266247700
296707525140
571585432084
313887394324
588765301268
301002492436
575880399380
318182361620
593060268564
318249470484
593127377428
296723318296
571601225240
313903187480
318466770200
593344677144
301270926616
296791722264
571669629208
313953518872
588831425816
588848187672
301269878056
576147785000
318449747240
593327654184
296773584168
571651491112
313953453352
588831360296
314221872660
589099779604
318467623460
593345530404
318517119524
593395026468
318249781800
593411802664
593127688744
571870628136
588765301272
301002492440
575880399384
318182361624
593060268568
296975960600
314172869160
589050776104
301353829672
576231736616
297043051816
571920958760
314222921000
589100827944
301338019112
576215926056
301355058452
576232965396
593412834580
313971524884
588849431828
575879595284
318181557524
301086689828
575964596772
301069927960
575947834904
301338085912
576215992856
296706721048
571584627992
313886590232
588764497176
301001688344
575879595288
296975156504
571853063448
314222135576
296707836452
571585743396
313887705636
588765612580
301002803748
575880710692
318182672932
593060579876
301068601876
575946508820
318248471060
593126378004
296790361384
571668268328
301085328680
301286901028
576164807972
318466770212
593344677156
301069845796
575947752740
318249714980
593127621924
296791737896
313971607080
588849514024
301086705192
575964612136
318266574376
593144481320
296706721064
571584628008
296790411540
301085378836
575963285780
318265248020
593143154964
588781078804
297059895588
571937802532
314239764772
589117671716
301354862884
576232769828
296707836456
318467819048
314223199780
589101106724
589116574244
314239978008
589117884952
576164612392
593345725992
296723318308
571601225252
313903187492
588781094436
301018285604
575896192548
318198154788
593076061732
296991753764
571869660708
593412850984
313971606820
588849513764
301086704932
575964611876
318266574116
301337249064
301271237908
576149144852
588832720148
301069911316
575947818260
318249780500
593127687444
296723302680
571601209624
313903171864
296790346276
296707590420
571585497364
313887459604
588765366548
301002557716
575880464660
318182426900
593060333844
296774878756
571652785700
313954747940
296707525156
313887394340
588765301284
318182361636
593060268580
296975960612
314222151208
589100058152
301337249320
576215156264
297059894808
571937801752
314239763992
589117670936
301354862104
576232769048
318534731288
593412638232
313887443476
588765350420
318533683732
296976009748
571853916692
314155878932
589033785876
301086427668
575964334612
296707835160
571585742104
318266557736
313904171560
588782078504
301019269672
575897176616
297042281764
589100057892
301337249060
576215156004
571870692644
314172654884
301287752996
576165659940
318467622180
593345529124
296791411224
571669318168
313971280408
588849187352
301086378520
575964285464
318266247704
593144154648
314155828760
589033735704
313887394344
588765301288
301002492456
314239763732
589117670676
301354861844
576232768788
318534731028
593412637972
571869907220
314171869460
589049776404
318466836756
593344743700
296773634596
571651541540
589049514532
297043118628
571921025572
313970280996
588848187940
301068601892
575946508836
318466574884
588782078244
301019269412
575897176356
589100894760
296773634600
571651541544
296974961192
571852868136
589099846184
314171607592
589049514536
575880448552
301269928488
296791410964
571669317908
588849187092
588765299988
593060267284
318182360340
313954501908
588832408852
301069600020
571651819028
314155828504
576148833560
576231721252
588848187684
318466574628
593344481572
318265248036
593143154980
313887393048
588765299992
313970280740
318533683492
593060578596
313954813220
588832720164
301069911332
318249780516
301353814312
576231721256
314171607336
589049514280
296773634324
571651541268
313953503508
588831410452
313903171880
588781078824
588832720168
576216253736
575947818280
313954813224
318249780520
318265182760
593143089704
588849431848
313904236052
588782142996
296791475732
571669382676
313971344916
588849251860
301086443028
575964349972
296774878500
571652785444
313954747684
588832654628
301002491172
575880398116
318182360356
593060267300
296774632740
571652539684
576215156008
296773847316
571651754260
318248683796
593126590740
571602209064
313904171304
588782078248
301019269416
575897176360
571920975144
301338035496
576215942440
314222937384
589100844328
588781077784
313953716504
588831623448
301068814616
575946721560
318248683800
593126590744
313886607640
593075979816
588764514584
301001705752
318199449124
296791721492
571669628436
313971590676
588849497620
301086688788
575964595732
318266557972
593144464916
318451059240
593328966184
589101107736
318518168088
593396075032
296724301080
571602208024
593077044504
313904220436
318199187732
593077094676
296791460116
571669367060
318534747684
593412654628
301086443044
575964349988
296791475748
571669382692
296723581460
571601488404
313903450644
588781357588
301018548756
575896455700
571602258200
313904220440
588782127384
318199187736
593077094680
296706738468
571584645412
301001705764
575879612708
318248683812
593126590756
589117687336
318534747688
593412654632
296992802344
571870709288
301287769640
576165676584
301086443048
575964349992
571937818152
571668597272
296790690328
301085657624
575963564568
575896455704
314222134804
314223183380
589101090324
296723498516
571601405460
313903367700
588781274644
301018465812
575896372756
318249715220
588782062100
313886590488
588764497432
301001688600
575879595544
593059464728
571853063704
314222134808
589100041752
301337232920
318466525720
318181574952
575896389908
318266559016
593144465960
593328965144
318248486440
593126393384
593059481896
313886607656
588764514600
301001491736
575879398680
301001688612
575879595556
318181557796
593059464740
296975156772
571853063716
313970476580
588848383524
593395009060
301354010148
318266492456
593144399400
314172851752
313970476584
571936949800
571854112296
301338281512
576216188456
297043314216
571921221160
313971591460
588849498404
318266558756
593144465700
571870693668
318534732068
593412639012
318199449128
593077356072
575963564580
296724612388
571602519332
576215222804
314239764776
589117671720
318534732072
593412639016
296791460136
571669367080
301086427432
296791721236
571669628180
313971590420
318518167832
313970559528
588848466472
318466853416
593344760360
318265526824
593143433768
318533962280
593411869224
301018548776
575896455720
318466852116
593344759060
314223200532
589101107476
318466852120
593344759064
301019253012
575897159956
318266247716
593144154660
318199122196
301286656280
576164563224
589049465112
318466525464
593344432408
318266558760
318248486184
296707589652
571585496596
313887458836
588765365780
301002556948
575880463892
318182426132
593060333076
297043331352
571921238296
314223200536
589101107480
296707787032
571585693976
313887656216
588765563160
301002754328
575880661272
314238913064
589116820008
301086688532
575964595476
318266557716
593144464660
318199448852
296993047828
571870954772
301288015124
576165922068
296991999252
296791721240
571669628184
313971590424
301086688536
575964595480
296991999256
571869906200
314171868440
589049775384
318248471076
301019268644
575897175588
593077044772
593076259348
318199448872
593077355816
296723515924
571601422868
313903385108
588781292052
301018483220
575896390164
296774944036
296706786596
571584693540
313886655780
588764562724
301001753892
575879660836
296791721252
571669628196
313971590436
301002802472
575880709416
318182671656
593060578600
593411851560
296706786600
571584693544
297059124516
571937031460
314238993700
589116900644
301354091812
576231998756
296707590696
571585497640
588765366824
301002557992
575880464936
593060334120
318198138392
593076045336
313971608084
588849515028
297060174356
571938081300
314240043540
589117950484
313904499220
588782406164
301355141652
576233048596
301338298660
576216205604
318249732388
297059124520
571937031464
296991950116
593127639332
318466852136
576233048600
318535010840
593412917784
576149096744
297043331368
571921238312
589033998632
301338298664
318451058984
593328965928
593127639336
571585496600
301002556952
575880463896
318182426136
593060333080
593060332820
313953503784
588831410728
588782406180
318199466532
593077373476
318467901988
593345808932
297060174372
571938081316
296791738916
301354092068
576231999012
593328949524
314238993956
589116900900
589101107748
575964284180
297042086164
571919993108
301337053460
576214960404
318516922644
593394829588
313886411028
588764317972
301001509140
575879416084
296723515668
571601422612
313903384852
588781291796
571921040680
575897504296
318199466536
593077373480
296993065512
571870972456
314240043560
589117950504
318535010856
593412917800
593395075604
296993064212
571870971156
314240042260
589117949204
318535009556
313886411032
318181378328
296974977304
571852884248
314154846488
589032753432
301269944600
576147851544
297042086168
571919993112
593412916504
314223199764
589101106708
576147851556
297042086180
571919993124
301337053476
576214960420
318516922660
593394829604
301001509156
575879416100
576216205864
575946508584
296724301096
571602208040
313904170280
588782077224
301019268392
575897175336
318199137576
593077044520
296993064228
571870971172
301288031524
576165938468
297060173092
588831426856
314221955368
589099862312
571938080036
318248487208
593126394152
296706541864
571584448808
301001509160
301286639124
576164546068
314171541012
589049447956
301353747988
576231654932
296773911828
571651818772
571870971176
301355140392
593412916520
318467900712
314240042280
314171868692
589049775636
318467884564
593345791508
296774944276
571652851220
296991671832
571869578776
297058780696
571936687640
314238649880
589116556824
576231654936
296791721496
571669628440
588849497624
318266557976
593144464920
314171868696
589049775640
588764562968
314239699220
589117606164
296791721508
571669628452
313971590692
588849497636
301086688804
575964595748
296706786852
571584693796
313886656036
588764562980
589117933096
301068863016
575946769960
296706786856
571584693800
301001754152
296991999528
589101106452
318535010836
593412917780
314238911764
589116818708
301002541592
575880448536
314171541028
589049447972
297058780708
571936687652
301353748004
576231654948
301270993172
576148900116
296774699284
571652606228
313954568468
296976025876
297043134740
571921041684
314223003924
589100910868
571601143336
301286639144
576164546088
296991671848
571869578792
314171541032
297058780712
571936687656
318198072872
296707590424
571585497368
313887459608
301002557720
575880464664
318182426904
593060333848
296976025880
571853932824
296707589668
571585496612
313887458852
588765365796
314238667032
301353765144
576231672088
296706804244
571584711188
313886673428
318249780504
593127687448
296976206372
571854113316
313887459620
296774699300
571652606244
313954568484
588832475428
301069666596
575947573540
318249535780
593127442724
296976025892
571921222164
296991687960
571869594904
301286655256
593144464680
314155895080
589033802024
318450862376
593328769320
297043134760
571921041704
314223003944
589100910888
301338102056
576216009000
575947573800
296707574040
589050496532
296724284948
571602191892
313904154132
588782061076
301019252244
575897159188
313971262996
588849169940
301086361108
571921303064
575897159192
318199121432
593077028376
296992720408
571870627352
296791393816
571669300760
313971263000
588849169944
301086361112
593077029160
318181640728
593059547672
318182425892
593060332836
296706803988
571584710932
588764580116
301085592088
575963499032
296724284964
571602191908
313904154148
588782061092
318199121444
593077028388
296791393828
571669300772
301086361124
575964268068
588781275668
301018466836
575896373780
296790608404
571668515348
301085575700
575963482644
296991934996
571869841940
314171804180
571936770324
296723515684
571601422628
313903384868
301018482980
575896389924
588848400660
301085591828
575963498772
296724284968
571602191912
313904154152
301019252264
575897159208
318199121448
593077028392
571937736232
296791393832
296774699304
296790608408
571668515352
313970477592
588848384536
301085575704
575963482648
318265444888
593143351832
571869841944
314171804184
301068600872
575946507816
301353765412
576231672356
575947490836
318182425896
588832408856
318248404244
296723499556
571601406500
313903368740
588781275684
301018466852
575896373796
593076242980
296991935012
571869841956
318518151444
593396058388
314172852500
589050759444
297042266388
571920173332
589100042516
314156075288
589033982232
301271173400
313886591256
588764498200
301001689368
575879596312
297043314968
296723499560
571601406504
318533880360
571669316904
313971279144
588849186088
301086377256
575964284200
318266246440
593144153384
296723515688
571601422632
314154846760
589032753704
318449814056
593327721000
301085591832
575963498776
576215140644
296706722084
571584629028
301001689380
575879596324
318181558564
593059465508
297043314980
297042266408
571920173352
296992983336
571870890280
593059465512
296706722088
301287950632
576165857576
314155026728
296790607124
313970476312
588848383256
301085574424
318265443608
593143350552
571869840664
297058798120
576231672360
297043330600
571921237544
301338297896
576216204840
571852883480
301269943832
571921237284
571938063892
575964268052
318266230292
593144137236
314155091476
589032998420
314222200340
589100107284
296773895700
571651802644
296706786836
301001754132
296991688232
301353764376
576231671320
318533633560
593411540504
593143350564
301354009892
576231916836
318533879076
593411786020
296723498276
571601405220
313903367460
588781274404
301018465572
318199384596
593077291540
318467820052
296975222296
593345726996
296724548116
571602455060
314155091480
589032998424
301270189592
296773895704
571651802648
571585480996
313887443236
588765350180
318182410532
593060317476
593344677160
296723498280
571601405224
313970476328
588848383272
301018465576
575896372520
318265443624
593143350568
296790607144
314221955352
589099862296
301337053464
576214960408
301355059736
576232966680
296724548120
571602455064
301019515416
575897422360
318199384600
593077291544
296974910996
571852817940
314154780180
589032687124
301269878292
576147785236
318449747476
593327654420
593126327828
296773584408
571651491352
588831360536
301068551704
575946458648
318248420888
301001442840
575879349784
296974911000
318533634344
301287705108
576165612052
318467574292
593345481236
301001754148
575879661092
296975222308
571853129252
296773895716
571651802660
313953764900
588831671844
301068863012
575946769956
589032752408
588831689236
318518216980
575964268056
318266230296
593144137240
575964531236
296724548132
571602455076
313904417316
588782324260
301019515428
575897422372
296992983588
571870890532
575879661096
318181623336
593059530280
296773895720
589101091364
301338282532
318518151716
593396058660
318248405268
593126312212
296706459924
318198335764
593076242708
571584366868
313886329108
588764236052
301001427220
575879334164
296790624804
571668531748
296991687976
571869594920
301287950888
296724548136
571602455080
301086624296
593144400424
314239961640
318199384616
576165857832
589032687140
301269878308
576147785252
318449747492
593327654436
296773584420
571651491364
301068551716
571584382500
301001442852
296706803220
571585481000
313887443240
588765350184
301002541352
575880448296
318182410536
571584710164
296724546836
571602453780
313904416020
588782322964
301019514132
575897421076
301086622996
575964529940
318266492180
593144399124
301269862680
576147769624
296706459928
571584366872
296706475560
593412916500
576233047316
571584382504
313886344744
588764251688
301001442856
575879349800
318181312040
593059218984
576164824356
296724546840
571602453784
576165856536
301019514136
575897421080
296791655704
571669562648
313971524888
296790623764
296791394600
571669301544
313971263784
588849170728
318266231080
593144138024
571668530708
313970492948
588848399892
297043315220
301286902292
576164809236
301354011156
576231918100
318533880340
296723499540
313903368724
318518151704
593396058648
297043315224
571921222168
314223184408
589101091352
301338282520
296723499544
571601406488
296991935000
593345481240
593127441960
301337233956
576215140900
318517103140
593395010084
318533880356
593411787300
593412835876
301086624292
318517103144
593395010088
318451042856
593328949800
576216189480
296976206376
571854113320
314156075560
296790411796
571668318740
589050513684
318249534756
593127441700
314172606740
301068536100
296706459940
571584366884
313886329124
588764236068
318181296420
593059203364
296974895396
571852802340
575946443044
313954813460
301069911572
575947818516
314223248916
589101155860
296723302936
571601209880
313903172120
588781079064
301018270232
318199121192
593077028136
575896177176
593395861780
301287949604
576165856548
588849431844
301086623012
575964529956
318266492196
593144399140
318516840744
593394747688
296773568808
571651475752
318265461288
593143368232
296707835416
571585742360
313887704600
588765611544
301002802712
575880709656
318182671896
593060578840
296976270872
571854177816
593059546648
301085591844
318265461028
593143367972
593394829860
589032737044
318266492200
593144399144
296724546856
571602453800
301019514152
575897421096
318199383336
593077290280
571920975380
589100844564
296774632980
318249469460
593127376404
301338035732
576215942676
571652539924
313954502164
593344416296
297043069208
318450796056
593328703000
593344481828
296723302948
318265248292
593143155236
301002491416
575880398360
589116623396
571601209892
571921220884
313970492692
588848399636
318265459988
593143366932
575964531240
296707835428
571585742372
313887704612
588765611556
318182671908
593060578852
296992737560
314172606744
589050513688
313970281000
588848187944
318265248296
593143155240
318249534760
571936752916
318198138132
593076045076
296991737108
571869644052
296790410516
571668317460
296723301652
571601208596
301018268948
296707835432
571585742376
313887704616
588765611560
301002802728
296976270888
571854177832
313954813480
571937016084
301288016148
576165923092
296975223060
571853130004
314155092244
589032999188
318198138136
593076045080
589100828948
575880382740
296975943956
571853850900
314155813140
314171606296
589049513240
318466573592
301355125016
576233031960
314240026904
589117933848
296723564824
313903434008
296707524132
571585431076
313887393316
588765300260
318182360612
593060267556
296975959588
571853866532
314221955624
589099862568
318265461032
301085591848
571853081108
314155043348
589032950292
575879612948
318181575188
593059482132
296706738708
571584645652
313886607892
588764514836
318199400980
593077307924
301086689572
575964596516
571937016100
318533945636
593411852580
296992000296
571869907240
314171869480
589049776424
318466836776
593344743720
314223249704
589101156648
576215927064
589033720088
318450780440
593328687384
313887393320
588765300264
301002491432
575880398376
318182360616
593060267560
296975959592
571853866536
301338035752
576215942696
301068879124
575946786068
296773847576
301068814872
575946721816
318248684056
593126591000
296706738712
571584645656
313886607896
318534666516
301337052696
314171606308
589049513252
313970279716
588848186660
314238715172
589116622116
296723301668
571601208612
296993048868
571870955812
314154845476
589032752420
593412901140
589117933844
318534732308
593412639252
314172656148
301019318804
575897225748
318199187988
301002475812
588832393508
296774617380
313903170856
593411589416
301085377832
588781077800
301286704424
318533682472
314171606312
589049513256
318266230308
593144137252
318533879060
593411786004
318199187992
301270141476
576148048420
318450010660
593327917604
301337250340
576215157284
296724351512
571602258456
313904220696
313953716772
296774617384
571652524328
296707508520
313887377704
588765284648
593395796264
301069584680
575947491624
576215927080
297043052840
313886607912
588764514856
301001706024
575879612968
318181575208
593059482152
318248684072
576215157288
296706738728
589117949476
318535009828
593412916772
593126589716
296706737428
301270140180
576148047124
318450009364
593327916308
571651753236
313953715476
318248682772
575897438484
296724564244
571602471188
313904433428
588782340372
301019531540
588764513560
318181573912
593059480856
296975172888
571853079832
314155042072
589032949016
301270140184
313953782296
318449812776
593327719720
314239765032
589117671976
571669367336
301086427688
575964334632
297059829288
318266230312
593144137256
571669366036
313971328276
301086426388
575964333332
318266295572
593144202516
301018466856
575896373800
318198336040
593076242984
301018547732
575896454676
318198416916
593076323860
296723580436
571601487380
313903449620
588781356564
296724350232
314238666024
589116572968
593126589732
318533633320
593411540264
296706737444
571584644388
296992736788
571870643732
296706803236
571584710180
301338298900
576216205844
313887656468
588765563412
589101107732
301018547736
575896454680
318249519400
313903449624
301001704744
575879611688
296724564248
571602471192
301019531544
575897438488
318199400728
593077307672
314240042276
589117949220
301355140388
576233047332
318535009572
593412916516
593328966168
296707787288
571585694232
313887656472
588765563416
301002754584
575880661528
318182623768
593060530712
576216188452
296791673108
571669580052
313970492964
588848399908
318265460260
593143367204
314238978580
589116885524
571938064916
301355125268
318467574312
593345481256
297059109400
571937016344
301354076696
576231983640
301288016408
314171869720
589049776664
318534683160
593412590104
575947556120
318249518360
593127425304
313904219428
588782126372
296992785700
588831689256
318533945620
593411852564
296723564820
571601471764
313903434004
588781340948
301018532116
297059109412
571937016356
318533945892
593411852836
301271239204
301355125284
296706787876
318265181460
593143088404
301354861848
576232768792
318534731032
593412637976
296790344984
571668251928
296992000552
571869907496
296707835172
571585742116
313887704356
571652850980
314223248676
588765611300
318182671652
571870627112
296707835176
571585742120
313887704360
588765611304
576164628772
313904219432
588782126376
301354861864
576232768808
314172654888
589050561832
318266295592
593144202536
588781340952
301018532120
575896439064
296707787300
571585694244
318182623780
593060530724
296976222756
571854129700
296791393576
571669300520
318198416936
593076323880
571602208020
313904170260
588782077204
318199137556
593077044500
296791409940
571669316884
571869594900
318248420628
593126327572
314154830376
589032737320
593076242728
318449797672
593327704616
301019268376
318199137560
296791409944
571669316888
313971279128
588849186072
301086377240
575964284184
318266246424
313970477336
588848384280
318467573272
593345480216
297058797844
571936704788
318198090004
593075996948
314171558164
589049465108
313886672424
588764579368
318249780772
593127687716
318181639720
593059546664
571585430820
301019268388
575897175332
301086377252
575964284196
318266246436
593144153380
296791409956
575947770408
297043331624
571921238568
313887656488
588765563432
593060530728
301338298920
301002491176
575880398120
318182360360
593060267304
296975959336
571853866280
318467573032
593345479976
296706802980
571584709924
313886672164
588764579108
301001770276
575879677220
301337232916
576215139860
318517102100
593395009044
296790345240
571668252184
313970214424
588848121368
301085312536
575963219480
318265181720
593143088664
296706721304
571584628248
296706721316
571584628260
301018203688
575896110632
301354010152
576231917096
593327900200
314238650920
301270993176
576148900120
318450862360
593328769304
318182688024
593060594968
318533880104
296707786008
571585692952
301018532132
575896439076
313970492968
313970542884
318518150436
593396057380
571584383512
313886345752
575963497764
296723564840
571601471784
313903434024
588781340968
297059846424
571937753368
314239715608
589117622552
301354813720
576232720664
318534682904
593412589848
593126656296
301001509396
575879416340
589049447976
313887722004
588765628948
296707852820
571585759764
318249469208
593127376152
318533634340
593411541284
318198090020
593075996964
301018482964
301355140628
576233047572
318535009812
297060173332
571938080276
296706542104
571584449048
313886411288
588764318232
301269944856
576147851800
301287949592
589033997604
296774894884
571652801828
593411541288
296991689000
571869595944
314171558184
589116573992
297058797864
571936704808
314238667048
296723253544
593327704360
313971542548
588849449492
301287703832
576165610776
318535009816
589116557608
314240027176
589117934120
318265460008
314221955620
589099862564
314154846756
314221954600
297060157716
571938064660
314240026900
301086689556
575964596500
301355125012
576233031956
318534994196
314171869464
589049776408
296773634328
301068601624
575946508568
571938080292
314240042532
296723302692
571601209636
313903171876
588781078820
296774682920
571652589864
593143351592
301018269988
301355124244
576233031188
296724613400
313904482584
588782389528
593077356824
301086689560
301337052436
301269943572
576147850516
313970477604
296773649684
571651556628
301085575716
575963482660
588765628692
318182689044
313904498216
588782405160
318467900968
593345807912
576233047592
575879661076
593345480980
593412589844
301354813716
301337052440
576214959384
576232720660
318449812760
593327719704
301001508120
318181377304
296706540824
296993047844
571870954788
301288015140
576165922084
296724564260
571602471204
313904433444
593077029396
313904155156
313953503768
588831410712
318248471064
318265248280
593143155224
588848122392
318199122456
593077029400
313886394916
588764301860
301001493028
575879399972
296974961188
571852868132
314238978600
301001493032
575879399976
318181362216
593059269160
589100911124
571601405476
313903367716
588781274660
301018465828
318266508568
593144415512
301288016164
576165923108
297060157732
571938064676
314240026916
589117933860
301355125028
576233031972
296791410196
571669317140
313971279380
588849186324
575964284436
318266246676
593144153620
296991688212
571869595156
296791410200
571669317144
313971279384
588849186328
301086377496
575964284440
318266246680
593144153624
296991688216
571869595160
318199399960
593077306904
296992721172
571870628116
314172590356
589050497300
296791410212
571669317156
313971279396
588849186340
301086377508
575964284452
318266246692
593144153636
575897487656
313971591464
588849498408
301337052452
576214959396
314171557416
296791410216
571669317160
313971279400
588849186344
301086377512
575964284456
318266246696
593144153640
571869595176
571602470164
593328768532
301354026280
296976026132
571853933076
301270993428
576148900372
593395878420
301338102292
576216009236
318517971476
313954568724
314223004180
314172606756
589050513700
301287704868
576165611812
318467574052
593345480996
296790608424
571668515368
571602209060
313904171300
314154845480
301002819864
314155895320
589033802264
318450862616
296707590680
571585497624
297042070052
571919976996
301337037348
576214944292
296992736804
571870643748
593144154408
301354813736
296992737576
571870644520
301287704872
576165611816
318467574056
318534682132
593412589076
301068879396
575946786340
575897438504
314223183124
589101090068
297043135000
571921041944
301338102296
576216009240
571853932836
314155895076
589033802020
301270993188
576148900132
318450862372
593328769316
589033735720
575896372516
571668514068
313970476308
588848383252
296976026148
313887459876
588765366820
593127442980
297043135012
571921041956
301270993444
576148900388
301069666852
575947573796
301019530520
575897437464
318199399704
593077306648
318534682916
593412589860
301069666856
314223004200
301338102312
318517971496
593395878440
301270993448
576148900392
318450861332
296774698260
314223002900
589100909844
318517970196
593328768276
318182425876
576214959380
296707589396
571585496340
313887458580
588765365524
313954567444
588832474388
301069665556
575947572500
301085575464
575963482408
318265444648
571919977000
313904417300
588782324244
318450861336
593328768280
318182425880
593060332824
314171622680
313954567448
588832474392
314154845464
297059845656
571937752600
314239714840
589117621784
318534682136
593412589080
576164825624
313887458584
588765365528
296976024856
571853931800
297043133720
571921040664
301068879400
297042069796
571919976740
301337037092
576214944036
301068616996
575946523940
313953518884
588831425828
318265263396
593143170340
301287703844
576165610788
318467573028
314171622696
589049529640
314239780136
589117687080
301338101032
571652605224
313954567464
588832474408
296991951124
571869858068
314171820308
589049727252
301286918420
576164825364
318466787604
593344694548
297059829032
571937735976
297043134744
571921041688
314223003928
589100910872
301338102040
576216008984
318517971224
593395878168
313886606868
588764513812
296774698276
571652605220
313954567460
588832474404
301069665572
575947572516
313887458596
588765365540
297059846440
571937753384
301068880148
313887722020
301002820132
575880727076
301353748008
576231654952
301270992152
296774961684
576148899096
301069665576
575947572520
313953782040
588831688984
301068880152
575946787096
318248749336
588764580120
318181640472
593059547416
593345743380
576233031204
297042069800
571919976744
589099845928
296992736552
313971542564
588849449508
301086640676
575964547620
571870643496
301287703848
576165610792
297059845400
571937752344
314239714584
589117621528
301354812696
576232719640
318534681880
593412588824
297042347544
571920254488
593344694552
576165595684
318467557924
593345464868
589117606420
301354797588
313953782052
588831688996
575946787108
576232704532
318534666772
593412573716
576148113700
313953765924
588831672868
301068864036
575946770980
301086639636
575964546580
318266508820
593144415764
296773585176
301068552472
575946459416
593126328600
314155108648
589033015592
318450075944
297042348328
571920255272
301002820136
575880727080
318182689320
571668514324
301085574676
575963481620
314238912020
589116818964
313970476564
588848383508
296790607380
301286901268
576164808212
301287687700
576165594644
318467556884
593345463828
588831671828
296723498520
571601405464
575963481624
297060156708
571938063652
301355124004
576233030948
318534993188
593412900132
318450845972
593328752916
301086640420
575964547364
588781095188
301018286356
575896193300
301287688744
576165595688
576165676564
301354878484
576232785428
314223003156
571652605460
313954567700
588832474644
296774698516
318248733224
593126640168
301019334168
575897241112
301287769624
576165676568
296774698520
571652605464
313954567704
588832474648
301069665816
575947572760
576165595428
318467557668
593345464612
296791672344
571669579288
313971541528
588849448472
301086639640
575964546584
318266508824
593144415768
301354797332
575896372772
314238912036
589116818980
576232704276
297059830036
296723498532
313953519140
588831426084
301068617252
575946524196
301338101284
296976025124
571853932068
301270992420
576148899364
296724366888
571602273832
313904236072
588782143016
318199203368
593077110312
313953519144
318182426152
593060333096
314239780392
593060595988
296707852564
296774961428
571652868372
313954830612
588832737556
301069928724
575947835668
318249797908
593127704852
593327983124
296975239700
571853146644
314155108884
589033015828
576232703528
318265443880
593143350824
318198335016
593076241960
296774961432
571652868376
313954830616
588832737560
301069928728
575947835672
318249797912
593127704856
296707852568
571585759512
301068863000
575946769944
318248732184
593126639128
301019531556
589049727524
318466787876
593344694820
575897438500
314238929428
589116836372
301354027540
576231934484
318533896724
593411803668
296976009496
571853916440
301270976792
576148883736
318450845976
593328752920
297043135016
571921041960
589100911144
576216009256
571601226008
296790607400
571668514344
313903188248
588781095192
296707851544
571585758488
313887720728
588765627672
301002818840
571921041700
314223003940
318517971236
593395878180
301086640404
575964547348
296790607140
296707852580
571585759524
313887721764
296774961444
571652868388
313954830628
588832737572
301069928740
318181296404
593059203348
318181296660
593059203604
296706460180
571584367124
301001427476
575879334420
571651475988
296791672088
571669579032
313971541272
588849448216
301002819880
575880726824
593060596008
313954830632
588832737576
314155108888
296976024868
301270992164
576148899108
318450861348
593328768292
314172851732
589050758676
593395877140
588849432084
314239960596
296706460184
571584367128
589117867540
318467819028
297043133716
571921040660
296773569048
571651475992
318450075924
593327982868
296975239444
571853146388
314155108628
589033015572
575879349796
318181312036
593059218980
313971526164
588849433108
301086624276
575964531220
318266493460
318248420884
301286918696
318466787880
593344694824
318534681892
593412588836
314171820324
589049727268
318466787620
593344694564
296991951140
571869858084
301354027284
576231934228
297059059988
571936966932
318533896468
593411803412
571668514088
296706460196
571584367140
318248405540
593126312484
296724547092
571602454036
313904416276
588782323220
318199383572
593077290516
296724547108
571602454052
301019514404
296773569064
571651476008
575897421348
571584367144
301336971816
576214878760
301337298216
576215205160
313953436948
588831343892
589099779348
318449730836
593327637780
301001426196
318450861352
593328768296
314223002904
589100909848
301338101016
318534927912
593412834856
296992982568
571870889512
576216007960
301019514408
314155108632
589033015576
301269861656
576147768600
571651474712
313953436952
588831343896
301068535064
575946442008
296791656984
571669563928
313971526168
588849433112
593126327832
301086624280
318266493464
593144400408
301270977060
576148884004
571669563668
576232719656
314239714600
589117621544
318266493204
593144400148
318534681896
593412588840
576164825384
318466787624
593344694568
318182688292
593060595236
297059059992
571936966936
301354027288
576231934232
318533896472
593411803416
301069927956
575947834900
318249797140
593127704084
301019514392
575897421336
318199383576
593077290520
301286704660
576164611604
571601208852
301018269204
575896176148
314239699492
589117606436
571584365860
318248404260
593126311204
296706458916
576147768612
318449730852
593327637796
318199383316
593077290260
588849448484
301086639652
575964546596
318266508836
593144415780
318466786584
593344693528
301069584916
575947491860
593127361044
313887377940
588765284884
301002476052
301018285588
575896192532
296974894376
314221872424
589099779368
593328687640
313887377944
588765284888
318182345240
593060252184
296975944216
571853851160
575947835684
571652850964
296992720420
571870627364
314172589604
589050496548
301287687716
576165594660
314239698452
589117605396
589049711124
301286656276
576164563220
318466525460
593344432404
301287704852
576165611796
318467574036
571853916712
301270977064
576148884008
318450846248
593328753192
301086378264
575964285208
593144154392
575880399128
314222987800
589100894744
297043118616
571921025560
318517955096
296723319336
571601226280
313903188520
318198155816
593076062760
588781095464
318450845988
593328752932
588832409892
296791410980
571669317924
588849187108
301086378276
575964285220
318266247460
593144154404
296723301924
314155829544
589033736488
318534682920
296791410984
571669317928
301086378280
575964285224
318266247464
575880726808
301018286372
575896193316
318198155556
593076062500
296707851556
571585758500
313887720740
588765627684
301085395220
296774960404
571652867348
301069927700
575947834644
313954829588
588832736532
318249796884
593127703828
576215927332
314239699496
589117606440
588848186920
313953438228
588831345172
318248405524
593126312468
318534666792
593412573736
313970279976
296976008728
571853915672
301270976024
576148882968
593144415784
314239699236
589117606180
296707508776
571585415720
313887377960
588765284904
318182345256
593060252200
314222922280
313971541284
297043133988
571921040932
576215991576
296975239716
571853146660
318450076196
593327983140
314222217748
589100124692
588765283604
296975942932
571853849876
301002474772
301337315860
575880381716
318249797928
593127704872
593395025428
571853080084
314155042324
301270140436
576148047380
318450009620
296791655976
575879333396
593396123924
297059829272
571937736216
314239698456
589117605400
301354796568
576232703512
589049711128
318466771480
593344678424
296707507480
571585414424
571853849880
318249452824
314155042328
589032949272
301270140440
576148047384
318450009624
571584644632
301286902036
576164808980
318466771220
593344678164
314171803924
589049710868
314238929444
589116836388
318450075156
593327982100
296975238676
571853145620
314155107860
589033014804
318450845992
593328752936
297043118360
571921025304
314222987544
589100894488
318517954840
593395861784
318265264408
593143171352
313953438232
588831345176
301068536344
575946443288
318450796072
593328703016
301287753236
576165660180
318467622420
593345529364
571869857316
314171819556
589049726500
301286917668
576164824612
318466786852
593344693796
318249452836
593127359780
318533895700
593411802644
318534666536
297059059220
571936966164
593412573480
593395009812
318248667412
593126574356
296975157524
571853064468
301001689364
575879596308
301287753240
318517118500
593395025444
296724350488
297043133992
571921040936
314223003176
589100910120
296706737700
318517970472
593395877416
318517185048
593395091992
296707507496
571585414440
301069583656
575947490600
301002492184
301002474792
314155026712
576148031768
593327900952
297043133732
318517970212
593395877156
318450075940
593327982884
301001705000
575879611944
318181574184
593059481128
296706737704
301337315604
576215222548
571920255252
313971526180
588849433124
571584365844
575879333140
301018270244
575896177188
318266493476
571937735960
301354796312
576232703256
318534665496
593412572440
589049710872
593344678168
318451123476
593329030420
301018270228
575896177172
318198139412
593076046356
313887704596
588765611540
318182671892
593060578836
296707852824
314238929188
589116836132
576231934244
318199186980
593077093924
296723565076
571601472020
301018532372
575896439316
318198401556
593076308500
593411852820
314155107604
589033014548
318450074900
593327981844
301354796328
576232703272
314155026724
301270124836
576148031780
318449994020
593327900964
313953700132
588831607076
571936965928
301354862120
576232769064
313904219688
314239764008
589117670952
301086623252
575964530196
318266492436
593144399380
313971525140
318466837016
593344743960
296723565080
571601472024
313903434264
588781341208
301018532376
575896439320
571936966168
318533895704
296773568792
571651475736
313953437976
588831344920
318449994024
571584629032
296992737812
571870644756
318534683156
593412590100
318248421908
593126328852
575880710696
318182672936
593060579880
314238667288
301085329944
301286917412
314238928148
589116835092
318533895444
593411802388
301286656532
576164563476
296991689236
571869596180
314171558420
589049465364
575880398104
296791411236
571669318180
313971280420
588849187364
301086378532
575964285476
589049465380
318249781524
318181313064
593059220008
296791411240
571669318184
588849187368
301086378536
575964285480
318450797096
314222217496
589100124440
318517184792
593395091736
593328965140
575947769364
318182622740
301353765400
576231672344
301018221080
593344432664
296791657000
571669563944
313971526184
588849433128
313953453608
588831360552
318198139416
593076046360
318182622744
593060529688
301338297880
576216204824
296707786264
571585693208
296723565092
571601472036
301018532388
575896439332
588849432868
314222987812
589100894756
301354027304
576231934248
318533896488
296992999956
571870906900
301287967252
296774960676
571652867620
313954829860
588832736804
314171869736
589049776680
318466837032
593344743976
589116885544
314155107608
589033014552
593411851540
318466835732
593344742676
575897421352
296791655960
571669562904
301086623256
575964530200
571668269604
576164563492
301018221092
575896128036
301019514148
575897421092
318450845220
296791655700
571669562644
576149080340
301271173396
313887639828
318182607124
593060514068
313903432984
593344693544
571652606248
297059058968
571936965912
301354026264
576231933208
318533895448
593411802392
296707786276
571585693220
571921237540
575896128040
593411541544
296723253800
571936705064
318518151448
296707770648
571585677592
313887639832
588765546776
301002737944
575880644888
589049464084
576164562196
593344431380
313887655464
588765562408
301002753576
575880660520
318182622760
314239698468
589117605412
593412572708
314171804196
589049711140
301286902308
576164809252
318466771492
593344678436
593411787284
589116819988
593411540248
571601159448
301069666580
575947573524
301269944596
576147851540
571853932820
314155895060
589033802004
297043118632
571921025576
588849432872
301286721816
576164628760
296774699288
571652606232
313954568472
588832475416
301069666584
575947573528
318249535768
593127442712
296790672676
571668579620
314222987556
589100894500
301338085668
576215992612
588765366564
318182426916
593060333860
296974977316
571852884260
314154846500
589032753444
575880464680
318249535784
593127442728
296707590440
571585497384
318533699880
593411606824
576233032212
318534994452
593412901396
297060157972
576165873940
296992999700
571870906644
318249796900
593127703844
571921221924
314223184164
589101091108
296991999272
571869906216
314171868456
589049775400
301338282276
576216189220
318518151460
296723563816
571601470760
318466770452
593344677396
589049710100
314171803156
314240027160
589117934104
313904482840
588782389784
318199450136
593077357080
301269943828
301270976040
301086623000
576215991832
575964529944
297043117592
571921024536
314222986776
314223184168
589101091112
301002737960
593328949544
296707770664
575880644904
314171557156
593411540260
313970230564
588848137508
314239715860
589117622804
576147850776
593327719960
296706541080
571584448024
589100124708
296774633748
571652540692
296723252520
318249470228
593127377172
301354796584
301354813976
297059846680
571937753624
314239715864
589117622808
301286902312
576164809256
318533880344
593411787288
318466771236
593344678180
588782389796
314238912788
589116819732
318533880084
593411787028
296975238692
571853145636
301270205988
576148112932
318450075172
593327982116
314222216724
571852867860
314154830100
301019580968
575897487912
313971591720
588849498664
296974976548
571852883492
314154845732
589032752676
318182688036
593060594980
297060156692
571938063636
301355123988
301337037080
576214944024
318516906264
593394813208
301001492760
575879399704
301068617256
575946524200
313886410280
301001508392
575879415336
588831426088
314171802900
589049709844
576164807956
314238928420
318248405284
593126312228
297060156696
571938063640
314240025880
589117932824
296724612376
571602519320
297043117336
571921024280
301338084632
576165612072
297059846696
571937753640
301354813992
576232720936
318450059544
593327966488
301085394200
575963301144
318265263384
593143170328
313954502936
588832409880
571870643476
318467573012
593345479956
297042348324
314222217508
297043330324
571921237268
301338297620
576216204564
296723514644
571601421588
301286902056
576164809000
318466771240
589033997592
297043330328
571921237272
301338297624
576216204568
318518166808
296790623512
313903172132
301354010904
576231917848
318533880088
593411787032
301085379092
575963286036
297043330340
296723514660
571601421604
313903383844
588781290788
301018481956
575896388900
301086688548
575964595492
301269928232
576147835176
318449797416
593411802408
318533895464
301086639400
297043330344
571921237288
588782144024
301019335192
575897242136
318199204376
593077111320
314240025896
589117932840
575964595496
301086688552
588782388520
576215222568
313971525156
588849432100
301086623268
575964530212
318266492452
593144399396
314155894292
589033801236
318450861588
576216008212
318517970452
593395877396
301068536104
575946443048
301338101268
575880382996
318182345236
593060252180
571669316900
296992736548
571870643492
296974912024
571852818968
318265461012
593143367956
296790624532
571668531476
313970493716
313954568728
301069666840
575947573784
318249536024
593127442968
314238928164
589116835108
318249535000
593395877400
301270992408
576148899352
297043133976
571921040920
314223003160
589100910104
318249781540
593127688484
318182427172
318517971492
571853933092
301086444072
575964351016
313953520168
588831427112
296774699560
301354812712
296791409960
301337315624
296790624536
571668531480
589034064404
593329031700
313970280984
296774944280
571652851224
301069911576
575947818520
589100107048
571870906916
589050776100
301287967268
576165874212
318182410516
301270976788
314222216472
589100123416
318517183768
576216008228
296774698532
571652605476
301069665828
575947572772
588764580372
318181640724
593059547668
318450076180
571669562920
301069650200
575947557144
318249519384
593127426328
296790624548
571668531492
313970493732
588848400676
296774698536
571652605480
313954567720
588765365800
296723301912
571601208856
571651820056
318248749592
593126656536
314222217752
589100124696
296791655716
571669562660
313971524900
314222986788
589100893732
301338084900
576215991844
318517954084
593395861028
296975223332
571853130276
314155092516
589032999460
318450059812
593327966756
313970493736
588848400680
297059058984
301287966228
296707508500
571585415444
313887377684
301002475796
318182344980
593060251924
588765284628
296774634020
571652540964
571936950820
318451124500
593329031444
296774682916
571652589860
313954552100
588832459044
301069650212
575947557156
314155878692
589033785636
318450058772
593327965716
314222217764
301001706004
296774944024
571652850968
571921025320
301338085672
576215992616
301287967012
296992999716
571870906660
297042348584
571920255528
314222217768
589100124712
301337315880
296991933988
571869840932
301286901284
576164808228
318466770468
593344677412
318533879316
593411786260
313953781012
588831687956
296975238420
571853145364
314222216468
589100123412
296791655720
571669562664
297043117608
571921024552
301338297876
576216204820
593396074004
296723514900
571601421844
297043330580
571921237524
314156090904
589033997848
296790623768
571668530712
314222201368
589100108312
296723301656
571601208600
313903170840
318199400724
593077307668
318181639448
593059546392
571651818776
318248748312
593126655256
314156090916
297043330596
296790623784
571668530728
297060107816
571938014760
571652540708
301086623272
575964530216
593411787304
314238912804
589116819748
301354010916
576231917860
318533880100
593411787044
313954502168
588832409112
318249469464
593127376408
318181575192
593059482136
297042347556
571920254500
313953781028
588831687972
318450074916
593327981860
318249469204
593127376148
571870906664
297060108568
571938015512
314239977752
589117884696
301355075864
576232982808
318534945048
593412851992
571652868628
301069928980
575947835924
314156157460
314239715604
589117622548
318266509604
593144416548
296791673124
296773911848
571651818792
313971542308
588849449252
575947835928
318249798168
593127705112
318534945064
593412852008
296791673128
571669580072
589117884712
296992999720
297043117352
571921024296
314222201112
589100108056
571651474724
301355140372
575964611860
576232720680
297059043624
571936950568
314172852756
296723580184
593395090712
589049791768
297060173080
571938080024
314240042264
589117949208
301355140376
576233047320
318535009560
296774961700
571652868644
588832737828
301069928996
575947835940
296707852836
571585759780
318450058520
296723580196
571601487140
301018547492
575896454436
318198416676
593076323620
588782404900
313954501912
314171884840
589049791784
301286982952
576164889896
313904497960
588782404904
318199465256
593077372200
297060173096
571938080040
318181574936
593059481880
314222216484
589100123428
576216271400
318249798184
593127705128
576231933224
296707851540
571585758484
313887720724
588765627668
318182688020
593060594964
575896193304
589049530648
318466591000
296723319064
571601208868
588781078052
301018269220
575896176164
301354009880
576231916824
296790410772
571668317716
301085378068
575963285012
318449748520
593327655464
297042020888
571919927832
314221890072
589099797016
301069927704
318249796888
593127703832
297042020628
571919927572
571854195236
318518233620
593396140564
575946442024
318248404264
593126311208
296707507732
571585414676
296790427940
318249780776
593127687720
301353830692
576231737636
301287950612
576165857556
318534945316
593412852260
296774960420
571652867364
571601226024
313903188264
588781095208
301018286376
575896193320
318517183784
593395090728
314156156436
318451123732
589034063380
296773568020
318248404500
593126311444
301001426452
301069927720
575947834664
296707851560
571585758504
313970279960
588848186904
296706459160
571584366104
296773568024
571651474968
313953437208
588831344152
301068535320
575946442264
571937736980
593395075620
296791672084
571669579028
318534944276
593412851220
301085377812
575963284756
296774617364
575947491604
301069584660
575947573544
571919927576
589034064424
301271255592
576149162536
297043397144
571921304088
301338364440
576216271384
318518233624
593396140568
589034064164
314223266068
589101173012
318518233364
593396140308
297059042580
314155091492
589032998436
318450058788
593327965732
318182343956
593060250900
296707507476
571585414420
313887376660
296774632996
571652539940
301001706020
575879612964
318181575204
318265248040
296773568036
318248404516
593126311460
593077094932
314171623960
318199204116
318534945060
593412852004
296773568040
571651474984
301068535336
575946442280
296991754516
576231917092
318533879332
593411786276
571869661460
296976286996
314156156180
589034063124
588848399912
571602274584
313904236824
301019334936
575897241880
593077111064
301269862932
576147769876
593059546644
314171885076
589049792020
318517168680
593395075624
314240042520
589117949464
301068879384
296773912088
571651819032
318182345000
593060251944
314239976984
589117883928
297060107800
314222201124
301355140644
576233047588
575963563560
301355140648
314172933672
589050840616
297059124776
571937031720
318534944020
593412850964
301271255336
576149162280
297043396888
571921303832
297042331160
571920238104
571584645672
588782127640
301019318808
575897225752
314222200084
313904236840
588782143784
318199204136
593077111080
314239977768
313887376916
588765283860
301002475028
575880381972
301269862936
576147769880
314238911780
589116818724
589116639768
318181574168
593059481112
588765283864
318182344216
593060251160
296975943192
571920238888
301337299240
301270926872
576148833816
297060107544
571938014488
301355074840
314172852772
589050759716
571852817956
314154780196
318534928916
593412835860
297042019860
571919926804
318517167384
593395074328
296774616612
571652523556
576215140884
318517103124
593395010068
589101171988
314223265044
571585414696
313887376936
588765283880
318182344232
593060251176
313886591512
588764498456
301086443812
575964350756
301085378084
575963285028
296774617636
571652524580
314221890088
589099797032
576214895144
314156141080
318198417944
593076324888
318451108116
297043397156
571921304100
314223266340
301018268952
575896175896
301069583892
593327654440
297060092440
571937999384
318534928660
593412835604
297042019604
571919926548
318516856084
593394763028
314156156452
589034063396
318451123748
593329030692
301353830932
576231737876
296975156500
571853063444
296773829908
571651736852
301086443816
575964350760
593144219944
318265247272
593143154216
296773829912
314172851476
589050758420
301287949588
576165856532
301085377828
575963284772
571652524324
318249453860
593127360804
589099796776
296991753748
571869660692
301286721044
576164627988
301338364456
318518233640
593396140584
297043396900
571921303844
593396140324
314222200356
589100107300
301338298644
576216205588
296774895892
571652802836
318450010392
593327917336
296773847320
571651754264
301354075672
576231982616
318518151700
593396058644
314155043108
589032950052
313887656228
588765563172
297043331364
571921238308
593396139544
313886590248
588764497192
318181557544
593059464488
314156091688
313887656232
301002754344
301271189800
314171623716
589049530660
593329030436
576149080600
576231737620
301353830676
297058863380
301286655508
576164562452
297058797076
571936704020
318181574180
593059481124
314239977000
589117883944
318466524696
593344431640
571936704024
318199186964
593077093908
576164627732
314171622676
571869660436
593396140328
571869906472
318466836008
593344742952
589116884520
318533944872
593411851816
297058781460
571936688404
301286639892
318198073620
593075980564
314222200100
589100107044
318266296856
589033982504
296707770920
571585677864
313887640104
588765547048
318265198116
593143105060
318533633572
301338281236
576216188180
297043313940
318466509080
301271254312
576149161256
318518232344
593396139288
575963235880
296723252776
571601159720
318466786596
593344693540
576214878744
318516840984
593394747928
593328948504
318518150424
593396057368
571584644648
296773846552
571651753496
301068813848
575946720792
313904219672
588782126616
297042004244
571919911188
589099780372
571854178852
301338348052
576216254996
318199186708
593077093652
313904219412
588782126356
314155829528
589033736472
576147835412
589032737300
314221939220
589099846164
296723237156
571601144100
313970492712
588848399656
314172917268
589050824212
301337037336
576214944280
593327704600
301001493016
297042019876
571919926820
297043313956
571921220900
301338281252
576216188196
297042330920
571920237864
296976270868
571854177812
314240026136
589117933080
313953716520
588831623464
318266296600
593144203544
318518150440
593396057384
296707769640
571585676584
313886345496
588764252440
318517970216
593395877160
318467573268
593345480212
314239714836
589117621780
301354812948
576232719892
296992982564
571870889508
318467819044
593345725988
296790624788
571668531732
313970493972
588848400916
318265461268
593143368212
318181573928
593059480872
296773846296
571651753240
318199186712
313970493988
588848400932
296975174180
571853081124
301288015396
576165922340
301068601896
297042070056
301355124260
313971542568
588849449512
318517119528
593395026472
575963499048
296974959892
571852866836
314154829076
589032736020
314240026152
318248667668
593126574612
301286705688
576164612632
571669301524
296974959896
301269927192
576147834136
297042068760
576214943000
593394812184
314172605988
589050512932
576165611044
318534682148
296724301348
301286918676
576164825620
318466787860
593344694804
296976270612
571854177556
314223265316
296974959908
571852866852
296707574292
318450846228
593328753172
301287688484
314240043288
589117950232
318535010584
593412917528
296773912856
571651819800
318198352424
593076259368
313970559272
588848466216
576164824340
318466786580
593344693524
301338085928
576215992872
301270975764
576148882708
318450844948
593328751892
296791393556
571669300500
576164545812
301069649176
571869857060
593143088420
588848121124
313970214180
301085590824
575963497768
576148833556
296707523864
571585430808
313971606824
588849513768
296707523880
571585430824
301069649192
314239978020
589117884964
296791673380
575946786344
318517184040
593395090984
575964334376
296724366872
571602273816
571870710296
296992015908
571869922852
296992015912
571869922856
313886656804
588764563748
301001754916
575879661860
318181624100
593059531044
571853130020
318467901972
593345808916
301018548760
296724630040
571602536984
318199466520
593077373464
313904499236
296723581480
571601488424
296724630056
571602537000
301019597352
301069600024
575947506968
575896193560
318198155800
593076062744
318265181716
593143088660
297058780692
571936687636
589033720084
301270911252
296723236388
571601143332
296723236392
301069927976
575947834920
301338363432
576216270376
297043068436
297043069204
571920976148
314156091940
313953520164
314156091944
593344480536
296723253528
571601160472
313904237076
588782144020
296774633764
301018285352
575896192296
296773633300
588831409428
571651540244
313953502484
296707573012
571585479956
297058845972
318467639832
593345546776
314155828776
318449796392
593327703336
313971345960
588849252904
588781079076
588781339924
318450780708
593328687652
301270910484
576148817428
318182607128
593060514072
296707573268
318449796648
593327703592
318467623444
593345530388
296706541848
571584448792
296976009508
589049448980
588848449828
314240043304
296774878740
571652785684
301338281508
314171540756
589049447700
318466508056
593344415000
318266231060
593144138004
296791394580
318265182500
593143089444
296791394596
571669301540
318182606104
593060513048
576165595668
301269927448
576147834392
576214943256
588781028904
318265460244
593143367188
571601159464
318450845204
318534665508
318466509332
593344416276
296790623780
571668530724
296791394852
571669301796
318198139428
593076046372
313954551332
588832458276
296790608164
571668515108
296774878484
571652785428
296706476568
296773896740
593327965464
297058862612
571936769556
313903187476
588781094420
297043069460
301018285592
575896192536
318198334740
593076241684
593077044756
313903171860
301018285608
575896192552
593328704040
