1395949651220
1395967478040
2495479105816
1670845384984
2770357012760
1413147347224
2512658975000
1688025254168
2787536881944
1400262445336
2499774073112
1400328784168
2499840411944
1675206691112
1413196712228
2512708340004
1688074619172
2787586246948
1400311810340
2499823438116
1675189717284
2774701345060
1417491679524
2517003307300
2495546214952
1395967493672
2495479121448
1400313038376
2499824666152
1675190945320
2774702573096
1670845400616
2770357028392
1413147362856
2512658990632
1400328505896
2499840133672
1395966708248
2495478336024
1670844615192
2770356242968
1413146577432
2512658205208
1688024484376
2787536112152
1400261675544
2499773303320
1417492710696
2517004338472
1692370617640
2791882245416
1395966429480
2495478057256
1670844336424
1675123836200
2774635463976
1417425798440
1417509684772
2517021312548
1692387591716
2791899219492
1417508390424
2517020018200
1692386297368
2791897925144
1396033538328
2495545166104
1670911445272
1396018070808
2495529698584
1670895977752
2770407605528
1413197939992
2512709567768
1688075846936
2787587474712
1400313038104
2499824665880
2499823617320
2774702311720
2787603990824
2791815087400
1675140680232
2774652308008
1417442642472
2516954270248
2787519137320
1400244700712
2499756328488
1675122607656
2774634235432
1413196695080
2512708322856
1688074602024
2787586229800
1417424569896
2774719416872
1396034914840
2495546542616
1670912821784
2770424449560
1396016842264
2495528470040
1670894749208
2770406376984
1413196711448
2512708339224
1688074618392
2787586246168
1400311809560
2499823437336
2516937230632
1400262707496
1396016825636
1395949716772
2495461344548
1670827623716
2770339251492
1413129585956
2512641213732
1688007492900
2495528453412
1670894732580
1675140679972
2774652307748
1417442642212
2516954269988
1692320549156
2791832176932
2495546492200
1670912771368
2770424399144
2770407344676
1413214783764
2512726411540
1688092690708
2512642263572
2787587279380
1670828673556
1396017875476
2495529503252
1670895782420
2770407410196
1413197744660
2512709372436
2770340301332
1396034586152
2495546213928
1670912493096
2770424120872
1417491925272
2517003553048
1692369832216
1417442592024
2516954219800
1692320498968
2791832126744
2791881459992
2516953172520
1395967478052
2495479105828
1670845384996
2770357012772
1413147347236
2512658975012
1688025254180
2787536881956
1400262445348
2499774073124
2787519120680
1400244684072
2499756311848
1417491597608
2517003225384
1417442313752
1413129800212
2516953941528
1692320220696
2791831848472
1413146364200
2512657991976
1688024271144
2787535898920
1675139302680
2774650930456
1417441264920
1395966708260
2495478336036
1670844615204
2770356242980
1413146577444
2512658205220
1688024484388
2787536112164
1400261675556
2499773303332
2499840133412
1675206412580
2774718040356
1675189650712
2774701278488
1400329816344
2499841444120
1675207723288
2774719351064
2774701607188
2499841526036
2774719432980
1417491941652
2517003569428
1692369848596
2791881476372
1395951044884
2495462672660
1670828951828
2495462344984
1670828624152
2770340251928
1400261740840
2499773368616
1400329635112
2499841262888
1395949996312
2495461624088
1670827903256
2517020017956
1692386297124
2791897924900
2770339531032
1413129865496
2512641493272
1688007772440
2495528650276
1670894929444
2770406557220
1400246011432
1670912772644
2770424400420
2774651274776
1675123853848
2774635481624
2499757639208
1675123918376
2774635546152
1395966708264
1395967804692
2495479432468
1417442641172
2516954268948
1692320548116
2791832175892
1396034930212
2495546557988
1670912837156
2770424464932
1395949996324
2495461624100
1670827903268
2770339531044
1413129865508
1413147363604
2512658991380
1688025270548
2787536898324
2512641493284
1395949996328
2495461624104
1670827903272
2770339531048
1413129865512
2512641493288
1688007772456
2787519400232
1413213473048
2512725100824
1688091379992
2787603007768
1396016843048
2495528470824
1670894749992
2770406377768
1413146576148
2512658203924
1688024483092
1413213685012
2512725312788
1670911722772
1400245750292
2499757378068
1675123657236
2774635285012
1417425619476
2516937247252
1395950782996
2495462410772
1670828689940
1417442657828
2516954285604
1692320564772
2791832192548
1417492974120
2517004601896
1692370881064
2791882508840
1675139319336
2774650947112
1395966706968
2495478334744
1670844613912
2770356241688
1413146576152
2512658203928
1688024483096
2787536110872
1400261674264
2499773302040
1400329882148
2499841509924
1675207789092
2774719416868
1675191027224
2774702655000
1400328587800
2499840215576
1675206494744
2774718122520
1395950766628
2495462394404
1670828673572
2770340301348
1413130635812
2512642263588
1688008542756
2787520170532
1400245733924
2499757361700
1400312792616
2499824420392
1675140368932
2774651996708
1417442331172
2516953958948
1692320238116
2791831865892
2791899301396
1675207477780
2774719105556
1417509440020
2517021067796
1396034603540
2495546231316
1670912510484
2770424138260
1688074799384
1417424570664
2516936198440
1692302477608
2787537209640
1400262773032
2499774400808
1675140679976
1670827640104
2770339267880
1413129602344
2512641230120
1688007509288
1417509439012
2517021066788
1692387345956
2791898973732
2787519137064
1413214800168
2512726427944
1688092707112
2787604334888
1396034914584
2495546542360
1670912821528
2770424449304
1396016842008
2495528469784
1670894748952
2770406376728
1413196711192
2512708338968
1688074618136
2787586245912
1400311809304
2516952892712
1395950766632
2495462394408
1670828673576
1413214521896
2512726149672
1688092428840
2787604056616
1692369848872
2791881476648
1400313103656
2499824731432
1400328571176
2499840198952
1413197743380
2512709371156
1688075650324
2787587278100
1400312841492
2499824469268
2517004338452
1692370617620
2791882245396
1400245732628
1400262461736
1692320220440
2791831848216
2499774138904
1675140418072
2774652045848
2499823634968
1675189914136
2774701541912
1400311810600
2499823438376
1692303459864
2791815087640
2512709323288
2770406639124
1413196973588
1400262444308
2499774072084
1413129520404
1395950699796
2495462327572
1670828606740
2770340234516
1413130568980
1413196629268
1670894667028
1417492973860
2517004601636
1692370880804
2791882508580
1670827558168
1675122592292
2774634220068
1417424554532
2516936182308
1692302461476
2791814089252
2770339185944
1413129520408
2512641148184
1417508653588
1692386560532
2517020281364
2791898188308
1417492924968
1395950765336
1396033815844
2495545443620
1670911722788
2770423350564
1413213685028
2512725312804
1688091591972
2787603219748
1400311794196
2499823421972
2791831864852
1675140367892
2774651995668
1417442330132
2516953957908
1692320237076
2495545165092
2516952892708
1692387329316
2791898957092
1396017808676
2495529436452
1670895715620
2770407343396
1413197677860
2512709305636
1675140678936
2774652306712
1417442641176
2516954268952
1670845663764
1417442593300
2516954221076
1692320500244
2791832128020
1400329832980
2499841460756
2770357291540
1688025532948
1675207739924
2495461623320
1670827902488
2770339530264
1413129520424
2512641148200
1688007427368
1413213734440
2512725362216
1688091641384
2787603269160
1413197941288
2512709569064
1688075848232
2787587476008
1675207477528
2774719105304
1395966706984
2495478334760
1400245750296
2499757378072
1675123657240
2774635285016
1417425619480
2516937247256
1692303526424
2791815154200
1400261674280
2499773302056
1675139581224
2774651209000
2517021395240
1396034929956
2495546557732
1670912836900
2770424464676
1413214799140
2512726426916
1688092706084
2787604333860
1400329897252
2499841525028
1400261723672
2499773351448
1675139630616
2774651258392
1670895782184
2770407409960
1670912756260
2770424384036
1692387673624
2791899301400
2770423089688
1395967756824
2495479384600
1670845663768
2770357291544
1413147626008
2512659253784
1400262724120
1396033538596
2495545166372
1395950782740
2495462410516
1670828689684
2770340317460
1413130651924
2791815153940
1396018071076
2495529698852
1670895978020
2770407605796
1413197940260
1417425602840
2516937230616
1692303509784
2791815137560
1688092428580
2787604056356
1417508636968
2517020264744
1692386543912
2791898171688
1688007493140
2787519120916
1400244684308
2499756312084
1675122591252
2774634219028
1417424553492
2516936181268
1692302460436
2791814088212
1675189896488
2774701524264
1417492728360
2517004356136
1692370635304
2791882263080
1413147363880
2512658991656
1688025270824
2787536898600
1400262461992
2499774089768
1675140368936
2774651996712
1692319451688
1670912574740
2770424202516
2499840410904
1675206690072
2774718317848
1692387345960
2791898973736
2791831079464
1396034603544
2495546231320
1670912510488
2770424138264
1413214472728
2512726100504
1688092379672
2787604007448
1400329570840
2499841198616
2516936443176
1395950765348
2495462393124
1670828672292
2770340300068
1413130634532
2512642262308
1688008541476
2787520169252
1400245732644
2787587278116
1400244947220
2499756574996
1675122854164
2774634481940
1417424816404
2516936444180
1692302723348
2791814351124
1395949979924
2495461607700
2517021116968
1395966495252
2495478123028
1670844402196
2770356029972
1400329636388
2499841264164
1675207543332
2774719171108
1675206411800
2774718039576
1675140368676
2774651996452
1417442330916
2516953958692
1692320237860
2791831865636
1396017087784
1688092625432
2787604253208
1417441608980
2516953236756
1692319515924
2791831143700
1692369585428
1396016842004
2495528469780
1670894748948
2770406376724
2791898974484
1400329570580
2499841198356
1675122869796
1395949733156
2495461360932
1670827640100
2770339267876
1413129602340
2512641230116
1688007509284
2787519137060
1400244700452
2499756328228
1670827574568
2770339202344
1417424815384
1675139302948
2774650930724
1417441265188
2516952892964
1692319172132
2791830799908
2516936443160
1692302722328
2791814350104
1395950765352
2495462393128
1413130634536
2512642262312
1675206411796
2774718039572
1417508374036
2517020001812
1692386280980
2791897908756
1688091641124
2787603268900
1413197941028
2512709568804
1688075847972
1395949979928
2495461607704
1670827886872
2770339514648
1413129849112
1413214717224
2512726345000
1688092624168
2787604251944
1395967756836
2495479384612
1670845663780
2770357291556
1413147626020
2512659253796
1688025532964
2787537160740
1688074601768
1395949995560
2791898188072
1688007494184
2787519121960
1400244685352
2499756313128
1675122592296
2774634220072
1417424554536
2516936182312
1692302461480
2791814089256
1692320303656
2791831931432
1396016826904
2495528454680
1670894733848
2770406361624
1413196696088
2512708323864
1688074603032
2787586230808
1400311794200
2499823421976
1395967493656
2495479121432
1670845400600
2770357028376
1413147362840
2512658990616
1688025269784
2787536897560
1400262460952
2499774088728
2770339203348
1413129537812
2512641165588
1688007444756
2787519072532
1400244635924
2499756263700
1675122542868
2774634170644
1417424505108
2791881132312
1400328848932
2499840476708
1675206755876
2774718383652
1400313055780
2499824683556
1675190962724
2774702590500
1692302461220
2791814088996
1395967756840
2495479384616
1670845663784
2770357291560
1413147626024
2512659253800
1400329831976
2499841459752
1675207738920
2774719366696
2499823421716
1692369570068
2791881197844
1675189700884
2774701328660
1417491663124
2517003290900
1400262460692
2499774088468
1675140367636
2774651995412
1692320236820
2791831864596
1417491596568
2517003224344
1417492728100
2517004355876
1692370635044
2791882262820
1692369503512
2791881131288
2787603219988
1400312006164
2499823633940
1675189913108
2774701540884
1396033619476
2495545247252
1670911526420
2770423154196
1413213488660
1670827574808
2770339202584
1396034929960
1675207738644
2774719366420
1395967755540
2495479383316
1413147624724
2512659252500
1688025531668
2787537159444
1395949667876
1670827575576
2770339203352
1413129537816
2512641165592
2791815398952
2787586247204
2787587557912
1417441331752
1396033538600
2495545166376
1675123656984
2774635284760
1417425619224
2516937247000
1692303526168
2791815153944
2495529698856
1670895978024
2770407605800
1692386282024
2791897909800
1413213488680
2512725116456
1688091395624
2787603023400
1413197695528
2512709323304
1688075602472
2787587230248
1395967755544
2495479383320
1675122854180
2774634481956
1417424816420
2516936444196
1692302723364
2791814351140
1396017088804
2495528716580
1670894995748
2770406623524
1400246012200
2499757639976
1396033538340
2495545166116
2787587474724
2770423073060
1413213407524
2512725035300
1688091314468
2787602942244
2787586246936
1400244963860
2499756591636
1670911789588
2770423417364
1413213751828
2512725379604
1688091658772
2787603286548
1417424833044
2516936460820
1395949996568
1670912821796
2770424449572
1670894749220
2770406376996
1413196711460
2512708339236
1688074618404
2787586246180
1400311809572
2499823437348
1675189716516
2774701344292
1417491940644
2517003568420
1692369847588
2791881475364
1417508455704
2517020083480
1417492662552
2517004290328
1417508718872
2517020346648
1417509767704
2517021395480
1688007756072
2787519383848
1675122854184
2774634481960
1417492923688
2517004551464
1692370830632
2791882458408
1417508391208
2517020018984
1692386298152
2791897925928
1670845401384
2770357029160
1413147363624
2512658991400
1417491662372
2517003290148
1692369569316
2791881197092
1395949996580
2495461624356
1670827903524
2770339531300
1413129865764
2512641493540
1688007772708
2787519400484
1400244963876
1396034603288
2495546231064
1670912510232
2770424138008
1413214472472
2512726100248
1688092379416
2787604007192
1400329570584
2499841198360
1692302460200
2791814087976
1417492645416
2517004273192
1692370552360
2791882180136
2499840215572
2770423155220
1413213489684
2512725117460
1395966511636
2495478139412
1670844418580
1688091396628
2787603024404
1400261478932
1675139302952
2774650930728
1417441265192
2512708535848
1688074815016
2787586442792
1396033537560
2495545165336
1670911444504
2770423072280
1413213406744
2512725034520
1688091313688
2787602941464
1400328504856
2499840132632
2774634219816
1413196646692
2512708274468
1688074553636
2787586181412
1400311744804
2499823372580
1675189651748
2774701279524
1417491613988
2517003241764
2499841181220
1675207460388
2774719088164
2495546542376
1670912821544
1413146297636
2512657925412
1688024204580
2787535832356
1692319171876
2791830799652
1670894748968
2770406376744
2791882246696
1670911723044
2770423350820
1692386280724
1688075929108
2787587556884
1395951044116
2495462671892
1670828951060
2770340578836
1413130913300
2512642541076
1688008820244
2787520448020
1395966511640
2495478139416
1670844418584
2770356046360
1413146380824
2512725035288
2516954269976
1417442641444
2516954269220
1692320548388
2791832176164
1417424569624
2516936197400
1692302476568
2791814104344
2517004552744
1400329831716
2499841459492
1675207738660
2774719366436
1417509700900
2517021328676
1670912820756
2770424448532
1413214782996
2512726410772
1688092689940
2787604317716
1413197695268
2512709323044
1688075602212
2787587229988
1417442314536
2512641214760
1688007493928
2787519121704
1417491859992
2517003487768
1692369766936
2791881394712
1400244685096
2499756312872
1675122592040
1413214471464
2512726099240
1688092378408
2787604006184
1413146577192
2512658204968
1688024484136
2787536111912
1396016826648
2495528454424
1670894733592
2770406361368
1413196695832
2512708323608
1688074602776
2787586230552
1400311793944
2499823421720
1670845400344
2770357028120
1413147362584
2512658990360
1400261477652
1688025269528
2787536897304
1400262460696
2499774088472
1675140367640
2787535833640
1675189700888
2774701328664
2774651995416
1395967755560
2495479383336
1670845662504
2770357290280
1413147624744
2512659252520
1688025531688
2787537159464
1400262722856
2499774350632
1417424487976
2516936115752
1675190748696
2774702376472
1417509423384
2517021051160
1692387330328
2791898958104
2499841444388
1400328522264
2499840150040
1413213686040
2512725313816
1688091592984
2787603220760
1396018070824
2495529698600
1670895977768
2774701262356
1396033537556
2495545165332
1670911444500
2770423072276
1413213406740
2512725034516
1688091313684
2770407343636
1413197678100
1692320221716
2791831849492
2512641148440
1400244618776
2499756246552
1417424487960
2516936115736
1413213407768
2512725035544
1688091314712
2787602942488
1417425618472
2516937246248
1675189634344
2495461344536
1400244897044
2499756524820
1675122803988
1670844418596
1688024287780
1396016842280
2495461279268
1670827558436
2770339186212
1413129520676
2512641148452
1688007427620
2787519055396
1400244618788
2499756246564
1675122525732
1395951028500
2495462656276
1670828935444
2770340563220
1413130897684
2512642525460
1688008804628
2787520432404
1400245995796
2499757623572
1675191028008
2774702655784
1395949651496
2495461279272
1670912821540
1670912755220
2774701344036
1417491678500
2517003306276
1692369585444
2791881213220
1670894748964
2770406376740
1413196711204
2512708338980
1688075864356
2787587492132
1400245946644
2499757574420
1675123853588
2774635481364
1417425815828
2516937443604
1692303722772
2791815350548
2787587229972
1675140434196
1395949668632
2495461296408
1395951044132
2495462671908
1670828951076
2770340578852
1395949668644
2495461296420
1670827575588
2770339203364
1413129537828
2512641165604
1688007444772
2787519072548
1400244635940
2499756263716
1395949668648
2495461296424
1670827575592
2770339203368
1670895012392
2770406640168
1417508635928
2517020263704
1692387674404
2791899302180
1692386542872
2791898170648
1395951028504
2495462656280
1670828935448
2770340563224
1413130897688
2512642525464
1688008804632
2787520432408
1400245995800
2499757623576
2499773105428
1417441346836
1692319253780
2791830881556
1396033619220
2495545246996
1670911526164
2770423153940
1413213488404
1417509489188
2517021116964
1692387396132
2791899023908
1417492727320
2517004355096
1692370634264
2791882262040
1396033537304
2495545165080
1670911444248
2770423072024
1413213406488
2512725034264
1688091313432
2787602941208
1400328504600
2499840132376
2787586229544
1413213751844
2512725379620
1688091658788
2787603286564
1675189635368
2774701263144
1692320483624
2791832111400
1413147674152
2512659301928
1688025581096
2787537208872
1400262772264
2499774400040
1675140679208
2774652306984
1417442641448
2516954269224
1413214734888
2512726362664
1688092641832
2787604269608
1396034913816
2495546541592
1670912820760
2770424448536
1688092689944
2787604317720
1400329881112
2499841508888
2516936182056
1395950717204
2495462344980
1670828624148
1413130586388
2512642214164
1688008493332
2787520121108
1400245684500
2499757312276
1395966510360
2495478138136
1670844417304
1675140678948
2774652306724
1417442641188
2516954268964
1692320548132
2791832175908
1400312055336
2499823683112
1675189962280
2774701590056
1396034913556
2495546541332
1670912820500
2770424448276
1413214782740
2512726410516
1688092689684
2787604317460
1400329880852
2499841508628
1413213407508
2512725035284
1688091314452
2787602942228
1413197939988
2512709567764
1688075846932
1400262724116
2499774351892
1675140631060
1413197957652
1400311745044
2499823372820
1675189651988
1417491614228
2517003242004
1395949668888
2495461296664
1670827575832
2770339203608
1395949668900
2495461296676
1670827575844
2770339203620
1413129538084
2512641165860
2517004356116
2791882263060
1396017891860
1400312859156
2499824486932
1675190766100
2774702393876
1417492728340
1417508701732
2517020329508
1692386608676
2791898236452
1417492908580
2517004536356
1692370815524
2791882443300
1417491614232
2517003242008
1692369521176
2791881148952
1417509684776
2517021312552
1413130913304
2512642541080
1688008820248
2787520448024
1692387591720
2791899219496
1692370831656
1692386624808
2791898252584
2791882459432
1675190749476
2774702377252
1395951028516
2495462656292
1670828935460
2770340563236
1413130897700
2512642525476
1688008804644
1400245995812
2499757623588
2499774073368
1400329618728
2499841246504
1675207525672
2774719153448
2499824421160
1670911788328
2770423416104
1670895995176
2770407622952
2499841526312
2499823699496
1417492727060
2517004354836
1400262445332
2499774073108
1675140352276
2774651980052
1417442314516
2516953942292
1396034603556
2495546231332
1670912510500
2770424138276
1413214472740
2512726100516
1670895716904
2770407344680
1417441608984
2516953236760
1692319515928
2791831143704
1417425815832
2516937443608
1692303722776
2791815350552
2495462656296
2791814089236
1670828935464
2770340563240
1413130897704
2512642525480
1688008804648
2787520432424
1396034914600
1396033619236
2495545247012
1670911526180
2770423153956
1675139384612
2774651012388
1417441346852
2516952974628
1692319253796
2791830881572
1688008558100
2787520185876
1400245749268
2787604318740
2499757377044
1675123656212
2774635283988
1417425618452
2516937246228
2787586246164
1417441330712
2516952958488
1692319237656
2791830865432
2512726084132
1688092363300
2787603991076
1395967560212
2495479187988
1670845467156
2770357094932
1413147429396
2512659057172
1688025336340
2787536964116
1400262527508
1396034669076
1692370553384
2791882181160
1675206740248
2774718368024
1395950717220
2495462344996
1670828624164
2770340251940
1413130586404
2512642214180
1688008493348
2787520121124
1400245684516
2499757312292
1400313038120
2499824665896
1675190945064
2774702572840
1400328505640
1675122590996
2774634218772
1417424553236
2516936181012
1396017874196
2495529501972
1670895781140
2770407408916
2791881148692
1395967560216
2495479187992
1395949716760
1396016826916
2495528454692
1670894733860
2770406361636
1413196696100
2512708323876
1688074603044
2787586230820
1692387591460
2791899219236
1675140367908
2774651995684
1417442330148
2516953957924
1417508390168
2517020017944
1692386297112
2791897924888
1395950717224
2495462345000
1670828624168
2770340251944
1413130586408
2512642214184
1396034602516
2495546230292
1670912509460
2770424137236
1413214471700
2512726099476
1400329569812
2499841197588
2512642213156
1688008492324
1692319451668
2791831079444
1400261675540
2499773303316
1675139582484
2774651210260
1675140678952
2774652306728
1417442641192
2516954268968
1692320548136
1400329618724
2499841246500
1675207525668
2774719153444
1417509487908
2517021115684
1413213472036
2512725099812
1396034913560
2495546541336
1670912820504
2770424448280
1413214782744
2512726410520
1688092689688
2787604317464
1400329880856
1413213668900
2512725296676
1688091575844
2787603203620
1395949716776
2495461344552
1413129585960
2512641213736
1688008559144
2787520186920
1400245750312
2499757378088
1675123657256
2774635285032
1417425619496
2516937247272
1692303526440
2791815154216
1400244684056
2499756311832
1675122591000
2774634218776
1396017891864
2495529519640
1670895798808
2770407426584
1413197761048
2512709388824
1688075667992
2787587295768
1400312859160
2499824486936
2495545230628
1670911509796
2770423137572
2770407344420
1692319171864
2791830799640
1417441610280
1396034585896
2495546213672
1417509504552
2499757377828
1675123656996
1417425619236
2516937247012
1692303526180
2791815153956
2791832111640
1400329882152
2499841509928
1675207789096
1400311809576
2499823437352
2516952958228
1675189716520
2774701344296
1396017891604
2495529519380
1670895798548
2770407426324
1413197760788
2512709388564
1688075667732
2787587295508
1400312858900
2499824486676
2512709306648
1417442313496
1688075601172
2787587228948
2516953941272
2512641213988
1688007493156
2787519120932
1400244684324
2499756312100
1675122591268
2774634219044
1417424553508
2516936181284
1692302460452
2791882525204
1396016825876
2495528453652
1670894732820
2770406360596
1400311793172
2499823420948
1675189700116
2774701327892
1417491662356
2517003290132
1417508455972
2517020083748
1692386362916
2791897990692
1417492662820
2517004290596
1692370569764
2791882197540
1417509766680
2517021394456
2774701262120
1395967560228
2495479188004
1670845467172
2770357094948
1413147429412
2512659057188
1400262527524
2499774155300
1675140352280
2774651980056
1396034603560
2495546231336
1688008558104
2787520185880
1400245749272
2499757377048
1675123656216
2774635283992
1417425618456
2516937246232
1692303525400
2791815153176
1400261478696
2499773106472
1675139385640
2774651013416
1417508718888
1692387592472
1396034603300
2495546231076
1413214472484
2512726100260
1688092379428
2787604007204
1400329570596
2499841198372
1395967560232
2495479188008
1670845467176
1692370831896
2791882459672
2770357094952
1413147429416
2512659057192
1396033537572
2495545165348
1692303525140
2791815152916
1670828688660
2770340316436
1417492973864
2517004601640
2787604071700
1675140433172
1670845465876
2770357093652
1400262526228
2499774154004
1413147428116
2512659055892
1688025335060
2787536962836
1417491875364
2517003503140
1692369782308
2791881410084
1692386560536
2791898188312
1396016826920
2495528454696
1670894733864
2770406361640
1413196696104
2512708323880
1688074603048
2787586230824
1400311794216
2499823421992
1688025269800
2787536897576
1400262460968
2499774088744
1675140367912
2774651995688
1417442330152
2516953957928
1692320237096
2791831864872
2787586492968
1675207788836
2774719416612
1400328587544
2499840215320
1675206494488
2774718122264
1396034602520
2495546230296
1670912509464
2770424137240
1413214471704
2512726099480
1688092378648
2787604006424
1400329569816
2499841197592
1675139582488
2774651210264
1395967558936
2495479186712
1670845465880
2770357093656
1413147428120
2512659055896
1688025335064
2787536962840
1400262526232
2499774154008
1400312792360
2499824420136
1396016826660
2495528454436
1670894733604
2770406361380
1413196695844
2512708323620
1688074602788
2787586230564
1400311793956
2499823421732
1675140367652
2774651995428
1417442329892
2516953957668
1692320236836
1395967493412
2495479121188
1670845400356
2787536897316
2770357028132
1400329569556
2774719104276
1692387345684
2791898973460
1396034602260
2495546230036
1670912509204
2770424136980
1413146577172
2512658204948
1688024484116
2787536111892
1400261675284
2499773303060
1396034849320
2495546477096
1670912756264
2770424384040
1413146297620
1692319451428
2791831079204
1692387395092
2791899022868
1400245750056
2499757377832
1675123657000
2516937426468
1692303705636
2791815333412
1417441266212
2516952893988
1692319173156
2791830800932
1417442576920
2516954204696
1692320483864
1413214521640
1688092428584
2787604056360
1396017891608
2495529519384
1670895798552
2770407426328
1413197760792
2512709388568
1688091330084
2787602957860
2770339251752
1413129586216
2512641213992
1688007493160
2787519120936
1400244684328
2499756312104
1675122591272
2774634219048
1417424553512
2774652045592
2499823634712
1675189913880
2774701541656
1692319255080
2791830882856
1396016825880
2495528453656
1670894732824
2770406360600
1413196695064
2512708322840
1688074602008
2787586229784
1400311793176
1400261412372
2499773040148
2517003569448
2770355980584
2787519120676
1400244684068
2499756311844
1675122591012
2774634218788
1417424553252
2516936181028
1692302460196
2791814087972
1675206673956
2774718301732
1400329636392
2499841264168
1675207543336
2774719171112
1675189699860
1417491662100
2517003289876
1400311792916
1413196694804
2512708322580
1688074601748
2774701327636
1692386282004
2791897909780
1395967558948
2495479186724
1670845465892
2770357093668
1413147428132
2512659055908
1688025335076
2787536962852
1400262526244
2499774154020
2512725051940
1396034603304
1688091658516
2787603286292
1675139647764
2774651275540
1417441610004
2516953237780
1395966773524
2495478401300
1413147674132
1688025581076
2787537208852
1413213734184
2512725361960
1413197941032
2512709568808
1688075847976
2787587475752
2516937245976
1692303525144
2791815152920
1692369765928
2791881393704
1395967558952
2495479186728
1670845465896
2770357093672
1413147428136
2512659055912
1688025335080
2787536962856
1400262526248
1396016776484
2495528404260
1670894683428
2770406311204
2770423089432
1395966773528
2495478401304
1670844680472
2770356308248
1413146642712
2512658270488
1688024549656
1675206411556
2774718039332
1417508373796
1400328504612
2499840132388
1396033537316
1413213406500
2512725034276
1688091313444
2787602941220
2499823700516
1675189979684
2774701607460
1400328848936
1670895995428
1670911788580
2770423416356
2770407623204
2499840476712
1675206755880
2774718383656
1400313055784
2499824683560
1396034913828
2495546541604
1413214783012
2512726410788
1688092689956
2787604317732
1400329881124
2499841508900
1413214733588
2512726361364
2791882443032
2791898236184
1396016826664
2495528454440
1670894733608
2770406361384
1413196695848
2512708323624
1688074602792
2787586230568
1400311793960
2499823421736
1400262460712
1400245733908
2499757361684
1675123640852
2774635268628
1417425603092
2516937230868
1688008542740
1692303510036
2791815137812
2787520170516
1417509702180
2517021329956
1692387609124
2791899236900
1396034602264
2495546230040
1670912509208
2770424136984
1413214471448
2512726099224
1688092378392
2787604006168
1400329569560
2499841197336
1675139582232
2774651210008
1417441544472
2516953172248
1692319451416
2791831079192
2774650930472
2774652242472
1413196712488
2512708340264
1395966494996
2495478122772
1670844401940
2770340562196
1675207543076
2774719170852
1675206411544
2774718039320
1395950699812
2495462327588
1670828606756
2774634236440
1417508391464
2517020019240
1396018152996
2495529780772
1670896059940
2770407687716
1688025254436
2787536882212
1400262445604
2499774073380
1675140352548
2774651980324
1417442314788
2516953942564
1692320221732
2791831849508
1417441348116
1692319237652
2791830865428
1396034651668
2495546279444
1670912558612
2770424186388
1413214520852
2512726148628
1396034587156
2495546214932
1395966773540
2495478401316
2517003568424
1692369847592
2495461344792
1670827623960
2770339251736
1413129586200
2512641213976
1688007493144
2787519120920
1400244684312
2499756312088
2787520448808
1396016825624
2495528453400
1670894732568
2770406360344
1688074601752
2787586229528
1400311792920
2499823420696
1692369832232
2791881460008
1692369569320
2770407343380
1395949717028
2495461344804
1675206755620
2774718383396
1400313055524
2499824683300
1675190962468
2774702590244
1670827623972
2770339251748
1675190962728
2774702590504
1400313104916
2499824732692
2516954269992
1395949717032
2495461344808
1395966773544
2495478401320
1670844680488
2770356308264
2499841459496
1675207738664
2774719366440
1400312777252
2499824405028
1675190684196
2774702311972
1675207788056
2774719415832
2516937509416
1400329553448
2499841181224
1675207460392
2774719088168
2774651193896
1396017022484
2495528650260
1670894929428
1400311989780
2499823617556
1675189896724
2774701524500
1417491858964
2517003486740
1692369765908
1396033816104
2495545443880
1670911723048
2770423350824
1417492661780
2517004289556
1692370568724
2791882196500
1675190699284
2774702327060
1396033537320
2495545165096
1413213406504
2512725034280
1688091313448
2787602941224
1417425863976
1688025253396
2787536881172
1400262444564
2499774072340
1675140351508
2774651979284
1417442313748
2516953941524
1692320220692
2791831848468
2516953171480
1692319450648
2791831078424
2512709323048
1688075602216
2787587229992
1396034913832
2495546541608
1670912820776
2770424448552
1413214783016
2512726410792
2787519317528
1400244880920
2499756508696
1675122787864
2774634415640
1417424750104
2516936377880
1692302657048
2791814284824
1396017022488
1396034930964
2495546558740
1675139384600
2774651012376
1400245684504
2499757312280
1675123591448
2774635219224
1395950766616
2495462394392
1670828673560
2770340301336
1413130635800
2512642263576
1688008542744
2787520170520
1400245733912
2499757361688
1417492990248
2517004618024
1396034913572
2495546541348
1670912820516
1413214782756
2512726410532
1688092689700
2787604317476
1400329880868
2499841508644
1675189896740
1692386363928
2791897991704
1692320237844
2791831865620
1675123640596
2774635268372
1692303509780
2791815137556
1396017891876
2495529519652
1670895798820
2770407426596
2517003289892
1692369569060
2791881196836
1417492972824
2517004600600
1692370879768
2791882507544
1417508440344
2517020068120
1692386347288
1417492645160
2517004272936
1692370552104
2791882179880
1413130847764
1688024222228
2512642475540
1413146315284
2787536946472
1413196907816
2512708535592
1688074864152
2787586491928
2770357013032
1413147347496
2512658975272
1688025254440
2787536882216
1400262445608
2499774073384
1675140352552
2774651980328
1417442314792
2791814302248
1692370568744
2791882196520
1396034587160
2495546214936
1413214456344
2512726084120
1688092363288
2787603991064
1417492711976
2517004339752
2770423399956
1396018072084
2495529699860
1670895979028
1675123657252
2774635285028
1675140352292
2774651980068
1417442314532
2516953942308
1692320221476
2791831849252
1396034586900
2495546214676
2791898958100
1400329554196
2499841181972
1675207461140
2774719088916
2770424121620
1413214456084
2512726083860
1675122787876
1692369766680
2791881394456
2512642278948
1400245749284
2499757377060
1675123656228
2774635284004
1417425618468
2516937246244
1692303525412
1395967822100
2495479449876
1670845729044
2770357356820
1413147691284
2512659319060
1688025598228
2787537226004
1400262789396
2499774417172
2495529518612
1417509767464
2787519400468
1413129865748
2512641493524
1688007772692
1692302739988
2791814367764
1413146298664
2512657926440
1688024205608
2787535833384
1692320287016
2791831914792
1417509489192
2774718302484
2499756508712
1417424750120
1692369783080
2791881410856
1413213751848
2512725379624
1688091658792
2787603286568
2787536881176
1400262444568
1395967822104
2495479449880
1670845729048
2770357356824
1413147691288
2512659319064
1688025598232
2787537226008
1400262789400
2499774417176
1675207542296
2774719170072
1675207723544
1675123852840
2774635480616
1400261413416
2499773041192
2787536880916
1417442313492
2516953941268
1395967477012
2495479104788
1396034602532
2495546230308
1675139582500
2774651210276
1417441544740
2516953172516
1692319451684
2791831079460
2770423351828
1413213686292
2512725314068
1688091593236
2787603221012
1396033817108
2495545444884
1670911724052
1675206691348
2774718319124
1413213407512
2516937245992
1692303525160
2791815152936
1692369832484
2791881460260
1417508701736
2517020329512
1692386608680
2791898236456
1417492908584
2774634153236
2499756246292
2495462394136
1670828673304
2770340301080
1413130635544
2512642263320
1395950962196
2495462589972
1688008542488
1692370635048
2791882262824
1692369504808
2791881132584
2774701606420
1400312842536
2499824470312
1675190749480
2774702377256
1396017891620
2495529519396
1670895798564
2770407426340
1413197760804
2512709388580
1688075667748
2787587295524
1400312858916
2499824486692
2499823371812
1675189650980
1670895012136
2770406639912
1396016825892
2495528453668
1670894732836
2770406360612
1413196695076
2512708322852
1688074602020
2787586229796
1692387395876
2791899023652
1417492727064
2517004354840
2791882261784
2495479449892
1670845729060
2770357356836
1413147691300
2512659319076
1688025598244
2787537226020
1400262789412
2499774417188
1670844614164
2770356241940
1688024483348
2787536111124
1417424554520
2516936182296
1396034586904
2495546214680
1670912493848
1413214456088
2512726083864
1688092363032
2787603990808
1400329554200
1413213473316
2512725101092
1688091380260
2787603008036
1413214784024
2512726411800
1688092690968
2787604318744
1400261397012
2499773024788
1675139303956
2774650931732
1417441266196
1692319173140
2516952893972
2791830800916
1400328505876
2499840133652
1688008558120
2787520185896
1400245749288
2499757377064
1675123656232
2774635284008
1413214456360
2512726084136
1688092363304
2787603991080
1688074619432
2787586247208
1396017890840
2495529518616
1670895797784
2770407425560
1413197760024
2512709387800
1400245995028
2499757622804
1675123901972
2774635529748
1417509423400
2517021051176
2791815416104
2774634498584
1417424833048
2516936460824
1400312055080
2499823682856
1675189962024
2517004290600
1675123655972
2774635283748
1417425618212
2516937245988
1692303525156
2791815152932
1417425798676
2516937426452
1692303705620
2791815333396
1675190764820
2774702392596
1396017890580
2495529518356
1400313038356
2499824666132
1670895797524
2770407425300
2499756591380
1675122870548
2774634498324
1417424832788
2516936460564
1692302739732
2791814367508
1417492908324
2517004536100
1692370815268
2791882443044
1417491613976
2517003241752
1692369520920
2791881148696
1417509684520
2517021312296
1692387591464
2791899219240
2787536880920
1400262444312
2499774072088
1675140351256
2499824682260
2774702589204
1400328522004
2499840149780
1675206428948
2774718056724
1395950962200
1692320237864
2791831865640
1670844615208
2770356242984
1688024484392
2787536112168
2512725296680
1688091575848
2787603203624
2774702655016
1675206494760
2774718122536
1396033817112
2495545444888
2770423351832
1400328784408
2499840412184
1692386543896
1400329569572
2499841197348
1417509438756
2517021066532
1692387345700
2791898973476
2512726099236
1688092378404
1396017809704
2495529437480
1413146577188
2512658204964
1688024484132
2787536111908
1675139582244
2774651210020
1417441544484
2516953172260
1675206691092
2774718318868
1417508653332
2517020281108
1692386560276
2791898188052
1396033816852
2495545444628
1670911723796
2770423351572
2787604318484
1417441330456
2516952958232
1692319237400
2791830865176
2516937165080
1692303444248
2791815072024
1396017891624
2495529519400
1670895798568
2770407426344
1413197760808
2512709388584
1688075667752
2787587295528
1400312858920
2499824486696
1417491679780
2517003307556
1417492990488
2517004618264
1417508455976
2517020083752
1692386362920
2791897990696
1417492662824
1670844336676
2770355964452
1413146298916
2512657926692
1688024205860
2787535833636
2770407606824
1675207805460
2774719433236
2770356241944
1413146576408
2512658204184
1688024483352
2787536111128
1400261674520
2499773302296
1675139581464
2774651209240
1417441543704
2770406360356
1413196694820
2512708322596
1400311792932
2499823420708
1675189699876
2774701327652
1417491662116
1400329570852
2499841198628
1675207477796
1692370831912
1395950962212
2495462589988
1670828869156
2770340496932
1413130831396
2512642459172
1688008738340
2787520366116
1400245929508
2499757557284
1395966429736
2495478057512
1670844336680
2770355964456
1413146298920
1400261674260
2499773302036
1417441543444
2516953171220
1692319450388
2791831078164
1395966706964
2495478334740
2791897908500
1400328504596
2499840132372
1675206411540
2512725034260
2787602941204
1417508373780
2517020001556
1692303510052
2791815137828
1400245749032
2499757376808
1675123655976
2774635283752
1396017890584
1670895797528
2770407425304
1688075666712
2787587294488
1413197760036
2512709387812
1688075666980
2787587294756
2516936460568
1692302739736
2791814367512
2512642476584
1688008755752
2787520383528
1692302738984
2791814366760
1400329881896
2499841509672
1675207788840
1675189716264
1395966428440
2495478056216
1670844335384
2770355963160
1413146297624
2512657925400
1688024204568
2787535832344
1400261395736
2499773023512
1400328783396
2499840411172
1417492990228
2517004618004
1692370897172
2791882524948
1413146298644
1395966429460
2495478057236
1670844336404
1396016761108
2512708258068
1688074537236
2787586165012
1417508374804
2517020002580
1670911773224
2770423401000
1417508455716
2517020083492
1692386362660
2791897990436
1417492662564
2517004290340
1675123640868
2774635268644
1417425603108
2516937230884
1396034602280
2791882246676
1400312842772
2499824470548
1675190749716
2774702377492
1417492711956
2517004339732
1692370618900
2495546230056
1417509438760
2517021066536
1670844614952
2770356242728
1417509488152
1413196974612
2512708602388
1688074881556
2787586509332
2517021115928
1692387395096
2791899022872
1417441593880
1396033816856
2495545444632
1675122526500
2774634154276
1417424488740
2516936116516
1692302395684
2791814023460
1396016761124
2495528388900
1670894668068
2770406295844
1413197957656
2512709585432
1688075864600
2787587492376
2791881475368
1413129521448
2512641149224
1688007428392
2787519056168
1400244619560
2499756247336
1675122526504
2774634154280
1417424488744
2516936116520
1413213423144
2512725050920
1688091330088
2787602957864
1400245732648
2499757360424
1396034865684
2495546493460
2499824749096
1413196695060
2512708322836
1688074602004
2787586229780
1395949717012
2495461344788
1670827623956
2770339251732
1413129586196
2512641213972
1396034587172
2495546214948
1670912494116
2770424121892
1413214456356
1417425601816
2516937229592
1413214538004
2512726165780
1688092444948
2787604072724
1417508653336
2517020281112
1692386560280
2791898188056
1692386363668
2791897991444
2770423072036
1400261395748
2499773023524
1675139302692
2774650930468
1417441264932
1395966428452
2495478056228
1670844335396
2770355963172
1396016825640
1688008541716
2787520169492
1692303509012
2495462393364
1670828672532
2791815136788
1400245732884
2499757360660
1675123639828
2774635267604
2791881131556
2516954204456
1688025581080
2787537208856
1675139581208
2774651208984
1417441543448
2516953171224
1692319450392
1692387330580
2791898958356
1395967478292
2495479106068
1400262445588
2499774073364
1675140352532
2774651980308
1417442314772
2516953942548
1417491679512
1675122591256
2774634219032
2512659237160
1395966428456
2495478056232
1688024204584
2787535832360
1400261395752
2499773023528
1417492924712
1396034849064
2495546476840
1400312072744
1692387394836
2791899022612
1395967478296
2495479106072
1670845385240
2770357013016
1413147347480
2512658975256
1688025254424
2787536882200
1400328587816
1417425798436
1413197957396
2512709585172
1688075864340
2787587492116
2516937426212
1396034586132
2495546213908
1670912493076
2770424120852
1675207460372
2774719088148
2787536095764
2495478319636
1670844598804
2770356226580
1413146561044
1395966691860
1692319435284
2512725100052
1688091379220
2787603006996
1413197679124
2512709306900
1688075586068
2787587213844
1417508719140
2517020346916
1692386626084
2791898253860
1417509702184
2517021329960
1692387609128
2791899236904
2770340301352
1413130635816
2512642263592
1688008542760
2787520170536
1675123640872
2774635268648
1417425603112
1675189635352
2774701263128
2774701541928
1396017875480
2495529503256
1670895782424
2770407410200
1413197744664
2512709372440
1688075651608
2787587279384
1400312842776
2499824470552
1417509487912
2517021115688
1417441593640
2516953221416
1400329636136
2499841263912
1675207543080
1413197957416
2512709585192
2774719170856
1417424833064
2516936460840
1675123640612
2774635268388
1417425602852
2516937230628
1692303509796
2791815137572
1417492907284
2517004535060
1692370814228
1413129586212
1688075651348
2787587279124
1692370618644
2791882246420
1396017875220
2495529502996
1670896059944
2770407687720
1396033620520
2495545248296
1670911527464
2770423155240
1400245668376
2499757296152
1688025253156
2787536880932
2516954270244
1692320549412
2791832177188
2516937508376
1692319255064
2791830882840
1688092706340
2787604334116
1395967478308
2495479106084
1670845385252
2770357013028
1413147347492
2512658975268
1675207526696
2774719154472
1692319172136
2791830799912
1670894732564
2770406360340
1675189979428
2774701607204
1675190766120
2774702393896
2495462393368
1670828672536
2770340300312
1413130634776
2512642262552
1688008541720
2787520169496
1675123639832
1400328848680
2499840476456
1675206755624
2774718383400
1417491941672
1692370815256
1670912493860
2770424121636
1413214456100
2512726083876
1688092363044
2787603990820
1400311794212
2499823421988
1675189701156
2774701328932
1395967478312
2495479106088
1675206477352
2791881475608
2774718105128
1670845385256
2770340300052
1688008541460
2787520169236
1675123639572
2774635267348
1413146560788
1692387608868
2791899236644
1396017039912
1400313103908
2499824731684
1400328571428
2499840199204
1400329882136
2499841509912
1417491678740
2517003306516
1692369848852
1400329553172
2499841180948
1417509422356
2517021050132
2791881476628
1413147346196
2512658973972
1688025253140
1417509423652
2517021051428
2512642279956
1692387330596
2791898958372
1417492661784
2517004289560
1692370568728
2791882196504
1413196712232
2512708340008
1688074619176
2787586246952
1413213686308
2512725314084
1688091593252
2787603221028
1692386280744
2791897908520
1675139368232
1692319450644
2791831078420
1692386559508
1675140351528
2774651979304
1417442313768
2516953941544
1692387592744
2791899220520
1692369520168
2791881147944
1396034586136
2495546213912
1413214455320
2512726083096
1688092362264
2787603990040
1400329553432
2499841181208
1675207476756
2774719104532
1417441528344
1395967477016
2495479104792
2495545248036
1670911527204
2770423154980
1670845383960
2770357011736
1413147346200
2512658973976
1688025253144
2517003291176
1417442313508
2516953941284
1692320220452
2791831848228
1395967477028
2495479104804
1670845383972
2770357011748
2495546231080
1400311989800
2499823617576
2774719087892
2791815415060
1396034585876
2495546213652
1413214455060
2512726082836
1395966707224
2495478335000
1670844614168
1417441528084
2516953155860
1692319435028
1675139565844
2774651193620
2512658188564
1688024467732
2787536095508
1396033817124
2495545444900
2770340497960
1417509766424
1692303459620
2791815087396
2517021394200
1417442330904
2516953958680
1417425602068
2516937229844
1692369569064
2791881196840
1417424832020
2516936459796
1692302738964
2791814366740
1413129864724
2512641492500
1688007771668
2787519399444
1692386543140
1396017875224
2495529503000
1670895782168
2770407409944
1413197744408
2512709372184
1688075651352
2787587279128
1400312842520
2499824470296
1692303770920
1400313104660
2499824732436
2791815398696
1692319238440
2791830866216
1400312776996
2499824404772
1675190683940
2774702311716
2499841508632
1675207787800
2774719415576
1692302477864
2791814105640
1400329553192
2499841180968
1675207460136
2774719087912
1417441544488
2516953172264
2770407606808
1400312841748
2499824469524
1675190748692
2774702376468
1417492710932
2517004338708
1688075650580
2770340300308
1413130634772
2512642262548
2774635202856
1692319450660
2791831078436
2791831078168
1396034585892
2495546213668
1670912492836
2770424120612
1413214455076
2512726082852
1688092362020
2787603989796
1675140351268
2774651979044
1692303444500
2770424121876
1413214456340
2512726084116
1688092363284
2787603991060
1413214718484
1413196645908
2512708273684
1688074552852
2787586180628
1413129521688
2512641149464
1688007428632
2787519056408
1400244619800
2499756247576
1675122526744
2774634154520
1417424488984
2516936116760
1395950765592
1395966707236
2495478335012
1413146576420
2512658204196
1400261674532
2499773302308
2517003307288
1396017890856
1395949996584
2495461624360
1670827903528
2770339531304
1688007772712
2787519400488
1400244963880
2499756591656
1675189896484
2774701524260
1675206674712
2774718302488
1675122526756
2774634154532
1417424488996
2516936116772
1692302395940
2791814023716
1396016761380
2495528389156
1670894668324
2770406296100
1395967477032
2495479104808
1413147346216
2512658973992
2517004552488
1395966691608
2495478319384
1670844598552
2770356226328
1413146560792
2512658188568
1688024467736
2787536095512
1400261658904
2499773286680
1395949652520
2495461280296
1417441266216
2516952893992
1396017890596
2495529518372
1670895797540
2770407425316
1413197759780
2512709387556
1688075666724
2787587294500
1400312857892
2499824485668
1675190766104
2774702393880
1395966707240
2495478335016
1670844614184
2770356241960
1413146576424
2512658204200
1396017105172
2495528732948
1670895012116
2770406639892
1413196974356
2512708602132
1688074881300
2787586509076
1400312072468
2499823700244
1688008754452
2787520382228
1413146315028
2512657942804
1688024221972
2787535849748
1417509505556
2517021133332
1688025253160
2787536880936
1400262444328
2499774072104
2774651979048
1417442313512
2516953941288
1692320220456
1417441609252
2516953237028
1692319516196
2791831143972
1417425816100
2516937443876
1692303723044
2791815350820
1413196629288
2512708257064
1688074536232
2787586164008
1396034585880
2495546213656
1670912492824
2770424120600
1413214455064
2512726082840
1688092362008
2787603989784
1400329553176
2499841180952
1688074863912
2787586491688
1417491925544
1675139565848
2774651193624
1417441528088
2516953155864
1692319435032
2791831062808
2791832127016
1670911724072
2770423351848
1413213686312
2770407606548
1670911444260
1413129864728
2512641492504
1400244962840
2499756590616
1675122869784
2774634497560
1417424832024
1396033816868
2495545444644
1670911723812
2770423351588
1688091592996
2787603220772
1675206740516
2774718368292
1400312071704
2499823699480
1675189978648
2774701606424
1417491614248
2517003242024
1400329816616
1395950765604
2495462393380
1670828672548
2770340300324
1413130634788
2512642262564
1688008541732
2787520169508
1400245732900
2499757360676
1400311744040
2499823371816
1396017089044
2495528716820
1670894995988
2770406623764
1413196958228
2512708586004
1688074865172
2787586492948
1400312056340
2499823684116
1675122869524
2774634497300
1395949995284
2495461623060
1670827902228
2770339530004
1417508718100
2517020345876
1692386625044
2791898252820
2517004552724
1395966691620
2495478319396
1688024467748
2787536095524
2517020018212
1417509701144
2517021328920
1413213751592
2512725379368
1688091658536
2787603286312
2517021051156
1395950765608
2495462393384
1688008541736
2787520169512
1400245732904
1675190765844
2774702393620
1670827887128
2770339514904
1688007756312
2787519384088
1675122854424
1692319189288
2791830817064
1688024483368
2787536111144
1400261674536
2499773302312
1675139581480
2774651209256
1413213473320
2512725101096
1688091380264
2787603008040
1675207542040
2774719169816
1396033816088
2495545443864
1670911723032
2770423350808
1413213685272
2512725313048
1688091592216
2787603219992
1400328783384
2499840411160
1670844598568
2770356226344
1413146560808
2512658188584
1688024467752
2787536095528
1400261658920
2499773286696
1400261413160
2499773040936
1675139320104
2774650947880
2770406378004
1400261462552
2499773090328
1413146576164
2512658203940
1688024483108
1400261674276
2499773302052
1675139581220
2774651208996
1417441543460
2516953171236
1692319450404
1692319238680
2791830866456
2770407361048
1688075602456
2787587230232
1692386559252
2791898187028
1400328783124
2499840410900
1396033815828
2495545443604
1692302412308
2791814040084
1396016777748
2495528405524
1670894684692
2770406312468
1413196646932
2512708274708
1688074553876
1692369832228
2791881460004
1417442592036
2516954219812
1692320498980
2791832126756
1417508701480
2517020329256
1692386608424
2791898236200
1396017890600
2495529518376
1670895797544
2770407425320
1400312857896
1413214472724
2512726100500
1688092379668
2787604007444
1692320220708
2791831848484
1396017105176
2495528732952
1670895012120
2770406639896
1688074881304
2787586509080
2774650996008
2787537159700
1675122543128
2774634170904
1417424505368
2516936133144
1692302412312
2791815071272
1400329816356
2499841444132
1400313054488
2499824682264
1400328522008
2499840149784
2495462394388
2774702310936
2495479170584
1670845449752
1400312842516
1675190749460
2774702377236
2512641214740
1688007493908
2787519121684
1400244685076
2499756312852
1675122592020
2774702327332
1675122854436
2774634482212
1395949717784
1396017875492
2495529503268
1670895782436
2770407410212
1413197744676
2512709372452
1688075651620
2787587279396
1400312842788
2499824470564
1692302461208
2791814088984
2791831063060
1692387329556
2791898957332
2787587540260
1413214783768
2512726411544
1688092690712
2787604318488
1396033816872
1413147626004
1395967756820
2512659253780
2495479384596
1688091592212
1395949717796
2495461345572
1670827624740
2770339252516
1413129586980
2512641214756
1688007493924
2787519121700
1400244685092
2499756312868
1413214456104
1395949717800
2495461345576
1670827624744
2770339252520
1413129586984
1692302738712
2791814366488
1395949980200
2495461607976
1670827887144
2791899285032
1395949978900
2495461606676
1670827885844
2770339513620
1413129848084
2512641475860
1688007755028
2787519382804
1400244946196
2499756573972
1400313120292
2499824748068
1675206494756
2774718122532
1675207805464
2774719433240
1400329570856
2499841198632
1396016777764
2495528405540
1670894684708
2770406312484
1413196646948
2512708274724
1688074553892
2787586181668
1400311745060
2499823372836
1675123639844
2774635267620
1417425602084
2516937229860
1413214718228
2512726346004
1688092625172
2787604252948
2499774335252
1675140614420
2774652242196
1417442576660
2516954204436
2495461606680
1395949980180
2495461607956
1670827887124
2770339514900
1413129849364
2512641477140
1688007756308
2787519384084
1400244947476
1396033815832
2495545443608
1670911722776
2770423350552
1413213685016
2512725312792
1688091591960
2787603219736
1400328783128
1395967755812
2495479383588
1413147624996
1400312775956
2499824403732
1675190682900
2774702310676
2512659252772
2512641165864
1688007445032
2787519072808
1400244636200
1688075666984
2787587294760
1395967740184
2495479367960
1670845647128
2770357274904
1413147609368
2512659237144
1688025516312
2787537144088
1400262707480
2499774335256
1417425815848
2770339202324
1396016776468
2495528404244
1670894683412
2770406311188
1413196645652
2512708273428
1395949667604
2495461295380
1670894667284
1400312007204
2499823634980
1670845662760
2770357290536
1670912575012
2770424202788
1400328783400
2499840411176
1675206690344
2774718318120
1396034586148
2512709306660
2495546213924
1400329553444
1675139566116
1692369586468
2791881214244
2774651193892
1417441528356
2516953156132
1692319435300
2791831063076
1417492990232
2517004618008
1692370897176
2495545428500
1670911707668
2770423335444
1688091576852
2787603204628
1417492711960
2517004339736
1692370618904
2791882246680
2791814350376
1413196974616
2512708602392
1688074881560
2787586509336
1400329898260
1675207805204
1396017875496
2495529503272
1670895782440
2770407410216
1413197744680
2512709372456
1413196646952
2512708274728
2770355964180
1688074553896
2787586181672
1675207477540
2774719105316
2499774351896
1675140631064
2774652258840
1417442593304
1400312055076
2499823682852
1675189962020
2774701589796
1417491924260
2517003552036
2770339513636
1413129848100
1417425537576
2516937165352
1396017875236
2495529503012
1670895782180
2770407409956
1413197744420
2512709372196
1688075651364
2787587279140
1400312842532
2499824470308
1396018087460
2495529715236
1670895994404
2770407622180
1396033554980
1400245996052
2499757623828
1675123902996
2774635530772
1417425865236
2516937493012
1692303772180
2791815399956
1675191011860
2774702639636
2499774351636
1675140630804
2774652258580
1692320499988
2791832127764
2512659253524
1688025532692
2787537160468
1417492973848
1692386346280
1395967740196
2516952910356
1692319189524
2791830817300
2495479367972
1688025516324
1417442379048
2516954006824
1692320285992
2791831913768
1417491875112
2517003502888
1692319434260
1692369831448
2791881459224
1692369503784
1395951028760
2495462656536
1670828935704
2770340563480
1413130897944
2512642525720
1688008804888
2787520432664
2499757360680
2791899235880
1670895781400
2770407409176
2512709371416
1417508439336
2517020067112
2774634482200
1417424816664
2516936444440
1395949667620
2495461295396
1413129536804
2512641164580
1688007443748
2787519071524
2512708273444
1395967805972
2495479433748
1400328504868
2499840132644
1675206411812
2774718039588
1675207722520
2774719350296
1670911772968
2770423400744
2499757360420
1675123639588
2774635267364
1417425601828
2516937229604
1692303508772
2791815136548
1670828623384
2770340251160
2791815088660
1688008493588
2787520121364
1675190748436
2774702376212
1417492710676
1417425553940
1395966510616
2495478138392
1670844417560
1670827886868
2770339514644
1413129849108
2512641476884
1688007756052
2787519383828
1413196974628
2512708602404
1688074881572
2787586509348
1400312072740
1692387394840
2791899022616
2787519071528
2516937426216
1688075864344
2787587492120
1692303705384
2791815333160
1688091329832
2787602957608
1688075586072
2787587213848
1675191010600
2774702638376
1395950717464
2495462345240
1670828624408
2770340252184
1413130586648
2512642214424
1400245684760
2499757312536
1675139566120
2791832193576
1675189717544
2774701345320
1396033800728
2495545428504
1670911707672
2770423335448
1413213669912
2512725297688
1688091576856
2787603204632
1400328768024
2499840395800
1400328571416
1396034848020
2495546475796
1670912754964
2787520365844
2770340496660
1395949913364
1400329553188
2499841180964
1675207460132
2774719087908
1417509422372
2517021050148
1675139565860
2774651193636
1417441528100
2516953155876
1395949913368
2495461541144
1670827820312
2770339448088
1395951028772
2495462656548
1670828935716
2770340563492
1413130897956
1692369831188
1675206674708
1396033800468
2495545428244
1670911707412
2770423335188
2516954204440
1417492907288
1692370814232
2791882442008
1417508374808
1417424832036
2516936459812
1692302738980
2791814366756
2787537143076
1400313038116
2499824665892
2774702572836
1692370814244
1413214734884
2512726362660
1688074880532
2791881475604
1400312071700
2499823699476
1675189978644
1417441331476
2516952959252
1396033603860
2495545231636
1400328571156
2499840198932
1675206478100
2774718105876
1395951028776
2495462656552
1670828935720
2770340563496
1413130897960
1413198023204
2512709650980
1675140630808
2774652258584
1395966510628
2495478138404
2512658007588
1688024286756
2787535914532
1400261477924
2499773105700
1692387674408
2791899302184
1413214799400
2512726427176
1675139565080
2774651192856
1417441527320
2516953155096
1692319434264
1688075912468
2787587540244
1675191010580
2774702638356
1417492972820
2517004600596
1395966495000
2495478122776
1670844401944
2770356029720
1413146364184
1417441281576
2516952909352
1675189701160
1395950717476
2495462345252
1413130586660
2512642214436
1688008493604
2787520121380
1400245684772
2499757312548
1670844417576
1670844597524
2770356225300
1413146559764
2512658187540
1688024466708
2787536094484
2499773285652
1396033816100
2495545443876
1417508718884
2517020346660
1692386625828
2517003291156
1400329619988
2499841247764
1675207526932
2774719154708
1417509489172
1396033604116
2495545231892
1670911511060
1413213473300
1413130896664
2512642524440
1675123640856
1417491663384
2517003291160
1395966495256
2495478123032
1395967543832
1417442380312
2516954008088
1692320287256
2791831915032
1692386347556
2791897975332
1692370569768
2791882197544
2774702328360
2499824421416
1400312793640
1413130586664
2512642214440
1417425553960
2516937181736
1692303460904
1675206478372
2774718106148
1670844402212
2770356029988
1413146364452
2512657992228
1688024271396
2787535899172
1400261462564
2499773090340
1417508440616
2517020068392
1692386347560
2791897975336
1692370618920
1395966495272
2495478123048
1670844402216
2770356029992
1692369570344
2787520120084
1675123590420
2774635218196
1417425552660
1417492661524
2517004289300
1692370568468
1670895731988
2770407359764
1417491941668
2517003569444
1688075601176
2787587228952
1692387329320
2791898957096
2791898171672
2787536161316
2512642524452
1688008803620
2787520431396
1400313103652
2499824731428
2499773090088
1675206478120
2774718105896
1395966495016
2495478122792
1670844401960
2770356029736
1396033603880
2495545231656
1675139369256
2499756590372
1675122869540
2774634497316
1417424831780
2516936459556
1692302738724
2791814366500
1670827902244
2770339530020
1413129864484
1417492972840
1675123901736
2774635529512
1396018136360
2495529764136
1670896043304
2770407671080
2517004600616
1692370879784
2791882507560
2495479186964
1413147428372
2512659056148
1400262526484
2499774154260
1675140433428
2774652061204
1396034668052
2495546295828
1400329635348
2495462343972
1670828623140
2770340250916
1413130585380
1400245683492
2499757311268
1675123590436
2774635218212
1417425552676
2516937180452
2791881410836
1400244898068
2499756525844
1675122805012
2774634432788
1417424767252
2516936395028
1692302674196
2791814301972
1396017039636
2517020280100
1692386559268
2791898187044
2770356290856
1400262526488
1417509504536
2517021132312
1692387411480
2791899039256
1396034668056
2495546295832
1670912575000
2770424202776
1413214537240
1417492661544
2517004289320
1692370568488
2791882196264
1417425552680
1396017825064
2495529452840
1413197694248
2512709322024
1413146315032
1413130847512
1692302674200
2791814301976
1396017039640
2495528667416
1688074815768
2787586443544
1400312006936
2512642475288
1395949930776
2495461558552
2499757640212
1417425881620
1670828952084
2770340579860
2791899236884
2787604269588
1395967543572
2495479171348
1670845450516
2770357078292
1413147412756
2512659040532
1688025319700
2787536947476
1400262510868
2499774138644
2512641492264
1688007771432
2787519399208
1400244962600
2499756590376
1675140433444
2774652061220
1692320302628
2791831930404
1688092444196
2787604071972
2517020018216
1400328849940
2499840477716
1675206756884
2774718384660
1692386626068
1417441610260
1692319517204
2791831144980
1395966773780
2495478401556
1692320287000
2791831914776
1417442380056
2495479171352
1670845450520
2770357078296
1688025319704
2787536947480
1400262510872
2499774138648
1413196908836
2791899039272
1400329635368
2499841263144
1675207542312
2770407672356
1400262526504
2499774154280
1675140433448
2774652061224
2770423417368
2791898253848
1400328849944
1692319517208
2791831144984
1400328766996
2499840394772
1675206673940
2774718301716
1417508636180
2517020263956
1692386543124
1688025515540
2787537143316
1400262706708
1670911706648
2770423334424
1413213668888
2512725296664
1688091575832
2787603203608
1670827887140
1400312006952
2499823634728
1675189913896
2774701541672
2787519334696
1675122805032
2774634432808
1417424767272
1692386559272
2791898187048
2512709568036
1688075847204
2787587474980
1670827820580
2770339448356
1688007689764
2787519317540
1675139565092
2774651192868
1417441527332
1688024466984
2787536094760
1400261658152
2499773285928
1417441527336
2516953155112
1692319434280
2791831062056
1417492907560
2517004535336
2512642542104
1688008821272
2787520449048
2499757640216
1692386544164
2791898171940
2499757639956
1675123919124
2774635546900
1417425881364
2516937509140
1417508390180
2787519383060
1400244946452
2499756574228
1675122853396
1417424815636
1692302722580
2791814350356
1400328849956
2499840477732
1675206756900
2774718384676
1675139648036
2774651275812
1417441610276
2516953238052
1692319517220
2791831144996
1400262510888
2499774138664
1675140417832
2774652045608
1417509488936
2517021116712
1670912559400
2770424187176
1396034652456
2495546280232
2787537160484
2516953238056
1400261741096
2499773368872
1396033882664
2495545510440
1670911789608
2770423417384
1417508719144
2517020346920
1395966773800
2787604269332
2770356225572
1413146560036
2512658187812
2517020345620
1670844679444
2770356307220
1675139646740
2774651274516
1692386624788
2495545509140
1670911788308
2770423416084
1413213750548
1413130832404
1675122854440
2774634482216
1417424816680
2516936444456
1400262723096
2499774350872
1675140630040
2774652257816
2512659252760
1670895995156
1400313055508
2499824683284
1675190962452
2774702590228
1417492924692
2517004552468
1692370831636
1692386624792
2791898252568
1675139646744
2774651274520
1413129849124
2512641476900
1400244947236
2499756575012
1670828886296
2770340514072
1413130848536
2512642476312
1688008755480
2787520383256
1400245946648
2499757574424
1417492924696
2517004552472
1417508637224
2517020265000
1688008821016
2787520448792
1400246012184
2499757639960
1692386544168
2791898171944
1692386608404
2791898236180
2770406622484
1413196956948
2512708584724
1670845711636
2770357339412
1413147673876
2512659301652
1675122853140
1692302722584
2791814350360
1395966429464
2495478057240
1692369831192
2791881458968
1413129848088
2512641475864
1400244946200
2499756573976
1692320548120
2791832175896
1396017087768
2495528715544
1400261723688
2499773351464
1675139630632
2774651258408
1413196973604
2512708601380
1688074880548
2787586508324
1417491940900
2517003568676
1692369847844
2791881475620
1670827885860
2516936443172
1400245994788
2499757622564
1675123901732
2512641475876
1688007755044
2787519382820
1675122853156
2774634480932
1688008803624
2787520431400
1400245994792
2499757622568
1413198005544
1688075912488
2787587540264
1395949978920
2495461606696
1670827885864
1675139646756
2774651274532
1417441608996
2516953236772
1396033881380
1670911788324
1395967756584
2495479384360
1670845663528
2770357291304
1413147625768
2512659253544
1417509701912
2517021329688
1692387608856
2791899236632
1395967822356
2495479450132
1413147691540
2512659319316
2516954286612
1692320565780
2791832193556
1400262789652
1417509767700
2517021395476
1417508636184
2517020263960
1692386543128
2791898170904
1395950979364
2495462607140
1670828886308
2770340514084
1413130848548
2512642476324
1400245946660
2499757574436
1417441609000
2516953236776
1692319515944
2791831143720
2787603285288
1417441527076
2516953154852
1692319434020
2791831061796
1395967822360
2495479450136
1692320565784
2791832193560
1670845729304
2770357357080
1413147691544
2512659319320
2787603203348
1396034931224
2516937443624
1692303722792
2791815350568
1675123837220
2774635464996
2791832111636
1413147609620
2512659237396
1688025516564
2787537144340
1670845729316
2770357357092
1413147691556
2512659319332
1688025598500
2787537226276
1670912838180
2770424465956
1400329898532
2499841526308
1400313039124
2499824666900
1675190946068
2774702573844
1400312071720
1395949734164
2495461361940
1670827641108
2770339268884
1675189717268
2499756329236
1675122608404
2774634236180
1417424570644
2516936198420
1413147691560
1396034931240
2495546559016
1670912838184
2770424465960
1400329898536
1417509767720
1692387674664
2791899302440
2512659319336
1670912836884
2770424464660
1400329897236
1675207804180
1692320564500
2791832192276
1400311810328
2499823438104
1692369586456
2791881214232
1400244701464
1395966690600
2495478318376
1670844597544
2770356225320
1413146559784
2512658187560
1688024466728
2787536094504
1400261657896
2499773285672
2774650948116
1675123852820
2774635480596
1413129538088
2787537224984
1400262788376
2499774416152
2516954285336
1395951045156
2495462672932
1670828952100
2770340579876
1413130914340
2512642542116
1400246012452
1688075930132
2787587557908
1400262707736
2499774335512
1675140614680
2774652242456
2495528470820
1670894749988
2770406377764
1395949734180
2495461361956
1670827641124
2770339268900
1413129603364
2512641231140
1688007510308
2787537144084
1675122541844
2774634169620
1417424504084
1395967821092
2495479448868
1670845728036
2770357355812
1688025597220
1417509766436
2517021394212
1692387673380
2791899301156
2774634236200
1395949734184
2495461361960
1670827641128
2770339268904
2770357094676
2495479448872
1413147690280
2512659318056
2787537225000
1400262788392
2499774416168
1692387673384
2791899301160
2495546557736
1675140695336
1395949979156
2495461606932
1670827886100
2770339513876
1413129848340
2512641476116
1688007755284
1417508701716
2517020329492
1396018136596
1400261395992
2499773023768
1417508374040
2517020001816
1675139302936
2774650930712
1417441265176
2516952892952
1692319172120
2791830799896
1692320548376
2791832176152
1413129848344
2512641476120
1675206739480
2774718367256
1395949979160
1413196957208
2512708584984
1688024532504
1413129537832
1395949979172
1670827886116
2770339513892
1688007755300
2787519383076
1400244946468
2499756574244
1670894994980
2770406622756
1688074864164
1670894684440
2770406312216
1692370880040
2791882507816
1395949979176
2495461606952
2512641476136
1688007755304
2787519383080
1400244946472
2499756574248
2791815416360
1395951045160
2495462672936
1670828952104
1675191028248
2774702656024
2770355979556
1395951044900
2495462672676
2770340579620
1413130914084
2512642541860
1688008821028
2787520448804
1400246012196
2499757639972
1675191027988
2774702655764
1396017088020
1692369831444
2791881459220
2774701590036
1692320483608
2791832111384
2499757557012
1675123836180
2774635463956
1688091313700
2499757377812
1675123656980
2774635284756
2516937246996
1692303526164
1417492728084
2517004355860
1417508374056
2517020001832
2512725034536
1688091313704
2787602941480
1692386281000
2791897908776
2516952892968
1670844418324
1670828950804
2770340578580
2774651013396
1675139385620
2770356046100
1413130913044
2512642540820
1688008819988
2787520447764
1400246011156
1670828689688
2770340317464
1400245750040
1417492728088
1692370635032
1395949652500
2495461280276
1670827559444
1396017089064
2495528716840
1670894996008
2770406623784
1413196958248
2512708586024
1688074865192
2517003553320
2791881460264
2499841459736
1675207738904
2774719366680
1400244700692
1670912837140
2770424464916
1675140629796
1395950782756
2495462410532
1670828689700
2770340317476
1413130651940
2512642279716
1688008558884
2787520186660
1400245750052
1396017087764
2495528715540
1670894994708
2517003552020
1688091396372
2787603024148
1675190765864
2774702393640
1417425619240
2516937247016
1692303526184
2791815153960
1400261478680
2499773106456
1400328767016
2499840394792
1395966511384
2495478139160
1670844418328
2770356046104
1413146380568
1395967477272
2495479105048
1413147346456
2512658974232
1688025253400
2499774072344
2774719088152
1675207460376
2774634154260
1670827559188
2770339186964
1675189652004
2774701279780
2512642525716
1688008804884
1417491858708
2517003486484
1692369765652
2791881393428
2512642459924
1688008739092
2787520366868
1413146625300
2512658253076
1688024532244
1670827574820
2770339202596
1688007444004
2787519071780
1675122542116
1417509685780
2791899220500
2774719351316
2770424384020
2499756573992
1675122853160
2774634480936
1417441593892
2516953221668
2499774072356
1692387329572
2791898957348
1400328768020
1417508637204
2517020264980
1692386544148
2791898171924
1688024467988
1396033800724
2499773286932
1400261659156
2787536881192
1395966691864
2495478319640
1670844598808
2770356226584
1413146561048
2512658188824
1688024467992
2787536095768
1400261659160
2499773286936
1400328766760
2499840394536
1692320482836
2791832110612
2499824747796
2770406312488
1400311745064
2499823372840
1675189652008
2774701279784
2499773351208
2770407688740
1675191028260
2774702656036
1395966691876
2495478319652
1670844598820
2770356226596
1413146561060
1688024468004
2787536095780
1400261659172
2787603204644
2512659237416
1675140614696
1692387592728
2791899220504
1413214718488
2512726346264
1400329816600
2499841444376
2791831062804
2499756509460
2774634416404
1413196892436
1688074799380
2787586427156
1670911707416
2770423335192
1413213669656
2512725297432
1688091576600
2787603204376
1400328767768
2499840395544
1413214718232
2512726346008
1675206674984
2774718302760
1417441528360
2516953156136
1692319435304
2791831063080
1413213669928
2512725297704
2499756329512
1675122608680
2495545428260
1413213669668
2512725297444
1692369766692
1417442576676
2516954204452
2787537144100
1400262707492
2499774335268
1400313120276
2499824748052
1675191027220
2774702654996
1396033800488
2495545428264
1670911707432
2770423335208
1413147609384
1417441527060
2516953154836
1688091575572
1395967739416
2495479367192
1670845646360
2770357274136
1413147608600
2512659236376
2512658187544
1400261657880
2499773285656
1675206673688
2774718301464
1692319434008
2791831061784
1400313104932
2499824732708
1417425536276
2516937164052
1395967739156
2495479366932
1670845646100
2770357273876
1688074553640
2787586181416
1400311744808
2499823372584
1675189651752
2774701279528
1675191028264
2774702656040
2495529781800
1670896060968
2770407688744
1413198023208
1417492990504
1692370897448
1675191028004
2774702655780
1396034652708
2495546280484
1670912559652
2770424187428
2495528715796
1670894994964
2770406622740
1413196957204
2512708584980
1688074864148
2787586491924
1400312055316
2499823683092
1675189962260
2517003552292
1692369831460
2791881459236
1413213668644
2512725296420
1675206673700
2774718301476
1417508635940
2517020263716
1692386542884
2791898170660
1395966690596
2495478318372
2517021313304
2791899220248
1396034849300
2495546477076
1670912756244
2774652242452
1417442576916
2516954204692
2499823683096
1675139385896
2774651013672
1417441348136
2516952975912
1395966511656
2774702328088
1417508635944
2517020263720
1670911706408
2770423334184
1688091575592
2787603203368
1670844418340
2770356046116
1688024287524
2787535915300
1400261478692
1395951043876
2495462671652
1670828950820
2770340578596
2512642540836
1417509685784
2517021313560
1396034849304
2495546477080
1670912756248
1400313120020
2770424384024
1413213489428
2512725117204
1400311744020
2499823371796
1675189650964
2774701278740
1417491613204
2517003240980
2512641164820
1688007443988
2787519071764
2499756247588
2791832176916
2517003225620
2791881132564
1688025515288
2787537143064
1400262706456
2499774334232
1688007443992
2787519071768
1675122542104
2774634169880
2516937181720
1692303460888
2791815088664
2770424399140
1413214733604
2512726361380
1688092640548
2787604268324
1400312055332
2499823683108
1675189962276
2774701590052
1675122853412
2774634481188
1417424815652
2516936443428
1417491924516
1675140614692
2774652242468
1692320483876
2791832111652
1688074864168
2787586491944
2791881459240
2495461280020
1400244619540
1675189635348
1417491597588
2517003225364
2499823356180
2499756247316
1675122526484
1675206756888
2774718384664
1688025516584
2787537144360
2499841444392
1670845647400
2770357275176
1692302411300
2791814039076
1670894683684
2770406311460
1688074552868
1400262706452
2499774334228
1675140613396
2774652241172
1692320482580
1417424488728
2516936116504
1692302395672
2791832110356
1688007428376
1670828950824
2770340578600
1413130913064
1400246011176
2499757638952
1395966511400
1417508456728
2517020084504
1688091396376
2787603024152
2770423154968
1396016776744
2495528404520
1688074552872
2787586180648
2791814023720
1670827559464
2770339187240
2512641149480
2791881132568
1396016761368
1670894668312
2774652241176
1417442575640
2516954203416
1692320482584
2791832110360
1413147608344
2512659236120
2774701263124
2495528388884
1670894668052
2770406295828
1400311728404
1413196630292
1692387592724
1395967740436
2495479368212
1688092625428
2499824667160
1675190946328
2774702574104
1670845647384
2770357275160
1413147609624
2512659237400
1688025516568
2787537144344
2791815399972
1692387607848
2791899235624
2791881394724
1675207723556
1396033800740
2495545428516
1670911707684
2770423335460
1688091576868
1675206674980
1417441346840
2516952974616
1692370815528
1670911707688
2770423335464
1400245930536
2499757558312
1675123837480
2774635465256
1417491860008
2517003487784
1417442576936
1688091380244
1692369504548
2791881132324
1395949652260
2495461280036
1670827559204
2770339186980
1688007428388
2787519056164
1400244619556
2499756247332
2495529764372
1413198005780
2512709633556
1688075912724
2787587540500
1670896043540
2770407671316
1400313103892
2499824731668
1417492973076
1396033604120
2495545231896
2512726346276
2787604253220
1692387592740
2787586180644
1692369520164
2791881147940
2499774334244
1675140613412
2774652241188
1417442575652
1692320482596
1396034848036
2495546475812
1670912754980
2770424382756
1692302395688
2791814023464
1400311728424
2499823356200
1670894668072
1670827559208
2517003552040
1692319238676
2791830866452
1675139369492
2774650997268
1395951027732
2495462655508
1670828934676
2770340562452
1688008803860
2791882525224
2512709633560
1688075912728
2787587540504
1417492973080
2517004600856
1417425864216
2516937491992
1670845646120
2770357273896
2512659236136
1688025515304
1400262706472
2499774334248
2495546475816
1670912754984
1400329815336
2499841443112
2787520120340
1400245683732
2499757311508
1675123590676
2774635218452
1417425552916
2516937180692
1692303459860
2791815087636
1396017825300
1395967739428
2495479367204
1413147608612
2512659236388
1688025515556
2787537143332
1400262706724
2499774334500
1688092624404
2787604252180
2770339186984
2512708258072
1688074537240
2787586165016
1417491597592
2517003225368
1670895732248
2770407360024
1675139369508
2774650997284
1688075601432
2787587229208
1675123590680
1396033604132
2495545231908
1670911511076
2770423138852
1692319238692
1692370881048
2791882508824
1396018071060
2495529698836
1670895978004
1670828934692
2770340562468
1688008803876
2787520431652
1675123901988
1417425864228
1692303771172
2517004601620
1675191011604
1396018137364
2495529765140
1670896044308
2770407672084
1413198006548
2512709634324
1688075913492
2787587541268
1395951027752
2495462655528
1400245995048
2499757622824
1692303771176
1396018136616
2495529764392
1400313103912
2774719351336
1413214718504
2512726346280
1675207723560
1413196957972
2512708585748
1688074864916
2787586492692
1396017088788
2495528716564
1670894995732
2770406623508
1400312056084
2499823683860
1417425537300
2516937165076
2512642197780
1400245668116
2499757295892
1395950700820
1413130570004
1670844400920
2770356028696
1413146363160
1675191011608
2774702639384
1670894995736
2770406623512
1413196957976
2512708585752
1688074864920
2787586492696
1400312056088
2499823683864
1395950716452
2495462344228
1670828623396
2770340251172
1413130585636
2512642213412
1688008492580
2787520120356
1688007707156
2787519334932
1670827837972
2770339465748
1400244898324
2770356029716
1688024271124
2787535898900
2791815398676
1400261462292
1675139369236
2774650997012
1688008803604
2787520431380
1413198022180
1413196957988
2512708585764
1400312056100
2499823683876
1688092690724
1675123902756
1417424816424
1692302723368
2791814351144
1692370880808
1417442642216
1692320549160
2791832176936
2791882508584
2499840461096
1675206740264
1395950716456
2495462344232
1670828623400
2770340251176
2517004289576
1692303459880
2791815087656
1688008492584
2787520120360
1400245683752
1400262527252
1670827837976
2770339465752
1688007707160
2787519334936
1417491876376
2517003504152
1675122805272
2774634433048
1417424767512
2516936395288
1417442575912
2516954203688
2770357274152
2770424383000
1413214717464
2512726345240
1400329815576
2499841443352
1417509684760
2517021312536
1692387591704
2791899219480
2791832110372
1395967739172
2495479366948
1670845646116
2770357273892
1413147608356
2512659236132
1688025515300
2770424382740
1400329815316
1688092624148
2787604251924
2499841443092
1675207722260
2774719350036
1395966493988
2495478121764
1670844400932
2770356028708
1413146363172
2512657990948
1688024270116
2787535897892
1400261461284
2499773089060
2787587541272
1670845450772
2770357078548
1413147413012
2512659040788
1670912559636
1413214521876
1400261412132
2495462328612
1670828607780
2770340235556
1688024270120
2787535897896
1413130570020
2512642197796
1400245668132
2499757295908
1670844400936
1688091378984
2787603006760
2791897974056
2495529453076
1670895732244
2770407360020
2495479171608
1670894946852
2770406574628
2512708536868
1413147413016
2512659040792
1400262511128
1413196909092
1417491876388
1395950700840
2495462328616
1670828607784
2770340235560
1413130570024
2512642197800
1692370553128
1413197678888
2512709306664
2791899220264
2499841444136
1395950716436
2495462344212
1670828623380
2770340251156
1413130585620
2512642213396
1688008492564
1675189914152
1417491876392
2517003504168
1400245994776
2499757622552
1670894946856
2770406574632
2512725117480
1675189912852
2774701540628
1692302673172
2791814300948
2774634431764
1417508456740
1670896059684
1413198021924
2512709649700
1417492989220
2517004616996
1692370896164
2791882523940
1413196630564
2512708258340
1688074537508
1675189635620
2774701263396
1417491597860
2517003225636
1417424766232
2516936394008
1692302673176
2791814300952
1413196907800
2512708535576
1688074814744
2787586442520
2516954203432
1692320482600
2791832110376
2770424382744
1688092624152
2787604251928
1400329815320
2499841443096
2791899219224
1395967543844
2495479171620
1670845450788
2770357078564
1688025319972
1400262511140
2516952974888
1692319254056
2791830881832
2791815088680
2495545247256
1670911526424
2770423154200
1413213488664
2512725116440
1400328586776
1670895733272
1692386362904
2791897990680
2517004290584
1692370569752
2791882197528
1413146379556
2512658007332
1688024286500
2787535914276
1400261477668
2499773105444
1395967543848
2495479171624
1670845450792
2770357078568
1413147413032
2512659040808
1688025319976
2787536947752
1670912559656
2770424187432
1675190700308
2774702328084
1417492662548
2517004290324
1692370569492
2791882197268
2512709323028
1417491596820
1396034651412
2495546279188
1395967542548
2495479170324
1400262509844
2499774137620
1688024548884
2787536176660
1396033881620
2495545509396
1670911788564
2770423416340
1413213750804
2512725378580
1688091657748
2787603285524
1395967542552
1670894945572
2770406573348
1413196907812
2512708535588
1417424766244
2516936394020
2774635218456
1670827836708
2770339464484
1417491875108
1417508456724
2517020084500
2787587492372
1395950979604
2495462607380
1670828886548
2770340514324
1413130848788
2512642476564
1670895995412
1395966772760
2495478400536
1670827836712
1413129798952
2512641426728
1413213489448
2512725117224
1692370896168
2791882523944
1670828886552
2770340514328
1413130848792
2512642476568
2774702590488
1675189635624
2774701263400
1413196630568
2512708258344
1688074537512
2787586165288
1417492974100
2517004601876
1692370881044
2791882508820
1396018137620
2495529765396
1417491876116
2791832177176
1675189963288
1675123903000
2774635530776
1417425865240
2516937493016
1692303772184
2791815399960
1670896044580
1395967542564
2495479170340
1670845449508
2770357077284
1413147411748
2512659039524
1688025318692
2787536946468
1400262509860
2499774137636
1413147625752
2512659253528
1692319500564
2791831128340
1670844664084
2770356291860
1413146379560
2787520431636
2512658007336
1688024286504
2787535914280
2787520121128
1670894996004
2770406623780
1413196958244
2512708586020
1688074865188
2787586492964
2512708584744
1688091395352
2787603023128
1395951027480
2495462655256
1688075650328
2787587278104
1675139564824
2774651192600
1675206740520
2774718368296
2770339514920
1688007756328
2774635529508
1670828934436
2770340562212
1413130896676
1400328570152
2499840197928
1395951027496
2495462655272
1670828934440
2770340562216
1413130896680
2512642524456
1413214520616
2512726148392
1688092427560
2787604055336
1670845449512
1413147411752
2512659039528
1395966757144
2495478384920
1670844664088
2770356291864
1413146626328
2512658254104
1688024533272
2787536161048
1413129520420
2512641148196
2791814022436
1395950979620
2495462607396
1670828886564
2512725378600
2770340514340
1413130848804
2512642476580
1692370831908
2791882459684
1417508718120
2517020345896
2787586180372
1670827574548
2516936131860
1692302411028
2791814038804
1400311743764
2499823371540
1675189650708
2774701278484
1417491612948
1675207476504
2774719104280
1688008492312
2787520120088
1417442329880
2516953957656
1692320236824
2791831864600
1675206427928
2787603008020
2517004600852
1692386347540
1692370880020
2791882507796
2770423089428
1413213423892
2512725051668
1400261413140
2499773040916
2512709305876
1688075585044
2787587212820
1675122541860
1417424504100
2516936131876
1692302411044
2791814038820
1396034602276
1413197957672
2512709585448
1670895995432
1413130585384
2512642213160
1400245683496
2499757311272
1675189650728
2774701278504
1675140367656
2774651995432
1417424504104
2516936131880
1395966690836
2495478318612
1400261658132
2499773285908
1417425602072
2516937229848
1692303509016
2791815136792
1395949913624
2495461541400
1413129782808
2512641410584
1688025336344
2499757573396
1417508636200
2517020263976
1692386543144
2791898170920
1692320220712
2791831848488
1413129782824
2512726345252
1400329815588
2499841443364
1395967559956
2495479187732
1670845466900
1692303721752
2791815349528
1395950978328
2495462606104
1395966757156
2495478384932
1413146626340
2512658254116
1688024533284
2787536161060
1400261724452
2499773352228
1692369504552
2791881132328
1688074537256
2774635203092
2499757296148
1675123575316
2791815072276
1396018137640
2495529765416
1670896044584
2770407672360
1413198006824
2512709634600
2499840477464
2774718368040
1670844664104
2770356291880
1413146626344
2512658254120
1413213735208
2512725362984
1688091642152
2787603269928
1688024533288
2770407672100
1692302477844
2791814105620
1395949734420
2495461362196
1413129603604
2512641231380
1400244701716
2499756329492
1675122608660
2774634236436
2787535849764
1692319189284
1688091330852
2787602958628
1396033554724
2495545182500
2517020018980
2516954285588
1692320564756
2791832192532
1670845728276
1688025597460
2787537225236
1400261462568
2499773090344
1675139369512
2774650997288
1688024271400
2787535899176
1675140679960
2774652307736
1692386347544
2791897975320
1413197956388
2512709584164
1413130847524
2770423089448
1400328522024
2499840149800
1675206428968
2774718056744
1413146315048
2512657942824
1688024221992
2787535849768
1417442657816
1692370879764
1396018136340
2495529764116
2770407671060
1400313054504
2499824682280
1675190961448
1395950978344
2495462606120
1670828885288
2770340513064
1413130847528
2512642475304
1688008754472
1395967559960
2495479187736
1670845466904
2770357094680
1688025336088
2787536963864
1400262527256
2499774155032
2512726345256
2774650996248
2495478122008
1670844401176
2499841443108
1413214717220
1688092624164
2787604251940
1675207722276
2774719350052
1675122608676
2774634236452
1417424570916
2516936198692
1670894750244
2770406378020
2499823438372
1675123575060
2774635202836
2495462328596
1396017826340
2495529454116
1400312793636
2499824421412
1675190700580
2774702328356
1413197695524
2512709323300
1688075602468
1417509751060
2517021378836
1692387658004
2791899285780
1413198006568
1688075913512
2512641476888
1417424816408
2516936444184
1675140695588
2774652323364
2791898958116
1396033800484
1675139565864
2774651193640
1692319435048
1400261462312
2499774335272
1400329816360
1688091380008
2787603007784
1417509751064
2517021378840
1692387658008
2791899285784
1395967805720
2495479433496
1670845712664
2770357340440
1413147674904
2512659302680
2512641230100
1688007509268
2787519137044
1413196711188
2512708338964
2499823437076
1417491678484
1417424569620
2516936197396
1692302476564
2774719154724
1400329620004
2499841247780
1670845728296
2770357356072
1413147690536
2512659318312
1692387673640
1670912837160
2770424464936
1400329897512
2499841525288
1675207804456
1675123590692
2774635218468
1417425552932
2516937180708
1692303459876
2791815087652
1400312792596
1395967494420
2495479122196
1670845401364
2770357029140
1675122607384
2774634235160
1417509439764
2517021067540
2770424138004
2774650997032
1688007509272
2499756526100
1417424767508
2516936395284
1395949931028
2495461558804
2516937491752
1675206478104
2774718105880
1396018136344
2495529764120
1413198005528
2512709633304
1688075912472
2787587540248
1400313103640
2499824731416
2495529698580
2517021116948
1413130635796
2499840199192
1675189963284
2516953156120
1670894995992
2770406623768
1413196958232
2512708586008
1670827624996
2770339252772
1413129587236
2512641215012
1395949718056
2495461345832
1670827625000
2770339252776
1413129587240
2770357340708
1417509751076
2517021378852
2787604318500
1400244635156
2499756262932
1417424504340
2516936132116
1692302411284
2791814039060
1413129537044
1692369520148
2495528404500
2791881147924
1675189650968
1692369520152
2791881147928
1692302411288
2791814039064
1670894683672
2770406311448
1688074552856
2787586180632
1417442330136
2512657990936
1688024270104
2787535897880
1675190700584
2774701278756
1670912509476
2770424137252
1692370568740
2791882196516
2774719416616
2774634169892
1413214783784
2512726411560
1395967805736
2495479433512
1670845712680
1400311809316
1675189716260
1688075601448
2787587229224
1400244635176
2499756262952
1692302411304
2791814039080
1395949667880
2495461295656
1413129537064
2512641164840
1400312793380
2499824421156
1675190700324
2774702328100
1413130652180
2495529519636
1413197761044
2512709388820
1692370635284
1396016760356
2495528388132
1692387346724
2791898974500
2774701344040
1413196711208
2512708338984
1395949733160
2495461360936
1417491678504
2517003306280
2791881213224
2787520186904
1675190699544
2774702327320
2499774089512
1395967494440
2495479122216
1675140368680
2774651996456
1413214472488
2512726100264
1692387346728
2791898974504
2512709322004
2787604072980
1400329636372
2499841264148
1675207543316
2774719171092
1395950783012
2495462410788
1670828689956
2770340317732
1413130652196
2512642279972
1688008559140
2787520186916
1400245750308
2499757378084
1670911526184
2770423153960
1413213488424
2512725116200
1688091395368
2787603023144
1395950783016
2495462410792
1670828689960
2770340317736
1688075668008
1400312859176
2499824486952
1400311727656
2499823355432
1675189634600
2774701262376
2791881131560
1400312857876
2499824485652
1413130650900
2512642278676
1400245749012
2499757376788
1675123655956
1692369503524
2791881131300
1670827640084
2770339267860
1688024286484
2787535914260
1688091395348
2787603023124
1688092443924
2517003306260
2791881213204
1413129602324
2770423153944
2770356045080
1413146379544
2512658007320
1413198005796
2512709633572
1688075912740
1670828688664
2770340316440
1688008557848
2787520185624
1675122607396
2774634235172
1692302476580
2791814104356
2495478138152
1670844417320
2770356045096
1417424569640
2516936197416
1675190764840
2774702392616
2495546295592
1688091642404
2787603270180
2495546296856
1688092445208
2787604072984
2495529716244
1692319237668
2791830865444
1395966494244
2495478122020
1395950701092
2495462328868
1670828608036
2770340235812
1413130570276
2512642198052
1688008477220
2787520104996
1692370553364
2791882181140
1400312777236
2499824405012
1675190684180
2774702311956
1396017809940
2495529437716
2770407344660
2512641492260
1413146364440
2512657992216
2499774154264
1675140433432
2774652061208
1395949996308
2495461624084
1670827903252
2770339531028
1675189979412
1413129865492
2512641493268
1688007772436
2787519400212
1400244963604
1395950781736
2495462409512
2770340316456
1417492727080
2517004354856
1692370634024
2791882261800
2787519400216
1400244963608
2499756591384
1675122870552
2774634498328
1675189979416
1417425536532
2516937164308
1692303443476
2791815071252
1396033604136
2495545231912
1670911511080
2770423138856
1400328571432
1675206478376
2774718106152
1675191010596
2774702638372
2517004600612
1688075912484
1670896043300
2770407671076
2787536160020
1395967559976
2495479187752
1670845466920
2770357094696
1400329636120
2499841263896
2512709649956
1670844401192
1413130570280
2512642198056
1675123575336
2774635203112
1396033603096
2495545230872
1670911510040
2770423137816
1413213472280
2512725100056
1688091379224
2787603007000
1400328570392
2499840198168
1400244963620
2499756591396
1675122870564
2774634498340
2516936460580
1692302739748
2791814367524
1675139368228
2774650996004
1417441330468
2516952958244
1675123575076
2774635202852
1417425537316
2516937165092
1692303444260
2791815072036
1413197678868
2512709306644
1417492646164
2517004273940
1396017809684
2495529437460
2770407344404
1400312776980
2499824404756
1675190683924
1675122870568
2774634498344
1417424832808
2516936460584
1688074881320
2787586509096
1417509422632
1692387329576
2791898957352
1396033799700
2495545427476
1670911706644
2499824420372
1675190699540
2774702327316
2770340234776
1675206673944
2774718301720
1670844597784
2770356225560
1688024466968
2787536094744
2791815070996
1670895732260
2770407360036
1688075601444
1675123574036
1670827837988
2770339465764
1688074816020
2787586443796
1400312007188
1670911510824
2770423138600
2499823634964
2774701541908
1417442380308
2516954008084
1413130832420
2512642460196
1688008739364
2787520367140
1670828885524
1675207542292
2774719170068
2791831930388
1395967559188
1670895797780
1670845466136
2770357093912
1413147428376
2512659056152
1688025335320
2787536963096
1417442395672
2516954023448
1692320302616
2791831930392
2516937247268
1692303526436
2791815154212
1413197941268
1670911509784
2770423137560
1413213472024
2512725099800
1688091378968
2787603006744
2516953155108
1670911706660
1670844597796
1688025335332
2787536963108
1675207542308
2774719170084
1396033619492
2495545247268
1670911526436
2770423154212
1417441347108
2516952974884
1670845466152
2770357093928
1670912575016
2770424202792
1692387411496
2512709650708
1688075929876
2787587557652
1400313121044
2499824748820
2770340579604
1413130914068
2512642541844
1688008821012
1400246012180
1670844597800
2770356225576
2512658187816
1670911706664
2770423334440
1688075929880
2787587557656
2499824748824
1413130914072
2512642541848
1396017825320
2495529453096
1670895732264
2770407360040
1688007707176
2787519334952
1675122805288
2774634433064
1417424767528
2516936395304
1692302674472
1670894946840
2512708536856
1688074816024
2787586443800
1395949930788
2495461558564
1670827837732
2770339465508
1413129799972
2512641427748
1688007706916
2787519334692
2495528667412
1670894946580
2770406574356
1413196908820
2512708536596
1688074815764
2787586443540
1400312006932
2499823634708
1675189913876
2512659318296
1688025597464
2787537225240
1692370897188
2791882524964
1396016761364
1670894668308
2770406296084
1688074537492
2787586165268
1400311728660
2774701263380
1417491597844
1688007705876
2787519333652
1692320499992
2791832127768
1688075929896
2787587557672
1417425864212
2516937491988
1692303771156
2791815398932
1670828951848
2770340579624
1692303788328
2499774334484
1400329815572
2499841443348
1396034848276
2495546476052
2512708258328
1417491597848
1395949652504
2495461280280
1675189651736
2774701279512
2774652241432
2791882180116
1670827837736
2770339465512
1675140417816
2517021133352
2791899040296
1692369504804
2791881132580
1395949652516
2495461280292
1670827559460
2770339187236
1413129521700
1688007428644
1400244619812
1692386346532
2791897974308
1417492646436
2517004274212
1692370553380
2791882181156
2495529437732
1670895716900
1417442575908
2516954203684
1396034848292
2495546476068
1413214717476
1675122526760
2774634154536
1417424489000
2516936116776
1692302395944
1670894668328
2770406296104
1417442395688
2516954023464
2791831930408
2512726165016
1688092444184
2787604071960
1400329635352
2499841263128
1400261741080
2499773368856
2791881131284
1400311727380
2499823355156
1417424487700
2770406294804
1396016760084
2495528387860
2787586163988
1688074536212
2512659236392
1675140613672
2774652241448
1670912755240
2770424383016
1413214717480
1675207722536
1396034667796
2495546295572
1675123574308
2774635202084
1400312776212
2499824403988
1692370552340
1396017808916
2495529436692
1670895715860
2787519055128
1400244618520
1417424751124
2516936378900
1692302658068
1395949914644
2495461542420
1670827821588
2770339449364
1413129783828
1670912575784
2770424203560
1413214538024
2512726165800
1417509505320
2517021133096
1692387412264
2791899040040
1670911510056
2770423137832
1413213472296
2512725100072
1417508439592
2517020067368
1692386346536
2791897974312
1417492646440
2517004274216
1400311727396
2499823355172
1675189634340
2787603006756
1400328570148
2499840197924
1413197678884
1675206477092
2774718104868
1417508439332
2517020067108
1396033602852
1396017809700
2495529437476
1670895716644
1417492646180
1413130570260
2512642198036
1400245668372
2770356028952
1413146363416
2512657991192
1688024270360
2787535898136
1400261461528
2499773089304
1675139368472
1413214536984
2512726164760
1400329635096
2499841262872
1417509504280
2517021132056
1395950700072
2495462327848
1670828607016
2517004272916
1692370552084
2791882179860
2516936132884
1692302412052
2791814039828
1395949668628
2495461296404
1670827575572
1675189651732
2774701279508
1417491613972
2787519318292
1417424750868
2516936378644
1692302657812
2791814285588
1670827821332
2770339449108
1413129783572
2517003504164
1692369783332
2787535849752
1675122542872
2774634170648
1417424505112
1675140418084
1692369520932
2791881148708
2499840149796
1675123591460
2774635219236
1417425553700
2516937181476
1395966445860
2495478073636
1688024221988
1400313038100
1400329570600
2499841198376
1675207477544
2774719105320
1688007444776
2787519072552
1688091396648
2787603024424
1675140680228
2774652308004
1675123575332
2774635203108
1417425537572
2516937165348
1692303444516
2791815072292
2770356028968
1417441330728
1670827836964
2770339464740
1670911509800
2517020345640
1692369782292
2791881410068
1692303444520
2791815072296
1413197679144
2512709306920
1670828608040
2770340235816
1413197677844
2512709305620
1688075584788
2512642196756
1688008475924
2787520103700
1400245667092
2499757294868
1396017808660
2495529436436
1417424570648
1692302477592
1692370552088
2791882179864
1670828606760
2770340234536
2512642196776
1688008475944
1688007756324
2787519384100
1413196909096
2512708536872
1692302673432
2791814301208
1400244897304
2499756525080
1395949930008
2495461557784
1413129799192
2512641426968
1400262511144
1675140418088
2774652045864
2516954008104
2499774089496
1675140368664
2774651996440
1396034652696
2495546280472
1413214521880
2512726149656
1692387396120
2791899023896
2512708536612
1688074815780
2787586443556
1417491876132
2517003503908
1692369783076
2517021116692
2517004273956
1692320286228
2791831914004
1396017038872
2495528666648
1692369782296
2791881410072
1692369766676
2791881394452
1688007690516
1395949914388
2495461542164
2516954007064
1675207525912
2774719153688
1395967542808
1670894945828
1413147411992
2512659039768
1688025318936
2770406573604
1688074814740
2787586442516
1675190682920
2787520103720
1400245667112
2499757294888
1675123574056
2774635201832
1417425536296
2516937164072
1395950699816
2495462327592
1396033882644
2495545510420
2787586427160
1692302657816
2791814285592
1413213734164
2512725361940
1670894946600
2770406574376
2516953237012
1413146641940
2512658269716
1675123853844
2774635481620
1417425816084
2516937443860
2787520383508
1688008755732
1396034652440
2495546280216
1670912559384
2770424187160
2499841247512
1417509488920
2517021116696
1417509488164
2517021115940
1692387395108
2791899022884
2516954007076
1692320286244
2791831914020
1413214520868
2512726148644
1670844664340
2770356292116
1417441593876
1692319500820
1670911773204
2770423400980
1413213735444
1400328848916
2499840476692
1675206755860
1675190962708
1395949914404
2495461542180
1400244881700
2499756509476
1395967542824
2495479170600
1417508702744
2517020330520
1413146626584
2512658254360
1692303460884
1413197695508
2512709323284
1688075602452
2787587230228
1417424766248
2516936394024
1692319189528
2791830817304
1692369782040
2774719170088
2495478401576
1670844680744
1413146642984
2517003242020
1692369521188
2791881148964
1400328522276
2499840150052
2774719105572
1675123591716
2774635219492
1400245684776
2499757312552
1417424505384
2516936133160
1417509504292
2517021132068
1692387411236
2791899039012
2774651275556
1692319516964
2791831144740
1675190961684
1688091331096
2787602958872
2774702589460
1395966446104
2495478073880
1413146315288
2512657943064
1692386298392
1417508391192
2517020018968
1692386298136
2791897925912
1675189897748
2774701525524
1417491859988
2517003487764
1692369766932
2791881394708
1396017023508
2495528651284
1670894930452
1413196892692
2787536946712
1692370830872
2791882458648
1395966757412
2495478385188
1670844664356
2770356292132
1413146626596
2512658254372
1688024548888
2787536176664
2499757574680
1417441609240
2516953237016
1417425816088
2516937443864
1692303723032
1413213735464
2512725363240
1688091642408
2787603270184
1670844664360
2770356292136
1688024533544
2787536161320
1417508702760
2517020330536
1413146641684
2512658269460
2787536176404
1395950979348
2495462607124
1670828886292
2770340514068
1413130848532
2512642476308
1688008755476
2787520383252
1400328832276
2499840460052
2791831127316
1417508701460
2517020329236
1688091641108
2787603268884
1400261723412
2499773351188
1675206739220
2495545182756
1395966446116
2495478073892
1670844353060
2770355980836
1413146315300
2512657943076
1400261413412
2499773041188
2499757558036
2516953220376
1413197941012
2512709568788
1670844663064
2770356290840
1413146625304
2512657943080
1417441282600
2516952910376
2499840150056
1417492645140
2516937427224
1692303706392
2791815334168
2512642459928
1413197941016
2512709568792
2787587475736
1417425799448
2787604071720
1692386297108
2791897924884
2791830816020
2791831144744
1688024549672
2787536177448
1417442380324
2516954008100
2791881411108
1413213751576
2512725379352
1675190961704
2774702589480
1417425815080
1692303722024
2791815349800
1688075863592
2495529436712
2770407343656
1688075585064
2787587212840
1670827821608
2770339449384
1413196892696
2512708520472
2787586427416
2791814285604
1413129603348
2512641231124
1688007510292
2774701345044
1417491679508
2517003307284
1692369586452
2791881214228
1400244701460
1670894930196
2770406557972
2770339268888
1413129603352
1417509505304
2517021133080
1675207526948
1413130831124
2512642458900
2499773351204
1675139630372
2774651258148
1417441592612
2516953220388
1400328832292
1675206739236
2516954024228
1692320303396
2791831931172
1400328587556
2499840215332
1675206494500
2774718122276
2774635284776
1417491679528
2517003307304
1417442396456
2516954024232
2495462410536
1670828689704
2770340317480
1413130651944
2512642279720
2770407606564
1675139630376
2774651258152
1400328832296
2499840460072
1400262509864
2499774137640
1417509751320
1395967805976
2495479433752
1413147675160
2512659302936
1417442642456
2516954270232
1675122607636
2774634235412
1670894749204
2770406376980
1417424749844
2516936377620
1396018071848
2495529699624
1670895978792
2770407606568
1395950962984
2495462590760
1670828869928
2770340497704
1688008739112
1692303706408
2499773039908
1675139319076
2774650946852
1417441281316
2516952909092
1396033553700
1670911460644
2770423088420
1688007509524
2787519137300
1688008492568
2787520120344
1675189716504
2774701344280
1670827640344
2770339268120
1688007509528
2774650946856
1675139319080
1395966444840
2495478072616
1688024220968
2787535848744
1396016826900
2495528454676
1692387346968
2791898974744
1395967494680
2495479122456
1413147363864
2512658991640
1400262461976
2499774089752
1692320238104
2791831865880
1396017808680
2495529436456
1688075584808
2787587212584
1688092690980
2787604318756
1417509751332
2517021379108
1692387658276
2791899286052
1675207526952
2774719154728
1396034652712
2495546280488
2774634219796
1670894733588
2770406361364
1413196695828
2512708323604
1688074602772
2787586230548
1400311793940
1417424554260
2516936182036
2770424449576
1413214784040
2791899286056
1692387658280
2512726411816
1417491678756
1395949733412
2495461361188
1688025580820
2787537208596
1400262771988
2499774399764
1417509750036
1675122592024
2774634219800
1688092379684
2787604007460
1417509440036
2517021067812
2495546279448
1670912558616
2770424186392
1413214520856
2512726148632
1688024533528
2787536161304
2517003502884
1675140416804
2774652044580
1417442379044
2516954006820
1692320238120
2791831865896
1688092379688
2787604007464
1692387346984
2791898974760
1395967494696
2495479122472
1400329618708
2499841246484
1670911789604
2770423417380
2499841197332
1395967493396
2495479121172
1413147362580
2512658990356
2499824665876
1675140629780
2774652257556
1692320498964
2791832126740
1688092640532
2787604268308
1692387607828
2791899235604
1670912771348
2770424399124
2517021328664
2791881409816
1675123853860
2774635481636
1670845711652
1675189700904
2774701328680
1417424554280
2770407623188
1396018088468
1413213685032
2512725312808
1675206690088
2774718317864
1670912820520
2770424448296
2791832175912
1670845711656
2770357339432
1413147673896
2512659301672
2499774399784
1675207787816
1413214782760
1400312858132
2499824485908
1417492727316
1670828688916
2495546230052
1670912509220
2770424136996
1413147362596
2512658990372
1688025269540
2499823633704
1692319451412
2791831079188
1692387412504
1688024287768
2787535915544
2787603024408
1688092427544
2787604055320
1675139631384
2774651259160
1675190765080
2774702392856
1400328849960
2499840477736
1417441593624
2516953221400
1692319500568
2791831128344
1670828688920
2770340316696
1413214538276
2512726166052
1417441348132
2516952975908
1692319255076
2791830882852
1400312859172
2499824486948
2774702393892
2495529519656
1688024287784
2787535915560
1396017891880
1413214538280
1670844352792
2770355980568
1670911723800
2770423351576
1675206691096
2774718318872
1670844614936
2770356242712
1675206756644
2774718384420
1670911789348
2770423417124
1413213751588
2512725379364
2787603286308
1400261740072
2499773367848
1670844679720
2770356307496
1413146641960
1670828886568
2770340514344
1396033881624
2495545509400
1400328848920
2499840476696
1400313055768
2499824683544
1675190962712
1670895782164
2770407409940
2770340301076
1688008542484
2787520170260
1417425815844
2516937443620
2770407622932
2499823700500
2516936377892
1692386560292
2791898188068
1395966708004
2791881393684
1417492727336
2517004355112
1692370634280
2791882262056
2495529518632
1670895797800
2770407425576
1395950781992
1417491941912
2517003569688
1670827903512
2770339531288
1413129865752
2512641493528
1688007772696
2787519400472
1400261413400
1413213686056
1400261675304
2499773303080
2770355980564
1670844352788
1670911789352
2770423417128
2499823618600
1400328520996
2499840148772
1675206427940
2774718055716
1688008542500
2787520170276
1396017023268
2495528651044
2787586427172
1400311990564
2499823618340
1670894946836
2499756591652
1396017105444
2495528733220
1417441331480
1692319238424
2791830866200
1692303509800
2791815137576
1417492711720
2517004339496
1692370618664
2774635268392
1395950766376
1670828673320
2770340301096
1675123640616
2495478400296
1670844679464
2770356307240
1688024548648
2787536176424
1400261739816
2499773367592
2495529715992
1413196974632
2512708602408
1417508457000
2517020084776
1675122870824
2495462590996
1675122787620
2774634415396
1670827820324
2770339448100
1688092640788
2787604268564
1395949930004
1688092427812
2787604055588
1692303722008
2791815349784
1688024533540
2512725363220
1675206740500
2774718368276
1417491940632
2517003568408
1692369847576
2791881475352
1400262723108
2499774350884
2774702589476
1396034864676
2495546492452
1692387608100
1692319189272
2791830817048
1395966445848
2495478073624
1692386559528
2791898187304
2791882458664
1417442592296
2516954220072
1692320499240
1413214733864
2512726361640
2512658270760
1688024549928
2787536177704
1400262789656
2499774417432
1670912772376
2770424400152
1413214734616
2512726362392
2517020084516
2787520367124
2499757558292
2774635465236
1417425799700
2516937427476
1692303706644
2791815334420
1395950963220
1417441592872
2512725379608
1413196973348
2512708601124
2499773041176
1400313121300
2499824749076
1396018154004
1670896060948
1417492990484
2517004618260
1400246012436
2791881410852
1692320500004
2791832127780
1670912772388
2770424400164
1688092641572
2787604269348
1400312071464
2499823699240
1688025532708
1413129864488
1670827820328
2770339448104
1675122787624
2774634415400
1413198023192
2512709650968
1688075930136
1400313121304
2499824749080
1413130914328
1675139631656
2774651259432
1417441593896
2516953221672
1692319500840
2791831128616
1688091642392
2787603270168
1400328833560
2499840461336
1396034865448
2495546493224
1400329832744
2499841460520
1396034651428
2495546279204
1670912558372
2770424186148
1413214520612
2512726148388
1688092427556
2787604055332
2791815334180
2774701606164
2512725378324
1688091657492
2787603285268
1675206755604
2774718383380
2791898252564
1417508717844
2495462591000
2770356028712
1417425881636
2516937509412
1417492990500
2517004618276
2791882525220
2517004536084
1417441592596
2516953220372
1413130832148
1395966772516
2495478400292
1670844679460
2770356307236
1670895011108
2770406638884
1413196973352
1688074880296
2787586508072
1417441347860
2516952975636
2512708520468
1413130914344
2512642542120
1688008821288
2774635547176
1417425881640
1692303787284
1396033620248
1670911527192
1417425815076
2516937442852
2787587556632
2791882523928
2499757638936
1692386609432
2791898237208
1670911772952
2770423400728
2787536964120
2499773106468
1396033620260
1417441347876
2516952975652
1692319254820
2791830882596
1417442379288
2512658253080
1688024532248
2787536160024
2499773351192
1396018152740
2495529780516
1675206494504
1692319254824
1417492924708
2517004552484
1413197957412
2512709585188
2512708257300
1692302477588
2791814105364
1400313120040
2499824747816
1417425880360
2516937508136
1692303787304
2791815415080
2512709649704
1395951043880
2495462671656
1417491596824
2517003224600
1395949651480
2495461279256
1396016760344
1413146315304
2791897926168
2495545182744
1688075863576
2787587491352
2512642475300
1417425814820
2516937442596
1692303721764
1396033554708
2495545182484
1670911461652
1417442658852
2516954286628
2774701607448
1417425798420
2516937426196
1395949651492
1400311727652
1417491596836
2517003224612
2516936115748
2774634153512
1675122525736
2512708257320
2499756329240
1675122608408
2516954024216
1396034668824
2495546296600
1670912575768
2770424203544
1688092444952
2787604072728
1670894929188
2770406556964
1692369765668
1400261740052
2499773367828
2774651274772
1692386625048
2791898252824
1688075929112
2787587556888
1400261740056
2499773367832
1417492989464
2517004617240
1396033866276
1670827837992
2770339465768
1400245945640
2499757573416
1675123852584
1688092706324
2787604334100
1670895011364
2770406639140
2787602958616
1692370830616
2791882458392
1413213750824
1675140696616
2774652324392
1417442658856
2516954286632
2495546559000
1670912838168
1400329898520
2499841526296
1675206427944
2774718055720
2495478384164
1413146625572
2774635465252
1692303706660
1400261723684
2499773351460
1675140434212
2774652061988
1417442396452
1417509505316
2517021133092
1400313039380
1675190946324
2774702574100
1692370815508
2791882443284
2770407606804
2499774155048
1395966756376
1395950700052
2495462327828
1413130569236
2512642197012
2499774416148
1675140695316
2774652323092
1413147690260
2512659318036
1670894929192
2770406556968
1692386609704
1675123574296
2774635202072
1670895715864
2770407343640
1692370552344
2791882180120
2791898237480
2774702311700
1395950700056
1670828607000
1400328833316
2499840461092
1400311989524
2499823617300
1395950963240
2495462591016
2791898236440
1688091641368
2787603269144
1670844663076
1670828869924
2770340497700
2499757558052
1692303706404
1675190683172
2774702310948
2774718366996
1413146625316
2512658253092
1670827641380
2770339269156
1400311810580
2499823438356
1675189717524
2774701345300
1692369586708
2791881214484
1396016843284
2495528471060
1675190683176
2774702310952
1400245667368
2499757295144
1675123574312
2774635202088
1417424751128
2516936378904
1692302658072
1670911461924
1692386298404
1417492923940
2517004551716
2791897926180
1400245929236
1692387395864
1417508702504
2517020330280
1692386609448
2791898237224
1675139320088
2774650947864
1670827821604
2770339449380
1417441592616
2516953220392
2791815334184
1670911771928
2770423399704
1413213734168
2512725361944
1400328832280
2499840460056
1417492908312
2517004536088
1675122788904
1670894930472
2770406558248
1670827641384
2770339269160
2787604335144
1400244880660
2499756508436
1400311810324
2499823438100
1417491858712
2517003486488
1396017022232
2495528650008
1400244880664
2517004601892
1413213424168
2512725051944
1688091331112
2787602958888
1400245929240
2499757557016
1417425798424
2516937426200
2787519137304
1675122607640
2774634235416
1417424569880
2516936197656
1400313054500
2499824682276
1417492923684
2517004551460
1413214800420
2512726428196
1688092707364
2787604335140
1395949733140
2495461360916
2791814104340
1417509767716
1417441346856
2516952974632
1692319253800
2791830881576
1692303444264
2791815072040
1688091641364
2787603269140
1417441592852
2516953220628
2787536160276
2787535849000
1670844352040
2770355979816
1688024221224
2791814284580
1688007689508
2787519317284
1395950979352
2495462607128
1395966444836
2495478072612
2516953220632
1417424767268
2516936395044
1670894946596
2770406574372
1688007706920
1400262723880
2499774351656
2495528470808
1670894749976
2770406377752
1692387658024
1675123837464
2774635465240
1396018072088
2495529699864
1670895979032
1395950963224
1413146314260
2512657942036
2495546279208
1692320285976
1688075863336
2787587491112
1692319499812
2791831127588
2787519137048
1688092707368
1395966756388
2770339267864
1675190946340
1396033865252
2495545493028
2787587476004
1400328832548
2499840460324
1692303705368
1670911445268
2770423073044
1688024205588
1692319172884
2791830800660
2774650931476
1675139303700
2787535833364
1692386281748
2791897909524
2517004536360
2516937427496
1400313039400
2499824667176
1692370830888
2774718055972
1675139319332
1413146314276
2512657942052
2774652323368
1417442657832
2516954285608
1692320564776
2770423073048
1675206428200
2774718055976
1417491596564
2517003224340
1692369503508
1670911460904
2774719431956
1675123836184
2774635463960
1675190945048
2774702572824
1395950961944
2495462589720
1413130831128
2512642458904
1670844418344
2770356046120
2495546558760
1692319172900
2791830800676
1417509750292
2517021378068
1692387657236
2791899285012
1417442641428
1396018070820
2495529698596
2791882442020
1413197940004
2512709567780
1670911771940
1692320549140
2512708340260
1413214799124
2512726426900
1688092706068
2787604333844
2517021395492
1395967493652
2495479121428
1413147362836
1400262460948
2499774088724
1395950961956
2495462589732
1413130831140
2512642458916
1400245929252
2499757557028
1417492924952
1396034865688
1400329832984
2499841460760
1692320303640
2791831931416
2787586229524
1395949716756
2495461344532
1670827623700
2770339251476
2512641213716
1688007492884
2787519120660
1692320548392
2791832176168
1688092689960
2787604317736
2516952892692
1395966428436
1675139302676
1417424553240
2516936181016
1417491662104
2517003289880
1692369569048
2791881196824
2516954269204
1692320548372
2791832176148
1400329569828
2499841197604
1675207476772
2774719104548
1395967493668
1670894750248
2770406378024
2770356242964
1670844615188
1396034602536
2495546230312
1692387658264
2791899286040
1688075651604
2770423088680
1417508653608
2517020281384
1675139582504
2774651210280
1417441544744
1675206691368
2774718319144
1692386625832
2791898253608
2791881476392
1692369848616
2512709650728
1417508652312
2517020280088
1692386559256
2791898187032
1688025270820
2787536898596
1417509766676
2517021394452
1692387673620
2770357340456
2516936115476
2495461278996
1692387329304
2791898957080
1417492710680
2517004338456
1692370617624
2791882245400
1396033553704
2495545181480
1400244618532
2499756246308
2774719432232
2791831848232
1400245930520
2770357291288
1692303787288
2770406638868
2517004289304
1400312071716
2516937180456
1670828623144
2770340250920
1692303508776
2791815136552
1688092641828
2787604269604
1395966772756
2495478400532
1670844679700
2770356307476
1417508390440
1395967559208
2495479186984
1675139648020
2774651275796
1417425881624
2516937509400
1670895012376
2770406640152
2787586492712
1395967822376
2495479450152
2774651013656
1675140629800
2774652257576
1692320498984
2791832126760
1413214733608
2512726361384
1395967477268
2495479105044
1395966428712
2495478056488
1688024204840
2787535832616
2517004601624
1692303771928
2791815399704
1692370880792
2791882508568
1417508455700
2517020083476
1670845711912
1692303460628
2791815088404
1675123591444
2774635219220
1417425553684
1400261477656
2499773105432
2517021377812
1692387656980
2791899284756
1417442593316
2516954221092
2512725314088
1688091593256
2787603221032
2791898974756
1692369585448
1395966510376
1692319237396
2791830865172
1692386346260
2791897974036
2791831913752
1692303508760
2791815136536
1692386346264
2791897974040
1395966493976
2495478121752
2495479121444
1413147362852
2512658990628
1400245684520
2499757312296
1396017826088
2495529453864
1400312793384
1692387412516
1692320303652
2791831931428
1670912576036
2770424203812
2516954023192
1417509766420
2517021394196
1675206756628
2774718384404
1688024549652
2787536177428
2517020346644
1670912574760
2770424202536
2499774154024
1417442395432
1413214537000
2512726164776
1688092443944
2495545182488
1688007493912
2787519121688
1688025269544
2787536897320
2770356308260
2499823420952
1675190748712
2774702376488
1417441610024
2516953237800
2787587540516
2495462409768
2495478335780
1688091592980
2787603220756
1692370814500
2791882442276
2495478056212
1670844335380
2770355963156
2499773023508
1670911444244
2770423072020
1417441264916
2787519056152
1675207476520
2774719104296
1670895716648
1400329554468
1417508652568
2517020280344
1395966691604
2495478319380
1670844336408
2770355964184
1413196630552
2791882245656
1692370617880
1413214455080
2512726082856
1688092362024
2787603989800
1417509422376
2517021050152
1688025532696
2787537160472
2512726361624
1692386362664
2791897990440
1670896044568
2770407672344
1688075913752
2787587541528
1688074552612
2787586180388
1692369519908
2791881147684
1670911706392
2770423334168
1692386543892
2791898171668
