1396218086676
1400865637912
2500377265688
1675743544856
2775255172632
1396235143704
2495746771480
1671113050648
2770624678424
1413415012888
2512926640664
1688292919832
2787804547608
1400530111000
2500041738776
1692924462356
2792436090132
2792100350504
2792149846568
2770691574052
1675743364628
2775254992404
1400799398424
2500311026200
1675677305368
2775188933144
2500109698344
1675475977512
2774987605288
1417777939752
2517289567528
1692655846696
2792167474472
1675459118632
2774970746408
1417761080872
2517272708648
1692638987816
2792150615592
1417978464808
2517490092584
1692856371752
2792367999528
2792167410216
1692856322596
2792367950372
1675408017956
2774919645732
1417709980196
2517221607972
1692587887140
2792099514916
1396503579172
2496015206948
1413734828584
2513246456360
1688612735528
2788124363304
2792436173076
1396236257556
2495747885332
1671114164500
2770625792276
1413416126740
2512927754516
1688294033684
2787805661460
1400531224852
1396285458708
2495797086484
1671163365652
2770674993428
1413465327892
2512976955668
1688343234836
2500310172968
1396219480344
2495731108120
1671097387288
2770609015064
1413399349528
2512910977304
2775171041828
1688277256472
2787788884248
1400514447640
1396235143720
2495746771496
1671113050664
2770624678440
1413415012904
2512926640680
1688292919848
2787804547624
1400530111016
2500041738792
1396570491432
2496082119208
1417711094052
2517222721828
1692589000996
2792100628772
1675744676132
2775256303908
2770625792292
1413416126756
2512927754532
1688294033700
1396219480360
2495731108136
1671097387304
2770609015080
1413399349544
2512910977320
1688277256488
2787788884264
1400514447656
2500026075432
1675727897892
2775239525668
2775256287528
2495797102116
1671163381284
2770675009060
1400580441636
2500092069412
1675458348580
2774969976356
1396235978276
2495747606052
1671113885220
2770625512996
1413415847460
2512927475236
1400866686232
2500378314008
1675744593176
2775256220952
1396570490392
2496082118168
1671448397336
2770960025112
1413750359576
2513261987352
1688628266520
2788139894296
1400865457688
2500377085464
1692839281960
2792350909736
1417961424408
2517473052184
1692839331352
2792350959128
1413751604520
2513263232296
1688629511464
2788141139240
1417962424612
2517474052388
1692840331556
2792351959332
2770877122852
1400782555428
2500294183204
1675660462372
2775172090148
1688562387240
1675408852264
2774920480040
2500092069160
1400514168084
2500025795860
2512910697748
1688276976916
2787788604692
2774903702804
1417694037268
2517205665044
1692571944212
2792083571988
1400799315480
2500310943256
1675677222424
2775188850200
1417760295192
2517271922968
1692638202136
2792149829912
2770674993432
1400580426008
2500092053784
1675458332952
1688343234840
2787854862616
2774903702808
1396487636248
1400782603544
2500294231320
1675660510488
2775172138264
2770877170968
2495730828568
1671097107736
2770608735512
1413416061220
1417962751528
2517474379304
1692840658472
2792352286248
2788056990996
1400782554388
1396555023656
2496066651432
1671432930600
2770944558376
1413734892840
2513246520616
1688612799784
2788124427560
1400849990952
2500361618728
1675458348584
2774969976360
1417760310824
2517271938600
1692638217768
2792149845544
1688293754408
2787805382184
1400530945576
2500042573352
1675408852520
2774920480296
1417710814760
2517222442536
1692588721704
2792100349480
1417961638440
2517473266216
1692839545384
2792351173160
1417962472740
2517474100516
1692840379684
2792352007460
1413399069988
2512910697764
1688276976932
2787788604708
1400514168100
2500025795876
1675408066836
2774919694612
2512926689556
1688292968724
2787804596500
1417710029076
2517221656852
1692587936020
2792099563796
1396487588136
2495999215912
1671365495080
2770877122856
1413667457320
1417778119956
2517289747732
1692656026900
2792167654676
1396571523624
2496083151400
1671449430568
2770961058344
1675392075048
2774903702824
1417694037288
2517205665064
1692571944232
2792083572008
1396487636264
2495999264040
1671365543208
2770877170984
1396486522148
2495998149924
1671364429092
2770876056868
1413666391332
2513178019108
1688544298276
2788055926052
1692655043880
1396302038292
2495813666068
1675660772900
2775172400676
2517557135656
1413465082132
2512976709908
1688342989076
2787854616852
2517271677204
2792149584148
1413733517588
2513245145364
1688611424532
2788123052308
1417710044708
2517221672484
1692587951652
2792099579428
2500041803300
1675408082468
2774919710244
1400782554392
2500294182168
1413667456280
2513179084056
1688545363224
2788056991000
1675660461336
2775172089112
1417962423576
2517474051352
1418046310680
2517557938456
1692924217624
2792435845400
1417978414376
1417711027476
2517222655252
1692588934420
2792100562196
1692857369876
1675726522648
2775238150424
1413465082136
2512976709912
1688342989080
2787854616856
1417760049432
2517271677208
2517540112664
1396285212952
1417978463768
1413733844500
2513245472276
1688611751444
2517490091544
1692856370712
2792367998488
2513246455320
1688612734488
2788124362264
1400782604568
2500294232344
1417711027480
2517222655256
1692588934424
2792100562200
1417979462936
2517491090712
1692857369880
2792368997656
1671114097944
2770625725720
1396571735572
1417694317076
2517205944852
1692572224020
2792083851796
1675409132052
2774920759828
1417711094292
2517222722068
1692589001236
2792100629012
1396219480600
2495731108376
1671097387544
2770609015320
1413399349784
2512910977560
1688277256728
2787788884504
1400514447896
2500026075672
2774919694616
1400530159896
2500041787672
1417710029080
2517221656856
1692587936024
1396235192600
2495746820376
1671113099544
2770624727320
1692924545572
2517558266404
2788074097188
1675660790308
2775172418084
1418046638628
1400782883364
1413483235876
2512994863652
1688361142820
1413684218392
2513195846168
1688562125336
2788073753112
1396219480616
2495731108392
1671097387560
2770609015336
1413399349800
2512910977576
1671180159268
2770691787044
1400580180260
2500091808036
1675458087204
2774969714980
1675726522660
2775238150436
1688342989092
2787854616868
1417760049444
2517271677220
1400781489448
2500293117224
1675659396392
2775171024168
1417961358632
2517472986408
1692839265576
2792350893352
1675726849576
2775238477352
1400849991188
2500361618964
1675727898132
2775239525908
1396286588436
2495798216212
1413667767848
2513179395624
1688545674792
2788057302568
1400782865960
2500294493736
1675660772904
2775172400680
1417962735144
2517474362920
1675677500708
2775189128484
2787805594916
1400531158308
2500042786084
1675409065252
2774920693028
1417711027492
2517222655268
1692588934436
1396285212968
2495796840744
1671163119912
2770674747688
1413465082152
2770624742952
1413415077416
2512926705192
1688292984360
2787804612136
1400530175528
1692907702820
2792419330596
2500041803304
1675408082472
1396286588440
2495798216216
1688628250900
2788139878676
2792434845972
1418045311252
2517556939028
1692923218196
1671164495384
2770676123160
1396236191016
2495747818792
1671114097960
2770625725736
1413416060200
2512927687976
1688293967144
2787805594920
1400531158312
2500042786088
2792150894868
1396286523668
2495798151444
1671164430612
2512978020628
1688344299796
1413466392852
1400798333480
2500309961256
1675676240424
2775187868200
1418045244692
2517556872468
1692923151636
2792434779412
1418046555428
2517558183204
1692924462372
2792436090148
1688628266532
2788139894308
1418045326884
2517556954660
1692923233828
2792434861604
1396570490404
2496082118180
1671448397348
2770960025124
1418029844756
2517541472532
1692907751700
2792419379476
1400581540116
2500093167892
1675727882516
2775239510292
1417761409300
2517273037076
2517557938472
1413734893092
2513246520868
1688612800036
2788124427812
1418029860388
2517541488164
1692907767332
2792419395108
2495798216228
1671164495396
1692907751704
2792150944024
1675459447064
2774971074840
2495798200600
1671164479768
2770676107544
2792419379480
1675727882520
2775239510296
1417978217748
2517489845524
1692856124692
2792367752468
1396234945812
2495746573588
1671112852756
2770624480532
1400529913108
2500041540884
1692839544344
2792351172120
1396286588456
2495798216232
1671164495400
2770676123176
1413466457640
2512978085416
1688344364584
2787855992360
1400581555752
1400598071572
2500109699348
1417760295204
2517271922980
1692638202148
2792149829924
2517489845528
1692856124696
2792367752472
1671381288216
2770892915992
2500041540888
1400529913112
1413683250456
2513194878232
1675407820056
2770961007912
1418045311256
2517556939032
1675459397912
2774971025688
1417761360152
2517272987928
1692639267096
2792150894872
1692656027944
2792167655720
1413466442020
2512978069796
1688344348964
2787855976740
1417761409316
2517273037092
1692639316260
2788124412196
1418029844772
2517541472548
1692638201108
1417760294164
2517271921940
1396571718952
2770675010068
2770691574056
2500294247976
1675660527144
2775172154920
1396570490408
2496082118184
1671448397352
2770960025128
1413750359592
2513261987368
1688628266536
2788139894312
1400865457704
2500377085480
1396286572840
2495798200616
1671164479784
2770676107560
1413466442024
2512978069800
1688344348968
2787855976744
1400581540136
2500093167912
1396234945828
2495746573604
1671112852772
2770624480548
1413414815012
2512926442788
1688292721956
2787804349732
1400529913124
2500041540900
1418029582888
2517541210664
1692907489832
2792419117608
1417776892456
2517288520232
1692654799400
2792166427176
1396571539988
2496083167764
1671449446932
2770961074708
1413751409172
2513263036948
1688629316116
2788140943892
1400866507284
2500378135060
1396234945832
2495746573608
1671112852776
2770624480552
1413414815016
2512926442792
1688292721960
2787804349736
1400529913128
2500041540904
1417711094036
2517222721812
1692589000980
2792100628756
1675744397860
2775256025636
1400799660584
1675659414056
2775171041832
1675676239124
2775187866900
1417978201364
2517489829140
1692856108308
2792367736084
1417760097556
1400798332180
2500309959956
1671448380692
1692638004500
1396303104536
2495814732312
1400580426024
2500092053800
1675458332968
2774969960744
1396219398676
2495731026452
1675743347992
1413465130264
2512976758040
1688343037208
2787854664984
2496014992664
1671381271832
2770892899608
1396503364888
1417961424152
2496083364392
1671449643560
2770961271336
2512927474968
1688293754136
1396218152228
2495729780004
1671096059172
2770607686948
1413398021412
2512909649188
1688275928356
2787787556132
1400513119524
2500024747300
1688545363236
2788056991012
1417962423588
2517474051364
1692840330532
2792351958308
1413398021416
2512909649192
1688275928360
2787787556136
1400513119528
2500024747304
1675391026472
2774902654248
1417692988712
2517204616488
2500092052760
1413465326872
2512976954648
1688343233816
2787854861592
1417760294168
2517271921944
1692638201112
1675458331928
1418046358824
2517557986600
1692924265768
2792435893544
1413750621480
2513262249256
1688628528424
2788140156200
2792435911204
1396303104548
2495814732324
1671181011492
2770692639268
1400598071844
2500109699620
1675475978788
2774987606564
1675744414244
1675659741460
2775171369236
1692654733608
1400782817560
2500294445336
1675660724504
1396235192612
2495746820388
1671113099556
2770624727332
1413415061796
2512926689572
1688292968740
2787804596516
1400530159908
2500041787684
1400798283048
2500309910824
1675676189992
2775187817768
1675676239384
2775187867160
1396303104552
2495814732328
1671181011496
2770692639272
1413482973736
2512994601512
1688360880680
2787872508456
1400598071848
2500109699624
1417710815524
1688545675556
2788057303332
1417711094040
2517222721816
1692589000984
2792100628760
1418045245736
2517556873512
1692923152680
2792083769880
1413733762600
2513245390376
1688611669544
2788123297320
1413415060756
2512926688532
1688292967700
2787804595476
1400530158868
2500041786644
1675408065812
2774919693588
1417710028052
2517221655828
1396487587112
2495999214888
1671365494056
2770877121832
1400799659560
2500311287336
1675677566504
2775189194280
1396235127060
2792436156968
2770961074452
1413751408916
2513263036692
1688629315860
2788140943636
2792435910932
1413667523112
2513179150888
1688545430056
2788057057832
1413734550036
2513246177812
1688612456980
2788124084756
1418029517332
2517541145108
1692907424276
2792419052052
2500310174248
1675676453416
2775188081192
1400596957716
1413481859604
2512993487380
1688359766548
2787871394324
1417776826900
2517288454676
1692654733844
2792166361620
2500108585492
1675408066856
2774919694632
1417710029096
2517221656872
1692587936040
2792099563816
2512910648600
1675475192084
1692655061268
2792166689044
1692923496724
2792435124500
1688628529428
1396570753300
2496082381076
2770960288020
1413750622484
1396302317848
2495813945624
1671180224792
2770691852568
1413482187032
2512993814808
1688360093976
2787871721752
1400597285144
2500108912920
1418045327640
2517556955416
1692923234584
2792434862360
1400530158872
2500041786648
1675408065816
2774919693592
1688292967704
2787804595480
1396235191576
1417710028056
2517221655832
1692587935000
1418029532456
2517541160232
1692907439400
2770960009508
1675743349028
2775254976804
1418045311268
2517556939044
1413750343972
2513261971748
1688628250916
2788139878692
1692923218212
1418029581848
1413684299048
2513195926824
1688562205992
2788073833768
2788123379224
1675475192104
1396286523684
2495798151460
1400866440484
2500378068260
1671164430628
2770676058404
2775171040792
1396571539736
2496083167512
1671449446680
2770961074456
1413751408920
2513263036696
1688629315864
2788140943640
1400866507032
2500378134808
2496083363352
1671449642520
2770961270296
1396554680856
2496066308632
1671432587800
2770944215576
1413734550040
2513246177816
1688612456984
2788124084760
1400849648152
2500361275928
2775187867156
1417978201620
2517489829396
1692856108564
2792367736340
1396503365140
2496014992916
1671381272084
2770892899860
1413683234324
1675743627556
2775255255332
1396570753316
2496082381092
1413398021656
2512909649432
1688275928600
2787787556376
1400513119768
2500024747544
1675391026712
2774902654488
1417692988952
2517204616728
1675474864664
2774986492440
1417776826904
2517288454680
1692654733848
2792166361624
2513194863128
1688561142296
2788072770072
2775254975764
1688628249876
2788139877652
1396570473748
2496082101524
1418045310228
2517556938004
1692923217172
2792434844948
1400781555236
2500293183012
1400848664100
1692638004772
2792149632548
1396503365156
2496014992932
1671381272100
2770892899876
1413683234340
1396218152488
2495729780264
1671431866660
2770943494436
1396302317864
2495813945640
1671180224808
2770691852584
1413482187048
1675459396884
2774971024660
1417761359124
2517272986900
1692639266068
2792150893844
1396554942760
2496066570536
1671432849704
2770944477480
2500092053012
1675458332180
2774969959956
1671431800340
2770943428116
1400848860692
2500360488468
1675726767636
2775238395412
1418028729876
2517558248744
1418029795880
2517541423656
1692907702824
2792419330600
1396285457944
2495797085720
1671163364888
2770674992664
1413465327128
2512976954904
1688343234072
2787854861848
1400580425240
2500092053016
1413684562472
2513196190248
1688562469416
2788074097192
1396570474792
2496082102568
2500360505876
1675726785044
2775238412820
1418028747284
2517540375060
1692906654228
2792418282004
1671448381736
1413684283924
2513195911700
1688562190868
2788073818644
1417979251220
2517490878996
1692857158164
2792368785940
2775171089944
1675459397928
2774971025704
1417761360168
2517272987944
1692639267112
2792150894888
1396553714216
2496065341992
1671431621160
2517556872472
2770943248936
2517541471768
1417693201684
2775239461160
1675458331940
2774969959716
1417760294180
2517271921956
1692638201124
2792149828900
2517474380072
2517556938008
1400865441048
2500377068824
1692923217176
2792434844952
2775239510552
2792099236116
1396285457956
2495797085732
1692906636836
2792418264612
1396553893412
1400580425252
2500092053028
1675458332196
2495798150424
1671164429592
2770676057368
1400581489944
2500093117720
1675459396888
2774971024664
2792150893848
1413466391832
2512978019608
1418046571816
2517558199592
1692924478760
2792436106536
1418046621208
2517558248984
1692924528152
2792436155928
1396285457960
2495797085736
1671163364904
2770674992680
1413465327144
2512976954920
1688343234088
2787854861864
2774920759588
1418028730664
1400782865704
2500294493480
1675660772648
2775172400424
1675676452376
2775188080152
1400514365988
2500025993764
1396219398692
2495731026468
1671097305636
2770608933412
1396553910808
2496065538584
1671431817752
1400848878104
1396504414744
2496016042520
1671382321688
2770893949464
1413684283928
2513195911704
1688562190872
2788073818648
1400799382040
2500311009816
1418045508120
2517557135896
1692923415064
2792435042840
1413684479528
2513196107304
1688562386472
2788074014248
1400781752616
2500293380392
1675659659560
2775171287336
1400531223828
2787805660436
1688343233832
2787854861608
1400580425000
1417760294184
2517271921960
1692638201128
2792149828904
1675743283732
2775254911508
1396301974036
2495813601812
1413481843220
2512993470996
1688359750164
2787871377940
1671179880980
2770691508756
1688561420820
2788073048596
1400798611988
2500310239764
1675676518932
2775188146708
1400866490920
2500378118696
1675744397864
2775256025640
2517205615892
1692571895060
1396301974040
2495813601816
1671179880984
2770691508760
1413481843224
2512993471000
1688359750168
2787871377944
1400596941336
2500108569112
1417711094056
2517222721832
1692589001000
2792100628776
1692638217512
1396235191588
2495746819364
1671113098532
2770624726308
1413415060772
2512926688548
1688292967716
1400530158884
2500041786660
2787805660440
1396236256536
1417761424680
2517273052456
1692639331624
2792150959400
1688629315876
2788140943652
1400866507044
2500378134820
1675744413988
2775256041764
1418029794840
2517541422616
1692907701784
2792419329560
1688562468376
2788074096152
1671179880996
2770691508772
1400596941348
2500108569124
1692923152932
2792434780708
1396301974052
2495813601828
1671448316452
2770959944228
2496066308644
1671432587812
2770944215588
1675727555108
2775239182884
1400596957732
2500108585508
1396301990436
2495813618212
1688359766564
2787871394340
1675474864676
2774986492452
1396301974056
2495813601832
1671179881000
2770691508776
1413481843240
2512993471016
1688359750184
2787871377960
1400596941352
2500108569128
1396503644696
2496015272472
1671381551640
2770893179416
1413683513880
2513195141656
1688561420824
2788073048600
1400798611992
2500310239768
1417710815528
2517222443304
1692588722472
1417979185688
2517490813464
1692857092632
2792368720408
1413683448344
2513195076120
1688561355288
2788072983064
2517541144084
1692907423252
2792419051028
1396554679828
2496066307604
1671432586772
2770691524116
1400596956692
2500108584468
1675474863636
2774986491412
1675408065832
2774919693608
1417710028072
2517221655848
1692587935016
2792099562792
1675459136040
1396571539752
2496083167528
1671449446696
1417760114964
2517271742740
1692638021908
2792149649684
1675458152724
2774969780500
2770961074472
2792100349464
1675727571496
2775239199272
1396554680872
2496066308648
1671432587816
2770944215592
1413734550056
2513246177832
1688612457000
2788124084776
1400849648168
2500361275944
2770893965864
1675474864680
2774986492456
1688275944728
2787787572504
1417776826920
2517288454696
1692654733864
2792166361640
1692923217188
2792434844964
1400865441060
2500377068836
1675743348004
2775254975780
1692639266084
2792150893860
1400581489956
2500093117732
1675459396900
2774971024676
1692924282136
2792435909912
1675744412952
2775256040728
1400866506008
1396554679832
2496066307608
1671432586776
2770944214552
1413734549016
2513246176792
1688612455960
2788124083736
1400849647128
2500361274904
1418028549416
2517540177192
1692906456360
2792418084136
1396301989400
2495813617176
1671179896344
2770691524120
1413481858584
2512993486360
1688359765528
2787871393304
1400596956696
2500108584472
1400849991956
2500361619732
1675727898900
2792350959144
1396553910820
2496065538596
1671431817764
2770943445540
1400848878116
2500360505892
1675726785060
2775238412836
1671364430100
1671382321700
2770893949476
1400799382052
2500311009828
1675677288996
2775188916772
1400866440488
2500378068264
1675744347432
2775255975208
1675744396824
2775256024600
2517473265192
2512976775448
1688343054616
2787854682392
1400580245784
2517473004052
1692839283220
2500091873560
1675458152728
2774969780504
2792083523880
1413666457128
2513178084904
1688544364072
2788055991848
1400580442644
1400597006632
1396570473768
2496082101544
2517540374036
1692906653204
2792418280980
2500360504852
1675726784020
2775238411796
1671448380712
2770960008488
1671382320660
2770893948436
1396487899668
2495999527444
1671365806612
2770877434388
1675743283736
2775254911512
1675459396904
2774971024680
1417761359144
2517272986920
1692639266088
2792150893864
1396504348200
2496015975976
1671382255144
2770893882920
1692655764756
2792167392532
1400866424084
2500378051860
2770960991508
1413482890516
2512994518292
1688360797460
2787872425236
1400597988628
1418028812840
2517540440616
1692906719784
2792418347560
2500109616408
1675475895576
2774987523352
2513262953752
1400866424088
2500378051864
1675744331032
1396303021336
2495814649112
1671180928280
1400866703912
2500378331688
1675744610856
2775256238632
1400848878120
1396504414760
2496016042536
1671382321704
1400513120788
2500024748564
1675391027732
2774902655508
1417692989972
2517204617748
1692570896916
2792082524692
1692856042792
2496016303380
1671382582548
2770894210324
2792100627748
1400514364964
2500025992740
1675392271908
2774903899684
1417694234148
2517205861924
1692572141092
2792083768868
1396487636500
2495999264276
1671365543444
2770877171220
1675660510740
2775172138516
2495730828820
1671097107988
2770608735764
1413399070228
1413733778968
2513245406744
1400848877080
1418046293284
2517557921060
1692924200228
2792435828004
1400597988644
2500109616420
1675475895588
2774987523364
1396303021348
2495814649124
1413483152676
2512994780452
1418045588776
2517557216552
1692924463400
1675392075288
2774903703064
1417694037528
2517205665304
1692571944472
2792083572248
1396487636504
2495999264280
1671365543448
2770877171224
1671381469460
1417978481188
2517490108964
1692856388132
2792368015908
2500310239780
1675676518948
2775188146724
1396303021352
2495814649128
1671180928296
2770692556072
1413482890536
2512994518312
1688360797480
2787872425256
1400597988648
2500109616424
1675727570456
2775239198232
1675676437016
1396504430104
2496016057880
1671382337048
2770893964824
1692588935464
2792100563240
1692572206628
2792083834404
1413751343400
2513262971176
1688629250344
2788140878120
1418028729896
2517540357672
1692906636840
2792418264616
1400580180264
2500091808040
1675458087208
2774969714984
1692856387092
2792368014868
1400798610964
2500310238740
1675676517908
2775188145684
1396219201060
2495730828836
1671097108004
2770608735780
1413399070244
2512910698020
1688276977188
2787788604964
1400514168356
2500025796132
1692588999976
2792100627752
1417693186596
2517204814372
1692571093540
2792082721316
1675392075304
2774903703080
1417694037544
2517205665320
1692571944488
2792083572264
1396487636520
2495999264296
1671365543464
2770877171240
1417962490408
2517474118184
1688359749908
2787871377684
1417776810260
2517288438036
1692654717204
2792166344980
1396301973780
2495813601556
1671179880724
1400596941076
1400581556776
2500093184552
1675459463720
2517289814548
1692656093716
2792167721492
2495814978068
1671181257236
2770692885012
1400598317588
2500109945364
1675476224532
2774987852308
1417760049684
2517271677460
1692637956628
2792149584404
1418028485140
2517540112916
1692906392084
1396285213204
2495796840980
1688629314852
2788140942628
1418046375204
2517558002980
1692924282148
2792435909924
1400866506020
2500378133796
1675744412964
2775256040740
1417711027732
2517222655508
1692588934676
2792100562452
1413684495892
2513196123668
1688562402836
2788074030612
1396236191252
1417979463188
1396285213208
2495796840984
1671163120152
2770674747928
1413465082392
1400849647140
2500361274916
1688612455972
2788124083748
1418029516324
2517541144100
1692907423268
2792419051044
1675727554084
2775239181860
1400597005592
1396553958680
2496065586456
1671431865624
2792166360612
2774986491428
2495813617188
1671179896356
2770691524132
1400596956708
2500108584484
1675474863652
1400865442068
2500377069844
1675743349012
1396486588692
2495998216468
2775254976788
1413683235092
2513194862868
1688561142036
2788072769812
2517289486612
1396236191256
2496082102552
1671448381720
2770691574040
1417978202392
1400865442072
2500377069848
1396570474776
1418028534040
1417709766936
1413734811924
2513246439700
1688612718868
2788124346644
1688628184356
2788139812132
1396503643672
2496015271448
1671381550616
2770893178392
1413683512856
2513195140632
1688561419800
2788073047576
1417979266344
2517490894120
1692857173288
1418028811800
2517540439576
1692906718744
2792418346520
1417760098596
2517271726372
1692638005540
2792149633316
1396503365924
2496014993700
1671381272868
1413398022440
2512909650216
1688275929384
2787787557160
1400513120552
2500024748328
1675391027496
2774902655272
1417692989736
2517204617512
2787854682404
1417760114980
2517271742756
1692638021924
2792149649700
2770674813220
2775171351828
1671096321300
2792351221012
1396218414356
2495730042132
1417961686292
2517473314068
1400866702872
2500378330648
1675744609816
2775256237592
2517271677476
1396553648676
2496065276452
1671431555620
2770943183396
1400848615972
2500360243748
1675726522916
2775238150692
1692637956644
2787871377688
1400596941080
2500108568856
2774986475800
1675474848024
2495813601560
1671179880728
2770691508504
1417776810264
2517288438040
1417978153256
1675677485332
2775189113108
1417711012116
2517222639892
1396504611092
2496016238868
1671382518036
2770894145812
1413684480276
1396218414360
2495730042136
1671096321304
1417693250840
1417978202648
2517489830424
1692856109592
2792367737368
1675476224536
2774987852312
1417778186776
2517289814552
1692656093720
2792167721496
2517474035240
1692840314408
1400799594020
2500311221796
1675677500964
2775189128740
1396236191268
2495747819044
1671114098212
2770625725988
1413416060452
2512927688228
1396285213224
2495796841000
1671163120168
2770674747944
1413465082408
1400849910056
1692588919064
2792100546840
2513196108056
1688562387224
1396236175640
1400799578392
1417711012120
2517222639896
2788074015000
1400580244756
2500091872532
1675458151700
2774969779476
1417760113940
2517271741716
1396236191272
2495747819048
1671114098216
2770625725992
1413416060456
2512927688232
1688293967400
2787805595176
1400531158568
2500042786344
1396554679848
2496066307624
1671432586792
2770944214568
1413734549032
2513246176808
1688612455976
2788124083752
1400849647144
2500361274920
2787871393320
1400596956712
2500108584488
1675474863656
2774986491432
1417776825896
2517288453672
1692654732840
2792166360616
2792436155688
1417979529768
2517491157544
1692857436712
2792369064488
1413733763348
2513245391124
1418028730644
2517540358420
1692906637588
2792418265364
2775188079912
2500025009444
1675391288612
2774902916388
1671364756772
1688293755160
1400848681512
2500360309288
1675726588456
2775238216232
2792419379732
1675459447316
2774971075092
1400849975828
2500361603604
1675727882772
2775239510548
1396286573076
2495798200852
2512976775464
1688343054632
2787854682408
1396219218452
2495730846228
1671097125396
2770608753172
1413399087636
2512910715412
1688276994580
2787788622356
1400514185748
2500025813524
1396236175652
2495747803428
1671114082596
2770625710372
1413416044836
2512927672612
1688293951780
2787805579556
1400531142948
2500042770724
1688629249304
2788140877080
1396286573080
2495798200856
1671164480024
2770676107800
1413466442264
2512978070040
1688344349208
2787855976984
1400581540376
2500093168152
1396234946068
2495746573844
1671112853012
2770624480788
1413414815252
2512926443028
1688292722196
1675676255764
2775187883540
1413733778980
2513245406756
1688611685924
2788123313700
1418028746276
2517540374052
1692906653220
2792418280996
1396553909796
2513195910692
1688562189860
2788073817636
1396236175656
2495747803432
1671114082600
2770625710376
1413416044840
2512927672616
2495999264024
1671365543192
1688293951784
2787805579560
2770624480792
1413414815256
2512926443032
1688292722200
2787804349976
1400529913368
2500041541144
1671163184408
2770674812184
1413465146648
2512976774424
1688343053592
2787854681368
1400580244760
1417962489368
2517474117144
1692840396312
2792352024088
1675727898904
2775239526680
1417962408232
2495998150936
1675743364392
2775254992168
1400581555736
2500093183512
1675459462680
2774971090456
1396218153508
2792082524708
2495729781284
1671096060452
2770607688228
1413398022692
2500360489240
1418028730648
2775238396184
1675726768408
1417761409572
2517273037348
1692639316516
2792150944292
1413734877732
2513246505508
1688612784676
2788124412452
1418029845028
1396286573092
1400529897748
2500041525524
1675407804692
2774919432468
1417709766932
2517221394708
1396234930452
2495746558228
1671112837396
1396503365908
1417961376280
2517473004056
1692839283224
2792350911000
1396286573096
1417979446824
1413751605784
2513263233560
1688629512728
2788141140504
2517491074600
1692857353768
2792368981544
2774903720472
1417694054936
1396234946084
2495746573860
1671112853028
2770624480804
1413414815268
2512926443044
1688292722212
2787804349988
1400529913380
2500041541156
1400782604580
2500294232356
2500041541924
2517221394712
1692587673880
2792099301656
2517489830168
1413683235096
2513194862872
1688561142040
2788072769816
1396234930456
2495746558232
1400530946584
2500042574360
1675408853528
2774920481304
1675726505512
2775238133288
1671112853032
2770624480808
1396553909800
2496065537576
1413733778984
2513245406760
1400848877096
1396504413736
2496016041512
1671382320680
1692570895892
2792082523668
2495729780244
1671096059412
2770607687188
1413398021652
2512909649428
1688275928596
2787787556372
1692923218452
2792434846228
1396570475028
2496082102804
1671448381972
1413683235348
2513194863124
1688561142292
2788072770068
1400781556244
1413398022680
2512909650456
1688275929624
2787787557400
1400513120792
2500024748568
1675391027736
2774902655512
1417692989976
2517204617752
2788073753124
2517490092308
1692856371476
2792367999252
1671381534996
2770893162772
1400798595348
1413683497236
2513195125012
1688561404180
2788073031956
1675743349284
1400597006884
2500108634660
1675474913828
2774986541604
1692839332388
2792350960164
1413733567012
2513245194788
1688611473956
1413398022696
2512909650472
1688275929640
2787787557416
1400513120808
2500024748584
1396303038740
1692655782164
2495814666516
1418029532436
1675727570196
2775239197972
2517541160212
2792419067156
1396554695956
2496066323732
1671432602900
2770944230676
1413734565140
1675743627816
2775255255592
1675727570200
2775239197976
1675676240164
2775187867940
1396554695960
2496066323736
1671432602904
2770944230680
1413734565144
1396234930468
2495746558244
2517204617768
1692570896936
2792082524712
2792435042600
1671181010196
2770692637972
2496015271460
1671381550628
2770893178404
1413683512868
2513195140644
1688561419812
2788073047588
1417978480164
2517490107940
1692856387108
1413414799656
2512926427432
1688292706600
2787804334376
2792418018580
1417979528728
2517491156504
1692857435672
2792369063448
1675676191016
1413481842980
2512993470756
1688359749924
2787871377700
1417776810276
2517288438052
1692654717220
2792166344996
2770691524884
1396554695972
2496066323748
1671432602916
2770944230692
1413734565156
2513246192932
1688612472100
2788124099876
2500092855588
1675459134756
1418046572840
1675476224548
2774987852324
1692656093732
2792167721508
1413483219492
2512994847268
1688361126436
2787872754212
1396286244372
2495797872148
1400848680472
2500360308248
1675726587416
2775238215192
1688561404184
2788073031960
1692856371480
2792367999256
1400798595352
2500310223128
1675676502296
2775188130072
1675475912984
2774987540760
1417777875224
2517289503000
1692655782168
2792167409944
1396286260520
2495797888296
1671164167464
2770675795240
1413466129704
2512977757480
1688344036648
2787855664424
1400581227816
2500092855592
1692840642856
2792352270632
1417978415640
2517490043416
1692856322584
2792367950360
1413750360360
2513261988136
1688628267304
2788139895080
1688612521512
2788124149288
1400513137172
2500024764948
2770691507476
1413481841940
2512993469716
1688359748884
2787871376660
1400865637928
2500377265704
1675743544872
2775255172648
1400598316564
2500109944340
1675476223508
2774987851284
1417778185748
2517289813524
1692656092692
2792167720468
1396503643688
1413683512872
2513195140648
1688561419816
2788073047592
1400798610984
2500310238760
1400849926420
2500361554196
1675727833364
2775239461140
1417777154580
2517288782356
1692655061524
2792166689300
1396570753556
2496082381332
1671448660500
2770960288276
1413750622740
2513262250516
1413733501480
2513245129256
1688611408424
2788123036200
1400799398440
2500311026216
1675677305384
2775188933160
1413481842984
2512993470760
1688359749928
2787871377704
1396302318104
2495813945880
1671180225048
2770691852824
1413482187288
2512993815064
1688360094232
1400530881044
2500042508820
1675408787988
2774920415764
1417710750228
2517222378004
1692588657172
2792100284948
1692570912024
2792082539800
2787872754216
1400598317608
2500109945384
1675476224552
2774987852328
1417778186792
2517289814568
1692656093736
2792167721512
2792435845416
1671163184420
2770674812196
1413465146660
2512976774436
1688343053604
2787854681380
2770876400916
1417760113956
2517271741732
1692638020900
1688359748888
2787871376664
1675474847000
2774986474776
2517288437016
1692654716184
2792166343960
1417776809240
2792099497256
2788073752084
1688611670308
2788123298084
1400848861476
2500360489252
1675726768420
2775238396196
1418028730660
2517540358436
1692906637604
2792418265380
1675476223512
2774987851288
1417778185752
2517289813528
1692656092696
2792167720472
1400865720868
1396570753572
1413482187300
2512993815076
1688360094244
2787871722020
2500377348644
1417777154596
2517288782372
1671449626900
2770961254676
1675743626776
2775255254552
2512910715428
1688276994596
2787788622372
1400514185764
2500025813540
1675392092708
2774903720484
1417694054948
2517205682724
1692571961892
1396554959128
2496066586904
1671432866072
2770944493848
1413734828312
2513246456088
1688612735256
2788124363032
1400849926424
1396302318120
2495813945896
1671180225064
2770691852840
1413482187304
2512993815080
1688360094248
2787871722024
1400597285416
1417961424424
1688611490328
2788123118104
2517473052200
1671113820696
2770625448472
1413415782936
2512927410712
1688293689880
2787805317656
1400530881048
2496065520916
1671431800084
2770943427860
1413733762324
2513245390100
1688611669268
2788123297044
1400848860436
2500360488212
1418028729620
1413751653928
2513263281704
1400530176532
2500041804308
1675408083476
2774919711252
1675726833960
2775238461736
1688277190932
2787788818708
1396487850260
2495999478036
1671365757204
1413667719444
1400799315496
2500310943272
1675677222440
2775188850216
2770674812200
1413465146664
2512976774440
1688343053608
2787854681384
1400580244776
2500091872552
1675458151720
2774969779496
2792083588628
1396219217428
2495730845204
1671097124372
2770608752148
1413399086612
2512910714388
1688276993556
2787788621332
1400514184724
1675392289048
2774903916824
1417694251288
2517205879064
1692572158232
2792083786008
2495999478040
1671365757208
2770877384984
2788074096916
1400799660308
2500311288084
1675677567252
2775189195028
1417979529492
2517491157268
1692857436436
2792369064212
1675677567528
1417978463508
2517490091284
1692856370452
2792367998228
1671113098516
1675475174676
1417777136916
2517288764692
1396553894184
2496065521960
1671431801128
2770943428904
1413733763368
2513245391144
1688611670312
1400782801428
2792435107096
1400865703192
2500377330968
1400781817112
2500293444888
1675659724056
2775171351832
2512993797400
1688360076568
2787871704344
2770944296472
1688292919828
2787804547604
1400530110996
2500041738772
1675408017940
2774919645716
1417709980180
2517221607956
1692587887124
2792099514900
1418028795172
2517540422948
1692906702116
2792418329892
1675408065828
2774919693604
1417710028068
2517221655844
1692587935012
2792099562788
1396218414376
2495730042152
1671096321320
2770607949096
1413398283560
2512909911336
1688276190504
2787787818280
1400513381672
2770877384996
1396487850276
2495999478052
1671365757220
1396219414820
2495731042596
2517204616740
2770607687204
1413398021668
2512909649444
1688275928612
2787787556388
1400513119780
2500024747556
1675391026724
2774902654500
2788123297048
1400848860440
2500360488216
1675726767384
2775238395160
1688545413396
2788057041172
1688277190952
2787788818728
1400514382120
2500026009896
1675392289064
2774903916840
1417694251304
2517205879080
1692572158248
2792083786024
1671381535012
2770893162788
1413683497252
2513195125028
1688561404196
2788073031972
1400798595364
2500310223140
1675676502308
2775188130084
1671180945700
2770692573476
1413482907940
2512994535716
1688360814884
2787872442660
1400598006052
2500109633828
1675475912996
2774987540772
1396570408468
1400799397400
2500311025176
1675677304344
2775188932120
1396504693016
2496016320792
1671382599960
2770894227736
1400799660312
2500311288088
1671365741080
1413667703320
2513179331096
1688545610264
2788057238040
1400782801432
2500294429208
1418046310696
1418046360088
2517557987864
1692924267032
2792435894808
2517558249748
1675408017944
2774919645720
1417709980184
2517221607960
1692587887128
2792099514904
2775188129044
2500310222100
1413683496212
1413734827560
2513246455336
1688612734504
1675660511528
2775172139304
1396303037716
2495814665492
1671180944660
2770692572436
1400598005012
2500109632788
1413482906900
2512994534676
1688360813844
2774902671636
1396218169620
2495729797396
1396486605076
2495998232852
1671364512020
2770876139796
1413666474260
2775171040804
1400798284312
2500309912088
1675676191256
2775187819032
1671113034004
1675476239636
2774987867412
1417778201876
2517289829652
1692656108820
2792167736596
1396303365396
2495814993172
1671181272340
2770692900116
1417693006104
2517204633880
1692570913048
2792082540824
1396486605080
2512909649448
1688275928616
2787787556392
1400513119784
2500024747560
1675391026728
2774902654504
1417692988968
2517204616744
1413684218408
2513195846184
1688562125352
2788073753128
2787872769304
1396303365400
2495814993176
1671181272344
2770692900120
1413483234584
2512994862360
1675476239640
2774987867416
1692924544280
1396570425876
1396503628072
2496015255848
1671381535016
2770893162792
1675744658724
1413683497256
2513195125032
1688561404200
2788073031976
1400798595368
1688360814888
2787872442664
1400598006056
2500109633832
1675475913000
2774987540776
1417777875240
2517289503016
1692655782184
2792167409960
2792434845992
1688359748900
2787871376676
1400596940068
2500108567844
1675474847012
2774986474788
2770692637976
1692570913060
2792082540836
1413398038820
2512909666596
1688275945764
2787787573540
1400513136932
2500024764708
1675391043876
2774902671652
2770692884004
1400598316580
1675476223524
2774987851300
1417778185764
2517289813540
1413483218468
2512994846244
1688361125412
2787872753188
2496015254808
1413683496216
1400798594328
2500310222104
1675676501272
2775188129048
1688561403160
1671180944664
2770692572440
1413482906904
2512994534680
1400598005016
2500109632792
2517272970772
1692639249940
1675475911960
2500109960484
1675476239652
2774987867428
1692924544292
2792436172068
1396303365412
2495814993188
1671181272356
2770692900132
1413483234596
1417693006120
2517204633896
1692570913064
2792082540840
1396486605096
1400849926436
2500361554212
1675727833380
2775239461156
2500025993496
1396303365416
2495814993192
1671181272360
2770692900136
1413483234600
2512994862376
1688361141544
2787872769320
1400598332712
2500109960488
2500042508836
1675408788004
2774920415780
1417710750244
2517222378020
1417777137172
2517288764948
1692655044116
2792166671892
1675408066068
2774919693844
1417710028308
2517221656084
1692587935252
2792099563028
1396218414616
2495730042392
1671096321560
2770607949336
1413398283800
2512909911576
1688276190744
2787787818520
1396570425880
2496082053656
1671448332824
2770959960600
1413750295064
2513261922840
1688628202008
2788139829784
1400865393176
2500377020952
1417761163560
2517272791336
1692639070504
2792150698280
1418029533720
2517541161496
1692907440664
2792419068440
2517271987748
1675726833188
2775238460964
2787804595748
1400530159140
2500041786916
1675408066084
2774919693860
1413684300312
2513195928088
1688562207256
2788073835032
1396218414632
2495730042408
1671096321576
2770607949352
1413398283816
2512909911592
1418029794580
2517541422356
1692907701524
2792419329300
1396554958100
2496066585876
1671432865044
2770944492820
1413734827284
2513246455060
2792367688232
1400799643944
2500311271720
1675677550888
2775189178664
1675474847016
2774986474792
1417776809256
2517288437032
1692654716200
2792166343976
2787805316628
1400530880020
2500042507796
2792100283924
1675408786964
2774920414740
2770961057320
1675476223528
2774987851304
1692656092712
2792167720488
1396554959144
2496066586920
1671432866088
2770944493864
1413734828328
2513246456104
1688612735272
2788124363048
2495730829588
1671097108756
2770608736532
1400514169108
2792419378712
1400530881064
2500042508840
1675408788008
2774920415784
1417710750248
2517222378024
1692588657192
1418028729636
2517540357412
1692906636580
1396553893156
2496065520932
1671431800100
2770943427876
1413733762340
2513245390116
1688611669284
2792352287016
1688612522276
1692571960868
2792083588644
1396219217444
2495730845220
1671097124388
2770608752164
1413399086628
2512910714404
1688276993572
1396554958104
2496066585880
1671432865048
2770944492824
1400849925400
2500361553176
1417761080616
2517272708392
1692638987560
2792150615336
1671364495892
2792369064228
1396504693028
2496016320804
1671382599972
2770894227748
1413684562212
2513196189988
1688562469156
2788074096932
1400799660324
1413684217368
2513195845144
1688562124312
2788073752088
1692906637608
1675408786968
2774920414744
1417710749208
2517222376984
1692588656152
2792100283928
1396487834148
2495999461924
1671365741092
2770877368868
1417962670628
2517474298404
1688276977944
2787788605720
1400514169112
2500025796888
1675392076056
2774903703832
1418046573080
2517558200856
1692924480024
2792436107800
2500378052116
1675744331284
2775255959060
1418046293524
2517557921300
1692924200468
2792435828244
1396303021588
2495814649364
1671180928532
2500311287060
1675677566228
2775189194004
1417979528468
2517491156244
1692857435412
2792369063188
1396504691988
2496016319764
1671382598932
1675660724520
2775172352296
1396553893160
2496065520936
1671431800104
2770943427880
1400848860456
2500360488232
1675660707348
2775172335124
1417962669588
2517474297364
1692840576532
2792352204308
1396487833108
2495999460884
1671365740052
2770877367828
2775172401688
1675676239400
2775187867176
1396303021592
2495814649368
1671180928536
2770692556312
1413482890776
2512994518552
1400597988888
2500109616664
1675408016916
2774919644692
1417709979156
2517221606932
1692587886100
2792099513876
1417761344040
2517272971816
1692639250984
2792150878760
1396504693032
2496016320808
1671382599976
2512909928724
1688276207892
1400513399060
2500025026836
1675391306004
2774902933780
2770894227752
1413667703336
2513179331112
1688545610280
2788057238056
1400782801448
2500294429224
1675660708392
2775172336168
1417962670632
2517474298408
1675408017960
2774919645736
1417709980200
2517221607976
1692587887144
2792099514920
1688561403172
2788073030948
1400798594340
2500310222116
1675676501284
2775188129060
1675475895844
2774987523620
1396303021604
2495814649380
1671180928548
2770692556324
1413482890788
2512994518564
2495814665508
1671180944676
2770692572452
1413482906916
1400598005028
2500109632804
1675475911972
2774987539748
1396555023636
2496066651412
1671432930580
2770944558356
1396303021608
2495814649384
1671180928552
2770692556328
1413482890792
1675677566232
1417979528472
2517491156248
1692857435416
1396504691992
2496016319768
1671382598936
2770894226712
1688545413400
2788057041176
1413667702296
2513179330072
1688545609240
2788057237016
1400782800408
2500294428184
1675660707352
2775172335128
1675408016920
2774919644696
1417709979160
2517221606936
1692587886104
2792099513880
1675743300132
2775254927908
1418045262372
2517556890148
1692923169316
2792434797092
1396570425892
2496082053668
1675659658532
2775171286308
1396235928868
2495747556644
1671113835812
1418045327656
2517556955432
1692923234600
2792434862376
1418029581864
2517541209640
1692907488808
2792419116584
2517288519208
1692654798376
2792166426152
1396570424852
2496082052628
1671448331796
2770959959572
1413750294036
2513261921812
1688628200980
2788139828756
1400865392148
2500377019924
1396503627048
2496015254824
1671381533992
2770893161768
1413683496232
2513195124008
1688561403176
2788073030952
1400798594344
2500310222120
1675659413032
2775171040808
2787872441640
1400598005032
2500109632808
1675475911976
2774987539752
1417777874216
2517289501992
1692655781160
2792167408936
1671449642536
2770961270312
1413482104084
2512993731860
1675475109140
2774986736916
1417777071380
2517288699156
1692654978324
2792166606100
1400865637652
2500377265428
1418028468776
2517540096552
1692906375720
2792418003496
1396553713940
2496065341716
1671431620884
2770943248660
1413733583124
2513245210900
1688611490068
2788123117844
1418028550420
2517540178196
1688561142312
2788072770088
1418045506840
2787871638808
2517557134616
1417777071384
2517288699160
1692654978328
2792166606104
1413750539544
2513262167320
1688628446488
1396570425896
2496082053672
1671448332840
2770959960616
1413750295080
2513261922856
1688628202024
2788139829800
1400865393192
2500377020968
1396554958116
2496066585892
1671432865060
2770944492836
1418029794596
2517541422372
1413415781924
2512927409700
1688293688868
2787805316644
1675408786980
2774920414756
1417710749220
2517222376996
2792351221268
2495998477844
1671364757012
2770876384788
2787787818516
1413666719252
2513178347028
1688544626196
2788056253972
1396570424856
2496082052632
1671448331800
2770959959576
2513261921816
1417979184660
1688628200984
2788139828760
1400865392152
1418045244712
2517556872488
1692923151656
1675743544612
2775255172388
2787871638820
1417777071396
2517288699172
1692654978340
2792166606116
1396302234916
2495813862692
1671180141860
1688359815464
2517222640148
1692588919316
2792100547092
2788074015252
1396236175892
2495747803668
1671114082836
1417979447828
2517491075604
1692857354772
2792351172136
1396219201828
2495730829604
1671097108772
2770608736548
1413399071012
2512910698788
1688276977956
2787788605732
1400514169124
2500025796900
1396302234920
2495813862696
1671180141864
2770691769640
1413482104104
2512993731880
1688360011048
2787871638824
1400597202216
2500108829992
1396553713944
2496065341720
1671431620888
2770943248664
1413733583128
2513245210904
1688611490072
2788123117848
1400848681240
2500360309016
1396236175896
2495747803672
1671114082840
2770625710616
1688293952024
2787805579800
1400531143192
2500042770968
1418028550680
2517540178456
1692906457624
2792418085400
1418046621224
2517558249000
1692924528168
2792436155944
1396554958120
2496066585896
1671432865064
2770944492840
1400849925416
2500361553192
1396219200788
2495730828564
1671097107732
2770608735508
1413399069972
1675392075028
1675744348696
2775255976472
1675676452392
2775188080168
2500293445156
1413398283812
2512909911588
1675408786984
2774920414760
1417710749224
2517222377000
1692588656168
2792100283944
1418045508136
2517557135912
1692923415080
2770894146084
1675677485604
2775189113380
1400799578660
1396236175908
2495747803684
1671114082852
2770625710628
1417979447844
2517491075620
1688276190760
2787787818536
1417709963540
2517221591316
1692587870484
2792099498260
1400530094356
2500041722132
1675408001300
2770876123668
1413666458132
1413414996244
2513178085908
1688544365076
2774969764388
1396236175912
2495747803688
1671114082856
2770625710632
1413416045096
2512927672872
1688293952040
2787805579816
1400531143208
2500042770984
1692571945256
2792083573032
1692923233560
2792434861336
1396504692004
2496016319780
1671382598948
2770894226724
1413684561188
2513196188964
1688562468132
2788074095908
1400799659300
2500311287076
1396487833124
2495999460900
1671365740068
2770877367844
1413667702308
2513179330084
1688545609252
2788057237028
2770624677412
1413415011876
2512926639652
1688292918820
2787804546596
1400530109988
2500041737764
1675408016932
1417709979172
2517221606948
2517205615908
1692571895076
2792083522852
1413667719448
1413399069976
2512910697752
1688276976920
2787788604696
1400514168088
2500025795864
1675392075032
1417694037272
2517205665048
1692571944216
1418028467736
2517540095512
1692906374680
2792418002456
1413683184936
2513194812712
1688561091880
2788072719656
1417978202644
2517489830420
1692856109588
2792367737364
1400529898004
2500041525780
1675407804948
2774919432724
1396234930708
2495746558484
1400865375764
2500377003540
1675743282708
2775254910484
1396234930712
2495746558488
1671112837656
2770624465432
1413414799896
2512926427672
1688292706840
2787804334616
1400529898008
2500041525784
2774919629080
2792099498264
1413414996248
2512926624024
1688292903192
2787804530968
1417709963544
2517221591320
2500041722136
1692587870488
2770876123672
1413666458136
1692906718756
2792418346532
1418045590040
2517557217816
1692923496984
2792435124760
1418029794856
2517541422632
1692907701800
2792419329576
1413684561448
2513196189224
1688562468392
2788074096168
1675659741480
2775171369256
1396504692008
2496016319784
1671382598952
1400513398036
2500025025812
1417761097236
2517272725012
1692639004180
2792150631956
1413734565396
2513246193172
1688612472340
2788124100116
2495999460904
1671365740072
2770877367848
1413667702312
2513179330088
1688545609256
2788057237032
1400782800424
2500294428200
1675660707368
1675408016936
2774919644712
1417709979176
2517221606952
1692856109604
2792367737380
1692587886120
2792099513896
1417979185704
2517490813480
1692857092648
2792368720424
1396570409236
2496082037012
1413414799908
2512926427684
1688292706852
2787804334628
1675407804964
2774919432740
1400798333476
2500309961252
1417709767204
2517221394980
2517289551144
1396571785748
2496083413524
1413751654932
1688629561876
2788141189652
1418046622228
2517558250004
1692924529172
2792436156948
1675744610584
1396234930728
2495746558504
1671112837672
2770624465448
1413414799912
2512926427688
1688292706856
2787804334632
1400529898024
2500041525800
2792082802984
2517557921304
1413750294052
2513261921828
1688628200996
2788139828772
1418045261348
2517556889124
1692923168292
2792434796068
1675743299108
2775254926884
2774902917396
1418028796180
2517540423956
1692906703124
2792418330900
1396235192596
2495746820372
1671113099540
2788124084500
1396554680596
2496066308372
1400849647892
2500361275668
1675727554836
2774970747156
1692839594264
2774902917400
1400848927000
2500360554776
1675726833944
2792351222040
1396218415384
2495730043160
1671096322328
2770607950104
1400581228068
2500092855844
1675459135012
2774970762788
1396554696228
2496066324004
1671432603172
2770944230948
2500025010468
1675391289636
2774902917412
1417693251876
2517204879652
1692571158820
2792082786596
1396486850852
2495998478628
1671364757796
1396218415400
2495730043176
1671096322344
2770607950120
1413398284584
1688629249316
2770675779864
2774970747160
1396554680600
2496066308376
1671432587544
1675727554840
1418029517080
2517541144856
2775239182616
2770944215320
1418045507096
2517557134872
1692923414040
1396553713956
2496065341732
1671431620900
2770943248676
1396286260776
2495797888552
1671164167720
1400848664852
2500360292628
1675726571796
2775238199572
2770675795496
1413466129960
2512977757736
2500108585240
1400781751592
2500293379368
1675659658536
2775171286312
2788139813144
1692923152664
1396570409240
2792434780440
1413750278424
2513261906200
1688628185368
2496082037016
1400865376536
2500377004312
1396571785752
2496083413528
1671449692696
2770961320472
1413751654936
2513263282712
1688629561880
1400866753048
2500378380824
1413750278676
2513261906452
1688628185620
2788139813396
1417979267608
2517490895384
1692857174552
2792368802328
1671431619860
2770943247636
1400848680212
2500360307988
2513245209876
1688611489044
2788123116820
1692638988580
1396554680612
2496066308388
1671432587556
2792150616356
1418029517092
2517541144868
1396286245156
1400866489896
2500378117672
1675744396840
2775256024616
1396570424872
2496082052648
1671448331816
2770959959592
1688628201000
2788139828776
1400865392168
2500377019944
1396286245160
2495797872936
1671164152104
2770675779880
1413466114344
2512977742120
1688344021288
2787855649064
1400581212456
2500092840232
1417961376292
2517473004068
1692839283236
2792350911012
1671431816468
2770943444244
2517540373780
1692906652948
2792418280724
1400848876820
2500360504596
1675726783764
2775238411540
1413733778708
1675660528148
2775172155924
1400531159316
2500042787092
1675409066260
1396487653908
2495999281684
1675743283752
2775254911528
1413465343256
2512976971032
1688343250200
2787854877976
1675458348312
2774969976088
2500360504600
1417760310552
2517271938328
2792418280728
1400781833496
2500293461272
1675392075044
2774903702820
1417694037284
2517205665060
1692571944228
2792083572004
1688611489048
2788123116824
1675726587160
2775238214936
1396553712920
2496065340696
1418028549400
2517540177176
1692906456344
1417710814504
2517222442280
1692588721448
1396235978004
2495747605780
1671113884948
2770625512724
2512927474964
1688293754132
1400799380756
2500311008532
1417979184664
2517490812440
2517271987736
1692638266904
2792149894680
1413667767592
2513179395368
1688545674536
2788057302312
1692840315176
1400865704212
2500377331988
1675743611156
2775255238932
2792350975528
1688292903204
2787804530980
1400530094372
2500041722148
1671364495908
2770876123684
1675408001316
2774919629092
1396486588964
2495998216740
1400799380760
1396285474084
2495797101860
1671163381028
2770675008804
1413465343268
2500311008536
1692588721432
2792100349208
1400848876836
2500360504612
1688277191188
2787788818964
1417694251540
2517205879316
1692572158484
2792083786260
1688545626644
2788057254420
1675409066264
2774920694040
1417711028504
1413465082148
2512976709924
2517222656280
1396487653912
2495999281688
1671365560856
2770877188632
2788056189224
1675392289304
2774903917080
1417694251544
2517205879320
1692572158488
2792083786264
1396487850520
2495999478296
1671365757464
2770877385240
1692587869460
2792099497236
1396235126036
2495746753812
1671113032980
2770624660756
1671364494868
2770876122644
1675743365656
2775254993432
1675727570472
2775239198248
2500041787924
1675408067092
2774919694868
1417710029332
2517221657108
1692587936276
2792099564052
2792149895700
1396218415640
2495730043416
1671096322584
2770607950360
1413398284824
2512909912600
1688276191768
2787787819544
1400513382936
2500025010712
2770893964840
1675677287716
2775188915492
1396504413476
2496016041252
1671382320420
2770893948196
1413684282660
2513195910436
1688562189604
2788073817380
2517490043428
1675408067108
2774919694884
1417710029348
2517221657124
1692587936292
2792099564068
1675458398756
2774970026532
1417694299412
2517205927188
1692572206356
2792083834132
1418045310232
2788073030936
2513195123992
1396487898392
2495999526168
1671365805336
2770877433112
1413667767576
2513179395352
1688545674520
2775255976212
1400866441492
1396286571812
1418046358820
2517557986596
1692924265764
2792435893540
2770674795812
1417710814500
2517222442276
1396218152232
2495729780008
1671096059176
2770607686952
1413751392808
2513263020584
1688629299752
1396235978024
2495747605800
1671113884968
2770625512744
1413415847208
2512927474984
1688293754152
2787805381928
1400530945320
2500042573096
1675392289316
2774903917092
2770877385252
1396487850532
2495999478308
1671365757476
1400782817828
1675659412756
1400529847572
2500041475348
1675407754516
2774919382292
1413414749460
1688292656404
1396234880276
2495746508052
1692587623700
1675408001320
2774919629096
1417709963560
2517221591336
1692587870504
2792099498280
1396486588968
2495998216744
1671364495912
1417709716760
2517221344536
1692587623704
2792099251480
2788123051288
2495998166296
1671364445464
2770876073240
1400865391896
2500377019672
1413750294804
1688628201748
2513261922580
2788139829524
1692923169044
2517556889876
2792434796820
1396218103076
2495729730852
1671096010020
2770607637796
1413397972260
2512909600036
1688275879204
2787787506980
1400513070372
2500024698148
2512910912040
1688277191208
2787788818984
1400514382376
2500026010152
1675392289320
2774903917096
1413397972264
2512909600040
1688275879208
2787787506984
1400513070376
2500024698152
1675390977320
2774902605096
1417692939560
2517204567336
1692856059176
1675391304996
2774902932772
1396218430756
2495730058532
1671096337700
2512909911572
1688276190740
1688360863252
2787872491028
1400598054420
2500109682196
1675475961364
2774987589140
1417777923604
2517289551380
1417962734888
1400530945572
2500042573348
1675408852516
2774920480292
1692588721700
2792100349476
1692856108568
2517473003028
1692839282196
2792350909972
1413414995224
2512926623000
1688292902168
2787804529944
1400530093336
2500041721112
1675408000280
2774919628056
1692587869464
2792099497240
2495998215704
1671364494872
1671448316196
2770959943972
1692923152676
2792434780452
1396570409252
2496082037028
1413750278436
2513261906212
1688628185380
2788139813156
1692924479784
1671449692708
2770961320484
2517558250020
1396571785764
2496083413540
1692924529188
2792436156964
1400866753060
2500378380836
1413751654948
1675743282712
2775254910488
1396571474200
2496083101976
1671449381144
2770961008920
1413751343384
2513262971160
1688629250328
2788140878104
1400866441496
2500378069272
1417961441812
2517473069588
1692839348756
2792350976532
1413666474516
2513178102292
1675391044116
2774902671892
1417693006356
2517204634132
2512993487140
1688359766308
2787871394084
1417776826660
1418028811816
2517540439592
1692906718760
2792418346536
1396570408212
1671181272596
2770692900372
1413483234836
2512994862612
1688361141780
2787872769556
1400598332948
2500109960724
1675391044120
2774902671896
1417693006360
2517204634136
1692570913304
1396571784724
2496083412500
1671449691668
2770961319444
1413751653908
2513263281684
1688629560852
2788141188628
1400866752020
2500378379796
1396301990184
1400866702888
2500378330664
1675744609832
2775256237608
1396303365656
2495814993432
1671181272600
2770692900376
1413483234840
2512994862616
1688361141784
2787872769560
1400598332952
2500109960728
2517204895016
1692571174184
2792082801960
1417978202664
2517489830440
1692856109608
2792367737384
1396570409256
2496082037032
1671448316200
2770959943976
1413750278440
2513261906216
1688628185384
2788139813160
1400865376552
2500377004328
1396504349204
2496015976980
1671382256148
2770893883924
1413684218388
2513195846164
1688562125332
2788073753108
1400799316500
2500310944276
1396571785768
2496083413544
1417693006372
2517204634148
1692570913316
2792082541092
1396218169892
2495729797668
1671096076836
2770607704612
1396571785492
2496083413268
1671449692436
2770961320212
1396303350036
2495814977812
1671181256980
2770692884756
1413483219220
2512994846996
1396553712932
2496065340708
1671431619876
2770943247652
1400848680228
2500360308004
2792435108116
1400513382676
2500025010452
1675391289620
1413684283672
2513195911448
1688562190616
2788073818392
1396555008280
2496066636056
1671432915224
2770944543000
1413734877464
2513246505240
1400598332964
2500109960740
1417978464548
2517490092324
1692856371492
2792367999268
1396303087908
1400849975588
2500361603364
1675727882532
2775239510308
1400531208484
1396218153256
2495729781032
1671096060200
2770607687976
1413751654680
2513263282456
1400866752792
2500378380568
1688629561624
1396303350040
2495814977816
1671181256984
1396570408216
2496082035992
1671448315160
2770959942936
1413750277400
1400865375512
2500377003288
1675743282456
2775254910232
1418045244696
1396303365672
2495814993448
1671181272616
2770692900392
1413483234856
2512994862632
1413734893844
2513246521620
1396571784728
2496083412504
1671449691672
2770961319448
1413751653912
2513263281688
1688629560856
2788141188632
1400866752024
2500378379800
1413751342376
2513262970152
1688629249320
2788140877096
1675726571800
2774920694052
1396236192036
1396487653924
1396219202068
2495730829844
1671097109012
2770608736788
1413399071252
2512910699028
1688276978196
2787788605972
1400514169364
2500025797140
1396218153496
2495729781272
2770607688216
1692907489828
2792419117604
1396303088164
1413667768868
2513179396644
1688545675812
2788057303588
1675459447332
1396218153512
2495729781288
1671096060456
2770607688232
2517558249764
1692924528932
2792436156708
1396303350052
2495814977828
1400598317348
2500109945124
1675476224292
2774987852068
1396504349208
2496015976984
1396218103316
2495729731092
1671096010260
2770607638036
1413397972500
2512909600276
1688275879444
2787787507220
1400513070612
1413481858580
1688293755412
2787805383188
1413481908520
1671096010264
2770607638040
1413397972504
2512909600280
1688275879448
2787787507224
1400513070616
2500024698392
1675390977560
2774902605336
1675458398744
2774970026520
1417760360984
2517271988760
1692638267928
2792149895704
1417962489384
2517474117160
1692840396328
2792352024104
1396218103332
1413733516836
2513245144612
1688611423780
2788123051556
1396570424868
2496082052644
1671448331812
2770959959588
1418028484132
1396303350056
2495814977832
1671181257000
2770692884776
1413483219240
2512994847016
1688361126184
1675727898920
2775239526696
1413733582120
2513245209896
1688611489064
2788123116840
1396236190996
2495747818772
1671365559828
2770877187604
1671114097940
2770625725716
1413416060180
2512927687956
1688293967124
2787805594900
1396487652884
2495999280660
2774971090472
1417961376296
2517473004072
1692839283240
2792350911016
1413751605800
2513263233576
1688629512744
2788141140520
1396503579156
2496015206932
1671381486100
2770893113876
1400798546452
2500310174228
1675676453396
2775188081172
1675408853544
2774920481320
1688293968168
2787805595944
1400531159336
2500042787112
1675409066280
2774920694056
1417711028520
2517222656296
1688612717844
2788124345620
1396487653928
2495999281704
1688360027412
2787871655188
2792350894376
1675408000292
2774919628068
1417709962532
2517221590308
1692587869476
2792099497252
1396486587940
2495998215716
1671364494884
1675409049112
1417962686744
2517474314520
1692840593688
2792352221464
1400531158296
2500042786072
1675409065240
2774920693016
1413667522072
2513179149848
1688545429016
2788057056792
1417978152232
1688611489300
2788123117076
1417978201624
1417694250520
2517205878296
1692572157464
2792083785240
2774920693268
1675727815976
2775239443752
1688276993300
2787788621076
1400514184468
2500025812244
1675392091412
2774903719188
1417694053652
1396219217172
2495730844948
1671097124116
2770894210344
1396503579160
2496015206936
1671381486104
1671365559576
2770877187352
1692840396056
2792352023832
1417962489112
1396219217176
2495730844952
1671097124120
2770608751896
1413399086360
1688342989096
2787854616872
1417979528744
2517491156520
1692857435688
2792369063464
2500378068244
1675744347412
2775255975188
1418046309652
2517557937428
1692924216596
2792435844372
1675726587432
2775238215208
2512926623016
1688292902184
1400530093352
2500041721128
1675408000296
2774919628072
1417709962536
2517221590312
1692587869480
1396486587944
2495998215720
1417978415656
2517490043432
1692856322600
2792367950376
2787855993384
1400514184484
2500025812260
1675392091428
2774903719204
1417694053668
2517205681444
1692571960612
2792083588388
1417962489124
2517474116900
1396285212948
2495796840724
1671163119892
2770674747668
1692637956372
1671164496404
2770676124180
1413466458644
2512978086420
1688344365588
2787855993364
1675392091432
2774903719208
1417694053672
2517205681448
1692571960616
2792083588392
2512993535256
1688359814424
2787871442200
1396487652648
1418045244708
2517556872484
1692923151652
2792434779428
1396570408228
2496082036004
1671448315172
2770959942948
1413750277412
2513261905188
1396571784740
2496083412516
2770961319460
1413751653924
2513263281700
1688629560868
2788141188644
1400866752036
2500378379812
1418046309656
2517557937432
1692924216600
2792435844376
1396571473176
2496083100952
1671449380120
2770961007896
1413751342360
2513262970136
1417961375256
2517473003032
1692839282200
2792350909976
1413751604760
2513263232536
1400782603556
2500294231332
2500360505624
1675726784792
1417979185700
1692857092644
2792368720420
1413684218404
2513195846180
1688562125348
1400798283284
2500309911060
1413465393700
2512977021476
2500092119588
1400580491812
1400530945560
2500042573336
1692654782756
2792166410532
1692637956376
1418045245972
2517556873748
1692923152916
2792434780692
2792149584152
2495796840728
1671163119896
2770674747672
1413733828900
2513245456676
1688611735844
2788123363620
1413734811944
2513246439720
1688612718888
2788124346664
1675459463704
2774971091480
1417761425944
2517273053720
1692639332888
2792150960664
1417777071636
2517288699412
1692654978580
1418045507092
2517557134868
1396302235156
2495813862932
1671180142100
2770691769876
1396570408232
2496082036008
1671448315176
2770959942952
1413750277416
2513261905192
1688628184360
2788139812136
1400865375528
2500377003304
1396504348180
2496015975956
1671382255124
2517490812436
1692857091604
2792368719380
2770893882900
1413684217364
2513195845140
1688562124308
1675743626792
2775255254568
1396571784744
2496083412520
1671449691688
2495797151252
1413465392660
2512977020436
1688343299604
2787854927380
1675458397716
2500092118548
2774970025492
1396302235160
2495813862936
1671180142104
1418046573092
2517558200868
1692924480036
2792436107812
1396487637268
2495999265044
1671365544212
2770877171988
1413667506452
2513179134228
2770624481556
1413414816020
2512926443796
1688292722964
2787804350740
1396234946836
2495746574612
1671112853780
1675408083492
2774919711268
2775239247384
1671382256168
2500024683028
2774902589972
1417692924436
2517204552212
1692570831380
2792082459156
2770893883944
1396571474472
2496083102248
1671449381416
2770961009192
2500092119592
1675458398760
2774970026536
1417760361000
2517271988776
1692638267944
2792149895720
2770960205348
2792435041828
1400865637924
1413482104356
2512993732132
1688360011300
2787871639076
2774986737188
2500377265700
2792100562212
1417962489380
2517474117156
1692840396324
2792352024100
1396487652900
2495999280676
1671365559844
2770877187620
1396503561496
2496015189272
1671381468440
2770893096216
2775239526676
1417761425684
2517273053460
1692639332628
2792150960404
2512978086164
1688344365332
2787855993108
1396302235176
2495813862952
1671180142120
2770691769896
1413482104360
2512993732136
1688360011304
2787871639080
1400597202472
2500108830248
1692907439636
2792419067412
1396504348184
2496015975960
1396286589208
2495798216984
1671164496152
2770676123928
1413466458392
2512978086168
1688344365336
2787855993112
1400581556504
2500093184280
1417978414616
2517490042392
1692856321560
2792367949336
2770675058200
1413465392664
2512977020440
1688343299608
2787854927384
1400580490776
2500092118552
1675458397720
2774970025496
1417760359960
2787855992344
1675677549860
2775189177636
1400782555416
2500294183192
1671381486116
2770893113892
1413683448356
2513195076132
1688561355300
2788072983076
1400798546468
2500310174244
2775188081188
1417978415652
1417962473752
2517474101528
1692840380696
2792352008472
1396487637272
2495999265048
1671365544216
2770877171992
1413667506456
2513179134232
1688545413412
2788057041188
1417709783320
2517221411096
1692587690264
2792099318040
1417961621800
2517473249576
1692839528744
1400798529828
2500310157604
1400581556516
2500093184292
1675459463460
2774971091236
1675727898916
2775239526692
1413466458404
2512978086180
1688344365348
2787855993124
1413683447316
2513195075092
1688561354260
2788072982036
1417978414612
2517490042388
1692856321556
2792367949332
1396503578132
2496015205908
2774919628324
1400799397416
2500311025192
1675677304360
2775188932136
1675409065256
2774920693032
2770877187624
1413667522088
2513179149864
1688545429032
2788057056808
1400782620200
2513179347224
1396286589224
2495798217000
1671164496168
2770676123944
1413466458408
2512978086184
1688344365352
2787855993128
1400581556520
2500093184296
1418046360104
2517557987880
1692924267048
2792435894824
1688544643348
1692839610644
2517473331476
2792351238420
1417961703700
1413666736404
2513178364180
2788056271124
2517271725352
1675676191272
2775187819048
2517288502548
1417778121236
2517289749012
1692656028180
2792167655956
1396303284756
2495814912532
1671181191700
2770692819476
1396503579176
2496015206952
1671381486120
2770893113896
1400798546472
1688611734804
1418046309668
2517557937444
1692924216612
2792435844388
1396571473188
2496083100964
1671449380132
2770961007908
1413751342372
2513262970148
1400781489428
2517473003816
2792368982552
1692839610648
2792351238424
1692924478996
1396503578136
2496015205912
1671381485080
2770893112856
1413683447320
2513195075096
1688561354264
2788072982040
1400798545432
2500310173208
2513245210136
1692637956388
2792149584164
1396285212964
2495796840740
1671163119908
2770674747684
1675677501720
2775189129496
1400782865940
1675408082452
2774919710228
1675726832936
2775238460712
1671095993620
2500293117204
1675659396372
1688275862804
2787787490580
1413397955860
2495998149908
2513178019092
2495798217252
1413466458660
2792150960676
2770676124196
1396286589476
1671164496420
1413666736408
2513178364184
1688544643352
2788056271128
1400781834520
2500293462296
1675659741464
2775171369240
1417961703704
2517473331480
2792419313956
1413666391320
2513178019096
1688544298264
2788055926040
1675659396376
2775171024152
1417961358616
2517472986392
2495998149912
1671364429080
1675476159000
2774987786776
1417778121240
2517289749016
1692656028184
2792167655960
1396571473192
2496083100968
1671449380136
1688342988052
2787854615828
1400580179220
2500091806996
1417760048404
2517271676180
1692637955348
2792149583124
1671164495380
2770676123156
1413466457620
2512978085396
1688344364564
2787855992340
1417761424916
2517273052692
1692639331860
2792150959636
1418029533736
2517541161512
1692907440680
2792419068456
1413684300328
2513195928104
1688562207272
2788073835048
1400781489444
2500293117220
1675659396388
2775171024164
1417961358628
2517472986404
1692839265572
2792350893348
1396218086692
2495729714468
2500360504616
1396554680852
2496066308628
1671432587796
2770944215572
1413466114580
2512977742356
2512976709928
1675392027156
2774903654932
1417693989396
2517205617172
1692571896340
2792083524116
1692570830120
2792082457896
1396486522152
2495998149928
1671364429096
2770876056872
1413666391336
2513178019112
1688544298280
2788055926056
1413466458664
2512978086440
1688344365608
1400798528788
2500310156564
1396286245400
2495797873176
1671164152344
2770675780120
1413466114584
2512977742360
1688344021528
2787855649304
1400581212696
2500092840472
1396286571796
2495798199572
1671164478740
2770676106516
1688562124324
2788073752100
1671382255140
2770893882916
1417979184676
2517490812452
1688343299620
2787854927396
1396285523492
2495797151268
1671163430436
2770675058212
1413465392676
2512977020452
1417760359972
2517204568340
1692570847508
2792082475284
1400580180244
2500091808020
1675458087188
2774969714964
1417760049428
1400781506836
2500293134612
2774986492184
2770607638808
1413397973272
2512909601048
1688275880216
1396218104088
2495729731864
1417692940568
2517204568344
1692570847512
2512976708888
1688342988056
2787854615832
1396285211928
1417760048408
2517271676184
1692637955352
2792149583128
1675458086168
2774969713944
1418046309672
2517557937448
1692924216616
2792435844392
1418046359064
2517557986840
1692924266008
2792435893784
1671365544228
2770877172004
1413667506468
2513179134244
1413683185956
2513194813732
1688561092900
2788072720676
1692570847524
2792082475300
1396486539556
2495998167332
1671364446500
2770876074276
1413466457624
2512978085400
1688344364568
1413397973288
2512909601064
1688275880232
2787787508008
1400513071400
2500024699176
1675390978344
2774902606120
1417692940584
2517204568360
1396234946852
2495746574628
1671112853796
2770624481572
1400529914148
1675676190232
2775187818008
2787787491876
1400513055268
2500024683044
1675390962212
2774902589988
1417692924452
2517204552228
1692570831396
2792082459172
1400581212708
2500092840484
2770675780132
1692907424292
2792419052068
1675459119652
2774970747428
1400849648164
2500361275940
1396554680868
1417776875816
2517288503592
1692654782760
2792166410536
1396286245416
2495797873192
1671164152360
2770675780136
1413466114600
2512977742376
1688344021544
2787855649320
1400581212712
2500092840488
2770877170964
1413667505428
2513179133204
1688545412372
2788057040148
1413684217384
2513195845160
2775171025192
1688292721940
2787804349716
1675407820052
2774919447828
1396571719976
2496083347752
1671449626920
2770961254696
1396553909780
2496065537556
1671431816724
2770943444500
1413733778964
2513245406740
1688611685908
2788123313684
1400848877076
1418028746260
1688275863060
2787787490836
1400513054228
2500024682004
1417692923412
1692570830356
2770675058216
1413465392680
2512977020456
1688343299624
2787854927400
1400580490792
2500092118568
1675458397736
2774970025512
1417760359976
1418046573096
2517558200872
1692924480040
2792436107816
1396285474328
2495797102104
1413465343512
2512976971288
1688343250456
2787854878232
1396503562516
1417978398996
2517490026772
1692856305940
2792367933716
1400798529812
2500310157588
1675676436756
2775188064532
2496015190292
1396487637288
2495999265064
1671365544232
2770877172008
1413667506472
2513179134248
1688545413416
2788057041192
1400782604584
2500294232360
1675660773928
2775172401704
1418029778196
2517541405972
1692907685140
2792419312916
2792419395096
1688292722984
2787804350760
1400529914152
2500041541928
1675407821096
2774919448872
1417709783336
2517221411112
1413684544788
2513196172564
1688562451732
2500024683048
1675390962216
2774902589992
1417692924456
2517204552232
1692570831400
2792082459176
2792367933736
1675677287956
2775188915732
1417979250196
2517490877972
1692857157140
2792368784916
1400530945556
2500042573332
1396553696532
2496065324308
1671431603476
1400514364696
2774903899416
2500025992472
1396503578148
2496015205924
1671381485092
2770893112868
1413683447332
2513195075108
1688561354276
2788072982052
1400798545444
2500310173220
1400848861460
2500360489236
1688611670292
2788123298068
1675726768404
2775238396180
1396553894164
2496065521940
1671431801108
2770943428884
1396235978264
1675726784036
2775238411812
1417760310820
2517271938596
1692638217764
2792149845540
1413683431700
2513195059476
1688561338644
2788072966420
1692906456596
2792418084372
1671112852760
2770624480536
1413414815000
2512926442776
1688292721944
2787804349720
2517540358424
1396553894168
2496065521944
1671431801112
2770943428888
1413465327896
2512976955672
1692906637592
2792418265368
1400848861464
1418029532696
2517541160472
1692907439640
2792419067416
1413666736420
2513178364196
1688544643364
2788056271140
2500293462308
1413684299288
2513195927064
1688562206232
2788073834008
1396285474344
1671163381288
2770675009064
1413465343528
2512976971304
1688343250472
2787854878248
1400580441640
2500092069416
2775171107096
1675744347668
2775255975444
1400799642920
2500311270696
1675677549864
2775189177640
1675476159012
2774987786788
1413483153956
2512994781732
1688361060900
2787872688676
1417778121252
2517289749028
2775188064536
1400798529816
2500310157592
1688561338648
2788072966424
1396503562520
2496015190296
1671381469464
2792367933720
1417978399000
1417760049448
2517271677224
1692637956392
2792149584168
2788072720920
1400799381028
2500311008804
1675677287972
2775188915748
1396504413732
2496016041508
1413684282916
2513178363156
1688544642324
2788056270100
1417961702676
2517473330452
1692839609620
1400798529832
2500310157608
1675676436776
1400580426020
2500092053796
1675458332964
2774969960740
1396553894180
2496065521956
1671431801124
2770943428900
1413733763364
2513245391140
1396235978280
2495747606056
1671113885224
2770625513000
1413415847464
2512927475240
1396303283732
2495814911508
1671181190676
2770692818452
1413483152916
2512994780692
1688361059860
2787872687636
1400598251028
2500109878804
1396503578152
2496015205928
1671381485096
2770893112872
1413683447336
2513195075112
1688561354280
2788072982056
1400798545448
2500310173224
2495797086504
1671163365672
2770674993448
1413465327912
2512976955688
1688343234856
2787854862632
1675726522900
2775238150676
1675407755796
2774919383572
1396218104340
2495729732116
1671096011284
2787787508248
1400513071640
2500024699416
1675390978584
2774902606360
1417692940824
2517204568600
2792167458088
1417761425960
2517273053736
1692639332904
2792150960680
1418045262356
2517556890132
1692923169300
2792434797076
2495813618196
1671179897364
2770691525140
1675474864660
2774986492436
1413481859620
2512993487396
1400580180516
2500091808292
1675458087460
2774969715236
1396218104356
2495729732132
1692639316244
2792150944020
1675459447060
2774971074836
1396286572820
2495798200596
1671164479764
2770676107540
1413466442004
2512978069780
1396486867240
2495998495016
1671364774184
1413666736424
2513178364200
1400781834536
2500293462312
2792435828248
1396301990424
2495813618200
1671179897368
2770691525144
1413481859608
2512993487384
1688359766552
2787871394328
1400596957720
2500108585496
1417778121256
2517289749032
1692656028200
2792167655976
1671163118884
2770674746660
1671448642836
2770960270612
1413465081124
2512976708900
1688342988068
2787854615844
2770676123172
1396286588452
1413466457636
2512978085412
1688344364580
2787855992356
1692839609624
2792351237400
1396486866200
2495998493976
1413666735384
2513178363160
1688544642328
2788056270104
2770624726292
1400798594324
1675676501268
2513195123988
1688561403156
2788073030932
1396503627028
2496015254804
1671381533972
2770893161748
1418046572056
2517558199832
1692924479000
2792436106776
1413483152920
2512994780696
1688361059864
2787872687640
1400598251032
2500109878808
1675476157976
2774987785752
1417778120216
2517289747992
1400849729812
2500361357588
1675727636756
2775239264532
1671179897380
2770691525156
1417776826916
2517288454692
1692654733860
2792166361636
1413750295076
2513261922852
1688628202020
2788139829796
1396236175636
2495747803412
1671114082580
2770625710356
1675676518680
2775188146456
2774970828308
2495746819352
1671113098520
2770624726296
1413415060760
2512926688536
1417978463512
2517490091288
1692856370456
2792367998232
1396503627032
1400514120228
2500025748004
1675392027172
2774903654948
1417693989412
2517205617188
1692571896356
2792083524132
1396301990440
1413481859624
2512993487400
1688359766568
1400596957736
2500108585512
1396286572824
1692639316248
1417761409304
2517273037080
1413466442008
2512978069784
1688344348952
2787855976728
1418029779240
2517541407016
1692907686184
2792419313960
1417777088808
2517288716584
1692654995752
2792166623528
1692857091620
1413684545832
2513196173608
2500091808276
1675458087444
2774969715220
1671365544468
2770877172244
2775255254308
1675458086184
2774969713960
1417760048424
2517271676200
1692637955368
2792149583144
1688276928020
2787788555796
1400514119188
2500025746964
1675392026132
2774903653908
1417693988372
2517205616148
1692571895316
2792083523092
2517490091300
1692856370468
2792367998244
1396503627044
2496015254820
1671381533988
2770893161764
2513195124004
2500093183528
1675459462696
1418028550696
2517540178472
1692906457640
2792418085416
1400866753044
2500378380820
1675744659988
2775256287764
1396303350292
1413483219476
2512994847252
1688361126420
1417778186772
1400799594772
2500311222548
1675677501716
2775189129492
1417979463956
2517491091732
1692857370900
2792368998676
1396504627476
2496016255252
1396235191592
2495746819368
1671113098536
2770624726312
1413415060776
2512926688552
1688292967720
2787804595496
1400530158888
2500041786664
1396303350296
2495814978072
1671181257240
2770692885016
1413483219480
2512994847256
1400598317592
2500109945368
1413667505432
2513179133208
1688545412376
2788057040152
1675392027176
2774903654952
1396487636260
2495999264036
1671365543204
2770877170980
1413667505444
2513179133220
1688545412388
2788057040164
2792166345000
2775189195048
1675407820068
2774919447844
2513196108072
1400513054244
2500024682020
1675390961188
2774902588964
1418045326632
2517556954408
1692923233576
2792434861352
1417761424920
2517273052696
1692639331864
2792150959640
1675676436772
2775188064548
1396503562532
2496015190308
1671381469476
2770893097252
1413683431716
2513195059492
1688561338660
2788072966436
1396303350308
2495814978084
1671181257252
2770692885028
1417778186788
2517289814564
1675744660004
2775256287780
1400598317604
2500109945380
1417693988376
2517205616152
1692571895320
1675476239892
2774987867668
1396303350312
2495814978088
1671181257256
2770692885032
1413483219496
2512994847272
1688361126440
1396504627480
2496016255256
1671382534424
2770894162200
1413684496664
2513196124440
1688562403608
2788074031384
1400799594776
2500311222552
1417710815768
2517222443544
1692588722712
2792100350488
1418028467752
2517540095528
1675676435732
2775188063508
1396503561492
2496015189268
1671381468436
2770893096212
1413683430676
2513195058452
1688561337620
2788072965396
1413667505448
2513179133224
1688545412392
2788057040168
1400782603560
2500294231336
1675660510504
2775172138280
1417962472744
2517474100520
1417709782312
2517221410088
1692587689256
2792099317032
1413751342356
2513262970132
1688629249300
2788140877076
1675475911956
2774987539732
1417777874196
2517289501972
1692655781140
2792167408916
2792082458152
1418045590056
2517557217832
2792434779432
1692923497000
2792435124776
2517288764712
1417777874200
2517289501976
1692655781144
2792167408920
1396503577876
2496015205652
1671381484820
2770893112596
1413683447060
2513195074836
1688561354004
2788072981780
2517221606676
1692587885844
1396503562536
2496015190312
1671381469480
2770893097256
1413683431720
2513195059496
1688561338664
1413415011608
2512926639384
1688292918552
2787804546328
1400530109720
2500041737496
1688544576792
2788056204568
1418045523224
2770691574292
1671179946516
1692907685144
1413482972436
2512994600212
1396235142436
2495746770212
1671113049380
2770624677156
1413415011620
2512926639396
1688292918564
2787804546340
1400530109732
2500041737508
1396218365224
2495729993000
1671096272168
2770607899944
1400513332520
2500024960296
1413666735396
2513178363172
1688544642340
2788056270116
1692840641832
1675391288600
1417778120228
2517289748004
2495814911524
1671181190692
2770692818468
1400598251044
2500109878820
1396303283748
1692856304920
2792367932696
2517490025752
1400798528792
2500310156568
1417962489364
2517474117140
1692840396308
2792352024084
2500025812500
1675392091668
2774903719444
1417694053908
2517205681684
1692571960852
2787871394068
1675744347428
2775255975204
2512994534692
1688360813860
2787872441636
1417777874212
2517289501988
1692655781156
2792167408932
1396303037732
1418028549656
2517540177432
1692906456600
2792418084376
1396487652888
2495999280664
1671365559832
2770877187608
1671164479780
2770676107556
1400581540132
2500093167908
1675459447076
2774971074852
1396286572836
2495798200612
2792150944036
1396303037736
2495814665512
1671180944680
2770692572456
2495730764056
1671097043224
2770608671000
1675744347672
2775255975448
1675744397848
1675474913816
2774986541592
1417776876056
2517288503832
1692654783000
2792166410776
1418045507112
2517557134888
1692923414056
2792435041832
2500360292644
1675726571812
1671432865320
2500361275688
1675727554856
2775239182632
2774986492200
1688276977940
2787788605716
2500025796884
1675392076052
2774903703828
1417694038292
2517205666068
1692571945236
2792083573012
1396219201812
1396487850516
2495999478292
1671365757460
2770877385236
1413666735400
2513178363176
1671382321448
2770893949224
1413667522084
2513179149860
1688545429028
2788057056804
1400514184740
2500025812516
1675392091684
2774903719460
1417694053924
2517205681700
2770692818472
1417694038296
2517205666072
1692571945240
2792083573016
1396219201816
2495730829592
1671097108760
2770608736536
1413399071000
2512910698776
2500025812520
1675392091688
2774903719464
1417694053928
2517205681704
1396487652904
2495999280680
1671365559848
1417979267624
2517490895400
1413733829140
2513245456916
1688611736084
2788123363860
1400848927252
2500360555028
2770608670996
2517205600532
1692571879700
2792083507476
1675392010516
2774903638292
1417693972756
1396219136276
1671097043220
1675459447080
2774971074856
1417761409320
2517273037096
1692639316264
2792150944040
1413666735380
1400581539092
2500093166868
1675459446036
2774971073812
1675392076068
2774903703844
1417694038308
2517205666084
1692571945252
2792083573028
1396487637284
2495999265060
1413399021092
2512910648868
1688276928036
1400514119204
2500025746980
1675392026148
2787855975704
1417761408280
2517273036056
1692639315224
2792150943000
1396286571800
2495798199576
1671164478744
2770676106520
2500025796904
1675392076072
2774903703848
1417694038312
2517205666088
1418045589016
2517557216792
1692923495960
2792435123736
1396504627492
2496016255268
1671382534436
2770894162212
1413684496676
2513196124452
1688562403620
2788074031396
1400799594788
2500311222564
1675727636760
2775239264536
1400781833512
2500293461288
1675659740456
2775171368232
1675391304980
2774902932756
1396218430740
2495730058516
1671096337684
2770607965460
1413398299924
1417760310804
2517271938580
1692638217748
2792149845524
1400798545428
2500310173204
1675676452372
2775188080148
1396218365464
2495729993240
1413398234648
2512909862424
1688276141592
2787787769368
1400513332760
2500024960536
1396553959960
2496065587736
1671431866904
2517474363924
1692840643092
2792352270868
2770943494680
1413733829144
1418028796200
2517540423976
1692906703144
1396219136280
1671382534420
2770894162196
1692571879704
1675659740440
2775171368216
1417961702680
2517473330456
1671096337688
2770607965464
1413398299928
2512909927704
1688276206872
2787787834648
2517204829732
1692571108900
2792082736676
2792351172132
1400848877092
2500360504868
1417979184680
2517490812456
1692857091624
2792368719400
2517271987752
1692638266920
2792149894696
1396218365480
2495729993256
1400513332776
2792368997652
1413684495636
2513196123412
1688562402580
2788074030356
1400799593748
2500311221524
1675677500692
2775189128468
1417979462932
1396236192024
2495747819800
1400531159320
1400598251048
2500109878824
1675476157992
2774987785768
1417693988392
2517205616168
2512976759332
1688343038500
2787854666276
1417961702692
2517473330468
1692839609636
2792351237412
1396504627496
2496016255272
1671382534440
2792082737428
1671096273172
2770607900948
1413398235412
2512909863188
1688276142356
2787787770132
1400513333524
2500024961300
1675391240468
1400865458728
2500377086504
1675743365672
2775254993448
1417777941012
1675727899156
2775239526932
2517289568788
1692655847956
1418029861396
2517541489172
1417711028516
2517222656292
1692588935460
2792100563236
1417979463972
2517491091748
1692857370916
2792368998692
2500042787108
1675409066276
1675391305000
2774902932776
1417978397988
2517490025764
1692856304932
2792367932708
1396503561508
2496015189284
1671381468452
2770893096228
1413683430692
2513195058468
2495798217240
1671164496408
2770676124184
1413466458648
2512978086424
1688344365592
2787855993368
1400581556760
2500093184536
1413416061224
2512927689000
1396504413464
2496016041240
1671382320408
2770893948184
2517288454440
1396504626456
2496016254232
1671382533400
2770894161176
1413684495640
2513196123416
1688562402584
2788074030360
1688344348948
2787855976724
2788139812372
1400514103572
2500025731348
1675743349032
1675744676120
2775256303896
2512993536548
1688359815716
2787871443492
1688344365604
1400849992228
2500361620004
1675727899172
2775239526948
1417962473768
2517474101544
1692840380712
2792352008488
1692587690280
2792099318056
1400529914132
2500041541908
2500309977364
1675676256532
2775187884308
1400798349588
1675407821076
2774919448852
1417961375268
2517489781272
1692856060440
2792367688216
1671181011480
2770692639256
1413482973720
2512994601496
1688360880664
2787872508440
1400598071832
2500109699608
1675475978776
1413751604772
2513263232548
1688629511716
2788141139492
1396286589480
2495798217256
1671164496424
2770676124200
2775238412580
1675726834196
2775238461972
1413414816024
2512926443800
1688292722968
2787804350744
1675727817240
2775239445016
1396503561512
2770894162216
1675743282728
2775254910504
1413481907732
2512993535508
1400597005844
2500108633620
1417776875028
1400848615700
2500360243476
1675726522644
2775238150420
1418028484884
2517540112660
2792418019604
1692906391828
1396553648404
2496065276180
1692907768340
2792419396116
1396555024916
2496066652692
1671432931860
2770944559636
1413734894100
2513246521876
1688612801044
2788124428820
2792418329880
2495813667368
1671179946536
1413482972440
1675407821092
2774919448868
1675743610132
2775255237908
2775254927656
1400581539108
2500093166884
1675459446052
2495798199588
1413466440996
2512978068772
1688344347940
2787855975716
1671164478756
1396487587096
2495999214872
1671365494040
2770877121816
1413414816040
2512926443816
2775254977048
1675390961172
2774902588948
1675659396628
2775171024404
1396218086932
2495729714708
1671095993876
2770607621652
1413397956116
2512909583892
1688611473684
2788123101460
2517205862680
1692572141848
1413481859352
1688359766296
2787871394072
2787854665236
1688544560424
2788056188200
1688359814680
2787871442456
1400597005848
2500108633624
1400531142932
2500042770708
1675409049876
2774920677652
1692570830360
2792082458136
1396486522392
2495998150168
1671364429336
2770876057112
1413666391576
2513178019352
1688544298520
2788055926296
1396553959972
2496065587748
1671431866916
2770943494692
1413733829156
2513245456932
1688611736100
2788123363876
1413399005476
2512910633252
1688276912420
2787788540196
1400514103588
2500025731364
1675392010532
2774903638308
1675743364632
2775254992408
1418028484888
1396553648408
2496065276184
1671431555352
2770943183128
1413733517592
2513245145368
1688611424536
2788123052312
1692906391832
2792150616340
1692654781716
1396555024920
2496066652696
1671432931864
2770944559640
1413734894104
2792435845652
2513246521880
1688612801048
2788124428824
1417979513128
2517491140904
1692857420072
2792369047848
1417978414628
2517490042404
1692856321572
2792367949348
1692588983848
2792100611624
2513263019560
1688629298728
2788140926504
1675726571816
2775238199592
1692906702356
2792418330132
1413733828116
2513245455892
1688611735060
2788123362836
1675726833172
2775238460948
1396219135252
1671097042196
2770608669972
1413399004436
2512910632212
2787788539156
1692571878676
2792083506452
2774903653924
2770607621668
1413397956132
1417961358884
2517472986660
1692839265828
2792350893604
2512909583908
1688275863076
2787787490852
1675459446056
1692638988836
2792150616612
1692587870760
1413465344548
2512976972324
1688343251492
2787854879268
2792099498536
2512909583912
1688275863080
2787787490856
1400513054248
2500024682024
1675390961192
2774902588968
1417692923432
2517204551208
1692570830376
2513194879252
2788072786196
1417978218772
1692856125716
2517489846548
2792367753492
1396503382292
1396486523412
2495998151188
2792350894612
1400781490708
1396553959976
2496065587752
1671431866920
2770943494696
1413733829160
2513245456936
1688611736104
2788123363880
1400848927272
2500360555048
2517205600552
1692571879720
2792083507496
1417962472728
2517474100504
1692840379672
2792352007448
1417709782296
2517221410072
1692587689240
2792099317016
1417979462948
2517491090724
1692857369892
2792368997668
1396504626468
2496016254244
1671382533412
2770894161188
1413684495652
2513196123428
1692906374440
1400581539096
2500093166872
1675459446040
2774971073816
1692655764772
2792167392548
1396553958936
2496065586712
1671431865880
2770943493656
1413733828120
2513245455896
1688611735064
2788123362840
1400848926232
2500360554008
1688612717860
2788124345636
2495730763032
1671097042200
2770608669976
1413399004440
2512910632216
1417693971736
2517205599512
1692571878680
2792083506456
1413482120484
2787787770148
1400513333540
2500024961316
1675391240484
2774902868260
1417693202724
2517204830500
1692571109668
2792082737444
1396218366244
1417961638184
1413482973732
2512994601508
1688360880676
2787872508452
1396503382296
2496015010072
1671381289240
2770892917016
1413683251480
2513194879256
1688561158424
2788072786200
1400798349592
2500309977368
2513262232856
1417961703716
2517473331492
1692839610660
2792351238436
2770876058136
1413666392600
2513178020376
1688544299544
2788055927320
1417962686760
1417962736152
2517474363928
1692840643096
1692571174436
2792082802212
2792099580440
1417978201640
2513245210148
1688611489316
2788123117092
2517489829416
1692856108584
2792367736360
1675677551124
2775189178900
1675743611176
2775255238952
1396504626472
2496016254248
1671382533416
1671096272148
2770607899924
1413398234388
2512909862164
1688276141332
2787787769108
1400513332500
2500024960276
1396218365204
2495729992980
2788057254168
1675475977748
2774987605524
1417777939988
2517289567764
1692655846932
2792167474708
1692656028196
2792167655972
2792149632296
1418046556692
2517558184468
1692924463636
1396571720212
2496083347988
2517271938344
1417760295444
2517271923220
1692638202388
2792149830164
1396553894420
2496065522196
1671431801364
2770943429140
1413733763604
2513245391380
1675391240488
2774902868264
2517204830504
1692571109672
2792082737448
1413734892820
2513246520596
1688612799764
2788124427540
1675475978792
2774987606568
1417777941032
2517289568808
1692655847976
2792167475752
1396285458968
2495797086744
1671163365912
2770674993688
1413465328152
2512976955928
1688343235096
2787854862872
2792350910760
2775238198552
2500360291608
1675726570776
1688359814692
2787871442468
1417776875044
2517288502820
2517490026776
1417961620772
2517473248548
1692839527716
1692856305944
2517272708628
1692638987796
2792150615572
2770607899928
1400513332504
2500024960280
1675391239448
2774902867224
1413415847444
2512927475220
1418028484900
2517540112676
1692906391844
2792418019620
1396553648420
2496065276196
1671431555364
2770943183140
1413733517604
2513245145380
1675475977752
2774987605528
1692655846936
2792167474712
1413734894116
2513246521892
2788124428836
1418029861412
2517541489188
1692907768356
2774903638296
2792419396132
1400514103576
2500025731352
1675392010520
1400865458472
1400580426276
2500092054052
1692638202404
2792149830180
1396553894436
2496065522212
1671431801380
2770943429156
1396571720216
2496083347992
1671449627160
2770961254936
1413751589400
2513263217176
1688629496344
2788141124120
1400866687512
2500378315288
1692924266020
2792435893796
1688628528676
2788140156452
1417961375272
2517473003048
1396285458984
2495797086760
1671163365928
2770674993704
1413465328168
1675726521620
2513245144340
2788123051284
2775238149396
1688611423508
1418028483860
2517540111636
1692906390804
1396553647380
2496065275156
1413751604776
2513263232552
1400782817812
2500294445588
1675660724756
2775172352532
1400799381800
2496066390308
1671432669476
2500311009576
1688612800020
2788124427796
1413734893076
2513246520852
1400848927256
2500360555032
1675726834200
2775238461976
1671164233252
2770675861028
1417776875048
2517288502824
1418045245988
2517556873764
2775188915496
2775238411560
1396553648424
2496065276200
1671431555368
2770943183144
1413733517608
2513245145384
1400848615720
2500360243496
2770877123092
1400782555668
2500294183444
1675660462612
2775172090388
1413667457556
2513179085332
1688545364500
2788056992276
1396487588372
2792351237396
2513246521896
2788124428840
1400849992232
2500361620008
2517474313496
1692840592664
2792352220440
1396503627284
2496015255060
1671381534228
2770893162004
1413683496468
2513195124244
1688561403412
2788073031188
2513245455908
1688611735076
2788123362852
1396553958948
2496065586724
1671431865892
1413399004452
2512910632228
1688276911396
2787788539172
1400514102564
2500025730340
1396486604056
1692587886868
2792099514644
1688544577812
2513178298644
2788056205588
1671364708628
1396486801684
2495998429460
1413666670868
1396218366232
1400513333528
2500024961304
1692906390808
2792418018584
1400848614680
2500360242456
1396553647384
2496065275160
1671431554328
2770943182104
1413733516568
2513245144344
1396235191832
2495746819608
1671113098776
2770624726552
1413415061016
2512926688792
1688292967960
2787804595736
1400530159128
2500041786904
1396302252324
2495813880100
1413482121508
2512993749284
2517271939364
1396218366248
2495729994024
1671096273192
2770607900968
1400513333544
2500024961320
1413683251492
2513194879268
1688561158436
2788072786212
1396486523428
2495998151204
1671364430372
2770876058148
1413666392612
2513178020388
1688544299556
2788055927332
1400781490724
2500293118500
2496015189288
1671381468456
2770893096232
2517556955668
1692923234836
2792434862612
1413667457560
2513179085336
1688545364504
2788056992280
1400782555672
2500294183448
1675660462616
2775172090392
1417962424856
2517474052632
1418046310936
2517557938712
1692924217880
2792435845656
1417978414632
2517490042408
1692856321576
2792367949352
1400798594596
2500310222372
1417978463780
1396503627300
2496015255076
1671381534244
1396503381268
2496015009044
1671381288212
2770892915988
1413683250452
2513194878228
1688561157396
2788072785172
2500309976340
1675659479332
2775171107108
1400782555432
2500294183208
1675660462376
2775172090152
1396486522388
2495998150164
1671364429332
2770876057108
2500024763940
1400781489684
1400782604824
2500294232600
2787855665432
1671181272612
2770692900388
1396235191848
2495746819624
1671113098792
2770624726568
1413415061032
1396553958952
2496065586728
1671431865896
2770943493672
1413733828136
2513245455912
1688611735080
2788123362856
1400848926248
2500360554024
2517205599528
1692571878696
2792083506472
2517272709672
1692638988840
2792150616616
2517489763624
1396286506260
1396503382312
2496015010088
1671381289256
2770892917032
2774987524644
1413683251496
2513194879272
1688561158440
2788072786216
1400798349608
1671432849956
2770944477732
2770691787300
1396486523432
1413666392616
2513178020392
1688544299560
2788055927336
1400781490728
2500293118504
2775239443736
1396286506264
2495798134040
1413466375448
2512978003224
1396554761492
1675726783768
2775238411544
2496066389268
1671432668436
2770944296212
1396218365220
2495729992996
1671096272164
2770607899940
1413398234404
2512909862180
1688276141348
2787787769124
1400513332516
2500024960292
1671181010468
2770692638244
1400598070820
2500109698596
1675475977764
2774987605540
1400798348568
2500309976344
1688561157400
2788072785176
1675676255512
2775187883288
1396503381272
2496015009048
1413684496660
2513196124436
1688562403604
2788074031380
1417776874788
2517288502564
1692654781732
2792166409508
2500310157848
1418045244948
2517556872724
1692923151892
2792434779668
2788140140824
1417961358872
2517472986648
2774902868244
1675726522664
1400866687524
2500378315300
1675744594468
2775256222244
1396571720228
2496083348004
1671431555348
2770943183124
1675459380516
2774971008292
2517289552152
1400598055192
2500109682968
1675475962136
1396303087896
2495814715672
1671180994840
2770692622616
1413482957080
1396286506280
2495798134056
1671164413224
2770676041000
1413466375464
2512978003240
1688344282408
1417961703720
2517473331496
1692839610664
2792351238440
1418046572068
2517558199844
1692924479012
2792436106788
1418046309908
2517557937684
1692924216852
1413482907156
2512994534932
1396571719188
1413751588372
1675744593428
2775256221204
1671449626132
2496083346964
2770961253908
1400799594792
2500311222568
1675677551128
2775189178904
1400865655316
2500377283092
1675743562260
2775255190036
1413666671124
2513178298900
1688544578068
2788056205844
1400781769236
2500293397012
2500378118424
1396571473448
2496083101224
1671449380392
2770961008168
1400513333784
2500024961560
1675475977768
2774987605544
1417777940008
2517289567784
1692655846952
2792167474728
1692655045156
2792166672932
1688292919844
2787804547620
1400530111012
2500041738788
1417760311844
1675676453412
1417961638436
1396555008276
2496066636052
1671432915220
2770944542996
1413734877460
2513246505236
1688612784404
2788124412180
2500361603348
2792167671080
1396302317844
1400597285140
2500108912916
2774986819860
1413482187028
2512993814804
1400580228372
2512976758036
1396571720232
2496083348008
1671449627176
1400580426260
2500092054036
1675458333204
2774969960980
2770674993684
1413465328148
2512976955924
2770691574312
2500378052884
1675744332052
1417777858836
1417760097560
2517271725336
1692638004504
2792149632280
1692906439960
1688629233940
2788140861716
1396285261080
2495796888856
1671163168024
1675726521636
2775238149412
1396553647396
2496065275172
1671431554340
2770943182116
1413733516580
2513245144356
1688611423524
2788123051300
1413482907172
2512994534948
1688360814116
2787872441892
1417777874468
2517289502244
1692655781412
2792167409188
1396303037988
2495814665764
1400781571348
2500293199124
1675659478292
1671432930852
2770944558628
1400849991204
2500361618980
1675727898148
2775239525924
1396555023908
2496066651684
1418046294296
2517557922072
1417777858840
2517289486616
1692655765784
2792167393560
1400598005288
2500109633064
1396571719192
2496083346968
1671449626136
2770961253912
1417961620776
2517473248552
1692839527720
2792351155496
1692654979368
2775255959828
1400798528804
2500310156580
1671448594708
1417962424868
2517474052644
1692840331812
2792351959588
2775172090404
2770877123108
1400782555684
2770676106532
1675726570788
2775238198564
1413465130276
2512976758052
1688343037220
2787854664996
1671163168036
1417760097572
2517271725348
1692638004516
1418029844760
2517541472536
1413667506708
2513179134484
1688545413652
2788057041428
1675392076308
2774903704084
1417694038548
2517205666324
1692571945492
2792083573268
1675475192088
2774986819864
2792166689048
1400866425124
2500378052900
1675744332068
2775255959844
1396303022372
2495814650148
1671180929316
2770692557092
1413482891556
2512994519332
1417760295448
2517271923224
1692638202392
2792149830168
1418046359080
2517557986856
1692924266024
2792435893800
2500025797144
1675392076312
2774903704088
1417694038552
2517205666328
1692571945496
2792083573272
1396487637528
2495999265304
1671365544472
1400597989672
2500109617448
1396553647400
2496065275176
1671431554344
2770943182120
1413733516584
2513245144360
1688611423528
2788123051304
1400848614696
2500360242472
1675660461588
2775172089364
1400798283304
1396555023912
2496066651688
1671432930856
2770944558632
1413734893096
2513246520872
1688612800040
2788124427816
1400597218580
2500108846356
1400865654036
2500377281812
1675743560980
2775255188756
1417777087764
2517288715540
1692654994708
2792166622484
2517271939620
1418045245992
2517556873768
1692923152936
2792434780712
1396302251288
2495813879064
1671180158232
2770691786008
1413482120472
2512993748248
2792166622488
1688545413668
2788057041444
2770608736804
1413399071268
2512910699044
1688276978212
2787788605988
1400514169380
1396235192852
2770624727572
1413415062036
2512926689812
1688292968980
2787804596756
1396487588392
2495999216168
1671365495336
2770877123112
1413667457576
1417978217764
2517489845540
1692856124708
2792367752484
1400514169384
2500025797160
2788074015016
1675392076328
2774903704104
1417694038568
2517205666344
1692571945512
2792083573288
1396487637544
1675659396644
2775171024420
1675659740692
2775171368468
2500025026068
1675391305236
2774902933012
1692571174420
2792082802196
1396486866452
2517557151012
1692923430180
2792435057956
1396302251300
2495813879076
1400597218596
1692656027160
2792167654936
2496016255508
1671382534676
2770894162452
1675409066516
2774920694292
1417711028756
2517222656532
2500311222804
1675677501972
1675391305240
2774902933016
2517289552164
1692655831332
2792167459108
1400598055204
2500109682980
1675475962148
1396302251304
2495813879080
1671180158248
2770691786024
1413482120488
2512993748264
1688360027432
2787871655208
1400597218600
2500108846376
2770625727000
1413416061464
2512927689240
1688293968408
2787805596184
2792369047828
1418045327896
2517556955672
1692923234840
2792434862616
1418029532712
2517541160488
1675408067096
2774919694872
1417710029336
2517221657112
1692587936280
2792099564056
1692907439656
2792419067432
1413684299304
2513195927080
1688562206248
2788073834024
1417777923348
2517289551124
1692655830292
2792167458068
1413666720020
2513178347796
1688544626964
2788056254740
1396503381288
2496015009064
1671381288232
2770892916008
1413683250472
2513194878248
2788140877092
1692587951380
2792099579156
1400865457428
2500377085204
1688344102168
2787855729944
2513261987096
1671432930584
2770944558360
2495746835736
1671113114904
2770624742680
1413415077144
2512926704920
1417961702948
2517473330724
2496066651428
1671432930596
2770944558372
1400849990948
2500361618724
1396218168616
2495729796392
1671096075560
2770607703336
1396486522408
2495998150184
1671364429352
2770876057128
1413666391592
2513178019368
1688544298536
1413398284568
2512909912344
1688276191512
2500025010456
1688544626968
1675659725080
2770876385560
1688293968420
2787805596196
1400531159588
1413684496932
2513196124708
1688562403876
2788074031652
2500042787364
2512909927976
1688276207144
1688628251156
2788139878932
1418045311508
2517556939284
2770960009748
1400865442324
2500377070100
1675743349268
2775254977044
2792435041816
1413416061480
2512927689256
1688293968424
2787872491816
1417761360404
2517272988180
1692639267348
2792150895124
1675459398164
2774971025940
1396570490388
2496082118164
1671448397332
2770960025108
1413750359572
2513261987348
1688628266516
2788139894292
1400865457684
2500377085460
1396218168856
2495729796632
1671096075800
2770607703576
1413683250724
2513194878500
1688561157668
2788072785444
1396218168872
2495729796648
1671096075816
2770607703592
2792436090404
2775256221220
2770961253924
1396218415396
2495730043172
1400513382692
2517473315108
1413482956056
2512994583832
1688360863000
2787872490776
1417777923352
2517289551128
1692655830296
2792167458072
2770692621592
2788057253156
1417776874792
2517288502568
1692654781736
2792166409512
1400513382696
2500025010472
1418045244952
2517556872728
1692907751716
2792419379492
1692923151896
2792434779672
1400798349844
2500309977620
1675676256788
2517221411348
1692587690516
2792099318292
2512993814820
1688360093988
2787871721764
1417777154340
2517288782116
1692655061284
2792166689060
1400529914392
2500041542168
1396570475032
2496082102808
1671448381976
2770960009752
1400865442328
2500377070104
1675459398168
2774971025944
1417761360408
2517272988184
1692639267352
2792150895128
1692924479016
2792436106792
1413734876436
2513246504212
1396302316820
2495813944596
1671180223764
1400597284116
1413482186004
2512993813780
1688360092948
2787871720724
2770691851540
1400798611752
2774987606552
2774919710248
1413751588392
2513263216168
2792166672936
1688292723236
2787804351012
1400529914404
2500041542180
2770892917284
1675407821348
1671365478676
2770877106452
1396487571732
2495999199508
1396555008296
2496066636072
1671432915240
2770944543016
1413734877480
2513246505256
1688612784424
2788124412200
2787804285204
1413414750484
2512926378260
1688292657428
2770624416020
2770609015060
1396487915796
1671365822740
1671365544484
2770877172260
1396218169624
2495729797400
1675659659816
2775171287592
1418029861156
2517541488932
1692907768100
2792419395876
1396218431780
2495730059556
1671096338724
2770607966500
1396218169640
2495729797416
1671096076584
2770607704360
1688294033940
2787805661716
1400531225108
2500042852884
1688343235112
2787854862888
1692638202408
1675744675112
1400781571352
2500293199128
1675659478296
2775171106072
2517474051620
1692840330788
2792351958564
1396554696980
2496066324756
1396286261524
2495797889300
2770944231700
1417761098004
1675459135764
2774970763540
2788124411160
1418029843736
2517541471512
2517540161816
2792418068760
2787871722004
1396504431124
2496016058900
1671382338068
2770893965844
1413684300308
2513195928084
1688562207252
2788073835028
1417776892452
2517288520228
1692654799396
2792166427172
1413733845540
2513245473316
1413667523108
2513179150884
2770944231704
1400581228824
1418029533464
2500092856600
1675458332184
2774969959960
2517271922200
1692638201368
2792149829144
1400866425112
2500378052888
2775255959832
1675744332056
1400798528808
2500310156584
1413415062052
2512926689828
1413667440920
2513179068696
1688545347864
1675407755544
2774919383320
1396234881304
2495746509080
1413414750488
2512926378264
1688292657432
2787804285208
1417709717784
2517221345560
1417761424936
1675409132056
2774920759832
2517273052712
1692639331880
2792150959656
1688562124328
2774970763556
1413466130724
2512977758500
1688344037668
1396286261540
2495797889316
1417761098020
1671097305620
2770608933396
1400781834776
2500293462552
1675659741720
2775171369496
2500311288360
2496066372884
1671432652052
2770944279828
1396487636244
2495999264020
1671365543188
1396235191828
2495746819604
1671113098772
2770624726548
1413415061012
1396219200792
1400598054168
2500109681944
1675475961112
2774987588888
1396303086872
2495814714648
1671180993816
2787805381912
1675408852248
1396286261544
2495797889320
1671164168488
2770675796264
1413466130728
2512977758504
1688344037672
2787855665448
1400581228840
2500092856616
1692588721444
2792100349220
1396219200804
2495730828580
1671097107748
2770608735524
1417710815784
1396219200808
2495730828584
1671097107752
2770608735528
1413399069992
2512910697768
1688276976936
2787788604712
1400514168104
2500025795880
1417760311848
2770876336404
1675744414228
2775256042004
1418046376468
2517558004244
1692924283412
2792435911188
2787804596776
1400530160168
2500041787944
1675408067112
2774919694888
1692923217192
1400849728788
2500361356564
2792166361384
1417777923364
2517289551140
1692655830308
2792167458084
1418045573400
2517557201176
1418029778216
2517541405992
1692907685160
2792419312936
1675408868628
1400530961684
2500042589460
1400799397140
2500311024916
1675677304084
2775188931860
1413684544808
2513196172584
1688562451752
2788074079528
1675408066072
2774919693848
1417710028312
2517221656088
1692587935256
2792099563032
1692923218468
2792434846244
2513261972004
1413750344228
1400865442340
2500377070116
1688628251172
2788139878948
1400530961688
2500042589464
1396504429848
2496016057624
2770676058660
1692639267364
2792150895140
2512978020900
2787855927844
1413666670872
2513178298648
1688544577816
1400781768984
2500293396760
1675659675928
2775171303704
1417961638168
2517473265944
2770961074712
1413751409176
2513263036952
1688629316120
2788140943896
2788072966440
1688344020516
2787855648292
1418028549672
2517540177448
1692906456616
2792418084392
1400849992212
2500361619988
2770960008724
1413750343188
2513261970964
1688628250132
2788139877908
2792434845204
1400866440744
2500378068520
1675744347688
2775255975464
1400581490196
2500093117972
1675459397140
2774971024916
1417761359380
2517272987156
1692639266324
2792150894100
2512927491364
1688293770532
2787805398308
1400530961700
2792368801060
1396504429860
2496016057636
1400530961704
2500042589480
1396570475048
2496082102824
1671448381992
1400865442344
2500377070120
2787855927848
1400581491240
2500093119016
1675459398184
2774971025960
1417761360424
2517272988200
1692639267368
2792150895144
1675727881508
1692907750692
2792419378468
2774986819880
2500108911908
1675475191076
2774986818852
1417777153316
2517288781092
1692655060260
2792166688036
2774969959972
1418028747032
2517540374808
1692906653976
2792418281752
2496082101784
1671448380952
2770960008728
2513261970968
1688628250136
2788139877912
1400865441304
2500377069080
1692655830548
2792167458324
2792419116564
1675727619604
1413684282900
2513195910676
1688562189844
2788073817620
1400799381012
2500311008788
1396219201048
2495730828824
1671097107992
2770608735768
1413399070232
2512910698008
1688276977176
2787788604952
1692638217752
2792149845528
2788056975652
1413667440932
2513179068708
1688545347876
2792351942948
1417962408228
2517474036004
1413466392088
2787855926808
2500093117976
1675459397144
2774971024920
2774987852056
1417962472996
2517474100772
1692840379940
2792352007716
1396219201064
2495730828840
1671097108008
2770608735784
1413399070248
2512910698024
1688276977192
2787788604968
1400514168360
2500025796136
1396236257828
2495747885604
2770625792548
1413416127012
2512927754788
1688294033956
2517472987428
1692839266596
1418045589032
2517557216808
1692923495976
2792435123752
1675660444948
2775172072724
1417962407188
2517474034964
1692840314132
2792351941908
1675727636776
2775239264552
1396555007272
2496066635048
1671432914216
2770944541992
1413734876456
2513246504232
1688612783400
2788124411176
1400849974568
2500361602344
2512926377236
2787804284180
1675475191080
2774986818856
2787805660692
1675409131028
2774920758804
1692589000212
1417760294440
2517271922216
1692638201384
2792149829160
1417710045732
2517221673508
1692587952676
1413751343656
1688629250600
1396487571752
2495999199528
1413667440936
2513179068712
1688545347880
2788056975656
1400782539048
2500294166824
1675407755560
2774919383336
1417709717800
2517221345576
1692587624744
2792099252520
2770877172264
1413683430680
1400598333716
2500109961492
1675476240660
2774987868436
1417778202900
2517289830676
1692656109844
2792167737620
1675409132072
2774920759848
1417711094312
2517222722088
1692589001256
2792100629032
1396303366424
2495814994200
1671181273368
2770692901144
1413483235608
2512994863384
1688361142552
2787872770328
1400598333720
2500109961496
1396235191844
2495746819620
1671113098788
2770624726564
1413415061028
2512926688804
1688292967972
1413667439896
2513179067672
1688545346840
2788056974616
1417693005332
2517204633108
1692570912276
2792082540052
1396234880280
2495746508056
1671112787224
2770624415000
2792083523096
1675659675940
2775171303716
2495747884568
1671114163736
2770625791512
1413416125976
2512927753752
1688294032920
2787805660696
1692839545128
2775256042020
1400866507300
1396571540004
2496083167780
1671449446948
2770961074724
2500378135076
1418046376484
2517558004260
1692924283428
1400848663844
2500360291620
1400849646888
2500361274664
1675727553832
2775239181608
1671382320424
2770893948200
2512994863396
1688361142564
2787872770340
1396303366436
2495814994212
1671181273380
2770692901156
1413483235620
1417778202916
2517289830692
1671364707604
2770876335380
1413666669844
2513178297620
1688544576788
1413483235624
2512994863400
1688361142568
2787872770344
1675744413204
2775256040980
2495729994020
1671096273188
2770607900964
1400866769192
2500378396968
1675744676136
2775256303912
1671164413460
2770676041236
1396554941972
2496066569748
1671432848916
2512926688808
1688292967976
2787804595752
1400530159144
2500041786920
1675408066088
2774919693864
1417710028328
2517221656104
1692587935272
1417978153512
2517489781288
1692856060456
1413466375704
2512978003480
1688344282648
2787855910424
2792149845288
1400849910312
2500361538088
1675727817256
2775239445032
1675475126824
2792350893332
2774986754600
1396571540008
2496083167784
1671449446952
1400580246036
2500091873812
1675458152980
2774969780756
2770961074728
1688628250148
2788139877924
2500377069092
1400865441316
1675743348260
2775254976036
1400849728792
2500361356568
1671164429860
2770676057636
1400581490212
2500093117988
1675459397156
2774971024932
1400581473828
2500093101604
1675459380772
1396286506532
2495798134308
2496066569764
1671432848932
2770944476708
1400849909284
2500361537060
1400781767960
2500293395736
1675659674904
2775171302680
1692839544088
2792351171864
1417979463960
2517491091736
1692857370904
2792368998680
1396571538968
2496083166744
2770961073688
1688629315096
2788140942872
1400866506264
2500378134040
1417710044692
2517221672468
1418028795176
2517540422952
1692906702120
2792418329896
1396234863892
2495746491668
1671112770836
2770624398612
2787804267796
1413414733076
2512926360852
1688292640020
1417709700372
2517221328148
1417711027736
2517222655512
1692588934680
2792100562456
1671164413480
2770676041256
1413466375720
2512978003496
1688344282664
1675743365416
1400848615704
2500360243480
2500041458968
1675407738136
2774919365912
1396234863896
2495746491672
1671112770840
2770624398616
2787855911192
2495798135064
1671164414232
2770676042008
2792150878488
1692639250712
2512976775704
1688343054872
2787854682648
1675743364648
2775254992424
1396570474024
2496082101800
1671448380968
2770960008744
1413750343208
2513261970984
1688628250152
1400865441320
2500377069096
1400580228628
2500091856404
1675458135572
2774969763348
1400848664084
2500360291860
1675726571028
2775238198804
1418028533268
1417978135844
2517489763620
1692856042788
1413414733092
2512926360868
1417693006376
2517204634152
1692570913320
2792082541096
1417777859092
2517289486868
1692655766036
2792167393812
1671180929556
1418046294548
1396285261336
2495796889112
1671163168280
1396234863912
2495746491688
1671112770856
2770624398632
1413414733096
2512926360872
1688292640040
2787804267816
1400529831208
2500041458984
1396236241172
2495747868948
1400597989912
2500109617688
2517474034980
1692840314148
2792351941924
2500294165796
1675660444964
2775172072740
1400798333224
2500378395928
1675744675096
2775256302872
2512993536296
2787805660708
1675409131044
1692589000228
2792100628004
1396236256804
1418028533284
2517540161060
1692906440228
2792418068004
1396285261348
2495796889124
1692840379688
2792352007464
1417978152472
2517489780248
1692856059416
1688544642344
2788056270120
1692924201508
2792435829284
1413482891812
1688360798756
2787872426532
1400866425380
2500378053156
1396303022628
2495814650404
1671163168296
2774971073832
1675727816216
2775239443992
2770894161192
1396236241176
2495747868952
1671114148120
2770625775896
1413416110360
2512927738136
1688294017304
2787805645080
1417961359656
1413751589160
2513263216936
1688629496104
2788141123880
1400865654292
2500377282068
1675743561236
2775255189012
1396302251540
1413482120724
2512993748500
1688360027668
1413483152936
2512994780712
1688361059880
2787872687656
1400514365972
2500025993748
1396487570728
2495999198504
1671365477672
2770877105448
1413667439912
2513179067688
1688545346856
1400782538024
2500294165800
1396302251544
2495813879320
1671180158488
2770691786264
1413482120728
2512993748504
1688360027672
2787871655448
1400597218840
2500108846616
1417709716776
1417962736168
2517474363944
1692840643112
2792352270888
2792367670568
1688629299476
2788140927252
2770961058068
1417776810516
2517288438292
1692654717460
2792166345236
1400596941332
2500108569108
1675474848276
2774986476052
1692572140824
2792083768600
1396302235924
2495813863700
1671180142868
2770691770644
1413482105108
2512993732884
1688360012052
2787871639828
1396570671380
2496082299156
1675659674916
2775171302692
2500042769684
2775255189028
1418045523492
2517557151268
1692923430436
2792435058212
1396302251556
2495813879332
1671180158500
2770691786276
1692906390824
2517558003236
1692924282404
2792435910180
1400866506276
2500378134052
1675744413220
2775256040996
1413750540568
1400597203224
2500108831000
2792166607128
1396302235928
2775188064792
1396302251560
2495813879336
1671180158504
2770691786280
1413482120744
2512993748520
1688360027688
2787871655464
1400597218856
2500108846632
1417961441560
2517473069336
1692839348504
2792350976280
1692839348520
1692639250724
2792150878500
2770676042020
1400581474596
2500093102372
1675459381540
2774971009316
1400782603796
2500294231572
1417760115236
2517271743012
1400580246052
2500091873828
1675458152996
2774969780772
1396571523352
2496083151128
1671449430296
2770961058072
1413751392536
2513263020312
1688629299480
1400866490648
1675744397592
2495999477272
1675391289876
2774902917652
1396486851092
2495998478868
1417978399016
2517490026792
1692856305960
1692654979364
2792166607140
1418045507876
2517557135652
1692923414820
2792435042596
1417776810520
2517288438296
1692654717464
2792166345240
1675391289880
2774902917656
2792100612648
2500293118484
1675659397652
2775171025428
1396302235944
2495813863720
1671180142888
2770691770664
1413482105128
1400581473556
2500093101332
1671449627156
2770961254932
1417961637160
2517473264936
1396571538984
2496083166760
1671449445928
1417760114196
2517271741972
1692638021140
2792149648916
1675458151956
2774969779732
2770961073704
2500378331416
2513262250260
1675743627540
2788140157204
1671448660244
1400865720596
1688611670548
2788123298324
1400848861716
1418028730900
2517540358676
1692906637844
2792418265620
1675660724772
2775172352548
1675726834216
2775238461992
1413399070996
2512910698772
2517289552148
1692655831316
2792167459092
1688562190612
2770607950372
1692839594532
1417761343784
1675660511512
2775172139288
2774987589912
1396504414488
1396285278760
2495796906536
1671163185704
2770674813480
1413465147944
2512976775720
1688343054888
2787854682664
1671449430308
2770961058084
1418029582628
2517541210404
1692907489572
2792419117348
2517222443300
1692588722468
2792100350244
1400866490660
1396219201832
2495730829608
1671097108776
2770608736552
1400514169128
1396218415656
2495730043432
1671096322600
2774969959704
1688344282392
2787855910168
1417761342744
2517272970520
1692639249688
2792150877464
1417962685736
2517474313512
1692840592680
2792352220456
2517474362904
1692840642072
2792352269848
1692587951640
2792099579416
2770674812440
1413465146904
2512976774680
1688343053848
2787854681624
1400580245016
2500091872792
1400799593764
2500311221540
1396236241188
2495747868964
1671114148132
2770625775908
1400865703208
2500377330984
1417692939540
2517204567316
1396218103060
2495729730836
1692570846484
2792082474260
1671448660248
1413733763608
2513245391384
1688611670552
2792350909720
1400781505816
2500293133592
1675659412760
1688275879192
1400513070360
2500024698136
1692839528984
1692656027172
2792167654948
2792351156760
2787805644052
2770625774868
1413416109332
2512927737108
1396571457832
2496083085608
1671449364776
2770960992552
1418046310952
2517557938728
1692924217896
2792435845672
1413666407716
2513178035492
1688544314660
2788055942436
1400781505828
1675390977316
2774902605092
1417692939556
2517204567332
1417978464788
2517490092564
1692856371732
2792367999508
1400782604840
2500294232616
1675660511784
2775172139560
1675407821352
2774919449128
1417777875476
2517289503252
1692655782420
2792167410196
2513246194196
1688612473364
2788124101140
2774970763796
1418029533716
2517541161492
1692907440660
2792419068436
2770675796500
2517272726036
1417711077672
2517222705448
1692588984616
2792100612392
2513195910420
1688562189588
2788073817364
1692570846504
2792082474280
1396486538536
2495998166312
1671364445480
2770876073256
1413666407720
2513178035496
1688544314664
2788055942440
1400513119508
2500024747284
1675391026452
1396286261784
2495797889560
1688344037912
2787855665688
1400581229080
1400514102552
2500025730328
1675392009496
2517474036008
2792167736852
2792100611352
1396236240152
2495747867928
1671114147096
2770625774872
1413416109336
2512927737112
1688294016280
2787805644056
1413751392548
2513263020324
1688629299492
2788140927268
1418046359844
2517557987620
1692924266788
2792435894564
1675676240168
1400799380776
2500311008552
1675677287720
1413667767572
2513179395348
2517474362644
1417962734868
1692840641812
1400782865684
2500294493460
1675660772628
2775172400404
2792352269588
1675474848292
2774986476068
1417776810532
2517288438308
1692654717476
2792166345252
1675726833176
2775238460952
1417761098276
2517272726052
1692639005220
2792150632996
1413734566436
2513246194212
1688612473380
2787855665700
1396554746388
2496066374164
1671432653332
2770944281108
2517205927192
1692572206360
2792083834136
2792434779684
1396219202072
2495730829848
1671097109016
2770608736792
1413399071256
2512910699032
1688276978200
2787788605976
1400514169368
1675475913240
2774987541016
1417777875480
2517289503256
1692655782424
2792167410200
1671164168744
2770675796520
2512977758760
1675744396564
2500378117396
1396571522324
1413751391508
2513263019284
1688629298452
2788140926228
1675727620644
2775239248420
1413684283940
2513195911716
1688562190884
2788073818660
1396504414756
1396219202088
2495730829864
1671097109032
2770608736808
2775187802408
1413399071272
2512910699048
1688276978216
2787788605992
1396553697812
2496065325588
1671431604756
2770943232532
1400596940308
2500108568084
1396301973012
1417776809492
2517288437268
2792166671656
1675660772644
2775172400420
2775239461396
2512976759060
1688343038228
2787854666004
1400580229396
2500091857172
1413734828564
2513246456340
1688612735508
2517489780008
1400799644200
1396555024932
2496066652708
1671432931876
2770944559652
2517489829400
1688277239080
2787788866856
2788123100440
1692572206376
1417776810536
2517288438312
1692654717480
2792166345256
1671382337044
2770893964820
1413684299284
2513195927060
1688562206228
2788073834004
1400799397396
2500311025172
1675677304340
2775187818792
2500093101348
1692906653972
2517540374804
2792418281748
1413733779732
2513245407508
1688611686676
2792149648932
1413465146916
2512976774692
1417760114212
2517271741988
1692638021156
2770961057048
1413751391512
2513263019288
1688629298456
2788140926232
1692924265752
2792435893528
1688293770776
2787805398552
1400530961944
2500042589720
1413465344280
2512976972056
1688343251224
2787854879000
1671448660260
2770960288036
2788140157220
1400865720612
2500377348388
1418046309912
2517557937688
1692924216856
1417776809496
2517288437272
1692654716440
2792166344216
1413733763620
1400848861732
2500360489508
1675726768676
2775238396452
2513245391396
2500293199140
1418028730916
1400782554408
2500294182184
1675660461352
2775172089128
1400782603800
2500294231576
1675660510744
2775172138520
1396554959384
1675458136344
1413465131288
2512976759064
1688343038232
2787854666008
2774969764120
1417760098584
2517271726360
1418029517096
2517541144872
1692907424040
2792419051816
1417776826664
2788073818388
1396504414484
1675408853268
2774920481044
1413684283688
2513195911464
1688562190632
2788073818408
2513245456920
1688611736088
2788123363864
1688562206244
2788073834020
2770960286996
1396235994660
1400865719572
2500377347348
1675743626516
2775255254292
2496016042264
1671382321432
2770893949208
2770943445284
1413733779748
2513245407524
2517540357652
1396235994664
2495747622440
1671113901608
2770625529384
2512927491624
1688293770792
2787805398568
1400530961960
2500042589736
2500093101352
1675459380520
2774971008296
1396285475112
2495797102888
1671163382056
2770675009832
1413465344296
2512976972072
1688343251240
2787854879016
2770674812456
1413465146920
2512976774696
1688343053864
2787854681640
1396553894440
2496065522216
1413733763624
2513245391400
1688611670568
2788123298344
1400848861736
2500360489512
1413684283684
2513195911460
1688562190628
2788073818404
2788140139800
1675391239444
2774902867220
1671431554324
2770943182100
2792100611364
1396236240164
2495747867940
1671114147108
2770625774884
1413416109348
2512927737124
1688294016292
1400531207460
1396235979048
2495747606824
1671113885992
2770625513768
1692923495704
2792435123480
1418045588760
1418029599000
2517541226776
1692907505944
2792419133720
1396553893400
2496065521176
1413733762584
2513245390360
1688611669528
2788123297304
1417961702696
2517473330472
1692839609640
2792351237416
1675676517652
2775188145428
1675408082196
2774919709972
1417710044436
2517221672212
1413683497508
1417978464804
2517490092580
1692856371748
2792367999524
1400598070804
2500109698580
1400799593768
2500311221544
1675677500712
2775189128488
2500310238488
2788073047320
1692587951384
2792099579160
1396503643416
2496015271192
1671381550360
1417710044440
1396235207960
2517221672216
1413482908196
2512994535972
1688360815140
2787872442916
1417777875492
2517289503268
1692655782436
2792167410212
2496014944536
1671381223704
1400798284056
2500309911832
1675676191000
1413683185944
2513194813720
1688561092888
2788072720664
2775187818776
1396504693272
2496016321048
1413684562456
2513196190232
1688562469400
2788074097176
1400799660568
2500311288344
2792149584408
2513179085096
1688545364264
2788056992040
2513179134488
1688545413656
2788057041432
1417778120232
2517289748008
1692656027176
2792167654952
2775189195304
1396555007252
2496066635028
1671432914196
2770944541972
1417978463764
2517490091540
1692856370708
2788057302296
1417962734872
1671382582552
1675744658712
1396555007256
2496066635032
1671432914200
2770944541976
1413734876440
2513246504216
2770960009512
2787872441876
1400598005268
2500109633044
1675475912212
2774987539988
1417777874452
2517289502228
1692655781396
2792167409172
1417711076648
2517222704424
1692588983592
2792100611368
1396487898404
2495999526180
1671365805348
2770877433124
1413667767588
2513179395364
1688545674532
2788057302308
1400782865700
2500294493476
1396219462952
2495731090728
1671097369896
2770608997672
1413399332136
2512910959912
1396503643428
2496015271204
1671381550372
2770893178148
1413683512612
2513195140388
1688561419556
2788073047332
1400798610724
2500310238500
1396303366676
2495814994452
1671181273620
1418046638612
2517558266388
1692924545556
2792436173332
1675743545896
1396235207976
2495746835752
1671113114920
2770624742696
1413415077160
2512926704936
1400581294356
2500092922132
1675459201300
2774970829076
1417761163540
2517272791316
1692639070484
2792150698260
2495814994456
1413483235864
2512994863640
1688361142808
2787872770584
1396503628328
2496015256104
1671381535272
2770893163048
1413683497512
2513195125288
1688561404456
2788073032232
1400798595624
2500310223400
1400598006312
2500109634088
1675475913256
2774987541032
1417777875496
2517289503272
1692655782440
2496083150116
1671449429284
2770961057060
1413751391524
2513263019300
1688629298468
2788140926244
1400866489636
2500378117412
1675744396580
1675659724072
1400596940324
2500108568100
1675474847268
2774986475044
1418046638360
2517558266136
1692924545304
2792436173080
1396503627288
2496015255064
1671381534232
2770893162008
1688561403416
2788073031192
1400598005272
2500109633048
1675475912216
2774987539992
2787872770596
1417778203172
2517289830948
1692656110116
1413751671332
2513263299108
1688629578276
1396285262116
2495796889892
1671163169060
2770674796836
1400580229412
2500091857188
1675458136356
1400782816792
2500294444568
1671181273640
2770692901416
1413483235880
2512994863656
1688361142824
2787872770600
2770624661780
1418029779480
2517541407256
1692907686424
1413482973716
2512994601492
2792419314200
1413684496680
2513196124456
1688562403624
2788074031400
1418045244968
2517556872744
1692923151912
2792434779688
1396554958356
2500091856148
2496066586132
1671432865300
1675458135316
2774969763092
1400849925652
2517271725332
2495999216148
1671365495316
1675474847272
2774986475048
1417776809512
2517288437288
1692654716456
2792166344232
2792418280744
1396554959400
1413465131304
2512976759080
1688343038248
2787854666024
1396570752292
2496082380068
1671448659236
2770960287012
1400865719588
1400529831444
2500041459220
1675407738388
2774919366164
2770624398868
2775238395428
1396285539604
2495797167380
1396555007508
2496066635284
1671432914452
2770944542228
1413734876692
2513246504468
1688612783636
2788124411412
1396234864152
2495746491928
1671112771096
2770624398872
1413414733336
2512926361112
1688292640280
1400529831448
2500041459224
1396219463192
2495731090968
1671097370136
2770608997912
1413399332376
2513262954772
2512910960152
1688277239320
2787788867096
2770674795800
1400580228376
2500091856152
1675458135320
2774969763096
1671432865304
2770944493080
1688561337636
2788072965412
1418045326872
2517556954648
1675727881764
1396487898660
2495999526436
1671365805604
2770877433380
1396219463208
2495731090984
1671097370152
2770608997928
1413399332392
2512910960168
1688277239336
2787788867112
1400514430504
2500026058280
1413684562468
2513196190244
1688562469412
1675659478312
2775171106088
1671449707816
2770961335592
1418028534056
2517540161832
1692588673560
2792100301336
1688545626648
2788057254424
2517489763876
1417709700644
2517221328420
1692587607588
2792099235364
1671112771108
2513194812968
1688561092136
2788072719912
1400866425128
2500378052904
1675744332072
2792083589396
1396219218196
2495730845972
1671097125140
2770608752916
2500025813268
1417694054676
2517205682452
2774903720212
1417979528724
2517491156500
2792369063444
1396504692244
2496016320020
1671382599188
2770894226964
1400799659540
2500311287316
2770943493668
2500109616680
1675475895848
2774987523624
1396234864168
2495746491944
1671112771112
2770624398888
1400529831464
1675392092440
2774903720216
1417694054680
2517205682456
1692571961624
1396487653656
2495999281432
1671365560600
2770877188376
1671180929300
2770692557076
1396303022356
2495814650132
1396503316776
2496014944552
1671381223720
2770892851496
1413683185960
2513194813736
1688561092904
2788072720680
1400798284072
2500309911848
2787871459620
1675659741736
2775171369512
1396504693288
2496016321064
1671382600232
2770894228008
2770893162020
2788073031204
1675676501540
2775188129316
2517490091556
1692856370724
2792367998500
2495730845988
1671097125156
2770608752932
1413399087396
2512910715172
1688276994340
2770692572708
1400598005284
2500109633060
1675475912228
2774987540004
1692856059160
2792367686936
1400798283032
2500309910808
1675676189976
2775187817752
1417694054696
2517205682472
2496016320024
1413415061784
2512926689560
1688292968728
2787804596504
2792150698276
1396286327076
2495797954852
1671164234020
2770675861796
1400581294372
2500092922148
1675459201316
2774970829092
1400798610728
2500310238504
1675676517672
2775188145448
1396555023896
2496066651672
1671432930840
2770944558616
1400597989656
2500109617432
1675475896600
2774987524376
1400848615716
2500360243492
2500360292884
1675726572052
2775238199828
1692639069460
2792150697236
1675727555096
2775239182872
2770893900072
1671365543460
2770877171236
1396503627304
2496015255080
1671381534248
2770893162024
1413683496488
2513195124264
1688561403432
2788073031208
1675475912232
2774987540008
1417777874472
2517289502248
1675727816980
2775239444756
1418029779220
2517541406996
1692907686164
1675475110420
2774986738196
2792419313940
1396554942740
2496066570516
1396302236180
2495813863956
1671180143124
2770691770900
1413482105364
2517288716564
1692654995732
1418028550676
2517540178452
1692906457620
2792418085396
1396553714196
2496065341972
1396302236184
2495813863960
1671180143128
2770691770904
1413482105368
2512993733144
1688360012312
2787871640088
1400597203480
2500108831256
2792149632292
1396285261092
2495796888868
1396554958372
2496066586148
1400580228388
2792083507480
2770675860760
1413466195224
2512977823000
1418029860136
1417777072676
2517288700452
1692654979620
2792166607396
2775256302884
1675392076324
2774903704100
1417694038564
2517205666340
1692571945508
2792083573284
2788124346648
1413734811928
2513246439704
1396302236200
2495813863976
1671180143144
2770691770920
1413482105384
2512993733160
1688360012328
2787871640104
2792435844632
1400597203496
1675475126552
2774986754328
1417777088792
2517288716568
1692654995736
2792166623512
1417979250984
2517490878760
1692857157928
2792368785704
1418028747048
2517540374824
1692906653992
1418028796440
2517540424216
1692906703384
2792418331160
1413683513640
2513195141416
1688561420584
2788073048360
1675744594456
2775256222232
1413465130280
2512976758056
1688343037224
2787854665000
1400580228392
2500091856168
1675458135336
1417760097576
2512910698004
1688276977172
2787788604948
1692571944468
2517205665300
2792083572244
1417694037524
1396219201044
1400514168340
2500025796116
1413684545812
2513196173588
1417979513108
2517491140884
1692857420052
2517491090708
1400530094612
1417709963796
2517221591572
1692587870740
2792099498516
2513178101016
1688544380184
2788056007960
2787871443240
1413684561444
2513196189220
1688562468388
2788074096164
1396504692260
2496016320036
2770876073492
1400781506068
2500293133844
1675659413012
2775171040788
1417961375252
1396486538776
2495998166552
1671364445720
2770876073496
1413666407960
1688360798500
2787872426276
1400597989668
1417777858852
2517289486628
1692655765796
2792167393572
2775189178648
1400799643928
2500311271704
1675677550872
1396504676632
2496016304408
1417961441572
2517473069348
1692839348516
2792350976292
2517474052392
1692840331560
2792351959336
1417962474008
2517474101784
1692840380952
2792352008728
1417709963800
2517221591576
1692587870744
2792099498520
2500310960420
1400865442088
2500377069864
1396303021332
2495814649108
1671180928276
2770692556052
1400781490452
2500293118228
1675659397396
2775171025172
2495729715476
1413397956884
2512909584660
1396503315752
2496014943528
1671381222696
2770892850472
2496016255512
1671382534680
2770894162456
1417692939812
1396486538788
2495998166564
1671364445732
1396504692264
2496016320040
1671382599208
1396218430996
2495730058772
1418046555412
2517558183188
1671181190420
1396218087704
2495729715480
1671095994648
2770607622424
1671364430104
2770876057880
2792350894360
1400781490456
1413397956888
1400513070632
2500024698408
1675390977576
2774902605352
1417692939816
2517204567592
2788141122840
1417778119960
2517289747736
1675475896616
2774987524392
1417777858856
2517289486632
1692655765800
2792167393576
1418028746008
2517540373784
1692906652952
2775255959848
1692638283048
1417761162532
2517272790308
1692639069476
2792150697252
2792350894372
1417692924196
2517204551972
1692570831140
1417962735124
2517474362900
1692840642068
2792352269844
1396219463188
2495731090964
1671097370132
2770608997908
1413399332372
2512910960148
1413482890520
2512994518296
1688360797464
2787872425240
1417777857816
2517289485592
1692655764760
2792167392536
1400866686244
2500378314020
1675744593188
2775256220964
1688629495076
2788141122852
1417692924200
2517204551976
1692570831144
2792082458920
1396486523176
1396554942756
2496066570532
1413734811940
2513246439716
1688612718884
2788124346660
1418029779236
2517541407012
1692907686180
1675392337432
2774903965208
1417694299672
2517205927448
1692572206616
2792083834392
1396487898648
1692654995748
2792166623524
1413733583396
2513245211172
1688611490340
2788123118116
1418028550692
2517540178468
1692906457636
2792418085412
1396303283496
2495814911272
1671181190440
2770692818216
1413483152680
2512994780456
1688361059624
2787872687400
1400598250792
2500109878568
1675727635752
2775239263528
1671381468692
1692856387876
2792368015652
1396570409496
2496082037272
1671448316440
2770959944216
1413750278680
2513261906456
1688628185624
2788139813400
1400865376792
2500377004568
2792167475732
1417979463976
2517491091752
1692857370920
2792368998696
1396554941716
2496066569492
1671432848660
2770944476436
2775239443732
1413751342632
2513262970408
1688629249576
2788140877352
1675475125524
1396302251284
2495813879060
1671180158228
2770691786004
1396553713172
2496065340948
1413482120468
2512993748244
1413733582356
2513245210132
2775256238360
1400782865956
2500294493732
1692840642084
2792352269860
1396219463204
2495731090980
1671097370148
2770608997924
1400865441044
2500377068820
1675743347988
1417694299688
2517205927464
1413481908776
2512993536552
1688359815720
2787871443496
1396487899412
2495999527188
1671365806356
2770877434132
1413667768596
1396219463956
2495731091732
1396570473752
2496082101528
1671448380696
2770960008472
2500108633368
1675474912536
2775254975768
1688612784408
2788124412184
1400849975576
2500361603352
2792436156696
1400581540120
2500093167896
1396219463960
2495731091736
1671180159272
2770691787048
1413482121512
2512993749288
1688360028456
2787871656232
1400597219624
1413733779988
2513245407764
1400848878100
1692588935700
2792100563476
1688629576980
2788141204756
2500042836260
1396555008292
2496066636068
1413734877476
2513246505252
1688612784420
1396219463976
2495731091752
1671097370920
2770608998696
1413399333160
2512910960936
1688277240104
2787788867880
2774970041620
1671163382296
2770675010072
1413465344536
2512976972312
1688343251480
2787854879256
1400580442648
2500092070424
1675392075300
2774903703076
1417694037540
2517205665316
1692571944484
2792083572260
2792419312920
1413734810904
2513246438680
1688612717848
2788124345624
1418029778200
2517541405976
1688360027416
2787871655192
1400597218584
2500108846360
1417777087768
2517288715544
1692654994712
1418045310244
2517556938020
1417979513124
2517491140900
1692857420068
2792369047844
1396504414740
2496016042516
2770893949460
1671382321684
1675392009508
2774903637284
1396302038312
2495813666088
1671179945256
2770691573032
1413481907496
2512993535272
1688359814440
2787871442216
1400597005608
2500108633384
1400866768168
1671096321556
2770607949332
1400530094628
2500041722404
1417709963812
2517221591588
1692587870756
2792099498532
2513245407780
1688611686948
2788123314724
1417978152488
2517489780264
1692856059432
2792367687208
1396285475368
1417979512084
2517491139860
1692857419028
2792369046804
1400799642900
2500311270676
1675677549844
2775189177620
1675743611416
1675727816232
2775239444008
1671364512280
2770876140056
1688292902420
2787804530196
2496016042532
1417979251236
2517490879012
1692857158180
2792368785956
1396235979300
2495747607076
1671113886244
2770625514020
1413415848484
2496083102228
1671449381396
2770961009172
1413751343636
2513262971412
1688629250580
2788140878356
1396504676648
2496016304424
1413398284564
2512909912340
1413415848488
2512927476264
1688293755432
2787805383208
1400530946600
2500042574376
2792351942952
1692856108328
1417978480148
2517490107924
2770692556068
2787872425252
1417777857828
2517289485604
1413398300196
2512909927972
1688276207140
2787787834916
1400513398308
2500025026084
1400799642904
2500311270680
1396504675608
2496016303384
1688562451736
1396235208216
2495746835992
1671113115160
2770624742936
1413415077400
2512926705176
1688292984344
1400865376804
2500377004580
1396570409508
2496082037284
1688628185636
2788139813412
1413750278692
2513261906468
1671181207828
2770692835604
1413734877716
2513246505492
1688612784660
2788124412436
1671449692692
2770961320468
1396219464216
2495731091992
1671097371160
2770608998936
1413399333400
1400514431512
2500026059288
1396571474456
2496083102232
1671449381400
2770961009176
1413751343640
2513262971416
1688629250584
2788140878360
1400866441752
2500378069528
1675391289624
1417961441576
2517473069352
2770624727316
1413415061780
2500310223124
1396503628052
2496015255828
1417978464532
1418046622244
1396219464232
2495731092008
1671097371176
2770608998952
1413399333416
2512910961192
2512926705188
1688292984356
2787804612132
1400530175524
1400798610980
2500310238756
1675676517924
2775188145700
1396503643684
2496082036244
1671448315412
2770959943188
1413750277652
1688628184596
2513261905428
2792099563800
1675408066840
1671381535000
2770893162776
1413683497240
2513195125016
1675677288984
2775188916760
2500360505880
1675726785048
2775238412824
1396235208232
2495746836008
1671113115176
1675475895592
2774987523368
1417777857832
2517289485608
1692655764776
2792167392552
2500294182164
1675660461332
2775172089108
1396487587092
2495999214868
1671365494036
2770877121812
1413667456276
2513179084052
1688545363220
1692840330520
2792351958296
1400581227800
2500092855576
1675459134744
2774970762520
1418029532452
2517541160228
1692907439396
2792419067172
2792100300068
1418028534036
2517540161812
1692906440980
2792418068756
1396553697556
2496065325332
1671431604500
2770943232276
1413733566740
2513245194516
2792367686952
1413734812200
2513246439976
1688612719144
2788124346920
2517474362664
1396286522644
2495798150420
1671164429588
2770676057364
2792367736344
1396570409512
2496082037288
1671448316456
2770959944232
1413750278696
2513261906472
1688628185640
2788139813416
1400865376808
2500377004584
2517541422360
1417710029092
1692907701528
2792419329304
1396503628068
2496015255844
1400849909028
1396554941732
2496066569508
1671432848676
2770944476452
2500108846372
1675475125540
1400848680484
2500360308260
1671180158244
2770691786020
1692906456612
2792418084388
1413733582372
1396235192616
2495746820392
1671113099560
2770624727336
1413415061800
2512926689576
1688292968744
1400530159912
2500041787688
1396570408472
2496082036248
1671448315416
2770959943192
1413750277656
2513261905432
1688628184600
2788139812376
1400865375768
2500377003544
1413751588136
2513263215912
1688629495080
2788141122856
1675408017684
1675409066532
2774920694308
1417711028772
2517222656548
1692588935716
2792100563492
1413733566744
2513245194520
1688611473688
2788123101464
1400848664856
2500360292632
1396286522664
2495798150440
1671164429608
2770676057384
1413466391848
2512978019624
1688344298792
2787855926568
1417777941016
2517289568792
1692655847960
2792167475736
1692840642088
2792352269864
1417710044712
2517221672488
1692587951656
2792099579432
1413734810920
2513246438696
1688612717864
2788124345640
1400799643172
2500311270948
1675475125544
2774986753320
1417777087784
2517288715560
1692654994728
2792166622504
2787805595156
1400531158548
2500042786324
1675409065492
1692654979624
1688343053588
2787854681364
1675726587156
2775238214932
1396553712916
2496065340692
1400798530084
1417961440536
2517473068312
1671180945684
2770692573460
1675475912980
1675458151704
2774969779480
2774987540756
1400598006036
2500109633812
2500360307992
1396285277464
2495796905240
2787805596200
1396504675620
1413684544804
2513196172580
1400799642916
2500311270692
1675676255508
2775187883284
1400598006040
2500109633816
1671113033252
2770624661028
2787804530212
1400530093604
2500041721380
1675408000548
1417978397992
2788123313444
2517490025768
1692856304936
2792367932712
2788056991252
1400782554644
2500294182420
2496066323988
1671432603156
2770944230932
1396554696212
2770608686616
1413399021080
2512910648856
1688276928024
2787788555800
1400514119192
2500025746968
1688293967384
2787805595160
2770961009188
1671365494308
2770877122084
1688545363492
2788056991268
2500293117460
1400580244772
2500091872548
1675458151716
2774969779492
1396285277476
2495796905252
1396219151912
2495730779688
1671365560852
2770877188628
1675392092692
2774903720468
1417694054932
2517205682708
1692571961876
2792083589652
1418046638372
2517558266148
1692924545316
2792436173092
1413751343396
2513262971172
1688629250340
2788140878116
1418046310692
2517557938468
1692924217636
2792435845412
1396303038756
2495814666532
1396285277480
2495796905256
1671163184424
1413399267860
2512910895636
1688277174804
1692656109092
2792167736868
2787788802580
2495730846232
1413399087640
2512910715416
1688276994584
2787788622360
1396571473428
2496083101204
1671449380372
2770961008148
1413751342612
2513262970388
1688629249556
2788140877332
1400866440724
2500378068500
1396504675624
2496016303400
1671382582568
2787787818260
2500025009428
1675391288596
2774902916372
1400799595032
2500311222808
1675677501976
1675726833192
2775238460968
2500041721384
1675408000552
2774919628328
2517541226772
1418029598996
1692907505940
2792419133716
1396554762516
2496066390292
1671432669460
2770944297236
1413734631700
2774920676888
1671431604772
2770943232548
2770877188644
1396219218468
1413399087652
1671163120148
2770674747924
1413465082388
2512976710164
1688342989332
2787854617108
1400580180500
1675391289640
2774902917416
1688276994600
2787788622376
1675743282724
2775254910500
1396570408484
2496082036260
1671448315428
2770959943204
1418045244964
2517556872740
1692923151908
1396285195540
2495796823316
1671163102484
2770674730260
1413683251476
1396571473432
2496083101208
1671449380376
2770961008152
1413751342616
2513262970392
1688629249560
2788140877336
1400866440728
2500378068504
2770607949080
1413398283544
2512909911320
1688276190488
1400513381656
2500025009432
1692839527960
1418028534052
2517540161828
1692906440996
2775238199588
1396553697572
2496065325348
1671431604516
2770943232292
1400848664868
1418046638376
1671449363752
2770960991528
1400849729816
2500361357592
2512976710168
1688342989336
2787854617112
1400580180504
2500091808280
1675458087448
2774969715224
1417760049688
2517271677464
1692637956632
1418046309928
2517557937704
1692924216872
2792435844648
2792418067732
2770943231252
1400848663828
2500360291604
1675726570772
2775238198548
1396218431764
2495730059540
1413398300948
1400782603816
2500294231592
1675660510760
2775172138536
1396570408488
2496082036264
1671448315432
2770959943208
1413750277672
2513261905448
1688628184616
2788139812392
1400865375784
2500377003560
1671364774168
2770876401944
2792166410792
1692857174568
1396553697576
2496065325352
1671431604520
2513245194536
1688611473704
2788123101480
1692588919060
2792100546836
1417962474004
2517474101780
1692840380948
2792352008724
1396487637524
2495999265300
1675659397672
2775171025448
1675407821332
2774919449108
1417709783572
2770961254952
1396302234900
2495813862676
1671180141844
2770691769620
1675659741476
2775171369252
1400513399076
2500025026852
1675391306020
2774902933796
1400531158564
2500042786340
1675409065508
2774920693284
1417711027748
2517222655524
1692588934692
2792100562468
2792418067736
1418028533016
2517540160792
1413733565720
2513245193496
1688611472664
1417761408292
2517273036068
1692639315236
2792150943012
2517541406228
1692907685396
2792419313172
2787787835688
1400513399080
1688562402596
2788074030372
2500025026856
1675391306024
2500092856596
1675391239460
2774902867236
1671431603732
2770943231508
2770877172248
1413667506712
1418029599016
1675407821336
2774919449112
1417709783576
2517221411352
1692587690520
2792099318296
1675744675368
1688277255444
2787788883220
1400781572632
2500293200408
1675659479576
2792149584424
1400866425108
1418046294292
2517557922068
1692924201236
2792435829012
1671449364756
2770960992532
1413667506728
2513179134504
1688545413672
2788057041448
2517540095272
1417961703956
2517473331732
1675676437032
2775188064808
1688276911384
2787788539160
1413751342628
2513262970404
1688629249572
2788140877348
1418046309924
2517557937700
1396218414372
2495730042148
1671096321316
2770607949092
1413398283556
2512909911332
1688276190500
2787787818276
1400513381668
1396219479320
2495731107096
1671097386264
2770609014040
1413399348504
2512910976280
1688277255448
2787788883224
1413734631716
1418029599012
2517541226788
1692907505956
2792419133732
1396554762532
1413684282664
2513195910440
1688562189608
2788073817384
1413733778728
2513245406504
1688611685672
1688562469160
2770960221476
2770960270868
2792149584420
1413465082404
2512976710180
1688342989348
2787854617124
1417760049700
1396285213220
2495796840996
1671163120164
2770674747940
1692924201240
2792435829016
1688629233944
2788140861720
1396571457816
2496083085592
1671449364760
2770960992536
1413751327000
2513262954776
1396218087956
2495729715732
1671095994900
2770607622676
1413397957140
2512909584916
1688275864084
2787787491860
1413398235428
2512909863204
1688276142372
1413734630676
2513246258452
1688612537620
2788124165396
1418029597972
2517541225748
1692907504916
2792419132692
1692570831384
2792082459160
1396486523416
1692639266344
1400849730068
2500361357844
1675727637012
2775239264788
1400781833764
1396303283736
2495814911512
1671181190680
2770692818456
1671163119124
2770674746900
1413465081364
2512976709140
1688342988308
2787854616084
1400580179476
2500091807252
1418029779496
2517541407272
1417777089064
2517288716840
1692654996008
2792166623784
1400865655060
2500377282836
1675743562004
2775255189780
1396570687764
2496082315540
1413684546088
2513196173864
1688562453032
2788074080808
1396554762536
2496066390312
1671432669480
2770944297256
1400849729832
2500361357608
2792350894628
1675659397668
2775171025444
1396218087972
2495729715748
1671095994916
2770607622692
1400580180520
2500091808296
1675458087464
2774969715240
1417760049704
2517271677480
1692637956648
1396553696548
2496065324324
1671431603492
2770943231268
2512994780708
1688361059876
2787872687652
1418046555684
2517558183460
1692924462628
1413397957160
2512909584936
1418029597976
1396303283752
2495814911528
1671181190696
2792418019608
1675458086424
2774969714200
1688545412632
2788057040408
1692637955608
2792149583384
1400581276964
2500092904740
1675459183908
2774970811684
1675409049892
2774920677668
2775172139556
1413667506724
2513179134500
2792100546852
1396487637540
2495999265316
1400798529048
2500310156824
1675676435992
2774919449124
1417709783588
2517221411364
1692587690532
2792099318308
1396570687768
2496082315544
1671448594712
2770960222488
1418045326888
2517556954664
1400865441300
2500377069076
1675743348244
2775254976020
1418045310484
2517556938260
1692923217428
1396570474004
2496082101780
1671448380948
1396553696552
2496065324328
1671431603496
2770943231272
2513245193512
1688611472680
2788123100456
1413667505684
2513179133460
2792352007700
1688545412628
1400531141908
1692840379924
2788057040404
1396302038552
2495813666328
1413481907736
2512993535512
2787804349972
1400529913364
2500041541140
1675407820308
2774919448084
1692587689492
2792099317268
2517474101796
1692588673576
2792100301352
2788057254440
1396503562772
2496015190548
1671381469716
2770893097492
1413683431956
2513195059732
1688561338900
2788072966676
1400798530068
2500310157844
1396504627748
2496016255524
1671382534692
2770894162468
1671432603924
1413734566164
2513246193940
1688612473108
2788124100884
2495999265320
1671365544488
1418046637336
2775172090136
2774920431896
1675459135768
2774970763544
1396219152664
2495730780440
1671097059608
2770608687384
1400529914408
2500041542184
2770944231716
1396554696996
2496066324772
1671432603940
1418045310500
2517556938276
1692923217444
2792434845220
2496082101796
1671448380964
2770960008740
1396302038568
2495813666344
1671179945512
2770691573288
1413481907752
2512993535528
1688359814696
2787871442472
1418028746020
2517540373796
1692906652964
2792418280740
1418028795412
2517540423188
1413667505688
2513179133464
1413751327012
2513262954788
1675407820312
2774919448088
1400781834788
2500293462564
1400866686484
2500378314260
1396487570708
2495999198484
1671365477652
2770877105428
1400782538004
2500294165780
1396553696792
2496065324568
1671431603736
2770943231512
1396503562776
2496015190552
1400782538008
2500294165784
1675660444952
2775172072728
1396219135256
1675744331028
2775255958804
1396571456788
2496083084564
1671449363732
1396487570724
2495999198500
1671365477668
2770877105444
1413667439908
2513179067684
1688545346852
2788056974628
1400782538020
1417962407204
1417760033044
2517271660820
1413465065748
2512976693524
1688342972692
2787854600468
1692637939988
1400848665124
2500360292900
1675727555112
2775239182888
1671164480020
2770676107796
1413466442260
2512978070036
1688344349204
2787855976980
1417761409556
2517273037332
2770608669992
2774903637288
1417693971752
2788124165412
1396554761508
2496066389284
1671432668452
2770944296228
1413734630692
2513246258468
1688612537636
1418029597988
2517541225764
1400580162836
2500091790612
1675458069780
2774969697556
1396285212196
2495796839972
1413465081380
2512976709156
1688342988324
2787854616100
1417760048676
2517271676452
1692637955620
2792149583396
2788140860696
2775255958808
1396571456792
2496083084568
1671449363736
2770960991512
1418046293272
2517557921048
1417979201816
2517490829592
1692857108760
2792368736536
1418028533032
2517540160808
2770876401176
1396570687780
2496082315556
1671448594724
2770960222500
1400865655076
2500377282852
1413667718680
2513179346456
1688545625624
2788057253400
1692907505960
1413683497492
1400866424104
2500378051880
1675744331048
2775255958824
1396504626708
1396235192856
2495746820632
1671113099800
2770624727576
1413415062040
2512926689816
1688292968984
2787804596760
1400530160152
2500041787928
1400580163864
1417961359892
2517472987668
1692839266836
1417761098260
1400799332884
2500310960660
1675677239828
2775188867604
1400598006292
2500109634068
1675475913236
2774987541012
1413734566420
1396219152920
2495730780696
1671097059864
1413399022104
2512910649880
1688276929048
2787788556824
1675459447320
2774971075096
1417761409560
2517273037336
1692639316504
2792150944280
1413751343652
2513262971428
1400849664548
2500361292324
1675727571492
2775239199268
1400849728808
2500361356584
1400849730072
2500361357848
1675727637016
2775239264792
2517541422612
2500091807272
1675458086440
2774969714216
1417760048680
2517271676456
1692637955624
2792149583400
1417962687012
2517474314788
1692840593956
2792352221732
1418028796456
2517540424232
1692906703400
2792418331176
1396286522904
1400798595620
2500310223396
1675676502564
2775188130340
1396570687784
2496082315560
1671448594728
2770960222504
2775189129748
1396504627732
1692587673876
2792099301652
2770624465172
1413414799636
2512926427412
1688292706580
2787804334356
1413684496916
1396235192872
2495746820648
1671113099816
2770624727592
1413415062056
2512926689832
1688292969000
1400531141924
2500042769700
1400782603812
2500294231588
1675660510756
2775172138532
1675409048868
2774920676644
1396487636516
2495999264292
2517288700200
2500093102356
1675459381524
2774971009300
1400581474580
1400849910036
2500361537812
1675407820324
2774919448100
1692587689508
2792099317284
1396570686744
2496082314520
1671448593688
2770960221464
1692639266340
2792150894116
2513246455332
1688612734500
2788124362276
2517491140116
1692857419284
2792369047060
1418045572392
1671432849688
1675727816984
2775239444760
2770944477464
1671112787220
2770624414996
1396286522920
1671164429864
1413466392104
2512978019880
1688344299048
2787855926824
2775254927640
1400848614692
1417978399268
2517490027044
1396503562788
2496015190564
1671381469732
2770893097508
1413683431972
2513195059748
1688561338916
2788072966692
1688292656408
2787804284184
1413683184920
2513194812696
1688561091864
2788072719640
1417978152216
1675727554072
2775239181848
2770893899048
1417978399252
2517490027028
1692856306196
2792367933972
1413751327016
2513262954792
1688629233960
2788140861736
1675392010772
2774903638548
1400849910052
2500361537828
1675727816996
2775239444772
1396503561748
2792367932948
1400798529044
2500310156820
1675676435988
2775188063764
1417978398228
2517490026004
1692856305172
2496015189524
1675744676376
2775256304152
1413465146900
1688343053844
1400580245012
2500091872788
1675409048872
2774920676648
1417711011112
2517222638888
1413667505704
1396286507304
2495798135080
1671164414248
1688344283432
2787855911208
1675407754532
2774919382308
1400529913384
2500041541160
1675407820328
2774919448104
1417962474024
2517474101800
1692840380968
2792352008744
1417709783592
2517221411368
1692587690536
2792099318312
1396303038996
1400866441748
1413482908180
2512994535956
1671163184664
1400781818132
2500293445908
1675659725076
2775171352852
1417961687316
2517473315092
1692839594260
2792351222036
1671164168468
2770675796244
1413466130708
2512977758484
1688344037652
2787855665428
1692639004948
2517272725780
1400581228820
2792150632724
1400598006296
2500109634072
1413683431976
2513195059752
1688561338920
1400798530088
2500310157864
2496016255528
1413483218196
2512994845972
1688361125140
1671382534696
2770894162472
1413751325988
2513262953764
1692856321320
1692839609892
2792351237668
1417760098580
2517271726356
1692638005524
2792149633300
1396285262100
2495796889876
1671163169044
2770674796820
1400580245028
1675726587428
1396553713188
2496065340964
1396503561752
2496015189528
1671381468696
2770893096472
1688294016276
1396285262104
2495796889880
1671163169048
2770674796824
1692906440984
1418028795416
2517540423192
1692906702360
2792418330136
2513195140392
1688561419560
2788073047336
1396303039012
2495814666788
1671180945956
2770692573732
1400598006308
2500109634084
1675475913252
2774987541028
1396285277736
2495796905512
1671163184680
1671163103524
2770674731300
1400580163876
2500091791652
1675458070820
2774969698596
1396285196580
2495796824356
2770894210328
1675677549848
2775189177624
1413684544792
2513196172568
1417711076632
2517222704408
1692588983576
2495798200868
1671164480036
2770676107812
1400581540388
2500093168164
1413666720024
2513178347800
2788056254744
1417761098008
2517272725784
1692639004952
2792150632728
1396286261528
2495797889304
1688611424548
2788123052324
2500042770964
1675409050132
2774920677908
1396571456808
2496083084584
2792418068772
1396504626452
2496016254228
1671382533396
2770894161172
1400799593752
2500311221528
1675677500696
2788141139224
1396286522648
1400514381080
2500026008856
1675392288024
1671164478996
2770676106772
1413466441236
2512978069012
1688344348180
2787855975956
1400581539348
2500093167124
1418046571812
2517558199588
1692924478756
1417979512100
2517491139876
1692857419044
2792369046820
1417711076644
2517222704420
1692588983588
1400514381096
2500026008872
1396236240168
2495747867944
1671114147112
2770625774888
1413416109352
2512927737128
1688294016296
2787805644072
1400530962708
2500042590484
1396235995412
1400580163880
2500091791656
1675458070824
2774969698600
1417760033064
2517271660840
1692637940008
1396219136532
2495730764308
1671097043476
1413399005716
2512910633492
1688276912660
2787788540436
1400514103828
2500025731604
1692588918040
2792100545816
1413466442280
2512978070056
1688344349224
1413482121492
2512993749268
1688360028436
2787871656212
2792166623508
1417777088788
1400865654052
2500377281828
1675743560996
2775255188772
1396570686756
2496082314532
1671448593700
2517472987432
1400580162840
2500091790616
1396302252312
2495813880088
1671180159256
2770691787032
1413482121496
2512993749272
1688360028440
2787871656216
1400597219608
2500108847384
2775239247396
1417961440548
2517473068324
1692839347492
2792350975268
1417978218776
2517489846552
1692856125720
2792367753496
1675458069784
2774969697560
1413465064728
2512976692504
2788141204772
1671112837412
2770624465188
1413414799652
2512926427428
1688292706596
2787804334372
1400529897764
2500041525540
2770944493096
2500377068840
1675743348008
2775254975784
1671382533656
2770894161432
1692839610900
2792351238676
1400781834772
2500293462548
1675659741716
2775171369492
1675408869656
2774920497432
1417710831896
1688360028452
2787871656228
1675743562020
2775255189796
1417777088804
2517288716580
1413750606356
2513262234132
1688628513300
2788140141076
1671096338968
2770607966744
1413398301208
2512909928984
1688276208152
2787787835928
1400513399320
2500025027096
1675391306264
2774902934040
1675407804708
2774919432484
1396302252328
2495813880104
1675408787752
1396570686760
2496082314536
1671448593704
2770960221480
2517491090964
1692857370132
2792368997908
1396234929428
2495746557204
1671112836372
2770624464148
2496016254484
1671382533652
2770894161428
1417961703972
2517473331748
1692839610916
2792351238692
1400782883092
2500294510868
1675660790036
2775172417812
1417962752276
2500378395944
2775171369508
1675659741732
1413398301220
2512909928996
1688276208164
1396504627752
1396218366484
2495729994260
1671096273428
2770607901204
1413398235668
2512909863444
1688276142612
2787787770388
1413733516564
1688344085784
2787855713560
2500108829976
1413683430948
2513195058724
1688561337892
1400798529060
2500310156836
1675676436004
1417761408296
2496083363348
1671449642516
2770961270292
1675392288276
2774903916052
1417694250516
2517205878292
1692572157460
2792083785236
1418029794836
1671097320984
2770608948760
1400514381336
1418029778456
1417709765912
2517221393688
1692587672856
2792099300632
1417979462952
2517491090728
1692857369896
1396504626724
2496016254500
1671382533668
2770894161444
1396303300132
2495814927908
1671097321000
2770608948776
2787788817960
1400514381352
2500026009128
2517272725796
1692639004964
2792150632740
1400581228836
2500092856612
1675459135780
1417978399256
2517490027032
1692856306200
2792367933976
2788139878696
1671181207844
2770692835620
1688344036628
2792150631700
2500092855572
2787855664404
1692639003924
2774970762516
1417761096980
2517272724756
2512977757460
1413466129684
1396503561768
2496015189544
1671381468712
2770893096488
1400798529064
2500310156840
1396553648660
2496065276436
1413733517844
2788123052564
1400848615956
2500360243732
1400799382056
1671432669732
2770944297508
2500311009832
1675677289000
2775188916776
2500360505896
2775238412840
1675459135784
2774970763560
1417761098024
2517272725800
1692639004968
2792150632744
1400529896724
2500041524500
1675407803668
2774919431444
1417760032036
2517271659812
1692637938980
2792149566756
1396285195556
2495796823332
1671163102500
1396286260500
2495797888276
2770674730276
1671164167444
2770675795220
1413466441252
2512978069028
1688344348196
2787855975972
1417761408548
2517273036324
1692639315492
2792150943268
1396286572068
2495798199844
2517473314072
1692839593240
2792351221016
1688344036632
2787855664408
1417761096984
2517272724760
1692639003928
2792150631704
1396286260504
2495797888280
1671164167448
2770675795224
1692839609876
2792351237652
1417962685976
2517474313752
1692840592920
2792352220696
1692924545320
2495747623204
1671113902372
2770625530148
1413415864612
2512927492388
1688293771556
2787805399332
1400530962724
2500042590500
1675408869668
1400799594004
2500311221780
1675677500948
1400782882068
2500294509844
1675660789012
2775172416788
1413399005732
1396553648664
2496065276440
1671431555608
2770943183384
1413733567000
2513245194776
1688611473944
2788123101720
1400530110756
2500041738532
2512927491348
1688293770516
2787805398292
2774920496404
1417710830868
2517222458644
1692588737812
2792100365588
2770676058644
1400580162856
2500091790632
1675458069800
2774969697576
1417760032040
2517271659816
1692637938984
2792149566760
1675459446312
1417761408552
2517273036328
1692639315496
2792150943272
1417979447572
2517491075348
1692857354516
2792368982292
2513196108052
1688562387220
2788074014996
1400799578388
2500311206164
1675660789028
2775172416804
1413683251732
2513194879508
1688561158676
2788072786452
1396503382548
2496015010324
1400782555688
2500294183464
1675660462632
2775172090408
1675408869672
2774920497448
1417710831912
2517222459688
1692588738856
2792100366632
2512977036564
1688343315732
2787854943508
2792099562776
1688344298776
2787855926552
1675392010792
2774903638568
2770692834580
1413684495908
1396234929444
2495746557220
1671112836388
2770624464164
1400529896740
2500041524516
2792149567764
1675408868632
2774920496408
1417710830872
2517222458648
1692588737816
2792100365592
1417961440552
2517473068328
1692839347496
2792350975272
1413751670056
2513263297832
1688629577000
2788141204776
1417962752292
2517474380068
1692840659236
2792352287012
1396487915812
2495999543588
1671365822756
2770877450532
1675726768424
1396554761748
2496066389524
1671432668692
2770944296468
2775188915736
2787787770404
1400513333796
2500024961572
1675391240740
2774902868516
1417693202980
2517204830756
1692857354520
2792368982296
2500311206168
1417979447576
2517491075352
2792434845988
1692639316500
2792150944276
2513194879512
1675408869652
2774920497428
1417710831892
2495747623188
1671113902356
2770625530132
2513196124692
1688562403860
2788074031636
1413733828132
1417962751252
2517474379028
1692840658196
2792352285972
1400513333780
2500024961556
1400530962712
2500042590488
1675391239700
2774902867476
1417693201940
2517204829716
1692571108884
2792082736660
2792418002216
1400799595048
2500311222824
1675677501992
2775189129768
1400799398180
2500311025956
1675677305124
2775188932900
1417710831908
2517222459684
1417979267364
2517490895140
1688611423512
1692839593252
2792351221028
2774970762532
1417761096996
2517272724772
1692639003940
2792150631716
1396286260516
2495797888292
1671164167460
2770675795236
1413466129700
1671113902376
2770625530152
1400530962728
2500042590504
1417777072404
2517288700180
1692654979348
2792166607124
1400782538260
2500294166036
1675660445204
2775172072980
1417962407444
2517474035220
1692840314388
2792351942164
1692907504932
2792419132708
1413734893080
1417693971992
2517205599768
1692571878936
2792083506712
1413733517860
2513245145636
1688611424804
2788123052580
1418028485156
2517540112932
1692906392100
2792418019876
1400782554648
2500294182424
1675660461592
2775172089368
1418028534292
1418029517336
2517541145112
1692907424280
2792419052056
1413684234536
2513195862312
1688562141480
2788073769256
1413667505700
2513179133476
1688545412644
2788057040420
2517473248808
1692839527976
2792351155752
1418028484116
2517540111892
1692906391060
2792418018836
1671431554580
1413733516820
2775188063780
2517474035236
1692840314404
1413667440164
2792351942180
1400782538276
2500294166052
1675459134760
2774970762536
1417761097000
2517272724776
1692639003944
2792150631720
2500025730600
1675392009768
1417693972008
2517205599784
1692571878952
1396487570984
2495999198760
1671365477928
1396553648680
2496065276456
1671431555624
2770943183400
1400848615976
2500360243752
1692924200216
2792435827992
1396285277460
2495796905236
1671163184404
2770674812180
2500042589476
1675408868644
2774920496420
1417710830884
2517222458660
1692588737828
2792100365604
2500377086248
1413399004708
2512910632484
1688276911652
2787788539428
1400514102820
2500025730596
2770943182360
1413733516824
2513245144600
2500360242712
1400799578404
2500311206180
1675677485348
2775189113124
1413684480292
2513196108068
2788074015012
1396504611108
2496016238884
2788072786468
2517489846820
1692856125988
1417760098600
1692839527700
2792351155476
1675659658516
2775171286292
1417961620756
2517473248532
1413666653460
2513178281236
1400799594008
2500311221784
1675677500952
2775189128728
2770961073448
2792435058980
1400781751576
2500293379352
1396218348824
2792419313188
2775189112084
1396504610068
1413684479252
2513196107028
1688562386196
2788074013972
1675659725092
2775171352868
1400782801192
2500294428968
1675660708136
1396235995428
2775172335912
1396503381524
2496015009300
2770892916244
1413683250708
2513194878484
1688561157652
2788072785428
1675408868648
2774920496424
1417710830888
2517222458664
1692588737832
2792100365608
1400513316132
2500024943908
1675391223076
2774902850852
1417693185316
2787855927572
2770608949524
1413399283988
2512910911764
2770607884564
2792082721044
1400513317140
2500024944916
1675391224084
2774902851860
1400781572648
2500293200424
1675659479592
2775171107368
2495798135316
1671164414484
1418029779476
2517541407252
1692907686420
1400798349864
2500309977640
2770961336872
2500026009892
1675392289060
2774903916836
1675391223080
1400782882084
2500294509860
1396286507544
1413466376728
1688292656660
2787804284436
1400513332772
2500024960548
1692857353496
2792368981272
1396234880536
2495746508312
1671112787480
2770624415256
1413414749720
2512926377496
1688292656664
2787804284440
1400529847832
2500041475608
2500361538084
1675727817252
1396218349848
2495729977624
1396303088152
2495814715928
1671180995096
2770692622872
1413482957336
2512994585112
1688360864280
2787872492056
1692587623972
2792099251748
1413683169560
2513194797336
1688561076504
2788072704280
1417709701400
2517221329176
1396503300376
1413667783976
2513179411752
1688545690920
2788057318696
1396234880552
2495746508328
1671112787496
2770624415272
1413414749736
2512926377512
1688292656680
2787804284456
1400529847848
2500041475624
1671431538964
2770943166740
1413733501204
2513245128980
1688611408148
2788123035924
1400848599316
2500360227092
1675726506260
2775238134036
1400597285396
2500108913172
1675475192340
2774986820116
1396302318100
2495813945876
1671180225044
2770691852820
1413482187284
1675458136596
2774969764372
1396285262356
2495796890132
2517221329188
1692587608356
2792099236132
1675459134740
1400799643156
2500311270932
1675677550100
1396285262360
2770674797080
1413465131544
2496065275428
1671431554596
2770943182372
1400848614948
2500360242724
1675726521892
2775238149668
1396234864936
2495746492712
1671112771880
2770624399656
1400529832232
2500041460008
1671114147352
2770625775128
1413416109592
2512927737368
1688294016536
2787805644312
2517288700184
1692654979352
2787787507992
1413683430932
2513195058708
1688561337876
2788072965652
2770608670228
2775171106328
1400848599320
2500360227096
1675726506264
1396553632024
2496065259800
1671431538968
2770943166744
1675726572068
1400531159572
2500042787348
1396219415064
2495731042840
1400514382360
2500026010136
1396555008536
2496066636312
1671432915480
2770944543256
1413734877720
2513246505496
1417962424852
2517474052628
1692840331796
2792351959572
1418028484904
1396571736612
2496083364388
1671449643556
2770961271332
1671114099236
2770625727012
1417979512356
1413416109604
2512927737380
1396285262376
2495796890152
1671163169320
2770674797096
1413465131560
1396219415080
2495731042856
2770608949800
1688545412648
2788057040424
1400581491220
1675744332312
2775255960088
1396236240424
1675676436008
2775188063784
2495747868200
1671114147368
2770625775144
1413416109608
1671431554600
2770943182376
1396302252564
2495813880340
1671180159508
2770691787284
1413482121748
2512993749524
1688360028692
2787871656468
2770892900628
1675392289044
1396302252568
2495813880344
1671180159512
2770691787288
1413482121752
2512993749528
1688360028696
2787871656472
1400597219864
2500108847640
1675677484324
2775189112100
2792166607144
1418046637352
2517558265128
1692924544296
2496082315812
1671448594980
2770960222756
1413482121764
1396218349860
2495729977636
1671096256804
2770607884580
1413398219044
2512909846820
1688276125988
2787787753764
1400513317156
2500024944932
2775239263764
1400798610968
2500310238744
2792367737112
1400798333208
2500309960984
1692856109336
1396503365912
1675676240152
2775187867928
1418045573656
2517557201432
1692923480600
2792435108376
1418029778472
2517541406248
1413666474520
2513178102296
1688544381464
2788056009240
1692907685416
2792419313192
1413398218004
2512909845780
1688276124948
2787787752724
1400513316116
2500024943892
1675727619348
2775239247124
2774970811668
1413733500180
2513245127956
1688611407124
2788123034900
1396553630996
2496065258772
1671431537940
2770943165716
1400848598292
2513261905176
1688628184344
1671095993624
2770607621400
1413397955864
2512909583640
1688275862808
1413397955876
2512909583652
1688275862820
2787787490596
1400513053988
2500024681764
1675390960932
1413397955880
2512909583656
1688275862824
2787787490600
2500024681768
1675390960936
2774902588712
2500309961000
1417711011108
1413483170068
2517222638884
2512994797844
1688361077012
2787872704788
1688629232932
2788140860708
2495729976600
1671096255768
2770607883544
1400513316120
2500024943896
1418028468516
2517540096292
1692906375460
2792418003236
1400848599332
2500360227108
1675726506276
1418029860376
2517541488152
1692907767320
2495814714904
1413482956312
2512994584088
1688360863256
2787872491032
2517541472804
1692907751972
2792419379748
1688612521252
2788124149028
1418029581604
2517541209380
1692907488548
1692655061540
1396302318116
1400597285412
2500108913188
1675475192356
1675744659992
2517541161240
1688612473112
1396554696984
2496066324760
1671432603928
1396286309672
2495797937448
1671164216616
2770675844392
1413466178856
2512977806632
1688344085800
2787855713576
2792149911848
1417979251224
2517490879000
1692857158168
2792368785944
1675726505236
2775238133012
1675659413780
2775171041556
1417961376020
2788055943444
2770607638804
2512909601044
1417777153556
2517288781332
1692655060500
2792166688276
1675475191316
2774986819092
1413483169044
2512994796820
1688361075988
2787872703764
2788055943448
1400799398164
2500311025940
1675677305108
2775188932884
2787872703768
1417778136344
2517289764120
1692656043288
2792167671064
1396553632040
2496065259816
1671431538984
2770943166760
1413733501224
2792351943188
1688360027428
1400849730088
2500361357864
1675727637032
2775239264808
2770944543272
1413734877736
2513246505512
1688612784680
2788124412456
2792099252756
1396234881556
2495746509332
1671112788500
2770624416276
1413414750740
2512926378516
1688292657684
2787804285460
2500108913192
1675475192360
2774986820136
1417777154600
2517288782376
1692655061544
2792166689320
1413666408740
2513178036516
1688544315684
2788055943460
1413397973284
2512909601060
1418028467480
2517540095256
1400848598296
2500360226072
1688611407128
1692906374424
1675726505240
2775238133016
2792418002200
1688277255700
2787788883476
1675660789268
2775172417044
2517474379284
1396555007512
2496066635288
1671432914456
2770944542232
1413734876696
2513246504472
1688612783640
2788124411416
1396303299876
2495814927652
1671181206820
2770692834596
1675744609572
2512994584856
1688360864024
2787872491800
1692570847528
2792082475304
1413683235108
2513194862884
1688561142052
2788072769828
2517489830180
1692856109348
2792367737124
2770892900644
1671180224024
2770691851800
1675392353816
2774903981592
1692572223000
2792083850776
1396487915032
2495999542808
1671365821976
2770877449752
1671097321764
2770608949540
2512910911780
1688277190948
2787788818724
1400514382116
1396303299880
2495814927656
1671181206824
2770692834600
1413483169064
2512994796840
1688361076008
2787872703784
1400598267176
2500109894952
2775256040744
1396504430872
2496016058648
1671382337816
2770893965592
1413684300056
2513195927832
1688562207000
2788073834776
1413667441176
2513179068952
1688545348120
2788056975896
1400782539288
2500294167064
1675660446232
2775172074008
1417760032276
2517271660052
1692637939220
2792149566996
2517491140132
1692840331800
2792351959576
1413397956120
2512909583896
1688275863064
2787787490840
2500024682008
1675390961176
2774902588952
1417692923416
2517204551192
1675407755800
2774919383576
2792099252760
1417776809508
2517288437284
1692654716452
2792166344228
1675743299880
2512910960916
1688277240084
2787788867860
1671097370900
2770608998676
1413397956136
1396219413780
2495731041556
1671097320724
2770608948500
1400514381076
2500026008852
1675727554088
2775239181864
1671097386532
1675660789284
2775172417060
2770609014308
1688277255716
2787788883492
2770893948456
1671097370904
2770608998680
1692572207384
2792083835160
2517556954388
1692923233556
2792434861332
1692856306212
2792367933988
1675392353832
2774903981608
1692572223016
2792083850792
2775256302888
1417776891160
2517288518936
1692654798104
2792166425880
1688628266264
2788139894040
1413750359320
2495998429716
1671364708884
2770876336660
1417961638420
2517473266196
1692839545364
2792351173140
1400866769448
2500378397224
1675744676392
2775256304168
2774987801880
2517204813092
1692571092260
2792082720036
2775172401444
1417962735908
1692907685400
1417978201368
2517489829144
1692856108312
2792367736088
1413750359332
2513261987108
1688628266276
2788139894052
1413734566180
2513246193956
1688612473124
2788124100900
1692840593704
2788073752104
1413481923880
2512993551656
1688359830824
2787871458600
1396235995672
1400530962968
2500042590744
2787871639844
1400781769240
2500293397016
1675659676184
2775171303960
1417961638424
2517473266200
1417979464216
2517491091992
1692857371160
2792368998936
1413751408936
2513263036712
2788140943656
1418028795432
2517540423208
1692906702376
2792418330152
1400849663252
2500361291028
2513246192916
1688612472084
2788124099860
1400580245800
2500091873576
1675458152744
2774969780520
2774902850856
1417777923624
1400799398436
1396235995684
2495747623460
2770625530404
1413415864868
1400597268756
2500108896532
1675475175700
2774986803476
1417777137940
2517288765716
1396554697000
2496066324776
1671432603944
2770944231720
1413734566184
2513246193960
1688612473128
1396235995688
2495747623464
1671113902632
2770625530408
1413415864872
2512927492648
1688293771816
2787805399592
1400530962984
2500042590760
1413465064724
2512976692500
1688611407140
1400848598308
2500360226084
1675726505252
2775238133028
2788123034916
2513246504484
1688612783652
2788124411428
1400849974820
2500361602596
1413482186276
2512993814052
1688360093220
2787871720996
1417777153572
2517288781348
1692655060516
2792166688292
1400849663256
1688360093972
2787871721748
1692588918056
2792100545832
1692857174308
2792368802084
1688545348132
1692840315428
2792351943204
1400782539300
1675744675352
2775256303128
1671112788516
2770624416292
1688292657700
2787804285476
1400597268760
2500108896536
1675475175704
2774986803480
2517288765720
1692655044888
1692587952404
1688343235092
2787854862868
1692572224024
2792083851800
1417962473000
2517474100776
1692840379944
2792352007720
1400597285160
2500108912936
1396553631016
1396235208984
2495746836760
1671113115928
2770624743704
1413415078168
2512926705944
1688292985112
2787804612888
1400530176280
2500041804056
1413667440148
2513179067924
1688545347092
2788056974868
1396555007528
2496066635304
2770944542248
1413734876712
2513246504488
1688612783656
2788124411432
1400849974824
2500361602600
1396234880532
2495746508308
1671112787476
2770624415252
1413414749716
2512926377492
1675475191336
2774986819112
1417693006100
2517204633876
1692570913044
2792082540820
1400782539304
1396503644452
2496015272228
1671381551396
2770893179172
2770624416296
1400529848872
2500041476648
1675407755816
2774919383592
1692906636584
2792100284712
2500091872536
2495731041572
1671097320740
2770608948516
2517205878052
1692572157220
2792083784996
1413415078184
2512926705960
1688292985128
2787804612904
1400530176296
2500041804072
1417979266328
2517490894104
1692571092500
2792082720276
1400781751828
2500293379604
1675659658772
2775171286548
1417961621012
2517473248788
1671364691476
2770876319252
1417693201700
2517204829476
1692571108644
2792082736420
1413667440152
2513179067928
1688545347096
2788056974872
1675407754776
2774919382552
1417709717016
2517221344792
1675391223320
2774902851096
1396486784536
1400781556008
1417961441816
2517473069592
1396503364904
2496014992680
2775171302932
1396486800916
1692839544340
2792351172116
1675458415128
2774970042904
1675391223332
2774902851108
1417693185572
2517204813348
1692571092516
2792082720292
1396486784548
2495998412324
1671364691492
2770876319268
1417978399272
2517490027048
1692856306216
2792367933992
2500024944168
1675391223336
2774902851112
1396486784552
2512994863380
1688361142548
1396303366420
1671181273364
1413483235604
2770676042260
1675459381780
2774971009556
1400781769256
2500293397032
1400849663268
2792351172904
1400781768216
2500293395992
1675659675160
2775171302936
2517473265176
1413750605332
2513262233108
1688628512276
2788140140052
2787804269076
1400529832468
2500041460244
1396234865172
2495746492948
1671112772116
2770624399892
1413414734356
2512926362132
1688292641300
1396302301476
2495813929252
1400597268772
2500108896548
1675475175716
2774986803492
1675407803684
2774919431460
1396234865176
2495746492952
1671112772120
2770624399896
1675476240664
2774987868440
1417778202904
2517289830680
1692656109848
2792167737624
1417962685992
2517474313768
1396302300436
2495813928212
1671180207380
2770691835156
2500108895508
2774986802452
1400597267732
2787871704340
1688360076564
1413482169620
1396554695976
2496066323752
1671432602920
2770944230696
1675743610408
2775255238184
1396234865188
2495746492964
1671112772132
2770624399908
1413414734372
2512926362148
1688292641316
2787804269092
1396234864916
2495746492692
1671112771860
2770624399636
1413414734100
1417709701396
2517221329172
1692587608340
1396234865192
2495746492968
1671112772136
2770624399912
1396571458088
2496083085864
1671449365032
2770960992808
1413684299044
2513195926820
2775254993192
1675660445220
2775172072996
2512926361876
1688292641044
2787804268820
1413750278420
1413414734104
2512926361880
1688292641048
2787804268824
1675407739160
1400597267736
2500108895512
1675475174680
2774986802456
1417978398232
2517490026008
1692856305176
2792367932952
1413750342952
2513261970728
1688628249896
1418045245732
2517556873508
1396553632036
2496065259812
1671431538980
2770943166756
1413733501220
2513245128996
1688611408164
2788123035940
1688275863848
2787787491624
1400513055016
2500024682792
1675390961960
2774902589736
1417693006116
2517204633892
1400529832216
2500041459992
1692587608344
2792099236120
2774919366936
1396234864920
2495746492696
1671112771864
2770624399640
1675409115672
2774920743448
1417711077912
1400782883108
2500294510884
1396504429864
2496016057640
1671382336808
2770893964584
1400799381032
2500311008808
1675677287976
2775188915752
2500360504872
1675726784040
2775238411816
2770877105704
1400782538280
2500294166056
1675660445224
2775172073000
1675407754792
2774919382568
1417709717032
2517221344808
1692587623976
2792099251752
1396486785300
2495998413076
1671364692244
2770876320020
1413666654484
2513178282260
1400866490900
2775188064552
1692839544356
1400781768228
2500293396004
1417979249960
1418028746024
1417693005080
2517204632856
2500042507540
1417710748948
2517222376724
2770625447188
2788123100696
1692656109860
2792167737636
1400598333732
2500109961508
1675476240676
2774987868452
2496015975704
1396235912472
2495747540248
1671113819416
2770625447192
2517272971812
1692639250980
2792150878756
1400581474852
2500093102628
2770676042276
1400531142168
2500042769944
2792351156504
2500293380376
1692839528728
1675659659544
2775171287320
1413483234580
2512994862356
1688361141524
2787872769300
1400598332692
2500109960468
1400798349848
2500309977624
1675676256792
2775187884568
1400782554664
2500294182440
1675660461608
2775172089384
2792150877716
2775239247380
1418029581844
2517541209620
1692907488788
1400849712660
2500361340436
1396554745364
1400781768232
2500293396008
1396235912484
2495747540260
1671113819428
2770625447204
1413415781668
2512927409444
1688293688612
2787805316388
1418028468756
2517540096532
1692906375700
2792418003476
1400865376788
2500377004564
1692906441252
2792418069028
1413397957144
1400513055256
2500024683032
1675390962200
2774902589976
1417692924440
2517204552216
1396286309912
2495797937688
1671164216856
2770675844632
1413466179096
2512977806872
1688344086040
2787855713816
1671431539236
2770943167012
1413733501476
2513245129252
1688611408420
2788123036196
1417961359908
2517472987684
1692839266852
1396235912488
2495747540264
1688628529684
2788140157460
1671095994920
2770607622696
1413415799060
2512927426836
1688293706004
2787805333780
2517222394132
1400530897172
2500042524948
1400598333736
2500109961512
1675476240680
2774987868456
1417778202920
2517289830696
1692656109864
2792167737640
1413466376744
2512978004520
1688344283688
2787855911464
2792350976296
1688360076580
2787871704356
1400597267748
2500108895524
1417777136932
2517288764708
1692655043876
2792166671652
1675475174692
2774986802468
2517272774180
1692639053348
2792150681124
2517541209636
1417777154324
2517288782100
1417778201880
2517289829656
1692656108824
2792167736600
1400598332696
2500109960472
1418046293288
2517557921064
1692924200232
2792435828008
1396286309928
2495797937704
1671164216872
2770675844648
1413466179112
2512977806888
1688344086056
2787855713832
1413414734116
2512926361892
1688292641060
2787804268836
1400513332756
2500024960532
1417711077924
2517222705700
2770607639060
1413397973524
2512909601300
1688275880468
2787787508244
2792350910996
1400865720856
2500377348632
1400866702868
2500378330644
1675744609812
2775256237588
1692570847768
2792082475544
1396486539800
2495998167576
1671364446744
1692587607316
2792099235092
1400529831188
1400799594024
2500311221800
1675677500968
2775189128744
1396303300120
2495814927896
1671181207064
2770692834840
1413483169304
2512994797080
1688361076248
2787872704024
1400598267416
2500109895192
1675475174696
2774986802472
2513179347220
1688545626388
2788057254164
2770877384980
1675407739176
2774919366952
1417709701416
2517221329192
1692587608360
2792099236136
1675458397464
1400848925976
2500360553752
1675726832920
1417711077928
2517222705704
1692588984872
1671449642532
1692840314152
2788141123864
2774987786520
1413483153688
2512994781464
1396303300136
2495814927912
1671181207080
2770692834856
1413483169320
2512994797096
1688361076264
2787872704040
1400598267432
2500109895208
1688292640024
2787804267800
1400529831192
1692587607320
2792099235096
1417709700376
2517221328152
1413684233512
2513195861288
1688562140456
2788073768232
1692839528740
2792351156516
1417961621796
2517473249572
1417711076888
2517222704664
1692588983832
2792100611608
1418046360100
2517557987876
1692924267044
2792435894820
1400580490532
2500092118308
1675458397476
2774970025252
1413399333396
2512910961172
1688277240340
2787788868116
1396303284516
2495814912292
1418046638616
2517558266392
1692924545560
2792436173336
1675392338456
2774903966232
1418045326868
2517556954644
1688544560404
2788056188180
1396486784276
2495998412052
1671364691220
2770876318996
1396303284520
2495814912296
1671181191464
2770692819240
1413483153704
2512994781480
1688361060648
1413751391764
2513263019540
1688629298708
2788140926484
1396302054936
2495813682712
1671179961880
2770691589656
1688359831064
2787871458840
1400597022232
2500108650008
1692570912040
2770893112852
1417761409576
2517273037352
1692639316520
2792150944296
2513196124712
2788074031656
2774902850836
1417693185300
2517204813076
1692571092244
2792082720020
2770674992404
1396285457684
2495797085460
2495998413096
1671364692264
2770876320040
2775188063512
1417962736164
2517474363940
1400580229652
2500091857428
1675676435748
2775188063524
1396218348840
2495729976616
1413750343956
2513261971732
1688277240360
2787788868136
2775187867944
1413750359588
2513261987364
2512994862372
1688361141540
2787872769316
1400598332708
1417778201892
2517289829668
1692656108836
2792167736612
1413481908504
2512993536280
1675743349016
1671179946264
2517288503576
1396302054952
2495813682728
1675659658520
2775171286296
1692839527704
1417961620760
2517473248536
1671179961896
1396571522584
1400849713428
2500361341204
1675727620372
2775239248148
1688545363480
1413750622756
2513262250532
1688628529700
2788140157476
1396235929892
2495747557668
1671113836836
2770625464612
1413415799076
2512927426852
2792100301092
2770608686356
1413399020820
1417962423572
2517474051348
1692840330516
2792351958292
1396219151636
1417777072424
1413399020824
1688276927768
2787788555544
2512976759320
1413750621716
2513262249492
1688628528660
1396302039336
1396235928852
2495747556628
1671113835796
2770625463572
1413415798036
2512927425812
1688293704980
2787805332756
1400530896148
1400781571624
2500293199400
1675659478568
2775171106344
1675476239656
2774987867432
1417778201896
2517289829672
1692656108840
2792167736616
1400866425384
2500378053160
1675744332328
2775255960104
1400865720872
2500377348648
1675408804136
2774920431912
1417710766376
2517222394152
1692588673320
2792100301096
1413399020840
2512910648616
1688276927784
2787788555560
1400514118952
2500025746728
1688292640036
2787804267812
1400529831204
2500041458980
1675407738148
2792100611620
2512927425816
1688293704984
2787805332760
1417710765336
2517222393112
1413667719460
2513179347236
1688545626404
2788057254180
1417978481172
2517490108948
1692856388116
2792368015892
1413683513876
1413415078424
2787871639060
1396285457940
2495797085716
1671163364884
2770674992660
1413465327124
2512976954900
1688343234068
2787854861844
1400580425236
1671096256024
2770607883800
1396503317016
2496014944792
1671381223960
2770892851736
1417710749992
2517222377768
1692588656936
1692638201380
2792149829156
1396218349096
2495729976872
1671096256040
2770607883816
1400513316392
1400597203476
2500108831252
1675407738152
2774919365928
2512927737384
1688294016552
2787805644328
1400531207720
2500042835496
1675409114664
2774920742440
1417711076904
2517222704680
2792435108392
1396503644708
1671381551652
1413683513892
2513195141668
1688561420836
2788073048612
1396487850280
2495999478056
1671365757224
2770877385000
2788057254184
1400782817576
2500294445352
1396235209256
2495746837032
1671113116200
2770624743976
1413415078440
2770893900328
1396486784292
2495998412068
1671364691236
2770876319012
2513178281252
1688544560420
2788056188196
1400781751588
2500293379364
1692923479336
1413751391780
2513263019556
1688629298724
2788140926500
1675744396836
2775256024612
1418046359076
2517557986852
1688612735252
1400782816536
2500294444312
1675660723480
2775172351256
1417962685720
1692588738840
2792100366616
1396286523672
2495798151448
1671164430616
2770676058392
1413466392856
2512978020632
1688344299800
2787855927576
1400580229668
2500091857444
1675458136612
1413465131556
1675660511768
2775255173672
2788055926312
2787855927588
1671449429544
2517271725588
1692638004756
2792149632532
1396285261332
2495796889108
1671163168276
2770674796052
2770676058408
1413466392872
2512978020648
1688344299816
2787855927592
1417979251240
2517490879016
1692857158184
2792368785960
2770960271636
1688628513044
2788140140820
1413683513896
2513195141672
1688561420840
2788073048616
2512976759336
1688343038504
2787854666280
1675458136616
2774969764392
1396570752548
2496082380324
1671448659492
2770960287268
1400865719844
2500377347620
1413750621732
2513262249508
2770625463588
1413415798052
2512927425828
1688293704996
2787805332772
1675408803108
2774920430884
1400580245780
2500091873556
1413465147672
1418045572632
2517557200408
1692923479576
2792435107352
2770674796056
1413465130520
2512976758296
2787854665240
1400580228632
2500091856408
1400848614932
2500360242708
1417711093016
2517222720792
1692588999960
2792100627736
2495747884312
1671114163480
2770625791256
1413416125720
2512927753496
1688294032664
1396285278500
1400848681252
2500360309028
1675726588196
2775238215972
1413465147684
2512976775460
1688343054628
1400865719848
2500377347624
1675408803112
2774920430888
1417710765352
2517222393128
1692588672296
2792100300072
1396285278504
2495796906280
1671163185448
2770674813224
1413465147688
1417962424872
2517474052648
1692840331816
2792351959592
2513178102036
1688544381204
2788056008980
1400781572372
2500293200148
1675659479316
2775171107092
1396236256552
2495747884328
1671114163496
2770625791272
1413416125736
2512927753512
1688294032680
2787805660456
1400597989908
2500109617684
1675475896852
1688561093160
2788072720936
1396487849252
2495999477028
1671365756196
2770877383972
1413667718436
2513179346212
1688545625380
2517474380052
2792352286996
1692840659220
1396503315992
2496014943768
1671381222936
2770892850712
1413683185176
2513194812952
1400798283288
2500309911064
1692857107752
2792368735528
2517272003880
1417979250200
2517490877976
1692857157144
2792368784920
1418028746264
2517540374040
1675659462952
1692923169064
1675476174120
2774987801896
1400581294628
2500092922404
1675459201572
2500378396200
1413666474264
2513178102040
1688544381208
2788056008984
1400781572376
2500293200152
1675659479320
1417709766952
2517221394728
1400782816552
2500294444328
1675660723496
2775172351272
1671164233236
1688344102420
1417979464232
2517491092008
1692857371176
2792368998952
2788141205780
1396571801876
2496083429652
1671449708820
2770961336596
2792419314196
1400849910292
1675726522920
2775238150696
2517222376980
1692588656148
1396235912724
2495747540500
1671113819668
2770625447444
1413415781908
2512927409684
1688293688852
2775171090968
2770625447448
1400530880024
2500042507800
1396570736932
2496082364708
1671448643876
2770960271652
1413750606116
2513262233892
1417761162776
2517272790552
1692639069720
2792150697496
1400580507156
2500092134932
1400865391912
2500377019688
1675743298856
2775254926632
1396571801880
2496083429656
1671449708824
2770961336600
1413751671064
2513263298840
1688629578008
2788141205784
1400866769176
2500378396952
1413734812184
2513246439960
1688612719128
2788124346904
1675475126808
2774986754584
1417777089048
2517288716824
1692654995992
2792166623768
1396235912740
2495747540516
1671113819684
2770625447460
1400865703188
2500377330964
1396570735892
2496082363668
1400529848612
2500042508824
1675408787992
2774920415768
1396235912744
1671113819688
2770625447464
1413415781928
2512927409704
1400530880040
2500042507816
1400866768424
2770674796072
1688343037480
2787854665256
2774969763368
1400865704232
2500377332008
1417979513364
2517491141140
1692857420308
2792369048084
1396504676884
2496016304660
1671382583828
2770894211604
1400799644180
2500311271956
1413465146644
2512976774420
1413466129688
2512977757464
2787854862612
1688544561428
2788056189204
1400781752596
1396285458712
2495797086488
1671163365656
1417961621784
2517473249560
2774969960728
2775255255576
2792082721060
1396285458724
2495797086500
1671163365668
2770674993444
1413465327908
2512976955684
1688343234852
2787854862628
1417978397972
2517490025748
1692856304916
2792367932692
1396486605092
2495998232868
1671364512036
2770876139812
1413666474276
2513178102052
1688544381220
2788056008996
2513195058456
1688561337624
2788072965400
1417978397976
1417709962520
2517221590296
1417777859108
2517289486884
2792167393828
1400597989924
2500109617700
1675475896868
1675726521880
2775238149656
2496014928152
1396504676888
2496016304664
1671382583832
2770894211608
1413684546072
2513196173848
1688562453016
1400799644184
2500311271960
1413666473236
2513178101012
1688544380180
2788056007956
1417961440532
2517473068308
1400580490772
1396553958932
2496065586708
1671431865876
2770943493652
1396285523476
1396503316008
2496014943784
1413683185192
1417961441832
2517473069608
1400866687508
2500378315284
1675744594452
2775256222228
2513263299112
2788141206056
2495998232872
1671364512040
2770876139816
1413666474280
2513178102056
1688544381224
2788056009000
1400781572392
2500293200168
1675659479336
1396303284760
2495814912536
1671181191704
2770692819480
1413483153944
2512994781720
1688361060888
2787872688664
1400598252056
2500109879832
1692857156904
1692906652968
1396219462936
2495731090712
1671097369880
2770608997656
1400580490788
2500092118564
1675458397732
1692638266916
2792149894692
1418028795428
2517540423204
1692839347480
2792350975256
1413666473240
1396571801892
2496083429668
1671449708836
2770961336612
1413751671076
2513263298852
1688629578020
2788141205796
1675677501736
1396554943012
1418029779492
2517541407268
1692907686436
2792419314212
2496066570788
2775239509288
2512993749540
1688360028708
2787871656484
1396302252580
2495813880356
1671180159524
1396303284776
2495814912552
1671181191720
2770692819496
1413483153960
2512994781736
1688361060904
2787872688680
1400598252072
2500109879848
2512977807640
1688344086808
2787855714584
1692639054104
2792150681880
1396571800852
2496083428628
1671449707796
2770961335572
1413751670036
2513263297812
2496066373924
1671432653092
2770944280868
1400848861480
2500360489256
1400849909268
2500361537044
1675727816212
2775239443988
2787871655444
1417777088020
2517288715796
1413666654740
2513178282516
1688544561684
1400781752852
1400513317400
2500024945176
1413466195496
2512977823272
1688344102440
2787855730216
1417760295460
2517271923236
2792149910824
1396218350120
2495729977896
1413750344212
2513261971988
2512977037588
1688343316756
1413751671080
2513263298856
1688629578024
2788141205800
1671432849960
2770944477736
1413481908760
2512993536536
2787871443480
2792352204056
1396302252584
1413482121768
2512993749544
1688360028712
1400597219880
2500108847656
1396570735908
2496082363684
1671448642852
2770960270628
1688628512036
2788140139812
2792436172056
1396571800856
2496083428632
1671449707800
2770961335576
1400866768152
2775189129752
1396219151892
2495730779668
2512910648852
1396554941976
2496066569752
1671432848920
2770944476696
2500361537048
1417961440792
2517473068568
1692839347736
2792350975512
1675475125784
2774986753560
1417777088024
2517288715800
1675392026136
1675677238808
2775188866584
1396504365336
2496015993112
1671382272280
2770893900056
1413684234520
2513195862296
1688562141464
2788073769240
1396302039592
1418046294552
2517557922328
1692924201496
2792435829272
2512993814824
1688360093992
2787871721768
2792367932968
1413399005460
2512910633236
1688276912404
2787788540180
1413667440916
2513179068692
1688545347860
2788056975636
2775189177876
1396504675860
2770894210580
1413684545044
2513196172820
1688562451988
2788074079764
1400782539032
2500294166808
2788056975640
1413399005464
2512910633240
1417693972760
2517205600536
1675660445976
1671097058856
2770608686632
1413399021096
2512910648872
1688276928040
2787788555816
1400514119208
2500025746984
1396503300392
2496014928168
1671381207336
2770892835112
2788072704296
1396218415636
2495730043412
1671096322580
2770607950356
1671364511012
2770876138788
1413666473252
2513178101028
1688544380196
2788056007972
2500294166820
1675660445988
2775172073764
1400597988900
1417777858084
2517289485860
1692655765028
2792167392804
2770892834072
1675392010536
2774903638312
1417693972776
1396504675864
2496016303640
1671382582808
2770894210584
1413684545048
2513196172824
1688562451992
2788074079768
1400799643160
2500311270936
1400781767956
2500293395732
1675659674900
2775171302676
1396486800660
2495998428436
2495729992984
1671096272152
2774987590164
1400799578408
2500311206184
1675677485352
2775189113128
2787855713556
1396486604072
2495998231848
1671364511016
2770876138792
1413666473256
2513178101032
1688544380200
2788056007976
1400781571368
2500293199144
1396486800676
2495998428452
1671364707620
2770876335396
1400781767972
2500293395748
1400848665108
2517490042152
1675676256808
2775187884584
1396286523924
2495798151700
1671164430868
2500093118996
2500361554452
1675391239464
2774902867240
1396571800868
2496083428644
1671449707812
2770961335588
1413751670052
2513263297828
1688629576996
2792436156712
1675727816228
2775239444004
1418029778468
1413482120740
2512993748516
1688360027684
2787871655460
1417777088036
1675459183896
2792436172308
1413466178840
2512977806616
1396504610084
2496016237860
1671382517028
2770894144804
1413684479268
1400799577380
2500311205156
2512977037604
1688343316772
2787854944548
1396286523940
2495798151716
1417761360420
2517272988196
1413482105112
2787871639832
1675475110168
2774986737944
1417777072408
1396234881300
2495746509076
1671112788244
2495798151720
2513196123684
1688562402852
2788074030628
1413398218260
2512909846036
1688276125204
2787787752980
1400848598548
1396218086936
2495729714712
1671095993880
2770607621656
1396571800872
2496083428648
1400529848600
2500041476376
2770892851480
1675391239716
2774902867492
1396554941992
2496066569768
1671432848936
2770944476712
1400849909288
2500361537064
1675475125800
2774986753576
1417777088040
2517288715816
1692654994984
2792166622760
1396504365352
2496015993128
1671382272296
1688275880212
2787787507988
1692638020884
2792149648660
1413399349780
2512910977556
2788074096148
1396285278744
2495796906520
1671163185688
2770674813464
1413465147928
2770894210596
2513196172836
1688562452004
2788074079780
1396234881320
2495746509096
1671112788264
2770624416040
1413414750504
2512926378280
1688292657448
2787804285224
1400529848616
2500041476392
2496015992088
1396504364312
1396236256792
1675676255768
2775187883544
1396218415652
2495730043428
1671096322596
1400848681508
2500360309284
1675726588452
2775238216228
2517272005140
1692638284308
2792149912084
1400530880792
2500042508568
1396235913508
2495747541284
1671113820452
2770625448228
1413415782692
2512927410468
1417694317080
2517205944856
2792166607400
1692588984600
2792100612376
1671382583576
2770894211352
2517222705432
1396503299368
2496014927144
1671381206312
2770892834088
1413683168552
1396236256808
2495747884584
1675391288852
2774902916628
1396218414612
2495730042388
1418046638632
2517558266408
1692924545576
2792436173352
1413482105380
2512993733156
1688360012324
2787871640100
1396553632292
2496065260068
1396303300884
2495814928660
1396554762772
2496066390548
2770607950376
2512909912616
1688276191784
2787787819560
1400513382952
2500025010728
1675391289896
1413416110376
2512927738152
1688294017320
2787805645096
2512926688788
1688292967956
2787804595732
2787805578776
1396302235940
2495813863716
2775238199844
1418028534308
2517540162084
1671180142884
2770691770660
1413482105124
2512993732900
1688360012068
1675476175128
1417778137368
2517289765144
1692656044312
2792167672088
2500310223144
1675676502312
1688360011028
2787871638804
2787855729940
1418045326612
1400597203240
2500108831016
1675475110184
2774986737960
2495998231832
1396234945816
2495746573592
2792150697240
1396286326040
2495797953816
1671164232984
1417693005096
2517204632872
1671180141848
2770691769624
1413482104088
2512993731864
1688360011032
1675475109144
2774986736920
1400597202200
1418046637592
2512909862420
1688276141588
2787787769364
2517558265368
1400849728804
2500361356580
1675727635748
2775239263524
1396286326056
2495797953832
1671164233000
2770675860776
1413466195240
2512977823016
1688344102184
2787855729960
1418029844776
2517541472552
1692907751720
2792419379496
2792368802344
1675659675944
2775171303720
2496015992104
1671382271272
2792149830184
1413751327252
2513262955028
1688629234196
2788140861972
2792083851816
1692839331112
1688276190756
2787787818532
1417692939544
2517204567320
1396218103064
2495729730840
1671096010008
2770607637784
1692570846488
2792082474264
1418029599268
2517541227044
1692907506212
2792419133988
1396303300900
2495814928676
1396554762788
2496066390564
2775256303144
1396504348952
2496015976728
1671382255896
2770893883672
1400866425368
1671431620116
2770943247892
1417693005336
2517204633112
1417979202072
2517490829848
1692857109016
2792368736792
2788072965668
1417978398244
2517490026020
1692856305188
2792367932964
2495746754084
2775238215204
1418029598228
2517541226004
1692907505172
2792419132948
1675727635988
1400866424360
2500378052136
1413414995496
2512926623272
1688292902440
2787804530216
2770960221736
1675476175144
2774987802920
1417778137384
2517289765160
1692656044328
2792167672104
2770944297512
2770691769636
1413482104100
2500360291876
2512993731876
1688360011044
1675726571044
2775238198820
1675660790052
2775172417828
1417709765924
2517221393700
1692587672868
2792099300644
1396303299864
2495814927640
1671181206808
2770692834584
1413483169048
2512994796824
1688361075992
1400598267160
2500109894936
1675476174104
1417710748968
2517222376744
1692588655912
2792100283688
1675744413208
2775256040984
1396570688024
2496082315800
1671448594968
2770960222744
1413750557208
2513262184984
1688628464152
2788140091928
1692571108628
1688342972948
1417979463204
2517491090980
1692857370148
2792368997924
1418045572648
2517557200424
1692923479592
2792435107368
1675475109160
2774986736936
1417777071400
2517288699176
1692654978344
2792166606120
1413733565992
2496015992360
1671382271528
2770893899304
2500360226068
1688342971668
1417760032020
2517271659796
1692637938964
2792149566740
1413733500184
2513245127960
1417961425172
2517473052948
1692839332116
2792350959892
1413751654676
2513263282452
1688629561620
2788141189396
1692587624728
2792099252504
1400580491540
2500092119316
1675458398484
1413416044056
2512927671832
1688293951000
2513262955044
1688629234212
2788140861988
1396571458084
2496083085860
1671449365028
2770960992804
1400580162852
2500091790628
1675458069796
2774969697572
1396553631012
2496065258788
1671431537956
2770943165732
1413733500196
2513245127972
1413667441172
2513179068948
1688545348116
2788056975892
1417962408468
2517474036244
1692840315412
1417694300440
2517205928216
2787871640084
2517490877992
1692857157160
2792368784936
1417693973016
1400866752808
1413751326228
2513262954004
1688629233172
2788140860948
2500378380584
1692571109924
2792082737700
2792367671848
1418029582612
2517541210388
2500108831272
1675475110440
2774986738216
1417962408484
2517474036260
1413465066004
2512976693780
2792418330920
1671097043496
2770608671272
1413399005736
2512910633512
1688276912680
2787788540456
2500025731624
1413483169060
2512994796836
1688361076004
2787872703780
1418029598244
2517541226020
2792167409940
1417777875220
2517289502996
2495998428692
1671364707860
2770876335636
1413666670100
2513178297876
1688544577044
1400781768212
2500293395988
1675659675156
1400866424344
2500378052120
1417711011352
2517222639128
1692588918296
2792100546072
2774986557720
2517288519960
1692654799128
2792166426904
1417978219032
2517489846808
1692856125976
2792367753752
2512976693784
1688342972952
1688629577252
1417760033304
2500293380372
1675659659540
2775171287316
1692839528724
2792351156500
1400849975832
1675458414116
2774970041892
2500361603608
1400597285400
2500108913176
1675475192344
2774986820120
2775254976040
1396303087128
1396486800932
2495998428708
1671364707876
2770876335652
1688544577060
2788056204836
1400781752600
1396553976084
2496065603860
1671431883028
2770943510804
1688611752212
1692840397352
1413750557224
2513262185000
1688628464168
2788140091944
1671112837652
2770624465428
1417709767188
2517221394964
1692587674132
2792099301908
1400866751768
2500378379544
1396486785316
2495998413092
1671364692260
2770876320036
1413666654500
2513178282276
1688544561444
2788056189220
1400781752612
2500293380388
1671180994088
2770692621864
1413482956328
2512994584104
1688360863272
2775171107352
2787872491048
1396570687000
2496082314776
1671448593944
2770960221720
1688628463128
2788140090904
1417709765928
2517221393704
1692587672872
2792099300648
1688611423764
2788123051540
2770892851732
1692587624980
1675726767396
2775238395172
1400514431268
2500026059044
1675392338212
2774903965988
1418046294312
1675475109400
2774986737176
1413733845272
2513245473048
1688611752216
2788123379992
2792368014884
2787788866836
2495731090708
1671097369876
2770608997652
1675726521896
2775238149672
1692655043860
2792166671636
2512993797396
1675407755812
2774919383588
1417709718052
1688544627220
2788056254996
1400781818388
2500293446164
1675659725332
2775171353108
1400581229076
2500092856852
2792352205096
1413751326244
2513262954020
1688629233188
2792435828260
1417961425176
2517473052952
1692839332120
2792350959896
1400865703204
2500377330980
1675743610148
1396302300452
2495813928228
1671180207396
2770691835172
2500361341220
1675727620388
2775239248164
1675676240148
2775187867924
1413684546068
2513196173844
1688562453012
2788074080788
1400799316248
2500310944024
2775188850968
1396302300456
2495813928232
1671180207400
2770691835176
1413482169640
2512993797416
1688360076584
2787871704360
1400597267752
2500108895528
1413465066020
2512976693796
1688342972964
1413416110616
2512927738392
1688294017560
2787805645336
1692639005208
2792150632984
1400849712404
2500361340180
1418029581588
2517541209364
1692907488532
2792419116308
2788124165672
1400580163092
2500091790868
1675458070036
2774969697812
1671448578324
2770960206100
2792367949096
1396236241448
2495747869224
2770959960612
1671114148392
2770625776168
1413416110632
2512927738408
1688294017576
2787805645352
2517288519976
1692654799144
1400580164136
1675660526868
2775172154644
1396570687012
2496082314788
1400865654308
2500377282084
1692907489556
2788123379988
1692639053332
2792150681108
1417962669352
2517474297128
1692840576296
2792352204072
2774920430868
1417710765332
2517222393108
1692588672276
2788123380004
1692637939224
2792149567000
1671113835800
2770625463576
1400530896152
2500042523928
1675408803096
2774920430872
1692587674148
2792099301924
1400529898020
2500041525796
1396570671384
2496082299160
1671448578328
2770960206104
1417760033300
2517271661076
1692637940244
2792149568020
1417961440808
2517473068584
1675408869912
2774920497688
1692839347752
2788123378964
1400782883348
1396570687016
2496082314792
1671448593960
1417761162772
2500361356820
1688612537876
2788124165652
1400529896980
2512993748260
1400529914388
2500041542164
1418046294568
2517557922344
1692924201512
2792435829288
1396286326296
2495797954072
1671164233240
2770675861016
1413466195480
2512977823256
1688344102424
2787855730200
2517473003796
1692839282964
2792350910740
2495729797672
1400530896168
2500042523944
1413733845288
2513245473064
1688611752232
2788123380008
1675660790292
1413733844248
2513245472024
1396554761764
2496066389540
1671432668708
2770944296484
1400849729060
2500361356836
1675727636004
2775239263780
2517272774936
1413466179864
1417761147160
1396286326312
1671164233256
1675475126568
1400581229092
1413666408728
2513178036504
1688544315672
1417777072660
2517288700436
1692654979604
1692907505188
2792419132964
1418046376472
2517558004248
1692924283416
2792435911192
1675391224100
2774902851876
1400849713444
1675660527912
2775172155688
1400781817364
2500293445140
1675659724308
2775171352084
1400581228052
2500092855828
1396286310696
2495797938472
1671164217640
2770675845416
1413466179880
2512977807656
1688344086824
2787855714600
1692924479764
2792436107540
1671449643284
1413684234792
2513195862568
1688562141736
2788073769512
1396553975060
2496065602836
1671431882004
2770943509780
1413733844244
2513245472020
1688611751188
1413666720296
2513178348072
1688544627240
2788056255016
1688611751192
2788123378968
1418028811544
2517540439320
1692906718488
2792418346264
1400849712420
2500361340196
1675727619364
2775239247140
1400598268184
2500109895960
2517474314536
1417760032292
2517271660068
1692637939236
2792149567012
1675676518696
2512927492644
1688293771812
2787805399588
1396571736344
2496083364120
1671449643288
2770961271064
1413751605528
2513263233304
1688629512472
2788141140248
1671097387540
2770609015316
1688361077028
2787872704804
1413667703316
2513179331092
1688545610260
2788057238036
1418046637604
2517558265380
1692924544548
2792436172324
1675392354840
2774903982616
1396303300904
2495814928680
1671181207848
2770692835624
1400598268200
2500109895976
1400799660328
2500311288104
1396235994644
2495747622420
1671113901588
2770625529364
1400530961940
2500042589716
1396235207956
2495746835732
1671113114900
2770624742676
1413415077140
2512926704916
1396570671400
2496082299176
1671448578344
2770960206120
2792368982548
1688292984088
2787804611864
1675676517656
2775188145432
1671180223768
2770691851544
1396302316824
2495813944600
1400798610712
2787788884516
1396218430760
2495730058536
1671096337704
2770607965480
2512909927720
1688276206888
2787787834664
1400513398056
2500025025832
2787788884520
1400514447912
2500026075688
1675392354856
2774903982632
1417694317096
1675391223060
2517205944872
1692572224040
2788140074264
1396570670360
2496082298136
1671448577304
2770960205080
2792149648676
1400781506852
2500293134628
1675659413796
2775171041572
2500294511140
2513179413028
1688545692196
2788057319972
1688544364836
2788055992612
2517271661080
1692637940248
2792149568024
1692839281940
2792350909716
2775171040532
1400781505812
2500293133588
1417961374996
1671179962664
2770691590440
1675676255784
2775187883560
1692906374676
2792418002452
1418045311528
2517556939304
1692923218472
2792434846248
1413666408744
2513178036520
1688544315688
2788055943464
1688545692200
1688277239060
2775238396200
2513178347044
1417761097252
2517272725028
1692906374692
2792418002468
1396553631268
2496065259044
1671431538212
2770943165988
1413733500452
2513245128228
1688611407396
1688545691160
2788057318936
1417778136360
2517289764136
1675459134996
2774970762772
1400513398292
1396218431000
2495730058776
1671096337944
2770607965720
1413398300184
1688276207128
1675475191332
2774986819108
1396218431012
2495730058788
1671113115172
2770624742948
1396218431016
2495730058792
1671096337960
2770607965736
1413398300200
1675459135016
2774970762792
1692639004200
2792150631976
1418028485160
2517540112936
1692906392104
2792418019880
1396235979028
2495747606804
1671113885972
2770625513748
1688544363796
2788055991572
2775239199016
2495747622436
1671113901604
2770625529380
1396571735320
2496083363096
1413751604504
2513263232280
1688629511448
1418029795608
2517541423384
1692907702552
2792419330328
2792368735764
1692638283284
2792149911060
1400781554984
2500293182760
1675659461928
2775171089704
1417961622036
2517473249812
1692839528980
2792351156756
1675391224344
2774902852120
1396570670376
2496082298152
1671448577320
2770960205096
1413750539560
2513262167336
1688628446504
2788140074280
1417979446804
2787804612884
1396235208980
1400581229096
1396486785572
2495998413348
1671364692516
2770876320292
1413666654756
2513178282532
1400781752868
2500293380644
1396486538532
2495998166308
1671364445476
2500293133604
1675659412772
2775171040548
1417961375012
2517473002788
1671096257064
2770607884840
2517271726376
1671382517272
2770894145048
1400799577624
1400581212452
2500092840228
1675459119396
2774970747172
1413667768600
2513179396376
1417979447588
2517491075364
1692857354532
2792368982308
1417710045464
2517221673240
1692587952408
2792099580184
1688544364840
2788055992616
1400581211412
2500092839188
1400580163108
2500091790884
1417961375016
2517473002792
2770893883688
2495813928472
1671180207640
2770691835416
1400597267992
2500108895768
1413667784232
2513179412008
1688545691176
2788057318952
2792368736808
1396553632276
2496065260052
1671431539220
2770943166996
1413733501460
2513245129236
1688611408404
2788123036180
1400848599572
2500360227348
2774986820132
1417761081640
2517272709416
1692638988584
2792150616360
1413399332120
2512910959896
1688277239064
2787788866840
1417777137188
2517288764964
1396302300712
1413482169896
2512993797672
1688360076840
2787871704616
1400597268008
2500108895784
1396235979044
2495747606820
1671113885988
2770625513764
2500042574116
1688545608980
2788057236756
1671365739796
2770877367572
1413750360344
2513261988120
1688628267288
2788139895064
1396553632280
2496065260056
1671431539224
2770943167000
1413733501464
2513245129240
1688611408408
2788123036184
2770675008788
1396285474068
1417710814484
2517222442260
1692588721428
2792100349204
1675660707108
2775172334884
1396487832868
2495999460644
1400798333460
2500309961236
1675676240404
2775187868180
1417760311592
2517271939368
1692638218536
2792149846312
1413399284244
2512910912020
1688544363800
2788055991576
1675408803348
1417710765588
2517222393364
1692588672532
1400799577636
2500311205412
1675677484580
1396504347928
1400530896408
2500042524184
1418028812568
2517540440344
1692906719512
2792418347288
2792149632276
1396285474072
2495797101848
1671163381016
2770675008792
1417979201048
2517490828824
1692857107992
2792368735768
1396486587668
1413398219300
2512909847076
1688276126244
2787787754020
1417961425188
2517473052964
1692839332132
2792350959908
1688629561636
2788141189412
2792100284692
1396235913492
2517473051928
1692839331096
2792350958872
2495747541268
1417692988964
1692570895908
2792082523684
2512927426084
2787805333028
1413684218136
2513195845912
1688562125080
2788073752856
1417979185432
2517490813208
1675408787736
2774920415512
1675677223192
2787805333032
1417693185556
2517204813332
1413751409192
2513263036968
1688629316136
2788140943912
1692638218792
1417961424164
2517473051940
1692839331108
2792350958884
2774902654244
2500361341460
1675727620628
2775239248404
1675408083240
2774919711016
1417710045480
2517221673256
1692587952424
2792099580200
1400530880804
2500042508580
1675408787748
2774920415524
1417710749988
2517222377764
1692588656932
2792100284708
1396286310936
2495797938712
1671164217880
2770675845656
1413466180120
2512977807896
1688344087064
2787855714840
2500377348372
2775255255316
1396218431768
2495730059544
1671096338712
2770607966488
2512909928728
1413482187044
1692840397080
2792352024856
1396218431784
2495730059560
1671096338728
2770607966504
1413398300968
2512909928744
1688276207912
2500377019928
1396554746404
2496066374180
1671432653348
2770944281124
1413466180132
2512977807908
1417979447592
2517491075368
1692857354536
2792368982312
1396286310952
2495797938728
1671164217896
2770675845672
1413466180136
1400848599336
2500360227112
1675726506280
2775238134056
1396553631252
2496065259028
1671431538196
2770943165972
1413733500436
2513245128212
1688611407380
2788123035156
2500360226324
1675726505492
1396503365928
2775172352280
1413466113320
2512977741096
1688344020264
2787855648040
1417761080596
2517272708372
1692638987540
2792150615316
2517541143828
1418029516052
2792419050772
1400530879764
1417761080600
1417978219048
2517489846824
1692856125992
2792367753768
1418046573076
2517558200852
1671163446808
1417961424148
2517473051924
1692839331092
2792350958868
1396553632296
1396235978020
2495747605796
1671113884964
2770625512740
2517271988500
1692638267668
1418045326616
2517556954392
2774986753304
1417777087780
2517288715556
1692654994724
2792166622500
1396218103080
2495729730856
1671096010024
2770607637800
1671431538200
2770943165976
1413733500440
2513245128216
2788123035160
1400848598552
2500360226328
2775238461720
1417711093272
2517222721048
1400866703908
2500378331684
1675744610852
2775256238628
1417978202660
2517489830436
1400866751784
2500378379560
1675744658728
2775256286504
1396219415076
1413399284260
2512910912036
1688277191204
2787788818980
1396303301160
2495814928936
1671181208104
2770692835880
1413483170344
2512994798120
1688361077288
2787872705064
2495813879316
2770691786260
1400848927012
1675676239380
2787871655204
1688276208148
2787787835924
1396285474088
2495797101864
1671163381032
2770675008808
1396218432024
2495730059800
2787788817940
2496082381348
1671448660516
2770960288292
1396218432040
2495730059816
1671096338984
2770607966760
1675408869928
2774920497704
1400597023256
2500108651032
2512926704932
1688292984100
2774986557988
1692907440676
2792419068452
2770692819220
2792100283940
1418046293540
2517557921316
1692924200484
1400514102824
1400597284376
2500108912152
1675475191320
2774986819096
1675408804120
1413483170084
2512994797860
1417961425192
2517473052968
1692839332136
2792350959912
1400529896996
2500041524772
1675407803940
2774919431716
1396503628312
2496015256088
1671381535256
2770893163032
2774919709992
1417710044456
2517221672232
1692587951400
2792099579176
2500360242468
1396554697236
2496066325012
1671432604180
1417979464212
2517491091988
1692857371156
2792368998932
1396487588388
2495999216164
1671113050660
1692571896088
2517557200168
1417777138196
2517288765972
1692655045140
2792166672916
2788124101160
2788123035172
1413399021860
2512910649636
1688276928804
2787788556580
1396486538520
1413750359336
2513261987112
1688628266280
2788139894056
1396553631272
2496065259048
1671431538216
2770943165992
1400848598568
2500360226344
1692570913300
2792082541076
1692856108580
2792367736356
1417978201636
1396219414052
2495731041828
1671097320996
2770608948772
2792083785252
1688360011288
2787871639064
1396303103272
2495814731048
1671181010216
2770692637992
1413482972456
2512994600232
1688360879400
2787872507176
2788072769064
1400798332456
2500309960232
2775239182612
1413734549780
1688361142804
2787872770580
2775239198244
1396218430744
2495730058520
1675475175972
2774986803748
1413482170916
2512993798692
1688360077860
2787871705636
1417777138212
2517288765988
2517541144104
1400849647896
2500361275672
2792167672344
1688628463144
2788140090920
1400597267988
2500108895764
1675475174932
2774986802708
1400849663528
2500361291304
2792419067176
1413684283668
2513195911444
2774986754344
2774903899668
1692572141076
2792083768852
1400782800404
2500294428180
1688544315668
1692924282392
2792435910168
1400581212436
2500092840212
1675459119380
1675392271896
2774903899672
1400782619944
1400513137188
2500024764964
1675391044132
2774902671908
2792166426920
1413684233768
2513195861544
1413399266580
2512910894356
2787788801572
1396504430120
2496016057896
1671382337064
1675391043092
2774902670868
2513246177556
1688612456724
1692588656920
2792100284696
1671096076840
2770607704616
1675475896612
2774987524388
1413734549796
2513246177572
1688612456740
2788124084516
1400514103592
2500025731368
2770944215332
2792419051812
1692907424036
2770691507496
2770692901412
2496015272216
1671381551384
2770893179160
1413683513624
2513195141400
1688561420568
2788073048344
1400798611736
2500310239512
1692839331368
1417778202132
2517289829908
1417961424420
1417777072680
2517288700456
2517490877736
1400849647912
1692588673556
2792100301332
1413415011860
2512926639636
1400597268004
2500108895780
1675475174948
2774986802724
2500361274648
1675727553816
2775239181592
1692656109080
1417709701668
2517221329444
1692587608612
1675459119636
2774970747412
1692907751960
2792419379736
1417777154584
2517288782360
1692655061528
2792166689304
2495730764312
1418045310504
2517556938280
1692923217448
2792434845224
1675676452388
2775188080164
1396504413460
2496016041236
1671382320404
2770893948180
1413734550052
2513246177828
1688612456996
2788124084772
1413683431704
2513195059480
1400530109992
2500041737768
1413414733332
2512926361108
1688292640276
2787804268052
2792100284968
1692924527896
1692856305956
2792367933732
1413414996260
2512926624036
1400529832488
2500041460264
1675407739432
2774919367208
1413684282648
2513195910424
1688562189592
2788073817368
1417777071640
2517288699416
1692654978584
2792166606360
2788074013992
1413683513636
2513195141412
1688561420580
2517490108708
1417978480932
1675659659812
2775171287588
1417961622052
2517473249828
2500360242452
1400848614676
2770944214308
1413734548772
2513246176548
1688612455716
2788124083492
1692924527912
1417778202148
2517289829924
1417978202388
2517489830164
1413683512600
1688561419544
2513195140376
1418028483876
2517540111652
1692906390820
2792418018596
1396235930148
2495747557924
2770625464868
1671097059860
2770608687636
1413399022100
2512910649876
1688276929044
2770692884760
2792435058216
1400849664296
2500361292072
1675727571240
1413751588120
2513263215896
1688629495064
1396235929108
2495747556884
1671113836052
2770625463828
1413415798292
2512927426068
1688293705236
2787805333012
1400530896404
2500042524180
1396571718948
2496083346724
1671449625892
2770961253668
1688361141800
2787872769576
1400514364712
1417761408276
2517273036052
1692639315220
2792150942996
1675392092436
1692571961620
1400514185492
1688276929060
1692840396052
1692907750680
2792419378456
1413399022120
1688276929064
1413414733348
2512926361124
1688292640292
2787804268068
1675408803352
2500042574100
1413734876452
2513246504228
1688612783396
2788124411172
1400849974564
2500361602340
2770893882664
1417979201064
2517490828840
1692857108008
2792368735784
1400781768980
2500293396756
1675659675924
2775171303700
1417693202708
1675391240472
2774902868248
1675407738408
2774919366184
1413667719720
2513179347496
1688545626664
1417978479908
2517490107684
1692856386852
2792368014628
1692655846948
2792167474724
1400781751844
2500293379620
1675659658788
2775171286564
1400781768996
2500293396772
2512994600488
2787872507432
1417711077656
1688361126180
2787872753956
1417778186532
2517289814308
1692656093476
2792167721252
1675476223252
1400598316308
2500109944084
1417778185492
2517289813268
1692656092436
2792167720212
1413683512616
1417777153300
2517288781076
1692655060244
2792166688020
1396570752276
2496082380052
1671448659220
2792082475560
1400597284120
2500108911896
1413415782676
2512927410452
1688293689620
2787805317396
1400530880788
2500042508564
1675408787732
2774920415508
1400530896420
2500042524196
1675408803364
2774920431140
1692588672548
2792100300324
1417710765604
2517222393380
1400598316312
1675476223256
2774987851032
2500109944088
1688629560612
2788141188388
1413482186020
2512993813796
1688360092964
2787871720740
1396504693268
2496016321044
1413684562452
2513196190228
1688562469396
2788074097172
1400514185508
2500025813284
1675392092452
2774903720228
1417694054692
2517205682468
1692571961636
2792083589412
1396302316840
2495813944616
1671180223784
2770691851560
1400597284136
2500108911912
1688629315112
2517205681428
1692571960596
2792083588372
1671365740820
2770877368596
1396486605332
2495998233108
1671364512276
2770876140052
1671381271848
2770892899624
1675727881768
2775239509544
2770877384232
1396571802132
2496083429908
2770961336852
1413751671316
2513263299092
1688629578260
1400865375780
2500377003556
1400598316324
2500109944100
1675476223268
2774987851044
1692907750936
1396301973032
2495813600808
1417978415384
2517490043160
1692856322328
2792367950104
1396286327064
2495797954840
1671164234008
2770675861784
1413466196248
2512977824024
1688344103192
2787855730968
1417962669592
2517474297368
1692840576536
2792352204312
1671448644132
2770960271908
1400865392920
1675743299864
2500377020696
2496083429912
2787805316372
2495747540244
1671113819412
1688293688596
1675726850584
2775238478360
1396286327080
2495797954856
1671164234024
2770675861800
1413466196264
2512977824040
1688344103208
2787855730984
1675659463204
1400530880808
2500042508584
1396303283476
2495814911252
1400530879768
2500042507544
1675408786712
2774920414488
1400782801188
2500294428964
2517204829460
2496066373140
1671432652308
2775172334868
1396487832852
2495999460628
1692656027928
2792419313944
1400849910040
2500361537816
2792167655704
1413666473496
2513178101272
1396571802148
1413684218152
2513195845928
1688562125096
2788073752872
1417761147416
2517272775192
1692639054360
2792150682136
1688629577236
2788141205012
2770961335828
2792368784680
1396570425640
2496082053416
1671448332584
2770959960360
1400865392936
2500377020712
1417760377364
2500377331236
2774920414500
2517540111908
1692906391076
2792418018852
1400866768408
2500378396184
2500378069268
1675744348436
2496015993368
1413684234776
2513195862552
1417694235172
2517205862948
1692572142116
2792083769892
1396285475108
2495797102884
1675676173844
2775187801620
1417761408532
2517273036308
1692639315476
2792150943252
1675459446292
2774971074068
1400530879784
2500042507560
1675408786728
2774920414504
2512977020184
1688343299352
2787854927128
1671365739812
1400782800164
2500294427940
2788056008228
1675459446308
2774971074084
1413734876708
1675659676180
2775171303956
1413666473512
2513178101288
2496066587176
1671432866344
2770944494120
2512977807912
1688344087080
2787855714856
2775188130088
1400866768420
2500378396196
1675744675364
2775256303140
2495797101844
1671163381012
1417710831124
2517222458900
1692588738068
2792100365844
1675458415140
2774970042916
1400865719828
2500377347604
1400865376548
2500377004324
1396570424616
2496082052392
1671448331560
2770959959336
1396487653652
2495999281428
1671365560596
2770877188372
2495999281700
1671365560868
1396504365608
2496015993384
1671382272552
1692655044884
2792166672660
1413482170644
2512993798420
1688360077588
2787871705364
1400597284392
2500108912168
1396504364568
2496015992344
1671382271512
2770893899288
1413684233752
2513195861528
1688562140696
2788073768472
1400799331864
2500310959640
1396487849236
2495999477012
1671365756180
2770877383956
1396553975316
2496065603092
1671431882260
2770943510036
1688544365080
2788055992856
2770893883928
1396303301140
2495814928916
1671181208084
1413483170324
2512994798100
1688361077268
2787872705044
2517489781032
2500108847400
1413666456856
2513178084632
1396571785508
2496083413284
1413751654692
2513263282468
1418029843992
1675744658964
2775256286740
1396302236196
2495813863972
1671180143140
2770691770916
1692857092392
2792368720168
1675408804116
2774920431892
1417778137624
2517289765400
1692656044568
1413683497496
2513195125272
1688561404440
2788073032216
1396571784468
2496083412244
1671449691412
2770961319188
2792166606356
1418029599252
2517541227028
1692907506196
1417710766372
2517222394148
1692588673316
1396286327320
2495797955096
1671164234264
2770675862040
1396487653668
2495999281444
1671365560612
2770877188388
1413482104344
2512993732120
1675744396584
2775256024360
1692857092376
2792368720152
1413466196520
2512977824296
1688344103464
2787855731240
1671365559572
2770877187348
1675408853284
2774920481060
1671382336792
2770893964568
1675390978600
2774902606376
1417692940840
2517204568616
1692570847784
1675726587172
2775238214948
1400849663272
2500361291048
1675727570216
2770692834836
1400581556500
2500093184276
1675459463444
2774971091220
1396571784484
2496083412260
1671449691428
2770961319204
1675476174360
2774987802136
1417778136600
2517289764376
2500377347364
1675743626532
1675744658968
2775256286744
1417777071656
2517288699432
1396504348968
2496015976744
1671382255912
1688275863828
2787787491604
1396487652644
2495999280420
1671365559588
2770674731544
1413465392408
1400849925656
2500361553432
1675727832600
2775239460376
1417961425432
2517473053208
1413751605544
2513263233320
1688629512488
2788141140264
1417979446820
2517491074596
1413483153684
2512994781460
1688361060628
2787872688404
1396303284500
2495814912276
2500041524756
1675407803924
2774919431700
1413483169316
2512994797092
1417761425700
2517273053476
1692639332644
2792150960420
1417778120984
2513245473300
1417776892440
2517288520216
1692654799384
2517489829412
1675459462420
2774971090196
2500093183252
1417761424660
1417778136616
2517289764392
1692656043560
2792167671336
1413734548756
2513246176532
1692907422996
1413399021844
2512910649620
1688276928788
2787788556564
1400849646872
1413397956900
2512909584676
1688275863844
2787787491620
2792083523864
2500025747736
1675392026904
2774903654680
1417693989144
2517205616920
2770607621396
2495729714452
1688277239316
2787788867092
1675743611428
2775255239204
1396570737188
2496082364964
1671181191460
2770692819236
2770692818196
1400782801172
2500294428948
1675660708116
2775172335892
2517271939624
1417694250532
2517205878308
1692572157476
1675743298840
2775254926616
1400598251816
2500109879592
1675476158760
2774987786536
1692656026904
2792167654680
1675474929176
2774986556952
1417776891416
2517288519192
1692654798360
2792166426136
1671431883300
2770943511076
1396553976356
2496065604132
2496082299416
1671448578584
2770960206360
1413684300072
2513195927848
1688562207016
2788073834792
2496083364376
1671449643544
2770961271320
1417710766628
2517222394404
1692588673572
2792100301348
1671431883304
1400514119976
2500025747752
1675392026920
2774903654696
1417693989160
2517205616936
1692571896104
1671095993636
2770607621412
1688277239332
2787788867108
1688292985108
2792083522840
1396303283492
2495814911268
1671181190436
2770692818212
1396571736600
1692654782744
1417776875800
1675474913560
2792166410520
2500108634392
1418029795864
2517541423640
1692907702808
2792419330584
1675476157736
2774987785512
1417776891432
1396553959700
2496065587476
1671431866644
2770943494420
1396570671656
2496082299432
1671448578600
2770960206376
2512910648612
1688276927780
2787788555556
1688629250324
2788140878100
1396570670616
1675392025896
2774903653672
1417693988136
2517205615912
1692571895080
2792083522856
1400849990936
1413398299940
2512909927716
1688276206884
2787787834660
1400581555492
2500093183268
1675459462436
2774971090212
1675744658980
2775256286756
1671382338072
2770893965848
1688612800788
1417776874776
2517288502552
1692654781720
2792166409496
2774986540312
1417761424932
2517273052708
1400597006616
2774986541336
1417760311832
2517271939608
1692638218776
2792149846552
1413667768856
2513179396632
1688545675800
2788057303576
1671163364628
1400580424984
1396285457700
2495797085476
1671163364644
2770674992420
1413482170660
2512993798436
1688360077604
2787871705380
1400580441624
2500092069400
1675458348568
2774969976344
1413667457304
2513179085080
1688545364248
2788056992024
1400849925672
2500361553448
1675727832616
2775239460392
