74384247316
75457989140
75452810772
74384247332
75457989156
74383235408
75457124688
74378987028
75452728852
74378987044
75571276448
75591928354
79836645650
75591944738
79836645666
75722435152
80017402448
75726629456
80021596752
75722435168
80017402464
79747753632
92897650954
79764530848
92897716490
79827732568
97192667402
79827732632
97192683786
79747913296
75503126676
79747959316
75503126692
79747959332
75507575136
79768922704
75574684000
79768888992
74384247176
75570981456
75452668304
79747635600
75456862608
79747652176
75503851920
79748684368
75503868304
79748700752
79748762184
88467974692
79765539400
88485694025
80017197640
92788640258
80033974856
97209719304
105808161424
75507337316
79752169764
75541006418
74400237848
75541022802
75453008520
79748024872
75457251880
75473656416
79752108448
79752219176
75591928450
79899478562
75591993986
79899494946
75503048288
79747683744
75503310432
79747749280
79815674401
79836629634
97193044642
75507533908
79751973140
74383501728
75473906272
74400180640
75473922656
74401213024
75474954848
74401229408
75474971232
75508357792
79828392608
75570488976
79768724896
79768750408
75574643272
79768750472
75503380880
79768660320
75570489744
79768725856
79769708896
75541613122
79836629522
80017136016
75453860376
79748827672
75458054680
79753021976
75722295832
80017263128
75726490136
80021457432
79768726160
79827667220
88468654434
79827667476
88468654690
79752931936
79747914400
97196845574
79769709152
75503077956
79747713412
79747683664
75503060548
79747696004
75503061316
79747696964
75503061572
79747697028
75503048272
75503048032
79747683920
75503126084
79747749456
75503126852
79747959108
75503127108
79747959172
79747683984
75503142536
79768659552
75541005954
79768725088
75541023042
79768947016
75541023298
79768947080
75503380128
79768659616
75474950800
92906465952
74383197576
75456939400
75456882000
79751849296
79752145296
88485681736
79768922512
88485685832
79828396624
88485698120
79828658768
88485702216
75503322756
79747761796
75503323524
79747762756
75503323780
79747762820
75503114576
79747946832
75503376720
79748012368
74535045666
75608787490
75458026064
79765477968
75474704976
79769672272
74379209040
75452950864
75726461520
80021441044
75743140432
80021441060
75503126148
79747958404
75503126916
79747959364
75844127364
79764736324
87352215848
80038234756
97209723400
79828248992
97192684038
92906203808
75457964704
79765465760
75474692768
79769660064
75726400160
80017386144
75743128224
80017402528
79752091216
74378988068
75503061156
74383182372
75507255460
74446883361
75520706833
74446899745
75520706849
79899478658
79751878304
91824089610
79768655520
75507534404
79827716628
75574643268
79894825108
75592141377
79899544129
75592403521
79899544193
88724777540
75457186440
79764736552
75473963560
79768930856
75587750530
79832451602
75587815970
79832451618
75457251976
79764752936
75591993618
74467871250
75591993634
75504360032
79811467920
75571468896
79828245136
74384485008
75458226832
88485431846
75541793410
79836760706
75504101792
79811406432
75571210656
79828183648
75772537248
80017173088
75772627528
80017238624
74535045665
75508132192
79752956456
75507571360
79768918688
79752219268
88468916834
79768996484
88468916898
79899495041
88485694050
79899560577
88485694114
75457202824
79764802088
75473980040
75458194080
75608787218
79903672866
80017496720
87655295616
80034273936
87655320226
79749061264
87651125906
79765838480
75507509840
79751948688
87651125922
105808177736
74451143233
75524885057
74451143297
75524885121
75508062608
75507320456
79768684104
75524245122
79768684168
75524245890
79768685128
75524246146
79768685192
75507574416
79768749640
74400303384
75574708312
80017435216
92902271648
80017435280
97197238944
79748024904
97192794784
79764802120
97192811168
79832680978
74379979424
75503856288
74384173728
75508050592
74648414880
75722156704
74648431264
75722173088
79748015776
75575470496
74400238100
75473979924
75507320984
79752153624
79747684000
75503310496
79747749536
75503405380
79748041028
75503405636
79748041092
79903738401
79828195664
87352191552
75453794948
79748811300
75458038308
79753005604
75722230404
79752141392
80017246756
75726473764
75507336840
79768921696
75541022338
79768946312
75541023106
79768947272
75541023362
79768947336
75507574432
79768921760
75571272096
79765772896
79747975752
104717380240
79764752968
104734169732
79836760450
148556237186
79836875282
148556253762
79748041288
104717396612
75503118944
79747951008
75503381088
79748016544
75504167520
79748827720
75504388744
79748827784
75743402576
75571042960
79765740176
75592174113
79836645697
79836645761
79752206672
88425908616
79768983888
88456169890
79895304528
88425933376
79895370064
88459618688
79810955412
92897814826
75541793346
79836760642
75575663248
79895353760
79752145312
88485681800
79768922528
88724867718
79828396640
97209834144
79828658784
104734431904
79752882768
75458026080
79765478032
75474705040
79769672336
75452951120
74380241488
75453983312
74380257872
75453999696
75726461536
74379192928
75452934752
80034040360
79748012624
87382444674
75457123984
79752091280
75570497620
79764801812
75570497636
79764801828
75575470736
79769971344
75457239440
79764691296
75473918304
79768885600
75575220576
79769733652
75575236960
79769733668
75743123856
80017398352
75457202472
79752169768
79836580114
75591944482
79836580130
75591928098
74384231048
75571046736
74401008168
75575241040
74652666504
75743185432
74669443624
75743185448
74400176784
75473918608
75575691912
79769799304
75520051281
79768668436
79752153672
92918782624
79768930888
92922976928
79832582530
92918786720
79832680994
92922981024
79752219208
97193056928
79903754626
148623165986
79769012868
92914854538
79903689345
79747697220
87335413312
79764474436
87352190528
79747697176
75507312224
79752144528
79752210064
75507583368
79749061280
104717658696
79765838496
104734435912
79751883408
75507509904
79751948944
75508296336
79752931984
75508558480
79752997520
75452746052
74379069732
75452811556
74378925472
75452667296
75453733280
74378942880
75452684704
74379991456
74379975072
75574691940
74468067905
75591993921
74468313729
74379991696
75503868560
74384186000
75508062864
74379979344
75503856016
74384173648
75508050320
74648414608
75722156432
74648430992
75722172816
74379979360
75503856032
74378929552
75452671568
74378946128
75452687952
75457005080
74383263272
75457005096
74383444296
75524278354
74400221464
75524343890
74451077698
75524819522
74451077762
74379191888
75452933712
74379208272
75452950096
79811422624
75726461600
97197234848
74383246980
74399975972
75473717796
79827716648
79752144544
104734173584
79827454040
75772799568
75503060616
79768659280
75520034434
79768667528
75520051522
79768668488
75571276432
79828199840
74378925712
75452667536
74378942096
75452683920
74379266372
79819803153
75452746260
75503060360
79747696200
79747696264
75503061384
79747697224
75503061640
79747697288
75503117904
75503117712
75507505552
79764724064
75570485600
79764789600
75571235204
79765539396
75571235460
79765539460
74400962960
75575171664
75473640080
104734435976
79811488400
88484751906
80034015904
148740811424
74379192912
75456915808
79752882512
75508066640
87352289824
75503119008
79747951264
75503381152
79748016800
75504167584
79748999840
75504429728
79749065376
79895370336
97218071080
75726465440
75452672656
80021580384
75570514564
79827732644
75608902273
79903754561
75609164417
79903754625
79752206688
88425908872
79768983904
88456202882
79895304544
88426957448
79895370080
88494090816
75457268360
79764818472
75575404960
79827470436
87395043874
74384312868
75458054692
74384312852
75473979668
79768946964
75591993617
79836563985
75592010001
79836564001
75743144544
80021457448
75508624016
75507509856
79764728464
75453717088
79748684384
75457911392
79752878688
75722152544
80017119648
75726346848
80017136032
74401229392
75474971216
79747761800
87394232850
79764539016
87395158570
79831894098
87411935782
79831894162
87411935786
75457239456
79764691360
75473918368
79768885664
75575220640
79769918048
75575237024
79769934432
80038168964
87420349056
79819049041
75525015873
79819786561
75525016129
79819786625
75457268008
79752235304
75608705314
79903672610
74379003460
75452745284
74379003524
75452745348
74379004484
75452746308
74379188640
75452930464
74379205024
75452946848
74384247432
75571046992
75575175760
79747918480
75508292256
79752927904
79828179360
87411042832
97192602121
75503376736
79768656464
75575732880
79768722000
75575400848
79769705040
75575478852
79769770576
75592141121
79899478593
75507599464
80017398432
79751947920
87411935881
79768725136
87411935882
79827716200
87411952265
79827716264
87411952266
75608787234
74379187856
75452929680
74379204240
75452946064
74379266628
75453008452
74379266692
75453008516
74379187872
75503937936
79748966992
87385836194
74467854625
75541596449
79828183696
79828249232
88485431850
79747754640
88468654630
79764531856
88468654634
75793713730
80033974664
80021691040
80021375560
92918942216
80038152776
92923136520
148736879248
80017443464
104797342344
80034220680
104801536648
79747959432
104717376136
79764736648
104734153352
79832566402
104767834754
74383263364
75473901152
74400040484
75503921744
79748811288
75570498184
75473640032
74383399328
74400946784
75474688608
74400963168
75474704992
87318481538
75520821889
79815674177
75457177184
74383459976
75457201800
74383460936
75457202760
74383461000
79753140896
79752095312
75473659280
79752111696
79765588516
75726613136
74379192976
75456916064
74383239776
75456981600
74384222816
75457964640
74384288352
75458030176
75452688784
79747656080
75456883088
79751850384
79748733536
91832494464
79765510752
92906236480
80017168992
91832494720
80033946208
92906236544
79747975816
104717380256
79764753032
104734169736
148556237442
79837022850
148556499586
79748041352
75458038344
79765539352
75474766360
79769733656
75726473800
80033974808
75743201816
80033974824
75726686852
74534963490
75474967120
79769934416
79752096400
79747946896
87381657986
79764724112
87381674370
75503314576
79764465056
75570423392
79764530592
75457145424
88728971906
74383235744
75457125024
74383399584
75452684624
74378926416
75452668240
74378942800
75457141408
74384431776
75458173600
75457268036
75524228737
79768720976
80021367120
75776739912
79764818196
75474045204
79769012500
75608721729
79903672849
104835132034
75453717152
79748684448
75457911456
79752878752
75722152608
80017119904
75726346912
80017136288
79768988064
88724867722
79764555400
79836088402
97083525641
79836088466
97193040426
74383526276
75570514020
74383140240
75456882256
74383444248
75457186072
74383444264
75457186088
79752211088
79751879312
88455382662
79768656528
75508554320
74451143202
75524885026
79828638288
75575663184
79895353744
75776989776
80034024004
75839916676
80034024068
74379003428
75473638752
74383197732
74400946592
75474688416
74400962976
75474704800
75456911696
75456977232
74380053016
75456910928
74383234640
75456976464
74383444292
75457186116
74383444356
75457186180
74379068948
75456910992
75452947040
75507504720
79751943568
75507517764
79751956804
75507518020
79751956868
75508296080
79828380000
75575404944
79895292256
148741171872
79752153736
104734153376
79768930952
104830888578
79832582786
104835127938
79832844930
75574626392
79768733976
75574626408
79768733992
75508386440
79753218696
79828265312
104734415496
74384247428
75457989252
75473717892
74400041492
75473783316
74400041508
75473783332
75456988804
75473716756
79764464976
87394167058
79810611288
87394167073
74383197764
75457173072
74383443588
75457185412
74383526164
75507599444
74534963473
75608705297
74534963489
74383264020
75457005844
74383264036
75457005860
74378942032
75456861584
74383136144
75456877968
74383247636
75456989460
74400303640
75474045464
79752956488
88468920968
79769733704
80017382032
88724777604
80021391944
92919048864
80038169160
105871084168
75452729896
79747697192
75456924200
79751891496
75520625186
79815592482
75520641570
79815608866
75452746280
79747713576
75575466592
79769799236
75452671376
79747638672
75456914768
79747696152
75473642832
79747696168
75503061144
75503061160
75456914832
79747712536
75456914784
79747901008
75473642896
79747917392
79752170120
79903689089
97192913418
74384222864
75570964896
74400950880
75575159200
75503113824
79747778116
75503339140
79747778180
75503339908
79748016784
88468916774
79764794000
88468916778
79828379984
88468658760
79828437528
88468662856
79748802960
88467974434
75456861840
74383136400
75456878224
74383509780
79751882064
87394167313
75503049312
79747684768
75504097888
79748733344
79748798880
75452671328
79747638624
75456865632
79747655008
75503077464
79747713304
75503077480
79747713320
75457972868
79765522980
88494090880
80034040388
88485694104
75458054728
79765604888
75474831896
79769799192
75726490184
80034040344
75743267352
80034179680
75608705554
79903672850
79751972420
87381645954
79768749636
87382690438
79827667236
88468720162
79827667492
79768917664
91840981514
79748799120
79836088610
87411943970
79747946912
79764724128
88455383686
79828376160
88484768272
79828638304
88485677720
75575401056
79769704864
75575663200
79769770400
75575400800
79769704800
79751944592
75507534148
79751973188
75503113872
75503314592
79764465312
75452946000
74379250196
75452992020
74379250212
75452992036
79769918096
75503076740
79751878224
75507320388
79751943760
75507321156
79752153412
75507321412
79752153476
79811418768
88459576966
75452668496
74378943056
75772561800
75452684880
74379975248
75453717072
74379991632
75453733456
75772627524
75504102032
79764490884
75504126344
79811422800
75571235208
79828200016
80021367376
75776805448
80021432912
75743201812
80033974820
75726465632
80021330320
75507254660
79751890500
75507254916
79751890564
75507255684
79751891524
75507255940
79751891588
75507308112
79751956036
75743140256
80021592672
75507271044
79752140368
75507320452
79752152708
75507321220
79752153668
75507321476
79752153732
75507308128
79752140432
75457242768
74383182468
75520034977
74399959588
75520051361
74446899841
75520707089
74446965281
75520707105
79770036896
75570960976
79765461392
75570977360
79765477776
91832330762
79751879328
91828136458
79810693668
75508554336
74400041496
75574642840
74467871298
75591993874
74467936786
75591993890
79828638352
79895354000
75726461584
80021457428
79748688544
75592141442
79827732776
75570485904
74380118552
75503921760
74384312856
75508116064
74648554008
75726400144
74652723856
75457141152
74383235664
75457124752
74383399312
75457141136
74383235728
75457124768
75458054676
74383247908
74401208912
75474950736
75452991764
75457202452
79752169748
75457911376
79752878672
75722152528
80017119632
75726346832
75507583300
79752218948
75507583556
79752219012
75508296096
79828380064
74400303396
79753255568
88724867730
79770032784
88724867746
75507313232
75507575376
79752210832
75508361808
79753005640
75508566664
79753005704
74383234656
74383398544
75457140368
74383510036
75457251860
74383510052
75457251876
74383234720
75457124000
75453008196
79748024596
75457251604
79752218900
75591928129
79899478289
75591993665
79899478305
75453073684
79748040980
74400963152
75575171472
74652719696
75726473748
74652731940
74400967312
75575175824
75793713729
80034011728
79811467872
92906236288
74384222880
75570965152
74400950944
75520624930
79815592226
75575159456
74648677024
75722418848
74648693408
75722435232
74379187792
74383198532
75456940356
74383198596
75456940420
75507255396
75503339844
79747778884
75503340100
79747778948
75503049056
79747684704
75503311200
79747750240
75504097632
79748733280
79752235284
75503113888
79747946144
105808177800
75503049376
79747685024
75503311520
79747750560
75452671392
79747638688
75456865696
79747655264
75503143000
79747975448
75503143016
79747975464
75503917456
79748946512
80033945952
79768750612
79827716392
87411956360
79827732584
104734173828
75503048096
79747683936
75503142468
79747749472
75503143236
79747975492
75503143492
79747975556
75503048352
75726363280
80021330576
75456923160
79751890456
75574692484
79836088481
75592239649
79836645953
75592403585
79836646017
75541678626
79836645922
75504425616
79811484064
75571534480
79828261280
75772861072
80038140320
75839969936
80038205856
104734435936
79832844866
97193044578
80038406736
92923243168
80038472336
104734436000
97192684037
80017238608
97192942088
80034015824
97192946184
75570420128
79764527712
75844164256
80038468256
80038210144
148741073552
79764736276
75473963284
79768930580
75587750209
79832369681
75587815697
79832369697
75457251652
79764752660
75457173088
79764674192
75473901200
75587815969
79764690576
75570497684
79764802068
75570497700
79764802084
79765744208
75452930704
79747898000
75457125008
74380053124
75503934032
74384296484
75508128336
74648488580
75743124048
79828183712
97192667658
75473979688
79768946984
79836580370
75592010018
79836580386
75571046752
79765539368
79748700832
79752145504
104734280216
75457202500
75473979716
75453737568
79748704864
75457931872
79752899168
75726367328
80021334432
75722173024
80017140320
74384550560
75458292384
75508132256
79753161312
79747749520
87314532998
79764526736
87314533002
79827716180
87318727302
79827716244
87318727306
75507571024
79768918352
75574679888
75575413124
79769717316
75575413380
79769717380
75525278338
79827470872
97192811018
79753255584
80033958468
87352191616
80017181252
87335414400
79747712580
75503076996
79747712644
75503077764
79747713604
75507313248
79819852098
75525278274
79819852162
75525065234
74384284256
75570977424
74400963216
75575171728
74652719712
75726609040
74652883600
75726625424
75456976480
74383460676
74383460740
75457202564
75503113632
79747946080
75503142532
79747974788
75503143300
79747975748
75503143556
74383497616
75473901920
74400176480
79828195680
87353215624
79768685076
75524885009
79819852305
75524901393
79819852321
75608722050
75453794836
79748762132
79752956436
74648693344
75507583144
74379266344
74383460648
75507337320
75457243488
74384247368
75457989192
75457989256
75456981328
79752096080
75473660240
79752112464
75508115792
79752940056
75508132176
79752927824
88409942592
88426031632
80021363280
88409942656
80038140496
88426031648
75574708376
87386622626
79748024964
79764466080
79769709136
92788656641
74380237392
75507600004
79827733028
75726408324
75520821633
79815608641
75520838209
79815608705
75503061380
79810611300
80033958436
75575663264
79895354016
75504425632
79811484320
75571534496
79828261536
75452811816
79747779112
75457006120
79751973416
75541596706
79836564002
75541613090
74652945028
75743386256
79747779140
79748803168
97192618505
79765580384
97192684041
148736617104
80034015840
148740811408
79828380320
75457960592
79765461600
79769655904
75726396048
80017263124
75743124064
80017263140
75608721937
79903689233
79768733320
87651035714
79831894114
87651035777
79831894178
87651035778
74467936545
75591944737
75503405220
79748041252
74451077649
75524884753
74451094033
75524884769
75503917392
74384230932
75508111696
74648472084
75726395728
79895292304
88485677606
74379004436
75503077524
74383198740
75507271828
79748016528
88467974674
79764793744
88468900394
75473918352
79768885648
74383182376
74383181192
74383181352
75456923176
74383182360
75456924184
79895374224
79819049233
75524344081
79819311185
75525015937
79819786817
75525016193
79819786881
88724777602
74378946896
75456866640
74383141200
75456883024
74384173392
75457915216
74384189776
75457931600
75504097680
79811402080
75571206544
79828179296
79747696920
75456923928
79751891224
75520624914
79815592210
75520641298
75452729624
79827650712
74379331864
75453073688
79747655328
75453737632
79748704928
75457931936
79752899232
80017140384
75726367392
80021334688
75575155344
75453008164
79747975460
75457202468
75452991780
79747959076
75457186084
79752153380
75453733472
79748700768
74383264276
75507533972
74467854865
91823909130
79764526752
91823974666
79827732564
92897815066
80038369952
75507571040
79768918608
75574679904
79768984144
75575466384
75458292368
88459577746
80017197636
80033974852
88477051520
75503143496
79810693656
75541006914
79827667096
79836809746
75542055490
79837022786
75453794852
75503868576
75541596689
74467854881
75541596705
74383509828
75541006417
74400237844
75541022801
88485677705
75453008260
79748024612
74379975264
75503851936
74384169568
75508046240
74648410528
75722152352
74648426912
75722168736
74378945888
75452687712
75453720912
74379995472
75453737296
74378930512
75452672336
75452688720
74379979088
74383398560
75574626632
79768734024
75574626888
79768734088
75457140384
148740909728
74383497632
75473902176
74400176544
75473918560
74401208928
75474950752
74401225312
75474967136
79764461920
75570420064
79764527456
75503311504
79764461984
75570420320
79764527520
75570448708
79764556100
75570448964
75457006148
75453860372
79748827668
79753021972
75722295828
75726490132
75574708872
79894841512
74379331880
75503405160
74383526184
75608721682
74534979874
75608721698
74378946144
75452687968
74379266328
75453008152
75453008168
74378930576
75452672592
74378947152
75452688976
79752927840
91832584744
75458189904
79769705056
92914854422
80021363296
91832756864
75520641313
79815608609
74451093889
75524835713
79764461152
75541005889
79764526688
75541006657
79764752708
75541006913
79764752772
79764461216
79752141200
88455387714
79768918416
88455391810
79828392528
88459582018
79828654672
88459586114
75570448008
75570448776
79764556360
75570449032
79764556424
79752145552
79751944608
74652666500
74446899777
75520641601
75520641665
74451143185
74451143201
75743144608
80021596832
75571210848
79765514656
75571472992
79765580192
75503315600
74379204944
74380036644
75453778468
74380036628
79895358032
88485685794
75452946768
97083525382
79899543874
79899478338
97083525386
79748024648
97083525381
79764801864
97083525385
75508304264
79828396368
75575413128
79895308624
75776739720
75776739976
80021375624
79827716644
87385844354
79903738497
97193044618
75457960608
79765461664
75474688672
79769655968
75726396064
80017382048
75743124128
92914592394
87411944072
79768749704
87651125898
79836088418
97193073312
79836088482
104830904962
75570490016
79764794016
79764736292
75473963300
79768930596
75587750273
79832386065
75587815713
79832386081
75457251716
79764752676
74467871249
75591993633
88484751890
79764793760
88485677706
74383444520
75457186344
79748946592
74378946960
75456866896
74383141264
75456883280
75457915472
74384190032
75457931856
75570514248
75504097696
79811402336
75571206560
79828179552
75772533152
80017234528
80021428832
92906498688
74384296520
75571030368
74401024536
75575224672
74652731976
74652732040
75726473864
75592010273
79836645921
75570514024
79764818216
75473979780
79768996132
75591944577
79899494929
75592010113
79899494945
75457268100
79764818212
74379003416
74380036632
75453778456
74380036648
75453778472
75453794840
74380053032
75453794856
75452745240
74383460904
75457202728
75503114832
79751879056
75507505744
75508292176
79752927632
79752993168
80038414984
104734419616
75571481220
79765588612
79828245152
92914592298
79747918416
79752112720
75575159376
79769659792
79769676176
79764489796
79764489860
75524229505
79764490820
75524229761
79747688784
88467908881
79811471696
88467908898
79748733520
87336200768
79765510736
87352289808
80017168976
87336200832
80033946192
87411042592
79748733584
87411026448
79765539348
80038209952
75777059488
74379975328
75503852192
74384169632
75508046496
74648410784
74648427168
75722168992
79768918624
92923038248
87381640866
75452933728
74379208288
75452950112
74379266584
75453008408
74379266600
75453008424
75452934736
74379209296
74652682632
75726613072
79753140832
75503921808
79748950672
75503339144
79768659600
75574692168
79768996168
75574692424
79768996232
75507336772
79764723296
75541005953
79764752004
75541006721
79764752964
75541006977
79764753028
75507504800
79764723360
80021457544
97209854624
91639351586
92763400458
79836760385
91706460450
79836809745
92780202274
75508128352
79753021988
75503114848
75503376992
79748012448
75504163424
79748827716
75504388740
79748827780
75541612818
79764674960
75456866656
79748704608
75503855968
79748688224
75503872352
75474967184
79769934480
75772795552
80017234592
79764531792
88468654618
79764818308
74383402576
74399975752
75473717576
74399975816
75473717640
92897815082
79752141216
88455387778
79768918432
87394191650
79764736388
87394257186
79832566337
87402613032
79832828481
87411034402
75570488992
79764792992
75570514312
75503315616
79764466336
75570424480
79764531872
75571210912
79765514912
75571473056
79765580448
74379188816
75452930640
74379205200
75570432084
79764539668
75570432100
79764539684
79747897936
75457124944
75570448468
79764556052
75570448484
79748041032
97192601866
75508320648
79828396432
75575429512
79895308880
75776756104
80021629520
74383198600
75456940424
74379266580
79752211104
104734296616
75503933776
74384230948
75508128080
74648472100
75743123792
74652666404
75743140176
74380053028
75503933792
79747896976
75591928097
79836580113
75591944481
79836580129
74378929504
74384231044
75571042640
75575236944
75743185428
74669443620
75743185444
74379004184
79764462224
74384312904
75571030624
74401090072
75575224928
74652748360
75726662288
74652986000
75726727824
88409180456
79768930628
88425957672
79832582465
88409245992
79832615457
88426023208
79828453928
104734415520
79828392288
75507570320
79752205968
75507583364
79752219204
75507583620
74379004548
75503323300
75507517604
74451077761
74379069988
75503339684
79748700576
75541022866
79768947224
87395162658
79810627688
92902005408
79810627752
75452951184
75457145488
79752112784
75575159440
79769660048
79769676432
79747688800
88467974420
79764466016
88468654614
79811406176
92788574721
79811471712
97192618501
79752169796
91639351842
79768947012
75575466656
79769967264
92763400714
79836776769
91706460706
79836809761
92780267810
79752997280
88485440034
74383182104
74383182120
75456923944
74384173408
75457915232
74384189792
75457931616
74383197828
75456939652
74383198788
75456940612
74383198852
75456940676
104734419592
79753259680
79836629378
97192782498
75456977248
75456911712
74383235424
75456878928
79751846224
75508062544
79752894800
79747651920
74384218464
75503114912
79747947168
75503377056
88467909154
79765523080
88468916810
79748745864
92721523202
80033958536
92914756104
80017181320
75503405704
75452672416
79747639712
75456866720
79747656288
79748688480
75503872416
92897814810
79768988240
74378945936
75456865872
79764538900
75473901136
79764538916
75570432148
79764539924
75570432164
79764539940
75457173136
79764555284
79836760386
75776989792
80034208400
79811418784
104717658692
75772602784
80017435232
75508619920
79819803170
79828654688
75575728784
75473717800
79768685096
79819852322
75524901410
79819868706
74652732036
74669460004
75743201828
74401008164
75524245665
74451159585
75457989160
79748762152
75608721954
79765801604
87315319442
79752997456
97201039877
79769774672
97209461253
80038210128
75839933060
80034040452
75570977440
74378941776
87394921096
87394900514
79764727376
87394904610
79747950160
79810611368
75520035458
79814854818
75520821890
79815674178
74399976068
75574626468
74451094145
75587815953
74451159681
75453073700
79748040996
75457268004
79752235300
75608705313
79903672609
75608721697
79903688993
75571042896
74401024644
75575237200
74652682884
75743386192
74669460100
79895288400
74380241504
74652723616
75726367072
80021334368
79765842592
75458030224
79765482080
75474709088
79769676384
75587930497
79832385857
75587947073
79832385921
75772598864
80021363088
80021428624
75520035201
79814854753
75507505824
79764724384
79768721040
87381641866
79827716196
87385836166
79827716260
87385836170
74383198760
75456940584
74384247320
75457989144
74384247336
74384230936
75457972760
74384230952
75457972776
74401225360
75524819218
75503852112
79748684176
75503868496
75452683600
79747650896
75456877904
75452683616
79747650912
75456877920
79751845216
74379004456
75503077544
75507271848
75521083970
79815657858
80034208416
79764691616
79747651152
75503126612
80021375556
88409156224
80038152772
88425933440
79747959060
75503126628
74401213072
75575224976
75474708880
75520625170
79815592466
79748024708
87394912866
79764801924
87394912930
79748799056
87403309632
79765576272
87411829264
87411935896
75570448772
75592124801
75570514004
79747712548
79747713556
75503077540
79747713572
79747897680
75473639760
79747914064
75457128016
75457144400
74383444504
75457186328
74383460884
75457202708
79747762456
75456989464
79751956760
75524819266
79832369426
75524884802
79832385810
75452811544
79747778840
75457005848
75457201796
74383460932
75457202756
74383460996
75457202820
79751907976
87395183240
87651035784
79819803266
79819868802
74379188880
75456911968
74383235680
75456977504
74384218720
75457960544
75452684688
79747651984
75456878992
79751846288
75508046224
79748762248
88467974696
79765539464
88485694026
80017197704
92788656642
80033974920
92713068810
92780177674
79836760641
79837022785
97075144970
75458038340
75474766356
75503061576
79747754320
75503053392
79747688848
75503315536
79747754384
79747762504
75503323720
79747762568
79747697032
75456883296
79751850400
74383509896
75541006434
74400237864
75541022818
74379995744
74384190048
75508066720
74648431200
75726350752
74652625312
75726367136
74652883536
75726625360
75503934096
79748962960
79764556164
75503310480
79764460960
75570419296
79764526496
79828658848
74384218512
75457960336
75508619936
87381641634
79828654752
75504109956
79811418448
75571218820
75772545412
80021363024
75776739908
80021375364
79747753616
75503389000
75503389256
74379979408
75453721232
75453860392
79748827688
75458054696
79753021992
75722295848
80017263144
75726490152
75457141344
79752108640
75574642772
79768750356
75574642788
79768750372
75457140304
79752107600
87381640842
79764555396
79836088401
88468654498
79836088465
88468654754
79811402320
87336200576
79811467856
87352182408
79827454036
87318465128
87385835170
87314270882
87318440320
80021691024
88729037440
80038144656
79747683680
87314286210
79764460896
87314532754
79810627668
87335438632
79810627732
87314531974
75457186068
74383444260
79747950176
92901878022
75574626692
79831894113
75587946881
79832386113
75587947137
79832386177
75508304260
79828392272
75525016194
79765777040
75524885025
74383247940
75524229265
74399975956
75524245649
79768988048
88724777538
79895308688
79768655248
75520706834
75456989512
74380053012
75503917408
75508111712
74648488468
75726395792
74652682772
75726461328
74383239504
74383403344
75457145168
75457128784
87314287234
79768655200
87315335810
79810627684
87335438888
75508291984
79828375904
79895288160
75772561796
75772562052
80017197700
75503872672
75458030240
79765482144
75474709152
75726350672
80017140048
79748688208
75722156368
80017123664
75574626388
79768733972
75574626404
79768733988
75525130785
79832582785
75507534212
79751943840
91824105994
79768721056
87318439296
79810611348
87318463906
91824335402
79827732580
105807948328
75452933792
79747901088
75457128096
74383264296
75507533992
74467854882
75592010002
74467871266
79752095392
79752956484
88410032680
79769733700
88460380802
80021391940
88410204800
80038169156
88477313664
75504192072
79811471968
75571300936
79828249184
80033950304
75810490946
79752169860
92713069066
79768947076
92780177930
79836777025
92780202530
79837039169
97075145226
79748016464
74648554004
74384218768
75570960800
74648554020
75722295844
75504109960
79748745800
75504110216
74401225296
75574625928
75574626696
79768734280
75574626952
79768734344
75541022881
79768947236
75575405136
79769708944
75575667280
79769774480
75452667232
79747634528
75456861536
87394232865
79764539976
87395175049
79832369730
92788627714
79832435266
92914592420
80038152836
79828503076
88425925256
80034237060
97201465984
75776993952
75458054724
79765604884
75474831892
79769799188
75726490180
80034040340
75743267348
80034175584
79748015760
75503389064
74400303400
75574708328
74534979970
74446883090
74446883106
74378987800
75608721938
74534980130
79828261472
75473979672
74379995808
74384190112
75508066976
75726351008
74652625568
79895304864
79764690512
75473917520
79768733220
75574626452
79768734228
79768734244
75473906080
75457238672
75726424708
80034023972
75570419360
75570514244
79764818244
75570514500
79836563841
148556237122
75504126340
79811418704
79828195920
75776805444
80021428816
75503405444
79748041284
80038218276
79764728224
75570489952
75571276384
79765604936
75571497608
79765605000
74652731944
75743144528
75570981520
79899494722
97083525638
79899560258
97083525642
75473917584
79768884880
75574691988
79768996372
74467936785
75591993889
74384452176
75458194000
97083533826
80017173136
97083529730
80033950352
75524344337
79768930692
75772627588
80017459844
75570448532
75574642836
74467871297
75591993873
87336290856
79827716372
87318731394
87318735490
79828375952
79828503060
87352183432
79828376208
87385852546
74380118548
75503917664
75508111968
74652719760
74534979969
74383239520
75457129040
74383403600
75503921568
74384435808
75508115872
74384435792
75508115856
75726424456
74467871042
75541612866
75508292000
75453995600
79828375968
75575400864
79895288416
75772598688
75592010258
79764818456
75504097952
79748733600
79895308944
88728971905
75453720976
79748688272
75457915280
79752882576
80017123728
75726350736
79747913360
79752107664
75574691924
79768996116
75504110212
79811483984
75571219076
79828261200
75772545668
79832451457
80038140240
75789519489
80038152580
75772807812
91622550026
91639327242
79827470612
80017140304
75507309136
75507571280
79752206736
75508357712
79753005636
75508566660
79753005700
79748704592
79752898896
75453737312
79752898912
79819786530
75524835618
79819802914
74379266632
75503388824
74383510040
75457243728
79764695632
75473922640
79768889744
75575224912
79769782808
75575241296
79769782824
79752207008
87382690466
79810693208
75592124738
74383496864
75457238688
88467909138
79811422544
88467909153
79811488080
74384218784
75570961056
74400946848
75575155360
74648672928
75722414752
74648689312
75722431136
75503078020
79810677284
88425907848
79827650724
75525278337
79832844865
75503340164
80021695120
79747697284
87385769546
79764474500
87385769640
79815592577
87385810560
75507533448
79768921744
75574642312
79768987280
75574692232
104835164800
75452746120
79747762472
75456989480
75503142996
79747975444
75503143012
79751956776
75524819330
79832369442
79768660624
79836629570
97193044641
92914854564
75571210832
75520035138
79764474184
75520035394
79764474248
75503314512
79764465040
75570423376
79764530576
75570432328
79747901792
75473643872
79747918176
75503921504
79747656336
75452746276
75456940580
79751907876
75524819489
79819786785
75524835873
79819803169
104734435908
80021637768
79764818568
88467933474
88467999010
79832582721
88476354856
88484776226
79895358048
97209461257
75473660304
74400950672
75474692496
74400967056
80017234512
75452992024
79747959320
75587734034
79832434962
75587750418
79832434978
75503053136
75503315280
75504101712
79748737360
75541809794
79894841508
80021654148
97192798730
79769012552
97193044506
79903689026
148623149586
79903754562
148623149602
75507575456
79748737696
97192602122
74383444552
75524278370
74400221720
75524343906
74451094082
75524835906
74451094146
75524835970
74383510088
75541006482
75575224720
79769922128
79814855201
75520051841
79815116961
75520838273
79815674433
75521100417
79815674497
75507518084
79827651108
79752140384
91622615562
79768917600
91639392778
79827470628
75473979684
79768946980
79836580369
74379003432
75452745256
74379004440
75452746264
75456924040
79764474152
75473701160
79768668456
75520641410
79815608850
75457927776
79752895072
75520706850
74378930528
75452672352
74378946912
75452688736
74379979104
75453720928
74379995488
74383510152
80038206096
79828638368
92914625034
75507272324
79827454500
75524246145
79831894561
75525032577
79832680993
75525294721
79832844929
75507534468
87411952226
75507309152
79752141456
75507571344
79752206992
75508357776
79753190032
75524278801
79819049105
75525065233
79819852097
75525278273
79819852161
74534963746
79895374240
79764539688
75524835714
75524901250
79832451362
75457005960
79764556072
75457243744
79764695696
75473922704
79768890000
74383526424
75457268248
79769922192
75575241360
79769938576
75503405384
79810955352
75608901954
79903672642
75608902210
79903672706
79751883104
88468642338
88468904482
79811422560
92902267552
79811488096
104717638280
75571272288
79765604932
75507254856
79764473416
79764473480
75520035202
79764474440
79764474504
75507508816
79764538952
79752940164
88425925000
92721453570
80033950032
92721457666
80017172880
92788562434
80033950096
92788566530
92721453314
79815657794
92721457410
75571042912
79765604900
75743144272
80021375528
75726625440
80021592736
75541613186
75508128416
79753157280
74652887696
75726629520
74379266340
74383460644
74467870993
75541612817
74383432032
75457173856
74384247364
75457989188
79752091984
75473656144
79752108368
79752940052
92914592138
79752940168
88468925000
79769717384
88724761218
80038152840
105866766880
75571219080
79828265296
79764728400
88468646434
75456915872
79747902048
75473643936
79747918432
79748950624
75503937952
79748967008
75507271240
75524245058
80038472352
148757850784
87411009825
79764556104
87411690022
79836563778
79836629314
97192782497
79748737376
88467974436
79765514592
91824335386
75457006116
79751973412
75541613089
79836580385
148736617120
79764556308
74383436384
75457178208
75456981344
79752096336
74379209360
75473644176
74383403664
75473660560
74400950928
75474692752
75474709136
79748799072
79765576288
92914592294
75503053152
79747689040
75503315344
75520034914
79747754576
75504101776
79748737616
75504175688
79748803152
75458038408
75474766376
79769733672
75743201832
80038169128
75473906064
75507320936
79752153384
79751956100
87381649986
79768733316
87382624906
87386819206
79831894177
87386819210
75452934496
75457128800
79752096096
75570964816
79765465424
79748012432
87382428306
79764789648
87382428322
75474045220
79769012516
74383181188
75456923156
74383181348
75456923172
74383182356
75456924180
79764735620
87315352194
75456924196
79827454248
87395179144
79827454504
75571300932
74384185680
75457927504
74384169296
75457911120
75456862544
79764462240
79828380048
88468658824
79764789904
87386638978
79895353936
75452729620
79747696916
75456923924
79751891220
75520624913
79831894289
75772545672
75570961040
79765461648
75453733536
75457927840
79752895136
74378930592
75452672608
74378947168
75452688992
75453721184
75503143080
75507337384
74467936530
75541678354
74467936546
75541678370
74380257888
79764736296
75452810776
79747778072
79751972376
75504360080
79811467680
79832385858
79832451394
92788631810
79752931664
79769708880
88485677590
79828396448
104734419600
79751944848
75473905248
79764555304
75570448536
74399975976
75524245666
75524901394
74451159586
79764556312
75452929616
79747896912
75457123920
79752092240
75570977376
79765477792
75452930656
79747897952
75457124960
79752092256
74648488488
75743127904
75503937888
74652682792
75743144288
75574708392
79747761684
75456988692
79751955988
75524278353
75524278417
79747778068
75570431620
79768720784
75574626628
79768734020
75574626884
79768734084
75508369992
79828453912
75524278561
79819049057
75575667344
79769774736
75503339604
79747778836
74451077409
75524835601
87411939874
79819802946
92902009504
79819868482
79751973192
79810693288
104717380232
87411694114
75456923204
79751882080
79814854738
87394912841
79814854802
87394912842
79751906696
79764473224
79747696008
79769774752
97209461258
75456939588
75473716804
74379331876
75503405156
74383526180
75507599460
75608721681
74534979873
74383432288
75457174112
74383497824
75457239648
74384480864
75473656208
75575405152
79769708960
79752956552
88468925064
79769733768
88724777608
80021392008
80038169224
105875278472
75587947074
79810938984
87411010081
148623149346
75776793184
80021625488
74652748328
74380253792
75507504784
79764555332
75570448004
79764556356
75570449028
79764556420
75473700376
79764473384
75520034962
79764474392
75520034978
79764474408
75456988744
79764489752
75473716760
79764489768
74534980226
75571206752
79765510560
79765576096
74379191904
75456914848
75507271768
74383264072
75457005896
79751907608
79899478337
87411026208
79899543873
80017431200
75776739716
75776739972
80021375620
88468908578
75777018500
80021457540
80038205840
87386884776
80038144592
79811471776
97192618502
75458054792
79765604904
75474831912
79769799208
87382628994
79768929924
87382633090
79831894305
87386823298
87386827394
92906072330
75839969952
80034273952
79751972484
87381650050
79768749700
87382690442
79836088417
88468785698
79764792976
74383444616
75524278434
74400221736
75524343970
74451159618
75524901442
74451159682
75524901506
75541006498
88455382666
79764789664
88455383690
79895288224
79827454484
87318497922
79831894097
87319513746
79831894161
87319513762
87386655362
87382461058
79748012688
87382690450
79811406480
79752144480
104734157200
87381579394
87381641798
79819049489
87381640838
74378942864
75456862800
74383137168
75456879184
74384169552
74384185936
75457927760
79747951200
92901878278
79764728416
75504126600
79811488336
75571235464
79828265552
75772562056
75793713794
79752169092
79768946308
91706501642
79836088609
92763466250
74652731972
75726473796
75726473860
75726424644
87381580354
79768667716
87381584450
79814854945
87385774658
87385778754
87381645890
75570497704
74400238216
75574692008
75457268264
79752235560
92897651209
75575237008
79751906884
87381580418
79768684100
79819049249
88409180712
79819049505
88467933730
75457964368
75474692432
79769659728
75726399824
80017181208
75743127888
80017181224
75473659552
79752111776
79827470484
79832828482
97192618249
75452947024
79747914320
75457141328
79752108624
75575155280
79769655696
79769672080
79768722064
75457177248
75570424416
87318505856
79747684688
79811402064
87318440256
79819803010
75592141122
75504167312
75571276176
79828199776
75772602768
80021367136
75776756296
80021391752
75575220816
79769782804
75452934816
79747902112
75457129120
74380118568
75503938144
74384312872
75508132448
74648554024
75743128160
79768655504
75574692164
79768996164
75574692420
79768996228
75508386376
79828519448
79765482128
79751947872
75507337544
79752169800
92897978888
79748745608
92788566274
79832435074
80017181064
92897815208
80033958280
80017238416
75503143304
79810693416
75541006722
75608787233
75457129056
79752096352
75574684240
75575470672
79769782856
75575675528
79769782920
74383526436
74383403360
75457145184
75503851872
79748684128
75503868256
79748700512
75457268260
74652928644
75726670468
87411829280
75504110152
79748811336
88467974689
79765588552
88468916873
80017246792
92788627970
80034024008
74383182152
75520034898
74399959320
75520051282
74446883346
74446883362
87394896410
74384288416
75570981536
74400967328
74648430928
75722172752
75575175840
74652723872
75726613152
74652887712
79747713416
75575401104
75473638800
74383398480
75473655184
74399975748
75473717572
74399975812
75473717636
74379204176
75609180802
79903754882
79811484256
75570484896
79764788896
80021375508
75570514308
79764818500
79764818564
74379191968
75456915104
74383238816
75456980640
74383526216
75457268040
74383526280
75457268104
75452687776
79747655072
75456882080
79751849376
75507337304
79903672641
97192782154
79903738177
97192782218
75508320644
79828392336
75575429508
79895304784
75776756100
80021625424
75776805508
80021637764
74384284064
75458025888
75503872592
79748704656
105875286656
75508361872
79753194128
97083591173
79769709200
97083591177
80021367440
97083591174
97083591178
75520051298
79747712552
75456939560
79751906856
75524245586
79768684824
75524245602
79768684840
79764474244
75452746020
74379004180
75452746004
74379004196
74378941792
74378925408
87395175074
87353232008
75503323528
79810676840
75570432392
79827454056
75587930498
79832385922
75508583048
79753022088
79828265360
88468916874
75839974048
80038210208
74384312900
75571026528
74401090068
75575220832
74652748356
75726658192
74652981904
75726723728
75507321224
79819049250
75524344098
79819311202
75525032322
79819803202
75525032578
79827667240
75571538592
79768922720
75452745352
79747761704
75456988712
79751956008
79768930584
75524343954
79768930600
75452810792
79747778088
75457964384
79765465488
75574692004
79768996388
79810627748
87394191906
75452947088
79747914384
75457141392
79752108688
79769655952
87336200512
87381641618
79751891336
87394921032
74379991648
75503868320
74384185952
75508062624
74648427104
75726346656
74652621216
75507337608
75507337364
74379004228
75503323220
75507517524
74451077441
75587733777
74451142977
75587733793
74379069716
75507583304
79827667224
75592124802
79836564034
75592125058
79836564098
79811406240
75571210896
79828183456
74399975716
75524245601
75524835857
74451094049
74451077665
74652682788
75726424612
80033950368
79751907720
79768684936
74451093825
75587734033
74451159361
75587734049
74383264068
75456910752
79747896928
75473638816
79747913312
75503143060
79747975700
75503143076
79747975716
75507575392
79768922768
79768750664
87655230081
79836580418
97193061024
79836645954
104835189382
75452668320
79747635616
75456862624
79747652192
88460626566
88484751905
88485694089
80017263176
80034040392
97209821857
75574708372
79769012756
74379979152
75503856208
74384173456
75508050512
75722156624
74648431184
75722173008
92788591105
75473639056
75473655440
74400237892
74400237956
87394978338
79811422864
75456989828
79764490788
79768685092
75524901409
79819868705
79752993440
75503118992
79747951248
75456923272
75473700392
79768667688
75520051346
79768668696
75520051362
79768668712
79752956452
75743402640
74384493192
75458235016
80038369936
74383501904
74400180624
75473922448
74401024584
75474766408
74401024648
75474766472
79765785220
79752993360
88477051456
88485571088
80038206032
88485571104
79810939044
87385835146
79903738241
97192782474
74652723792
79752932000
79828249248
97196845578
79769709216
97209444874
80021367456
148736862880
80038144672
75772795472
80033946000
75592174097
79836629313
75592387137
79836629377
75570432324
75587930433
79832369473
79827454228
79747946064
79764723280
75503061636
79810611364
75520035457
79768984160
75503077700
79810677012
75524229441
79827650644
79832566081
79810938964
75456939656
79764538920
74534980161
75608721985
79836629281
75458177680
75592239634
79899494786
75503380816
79768660304
75507255620
79814854929
75520051521
74451094034
75524884770
79815116881
79815592513
75458026128
79765477984
79769672288
74379192672
87394232849
87394920978
79827650840
88468646418
87411694098
79827651096
87411698194
79747950992
88467974673
75592010017
79748041000
79764556068
75452929632
75457123936
79752091232
75504175752
75571284616
75504429712
79811488160
75571538576
79828265376
75592174114
79836645698
75452729640
79747696936
75507599688
79827732760
75574708552
79894841432
75608902018
79903672898
75608902274
79903672962
79819868546
91840735753
75504102048
79811406496
75772537504
80017173152
74379068952
75456915088
75772799648
80017238688
74380237472
75453979296
75608787489
79765588500
79819803265
88426023464
79819868801
88484776482
79748762244
88425924232
88459577762
80033974916
75503143560
79810693672
75503311456
75541006978
79827667112
79836809762
75542055554
79837039170
75776797344
80021629600
80021432736
97201433248
75541613073
74467871265
74383509892
75541006433
74400237860
75541022817
79769918032
74383140512
75456882336
79769971296
79765777056
79768750628
75541613185
79836629537
75541678625
75575478920
79769979528
79828200096
75453860388
79748827684
75726490148
88409967144
80021457444
74383501920
75473906320
74400180880
75474954896
74401229456
75474971280
79752993376
79899544082
75592010306
79899544098
75503118736
79747951184
79748016720
79748999760
79749008008
74383526212
75453983376
79753144976
75722418832
80017386128
80021580432
79827470868
75608918657
79768733256
87411944008
79827650856
87411956296
79827651112
87411960392
79752145232
88468904520
79768922448
88468908616
79768983952
88456170146
79895304592
88460364392
79895370128
88460364450
79751948960
92906072586
74383399248
75457141072
75457972756
75457972772
79899478402
79899543938
79752145488
88468904584
75508304520
79828437544
75575413384
79895374160
75789535874
75458026144
79765478048
75474705056
79752878416
75726346576
80017135952
75722152272
80017119568
75507321480
79819049506
75524344354
79819311266
75525130786
79819868738
75525294722
87651035716
79831894562
104734157216
75452929696
79747896992
74383264292
75507533988
79752091296
75457268296
75507337368
79752170008
75542055553
79837022849
79828195728
87386663488
75772861088
80038140576
75504192068
75507583128
74468051330
75591944514
74468067906
75591944578
75524884866
79832385826
75507337864
79827470888
79836088866
79836875298
75571272352
79765772960
75457178256
79764679072
74384296584
74401024552
75575241056
74669460008
79828453924
75574625924
79768734276
75574626948
79768734340
75571042976
79765740192
74652945032
75726686856
75743144336
75570485840
79768721808
79769770384
75575401040
79769704848
79832435265
87385835944
79819852417
75508296032
79752931680
75508320840
75520624929
79752956296
79828248912
88468654666
79769979524
92906072582
79752882784
74379991712
74384186016
75508062880
74652621472
75726363296
80021576352
79764679056
75453983328
80017169056
104767793792
79764527776
75508066912
79752898976
75507505808
74383264328
75457006152
75473659232
75507271832
79751907864
79751907880
79899494721
88484768032
79899560257
88484784416
74383239584
79747656032
75456883040
79751850336
75456981408
74384222624
75457964448
75473906256
79764695440
79765510800
80033946256
87411042848
80017169040
87411026464
97192815264
79828244832
79811488416
79828195984
91706436106
79752206752
88455391874
79768983968
88456432266
79895304608
88494066312
79895370144
74379209056
75503060552
75520034370
75503377040
74383399504
74648410512
75722152336
74648426896
75722168720
74379266324
74383460628
75507337300
74467854609
75541596433
79764818312
75508320904
79828503080
75575429768
79895374416
75776756360
75453716880
75457911184
79752878480
75726346640
80017136208
79811467936
79895357840
88485677610
79895292240
79895357776
88485677594
87394167314
87395158554
75574708616
79752940068
75743267368
75503388756
75507583060
74468051265
74468051521
75722168976
79765744288
79765727904
79748016480
88467974680
79764793696
88485677642
79895357792
79895357856
97209461254
79836564033
79836629569
88485431906
75507312032
79819049122
79828248928
75456976528
75504097616
79748733264
75504110148
79748745604
75503049040
74384218704
75570960784
74400946768
75575155088
74648488516
75722230340
88724777601
79752210768
79768987984
88724761154
88724761217
75524278802
79764736392
75507517832
74400303380
75574708308
74400946832
74534963745
75608705569
74648689296
75722431120
75525130770
79832582722
79752210848
88485685896
79895308704
97209850528
79752210784
88468908680
79768988000
88724777544
79895308640
92923239072
79768885904
75575237264
75575220880
79751883168
75508128096
74648488484
75743123808
75743140192
74652682628
75726424452
74384431696
75508111760
74648672848
74380253776
75507517768
74379069972
75503339668
75507599508
74380118564
75503934048
74652748324
75743140448
75507583124
74468051329
75591944513
75743201860
74669525540
75743267364
74384296516
75571026272
74401024532
74383248004
75524229281
74384296580
75571042656
88459618944
75587750465
74451159617
75587750529
74383264324
74383264388
75570448548
75574642852
74384312964
74401090084
75575237216
79764489608
87394912794
74383197768
75503061092
79747696932
75452667216
79747634512
75456861520
75503061076
75503851856
79748684112
75503868240
79748700496
79810676900
75570432644
79827454116
75587930753
79832451393
75588192897
80038140256
75503389316
79810693284
79810676836
79810677028
79827650660
75525130769
79810938980
75504126596
79811484240
79828261456
75793713793
75592239633
79899494785
75507534216
75776993936
80021432976
75507320932
75524884801
74451143041
75452667280
79747634576
75524884865
74379249956
79815608961
75507517828
79827650852
75508304516
79828437540
75789535873
75575466576
75776793168
80021441092
75777002116
75507272068
79827454244
75524245889
75525032321
79832582529
80038402656
75508320900
75575429764
79895370320
75776756356
92914477321
79764752008
92914493705
74383399264
75473656160
79751907860
74648427152
75726346896
74468313665
75591993729
75503921552
75726367056
80021334352
75452950176
79747917472
87394912550
75456910672
79747696148
75473638736
79747696164
75503061140
79747697172
79747697188
75456910736
79747712532
75473639824
75503933840
79748962896
75743390352
80034179728
75474831908
74652719776
75726609056
74534980129
75591993985
75575171744
75608721953
74652883616
75457960272
79765461328
75474688336
79764818468
79811402144
75571206800
75575495236
79895353952
75810491009
75726367120
80021334416
75772533408
88459577768
79748811332
79810693272
75570498120
79827470488
75520034897
74399959316
88468900378
74379188832
75456911776
74383235488
75456977312
74384218528
75457960288
75457960352
74384247172
75457988996
74383247748
75453008264
79751891236
79751845200
75507255380
75508046160
79751846240
79752894816
75452684640
75456878944
79747651936
75508046176
75456977568
74384284320
75508292240
75772598880
80017263172
97193044522
75452683680
79747650976
79747652000
75456879008
79751846304
79752895056
75507599684
79827732756
75574708548
79894841428
75608902017
79903672897
79903672961
79828376224
75575401120
80017431136
74383263300
75457005124
75457006212
74383432096
75457173920
92906461856
79751890468
75507255444
79751891476
79751891492
75456976272
79751906836
75473655136
79751906852
75507271844
74383431328
74383432352
75457174176
79752112736
75473655200
79752107616
75473656224
75508111776
79752170004
75508128160
79753157216
79753140816
92788574466
97192782244
74379204960
75452946784
79764461968
87319447976
87314269586
79764460880
87314269602
79810611284
79811467600
79810676820
87318464146
79810676884
74383198488
74451077394
74451077410
75524819234
74648414560
75722156384
75508050272
74648430944
75722172768
79831894306
87651035780
75524835649
80033974660
75772611140
75772795536
80033946016
75839904352
80034011552
75570498116
75503389252
79810693268
75571284548
87381641874
79811467616
74383264024
75507533912
74467854610
75591928082
74467870994
74379979168
75503856224
74384173472
75508050528
74648414624
75541612929
79827667092
75541793345
75542055489
80033946272
79827732628
75608902209
75609164353
75504360096
79828245088
75810490945
79764694624
79811406224
88467974433
74400946576
75474688400
75474704784
74379205216
75473639840
74379204192
74383398496
74400041236
75473783060
79768656272
79811418512
87386597952
79811484048
87386819176
79751877968
87314286978
79768655184
87315319186
79751878032
74379204256
75524819490
74383247688
75524229202
74399975704
74451077650
75524819474
74451077666
75473639072
75473655456
75722230312
74383402592
75473659296
74400041256
75473783080
79819852353
75508554384
79751878048
87314537090
79768655264
87315581574
79810693220
79751879072
87381658242
79768656288
79811418528
87416130184
74384222560
75570965088
74400950688
75575159392
74648676960
75722418784
74383198536
75570432088
74451093826
74451159362
79752169096
104830904904
104830904964
104830904968
75507337796
75541023297
79836088849
75541809729
79836875281
75776821828
75507599940
79827733012
75574708804
79894841492
80021375512
75457242784
79764694688
87318768000
79764474136
74400176528
74399975044
75473716868
74399976004
75473717828
74401024580
74383496848
75473782292
75473782308
75457186324
79752153620
79832434961
75453008404
75722414688
80017381984
75726608992
80021576288
75453979232
74383459972
74401225376
75474967200
74401208976
75473901216
74400175776
75473917600
74400303636
75474045460
74400303652
79752878432
75453073940
79748041236
75608705553
75457268244
79752235540
75508320836
79752956292
75507504736
79751943584
75503113616
79751877984
75507271236
79751906692
75507505760
74380053064
75453794888
75473643168
75503872608
79748704672
75503339608
75503339624
79747778856
75503052384
79747688080
75456866912
79747656096
80038414980
92923103784
79747750224
87318505792
79764527440
79828179280
87318506048
79827454100
79764526480
87318767936
79747750288
75508386372
79751944864
75508554400
74379004200
74383198504
75507271784
75524835602
74451093794
74378987816
75503061096
79747656352
75452671648
79747638944
75456865952
75452672672
79747639968
75503323784
75587930754
79828244896
87411935912
87314531978
79827470420
87381641890
87394912674
79747750304
74379004296
75503323240
79832435233
75457251908
79764752916
74379995536
74384189840
75508066896
75726350928
74652625296
75458222672
79768947220
74384484960
75452745288
79747761688
75456988696
79751955992
79764736280
75524278418
75520641297
79815592225
75452729636
75456923940
75722168912
75726363216
75587750177
80021330592
80021330336
79747762452
75453733264
79748700560
75457927568
79752894864
75541612833
79836563729
75453716896
75507583560
75473979972
75591944769
79899544081
75592010305
79899544097
75457268292
79764818452
75608787473
80034175632
80034015648
75722213908
75722213924
79769655632
80017181204
80017181220
75456923972
79764474132
75473701140
75520641345
79815592465
79815592481
75456989508
75743140496
80021576272
75743124112
79903689249
75524901185
75507308896
79752141152
79752956548
75507533444
79751973444
79751973508
75507571296
87655230082
79836580482
97193077408
79836646018
79747762728
75456916048
79747901840
75473644112
79747918224
75503938128
79748811304
75473643104
75503339672
79747779096
79748024856
75503856272
79748688528
75726367312
79751890308
87314303362
79768667524
75507337604
79752170052
75507337860
79752170116
87315319202
79814854817
87314541122
75507307936
75507336836
75507309216
74383182216
74399959336
74446899586
75520641554
74446899746
74652666408
75726408232
74652682776
75726424600
75726424616
79747902096
75503405224
79748041256
79751891272
87394916936
87411935766
79815608642
92721518850
92721522946
87314303618
79768683908
87352216104
79819049121
87315581578
79751944544
87352167048
79768721760
79828261216
87420348992
80021432992
79899478401
87411690082
79899543937
87411690146
79748733328
87319488896
79765510544
87319513704
79748024644
87394912610
104768080552
75570432104
74451093890
74451159426
75587750434
79747713348
87318480514
79764490564
87318727058
87335504168
74379266440
79752927888
79769705104
88484784656
80021363344
88484768288
80038140560
88484784672
79751891268
87318481282
79768668484
92914608650
79769705120
92914854426
80021363360
104784767616
80021428896
104801544832
75503061320
87386884770
75520821570
79815592258
87318464162
79747683728
87314269842
79764460944
87314269858
88459582082
75504101728
79811406416
75571210592
79828183632
75772537184
80017173072
75772611144
75504101984
75772537440
75772799632
75507599944
79827733016
75520821826
79815592322
79753157200
79832451345
75591928353
79836645649
75587750433
79752153636
79832451361
75457186340
75722431056
75722414672
75591928449
79899478561
75453073956
80017398416
75453995664
75458189968
79753157264
79752235556
75456923016
74378987032
74379192656
75456915792
75456915856
74384222608
75457964432
74383239568
75456981392
74383197720
79765723728
75726658128
80034023956
75575429700
79769733508
75570484880
79768720800
75503376784
79768656224
75570485648
75524245057
75507517528
75507517544
74383444360
75457186184
74379192720
74383239760
75456981584
74384222800
75457964624
74384288336
74379003464
79751907656
87394917000
79768684872
79836088593
79768655456
75575404880
79768720992
75541023041
75772545416
80017181256
75503376800
79768656480
75570485664
75507255624
75452688016
79747655312
75456882320
79751849616
75507583064
79752218904
75507583080
79752218920
75452688032
79752235288
75524835905
75456924036
79764474148
75473701156
79768668452
75520641409
79815608849
79815608865
75726395744
75453733200
75525032258
79832566146
75525065250
75575404896
79895292496
75772611208
80017496736
75507534152
79827716376
75574643016
79764556056
75772598944
80017123744
75457186436
79764736548
75473963556
79768930852
79832451601
79832451617
75457251972
79764752932
75743402592
75503077704
79810677016
75524229442
79827650648
75525015874
79832566082
79832566338
75473980036
75591944833
75592010369
79899560481
75457268356
75743402656
79903754785
80034175648
75458251396
74383436112
74383182408
75456924232
74383182472
75456924296
74383246920
75457177936
74383501648
74384230984
75457972808
87385769610
79764540036
87385770634
79819049106
97192683781
75524245121
79768684164
79768685124
79768685188
75575691908
79769799300
75507571088
79768918368
74383182116
79832566145
87335504424
79832680977
87352281640
79748024900
87336462976
80034208336
79748995664
87336462912
75456980560
75473659472
75507517592
79751957016
75507517608
79751957032
75456980624
75457177168
74383443592
75457185416
75457186376
74384550544
75458222688
79765723792
87411690006
75541022337
75541023105
79768947268
75541023361
79768947332
75507570336
75575728800
79768984224
75507571104
79748995680
91832756800
92906498624
80034208352
92914592330
97192847882
79903738433
79748995744
74383500944
75473782296
75456980576
79752095376
75473659536
79752111760
79752219160
75508116112
75508132496
79753161360
75507599512
79752235544
75591944722
79836629282
79747688016
87394232596
79764465232
87394232600
79764466256
88467974424
79811471952
88467974440
88484751650
74400238148
75726363024
74400962912
75474704736
75570432584
79827454104
75587930690
79832435010
75588192834
75504364112
79811471760
75571472976
79828248976
92897634569
79764465248
79810955416
97192618250
92897650953
79810693400
79751944528
87352166792
79768721744
87382428066
87385877056
75456923208
79764473368
75503077960
79810677272
75524229698
88426973832
75504126536
75571235400
79828249168
75772561992
80033950288
79753189968
88410204736
74379004292
75503323236
74383247652
75507517540
74451077505
75587750161
91639417378
79836776833
91706526242
79836875297
92780268066
79753189984
91849361960
75456977296
79752092000
79752108384
75456878240
75473660256
75473701144
74378987048
75473659216
75473643856
74400950608
74400966992
75474708816
74384230792
75570981200
75575175504
74652666248
75726408216
74383500960
87411010066
79751882320
87394232852
79768659536
87394232856
79810677032
87394232868
79810677288
87394232872
79751883344
79764474180
87318464104
75453073944
74379003528
75473643088
74383246888
75473963288
74400221480
75473963304
74379068968
75473659488
75504364176
79748803216
75507255880
79814855186
75520051778
79815116946
75520838210
79815658050
75521084034
79815658114
75507518024
79751882336
92901878282
104717396616
104717658760
104717658756
87411960456
75507518088
79747713300
80038144400
75839916680
80038209936
75507272264
79827454488
75524246082
79831894546
75525032514
75525294658
79832828546
75507534408
79828503064
75575429704
75457178000
79764679008
75507308960
79752141408
79752206944
75508357536
75508386436
79753218692
75453979216
75458173520
80017381968
75726608976
75591928337
79836629265
75591944721
75453979280
79748946576
75458173584
79753140880
75722414736
80021576336
79748024852
79752219156
79748024868
79752219172
74383181448
74399958568
74399959576
75473701400
74399959592
75473701416
74383246984
75473906000
74400180560
79748762136
79752956440
75456940568
79819786770
75524835858
79819803154
79751891480
75452729880
75458038404
79765539364
75474766372
80038169124
75457186372
79764736532
75473963540
79768930836
79832435217
75458054788
79769799204
75726490244
80034040356
80038234660
75541613121
79836629521
79769934496
74383497888
75457239712
74384480928
75458222752
74384546464
75458288288
80034220676
79832566401
87402613288
80038234760
79832828545
87411034658
79899478657
87411952290
88485702280
80017443460
105908931210
74383197832
75473905232
74399975048
75473921616
75473963544
74383263368
74400238104
75473979928
74401213008
75474954832
75503938192
79748967056
79832386066
75452811800
75457006104
79751973400
75541596690
79836563986
75541613074
74652887632
75456915024
74383238736
79747975812
92713134346
92780243210
79836760705
79748041348
97193044554
92923013760
79749024388
92923013504
79751883152
79751956872
75508296272
79752931728
75508558416
79752997264
79751890312
75503118672
79751883088
75507509584
75520625185
79765588548
87386598016
80017246788
79832369793
87385836136
79832435329
87385836200
87411755554
79764736580
79827716248
87411690026
88485431830
88485431834
74383234464
75503076744
75507320392
104835189416
91639417122
92763425314
79836760449
92914592074
79747779204
79836564097
79836629633
88485431970
79899560578
79828642464
97201039882
75839933064
80038210192
75453737616
79769782852
88460339840
80038218308
88460405376
79768930884
88425957928
88409246248
79769733764
88460397186
80021392004
88485562914
88729062050
87385840258
79768750660
92897716746
79747753568
79764530784
92897716489
79827667032
79765465440
75474692448
79769659744
75726399888
80017197592
80017197608
87314537026
75473717784
79765522968
75474749976
79769717272
75726408264
80033958424
80033958440
79811402128
79811467664
87319513512
79814854930
79815116882
75520821634
79815592514
79815592578
79768930948
88467999266
88476355112
80038468240
79753202308
88477313600
80034278048
97218243200
79811406160
75571210576
79828183376
75772537168
80017172816
75772545608
75524245825
79768684868
75524246081
79768684932
75473783320
79768750616
79765588504
75726424648
80034023960
75456940616
79764539928
75473717832
79768734232
79832435218
79769995908
79903754881
97209821834
92923275904
92713134602
92780243466
79836777089
75507254664
79751890504
75507254920
79751890568
75507255688
79751891528
75507255944
79751891592
75507312208
79765744272
74400041252
75473783076
75503310416
79751947856
87411935817
79768725072
87411935818
79827650664
75507271048
79752144464
75507575440
79752219272
79753259664
79752152712
75507312992
75507575184
75474692704
79768725152
92914493706
92906072326
79827667048
104734435972
79827732648
104734173832
79768726176
79751948896
80021375524
75574708388
79769012772
87395175010
75507272008
79827454232
75524245826
79831894290
74384452240
74648693392
75743128208
75743144592
74652625248
79751957124
87385844290
80021391912
79819786786
75524835874
79748745768
79752940072
75722213928
79748811396
87386819240
75473638992
79747761700
75503323284
79747762708
79747762724
74648426832
74652621136
75726362960
75722156640
75452746376
75456989736
75524819586
79832369698
75524885122
79832386082
75453794952
75503381072
79768660368
75570489936
79768725904
79768668552
75503322760
79768659344
75570431624
79768724880
79752993424
79769770640
88485694120
79752169752
88485677736
75457251912
79764752920
75503077000
75524228738
75524344082
79768930632
75524344338
79768930696
75575405200
75503380832
74378925456
75503126920
75524278562
79819049058
92897814952
75452687696
75726658144
75743140240
80021592656
75592387201
75520641666
79815658018
75520707106
79815674402
75456989832
79764490792
75457972872
79765522984
74383141216
74379004232
75452746056
75452746008
75452672400
75453720992
74379069720
74379069736
75571468944
75456940328
79751907624
74383460632
75457202456
74378946976
74383141280
74384173664
75457915488
74378930832
74378946208
75456939544
74383197736
74383198744
75452950880
79836629538
75457006216
79764556328
75456940680
79764539944
75473717896
79768734248
79832435234
80038234664
75726490248
74379332120
74383403616
75457145440
74384452192
75458194016
74383238560
75457128032
74379250200
74379250216
75456910944
104734157456
79836776834
148556253570
148556253826
79747652240
79748700816
79768667720
75520050818
79768667784
75520051586
79768668744
75520051842
79768668808
75507517064
75507575120
92906203552
79747762760
92721519106
80033958472
92906359304
79765523016
88468916809
87394167329
79765523076
75507271304
79768921680
79770036880
79768996488
79768996424
75575470480
79769971280
79768929928
79769012760
79903738402
87318506112
79819786818
92788640002
79819852354
97193044577
79747779144
75503381136
79749065360
79747713608
79764490824
79764466000
75570424144
79764531536
79765522824
75503052368
79747687824
79747753360
75503323464
75504101968
79748737424
75524278546
79764736328
75571473040
79765580432
75503315296
75570424160
75571210640
79765514832
75571284552
97192782248
79828658832
75473717524
79768684820
79819786769
75524901137
79764674912
79764728144
75570489680
79764793680
75571218824
75503118928
75504167504
79747761736
75453716832
75457911136
75722152288
80017119584
75726346592
80017135968
79764735624
79764736584
75524278818
75507509920
75504167568
79748999824
75507509600
79764793936
79765776976
75524901249
74383444516
75507320996
74451159425
75608918593
75520035137
79814854737
75520821569
79815592257
75520821825
79815592321
75571468960
75839904416
80034011808
75541612834
74379192736
75452934560
75571046800
79832451650
97193077344
79752940104
88468920904
79769717320
87395179080
87651019393
87395175050
79751947664
74379975008
75453733216
74379991392
74379974992
75453716816
74379991376
74378926432
75452668256
79828183440
88468654729
75503077460
74383198484
88468654730
88467974418
74378942816
74379004452
74383198756
75591928193
74379331860
75503405140
75524901153
74383247892
75507517588
74451077697
75575155104
75524819585
74400221460
75524343889
75524819521
75591928385
74468051585
74383526532
74451094081
79751907912
75503388996
79810693204
75570497860
75592124737
79836563777
75592124993
75570485856
79810955348
75608901953
79903672705
75520051585
79815116897
75520838017
79815608897
79768917648
75574642308
79768983184
75574692228
79768996420
79769967184
79895288480
75507505504
79764724304
79751907652
80021592720
75458030160
74383235472
74383399520
74384431712
75458173536
74384448096
75458189920
79768922784
104734435984
79827470500
74379003412
75452745236
75452745252
75452728868
74378988052
75452729876
75453778452
74379188560
75452930384
79751947680
87394920994
87395174954
104734157448
79827470504
79827470440
75508558496
75453995616
79752997536
74379266596
74380237408
75453008420
92788632066
80017246856
80034024072
87394167330
87395174986
92914592168
79747762824
79748798864
75504097872
79752898960
79747713672
79764490888
87411952202
79819786882
92788656386
79819852418
80017263240
75722230308
74383403408
75457145232
79894825048
87411952166
79765477712
75571047056
74669664912
75743406736
79768722016
79769770592
87395183176
87651019394
79815608962
92922980768
79815674498
104835123786
79751957128
80038218372
88460626600
74384185696
74383136080
74383182100
74383137104
74384230788
75570977104
74400962896
75575171408
74652666244
75726408212
75726408228
75587750417
79832434977
79899478545
75503077476
79747713316
79747635536
79747634592
75456861600
79747651168
79751973156
75457239632
79764691536
75473918544
79748762148
79764691600
75507337380
79752170020
79747914336
75503917472
79748946528
75503933856
79768750728
75474045476
74383182212
74379205280
75473640096
75473656480
74400963232
79764461904
79747947088
87336225320
92914592026
80034011744
97201203840
87385836106
79747947104
91828136454
79764724320
92914592042
75456879200
87335414336
87385811520
80021428880
87420324488
79752235332
92897831434
79769012548
92898077210
79903689025
79768722080
91840752138
79751879008
75452689040
75456883344
79751850640
75508050576
79752882832
75508066960
79752899216
79827470632
87411935770
79815608706
79815674242
75457251608
74383509800
75457251624
74378946192
75776989840
75473642912
74400950624
74384288144
75458029968
75456923976
74384222544
75457972616
75456939540
75456939556
80017140064
79751907604
75456940308
75524819217
79819786513
79819786529
74383509832
75457251656
74383402656
75474045208
75474045224
75457186120
74379209376
75473644192
74383403680
79751973252
75473901984
87318465186
79747749264
79764691552
75457243552
74384312968
75457243472
74383436176
74383501712
75457243536
74383181384
79810611352
75587750210
74383526472
75458226784
74383436448
75457178272
74383501984
75474954912
75457243792
74400179872
75457140320
75503917712
79748684192
75457911200
79752878496
80017136224
79751956756
75524819265
79832369425
79832385809
75452811540
79753194080
80021629536
148741106272
80038406752
148741130888
75503323460
79747762500
75503323716
79747762564
75503049296
79747684752
75503311440
75504360016
75458235012
79765740112
80034175568
79747684944
75503311248
79747750480
75504097936
79747750544
92914657802
75503126152
79768659296
79768683912
79752931744
79769733512
79768660640
75507337800
79752169864
75503380896
79768660576
75570489760
75507508880
75503117984
79751882400
75507508896
79836777090
74378926736
75452668560
74378943120
75452684944
74379975312
75453717136
75453733520
79769655648
80017197588
80017197604
79752145248
79751956104
79751957064
75507312976
79764490516
79765461344
75474688352
75574692488
75507313056
75507575200
79752211040
75574684256
79768988304
75507583624
75508370056
79769012872
75524343969
74534980162
75608721986
75776989856
75726465696
80017140128
75541678353
75457005892
75541612865
79752235396
97192601865
75525016130
79747761732
79748745796
79748745860
75503376976
75504163408
75504372356
79832615442
75524819473
79828199824
74648426848
75722168672
79747946128
75503376016
79748011664
75503389060
75503127172
79747959428
75503114896
75452683856
75503405144
79748040984
74383264040
75507533928
74467854626
75591944466
74467871010
74383436128
75457178192
74384484944
75458226768
87403571840
79765580176
79765461408
79769655712
75726395808
75743123872
80017398368
74648672864
74652719520
75726461344
74383444500
75507320980
75507272004
75722168656
80021330256
74380237456
74384431760
75508112016
74648672912
75726396000
75608721793
75503388820
74379332116
75503405204
79765772880
80017431120
75508361888
79753194144
79751948704
88468662818
79768725920
74467871041
97201429152
75508624032
75452746116
79747762468
75456989476
79751956772
75524819329
79832369441
79832385825
79747778852
75457927584
75452811560
75453737360
75452688800
75452687760
74378929568
74378945952
74379995552
75453737376
79752218916
75570420048
75571206480
79765510480
75571219012
79765522820
75571206736
75571468880
79765576080
75592010257
74378947216
75453073704
74379995792
74378929808
75452671632
74379266376
75453008200
79752096144
75473660496
79752112528
75508116048
79753005592
75508132432
79753005608
75503076932
79764461136
75524228673
79764526672
75524278545
79764461200
79764801860
79764527760
75525032257
75524835969
74383444548
75524278369
74400221716
75524343905
74384480848
75571026320
75575220624
74652682820
79764466320
79747778888
79894825064
75457972612
75474704720
74468067713
74468067969
79769672016
75726408068
75571026576
74652916320
74467871105
75456940324
79751907620
75524819233
75524835617
79819802913
75473901904
79764691280
75571026256
79765522964
75456989720
80038402640
75457005956
74379004488
75452746312
74379004552
75452934544
74379209104
75574679968
75575466400
79769967200
75473716872
79768733224
79768930840
75571272272
75507254852
79764473412
75520034433
79764473476
79764538948
79764539012
75570432388
79764539972
87318439552
79815657793
87318505088
80017168720
87318440576
80033945936
75452934800
74380241552
74380257936
75453999760
74379191952
75452933776
74379208336
75452950160
75453008456
74379266696
75456923268
75473902240
74400176800
75473918624
74401208992
75571272080
75524278817
79764736644
79764724368
79903738385
79747947152
87318726278
87385835922
80017168736
87403309696
79765510496
87385835154
87385836178
80017168800
79828392592
75844110980
79751890452
75520034913
75570960720
79752939912
79769717128
80021375368
79752210080
104734173600
87394904594
74383526420
92914477578
74534963729
74384448080
75508128144
74648689232
75452930448
79747897744
79752092048
79765461584
75570977168
75457005076
79751972372
79747897760
79752092064
75456866960
74383141520
74384173712
75457915536
74384190096
75457931920
87319513490
87335413376
87318731330
79752927568
87335414144
79769704784
87385811328
87385811584
79765481824
75474708832
79769676128
75726465424
80021391896
87315319458
79827454052
87385770408
74380253840
74384448144
75508128400
75503388836
75507583140
75592010049
79752993184
79764527504
87319448232
79828179344
75508292192
79828244880
87319513768
87319530114
79819802945
79819868481
79752927584
75789519426
80021363040
75571219016
75457931664
75456866704
75456882064
74383247640
74383247656
75456865680
75456883104
74383140256
74384284240
75503339688
74399975720
74451094050
74383247752
75524229218
75456865936
74383140496
79764473364
75473700372
79764473380
75520034961
79764474388
79764474404
74383509784
75457173840
79764674896
75508066656
75570419280
79764539716
75570432580
79764539780
75474692688
79752141472
104734214696
80038402704
75503052128
75524901441
75524901505
74383444612
75524278433
74400221732
79764690528
75541006481
75508361632
79895308896
75776797088
75776821896
80021654152
88468662920
92788640001
79819049490
97192811014
74669660816
74400238212
74468330113
75570514084
74384493188
75571042704
75743201924
75575224992
74652920480
75726662304
74652986016
75726727840
75525032513
79819803009
79836580161
75504163472
79752235652
75571272336
79828195744
75507308192
79752140448
79752205984
75507599748
79752235588
87314541186
74383247912
74383239824
75457128864
74383403424
75457145248
74383247896
75587750162
75452991768
79747959064
79752153368
75587733778
75453721168
79748688464
80017140112
75571030672
79747689056
92897634825
79764466272
79815657857
87318726312
87318464168
79810693412
79827667044
75541793153
75570960736
74400946528
75575155040
75722230292
74383238752
75457128080
74383402640
75457144464
75457251864
74383510056
75457129104
74384435856
74383526440
74383460900
75457202724
79748024600
75591928130
79899478290
75591993666
79899478306
75473655376
79751956004
79751957012
79751957028
75508046416
75508062800
87352281384
87318496898
79764490628
75503405208
87318727074
75574642792
74467871106
74383264136
79748761988
104734173856
75503339848
79747687776
75503076936
79747712392
79747713352
79748737440
75456866976
74384189856
74648431008
75726350944
75503052192
79747688032
75503142472
75503143240
79747975496
79747975560
75503052448
79747688096
75503053216
79751956808
75453999712
75575171424
79769672032
75520051297
79765514640
75524344097
79819311201
79819803201
80021457476
75508357520
75592141185
74378929824
75524343953
75726400080
80017246744
79832369682
75587815698
75571030432
79765727840
75772611204
75456988708
79751891332
87318497666
79768668548
79903689281
87319513506
87352190592
79815674241
87385835176
87318735426
75541809537
75457202504
79764801816
75473979720
79768996120
79899478546
75592010050
79765465744
75726400096
75503323224
79747655056
75452671584
75456865888
79747639696
79747656272
75456882272
79747655248
79751849360
75503388776
79748024616
79747638928
75503388760
79747639952
79810676824
80021391748
79751907716
87385868930
87319546498
79819868545
79747712584
79747712648
75503077768
75503078024
75503117920
79747778120
79752112480
75508115808
75503323288
79747762712
75503323304
75503388840
79753144912
75507599528
75473660320
75503921824
79748950688
79747901072
75473643152
79747917456
75456915040
79837039234
148556515970
79747950240
75503405448
75503117728
79747974792
75458222736
79765723744
75743386208
75503118752
75473700388
79768667684
75520051345
79768668692
79768668708
75457239376
75473918288
75772598672
79769012776
79903754786
75776756292
80017181060
80033958276
87318768256
104768080518
75457239392
79764691344
75541022865
87394232609
79764465296
87394912554
87394232612
87394232616
79747754336
79764531552
79828183392
87394912806
97192618246
79747688864
88468654374
75457251620
79828376144
87385852290
87385868674
87335414080
79764724048
79828375888
74383510084
75456989572
79764490532
74467871361
75473717540
79768684836
74384296488
75458038312
79828200080
79751948624
79768725840
79811422608
79811488144
88467974690
79828199760
75457927520
75726362976
80021330272
74648488472
79811422880
79811422816
104717642384
79751948640
79751882144
87394916898
79768659360
87395174950
79810693224
92914493962
75570498180
75525065249
75525294657
87381641862
79747946848
88409942336
88455383442
79828453908
75521083969
74379332136
75452991784
79747959080
75587733794
75726465616
75726465680
75587750178
74383264280
75507533976
74467854866
75575241104
79769938512
92923275840
80021625440
91849534080
79810938968
75457173152
80038206048
80038140512
79827667108
75541793409
75503405700
79810955428
80038206112
75504192132
75571300996
79903688994
75726367376
80021334672
75591928194
75591993730
75503339620
75452667488
74383198500
75507271780
74451093793
75456861792
74383432016
79765723808
75474950816
79769918112
75726658208
80034159264
75743386272
79764490632
75570448712
75570448968
79764556168
75503126088
79764464992
75524228674
79764531616
75541809793
74400950864
74400967248
75474709072
79815608898
75504163232
79811418720
79828195936
79765539204
87385835938
80017197444
79764818248
75570423456
75570514504
79768733252
87385840194
79752141136
88409155904
75541809538
74446899778
75520641602
74446899842
74383247944
75524229266
74399975960
75524245650
74451143186
75524885010
75777055376
80038234692
75524344353
79819311265
79819868737
88456186498
88489872008
74383526468
75570514068
74534980225
75608722049
75541678369
79836645665
79895374496
105808177796
75503917728
75508112032
79752894880
75726363040
75587750274
75587815714
75457251720
79764752680
75458194064
74383198792
75570432152
74399976008
74378941840
75722156688
80017123984
75726350992
80017140368
75777055392
80038402720
75574708868
79827470884
79836088865
79810677268
75524229697
79827650708
75508357728
79753022020
75508583044
79753022084
79828261264
79769676448
80021580448
79769012520
75457202568
79764801832
75473979784
79768996136
75571042720
79765740128
75570964832
75570981216
88467974676
79768660560
75508304456
75575413320
75789519490
79764489800
79764489864
75524229506
75524229762
79764555336
79748737680
97083529729
79765514896
97083533825
92788590850
87394257442
79769012808
74468051266
79764818504
79764728480
75507336776
79764727392
79764727456
75570514568
75507509664
75456916112
79764752712
97192667401
148556237378
79747901856
75473644128
74400967008
75575175520
75570420304
75456980368
75456989576
87318727016
79832435009
87318727080
79748761992
74383497872
75570448472
75570448488
79765465504
75570981472
79765481888
75570965072
79764539672
79895288144
79895353680
87385876864
79895288208
87386622568
79747696260
74379069976
74379069992
75524901138
75524901154
75570514008
79764818200
75570965136
74378988072
75570497624
75575155024
79752153416
92788656385
79832582466
79832615458
79752218952
97083525637
75457005128
79768721824
79765465696
75570981280
74648488584
75743128144
74451143298
75570964880
79751883360
92914477577
80034212432
75793730114
104717642400
79811488352
148736879264
97192794634
97193044502
79836776770
75507321160
75507321416
79752153480
79752235336
75508111952
79753005588
75456916128
79747918496
74384288160
74400967072
75575175776
75726613088
74652887648
75726629472
79764723344
79764788880
75570497924
79764802116
79764802180
79903672865
79764695456
75571047008
79764538904
75570432168
75457177232
75503315360
79747754592
79748737632
79768667780
87382624842
87386819142
87386819146
79894825124
87386884746
75520707090
74446965282
75571030688
79764695712
74383248008
75524229282
79764678288
75473905296
79764694672
75571047072
79751906948
87381584514
80038168968
74379208352
75453073960
74378930848
74378947232
75452689056
75453721248
74467936802
75592010274
74669460104
74383198856
74399976072
75574626472
75587815954
74383264392
75570448552
75452946832
79747914128
79752108432
79769655888
75772602960
80021367184
75776993872
80021432720
79810611304
75457144416
79752111712
75452951136
79769659808
79769676192
75452728856
79747901024
75743144352
75452951200
75457145504
79752112800
75457128848
75772537424
75574643012
79768750404
79768750468
79748024712
79765580368
75473921632
79768749608
75574642856
79768750632
79765588520
79764695648
87411690010
79747753552
87394912790
79764530768
75473905312
75571030416
79765727824
75570514088
75457243808
75473922720
79768890016
79769995912
105808161440
80038431368
148757850768
79903738242
148623165730
79764752776
97192683785
148556499522
79748041096
97192684042
79751973144
79751973160
75473922384
74401008152
75474749992
79752939908
87352183176
79769717124
87385877120
79815658002
75474971296
79769938592
79748745752
75722213912
75743406752
80038374048
92914854474
79814855185
79747696196
79748012704
91840735754
79764789920
92914854442
79895358096
88485693994
79747950224
79764727440
79836088594
79836088850
97193044518
97192815114
79895292320
79748016736
75456862864
74383137424
75456879248
74384169616
75457911440
75457927824
75587946882
79814854946
74384480912
75571026336
74652748420
75458025872
79765477728
80021391892
80021391908
87395166792
87651019330
79815116898
79815116962
104734173840
79752145568
104734280232
104734157472
104734296600
79768988256
105808013860
105808161416
75524229201
75524229217
79765465680
87385777794
75507255876
75520051777
79815116945
79815658049
75521084033
79815658113
75592239650
97193040422
75507272072
74378988056
75507255448
75520641346
79828244816
79899478594
74380257952
75503938208
74384452256
75508132512
80017238672
75503376032
79769012612
79903689090
148623165826
80021432928
148740909664
79836777026
79747779108
75503852128
74652621152
75508062560
80034212496
79768889760
75575241312
79764694608
75574626456
79751849632
75507599448
74383501664
79828392352
79895304800
75776792992
75776821892
75458038296
75722230344
75726473752
80021441048
75575241376
79769922208
75473921696
75473921680
79768888976
87394232610
79764539784
87394912906
79832369538
75571026592
75575220896
74652916384
74652981920
75726723744
79769672096
75524884754
88468658722
79827716632
87411698210
79828380304
88485435938
79828642448
80017402512
91639392522
79747684960
91823893001
79764462176
91823909385
75507255400
74446899490
75520641314
75503061080
75507255384
75503855952
75508050256
74648414544
75503872336
74652625232
75588192898
79832451458
75772807816
97201039878
92901878026
79827470616
74451077506
74451143042
74451142978
74383238800
74648472088
74648472104
75722230296
75575159136
74648676944
75722418768
74648693328
75608705570
75587734050
74400041240
75574642776
75591928338
75508296016
79749008004
87403571776
79752235592
104835099265
79903689282
148623166018
79903754818
148623166082
75452668576
79747635872
75456862880
79747652256
80034212512
74648431248
75722173072
75473979940
79836645905
75456989768
75456988808
87385835880
79748962912
75722431072
75452950928
75726625376
80017168784
87319489152
87319554688
75503118688
79747950944
79828396688
88485698184
87411939976
75592174098
75592387138
75587930434
79832369474
75503405640
79903738178
75609164354
75839908512
79827716184
74378925728
75452667552
74378942112
75452683936
79810955368
75608918594
79747778952
87411009826
79836563842
75772602976
75772824200
79827667480
75592387202
79832369794
75777002120
80038218312
75844110984
80038218376
79828396704
79827733032
79814855202
79895292576
75772603040
80017435296
75772865184
80017500832
75609164418
79903738498
75574708808
79894841496
75810491010
74467936529
79768885584
75575220560
79769717268
79769717284
79832369537
75507534472
75574643336
79894825128
79895374480
75777018504
80038406800
75844127368
75592403586
75507272328
75457178016
74652920416
75726662240
79837039233
97075210762
97201465920
75507509648
79751948880
79752931920
79752882592
79765772944
74383263304
87319775878
75453995680
79748962976
75458189984
75456981648
75457964688
74384288400
87411952280
75504167328
79748999776
75504192136
79749024392
88460626570
75507271764
74451077393
74384169312
74648410464
74379192992
74380241568
75453983392
75453999776
79894825112
87411952170
88485681698
79747958408
87395166754
74379332132
75507599524
75608787217
74384169376
75508046432
75722168928
75591928081
74379975056
74384169360
79899494690
79764793952
92914493961
79895292512
79895358112
92914477322
97209444873
75571046816
75575241120
74669525544
79828380240
75574643076
75574643332
79768750724
87411821090
87411952201
79827650728
75473640016
75473656400
75474688592
80021625504
79751972392
74446883345
75520625169
74384218448
74400946512
74383247684
74399975700
75524245585
75839908448
80034015888
79752211024
87651125894
87651035720
79828437524
79764490568
75570960992
75575155296
74648689248
79828519464
75575495304
79895374432
75525015938
79895308960
79768987296
104835099202
79894841448
104835099266
79768988320
105808013864
75456988740
79764489748
79764489764
79764490772
75452930400
79747897696
75457124704
75570977120
75457005864
79764531600
88468638250
74401229472
75726408072
75503921488
75743390368
75508296288
79895292560
75772603024
75772865168
80017500816
75574679200
79768983200
75574708612
79769012804
79768656544
75570485920
79764531808
92897716745
97192667657
75456912016
79747914144
75726424596
74384284048
97209838240
75575159184
74383197716
75456883360
79751850656
79752882848
79764789840
75452667472
75456861776
75456862816
75503868512
75452668512
75508062816
75541005890
75541006658
75452811812
75452810788
79751845536
74378987812
74446899489
79747634832
79747651216
75503388772
79747635856
79747634848
75456861856
79747651232
80034015632
92898077352
75541006497
75473639776
75570977184
74652621200
75507533924
75591944465
74467871009
74384185760
75726363232
75793730113
75587750466
74384296472
74648488520
75726399840
75503126696
75507321000
75524901186
75508132240
74648677008
74652723808
75507599752
74652682824
74652682888
75726424712
74652928648
79810939032
79810676888
74400041512
74669664928
75570497688
74400238152
75574691992
74468067714
75591944770
74468067970
75456912032
79747898016
75575171680
74652883552
79769971360
148741106336
80038406816
74383234704
75456911952
75503917648
79748811284
75473639008
79747778084
79747779092
80038144336
75503126616
75503126632
75458288272
80038140304
87386860160
74399959332
74446899585
75503934112
75456911008
75520641553
75520641569
80038152584
79810676904
75570432648
79827454120
75504372360
75571481224
75503127176
75504175748
79811484000
75571284612
75503340168
79810939048
79899560322
79903689346
79828265616
75541793154
104768080522
79751973256
74378926752
74378943136
75452684960
74383264132
79748802976
80017238432
75776797264
80021441096
80021441160
75587947138
75588209282
79832451714
75592141186
79899494978
80021695136
75508361824
75575470688
75776797280
80021629584
75777059472
75772533072
75772545604
75587930689
74383510148
74400238116
75541678609
74467936801
75772533328
80017234320
75453737552
79748704848
79752899152
75571206496
79828179536
75772533088
79811402384
79828179600
75772533344
87314532770
92897634570
80038431364
75503340104
75592124994
75508361616
79753202312
79753194064
75456923012
74383182148
74400176464
75452683872
75456878176
74383497552
79899544194
79815658001
79815658017
74383436192
74383501968
79752927648
87386884754
80021363104
87416146568
79751845280
75456878160
79751845264
74379188624
75456977488
75457960528
75542071937
75575400784
80017181316
79827650836
79832369729
75508291920
79751846544
75508046480
79752878736
79752895120
79751845520
75507583076
75772598928
80017431184
75508291936
79894825044
74380253856
74384448160
75743140512
80017234576
79899494930
75592010114
79748704912
79827667028
75574680160
79768685080
75608721730
79899494977
88485497378
79899560513
74383182404
75456924228
75456924292
74384230980
75457972804
74383181380
74383181444
87420340872
79748995728
88485677641
79768726096
75457174096
74383497808
75453794884
75458038292
79752096160
75473660512
79752112544
79752092304
75473656464
75473717528
75473717544
75473642848
79836580225
79832435073
87318727336
88409155968
79765539208
79747685008
87381640850
79764462160
87352166024
87314302594
79747959112
92788574465
92788590849
74379249944
75507320920
74451077442
75722156448
75722172832
75789519425
75520035393
91823909386
79814854801
91622549770
91639326986
79810693396
79810693652
91823893002
75457915296
75457931680
74534963474
75608705298
74468051522
74648414864
79836563730
79836563746
75571030352
75575224656
74652666440
75726408328
79832615441
75504126532
79770032800
75571235396
79828245072
75772561988
75541022882
79768947240
75772795488
75574680224
75457005192
75473782312
79899495042
97209625098
79903754817
97209690634
75452950944
79747918240
79769660000
75575175584
88485693990
79768726112
79828200032
104734431876
79828265568
104734431880
88489888392
74383246916
75456989764
75473655120
74379188576
88494082696
75456981664
79752096416
75473660576
75508116128
79753144992
79753161376
79811484304
88459576970
87385835142
79751879248
88409942400
79768655440
87381583490
87385773698
74383246884
74400221476
75722230408
74379205008
79810955364
87318726282
75570424224
79765514848
75508304452
75575413316
80033958532
79751878240
79751879264
92914854568
88485440018
74534963730
75722435216
74383460680
74400237896
75574691928
75591928386
74468051586
79748967072
74400303656
75507272260
79831894545
75457144480
74383141536
75457915552
75457267992
79903672594
75571030608
75726662224
75726670472
87411010082
79751882384
79832435330
74401008148
75474749972
75474749988
74399958564
74399959572
75473701396
75473701412
79748745748
79747689104
88468654378
88484751649
79811472016
75839908432
79769012504
79765576336
74383526168
75456977552
74384284304
75473917536
74383497568
75473902160
75456989716
75452811796
80017246740
75457006100
79751973396
75503114656
79748012640
79751878992
75507505488
75503060356
74380053128
79769659984
75452671312
79747638608
75456865616
79747654992
79747639632
79747656016
75503314528
79747753376
79747687840
75508370052
75575478916
75793730177
80038169220
75575470752
79769774496
79764527696
75503114592
79751944784
75508369988
74379249960
75503872400
87411010065
97192815110
91823974922
92914592282
74384546448
91706435850
80017246852
80033974804
74468313666
80021441064
79765482064
79769676368
75507255464
79810955432
75592141378
79899544130
75592403522
75474766404
79811472032
97192618506
79747689120
75504364128
75772799584
75507517060
79751957060
75507308880
79752940100
75473655392
79751972388
75503077528
79747713560
79747901776
79747918160
104717642376
79765842576
75726408260
80033958420
74451143234
75524885058
74379995728
75508066704
88459577990
87381641802
87385836102
79751943824
79752206928
75570981264
74400967264
79748950608
75503126680
79747959336
79747917408
75503143064
75810507393
79828519460
75575495300
80017246760
75726473768
79828196000
79751943776
79819311249
75726629536
74383460744
75570497640
74400237960
75574691944
75591993922
74468313730
75456877984
79836645762
75503389320
75575237280
74669660832
79895288464
80017172896
75570497864
79827470424
80017172832
80021596816
75457005092
79747750496
91823974921
79819786514
75456940312
80017123680
75726350688
79752882528
79751891240
75541793090
79764695392
75473922400
79768889696
75541596434
79748688288
79769967248
79748745764
75452729892
79765481808
79769676112
79764490520
75457989000
79765481872
75474708896
75473783064
79768750360
79836629266
75743127952
75456976544
79752107680
79752235656
148623231522
87395174985
75456879264
79751846560
148741073568
75452746372
75456989732
75456980384
75456940360
75458029984
75503872656
74652625552
79768656208
75570485584
75503060612
74399974952
75473716776
79836580417
75592141441
79836580481
75456882016
79751849312
79751850320
80021428640
80034011536
87319775912
79764728160
75570489696
92788591106
92788574722
97193044648
97193044644
79747696968
88467908897
79765514576
79748803232
79819786626
80033950048
148623149330
74383136416
75457267988
92897651210
79895374176
105808157320
79752219016
92914592424
97201039881
97209821858
75772627592
80017459848
79752235400
79769012616
104835189410
79752997472
79764752664
79768946968
80038152740
79810939028
75588192833
75473922464
75575224736
79769922144
79769938528
79753190048
104734435920
105808177732
105858509440
75503126856
79810627672
79819049042
79819786562
75474766468
79769782820
79764556324
75456939592
75457177952
75575478856
75520050817
79768668740
79768668804
74383432080
87386663552
87385769606
74384485024
75458226848
74383526536
74384509576
75458251400
79751890472
74383435360
75541596450
75503937872
75507271300
79768917584
74400040488
79827732772
87319775882
79894841444
75608918401
74379209120
79752153640
79753144928
79752170024
79753161296
75504163488
80017234336
79748041240
75571276192
79765776992
75571301000
79765801608
148736600720
87394167074
88467974417
79764466064
88467908882
88485435922
79828642384
79764728208
88468662802
74383239840
74384435872
75458177696
75452683664
80033950112
79810627736
97192618245
79836563745
80017124000
91823892746
75504364192
88409155200
88425932416
88459577704
79832451649
75608918402
79836580226
88484751889
79751882128
75457174160
75457239696
87386884742
79751907908
87385774722
74379209312
75474692512
79747902032
75473643920
87394232866
88467909137
79747778184
75503339912
79747779208
79751947936
75503315552
79747754400
75503053408
79769717288
80038152744
74446883105
79828642400
79768660384
80034040456
87382428050
79764789584
104734169760
79828380256
80017136272
80034237064
75575667360
79903738434
75776821832
80034212448
79747754656
75473716772
79768684068
75473906016
79747914080
75457141088
88455383458
79751883424
75508558432
75575667296
75776993888
75839974032
80034278032
75473783336
74401090088
75473716808
80034159248
80017386080
75457202712
75458177632
105908931206
75473906336
74400180896
74401213088
75474045480
79903689234
75575175568
79765604996
88459577994
80017263236
79747713668
75503117968
75507508832
75503053472
80034023976
75743201928
80038218280
74384509572
79748012384
79895353696
87394912905
87394232594
87394896426
75508296352
74383263268
79827667496
74378943072
74383137184
80038144416
79747913376
87394912810
97192683782
75457005188
79764555300
79768749604
75575171488
75574684320
75743390304
79764736536
79751944800
79764802072
91832330758
91840752137
75452992040
79832451346
79747975704
79832451713
88459578024
79769782916
80021441156
79903689250
80034163344
80034163360
80034179744
74400238120
75473979944
75743390288
80034179664
75743406672
79764490776
79764530832
75574683984
79765727888
75743201864
79903738386
75608787474
79768996392
75591944834
79752092320
88459586178
79751972424
79751972488
79751973448
79751973512
79753022024
74379068964
75507312288
75507600008
75507313312
74400180576
79828392544
75575466640
79819852306
79827651092
92788640257
87411952296
79764540040
79748811400
79765588616
74378925392
74378987796
88485694090
79814854754
74383137440
79828265632
92918786464
79832386178
104835123850
97209854560
105866889896
79832386114
97193060960
104835189386
79769799240
80021457480
80038234696
79751878288
74383136096
75456862560
74383137120
75839904336
74378926496
75452684896
74378941856
74383136160
79819049234
79819311186
75456940564
79747975720
80021596768
75457173904
74379187808
75452946016
75452946080
75508050336
75776793248
75503380112
75570490000
80038144608
80021367392
148736862864
75503311184
75520034369
79764473220
75504175684
75570420384
79765576352
74379249940
75575495240
79769774688
79765523012
75503113808
75503114640
75504163216
79764789856
79836645906
79765744224
75743406688
79811402400
75592010370
79899560482
80038374032
79751956040
79768922464
75574643080
79747959368
92906199712
97192798880
75574683296
75574684064
75575732896
79747959176
92919044768
79899560514
92914723338
74379991440
74378926480
79811418464
74383140192
75575159120
74652748424
74383435424
79752170056
74399974948
75473717780
75571276368
75575405216
74379266436
75810507394
79764802184
75456911760
79764679312
74380053060
75452947104
74379205264
74379188896
75452930720
104767851138
79765785224
79748024968
104835189394
75520838018
75520838274
75456910688
74383197572
75456939396
75456976288
74383399568
75474688656
75473901968
79747687760
87394167057
74400175760
74383431264
75473902224
74384185744
74378942048
79768750376
79764679328
75541678610
79752095328
75608721794
87394232593
79819311250
74383509796
97209838176
79751906952
87395166856
79769770656
75507337540
75507505568
75574680144
75575675524
79751907972
79768918672
79768984208
74384296468
75453008148
79752153364
79764674976
79748684432
75722152592
80017119888
79903672593
79752108704
79747712388
79748799136
75503049120
75503311264
75726395984
105908931240
79748762180
75503127112
79748011680
74401024548
75609180801
79899494689
74378929488
74378945872
75452746024
79764489604
75571206816
79765510816
74652666436
75571026512
79769672352
75452934480
75452728872
75571497604
104767859328
79747639648
88456432262
75776805512
79768996376
74383140176
79764690592
79747635552
79747650960
75503852176
75507320916
80034011792
74383460888
75458177616
75503052112
79895370400
87314270626
87319447912
79828179616
74383444244
79828261520
87381674626
79768668440
79899560321
79827716388
79894825060
79895304848
75726399904
75743127968
75524835650
75541809730
92898077226
92897847818
92914854438
79747950928
88468654665
92897634826
79768885920
79768884896
75541612930
79828519444
92906326568
79815608610
75592125057
75772824196
79764539720
75570424400
79815674434
79764801928
148736600736
74467871362
75588209281
91840915978
91849296424
79764490536
75570514072
79828654736
79895370384
80021580368
92788562178
75570497928
74400179856
75473979976
79751906840
87395162760
75521100418
79815592209
79764555288
75574708324
80038144352
79836580162
80021367200
79764674208
79764675216
79764675232
79764678992
79764695376
104734231080
91841112714
97218005544
87385778818
74468330114
79764678304
80017197448
75503048016
79828396384
80017386064
74648427088
74648410448
75608918658
74652621456
88459577000
79768889680
79768684072
75541793089
87395162696
87411939912
75793730178
79751906888
75844168352
75542071938
74446883089
88468638234
74648410768
