1464602019156
75322763618
79630019142
75322763874
79630019206
75272333706
75339442570
75272333958
75339442822
75272333962
75339442826
75319384481
74181663301
74198391317
74181601861
74198379029
74181667397
74198395413
75318254101
75322448405
75318258197
75322452501
75339745834
79634503850
75339762218
79634507946
75339421009
75339437393
79634261317
74199624098
75323501154
74199640482
75323517538
74181909137
75318270369
74198833489
75322513745
74198833505
75322513761
74198833745
75322513809
74198833761
75322513825
74182715942
74178472586
75272574538
75339683402
74182715946
74182666822
74199444038
74182666826
74199444042
74182666886
75273361737
75340470601
74265486630
74198832710
74265498918
74198832714
74265498922
75318256922
75322451226
75339240730
75318269226
75322463530
75323562337
74199882321
74199636305
75323513169
74199636561
75323513233
74199636321
75323513185
74199636577
75323513249
75339483434
79634438250
75339745578
79634503786
74198575686
74265487654
74198833734
74265499942
74198837830
74265504038
75318253850
75322448154
75318270234
75322464538
75323513478
75340290694
75323579014
75340356134
75339422353
79634193029
75339684497
79634258565
75339438737
79634197125
75339700881
79634262661
79634438561
104717199942
79631046985
74182646342
74199423510
74182646346
74199423514
74182646406
74199423526
74182646410
74199423530
75323562402
75340474962
79635245458
75340474978
79635245474
75323562630
75340290598
75323562634
75340290602
74265482773
74198586949
74177407253
74181601557
74177407257
74181601577
74198391185
75272120613
74198378793
74181601605
74198378773
74181601609
74198837601
75322517857
74198837841
75322517905
74198837857
75322517921
74198591825
75322468689
74198592097
75322468769
75340290698
74182650245
74199427365
74265503270
75322463770
74182711621
74199439637
74178451737
74182646041
74178455833
74182650137
75318253082
75322447386
79634766161
92948425242
74265483601
75339225425
75339438417
79634192009
75339437729
79634196105
74182891937
75319302753
74182957665
75319319185
74182957473
75319319137
74182961809
75319323041
74199681561
75323566417
75323021970
79630068106
75272313418
75339422282
75272575562
74199505250
75273185562
74199505314
75273185578
75339684426
74181667462
74198395430
74198571654
74265483814
74198575750
74265487910
74198833798
74265500198
74198837894
74265504294
75318270278
75322513686
75318335766
75322530070
75339745561
79634503781
75339745817
79634503845
75339745577
79634503785
75339745833
79634503849
74265568609
75339310433
74198849690
74182170794
74198849706
79635552673
74266552721
148354722145
79635552865
75340491345
79635261829
79635245457
75340491105
79635261769
75340474961
79630018073
79634212377
79631051049
79635245353
79634507169
104734042450
74265823769
75339761817
74265823785
75339761833
75339565337
79634508069
75339565353
79634508073
75322763369
74265487969
75339229793
74265504353
75339246177
74265504401
75339246225
74265569889
75339311713
75339426209
79634197089
74198575442
75322452306
74181663302
74198391318
74181663306
74198391322
74198395297
75272137097
74198456601
74181667169
74181667153
74198456597
74181667217
75272137029
74198456613
74181667233
79635552930
148354722346
79635815074
148354738730
75322759269
75339438229
79630002713
79634197017
79630002729
79634197033
75322697893
75339425957
75322697833
75339425945
75318270485
75322464789
75318274581
75322468885
74198571397
74265483797
74198833541
74265500181
74198575493
74265487893
74178451993
74182646297
75339499909
79634503961
74178456089
74182650393
74178456101
74182650405
74178472329
74182666777
75340290437
75323517317
75340294533
75340355877
74199443857
75323582853
75323578697
75340355865
79634503846
74265757786
75339499610
74265757802
75339499626
74265757850
74265487714
75339229538
74265504098
75339245922
74265504146
75339245970
74265569634
75339311458
75339426146
79634196834
74199439749
79634508450
104734042786
79634261602
75339564586
79634277962
75339425426
74265823514
75339761754
74265823530
75339761770
74265487970
75339229794
74265504354
75339246178
74265504402
75339246226
74265569890
75339311714
75339426210
79634197090
79634193030
75339684498
79634258566
74198570570
74265482538
75322447178
75339224346
75322447242
75339224362
75318252826
75322447130
74181596486
74198373654
75318257942
75322452246
75318270230
75322464534
75318274326
75322468630
75272201493
74198571334
74265483542
74198833478
75339745814
79634503830
75339762198
79634507926
75322763938
79630019210
75339442578
79634213446
75339442594
79634213450
75339442834
79634213510
75322763682
79630019146
75340294725
75323021481
75339700393
79630068245
79634262549
79630068261
79634262565
79630068249
79634262553
79630068265
79634262569
75339310358
74198832778
74265499178
75322533254
75339310374
74181596810
74198373930
74181600906
74198378026
74181662346
75339245138
74265568850
75339310674
91828136106
74199427681
75273169505
74199444113
75273185925
74199444065
75273185865
74199509601
75273251353
75323513477
75340290693
75318257190
75318273418
79634193034
75322467878
74198853969
75322534225
74198853985
75322534241
74198854241
74265569617
75339311441
75322534305
74198854225
75322534289
74199620233
74198587026
75322467862
74198570374
74181596742
74198373910
74181662278
74198390294
74181600838
74198378006
74181666374
74198394390
75322512710
75339240726
75322512774
75339240742
75318269210
75322463514
74199444129
75273185929
75318258198
75322452502
75318270486
75322464790
75318274582
75322468886
74198571398
74265483798
74198833542
74265500182
79635327370
74198833490
75322513746
74198587746
75322464610
74198588002
75322464674
74198833506
75322513762
74198833746
75322513810
74265500049
75339241873
74198587729
75322464593
74198587985
75322464657
74198587745
75322464609
74198588001
75322464673
74199763482
75323566690
74199763498
75323583074
75273365922
75340487050
75273382282
75340491146
75273382534
75340491398
74182891922
75339437649
79634195845
75319302498
74182957650
75319318930
74182957458
75319318882
74182957714
75319318946
74266548805
74199636361
74266548809
75318258218
75322452522
75318274602
75322468906
75322693802
75339421866
75322697898
75339425962
75322759338
75339438250
74198379170
75272120994
74177407570
74181663254
74177407586
74181663258
74181601938
74198391430
75322513041
74198713877
74198587041
75322463905
74181846417
75318256993
74181907873
75318269537
74181908065
75318269585
74181843050
74198571162
74181843114
74265823321
75339565145
75339761945
79634507877
75339762201
79634507941
75339761961
79634507881
75339762217
79634507945
74265487777
75339229601
74265504161
75339245985
74265569697
75339311521
75339426401
79634196897
75273361802
75340470666
75273362054
75340470918
75273362058
75340470922
75323742562
79631047238
75323742626
79631047242
75319319201
74183219873
74265500305
74266085481
75339827753
79634770089
75339827481
79634770021
75339827737
79634770085
75339827497
79634261665
75339703969
75318257946
75322452250
79635552658
148354722074
79635552914
148354722090
74265488033
75339229857
74265499217
75339241041
74265564753
75339306577
75339421073
79634191941
74182891921
75319302497
74182892177
75319302561
74265504162
75339245986
74198837842
75322517906
74198591842
75322468706
75322517858
74182732358
74199509526
74182732362
74199509530
75339482666
79634277702
75339703890
79634277766
75339499050
79634277706
75339703906
79634277770
74198849186
75322529442
74178451738
74182646042
74178455834
74182650138
74178455846
74182650150
74178455850
74182650154
74182650182
74199427350
75339761993
79634765925
74182891938
75319302754
74182957666
75319319186
74182957474
75319319138
74182961810
75319323042
74199681562
75323566418
74266548577
75340290401
75323562385
74199882337
75323562401
75340290465
74266548561
75340290385
74266548625
75340290449
79630002726
79634197030
79634766498
104734042762
75339761946
79634507878
75339761962
79634507882
75339762202
79634507942
74265487778
75339229602
74265569698
75339311522
75339426402
79634196898
75323021402
75339700314
75339441826
79634212490
74266085546
75339827370
75339703970
79634278026
79634441890
104717265320
75322758546
79630001482
75322758802
79630001546
75272312138
74265757849
75339499673
74265823337
75339565161
74265488034
75339229858
74265504418
75339246242
74265569954
75322759449
74198714661
75322763545
74198911365
75323021593
74198976805
75339745381
74265823765
75339761813
74265823525
74181617990
74198395206
74198395218
75272137030
74198395298
75272137098
74181667110
74177423754
74181667114
74181618054
79630002710
79634197014
79630002714
79634197018
79630002730
79634197034
75322759274
75339438234
75319306537
75323500841
74198586785
75322463841
74198713893
75322529377
74178451994
74182646298
74178456090
74182650394
74178456102
74182650406
74178472330
74182666778
74182666566
74199443782
79634192965
75339684241
79634258501
75339438481
79634197061
75339700625
79634262597
79634438497
104717199941
79634504033
75339442342
74198574481
75322451537
74198574497
75322451553
74199636369
75323513425
75323808418
79631051402
75324070562
74199427426
75273169250
74199443858
75273185670
74199443810
75273185610
74199509346
75273251098
75323513222
75340290438
75272317578
75339426442
75272579722
75339688586
74265500037
75339483690
79634438314
79634508449
104734042722
79634770593
105807784522
74198649157
75322759445
74198649221
79634765993
79635307145
74181908581
74266532121
74198587541
74181908585
79634770025
74198587545
75273382470
75340491334
79634508370
97201039514
79634770322
97209444522
74266536546
75340278370
74266536610
75340278434
75272317258
75339426122
75272579402
75339688266
75339483430
79634438234
75339745574
79634503770
75339499814
79634442330
75339688090
75322788394
75339688106
74198911082
75272579226
74198911146
75272579242
75323021414
75339700374
75323021418
75323582789
75340737185
79635491233
148354722401
79635491489
148354722465
74182175058
74199427682
75273169506
74198648341
75322512737
74198832737
75322512801
74265499041
75339240865
74181842321
75318252897
74181907857
75318269281
75322762641
75272317082
74198895125
75322787941
74265757797
75339499621
74265823333
75339565157
74181909073
75318270353
74182171025
75318335841
75322451338
75339228458
74198374049
75272115753
75272115737
74181596745
74198373913
74181596805
74198373925
74181596809
74177402389
74198374993
75339442825
74199423253
75340548633
79635310945
75340737121
79635311009
74199423585
75273165337
74199423569
74199423649
75273165353
74177407313
74198911061
75272579157
74198976597
75272595541
75323566665
75340294681
79630019097
79634213401
74181600865
74198390345
74181600913
74198390405
74181600929
74198390409
74181600849
74198390341
75340737105
74177423941
74181667349
74177489429
74181683733
74181908773
74198833301
74181912869
74198837397
74182170725
74198849685
75340614186
79635327562
75340753570
79635327626
75339499622
74198648345
75322516833
74198836833
75322516897
74265503057
75339244881
74265503073
75339244897
74265503121
75339244945
79634196758
79630018838
79634213142
74198832777
75339425121
79634195809
75339499033
79634261345
75339441505
79634212169
75339499049
79634441617
91828103306
74198911273
75322787945
74198632985
79630002850
75339438474
75272317586
75339438726
75339426194
79634197074
74198373986
74181596714
74181596746
74181597766
74198374934
74198373914
148354717974
74198378777
74198391201
74198391121
75272120597
74198391137
75272120601
74177423686
74181667094
74177489174
74181683478
74181908758
74198833238
74181912854
74198837334
92952603178
79634508369
79634770321
93015534122
75339442529
79634213193
75318269466
75322529158
75339306278
79634508177
75339306266
75322529162
75339306282
75322529094
75339306262
75322529098
75272333481
75339442345
79630019093
79634213397
79630019113
79634213417
74265757781
75339499605
74198391370
74181662230
74177406562
74181662234
74177406626
74177406546
74181601890
74177423942
74181667350
74177489430
74181683734
74181908774
74198833302
74198574662
75322512938
74198461010
75272202774
74265823526
75339761766
74266085478
75339827302
74198460753
75272202517
75323582790
75340359958
75323582794
75340359962
74198592081
75322468753
74265504081
75339245905
74265504145
75339245969
74265504097
75339245921
75323808146
79631051082
75323820678
79631112586
75322463561
75339240777
79630001705
79634196009
75322467657
75339244873
75322529097
75339306265
75322533193
75339310361
79634441633
104717265240
79634507361
104734042465
79634507425
104734042466
75339564585
75339441809
75322517073
74198836881
75322517137
74181846433
75318257249
75339307289
75322534217
79630068005
79634262309
79630063897
79634258201
79630067993
79634262297
79630084377
79634278681
75323517258
75340294474
75323517322
75340294538
75339442833
79634213509
75339688593
79634262673
75339704977
79634279045
75339688353
79634262625
75318258214
75322452518
75318274598
75322468902
75273366162
75340487302
75273366178
75340487306
75323746658
79631051346
75323746722
79631051362
74178455845
74182650149
74178455849
74182650153
74182711625
74199439641
74182650185
74199427353
74182650249
74199427369
75272578657
75339687557
75272578697
75339687561
75339762213
79634507929
75318254106
75322448410
75318270490
75322464794
75318258202
75322452506
75318274586
75322468890
75322693798
75339421862
75323517321
75340294537
75323578761
75340355881
75323582857
75340359977
75323513225
75340290441
74198570385
74198570641
74198570401
74198570657
75322447441
74181842273
75318253137
75322447457
74181842337
75318253153
75322512714
74265500241
74265500257
74198378081
75272119905
74198394465
75272136265
74198394513
75272136325
74198460001
75272201753
75322463817
75339241033
74199697945
75323566433
74199886417
75323566481
74199886433
75323566497
74199640401
75323517265
74199640657
75323517329
75340548742
79635311174
75340614182
79635311178
75322464841
75339242057
75322468937
75339246153
75322530377
75339307545
75322534473
75339311641
75322464901
75339242117
75323021665
79630068293
75323021729
79630068297
75323021921
79630068357
75322787929
74198911513
79634212170
79630017930
74265758089
75339745385
74265823529
75339761769
75339827305
75322697878
75339425894
74198391393
74177406305
74181600789
74177406501
74181600805
74177406489
74181600793
74177406505
74181600809
74181662277
74199624289
75323500961
74199640673
74177407329
74181663001
74177423749
74181667109
74177423689
74181667097
74177489177
74181683481
74182174869
74198853733
75340487074
79635245642
75340487330
79635245706
74181618249
74198395465
74198456873
74177406561
74181662233
74177422981
74181666341
74177422921
74181666329
74177422985
74177423945
74181667353
74177489433
74181683737
74181909029
74198833317
74181913125
74198837413
74182170789
74198849701
75272317345
75339438473
75322463570
74198586722
75322463586
74198586962
75322463634
74198586978
75322463650
74198631958
75322512722
74198832722
74181847377
75318258001
74181912913
75318274385
74182175057
75318339921
75318274330
75322468634
74198571590
74265483558
75340356137
75323025574
75339704486
74198632742
75322693914
74198649126
75322698010
74198894886
75322771558
74198911270
75322787942
74198632982
75322694166
75323746913
79631051409
75323746977
79631051425
75273628234
75340737098
75339704993
79634279049
74198976793
75323025701
74198976809
75323025705
74198977049
75323025957
74198977065
74177406306
74181600790
74177406502
74181600806
74177406490
74181600794
74177406506
74181600810
75323501190
75340278310
74177423690
74181667098
74177489178
74181683482
74181909014
74198833254
74181913110
74198837350
74182170774
74198849638
75339827482
74198455846
74177422982
74181666342
74177422922
74181666330
74177422986
74181666346
74181666386
74199624353
75323501217
74199640737
75323517601
74199886497
74177423946
74181667354
74177489434
74181683738
74181909030
74198833318
74181913126
74198837414
74182170790
74198849702
75323562310
75340290326
75323562314
75340290330
74182715977
74199443993
74182716041
74199444009
74181846418
75318256994
74181907874
75318269538
75322468889
74198894682
75272575126
74198894698
75272575130
74198836818
75322516882
74198648346
75322516834
74181908066
75318269586
74181912210
75318273442
74198590802
92952373770
74199902882
75323583138
79634441618
92901845130
79634503266
75339441506
79634503074
92901877930
75339441746
75318336098
74198632746
75322693930
74198649130
75322698026
74198894890
75322771562
74198911274
75322787946
74198632986
75339442770
79634213254
75339688530
79634262418
75339704914
79634278790
75339688290
79634262370
74198649109
75322698005
74198649125
75322698009
75322759761
79630002565
75322759825
79630002569
74198649381
75322698265
74182666629
74199443845
75340491425
79635262089
75340753569
79635327625
75272575365
75339684229
75322771849
79630064261
75322772041
79630064201
75322772105
79630064265
75340491346
79635261830
75340753490
79635327366
79630064266
75272136070
74198459746
75272201498
75322463562
75339240778
79630001706
79634196010
79630001686
79634195990
79630001690
79635307141
75273366097
75340487237
75273624197
75340733061
75273382469
75340491333
74265486946
75339228770
74265503378
75339245202
74265503330
75319302818
74182957730
75319319202
75322772009
75339684009
75322788393
75339688105
74198574661
74265486629
74198832713
74265498921
75322468682
75339245898
75322530122
75339307290
75322534218
75339311386
75322464646
75339241862
75322530182
75339307302
74198456617
74198395217
74198395281
75272137093
74198395269
74181618057
74198395273
75339688594
75339762246
79634765974
75339762310
79634765978
79634262674
75339704978
79634279046
74181596438
74177402138
75323025577
75339704489
74198976601
75272595605
74198976617
75272595609
74198976681
75339704473
74198591050
74265503114
74198836874
74265503274
75322517898
75339245866
74182666570
74199443786
74182666634
74199443850
75340487265
79635245449
74199619937
75323496801
74199697941
74199697957
75323578721
148354738569
75322771750
75339683930
75322788134
75339688026
75322788137
75339688089
75323025513
75339700869
75272579489
75339700617
75272579745
75339700873
75339688337
79634262609
74181597481
74181597509
74198374677
74177403157
74181597461
74177403161
74181597465
74181597573
74181597513
74265564514
75339306338
75339421026
79634191690
75339421266
79634191750
75339437650
79634195846
75339683410
79634257286
75323501129
75340278297
74198460002
75272201754
75322463878
75339241094
75322529414
75339306534
75322533510
75339310630
74265482834
75339224658
74265499218
75339241042
75322697897
75339425961
79630002709
79634197013
74198648921
75272317077
74198648985
75272317093
74198648937
75272317081
91823909018
74199624337
75323501201
74199886481
75323513413
75340290629
75323513417
75340290633
75323566737
74199640721
75323517585
75322788118
75339688022
75323025494
75339704406
74198461026
75272202778
75322464842
75339242058
74181596489
74198373657
74181662025
74198390041
74181600585
74198574665
74265486633
75322451333
75339228453
75322451241
75340614185
74265483802
74198571658
79630068298
75323021986
79630068362
75323021666
79630068294
75323021730
75339700882
79634262662
79634262602
75272579466
75323500870
75340278038
75323566406
75340294422
74198374681
74181663049
74198391065
74181667145
74198395161
75322693721
75339421785
74182666565
74199443781
74182666569
74199443785
74182666633
74199443849
74182715729
74199505173
74199443793
75273185605
74199443809
75273185609
74199624290
75323500962
74199640674
75323517346
74199886434
75323566498
74199902818
75323582882
75273366114
75340487242
75323517577
75340294793
75323579017
75323583113
75340360233
75323513481
75340290697
74265486945
75339228769
74265487009
75339228833
74181846369
75318257233
74198832774
74265499174
74198574726
74265486886
74198836870
74181596806
74198373926
74181662342
74198390310
74181913109
74198837349
74199636386
75323513442
74199636642
75323513506
74181601937
74198391429
74181601953
74198391433
74178451753
74182646057
74182646085
74182646153
74199423273
74199423329
75273165081
74182646149
74199423269
75339438674
79634196870
75339700818
79634262406
79634438546
97192601706
79634504082
97192601770
79634504274
97192618138
79631112745
79635307049
79631116841
79635311145
74181662281
74198390297
74181600841
74198378009
74181666377
75322467653
75339244869
75322467717
75339244933
75323582793
75340359961
75323517257
75340290377
75340294473
79631051285
79635245589
75273251097
75339564570
75323025962
75339704722
79634278982
75339704738
79634278986
75339704994
79634279050
75339704970
74181843094
74198571110
74198570310
74265482518
74198570566
74265482534
74181597769
74198374937
74181663305
74198391321
74181601865
74198379033
74181667401
74198395417
75318254117
75322448421
74199624354
75323501218
74199640738
75323517602
74199886498
75323566754
75322693734
79631051286
79635245590
79631051290
79635245594
75273366089
75340474953
75273628233
75340737097
74266548817
75340290641
74198649161
75322759461
74198911305
75323021605
74198714649
75322763557
74265758025
75339745369
75339483417
79634438245
75339499801
79634442341
75339500106
79634504230
75339565594
79634508326
75339421258
75340487305
74181617961
75272136985
74198456737
74177423637
74181617941
74177423641
74181617945
74181667141
74198395157
74265499926
74198575430
74265487638
74198837574
74265504022
75322693718
75339421782
75322759254
75339438166
75322697814
74199443753
74182715785
75273185577
74199505233
75322772106
75272575366
75339684230
75272575622
75339684486
74198894874
75322771546
74198895130
75322771610
74199624274
75323500946
74199886418
75323566482
74199640658
75323517330
74199902802
75323582866
75323746706
79631051106
74198854226
75322534290
75322451345
74198574689
79634438817
104717199946
79634504353
104717265482
75339442757
75272333897
75339442761
75339442513
79634213189
75339442769
79634213253
75339442785
74177489193
74181683497
74181683525
74198460693
74181683593
74198460713
74199640710
74266552966
74199898762
74266614314
79634261649
75339703953
79634278021
74178452009
74182646313
74178456105
74182650409
74178472489
74182666793
74182732101
74199509269
79630068386
75272579474
75339700614
75272579730
75339700870
74198911306
75323021606
74198911562
75323021862
74198911370
74266536274
74199439954
75273169430
74199440018
75273169446
75272313413
75339422277
75272313417
75339422281
75339422033
75339422289
75339422049
75322694289
79629998473
79634192709
74199624338
75323501202
74199886482
75323566738
74199640722
75323517586
74199902866
75323583122
75322530146
74198850130
75322530194
74198850146
75322530210
74265565538
75339307362
74265565522
75339307346
79635487073
148354718229
79635491217
79631051301
79635245605
75322451242
74198570314
74265482522
74198390042
74181600586
74198377754
74181666122
74198394138
75318252838
75339482650
79634261330
74265487713
75339229537
79635491234
148354722402
79635556962
148354738822
74181663050
74198391066
74181601610
74198378778
74181667146
74198395162
75318253862
75322448166
75318257958
75322452262
75273361801
75340470665
75273365897
75340474761
75273382473
75340491337
75323742817
79631047301
75323566469
75340294437
75340294421
74181662997
74177407393
74181663017
74181601617
74198391109
75339437474
79634196042
75339564582
79634261578
75339683474
79634257542
75339699858
79634261638
74265499282
75339241106
75340532266
79635327302
74198649386
75322788121
75339688085
75322788377
75339688101
75322464645
75339241861
75322464649
75339241865
79635241285
75340470625
79635241289
75322463782
74181662282
74198390298
74181600842
75318253094
75273624138
75319384482
74199681574
75323578706
74199697958
75323578722
74199898706
75323578770
74199898722
75323578786
74198395418
75318254118
75322448422
75318270502
75322464806
74198571402
75340733074
79635307142
75340749458
79635311238
75339437394
79634195782
92897650794
79634257222
75339482662
79634261318
79634437458
92897634394
79634437522
92897634410
75323562537
75319384617
75323578921
74198592074
74265504138
74198854218
74265569578
75323566725
74181600593
74198390085
74181666129
74198455573
74198460834
75272202538
75319306774
75323501078
75319306778
75323501082
74199640457
74266552905
74199640713
74266552969
74199439685
74182650209
74199439689
74182650257
74182650273
74199439753
74182650193
79634258506
75339700642
75339422354
75339437713
79634196101
74177407509
74181601813
74177407513
74198390417
75272119845
74181663369
74198391337
74198390433
74199439953
75273169429
74178455905
74182650389
92948179482
79630084393
75323517573
75340294789
75323579013
75340356133
75323583109
75340360229
74198395473
75272137285
74198394501
74181617289
74198394505
74181666385
74198455829
74181666449
74198455845
74181666401
75339499797
74177424005
74181667365
74181908777
74198833305
74181912873
74198837401
75322448197
75322448201
75339225369
74265483561
74181843029
74198571093
74181843033
74198571097
74181843093
75339225365
75318253078
75322463558
74177423638
74181617942
74177423642
74181617946
74177423658
74181617962
74181667142
74198395158
74199619978
74266532378
74199620234
74266532394
74181847441
75318258017
74181913169
75318274449
74199619909
75319302421
75323496725
75319302425
75323496729
75319302437
75323496741
75319302441
75340273961
74266532117
79630002474
79634196778
74178451754
75272312393
75272316489
75339425353
74182646058
75339438418
79634196806
75339700562
79634262342
79634438482
97192601690
79634504018
97192601754
75339240997
79631051169
74177423750
74181908762
74198833242
74181912858
74198837338
74182170714
74198849626
75322529418
75339306538
74181667474
74198456870
74181666402
74198455834
74181666466
74198455850
74181667490
74198456874
74198395474
74177424006
74181667366
74181908778
74198833306
74181912874
74198837402
74182170730
74182650513
74199440005
74182650529
74199440009
75340749394
79635310982
75340749410
79635310986
75322464585
74181908757
74198833237
74181908761
74198833241
74181909013
74198833253
74181909017
74198833257
74198587717
74198460754
75272202518
74181683594
74198460714
74198575494
74265487894
74198837638
74182646341
74199423509
74182650437
74199427605
74182711877
74199439893
74182715973
74199443989
74199619973
74266532373
74178452010
74182646314
74178456106
74182650410
74178472490
74182666794
74182732102
74199509270
79634258454
79630068246
79634262550
75340486994
79635245382
75340487250
79635245446
74265823513
75339761753
75339425361
79634195857
75339687505
79634261393
74198586762
75322759334
75339438246
74198575761
75322452625
75323742561
79631047237
75323746705
79631051105
74198631962
75322516818
74198631978
75322533202
75323837002
79631116898
75318269345
74181908113
74182170257
74198849121
75322529185
74198631973
75322529105
74198849105
75322529169
75318269514
75340360213
75322698129
79630002529
75339426129
79634196817
75339426145
79634196833
75339426385
79634196881
74199443733
74198394181
74181617029
74198853970
75322534226
75272575066
74198894758
75272575082
75322771621
74198911525
74199681578
75323582802
74198849637
74198455905
75272136217
74198455969
74198394389
74181667461
74198395429
74198394393
74177423753
74181667113
74181913113
74198837353
74182170777
74198849641
74177407529
74181601833
75272595845
75339704709
74198461025
75272202777
74181682757
74198461089
75272202793
74198459925
74181682761
74198459929
74181682821
74198459941
74177407649
74181663273
74177424009
74181667369
74177489449
74181683753
74181909033
74198833321
75340470945
79635241609
74198833762
75322513826
74198587730
75322464594
74198587986
75322464658
74265499986
75339241810
74265500050
75339241874
75340491409
79635262085
74181912994
75318274658
74181913250
74265568673
75339310497
74182170273
75318335137
74198631977
75322533201
74198648361
75322533217
79635241350
75340733010
79635306886
75322463842
75322463890
74198587042
75322463906
74265499234
75339241058
74265499298
74198911529
75322788009
74198633001
75322694185
74198895145
75322771625
74198649385
75322698281
74181666378
74198394394
74181666438
74198394406
74181666442
74198394410
74199697989
74177489194
74181683498
74181909018
74198833258
74181913114
74198837354
74182170778
74198849642
75340474769
79635245649
75340475025
79635245713
75272201769
74182892194
74181682762
74198459930
74181682822
74198459942
74181682826
74198459946
74181682758
74198461090
75322763433
74177424010
74181667370
74177489450
75322788122
75339688086
74181683754
74181909034
74198833322
74181913130
75322448198
75339225366
75339225370
75322448262
75339225382
75322448266
75339225386
74198571338
74265483546
79631116837
75339499078
79634257478
75339499142
79634261574
75339421074
79634437474
92901828746
75318339877
75322534181
79629998409
74182646086
74199423254
74182711622
74199439638
74182715718
74199443734
74199619910
74266532118
74198591889
75322468945
74265500321
75339438170
75322763354
75339442266
75322693737
75339421849
75322759273
75339438233
74198377889
75272119713
74198394273
75272136073
74198459809
75272201513
75322463625
75339240841
79630068042
74199681558
75323562322
74199697942
75323562338
74199882322
75323562386
74199882338
74199636306
75323513170
74198895142
75322771622
75322468745
75339245961
75322530185
75339307305
75322534281
75339311401
75323513221
74198977046
75323025942
74265758086
75339745382
74265823766
75339761814
75322464582
75339241798
75322464586
75339241802
75323579018
75340356138
75323812258
79631067722
75323812514
79631067786
74182650438
74199427606
74182711878
74199439894
74182715974
74199443990
74199619974
74266532374
79634278938
75339438482
79634197062
75339700626
79634262598
79634438498
104717200005
79634504034
104717265541
75339762309
79634765977
75339827749
79634770073
74181600582
74198378145
75272119969
74198394529
75272136329
74198460065
75322463881
75339241097
79630068361
74199509410
75273251114
75322464905
75339242121
75322469001
75339246217
75322530441
75339307561
75322534537
75339311657
74199636562
75323513234
79631051305
79635245609
79631067689
79635261993
75322463626
75272317573
75339426437
75339421265
79634191749
75339421281
79634191753
79629997449
75322692945
79629997381
75322693009
79629997385
75322693201
75322529170
74198648358
75322529122
74198849122
75322529186
74265564498
75339306322
79631051046
79635245350
79631051050
79635245354
79634507861
74198571345
75322448209
79630002501
75322693969
79629998405
75322771781
79630063941
75322759505
75272317253
75318335906
75322787925
74198911269
74198632998
75322694170
74198649382
75322698266
74265486689
75339228513
74265486753
75339228577
75272119849
75339421846
75322693738
75339421850
74266614370
75340356194
74266614434
75340356258
75339745818
74181843113
74198571177
75318254105
75322448409
74198571401
75318253097
75322447401
74198570373
74198570629
74199620229
74266532389
74199619977
74266532377
74266532393
74198586769
75322463825
74198648389
75322512977
74198648453
75322529361
75272312197
75339421061
74265568594
75339310418
74265568610
75339310434
74265568674
75339310498
75322533218
74198853218
79635557009
75318270597
75322513957
75318270537
75322513945
75318270601
75322513961
74198587781
74265500229
74198588037
74265500293
74181601873
74198391365
74181667409
74198456853
74181618245
74198395461
74181683781
74198460949
75318270533
75322513941
74198571409
75322448465
74198587793
75322464849
74198833553
75322514001
74198849937
75322530385
75272313221
75339422085
74198895146
75322771626
74198911530
75322788010
74198633002
75322694186
75322698282
74181601670
74181663046
74198391062
74181663110
74198391078
74181663114
75322763434
75339442346
79630019114
79634213418
74198714458
75272333462
74198714474
75272333466
74198394506
74181662021
74198390037
75322447434
75322447498
75322447494
74265483818
75339225622
148354717978
74181601618
74198391110
74181667154
74198456598
74181683526
74198460694
74198588042
74265500298
75318270534
75322513942
75318270598
75322513958
75318270538
75322513946
75318274466
74198837858
75322517922
75322468754
74181912914
75318274386
74198911257
75322787993
74266548774
75322518085
75339246101
75322518089
75339246105
75322533258
75339310378
74198377890
79630018070
79634212374
79630018074
75339421329
75323517345
74199902817
75323582881
75323746961
74199439714
75273169178
74199439778
75273169194
75318336022
75322530326
75318340118
75322534422
74198590882
75322467938
74198591122
75322467986
74198591138
75322468002
74181846434
75318257250
74181911970
75318273634
75322468746
75339245962
75322530186
75339307306
75322534282
74182650186
74199427354
74182650246
74199427366
74182650250
74199427370
74182711686
74199439654
75323578762
75340355882
75323582858
75322533265
75340359978
75323513226
75340290442
74265565537
79635552674
148354722330
79635557010
148354738570
74198570402
75322447458
74198570658
75322447522
74265482850
75339224674
74265482914
75339224738
74181842338
75318253154
75323025961
75323025761
75339704713
75272119970
74198394530
75272136330
75322463882
75339241098
75322467978
74199697946
75323566434
74199640402
75323517266
75323566753
74199902881
75323583137
75322464906
75339242122
75322469002
75339246218
75322530442
75339307562
75322534538
75339311658
75272316306
75339437446
75272316562
75322763814
74198977050
75323025958
74265758090
75339745386
74265823770
75339761818
74266085482
75318257957
75322452261
75272595625
74198377753
75319306793
75323501097
75319323177
75323517481
75322693266
79629997450
75339421010
75339421254
74198631974
75272312134
75339420998
75322452549
75339229717
74198575257
74181847209
74198455577
74181616969
74198394185
74181682505
75318258201
75322452505
75339704409
74182715745
74199505177
75323501081
74265504073
75319306773
74198911302
75323021590
74198976790
75323025686
74198649158
75322759446
74198714646
75322763542
75272317254
75339426118
75272575302
75339684166
75272579398
75339688262
75322693970
79629998406
75322771782
74181913129
74198837417
75322467909
75339245125
75322467973
75339245189
75322467913
75339245129
74181601889
74198391369
74181667425
74198456857
74181683785
74198460953
75319306534
75323500838
75319306538
75323500842
75339437665
79634195849
75322763813
74199427745
75273169569
79634508386
104734042785
79634770338
105807784582
74198575498
74265487898
74198575754
74265487914
74181847206
74198575270
75340475013
74181601634
74198391114
74181667170
74198456602
74181617994
74198395210
74181683530
79634765930
75339762314
79634765994
74199620166
74266532134
79634192713
79630001570
75339425106
79634195794
75339425122
79634195810
75339425362
79634195858
75339425378
79634195874
74198570386
74198837418
75318274634
75322518042
75322467910
75339245126
74181667426
74198456858
74181618250
74198395466
74181683786
74198460954
75272317318
75339426182
75272579462
75339688326
75322693986
79629998662
75322771786
79630064198
79635311201
75323812497
79631067529
75324070561
79631116937
75272317510
75339426374
75272317514
75339426378
75322759506
79630002502
75322759570
79630002506
74198649110
75322698006
75339245098
75322517130
75323583049
75340360217
75322697122
79630001762
75322762658
79630018122
75272317017
79634438313
75339483433
79634438249
74265741401
75339483225
74265741417
75339483673
79634438309
75323021922
79630068358
75272579718
75339688582
74198853217
79635310929
75340294481
74266618193
75340360017
75340532265
74266536273
75340278097
74266552657
79635327301
75323746962
79631051170
75322463818
75339241034
75323562570
75340290586
79630019094
79634213398
74198395270
74198395234
75272137034
74181618058
74198395274
74198976602
75272595606
74198976618
75272595610
74198976682
74265757785
75339499609
74198911077
75272579161
74198976613
75272595545
75273365834
75340474698
75273366086
75340474950
75273366090
75340474954
75323742802
79631047046
75339699793
79634261381
75339499913
79634503977
75339500105
79634504229
75339499849
79634503973
75339827306
75323026018
79630084742
75323025826
79630084682
75323026082
79630084746
75272595846
74198976794
75323025702
75323513129
74198374678
74181597574
74198374694
74181597514
74198374682
74181597482
74181597578
74177403158
148354738729
75322697830
75339425942
75322697894
75339425958
75322697834
75339425946
74266536529
75340278353
74266552913
75340294737
75323808162
79631051338
75323837062
79631116706
79634770337
105807784518
74182666630
74199443846
74182715730
74199505174
74182715794
74199505190
79634262554
75273251370
75323513482
79634770258
97209444506
75323517578
75340294794
74198571109
75272595081
75339703945
75339500073
79634442409
75339228834
75318257314
74198574482
75322451538
74198574498
75322451554
74198574738
74181846370
75318257234
75318273577
75322517061
75339245077
75322517125
74198586953
74265499017
74198836869
74265503269
74198591049
74265503113
75340491089
79635261765
74181913170
75318274450
75323566661
75340294677
74182646090
74199423258
74182646150
74199423270
74182646154
74199423274
75339500054
79634442390
75322697313
79630001809
75323517318
75340294534
75323578758
75340355878
75323582854
75340359974
75323513162
75340290378
75323578698
75340355866
75340548746
79635327558
75322516810
75339244826
75340474721
79635245409
75340474977
79635245473
74198459729
75322692962
79629997638
75322693218
79629997702
75340491170
79635262026
75340491426
79635262090
74198649162
75322759462
74198714650
75322763558
74198390098
75272119574
74198390114
75272119578
74181667465
74199886409
74266552617
75322534185
74198587977
74265500041
74198850121
74265565481
74198592073
74265504137
74198854217
74265569577
75322772005
75318270233
75322464537
75318270245
75322464549
75318270249
75322464553
75322513733
74181908565
74198587477
74181908569
74198378833
75272120657
74198378849
75272120673
79634437538
92901877914
75323562377
75340290345
74182711685
75319306521
75323500825
74199439653
75339483418
79634438246
75339483674
79634438310
79634438818
104717200010
75272137350
75323578694
75340355862
75340749449
75323808354
79631051398
74182732361
74199509529
74182732425
74199509545
75340278098
74266552658
75340294482
74266618194
75340360018
75340474706
79635245394
79634213190
75339442530
75322763922
79634213194
79630018954
75339442786
79634213258
74198390410
74182711882
74199439898
74182711946
74199439914
74265565465
74198850117
74265565477
75318335765
75322530069
74182170709
79634442329
74182646405
74199423525
74182650501
74199427621
74182711941
74199439909
74182716037
74199444005
79634442594
104717265556
79634442658
104717265560
79634442914
104717265576
75339499850
79634503974
74181667218
74198456614
75339422050
79634192714
75339422290
75339422306
75272313162
75339422026
79634192774
79634192778
74266536530
75340278354
74266552914
75340294738
74266618450
75340360274
75340474770
79635245650
75340491410
79635262086
75340753554
79635327622
74198574725
74265486885
75340548678
79635307078
75340614166
79635307082
79630019145
75323025825
79630084681
74198591114
74265503370
74198853258
74265568810
75273365898
75340474762
75273382474
75340491338
75323742818
79631047302
75323812242
79631067466
75322771754
75339683994
75322788138
74266614098
75340355922
74266614114
75340355938
74177407330
74181663002
74177407394
74181663018
74181843097
75322448261
75339225381
74181908049
75318269329
74198586705
75322463569
74265498961
75339240785
74265498977
75339240801
79630018886
75323025746
79630084422
75339700378
75323021478
75339700390
75323021482
75339700394
79630068262
79634262566
79630068250
74198571601
79634507409
91832330410
79634765473
91840751786
75339425377
79634195873
75339441761
79634212233
74199619913
74199620165
74266532133
79635487377
148354717993
79635552913
148354722089
75273361738
75340470602
75273361990
75340470854
75273361994
75340470858
75323742546
79631046982
75323025510
75339704470
74198833810
75322514066
74198833826
75322514082
75323501126
75340278294
75323566662
75340294678
74198587721
74265499977
74199624033
75323500897
74181842274
74265568809
74181666465
74198455849
74181682825
74198459945
75318269577
75339704930
79634278794
74182650210
74199439690
74182650258
74199439750
74182650274
74199439754
74182650194
74199439686
75319302677
75323496981
74198632741
75322693913
74198894885
75322771557
74181843345
75318253921
74181908881
74199444114
75273185926
74199444066
75273185866
74199509602
75273251354
75323517574
75340294790
75339688545
79634262433
79634213257
75339704929
79634278793
79634442897
92956568074
74265486673
75339228497
75323583045
74181908566
74198587478
74181908570
74198587482
74181908630
74198587494
74181908634
74198587498
74198591045
74265499161
74265499177
75322512965
75339240981
75322513029
75322512969
75339240985
75319318857
74266548777
75322513689
74198587973
74198592069
74265504133
74198854213
75322451525
75339228693
75322451589
75339228709
74198574473
74265486873
74198574729
74265486889
74182715782
74199443750
74265565717
74198850181
75318273609
75322517017
75318335001
74198849161
74265564713
75322530373
75339307541
75322530437
74181667473
74198456869
74181618309
74198395525
74181683845
74198460965
79631112730
79635307034
79631116826
79635311130
75340491090
79635261766
75273366153
75340475017
75273628297
75340737161
75318269322
74266552929
75340294753
74181618313
74198395529
74181683849
74198460969
75318274697
75322518057
75318336041
75322771993
75339684005
75318269478
75318269482
75322463786
74181601682
74198391174
74181683590
74198460710
75318270282
75322513690
75322530118
75339307286
75318335786
75322530090
74182170710
74198849622
74198649370
74265565718
74198850182
74265565734
74198849930
74265565722
74198850186
74265565738
74198574474
74265486874
74198574730
74265486890
74181618310
74198395526
74181683846
74198460966
75322452298
75339229466
75322517834
75339245850
74182650502
74199427622
74182711942
74199439910
74182716038
74199444006
74199620230
74266532390
75322771734
75339683926
74198632617
75272313001
74198649001
75272317097
74198460697
74198853961
75318270341
75322513701
75318274437
75322517797
75318335781
75322530085
74198394154
75323517509
74199427409
75273169233
74199427425
75273169249
75322771013
79630062921
75322758545
79630001481
75322771077
79630062985
75339499029
79634257225
79634438562
104717200006
79634504098
104717265542
75322448150
75322448202
79634258218
79630068010
79634262314
75322698066
79630002514
75322698130
79630002530
74198649222
75322759450
74198649414
75322759702
74199444050
75273185862
74198571114
75322694033
75339745813
79634438293
79634503829
75322448273
75339500053
79634442389
75339442261
75322763413
75272333417
75322763417
75339442277
75339442281
74198714453
75272116761
74198375073
75272116777
74265483817
74198849621
74181912853
74198837333
74182174805
74198853717
79631047193
75340274217
79631112729
79635307033
74198379105
75272120929
75322533445
75339310613
75318269573
75322512933
75322512937
75322771737
75339683989
74177407569
74181663253
75322448458
75339225626
74177402390
74181596694
74198571178
74177402394
74181596698
74177402410
74177407314
74181662998
75322533446
75339310614
74181601874
74198391366
75339684010
74177407650
74181663274
75322693025
79629997641
75322771017
79630063177
74181912870
74198837398
74182174822
74198853782
74181600673
74198390153
74181666209
74198455593
74181617033
74198394249
74181682569
75339245093
75322517065
75339245081
75318256921
75318256933
75318256937
74181601697
74198391177
75318270345
75322513705
79631047190
79635241494
79631047194
79635241498
74198854021
74265569813
74198854025
75322758561
79630001737
75322787461
79630067105
75322447505
74198587025
75322463889
74198832785
75322464650
75339241866
75322534425
75318340137
75322534441
75322534533
75339311653
75318273673
75322517033
75318335017
74198575497
74265487897
74198575753
74265487913
74199440017
75273169445
74199439969
75273169433
74199440033
75273169449
75323513161
75323025497
74198833481
75318253861
74198911065
75272579221
74198911129
75272579237
74177407585
74181663257
79634278025
74265503393
75339245217
75339228698
75322451594
75339228714
74181847142
74198575254
74198648922
75272317078
74198648986
75272317094
74198648938
74265499270
74198911066
75272579222
74198911130
75272579238
79630063130
79634257434
75273365858
75340474758
75273366098
75340487238
74198571617
74198571361
75322448289
75322448225
74182170961
75318335825
74266532257
75340274081
74265823317
74199619921
75323496785
74199620177
75339240774
75322463622
75339240838
75323562374
75340290342
75323500937
75340278057
75323566473
75340294441
75323496841
74198575457
75322452321
74198575697
75322452369
74198575713
75322452385
74198575441
75322452305
74198455833
74181908833
75318270545
74182170977
75318336081
74198632729
74265504278
75322518086
75318252881
74181842577
75318252961
74265482593
75339224417
74198570321
79634503265
79634277705
79634503073
74265569814
74198854278
74265569830
74198854026
74265569818
74198854282
74265569834
75318340134
75322467721
75339244937
75318253093
75322447397
74181601954
74198391434
74181618314
74198395530
74181683850
74198460970
75318270602
75322513962
74265483801
74198833545
74265500185
74198837641
74265504281
75339224482
75339224402
74265482594
75339224418
75318253922
74181843602
75318253986
75322448210
75318253906
74181908818
75318270290
74182170962
75318335826
74198632726
75322693910
75319319174
75323562534
75319323210
75323566618
75322694181
74198895129
75322771609
74198591826
75322468690
74198592082
74198649369
75322698277
75322452386
75318253138
74198574434
75322451298
74198574690
75322451362
74265487698
75339229522
75322693265
75339437730
79634196106
75322447185
74198631957
74181843298
75318254162
74181908834
75340548741
79635311173
75340749457
79635311237
75318270546
75339688609
79634262689
75339426465
79634197153
75339442849
79634213513
79634504289
104717265481
75339483413
79634438229
79634442325
75323021649
79630068037
75339761941
75318273669
75322517029
74198586761
74265499209
74199636362
74266548810
74199636618
74266548874
74198911253
74265741397
74198632725
75339483221
74198894869
75322771541
75318270289
74265499013
74198832773
74265499173
75339311385
75322771989
74182170713
74198849625
74182174809
74198853721
75323501189
75340278309
75339683941
75272316553
75339425417
74181667489
75322530325
75318336037
75322530341
75318336025
75322530329
75322530345
74198849925
74265569633
75339311457
75322467718
75339244934
75322529350
75339306518
75322529354
75339306522
75322697297
79630001553
75322697105
79630001505
75322697361
79630001569
75272316497
75339437637
75339306281
75322762897
79630017929
75322518149
75339246117
74198394409
74177406369
74181617173
74177422729
74198455889
75272136213
79630084633
79634278937
74198853785
74182174889
74198853801
75318340117
75322534421
75318340133
75322534437
75318340121
74265487697
75339229521
75340753506
75322517062
75339245078
75322517066
75339245082
75322517126
75339245094
75318340122
75322534426
74198854022
75272317265
75339438405
75322771078
79630062986
74198570578
75322447250
75322512786
74198587785
74265500233
74198849929
74265565721
74198591881
74265504329
79629997386
74198390293
74181662341
74198390309
75272575558
75339684422
75272579654
75339688518
75322694034
79629998410
75322772038
79630063946
74198648394
75322517074
74198836882
75322517138
75318270346
75322513706
79634504354
104717265546
75318270305
75322512721
74198832721
75322512785
74182957649
75319318929
74182957457
75319318881
74182957713
75319318945
74199681557
75323562321
74198853986
75322534242
74265499985
75339241809
74265500001
75339241825
74181908817
74181912209
75318273441
74198591841
75322468705
74181909089
75318270609
74181908897
75318270561
74182171041
75318336097
74198574666
74265486634
75322451270
75339228438
75322451274
75339228442
75322451334
75339228454
75318256938
74198591818
74265504074
74198853962
74265569562
74266548641
75339683462
75339499034
79634261346
75339687506
79634261394
75339687522
79634261410
75272578658
74198575434
74265487642
74198833482
74265499930
74198837578
74265504026
75318270246
74177406245
74181600549
74177406249
74181600553
74198571666
75322448530
74198588050
75322464914
74198850194
75322530450
75272313478
75339422342
75273185861
75319302678
75323496982
75319302682
74198976677
75272595561
75323025493
75339704405
75323025557
75339704421
74182732165
74199509285
74181908114
75318269346
74181909074
75318270354
74181908882
75318270306
74181909138
75318270370
74182171026
75318335842
74198649366
74265564577
75339306401
75322698262
75339499798
79634442326
74265504082
75339245906
74181909090
75318270610
74181908898
75318270562
74182171042
75322694182
75322698278
74265564769
74198837585
75322517841
75322451494
75322467658
75339244874
75322467722
75339244938
74198591046
74265499162
75272317013
74198648981
75272317029
74198648933
74198648997
75272317033
75339438181
75322759321
75339438185
75339229481
74265503394
79629998378
79634192682
75272312389
75339421253
75272316485
75339425349
79635310993
148354722345
75340753489
79635327365
74198833546
74265500186
74198837642
74265504282
79634765990
79631046986
75322463621
75339240837
75322529157
75339306277
74198377825
75272119649
74198394209
74177403418
74181597722
74177403434
74181597738
75340470930
79635241606
75339421002
75272312390
75339421282
79634191754
75272312394
75322530117
75339307285
75322534213
75339311381
74199505569
75273185833
75323497097
75323501193
75340278313
75323562633
75340290601
75323566729
75340294697
79630063942
75323021650
79630068038
75272313158
75339422022
75340733026
79635306890
74181846673
75318257057
74198574417
75322451281
74198574433
75322451297
74198574673
75322759337
75339438249
75322759333
79634212485
75339687569
75339762057
79634765929
75339745450
79634504097
104717265478
74199509345
79631051289
79635245593
74266536545
75340278369
74266552977
75340294801
74266618465
75340360289
75323496777
75340273945
74199439761
75273169189
74199439713
75273169177
75322763370
75322534186
74198911366
75322697362
75272312198
75339421062
75272316498
75339437638
75272316258
75339425158
75272316514
75339437642
79630067241
79634261545
74198395233
75272137033
74198460769
75272202521
75339482649
75322759522
75322759270
75339438230
79630002758
75322693925
74198894873
75322771545
74198649113
75322698021
75339442593
79634213449
75339704737
79634278985
79634442657
104717265496
79634508385
104734042721
79634508193
104734042706
75318252898
74181842578
75318252962
75339687558
75322447433
75339224601
74198833797
75339827494
79634770010
74265500002
75339241826
75339245194
75322763817
75340475041
79635245729
75339499846
79634503958
75339761990
79634765910
74198648457
75322533457
75322772010
79631051302
79635245606
79631067674
79635261978
75340737157
75318273322
75322467626
75340294545
74266552737
75340294561
74199505505
75273185817
75339438245
75322763429
75339442341
75322517842
74266618466
75340360290
74266618530
75340360354
75339499802
79634442342
75339500058
79634442406
75318335785
75322530089
75272115738
74198374050
75272115754
74266536290
75340278114
74266552722
75340294546
74266552674
75340294498
74266618210
75273361797
74265482849
75340470661
75273365857
75340474757
75322763350
75339442262
74199636549
74266548613
74199640645
79635557025
148354738825
79635819169
148354804265
74182170773
75318253866
75322448170
74198456993
75272137257
74177423893
74181618197
74198456913
75272137237
74198456929
75272137241
79635552866
148354722342
74182715717
74182715721
74199443737
74265823786
75339761834
75339761994
79634765926
75339762058
74199697962
75323582818
75339700313
75323021461
75339700325
75323021465
75339700329
75322788117
75339688021
74198911125
75339240729
74266552978
75340294802
74266552930
75340294754
75340475026
79635245714
79630084677
79630018858
79634213162
79630063129
79634257433
75322529353
75339306521
75322533449
75339310617
79630067237
79634261541
74199443874
75273185674
75322763418
75339442282
74265757861
75339499685
74265823397
75339565221
79631067673
79635261977
79629997593
79634191897
79629997609
79634191913
75322533189
75339310357
74198575429
74265487637
74198575685
74265487653
74198575433
74265487641
74198575689
74265487657
75322452293
75339229461
74181600674
74198390154
74181666210
74198455594
74181617034
74198394250
74181682570
74198459690
75322512993
75323562629
75340290597
75340294693
75323497033
75340274201
75323562569
75340290585
79631046938
79635241242
79631046954
79635241258
75319306533
75323500837
75323500933
74265499269
74199882373
74266548773
75339687570
74266532193
75340274017
75339307557
75322468997
75339246213
74265482578
79630064153
79634258457
74266548834
75340290658
74266548898
75340290722
74198591813
74265504069
74198591817
74198837337
79630084373
79634278677
75339241797
75322468677
75339245893
75339482665
79634277701
79635552929
74182646345
74199423513
74182711881
74199439897
74182650441
74199427609
75319302693
75323496997
75318274442
75322517802
75318339882
75339688529
79634262417
75339704913
79634278789
74182715781
75319306790
75323501094
75319323018
75323517478
75340548645
79635310921
75340749409
79635310985
75323021417
75339700377
79634262353
74199636550
74266548614
75322533281
75322513993
75339242009
74265568865
75339310689
75339425185
79634196065
75339441569
74198586721
75322463585
74198586961
75322463633
74198586977
75322463649
75339483237
74265757845
75339499669
74198632981
75322694165
75339688338
79634262610
75339688354
74198590801
75322467665
75339426449
74198632745
75322693929
74198649129
75322698025
74198894889
75322771561
75323812513
79631067785
75324074657
79631133321
75272579721
75339688585
75323021985
75272579465
75339688329
75272579717
75339688581
75339700810
74198456657
75272136981
74198456673
74265569618
75339311442
74265565521
75339307345
74181907858
75318269282
74181908050
75318269330
74198586706
74198648342
75339241890
75322697314
79630001810
75322697378
79630001826
75273382533
75340491397
75322467730
74198591074
75322467746
74198833733
74265499941
74198833737
74265499945
79634770257
93015534106
74181662089
74198390057
75323578954
75340356122
75339483241
75340470662
74198911081
75272579225
75273366113
75340487241
75273628257
74181600581
75322533257
75339310377
74198575690
74265487658
75318257962
75322452266
75322512738
74198832738
75322512802
74265498962
75339240786
74265498978
75339240802
74265499026
75339240850
74265499042
75319306777
75319323161
75323517465
74181601925
74198379045
75272120857
74198391457
75272120873
75322534497
75339441762
79634212234
75339482645
79634257221
74182711626
74199439642
74182715722
74199443738
75319302438
75323496742
74198911062
75272579158
74198976598
75272595542
74265757801
75319302442
75323496746
79630067989
79634262293
74178456225
74182711849
74178472585
74182715945
74178538025
74182732329
74182732357
74199509525
74181596553
74198373673
74181600649
74198377769
75322463529
75318252841
75322447145
75318269225
75322516869
79634508130
104734042769
79634770274
105807784581
75322463813
75339241029
75322529349
75339306517
75318274438
75322517798
74198591814
74265504070
74198592070
74265504134
75339499914
79634503978
75339500170
79634504234
74198391081
74265504041
75318253865
75322448169
74181667209
74198395177
74181600930
74181617290
79634212230
79634503330
92914477226
75322697877
74182650442
74199427610
74182715978
74199443994
75319302694
75323496998
74198895126
75322771606
74198911510
75322787990
74265741414
75339483238
74265757798
75322530129
74198849889
75322530145
74198850129
75322530193
74198850145
75339307361
74265565601
75339307425
74199427625
75339441798
75272332938
75339441802
75319318921
74182171281
75318335905
74198632997
75322694169
74198895141
75322788390
75339688042
75323025562
75339704426
74181842593
75318253217
74181908129
75318269601
74181909153
75318270625
74182171297
75318336161
75322451530
75323500938
75340278058
75323566474
75340294442
75318257178
75322451482
75318257194
75322451498
74198574470
74265486870
75322463814
75339241030
75323501130
75340278298
75323517513
75340294729
75322467881
74198373929
74181600905
74198378025
74181662345
74198390313
74198591073
75322467745
74199898721
75323578785
74198833801
74265500201
74198837897
74265504297
75318254121
75322448425
75318270505
75322464809
79634196114
79634441634
104717265304
79634507170
104734042514
79634507362
104734042529
79634507426
104734042530
75339441810
74182170258
75318334882
75322529106
75322468933
75339246149
75322534469
75339311637
79630064149
79634258453
74182171282
92948163098
79634504273
74198394194
75272136006
74198394210
75272136010
75323497034
75340274202
75323497098
75340274218
74198592138
74265504394
75322763797
74181842594
75318253218
74181908130
75318269602
74182170274
75318335138
79634195781
75339437409
74198648357
75322529121
79629997445
75322758737
74181909154
75318270626
74266552873
74182171298
75318336162
75339426121
75339483429
79634438233
75339745573
75339499813
75272579401
75272317257
75322771845
74181912662
74198591574
74181912726
74198591590
74198379050
74181601926
74265499018
75318335782
75322530086
75318339878
75322534182
74198587722
74265499978
74198849866
74265565466
75322447129
75322451225
75318269209
75322463513
75322512713
75318252825
75339240745
75339483689
75272316297
75339425161
75272332869
75339441733
75272332873
75339441737
75339441489
79634212165
75339441745
79634212229
74198571589
74265483557
74181667205
74198395173
74198374693
74198837829
74265504037
75323026017
79630084741
75323026081
79630084745
75322759777
79630002821
75272313225
75339422089
75272575369
74182716002
74199505434
74182716066
74199505450
79630064154
79634258458
75339499817
79634442345
74198911622
74198714470
75272333402
74198714534
75272333418
74181600901
74198378021
74181666437
74198394405
75318253081
75322447385
75340474705
79635245393
75339761942
79634507862
75318270489
75322464793
75318274585
74198571653
74265483813
74265500197
75340548682
79635311186
75340614170
79635311202
74198849873
75322516874
75273185557
75339244842
74199505249
75273185561
75318252842
75322447146
75273366177
75273382537
75340491401
75273628321
75322771990
75339683942
75322772006
74183219857
75318274373
75322517781
75322467666
74198590818
75322467682
74198591058
74198836834
75322516898
74265503058
75339244882
74265503074
75339244898
74198833738
74265499946
74198837834
74265504042
74198395537
75272137349
75339425442
75339245218
74265568930
75339310754
79634196130
74265487010
75339499045
79634261321
74198373714
75272115478
74198373730
75272115482
74181663365
75339704721
79634278981
74266548521
79635487393
148354718249
74199902801
75323582865
75323812241
79631067465
75323820681
79631112841
75323562378
75340290346
74181912725
74198591589
74181847189
74198575205
75322447186
74198570338
75322447202
74198570594
75322447266
74181842322
79634192773
75322694225
79629998469
75339422305
79634192777
75272313157
79634503765
75339422021
75272575301
75339684165
75339426117
75272579397
75339688261
92906072218
74198570634
74265482794
75318273578
75322467882
75322533190
75339684242
79634258502
74198649413
75322759701
74198649477
75322759705
75322698065
79630002513
75339762313
74182892193
75319302817
74182957729
75322693985
79629998661
74177402393
74181596697
74198833802
74265500202
74198837898
74265504298
75318254122
75322448426
75318270506
75322464810
74182666825
74199444041
74182666889
74199444105
75339241105
74198911514
75322787994
74265741418
75339483242
75339311397
75339437410
79634195786
75339437666
79634195850
75322758738
79630001542
75339483669
74182716001
74199505433
74182716049
79634197154
75339688610
79634262690
75339442850
79634213514
75323026065
79630084489
74198570322
75322692946
74198571346
74198849874
75322530130
74265486929
75339228753
74265503313
75339245137
75322759762
79630002566
75322771846
79630064006
75323021906
79630068102
75272575306
75339684170
75272317282
75339438410
75272317538
75339438666
74198714473
75272333465
74181617226
74198394442
75318269574
74198571410
75322448466
74198833554
75322514002
74198587794
75322464850
74198849938
75322530386
75322452362
75339229482
75322468741
75339245957
74198911254
75322787926
74265741398
75339483222
74265757782
75339499606
74265823318
74199427489
75273169313
74199443873
75273185673
74199509409
75273251113
75318269477
75322463781
75339704674
79634278730
79634442642
97196812426
75340491154
79635262022
74181596550
74198373670
74181662086
74198390054
74181600646
74198377766
74181666182
74198394150
75322529322
75272312202
75339421066
75272332870
75339441734
75272316298
75339425162
75272332874
75339441738
74198378790
74181667206
74198395174
74181847205
74199624261
74266536229
74199882313
74198575269
74198575273
75322530402
75322694242
79629998726
75322759778
79630002822
75322771850
79630064262
75272313226
79630084649
79634278953
75323025509
75339704469
75323025573
75339704485
75273366150
75340475014
75273628258
75340737158
74265503306
74198590858
74199640650
74266552714
74199886474
74266552874
75318270277
75322513685
75322530342
74199509665
75273251369
74181843109
74198571173
74266548562
75340290386
74266548626
75340290450
75322467866
74198570630
74265482790
74198390314
79635487121
148354717977
79635552849
74181663366
74198391334
74198379046
74182732421
74199509541
75272313161
75339422025
74198849890
75322452613
75339229733
75322452617
75322529413
75339306533
75273361733
75273361993
75340470857
75340470609
75272317513
75339426377
75339438433
79634196809
75339438689
79634196873
74198649365
75322698261
74182892178
75319302562
74183219858
75339761957
75340486993
79635245381
75340487249
79635245445
75340487009
79635245385
75339688265
79634507865
75323021397
75339700309
79634196805
75339700561
79634262341
75322763665
79630018889
75322763921
79630018953
74198714645
75322763541
74198714901
74198571425
75322448481
74198833569
75322514017
74198587809
75322464865
74198849953
75322530401
75322694241
79629998725
79634258474
75323021861
74198911625
75323021865
75272579473
75339700613
75339704422
74198976614
75272595546
74198976678
75272595562
75322513797
75339241765
75322513801
75339241769
75339688546
79634262434
75322698385
79630002593
75272317281
75339438409
75272317521
75339438661
75272317537
75339438665
75318339922
74182175122
75318339938
75272316234
75339425098
75272316490
75339425354
74198854289
75322534545
74198571362
75322448226
75322694226
79629998470
75272579658
75339688522
74198648918
75272317014
74198648982
75272317030
74198648934
75272317018
74198648998
75272317034
74199619985
75323497041
74198714902
75322763798
74198714662
75322763546
74198714918
75322763802
75322763602
75323501077
75319306789
75323501093
74198571426
75322448482
74198833570
75322514018
74198587810
75322464866
74198849954
79631112726
79635307030
79634195994
79630001702
79634196006
75322533194
75339310362
75318269258
75322463766
79634442641
75273628305
75340749445
75323746721
79631051361
75323837001
79631116897
75323501194
75340278314
75323566730
75340294698
75322451282
74198574674
74265486754
75339228578
74198714538
75272333482
75322763366
75339442326
75322763430
75339442330
74182175121
75318339937
74182175377
75318340001
75339245154
74265568866
75339310690
74199427490
75273169314
75323500934
75340278054
75323566470
75340294438
75323496778
75340273946
75323562566
75340290582
74181617989
74198395205
74181618053
75322771081
79630063241
75339421346
79634192010
75339683490
79634257546
75322468742
75339245958
75322534278
75339311398
79630063898
79634258202
79630067994
79634262298
79630068006
79634262310
79634212486
75340548745
79635327557
75340753553
79635327621
79630084650
79634278954
75323025514
75339704474
79630084634
79629998357
75322787930
74198632730
75322693926
74198649114
75322698022
74198911258
74265741402
74199427746
75273169570
74199444130
75273185930
74199509666
79631112777
75273624201
75340733065
75323820617
79635307081
75323500945
79634262626
75322693781
75339421797
75318257961
75322452265
75318274345
75322468649
75322693785
75339421801
79630068049
74198570313
74265482521
74198574409
74265486617
74265758085
75340359973
75322694290
79629998474
75339422034
79634192710
75272313414
75339422278
75323742609
75323820613
79631112521
74199619922
75323496786
75273361734
75340470598
74198391442
75272120870
74198391458
75272120874
75339240842
75323517253
75340294469
75339687521
79634261409
75339703905
75339244961
74265503137
75322697106
79630001506
75323820614
79631112522
79630002725
79634197029
75323496774
75340273942
75323496838
75340273958
74181683529
75322771605
75322698322
79630002578
75322698386
79630002594
75272317522
75339438662
75322518053
74198592133
74265504389
74198592137
74182732105
74199509273
74198837637
74265504277
74199619986
75323497042
74199636370
75323513426
74199697990
75323562578
74199698054
75323578962
75273361798
74198591882
74265504330
75339687585
75340749473
79635311241
75339425441
79634196129
75339441825
79634212489
79634769569
105807784266
74198571657
74265504417
75339246241
74265569953
75339311777
75339499030
79634257226
75319319110
75323562518
75319319114
75323562522
75322697813
75339425877
75322697817
75339425881
74265499281
74181618202
74198456930
75272137242
74181667398
74198395414
74181667402
74181667466
75339421330
79634192006
75322698321
79630002577
75322788229
79630067990
79634262294
74198911078
75272579162
79634765457
79634437777
91823908970
79634503313
91823909034
79634261385
75339240866
79630063914
75272333637
75339442501
75272595781
75339704645
75339245130
75322533450
75339310618
79630067226
79634261530
79630067238
79634503249
75339245153
75319302697
75323497001
75323562373
75340290341
75323808145
79631051081
75323808401
79631051145
74182716042
74199444010
79630068305
75322788233
79630068369
75322788425
79630068321
75322788489
79630068385
75340737106
79635310994
75340737122
79635311010
74181666441
75322467654
75339244870
75318269481
75322463785
74199902865
75323583121
75323566726
75340294694
75339684449
79634258313
75339700833
79634262409
75318253845
75322448149
75318270229
75322464533
75339422345
79634193033
75339422113
75339422369
79634192969
75339422097
75322451602
74199882386
75323562642
79635262025
75322451269
75339228437
75322451273
75339228441
75322451337
75339228457
75322530074
75322468938
75339246154
75322530378
75339307546
75322534474
75339311642
75322464902
75339242118
75322530438
75339307558
74198853802
75339704673
79634278729
75339703954
75339425169
79634196049
75339499081
79634261585
74199640458
74266552906
74198837586
74198837602
75319384737
75323812257
79631067721
75323837065
79631116961
75339684194
79634258250
79634765474
92914493610
74265503138
75339244962
75322468678
75339245894
75322534214
75339311382
79630063894
79634258198
79630001434
79634195738
79630001450
79634195754
74177402153
74181596457
74181596441
75319319178
75323562538
74181846674
75318257058
75323021401
79630084425
79631047241
75323742881
79631047305
74199624017
75323500881
74199681577
75339483414
75318258213
75322452517
75318258217
75322452521
75322763353
75339442265
75322759257
75339438169
75318274341
79634769570
105807784330
75339687586
79634261666
75323562309
75340290325
75339311778
75339426466
74181666185
74198394153
75272575557
75339683409
79634257285
79630064005
75323021713
79630068041
75273624137
75340733001
75323496849
75272579653
75339688517
75339688330
75339700898
79634262666
74198571337
74265483545
79630068113
75322788421
79630068065
75322788485
79630068129
75272579409
75339700549
75272579665
75339700805
74198571665
75322448529
74198833809
75322514065
74198588049
75322464913
74198850193
75322530449
75322694049
79629998665
74199636625
75323513489
74198570378
74265482778
74266532138
74199882314
74266548522
75339700577
79634262345
74266548778
74198378082
75272119906
74198378146
74199440034
75273169450
75318273321
75322467625
75339244821
75322516809
75339244825
75322516873
75339244841
75339482646
75339683426
79634257290
75322693010
74198571113
75340278433
74198571602
75322448274
75318270342
75322513702
75322788422
79630068066
75272316550
75339425414
75272579410
75339700550
74198837833
74181597577
74198374697
74181663113
79630063145
79634257449
75322758801
79630001545
79635557026
148354738826
75273628298
75340737162
75339499625
74265499297
75339241121
74265564833
75339306657
75339421345
75339699873
79634261641
75322762898
75323020962
79630067338
75322529161
74181601930
74177407510
74181601814
74177407526
74181601830
74177407514
74181601818
74177407530
74181601834
75339762249
79634765989
74198836873
74265503273
75322533514
75339310634
75318274601
75322468905
74199636357
75339306337
75339704410
75323025498
79634437521
91823892586
75340278041
74182711850
75339827478
79634770006
74178538026
74265757865
75339499689
74265823401
75339565225
74198459986
75272201750
75322694306
79629998730
75339438753
79634197129
75339684513
79634258569
75339700897
79634262665
74265757846
75339499670
74265823334
75339565158
79631067670
79635261974
75322698081
75339438725
75272317601
75339438729
79630002769
75322698337
79630002833
75322698145
74199636613
74266548869
74199898757
74266614309
74198570377
74265482777
74266536289
75340278113
74266536353
75339482661
75339699809
75322530209
75322447442
74199509330
75339684193
79634258249
79634508434
97201039530
79634770578
74198976789
75323025685
74198977045
75323025941
75323025689
74198977061
75323025945
75323025745
74198571681
75322448545
74198833825
75322514081
74198588065
75322464929
74198850209
75322530465
75322694305
79629998729
74266552994
75340294818
75339311638
75322464838
75339242054
75322530374
75339307542
75322468934
75339246150
75322534470
79630064150
79635556769
148354738761
74198571618
75322448290
75323026002
79630084486
75272312458
75339421322
74198571682
75322448546
74198588066
75322464930
74198850210
75322530466
75318270501
75322464805
75318274597
75322468901
79635487138
148354718234
79635487394
148354718250
75272596101
75339704965
75272596105
75339704969
75340548649
79635327305
75340753505
79635327369
75322512709
75322516805
74198390097
75272119573
74198455633
74181596554
74198373674
74181662090
74198390058
74181600650
74198377770
74181666186
75340548630
79635306826
75322763617
79630002458
79634196762
79630018842
79634213146
75339245845
75339241749
75322517829
75318270250
75322464554
75318274346
75322468650
74198571594
74265483562
75339704710
75272596102
75323025706
74198977066
75272595850
75339704714
75323025762
75272317602
75339438730
75322448454
75272579746
75339700874
75339442329
74198590865
75322467921
75323812450
79631067782
75339684514
79634258570
75322772042
79630064202
79634195989
75339224597
75322447429
75322448453
75339225621
75322513989
75339242005
74181601673
75272575305
75339684169
75339684421
75272575561
75339684425
75273365906
75340487046
75273382538
75340491402
75273628322
75340749450
75273644682
75340753546
75323746978
79631051426
75323837066
79631116962
75273361989
75340470853
75273366085
75340474949
75273624133
75340732997
79635306885
75322447177
74198390113
75272119577
79630001449
79634195753
75340532249
74199620241
75323497105
74199620001
75272137286
74198395538
79634442593
104717265492
79634442913
104717265512
74181912930
74181847393
75318258257
74181912929
75339306593
74198849169
75322529425
75339307601
75339307617
75322447506
75339422090
75272313482
75339422346
74181596693
74198373985
74181596741
74198373909
74265487954
75339229778
75272317346
75340532261
79635310917
75273624198
75340733062
75273624202
75340733066
75323820618
79631112778
74181847125
74198575189
74177423685
74181667093
74177489173
74181683477
74198911557
75323021845
74198911621
75323021849
75319318922
75323517462
79634503329
91840735402
91832330394
75339684485
75339827733
79634770069
75272575625
75323582817
92956797466
75339565349
79634508057
79630019141
75322763873
79630019205
75322763681
75322763937
79630019209
75272332937
75339441801
75322762849
74181847457
75318258273
74181913185
75318274705
75272575621
74199882385
75323562641
75272575370
75339684234
74181847442
75318258018
75339437702
75272332934
75272578706
75339699846
75272578722
75339699850
74181847458
75318258274
74181913186
75323021905
75322763414
75339442278
79630068101
75323026066
79630084490
74177406545
74181662229
74177406625
74181662249
79634192665
75322452297
75322517833
74198374753
75272116505
74182716050
74199505446
74199444102
74265758341
75339745445
74265823781
75339761829
74266085541
75339827365
75318274377
74182174821
74198853781
75323025578
75339704490
75318269509
75322512917
75323513365
75319319077
75323513381
75339684257
79634258505
75339438497
79634197065
79634503314
92897650858
75323517510
75340294726
75323517514
75339242129
75340294730
75323742882
79631047306
74199697961
75322447174
75339224342
75322516806
79629997338
79634191642
74199681573
75323578705
75323742545
79631046981
75322452294
75339229462
75322513734
75339241750
75322517830
75339245846
74181912977
75318274401
79634508309
74198574737
75322451601
74198591121
75322467985
74198853265
75322533521
75322697121
79630001761
74181912993
75318274657
75322451346
74198853734
74182174870
74198836898
74198853266
74198455890
75272136214
75322447430
75339224598
75322451526
75339228694
74181847697
75318258081
74181913233
79634441889
104717265256
75322697377
79630001825
75322787465
74181847713
75318258337
74265565858
79634507410
92906072234
74181847698
75318258082
74181913234
75272596106
74181847714
75318258338
75318274722
74198836809
74265503017
74181847210
74198575274
75322452550
75339229718
75322452554
75339229722
75322452614
75339229734
74199620178
75323496850
75273644681
75340753545
75339683946
75340359957
79635311265
75322788234
79630068370
75272579490
75339700618
75323578949
75340356117
75323578953
75340356121
74198571593
75272316578
75339437706
74182174806
75272579682
75322788166
79630068050
75322788230
79630068114
75322788486
79630068130
75323021846
74199619914
74266532122
75323500874
75340278042
75323566410
75340294426
75322447493
75339224613
75322447497
75339224617
74199620242
75323497106
74199636626
75323513490
74199898770
75323579026
74265569557
74265499973
74198849861
74265565461
74198853957
74199624074
74266536474
74199624326
74266536486
74199624330
74266536490
75323497030
75340274198
74199509329
75273251093
74181617221
74198394437
74198586757
74265499205
74198390369
75272119833
74265568929
75339310753
74181846689
75318257313
74181912225
75318273697
74182174369
74181662250
74181600850
74198390342
74181600914
74198390406
74181600866
74198390346
74199439698
75273169174
75273628306
75340749446
74182170726
75318254102
75322448406
74198459670
79629997353
79634191657
79629997337
79634191641
79629997333
79634191637
75272575626
75339684490
75322514053
75339242021
74198575190
74181847190
74198575206
74181617222
74198394438
74198587782
74265500230
74198587786
74265500234
74181618246
74198395462
74181667410
74198456854
74181683782
74198460950
74198374950
74181597834
74181597830
74198374954
74199620170
75322448517
75339225637
74266614353
75340356177
74266614369
75340356193
74198714921
74265758345
75339745449
75339500057
79634442405
74182650466
74199439946
74182650530
74199440010
74198570337
75322447201
79634192661
79630002453
79634196757
75323820682
79631112842
74198649478
75322759706
75339426130
79634196818
75339426386
79634196882
75322693786
75339421802
75322759322
75339438186
75322697882
75339425898
91828086922
91828136090
74199898705
75323578769
74199624325
74266536485
74199886469
74266552869
74199640714
74266552970
74199902858
74266618410
74181600657
74198390149
74198394245
74181666193
74198455589
74181682565
75322788373
75339688037
79634504338
97192618154
75272317321
75339426185
75339684233
74181617285
79630068105
75339700817
79634262405
79635487137
148354718233
148354722341
75322468998
75339246214
74181600658
74198390150
74198853722
74198587974
79634770022
75322512922
75318335002
75322529306
75318273610
75322517018
75318335018
74198588038
74265500294
74182666890
74199444106
75322468681
75339245897
74181843110
74198571174
75323742865
79631047049
75323820677
79631112585
74181663109
74198391077
79634504337
74265564578
75339306402
75340273962
74198391333
74181600609
74198390089
74181666145
74181600837
74198378005
74198713882
75322517090
74199620169
74266532137
79630018069
79634212373
79629997589
79634191893
75323021610
74198911626
75323021866
75322788170
79630068306
74181912161
75318273681
74181911969
75318273633
74198648393
74198713881
75322517089
75318253098
75322447402
75322693202
79629997446
74199427349
75339684450
79634258314
75339438690
79634196874
75339700834
79634262410
79634438802
97192618090
75272313222
75339422086
74177423898
74177423914
75322447142
75318256934
75322451238
74181596490
74198373658
74181662026
74198574410
74265486618
74181912857
75272579173
74198632538
75272312982
74199505445
74182716065
74199505449
79635327561
74198714537
74198586786
74198713878
75322512994
74198713894
75322529378
75339441490
79634212166
79629998613
79634192917
75322759465
74198911369
75323021609
74198714665
75322763561
75272317322
75339426186
75340737170
79635311250
75322464550
75318274342
75322468646
74198592145
75322469009
75323742625
74198853958
74265569558
74266552673
75340294497
148354722329
74198395554
75272137354
74265758022
75339745366
74265823510
75339761750
104734042694
75318273674
75322517034
75323742610
75323026001
79630084485
74198911142
75272579178
75323513158
75340290374
75339565593
79634508325
75339684433
79634258309
75340474785
79635245665
75272135961
75322447237
75339224357
75322512773
75339240741
75272115481
74198390161
75339500166
79634504218
79634196037
75339437473
75272316549
75339425413
74181843346
79629998361
75339245861
79629997705
75340470882
79635241354
75340487314
79635245702
75340491153
79635262021
79634261642
75339241122
74265564834
75339306658
74265757866
75339499690
74265503122
75339244946
75340470674
79635241542
74198854049
75340532245
79635306821
75340548629
79635306825
75340733009
75340733025
79635306889
74181666345
74198394449
75272136261
75272333701
75339442565
75322448457
75339225625
79630018089
79634212393
75339762053
79634765913
75339827493
79634770009
74198395553
75272137353
75272137289
75323578757
75322693722
75339421786
75322759258
74198373969
75272115733
74198375074
75272116778
74182715793
74199505189
74182715809
74199505193
75323496842
75339438754
79634197130
74198390353
75272119829
75339426450
79634197138
75272317330
75339438470
79629998617
79634192921
79629998633
79634192937
75339245849
74198837577
74265504025
74199697994
75323566674
74182174885
74198853797
74198894697
75272575129
75323566405
75319322921
75340733002
75339499674
75339499818
79634442346
75339500074
75339438434
79634196810
75339700578
79634262346
75340360034
75340474722
79635245410
74198894677
75272575061
74181617225
74198394441
79631067434
79635261738
74182174873
74198853737
75323501138
74199640466
75323517522
74199698058
75323583058
75322451593
75339228713
74198459673
74198395209
74198391113
74266614113
75340355937
74266614177
75340356001
74182646409
74199423529
74182650505
74182711945
74199439913
75339565338
79634508070
75339565354
79634508074
75318274693
75322759569
79630002505
75323021413
75339700373
74265482658
74198390162
75272119590
74198455650
75272135962
75322447238
75339224358
75322452358
75339229478
75339229465
75322452245
75318257945
75322452249
75322518058
74198591878
75323513418
75340290634
74181908629
74198587493
74198587481
74181908633
74198587497
75272579425
75339700553
75272579681
75339700809
75322788165
74198714917
75322763801
75322763601
79630018885
75323513113
75319318825
79634191898
79634212378
75323497057
74199763477
75323562593
74199636385
75323513441
74199763493
75323578977
75322762913
79630018185
74198590881
75322467937
75339441553
79634212421
75322514054
75339242022
75322518150
75339246118
75322513994
75339242010
75322534438
79635311141
74182646089
74199423257
74199624009
74266536217
74199624265
74266536233
75322530181
75339307301
75339421317
75272312457
75339421321
75322692961
79629997637
75339421089
75339244838
79630001446
79634195750
74198648454
75322529362
75319302681
74181600902
74198378022
74199898769
75323579025
75273362053
74181912666
74198591578
74181912730
74198591594
75339684177
74198837665
75322518113
75272333705
75339442569
79634192970
75339684258
74182711690
74199439658
74182715786
74199443754
75318269321
75322467861
75318273561
75322467865
75318273417
75322467877
75339245097
74198378065
75272119889
74198587017
74198588041
74265500297
74198714469
75272333401
74181617286
74198394502
74198455830
75322517894
75339245862
79629998362
79634192666
79630002470
79634196774
74265823338
75339565162
74198977062
75323025946
75323021850
75318339866
75322534170
74198853718
75339311402
74182174886
74198853798
74181601698
75318273562
75319322922
75323517226
74198391178
74198571333
74265483541
79634766241
79634278697
74265564714
74182174890
79634770594
105807784586
74198894681
75272575125
75339242145
74199619938
75323496802
74199636322
75323513186
74199423586
75273165338
74199423650
75273165354
75272578633
75339687497
79630067081
74198570593
75322447265
79635491490
148354722466
75322762914
79630018186
75322763858
79630018950
75322763666
79630018890
75272333397
75339442514
75272579657
75339688521
75322772101
79630064009
75319302426
75323496730
74199620002
75323497058
74199763478
75323562594
74199763494
75323578978
75340548634
79635310946
75323566666
75340294682
75322517785
75318274441
75322517801
79630019098
79634213402
74198850185
74265565737
75323500869
75340278037
75322693281
75322447521
74198832801
75322513057
74198849185
75322529441
75319323269
75323566629
75319323273
75323566633
75272313481
75272317577
75339426441
74265569817
74198456674
75272136986
74198456738
75272137002
75339565142
74177403162
79634191945
74199624073
74266536473
74266548761
74199640649
74266552713
74265500038
74198587978
74265500042
79634508178
97196845226
75339224614
74198390370
75272119834
74198390418
75272119846
74198455906
75272136218
74198377809
75272119633
74198394193
75272136005
75322463557
75339240773
74198713898
75322533474
75322533522
74198853282
75322533538
74198648458
79635241497
75323513157
75340290373
75323578693
75272574533
75339683425
79634257289
75322771753
75339683993
74198379089
75272120913
74198461009
75272202773
75322464837
75339242053
74178472234
74182666538
75339500070
79634442394
75339762214
79634507930
74198911301
75323021589
79630063945
75339762197
79629997354
79634191658
79629997334
79634191638
75339224345
74198648390
75322512978
75339421065
75340487010
79635245386
75272579729
75340491361
79635261833
74198459730
75272201494
74198378834
75272120658
75322697298
79630001554
75323025558
75322693909
79630063126
79634257430
79630063146
74198379090
75272120914
75322788169
75339225638
79629998618
79634192922
75272312453
75340470626
79635241290
74265758346
75322759585
79630002761
74199640417
75323517281
75272313477
75323808161
79631051337
74266552738
75323020946
79630067082
79629998358
79634192662
79630002454
75323021594
74198976806
75323025690
75323582801
75322772102
79630064010
75323746914
79631051410
79634442393
74181846690
74181912226
75318273698
75340470865
79635241349
75340470881
79635241353
75323742801
79631047045
74182711689
74199439657
79635487122
74198832802
75322513058
75322693282
75322758818
74177403413
74181597717
74177403417
74181597721
75340487313
79635245701
75323021714
75322697829
75339425941
75339241801
74198911145
75272579241
75323021477
75339700389
74198395489
79634766177
104734042693
79634766497
104734042698
75340278177
74266618273
75340360097
75322759318
75318270281
74198649002
75272317098
74181912677
74198591637
74181912741
74198591653
74198378850
75272120674
74198395282
75272137094
74198460770
75272202522
74198460698
75322771014
79630062922
75272574534
75339683398
75272316486
75339425350
75323025810
79630084426
79634261542
79630067242
75322788378
75339688102
75322763365
75339442325
74198379106
75272120930
74198395490
75272137290
74266085465
75339827289
74266085545
75339827369
74198391082
74181601606
74198378774
74177407254
74181601558
74266536609
74266552993
75340294817
74266618529
75340360353
75323513414
75340290630
74181842257
74198378010
75322758562
79630001738
75322771018
79630063178
75322787462
79630067106
75272312454
75339421318
75272574598
74199624069
74266536469
74199636553
74266548617
74182732106
74199509274
74182732166
74199509286
74182732170
74199509290
75322529417
75339306537
75322533513
75339310633
75322759521
79630002757
75322694050
74199443794
75273185606
79629998666
75322759586
79630002762
75322512966
75339240982
74199620194
75323496866
74181912162
75318273682
79631112746
79635307050
79631116842
79635311146
75340491106
79635261770
75340548650
79635327306
74198894694
74198911126
75272579174
74266618449
75340360273
75322534534
75339311654
75323583046
75322513990
75339242006
75339246102
74266548818
75340290642
74198649226
75322759466
75318253849
75322448153
75322788374
75339688038
75323562577
74199698053
75323578961
74265823322
75339565146
74265823402
75339565226
74266536354
75340278178
75340294562
74266618274
75340360098
75273185669
75339229737
75339704650
75339704658
79634278726
75272596042
75339704906
75339704902
74199423314
75273165078
74199423330
75273165082
74266085466
75339827290
75339827738
79634770086
79631046933
79635241237
79635241241
79631046937
75339684178
79634258246
75339684434
79634258310
74182174826
74198853786
79635487074
148354718230
79635491218
148354722146
75322771082
79630063242
74198648362
74199886470
75273366154
75340475018
75272333638
75339442502
74181912661
74198591573
74198837573
74265504021
75322468645
74265564497
75339306321
74265564513
75323517225
75273624134
75340732998
74198394450
75272136262
74198394466
75272136266
74198394514
75272136326
74181666146
74198455578
74181682506
74198459674
75319384618
75323578922
75339499910
79634503962
75339565350
79634508058
75339762054
79634765914
74198373970
75272115734
75322534277
74182715746
74199505178
74182715810
74199505194
75322788005
74265741477
75272596041
75339704905
74198894678
74198631961
75322516817
74198836817
75322516881
74182650514
74199440006
75322533253
75339310373
79630001685
79630001689
79634195993
79630001701
79634196005
75322530121
75322463877
75339241093
75322533509
75339310629
74198374949
74181597829
74265758026
75339745370
74177422633
74181616937
75323513370
74198377826
75272119650
74198394258
75322693717
75339421781
75322467974
75339245190
75272579426
75339700554
75272579666
75339700806
75339688274
74181616966
75323496773
75340273941
79635241257
75339683945
75272316322
75339437450
75272332682
75339441546
75340470946
79635241610
75340733090
79635307146
74199624010
74266536218
74199624262
74266536230
74199624266
74266536234
75319306522
75323500826
75322771733
75339683925
75322771749
75339683929
75318339862
75322534166
74198853201
75322693026
74198394257
75272136069
75273165333
74199505489
75273185813
75323497029
75340274197
74182650506
74199427626
75319302698
75323497002
74198894870
75322771542
74198586770
75322463826
75339240849
75322698338
79630002834
74198574469
74265486869
74198591890
75322468946
74198591906
75322468962
74198587014
75272116757
74198375009
74181597737
74181597833
74198374953
74198714457
75272333461
74178451989
74182646293
74198378913
75272120737
74198460833
75272202537
75272595782
75339704646
74265741481
75323020945
75339421257
75272574537
75339683401
75322467977
75339245193
79630084629
79634278933
74198379169
75272120993
74182715985
74199505429
75323021969
79634503769
75339421001
75340470597
75339827750
75339425105
79634195793
74198378914
75272120738
79630084630
79634278934
74198849686
74178456145
74182711829
74178456161
74182711833
74182650449
74199439941
75272202794
75340737169
79635311249
75339703889
79634277765
79634277769
75322758817
79630001801
79631051306
79635245610
79631067690
79635261994
79629997382
75322759841
79630002825
75339684489
74182732330
74266618209
75340360033
75322693782
75339421798
74198373729
74199505234
75273185558
74266548642
75340290466
74198390434
75272119850
75340470917
75273366149
75339438182
75318274374
75322517782
75318274378
75322517786
75272575062
74181843030
74198571094
74181843034
74198571098
74181843098
74198460709
74199423570
75273165334
74199640646
74266548762
75319319078
75323513382
75323496986
75322772037
79634258245
74198374994
75272116758
74198375010
75272116762
75340548681
74198590866
75322467922
75322697058
75318339113
75322533417
74198390177
75272119589
74177402137
74177406233
79634261329
74198591137
75322468001
75322448265
75339225385
75339422341
74178451990
74182646294
79634191685
79634437457
91823892570
75339699810
79634261386
75322452618
75339229738
79631051034
79635245338
79634438481
92948162842
79634504017
75322759826
74198591109
74265503365
79630002570
74198591057
75322467729
74198590817
75322467681
74198911558
74265482774
74178456146
74182711830
74178456162
74182711834
74178456226
74182650450
74199439942
79630084678
79634437473
79634441873
91832297610
74265482833
75339224657
75272574602
75339683466
75272316554
75339425418
75272578698
75339687562
74198632549
75272312921
79630063913
79634258217
79630068009
79634262313
75272595626
75322759842
79630002826
75319306794
75323501098
75319323178
75323517482
75339499046
79634261322
75339688289
79634262369
75339224737
75339688273
75323742866
79631047050
79630084378
79634278682
75272317509
75339426373
75339761749
74266085461
75339827285
75273365833
75340474697
75323808337
79631051141
75322787466
79630067362
75323812498
79631067530
79631116938
74265504393
74198574753
75322451617
75272333641
75339442505
75272333893
75323583050
75340360218
75323583114
75340360234
74198587718
74265499974
75272312137
75272316233
75339425097
79630001541
79634191686
79634437778
79634212425
75339699794
79634261382
75322452322
74198575714
75340614165
75340733089
75319318826
75323513130
104717265477
75339500165
79634504217
79634508194
104734042770
79630083625
79634277929
79634191942
75339306578
75339437458
79634196038
74199624070
74266536470
74199636554
74266548618
75319318858
75323513366
75322697881
75339425897
75339224673
75339422098
79634192966
79634442410
74181596485
74198373713
75272115477
74198373793
74181596549
74198373669
74177407270
74181601574
75272136009
74198459745
75272201497
75272595786
74265504338
75339246162
74198570642
74198632553
75272312985
79630064169
79634258473
74198648917
74198592098
75322468770
74198395434
79634195785
75319319173
75323562533
75319319177
74198574754
75322451618
74265486930
75339228754
75323746898
79631051154
75272333642
75339442506
75272333894
75339442758
75272333898
75339442762
75339827754
79634770090
79634261650
79630063893
79634258197
74182732426
74199509546
74265564754
74265564770
75339306594
74265504337
75339246161
75339761958
79634507866
75340470610
79635241286
75322758753
79630001797
75322693217
79629997701
75323021462
75339700326
75339438673
79634196869
75272312201
74181847193
74198575209
74181912729
74198591593
75339421025
79634191689
75272312133
75339420997
79630002457
79634196761
79630002473
79634196777
79630002469
79634196773
79634195749
74198849106
75323496837
75340273957
79631051033
79635245337
79631051045
79635245349
79635487378
148354717994
75339483685
75322762642
79630017866
74199624034
75323500898
75323497093
75340274213
74198911526
75322788006
75340487057
79635245637
74265486674
75339228498
74181912745
74198591657
74177407525
74181601829
74181601817
74181601929
74198379049
74181847141
74198575253
74198632537
75272312981
75318336026
75322530330
75323517461
74198632618
75272313002
75272595785
75339704649
75272596037
75339704901
79630084421
74178472581
74182715941
74178472521
74182715929
75322513030
75339240998
79629997706
74199427410
75273169234
74265741413
79631047189
79635241493
74199439762
75273169190
74265758342
75339745446
74265823782
75339761830
79631116838
79635311142
79629997642
79634508433
92956797482
75272316257
75339425157
75272316513
75339437641
75339700310
75322533282
74198853202
75322533266
74199439970
75273169434
74199505506
75273185818
75323497094
75340274214
74266532434
75340274258
74266532450
75340274274
74198632550
75272312922
79634278022
74198391378
75272120854
74198391394
75272120858
74181601866
74198379034
79631067433
75272317317
75339426181
75272579461
75339688325
74178455906
74182650390
74265741482
75339483306
74265499025
75339425893
79634504290
104717265545
79634438545
92948162858
75339565334
79634508054
75339565590
79634508310
74198570569
74265482537
74265482577
75339224401
79630001433
79634195737
79630001445
75339244837
74178472582
74178472522
74182715930
74182715986
74199505430
79634261573
75339499077
79634257477
75339437457
75339499141
74265758021
75339683473
79634257541
75339699857
79634261637
79634437537
74198456994
75272137258
74265483857
75339225681
75339242065
74265565777
79630018841
79634213145
75339241753
75322513737
75324070546
79631116682
75339242081
74265565793
75272317266
75339438406
79634438230
75339483670
74265483602
75339225426
74181913249
75318274721
74265483858
75339225682
74265500242
75339242066
74265565778
75339307602
74265499233
75339241057
74198391441
75272120869
75322452553
75339229721
74181682502
74265504293
74181912681
74198591641
75319384602
75323578906
75322763349
74199620193
75323496865
74199882377
74181600554
79630068266
74198894693
75272575065
75323025809
75339704657
79634278725
74198649225
74198459810
75272201514
91823974570
74199620257
75323497121
74199636641
75323513505
74199882401
75323562657
74199898785
75323579041
75273362057
75340470921
74199886473
74181596442
74177406234
74181600538
74177406246
74181600550
74177406250
79630018090
79634212394
75272119714
74198394274
75272136074
91823892650
75339500069
79634503250
92897650842
79634503058
92897634474
79635552657
148354722073
79634508113
92952603162
74265823509
79634192005
74182170729
74198849689
74182174825
74265483873
75339225697
75272312986
92948179242
75339700641
79634262601
74265483618
75339225442
75322516870
75339421090
79634191946
75339564566
79634257482
75339437714
79634196102
79634508114
74265483874
75339225698
74265500306
75339242130
74265500258
75339242082
74265565794
75339307618
79634261546
75322513738
75339241754
75322513798
75339241766
75339438738
79634197126
75339422114
74181600537
75319323274
75323566634
75323025561
75339704425
75323837061
79631116705
75322763857
79630018949
79629997594
75322512970
75272316305
75339437445
75339224602
75322518090
75339246106
75322448518
74198575749
74265487909
75323562313
75340290329
75272333702
75339442566
75340470690
79635241546
74199636578
75323513250
75340475042
79635245730
75322533458
74198390354
75272119830
75322517154
74182174810
74199505570
75273185834
74181847129
74198575193
74265569833
74199620258
75323497122
74199882402
75323562658
74199898786
75323579042
79630067225
79634261529
74198849170
79635819170
148354804266
74181666450
75322514057
74265482913
75339745557
75322512778
75339240746
74199636617
74266548873
74199898761
74266614313
74199902857
74266618409
75339827734
79634770070
74181666130
74198455574
74181666194
74198455590
79634257450
79630083626
79634277930
75323562565
75340290581
74265757862
75339499686
74265823398
75339565222
75318273670
75322517030
74177402134
79634261577
92948179498
79634766481
92948441642
79634262354
74265569574
74198586758
74265499206
74181912742
74198591654
74198632554
74266532194
75340274018
74266532258
75340274082
79630064170
74181847126
74198632534
75272312918
75323500873
79631051397
75323808417
79631051401
75340548646
79635310922
74181601561
75323808353
75322529321
75319323017
75323517477
74198713897
75322533473
75324074658
79631133322
74198456658
75272136982
75322447398
74198459689
79630018837
79634213141
74177423897
74181618201
74182170793
74198849705
74181601633
74198377750
75339745829
79634503833
148354722085
75340614169
75319323162
75323517466
79634196041
75339564581
74199640709
74266552965
75319319113
75323562521
75319384601
75323578905
79630084374
79634278678
74177406370
74181617174
74181600594
74198390086
74181600610
74198390090
74181908649
74198587561
75339745558
75340360214
74198714905
75272333957
75339442821
75318274694
75322518054
74181912678
74198591638
74181843046
74198571158
74181908582
74198587542
75339565605
79634508313
74199882378
74198849926
75323812449
79631067781
75273365921
75340487049
75340470689
79635241545
75339565141
74265483681
75339225505
74265500065
75339241889
75273251094
79630017833
79634212137
75322447241
75339683489
91840735386
74266085477
79634437793
74265483937
75339225761
74265565857
75339307681
75322517897
75339245865
75322452361
74265483682
75339225506
74265500066
74265565602
75339307426
75323583110
75340360230
75339699874
92914477210
79634437794
74266085462
75339827286
74265483938
75339225762
74265500322
75339242146
75339307682
75339422370
75322513033
75339241001
75322517129
74199763481
75323566689
75322448521
75339225641
75339242025
75322518153
75339246121
75339224361
75322512777
79631046953
75272136233
74181617193
74181666373
74181617177
74181663370
74198391338
75339500101
79634504213
75322517893
75322452357
75339229477
75318336021
74265565733
75339745562
79634503782
74198374737
75272116501
74198374817
79629998377
79634192681
79630018857
79634213161
79634438294
74181843045
74198571157
74177402154
74198374698
74198374754
75272116506
74198374818
75323517254
75340294470
74199624329
74266536489
74198911509
75319323209
75323566617
74198377810
75272119634
75272135978
74177403414
74181597718
74198391202
75272120618
75323496985
74181912665
74198591577
75322513034
75339241002
75339224618
79635552850
148354722086
74182891857
75319302481
75322514058
75339242026
75322518154
75339246122
75322448522
75339225642
74182732422
74199509542
74181912682
74198591642
74181912746
74198591658
79630002785
75323021398
74265482789
74198570633
74265482793
74181616965
74198455970
75272136234
74177407269
74181601573
74177407273
74181663045
74198391061
74182174874
74198853738
74198854290
75322534546
74266552870
75339565609
79634508329
79634508129
104734042705
74181908645
74198587557
74177407258
74181601562
74198587013
74265499273
75318269513
75322512921
74177488426
74181682730
74198459926
74181667234
74198456618
74181908646
74198587558
75318274706
74198591877
74265504325
74181597462
79635491169
148354722385
74182175378
75318340002
79634438297
75340491169
74266532177
75322698401
79630002849
75339745365
75339499845
79634503957
79634442577
74266532433
75340274257
75340470673
79635241541
74198394182
74266532449
74182891873
75318340138
75322534442
75340749474
79635311242
74265487953
75339229777
74198575521
75322452577
74198575777
75322452641
75318269510
75322512918
75322512934
75318269578
74198587018
74265499274
74181908650
74198587562
74182895969
75319306833
74182896033
75319306849
74182896289
75319306913
74199624081
75323501137
75322697818
75339425882
74265504326
75340487058
79635245638
75272595849
74198460066
75272201770
74265482533
75339483686
79634438298
74199443749
75318339233
74266532178
75340274002
74177422889
74199882374
75319319066
75339500169
79634504233
75322451529
75339228697
74198976810
75339704966
79634442578
97196796042
79634442898
97201006730
74266614354
75340356178
75272317574
75339426438
74198894757
75272575081
74198911141
75272579177
74178472233
74182666537
79635311185
74183219874
75319384738
74198570565
74198832709
74265498917
75318254178
74182891874
75319302738
79634503057
74198575778
75322452642
74198575506
75322452562
74198575522
74182895970
75319306834
74182896034
75319306850
74182896290
75319306914
74199624082
75272120617
74199439777
75273169193
74182650181
79631133225
79635327529
75339425186
79634196066
75339441570
79634212426
74181617993
74181843049
74198571161
74181847145
75323020961
79630067337
75322530346
75322451361
74177407274
74181601578
74181597466
74266548897
75340290721
74177422730
74181617178
74181847146
74198575258
75339762250
74177488425
74181682729
74198459985
75272201749
75322788490
74199636614
74266548870
74199898758
74266614310
74181908586
74198587546
74198854242
75322534306
74198714906
74198714666
75322763562
74198714922
74199423393
75273165097
74198894761
75272575145
79634766226
97192667306
79635491473
148354722209
75319319082
75323513386
74181666121
74198394137
74181666181
74198394149
74177423657
75272137001
79635556770
148354738762
74181683589
74177423913
74181618217
74177422634
74181616938
74181666118
74198394134
74177403178
75340278053
74181682566
74198459686
74181618218
75319388713
75323583017
74198850122
74265565482
74181682501
79634504081
79634766225
92948425258
92948163114
74198850118
74265565478
79634277961
75339699849
75323566409
75340294425
75323496745
79634257545
75272574597
75339683461
75272574601
75339683465
75339564565
79634257481
79630017834
79634212138
74198459685
75318269257
75322463765
75318269465
75322463769
75340532262
79635310918
74181601681
74198391173
74265569573
75322787989
75340487266
79635245450
74198849157
74265564709
75339565589
75339762245
79634765973
75322513802
75339241770
75323746897
79631051153
74198574418
74198854277
74198570309
74265482517
75322447173
75339224341
75322759253
75339438165
75318253077
75322447381
74181597765
74198374933
75324070545
79631116681
75318252822
75322447126
74181597510
75318253846
75340487329
79635245705
74198586950
74265499014
74198586954
74181601862
74198379030
74198459669
75339761765
75339761989
79634765909
75339565333
75340274273
74266548881
75340290705
74266548833
75340290657
75340470929
79635241605
74199509586
74265569561
75318339861
75322534165
75318339865
75322534169
75318274629
75322518037
74198833477
74265499925
74265499929
74181617030
74198394246
75339425878
75323578950
75340356118
74198854214
75318335770
75318257173
75322451477
75318257177
75322451481
75318252837
75322447141
75322451237
75322448165
75318257189
75322451493
75339565610
79634508330
75272316561
75339437701
75339564569
79634261601
74198591905
75322468961
74198592161
75322469025
75318274641
74198591110
74265503366
79631047209
79635241513
74182961761
75319323281
74182961569
75319323233
74182961825
75319323297
74199697993
75323566673
75319318809
74199882309
74266548517
74198592134
74265504390
75339483226
74198849865
74181597770
74198374938
79634503766
75340474786
79635245666
74182666821
74199444037
74266548578
75340290402
75340470866
79629998634
79634192938
75340532250
79635310930
97196845210
74266548882
75340290706
74199624097
75323501153
75318274630
75322518038
74182896018
75319306594
75318274642
74198837906
75322518162
74198592146
75322469010
75318335769
74182961762
75319323282
74182961570
75319323234
74265503369
74265483617
75339225441
75319319081
75323513385
74177422890
74181617194
74199427665
75273169489
75319319065
75323513369
75322787402
79630067298
75272578705
75339699845
75272332933
75339441797
75272578721
75339827301
79629998614
79634192918
75339827498
74265503377
75339245201
74198649417
75322759717
74198911561
75272317585
79634262570
74181912978
75318274402
79634770074
74181601669
74198378789
75339438498
79634197066
74265741478
75339483302
74198390178
75272119594
75322530073
74198894762
75272575146
74198649418
75322759718
75339425425
79634196113
74198849162
75322468633
74266614178
75340356002
75318339881
74198395433
79635815057
148354738473
75322771738
75339683990
74198836810
74265503018
75339244822
74181601674
74198378794
74181667210
74198395178
75272317329
75339438469
75318257193
74199505313
75272595082
75339703946
74199886410
74266552618
75322758754
79630001798
79634438801
75339483301
75322698402
75340487073
79635245641
75340614181
79635311177
75340733073
74178455969
74182666773
75272596038
75340274001
74266614097
75340355921
79634766242
104734042758
75323808402
79631051146
79630084394
79634278698
79631116825
79635311129
75339425170
79634196050
74181662022
74198390038
75322447382
75318257174
75322451478
74181616970
74198394186
79631047210
79635241514
74198714454
75272333398
74199423394
75273165098
75322467914
75318336038
75319323270
75323566630
74199636358
74266548806
79634766162
97192667290
74198391122
75272120598
74198391138
75272120602
74198391186
75272120614
74177423894
74181618198
74198455649
74181666117
74198394133
74198455713
75272135977
74178455970
74182666774
74199882310
74266548518
75319318810
75323513114
75272115497
75272119593
75272116521
92952357386
74177403433
105807784517
75340491362
79635261834
74182896017
75319306593
75340548677
79635307077
74182732169
74199509289
75323808338
79631051142
75339683397
75339500102
79634504214
74181843297
75318254161
74181843361
75322464581
74266532513
75340274337
75322533537
74265568849
75339310673
74198575505
75322452561
75340532246
79635306822
74182175073
75318340177
74198649481
75322759721
74181843362
74181847378
75318258002
74198849862
74265565462
74198575762
75322452626
74181847394
75318258258
74182175074
75318340178
74265499210
74177402409
74181596713
74199640418
75272333961
75318254177
74181843617
75318254241
74198390053
74198377749
74181600645
74199640481
75323517537
75322529426
75322693797
79634508053
75339827477
79634770005
74265503329
74198836897
75322517153
74182175137
75318340193
75319302737
75272316321
75339437449
75272316577
75339437705
75322697057
79630001745
74265503314
75322518098
74182175138
75318340194
74198837649
75322518097
74198854033
75322534481
74198649482
75322759722
75322763818
75339240725
79631046934
79635241238
75339745830
79634503834
74198570577
75322447249
75340749393
79635310981
75322698082
79630002770
79630001746
75273382281
75340491145
74181662085
75318340257
74198373653
75319302422
75323496726
74198632533
75272312917
75322759317
75323021466
75339700330
75339240986
74198632613
75272312937
74181596458
74198832786
75322513042
74182666885
74199444101
75340737186
79635311266
79635261737
79634507925
74198373794
75272115498
79635815073
79634441874
92906039434
75318274465
74198853281
74265569873
74182175393
75319319109
75323562517
74182170978
75318336082
75322533418
74198455634
75272135958
74198854050
75322534498
74265569874
75339311698
74198854306
74182175394
75318340258
75322468629
74181847194
74198575210
74198632614
75272312938
74198575194
79630017865
75322534561
75322451497
75322762657
79630018121
79630067361
75339426193
79634197073
79634197137
75272578634
75339687498
74198590857
74265503305
74198591113
75339441554
79634212422
75322698146
79630002786
74198837650
74198854034
75322534482
79634766178
104734042757
74181843618
75318254242
75322693733
75339421845
74198575698
75322452370
79630018181
75339442577
79629997610
79634191914
75322451590
75339228710
74265568593
75339310417
74198575458
75322762850
79630018182
75322452578
74198837666
75322518114
74198837905
75322518161
74198837921
75322518177
75322771785
79630064197
74198391377
75272120853
74199640465
75323517521
74199763497
75323583073
75318257941
79630001802
75339565606
79634508314
74181596437
75322788133
75339688025
74199509585
75273251349
74198378066
75272119890
74198592162
75322469026
74198837922
75322518178
74182961826
75319323298
79630063125
79634257429
75322529093
75339306261
75339483305
75323501125
75340278293
79635556961
148354738821
74182650465
74199439945
74198854281
74199624273
75322788426
79630068322
75318252821
74181843282
75318274698
79634765458
92897716394
75323025057
79630083721
79634770273
74181843281
75318253905
74181843601
75318253985
75318274633
75322518041
79634770577
74182896273
75319306657
79635487058
74181847130
75339311697
74266614433
75340356257
74183223969
75319388833
75318336042
79634766482
97192683690
74266085542
75339827366
97209460906
74266532514
75340274338
74265564710
74182896274
75319306658
75322534562
74199698057
75323583057
75273365905
75340487045
74183223970
75319388834
75322693801
75339421865
75339421861
74199624018
75323500882
74265482657
75339224481
75340355861
74198854305
74177403177
74199423313
75273165077
74178451733
74182646037
75318274325
75318274329
75319388714
75323583018
75272116522
74198374738
75272116502
74178451734
74182646038
75272135957
74198853257
79629997590
79634191894
74198456914
75272137238
74199444049
75273251350
79634770026
75322788389
75339688041
79635491170
148354722386
75323025058
74198714533
75323517282
75318339114
74181842258
75318252882
75273366161
75340487301
74198455714
74265486690
75339228514
74182174370
75318339234
75323746657
79631051345
79631133226
79635327530
74199439697
75273169173
75272332681
75339441545
74265569829
79635491474
148354722210
93015550506
75322771994
75339684006
74198377765
75322529305
74198849158
74198837893
79634213445
74199427666
75273169490
79631112725
79635307029
79634441569
104717265236
75339499145
79634277957
75322787401
79630067297
75339499082
79634261586
79630083722
79635815058
148354738474
75322447125
79631067669
79635261973
75339499146
79634277958
74182891858
75319302482
74199505490
75273185814
79635487057
148354717973
79634441570
104717265300
75318334881
