1466011305300
1471398102372
1746276009316
2584046093924
1488577971556
2588089599332
1763455878500
2862967506276
1536074073700
2635585701476
1810951980644
2910463608420
1553253942884
1484550129064
1535000529492
2634512157268
2846039296596
1539295496788
2638807124564
1814173403732
2913685031508
1826873575844
2926385203620
2570976659876
1540184508836
2639696136612
1815062415780
2914574043556
1557364378020
2656876005796
1832242284964
1759143151016
2858654778792
1759159682660
2858671310436
1553001252452
2652512880228
1827879159396
2927390787172
1758153229736
2857664857512
1815245834600
2914757462376
1832509606568
2932021234344
2931954189928
1831084640936
2930596268712
1470306535828
2858939680360
1811036064104
1470591485336
2570103113112
1745469392280
2844981020056
1539310962072
2638822589848
1814188869016
2913700496792
1487771354520
2587282982296
1467170048404
2566681676180
1466346850708
2565858478484
1552180398680
2651692026456
1827058305624
2926569933400
1470576020056
2570087647832
1745453927000
2844965554776
1539295496792
2638807124568
2863235942744
1811034768980
1809961027156
2909472654932
2910546396756
1539378087508
2638889715284
1814255994452
2913767622228
1556557956692
2656069584468
1763454846308
2862966474084
1741981042088
2841492669864
1758086973784
1758136469848
2857648097624
1814255979176
2913767606952
2844981282472
1467103152792
2566614780568
1741981059736
2841492687512
1741242582628
2840754210404
1831151683220
2930663310996
1470374430356
2569886058132
1745252337300
2844763965076
1487554299540
2587065927316
1762432206484
2861943834260
1467371636116
1810967906916
2910479534692
1484550392420
2584062020196
1759428299364
2858939927140
1828147776100
2566883263892
2652781496932
1536089999972
2655987074728
2846121887320
1811034768984
1488912221784
2588423849560
1763790128728
2863301756504
2584128882264
1759495161432
2634594747992
1746593466712
2846105094488
1745201218916
1763724380824
2863236008600
1762432273048
2861943900824
1832175093352
1741964282200
1741241533796
2840753161572
1466079463064
2565591090840
1740957370008
2840468997784
1534798939800
2634310567576
1809676846744
2909188474520
1483259332248
2582770960024
1470591814052
2570103441828
1763438922088
1762700708196
1487822801252
2587334429028
1745201284772
2844712912548
2862212335972
2913751943524
1745520839012
2638621525348
2930863605416
2931686803112
1762717485416
1551927756120
2651439383896
1741241599652
2840753227428
2862229113192
1740957648548
2840469276324
1759160650324
2858672278100
1810750604968
1759226710376
2858738338152
1762448017764
2861959645540
1556289587556
1831167494500
2655801215332
2930679122276
1832510917016
2932022544792
1831419398552
2930931026328
1488829384296
2588341012072
1488829631076
2588341258852
1763707538020
2863219165796
2634512157284
1809878436452
2909390064228
1552180398692
2651692026468
1827058305636
2926385203608
2927642708376
1483528095336
2583039723112
2588356986452
1763723265620
2846055024212
1471665489492
1758137304468
2857648932244
1551978874260
2651490502036
2638890829144
2840467950180
1483259397524
2582771025300
1483258284644
2582769912420
1758136191588
2857647819364
1556491880088
1467085375892
2566597003668
1741963282836
2841474910612
1535804852628
2635316480404
1810682759572
2910194387348
1484265245076
1745184524884
2844696152660
1746594793832
2846106421608
1552196142744
2651707770520
2586997770648
1741224839764
1742249560424
1471398102376
2570909730152
1746276009320
2845787637096
1540117579112
2639629206888
1814995486056
2914507113832
1488577971560
2588089599336
1467354596968
1814977742244
2914489370020
1814257289624
2913768917400
1814994520472
2914506148248
1470575756904
2570087384680
1466281052776
2565792680552
1741158959720
2840670587496
1535000529512
1811018057124
2910529684900
1811034835352
2910546463128
1809895277988
2909406905764
1557631698532
1832509605476
2657143326308
1470658610788
2570170238564
1745536517732
2845048145508
2638889715300
1467101906536
2566613534312
1741979813480
2841491441256
1535821383272
2635333011048
1810699290216
2910210917992
1484281775720
2583793403496
1556492207700
2656003835476
1536141182616
2635652810392
1556558267752
2656069895528
1557347599720
2656859227496
1551978808996
2651490436772
1826856715940
2926368343716
2863017576100
1470374430372
1557347518116
2656859145892
1832225425060
2931737052836
1552179168616
2651690796392
1759496537492
2859008165268
1832225687976
2931737315752
1763706292632
1762716371352
1466363643496
2565875271272
1741241550440
2840753178216
2634594748008
2909472654952
2910195108180
1831100303784
2930611931560
2909204466068
2582786951572
1758153230740
2857664858516
1551994800532
1483275323796
1534814931348
2634326559124
1826855733908
2926367361684
1827880454568
2927392082344
1827057256872
2926568884648
1539361359444
2638872987220
1540386080104
2639897707880
2588071855780
1557279704740
1814977742500
2914489370276
2931669239460
2656791332516
1539093972328
2638605600104
1809962059368
2844762916436
2861942785620
2845786393188
1487553250900
2587064878676
1762431157844
1466079463080
1467371636120
2566883263896
1742249543064
2841761170840
1536091112856
2635602740632
1810969019800
2910480647576
1484551505304
2584063133080
1467370523240
2566882151016
2862212598360
2859007821156
1467438417252
2566950045028
1742316324196
1487486485848
2841827951972
1536157893988
2635669521764
2861959907928
2656809142872
1557346536024
2656858163800
2583794633304
2845031614888
1763437857176
2862949484952
2863301741220
1488912206500
2571243965092
1487822997156
1470643127972
2846121872036
2587334624932
2588423834276
2862212531876
1539362604708
2638874232484
1814240511652
1553269623384
1759228086680
2858739714456
1470642932072
2570154559848
1745520839016
2845032466792
1539362408808
2914825619812
2638874036584
1814240315752
2913751943528
1815061301604
1470324376920
2569836004696
2857598536344
1762448213668
2861959841444
1556289783460
2655801411236
1831167690404
2930679318180
1811018254692
2910529882468
1467354613080
1470390241640
2569901869416
1745268148584
2844779776360
1539109718376
2638621346152
1813987625320
2913499253096
1487570110824
2587081738600
1539362686564
2638874314340
1762381957716
2861893585492
1470324181588
2569835809364
1745202088532
2844713716308
2584130177688
2635384654488
2844982413720
1488845358680
2588356986456
1763723265624
2863234893400
2639896594008
1815262873176
2914774500952
2657076463192
2840469063064
1534799005080
2634310632856
1809676912024
1483258284648
2582769912424
1467085375896
2566597003672
1741963282840
2841474910616
1535804852632
2635316480408
1810682759576
2910194387352
1484265245080
2583776872856
1488576726376
2588088354152
1484333090152
2583844717928
1535871633764
2635383261540
1467152157028
2566663784804
1742030063972
2841541691748
1557347863144
2656859490920
1556475169384
2655986797160
1556222478952
2863218199188
2655734106728
1552985507224
2652497135000
1763439184296
2862950812072
1552984394344
2652496022120
1762449263016
2861960890792
1831151766168
1759479499176
2858991126952
1488845113000
2588356740776
2566681675348
2566883198312
1487755889304
1758153230744
2857664858520
1551994800536
2651506428312
1826872707480
2926384335256
1758404970852
2857916598628
1552246540644
2651758168420
1827124447588
2926636075364
1471380358824
2570891986600
1740973181352
2840484809128
2845769893544
1540099835560
2639611463336
2914489370280
1762431157848
1487553250904
2587064878680
2861942785624
1556272727640
2655784355416
1831150634584
2930662262360
1488845440612
2587334429272
1557616018856
2657127646632
1557363328424
1467438417256
2566950045032
1742316324200
2863016527188
2931736003924
1488626992468
2588138620244
2841827951976
1556206683560
2655718311336
1535000528212
2634512155988
2861943048868
1553320281512
2652831909288
1467153532500
2566665160276
1742031439444
2841543067220
1535873009236
2635384637012
1810750916180
2910262543956
1484333401684
2583845029460
1471732337320
2571243965096
1470643127976
2570154755752
1745521034920
2845032662696
1539362604712
2638874232488
1814240511656
2913752139432
1487822997160
2587334624936
1540367943080
2639879570856
1539109701032
2638621328808
1470390437544
2569902065320
1745268344488
1746259233444
2844779972264
1539109914280
2638621542056
1535000594068
2634512221844
1813987821224
1536158172584
2635669800360
1832494122404
2863286273444
1557616215460
2932005750180
1470324181592
2569835809368
1745202088536
2844713716312
1539043658328
2638555286104
1813921565272
1487822030164
2587333657940
1762699937108
2862211564884
1814239544660
2913751172436
1488846423448
2588358051224
1763521955236
2588155676068
1742298580644
2841810208420
2910529685156
1484600542884
2584112170660
1759478449828
2858990077604
2863033583012
1536140150436
2635651778212
2846105356884
1484617304680
2584128932456
2582720710040
1484333353576
2583844981352
1540385048920
2639896676696
2570909550932
1746275830100
2845787457876
1763455699284
2862967327060
1832175176020
2931686803796
1483207969384
2582719597160
1556205619864
2655717247640
2857664924008
2858923166056
2565540825684
1552985770648
2652497398424
1551995849368
2651507477144
1467152157032
2566663784808
1742030063976
2841541691752
1535871633768
2635383261544
1810749540712
2910261168488
2565539776084
1740906055252
2840417683028
2583777593940
1759143873108
2858655500884
1534747625044
2634259252820
1809625531988
1467086096980
2566597724756
1741964003924
2571227202968
2655718377832
1810700536228
2910212164004
1466028362324
2565539990100
1740906269268
2840417897044
1534747839060
2634259466836
1809625746004
2909137373780
1483208231508
2582719859284
2861876791720
1557616216424
2657127844200
1557363525992
2656875153768
2587282982308
1762649261476
2862160889252
1556490831268
2656002459044
1831368738212
2930880365988
1556490832232
2656002460008
1552246262356
2651757890132
1553270983016
2652782610792
2863219165844
1487755889300
2587267517076
1762633796244
2862145424020
1539295496852
2638807124628
1814173403796
2913685031572
1556475366036
1470574725460
2570086353236
1551978875240
2656053922216
1832225687144
2931737314920
1831100302952
1488828581524
1758355670692
2857867298468
1552197240484
2651708868260
1827075147428
2926586775204
2588340209300
2930611930728
2588072822184
1483527063912
1466028362328
2565539990104
1740906269272
2840417897048
1534747839064
2634259466840
1809625746008
2909137373784
1483208231512
2582719859288
1466281134676
2565792762452
1741159041620
2840670669396
1535000611412
2634512239188
1809878518356
2909390146132
1483461003860
2582972631636
1484282758804
2582702868116
1484601509288
2584113137064
2583860446632
1539043838548
2638555466324
1540099819880
2639611447656
1759160928932
2858672556708
1553002498724
2652514126500
1827880405668
2927392033444
1557616282280
1556490898088
2656002525864
1471716887124
1557363591848
1556206946984
2655718574760
2656875219624
1466281052824
2565792680600
1741158959768
2840670587544
1535000529560
2634512157336
1809878436504
2909390064280
1483460922008
2582972549784
2565875271316
2840753178260
1746610259604
2846121887380
1487838480020
2587350107796
1762716386964
2862228014740
1539378087572
1552247261864
1763504899416
2863016527192
1557346469208
2656858096984
2931736003928
1831368739240
1832241433000
1484333401688
2583845029464
1759211308632
2858722936408
2910262543960
2652564506200
1483209279832
2582720907608
2582704129380
1556222724520
1466363643544
2565875271320
2840753178264
1535083120280
2634594748056
2909472655000
1483543512728
2583055140504
2858739713624
2862228063640
2571177904472
1471716869544
2571228497320
1746594776488
2846106404264
1487838530200
2587350157976
1540436346280
2639947974056
1487554579096
2587066206872
1467353761124
1762699937112
1487822030168
2587333657944
2634242738852
2862211564888
1814239544664
2913751172440
2909120645796
1483191503524
2582703131300
2857581038244
2582704195236
1540184688020
2639696315796
2857597766248
2844982412888
1471464179112
2570975806888
1746342086056
2845853713832
1540183655848
2639695283624
1815061562792
2914573190568
1488644048296
1467420673704
2570909746836
1746276026004
2845787653780
1488577988244
2588089616020
1763455895188
2638806927976
2588425144936
2657060555368
2582787803752
2638554237544
2845787457880
1814995306840
1763455699288
1471397071460
2570908699236
1746274978404
1488576940644
2588088568420
1763454847588
2862966475364
1551927708260
2651439336036
1826805615204
2584046045800
2927709735592
1488829712744
2588341340520
1487839791464
2587351419240
1466028148312
2565539776088
1740906055256
2566597724760
1741964003928
2841475631704
1759143873112
1484265966168
2583777593944
1466363905700
2858655500888
1483460922020
2582972549796
1758338828964
2857850456740
2652765768356
2927643675300
1828132047524
1471649761956
2571161389732
1746527668900
1483191437908
2582703065684
2862966278824
1557614987672
1556492208536
2656003836312
1763439183464
2862950811240
1831167739288
1762449262184
2861960889960
1553001433496
2652513061272
1466028362344
2565539990120
1740906269288
2840417897064
1534747839080
2634259466856
1809625746024
2909137373800
1759479498344
2858991126120
2841491424596
1535821366612
1810699273556
2566613517652
1484281759060
2583793386836
2910210901332
2913482392920
1831101679256
2930613307032
1832224458392
2931736086168
1470591485352
2570103113128
1745469392296
2844981020072
1539310962088
2638822589864
1814188869032
2913700496808
1487771354536
1470642883156
2570154510932
1810750915928
1488644819624
1809625531736
2909137159512
2588156447400
1762632501592
2862144129368
1556474071384
2655985699160
1831351978328
2930863606104
1763724331624
1466281052840
2565792680616
1466297649748
2565809277524
2566596938088
1741158959784
1484601772712
2652848359076
1828214638244
2927726266020
2635668489892
2910546396836
1758421419684
2857933047460
1470658610852
2570170238628
1745536517796
2909406906024
1483477763752
2638537705108
1813903984276
2582989391528
1758355670696
2846122149480
2857867298472
1552197240488
1758338910808
2857850538584
1552180480600
2651692108376
1827058387544
2926570015320
1484618631784
1467103152808
2566614780584
1741981059752
2841492687528
2583793583512
1810700536488
2910212164264
1484283021992
1832509670760
2932021298536
1759429412260
2858941040036
1553270982052
2652782609828
1828148888996
2927660516772
1811019302552
2910530930328
1831353025896
2930864653672
1466363643560
2565875271336
2840753178280
1484534745428
2584046373204
1759412652372
2858924280148
1484332287380
2583843915156
2841744410964
1828132129108
2927643756884
1483476716132
2582988343908
1483276126820
1557565885076
2657077512852
1557631945128
2657143572904
1483258284712
2927727560344
1470642948756
2570154576532
1745520855700
2845032483476
1487822817940
2587334445716
1762700724884
1556542294676
2656053922452
1831420201620
1553252845992
2652764473768
1551994603944
2651506231720
2913701611092
2913767671144
1832241415848
2931753043624
2570909812116
1831353091752
2930864719528
2656791316120
1827862316712
2927373944488
1540435036820
2639946664596
1540167649704
2639679277480
1556558989668
2656070617444
1535822416296
2635334044072
2635383540136
1758069410472
2857581038248
1551910980264
2651422608040
2926300514984
1809962338644
1466364954964
2565876582740
2845770663252
1809609803092
2909121430868
1539026863444
2638538491220
1813904770388
2913416398164
1470307386708
2930863589976
1832224655960
2931736283736
1471398119064
2570909746840
1746276026008
1488560163224
2588071791000
1763723265636
2863234893412
1557564835428
2657076463204
1466079528356
2565591156132
1740957435300
2840469063076
1534799005092
2634310632868
1809676912036
1483259397540
2582771025316
1758137304484
1826872723044
2926384350820
1484265245092
2583776872868
1759143152036
2858654779812
1535804852644
2635316480420
1810682759588
2910194387364
1552984721828
2652496349604
2584112105880
2634578037352
1762700723864
2862212351640
1759209948824
2634310584676
2858721576600
1483192288600
2582703916376
1758070195544
2857581823320
1551911765336
2651423393112
1826789672280
2588072625496
1763438904664
2862950532440
1556290619032
2926385202580
2583793386840
1759159666008
2858671293784
1553001235800
2652512863576
1827879142744
2927390770520
1763707536744
2863219164520
1763454846312
2862966474088
1534799022756
2634310650532
2913415612056
2656792054372
1487486469784
1832509670740
2586998097560
1762364376728
2861876004504
1556205946520
1832492811672
2932004439448
2582786951588
1758153230756
2857664858532
1551994800548
2651506428324
1826872707492
2926384335268
1832509934184
2932021561960
1831353289320
2930864917096
1828147578264
2927659206040
1827863627160
2927375254936
1487553333672
2587064961448
2841827968660
1536157910676
2635669538452
1811035817620
2910547445396
1484618303124
2861942785636
1487553250916
2587064878692
1762431157860
2913482393188
1556272727652
2655784355428
1831150634596
2930662262372
1467371636136
2566883263912
1746258249108
2845769876884
1488560211348
2588071839124
1763438118292
2862949746068
1742249543080
1763707602600
2863219230376
1763454912168
2862966539944
1762717681320
2862229309096
1759412652376
1553254222168
2652765849944
1828132129112
2584046373208
1740956649044
1759495227048
2859006854824
1758338582184
2857850209960
1470642948760
2570154576536
1745520855704
2845032483480
1539362425496
1814257027684
2638874053272
1814240332440
2913751960216
1487822817944
2570103441832
2909388835432
1467438762644
2566950390420
1763438904676
1539026863460
1813904770404
1556206732644
2655718360420
1831084639588
2930596267364
2638538491236
2913416398180
1540100605284
1556474399124
2655986026900
1762700921432
2862212549208
1471716690324
2571228318100
1746594597268
2846106225044
2863286094228
1557616036244
1832493943188
2657127664020
1553069590932
2652581218708
1815331030356
2914842658132
1832494138792
2932005766568
1831368754600
2930880382376
2569902048660
2844779955604
1741224822420
2909205316948
2840736450196
1745268327828
1483526784660
2583038412436
1758404691604
2857916319380
1488627010212
1487504231076
2587015858852
1828148905384
2927660533160
1762381957732
2587015678564
2861893585508
1556223527524
2655735155300
1831101434468
2930613062244
1826856797608
2926368425384
2840754489688
1535084431704
2565876582744
1741242861912
1809962338648
1483544824152
2583056451928
1758422731096
2857934358872
2634596059480
1484281776804
1758070195560
2857581823336
1551911765352
2651423393128
1826789672296
2926301300072
1470307386728
1471665489512
2571177117288
1746543396456
2846055024232
1540384966248
1815262873192
1488845358696
2588356986472
2582771025320
1758137304488
2857648932264
2652832892264
2651707508072
1467085375912
2566597003688
1741963282856
2841474910632
1535804852648
2635316480424
1810682759592
2910194387368
1484265245096
2583776872872
1814240511400
2913752139176
1813987820968
2913499448744
1832174044516
1470373382820
2910529684904
2909406905768
2926636795304
2857865921960
2914757739944
1466028149412
2565539777188
2656003835480
1811017992532
1470641834324
2570153462100
1745519741268
2845031369044
1487821703508
2587333331284
1762699610452
1763706307992
2863217935768
2862228014488
1763791161960
2863302789736
1759496537496
2859008165272
1759495424616
1832493075096
2932004702872
1813921565016
2913433192792
1826873836904
2927659469464
2909390145880
1827947252376
2927458880152
1826855733912
2926367361688
1553319954776
2652831582552
1828197861720
2927709489496
1831419087192
1758404643160
2857916270936
2656052808024
1470641834328
2570153462104
2638872987224
2582786951592
1758153230760
2857664858536
1466028362388
1487503198868
2587014826644
1762381105812
2861892733588
1539042806420
2638554434196
1813920713364
2913432341140
2840418929300
1483209263764
2582720891540
2845786393192
1534732174936
2634243802712
1827862316692
1467438433944
2566950061720
1742316340888
2841827968664
1536157910680
2635669538456
1811035817624
2910547445400
1484618303128
2584129930904
1470373381736
2569885009512
1745251288680
2844762916456
2638604486248
1742031129192
1471380342168
2570891969944
1540099818904
2639611446680
1814977725848
2914489353624
1488560211352
2588071839128
1826805597608
1831420119636
2930931747412
1831100631400
1488912271764
2588423899540
2930612259176
1553001235796
2652512863572
1827879142740
2927390770516
1467101889876
1540116333908
1488913270420
1827140946280
2861892519256
2565791434072
1467101889880
2566613517656
1741979796824
2841491424600
1810699273560
2910210901336
2845836658020
1488626992484
1484283087252
2583794715028
1557631944296
2657143572072
1746544526676
2846056154452
1763723265448
2863234893224
1762431157672
2861942785448
1553252845160
2652764472936
1484333401700
2583845029476
1759211308644
2858722936420
2910262543972
2652564506212
2927442413156
1483476452708
2582988080484
1758354359652
2857865987428
1540367992164
2840400905572
1534730847588
1809608754532
2909120382308
1815313992040
2914825619816
1758085924264
2914572929384
1466011370856
2565522998632
1740889277800
2840400905576
1471716690328
1746594597272
1540436167064
2639947794840
1815314074008
2914825701784
1810968758632
2910480386408
1811018254696
2910529882472
1467152238996
1826857061032
2926368688808
1746526357140
2846037984916
1470390420888
2569902048664
1745268327832
2844779955608
1539109897624
2638621525400
1813987804568
2913499432344
1487570290072
2587081917848
1535066392216
2634578019992
2863218133336
1763523003748
2861943113060
1745202088552
2844713716328
1539361637732
1814239544676
1487822030180
2587333657956
1762699937124
2862211564900
2913685030568
1815061367464
1758069164376
2857580792152
2914572995240
1467152173720
2566663801496
1742030080664
1762699610468
2846105110884
1483526736228
2583038364004
2638872938852
2913750845796
1488560162392
2588071790168
2910529668500
2584112154004
1811018320552
2910529948328
1763455699300
1557297269092
2656808896868
1832175176036
2931686803812
2862967327076
1483477698136
2652832958120
1811019368020
2910530995796
2840737777236
1763774727764
1483528111700
2930932090452
1470643209812
2570154837588
1745521116756
1763706571416
2863218199192
1762716650136
2862228277912
1466028148324
2565539776100
1740906055268
2858655500900
2841475631716
2840417683044
1534747625060
2634259252836
1484265966180
1759143873124
2583777593956
1535805573732
2635317201508
1815044572564
2914556200340
1466346867048
2565858494824
1741224773992
2840736401768
1535066343784
2634577971560
1809944250728
2909455878504
1483526736232
2583038364008
1828197909908
2927709537684
1759478433172
2858990060948
1470574773652
2570086401428
2862160954772
1467420657044
2566932284820
1742298563988
1483208231588
2582719859364
1758086138532
2857597766308
1810967659924
1534730847640
2634242475416
1809608754584
2909120382360
1483191240088
2582702867864
1758069147032
2857580774808
1551910716824
2651422344600
2863034680676
2846039295332
2846056073560
1556542555736
2656054183512
2652832958040
2927710864984
1536141461080
2635653088856
1762700985944
1488896820824
2862212613720
1483528111704
1745452632420
2587266222436
1762632501604
2862144129380
2930863606116
1814172109156
2651422344612
1826788623780
1467437434276
2566949062052
1742315341220
2841826968996
1467420657060
2566932284836
1742298564004
2841810191780
1762699676008
2862211303784
1759142840916
1534748871320
2634260499096
1809626778264
2909138406040
1483209263768
2582720891544
1758087170712
2857598798488
1551928740504
2651440368280
1758086121832
2857597749608
1832443611544
2931955239320
1758338910820
2857850538596
1552180480612
2651692108388
1827058387556
2926570015332
1488845440616
2931754092952
2588357068392
1487553332840
2587064960616
1557297268376
2656808896152
1556474070680
2655985698456
1484283005332
2583794633108
1759160912276
2858672540052
1466011321748
2565522949524
1740889228692
2840400856468
2926300202388
1553254221464
2652765849240
1552264300184
2651775927960
1762431421096
2861943048872
1471447123304
2570958751080
1746325030248
2845836658024
1540166600040
2639678227816
1740889213524
1815044506984
2914556134760
1488626992488
1488560932436
2588072560212
1763438839380
2862950467156
1471381063252
2570892691028
2857597815464
2913432143268
1470591813224
1467153532520
2566665160296
1742031439464
2841543067240
1535873009256
2927727561044
1828215933268
2635384637032
1745452631396
1810750916200
1557279360596
2656790988372
2655718638952
1742299548328
2841811176104
1552247326056
2651758953832
1742046857896
2841558485672
1831420119448
1556542555748
2656054183524
1831420462692
2930932090468
1536141461092
2635653088868
1811019368036
2910530995812
1553321330276
2652832958052
1831167429016
1470642161000
2570153788776
1539361637736
2638873265512
1814239544680
2846054845012
1471665310292
2571176938068
1470576100948
2570087728724
1745454007892
2844965635668
1487755970132
2587267597908
1762633877076
2862145504852
2930864981588
1827862645160
2927374272936
1826872723880
2926384351656
1540368270696
2588089616036
1763455895204
2862967522980
1557297464996
2656809092772
1832175371940
2931686999716
1540435364248
1539378349416
2638889977192
1467420657048
2566932284824
1745268147604
2844779775380
1742298563992
2841810191768
2845031352932
2927659222356
1553269687636
2652781315412
2930880447828
1470591567188
2570103194964
1745469474132
2844981101908
1471665309012
2571176936788
1471397923176
2570909550952
1746275830120
2845787457896
1551979071144
2651490698920
1815263660692
2914775288468
1466348242536
2565859870312
1741226149480
2840737777256
1535067719272
2634579347048
1809945626216
2909457253992
1483528111720
1815329720744
2914841348520
1758085924456
2930663656024
2857597552232
1810967923348
1470307386772
1487487255956
2586998883732
1762365162900
2861876790676
2569819014548
1745185293716
2844696921492
2841760909912
1826789689700
2926301317476
1746543215960
1556490913112
2656002540888
1831368820056
2930880447832
1536089818456
2635601446232
1810967725400
2910479353176
2846054843736
2588341062232
2655717575256
2638605617752
2657059752360
1763506014616
2863017642392
1467101889892
2566613517668
1741979796836
2841491424612
1810699273572
2910210901348
1484281759076
1552246262360
2651757890136
1553337780824
1759429101976
2858940729752
1759210277272
2858721905048
1758337583512
2857849211288
1551911765400
2651423393176
1826789672344
2926301300120
1470307386776
2569819014552
1745185293720
2844696921496
1488828581528
2846056139416
1470574725480
2570086353256
1831369017768
1470306600612
2569818228388
1556205946532
2655717574308
1831083853476
2930595481252
1484282758808
2583794386584
2639695332964
1758338910824
2857850538600
1552180480616
2651692108392
2652581235352
2926570015336
1536074074712
2635585702488
1535804606052
2635316233828
1535821384280
2635333012056
2841559796120
1759429429588
1467103136152
2566614763928
1741981043096
1828131015256
2841492670872
1535822612888
2635334240664
1810700519832
2910212147608
1814173469348
2913685097124
1759412652388
2858924280164
1553254222180
1828132129124
2652765849956
2927643756900
1488644883816
2588156511592
1810682694308
1487821686120
2587333313896
2845770597976
1763438839384
1488560932440
1540100539992
2639612167768
1814978446936
2914490074712
1557280409176
2656792036952
1832158316120
1484601836904
2584113464680
1484349146472
2583860774248
1483476452712
2582988080488
1557565621656
2657077249432
1557346796952
2656858424728
1470642948772
2570154576548
1745520855716
2845032483492
1487822817956
2587334445732
1762700724900
2638874053284
1745521035604
2845032663380
1556290636392
2655802264168
1553269884312
2652781512088
1553052551784
2652564179560
2861893585320
1742298581332
2841810209108
1759143872936
2858655500712
1471649498472
2571161126248
1487821751976
2587333379752
1536089818468
2635601446244
1810967725412
2910479353188
2840686134628
1556490913124
2656002540900
1831368820068
2930880447844
2570103194980
1467152238164
2566663865940
1557616282264
1557363591832
1540451895912
2639963523688
1471665310296
2571176938072
1746543217240
2655987074648
2570087728728
1745454007896
2909205334612
1483276192340
2635401169492
2910279076436
1487571159636
1466012419492
2565524047268
1740890326436
2840401954212
1534731896228
2634243524004
1809609803172
1471381128612
2570892756388
1746259035556
1741242861924
2840754489700
1758422731108
2857934358884
1535084431716
1471398119080
2570909746856
1746276026024
2845787653800
1540117595816
2639629223592
1814995502760
2914507130536
1488577988264
1466296599912
2565808227688
1741174506856
2840686134632
1535016076648
2634527704424
1809893983592
2909405611368
1483476469096
2582988096872
1815247226196
2914758853972
1488829711700
2588341339476
2863219246420
1827929475476
1557549188436
2657060816212
1811035883860
1484550129252
2584061757028
2909137159764
1483208017492
1758085924436
2857597552212
2582719645268
2587014612564
1466096323160
2565607950936
1740974230104
2565524047272
1740890326440
2840401954216
1534731896232
2634243524008
1809609803176
1483208017496
2582719645272
1758085924440
2857597552216
1551927494232
2863234696792
1745519789656
1539361359448
2858990061144
1483459675736
1534815995220
1552984655272
2652496283048
1552263054760
2651774682536
1467101889896
2566613517672
1467085325908
2566596953684
1741963232852
2841474860628
1535804802644
2635316430420
1810682709588
2910194337364
2651439122020
1826805401188
2926317028964
1557564638820
2657076266596
1832442545764
2931954173540
2859006838372
1466011371112
2565522998888
2840400905832
1534730847848
2634242475624
1809608754792
2909120382568
1483191240296
2582702868072
1488895445396
2588407073172
1763773352340
2656052808084
2910529620372
1828197861780
1539361311124
1814239218068
2638872938900
1536090867112
1470306600616
1553068344676
2652579972452
2840670587556
1470659921236
2570171549012
1745537828180
2845049455956
1831437174100
2930948801876
1484618303140
2584129930916
1759496210084
2859007837860
1811035817636
2910547445412
1553337779876
2652849407652
1828215686820
2927727314596
1487821949544
2587333577320
1488645147240
2656791315876
2931669222820
1763438118308
2862949746084
1557279688100
1832157595044
2583777675880
1540436428132
1557565885080
2657077512856
1467354876264
2566866504040
1742232783208
2565858494872
1741224774040
2840736401816
1535066343832
2634577971608
1809944250776
2909455878552
1483526736280
2583038364056
1556273777304
2655785405080
2656791333460
1551928543896
2651440171672
2913751107160
2639947975016
2570154576552
1745520855720
2845032483496
2638874053288
1814240332456
2913751960232
1487822817960
2587334445736
2657076218216
1471649761896
2571161389672
1471397071464
2570908699240
1466096323172
2565607950948
1740974230116
2840485857892
1534815799908
2634327427684
1809693706852
2909205334628
1483276192356
2582787820132
1809677175204
1467437386344
1484551439700
2566949014120
2863033370260
2857580775060
2651422344852
2582719645332
1758085924500
2857597552276
1483259331924
2582770959700
2638554416804
1534730847896
2634242475672
1746594597284
1471716690340
2571228318116
1815314074020
1540436167076
2639947794852
1488896559524
1763774466468
1557616036260
1536089803416
2635601431192
1535805852312
2635317480088
1535083103908
2634594731684
1553253173608
2652764801384
2652496021928
1487570290084
2587081917860
2565858543268
2840736450212
1483526784676
2583038412452
1535066392228
1557296203428
1832174110372
2931685738148
1536073025188
2635584652964
1810950932132
2910462559908
1758069147300
2857580775076
2862162020760
1466096323176
2565607950952
1483544824168
2583056451944
1758422731112
1470373661012
2569885288788
1539093137748
1745251567956
2844763195732
1813971044692
2913482672468
1827862644328
1470324164948
2569835792724
1745202071892
2844713699668
1831101417812
2930613045588
1826872723048
2926384350824
1484617565608
2584129193384
1832242547048
1758136519016
1540435364436
2639946992212
1758355343720
2583843670692
1759209949860
2858721577636
1483208230312
1540167977320
2639679605096
1759228037480
2582719858088
1746526685588
2846038313364
1556559055528
1746326096276
2845837724052
1745536764308
2845048392084
1488829711704
2588341339480
2863219246424
1815247226200
2914758853976
1557549188440
2657060816216
2931938723160
1535889541716
1535066344020
1536091064680
2635602692456
1553068280488
2652579908264
1741980862868
2841492490644
1552263318184
1827929737876
1741157665172
2840669292948
1828148562580
1810700535400
2910212163176
1759478385060
2858990012836
1556541180324
1831419087268
2656052808100
2930930715044
2652831582628
1828197861796
2927709489572
2587015923044
1762650573224
1540436363944
2639947991720
1539310979752
2638822607528
1484265195096
2583776822872
1759143102040
1810682709592
2910194337368
1556289570196
2652496299608
1827862578776
1827125495444
2858991388308
2565859870356
1467421984404
2840737777300
1742299891348
1535067719316
2566933612180
1809945626260
1539362686612
2863016790436
1553338041748
2652849669524
1552246523284
2651758151060
1540116269480
1471665554788
2571177182564
1471464965476
1466346867112
2565858494888
1741224774056
1470373447012
2569885074788
2840736401832
1535066343848
2634577971624
1809944250792
1487487273624
2586998901400
2931753896552
1745537828184
1470659921240
1487839790424
1466029394596
2565541022372
1740907301540
2840418929316
2587351418200
1826806647460
2926318275236
2926301514344
1539294184852
2638805812628
1466348242584
2565859870360
1741226149528
2840737777304
1471447139988
2570958767764
1746325046932
2845836674708
2635585963412
1488627009172
2588138636948
1763504916116
2863016543892
1471380342184
2570891969960
1746258249128
1742048167512
2845769876904
1540099818920
1741175473752
2840687101528
2639611446696
1814977725864
2570153461412
1467421984420
2566933612196
1487772485992
2587284113768
1466296600228
2565808228004
2930680105640
2841558534824
1484534401384
2584046029160
1484281710952
2583793338728
1557279361432
2656790989208
1556474399128
2655986026904
1762381956712
1553069590936
2652581218712
1551927428516
2651439056292
2634579020456
1759143872104
2858655499880
2584061774504
2566680840872
1471716690344
2571228318120
1746594597288
2846106225064
1540436167080
2639947794856
1815314074024
2914825701800
1831083869848
2930595497624
1488627010216
2588138637992
2926635812504
1487504231080
2587015858856
1467420854868
2566932482644
2566665095528
1470390420904
2569902048680
1745268327848
2844779955624
1539109897640
2638621525416
1813987804584
2913499432360
1487570290088
2587081917864
1758404691624
1745202267796
2844713895572
1487504230036
2587015857812
1762382136980
2861893764756
2638823917976
1746543216232
2846054844008
1487553530200
2587065157976
1762431437144
2861943064920
1813971044696
1556273006936
2655784634712
1831150913880
2930662541656
1762381941080
2861893568856
1556223510872
2655735138648
1831101417816
2930613045592
1467152173736
2566663801512
1742030080680
2841541708456
1535871650472
2635383278248
1810749557416
2910261185192
1484332042920
2583843670696
1759478433188
2858990060964
1553320002980
2652831630756
1828197909924
2927709537700
1832174044520
2931685672296
1810951997080
2910463624856
1831369082216
2930880709992
1488627337828
1762700986020
1484601853604
2584113481380
1759479760548
2587334706852
1539362686628
1814240593572
2913752221348
1488896820900
1828130997608
2927642625384
2635317544344
1553254140584
1557564639656
2657076267432
1557280688552
2656792316328
1483477715624
2930864653976
1831368820116
2930880447892
1536089818516
2635601446292
1810967725460
2910479353236
1539311043988
2638822671764
1814188950932
2913700578708
1553321003432
1814172173908
2913683801684
1832174110376
2931685738152
1466348242600
2565859870376
1471465228900
2570976856676
1741226149544
1470592535140
2570104162916
2840737777320
1535067719336
2634579347112
1828131063464
2927642691240
1827930474152
2927442101928
2651758954136
1827141142184
2926652769960
1466297910676
2565809538452
1466296599960
2565808227736
1741174506904
2840686134680
1535016076696
2634527704472
1809893983640
2909405611416
1483476469144
2582988096920
1466029394600
2565541022376
1740907301544
2840418929320
1471447139992
2570958767768
1746325046936
2845836674712
1540166616728
2639678244504
1815044523672
1832157350488
2931668978264
2914556151448
1831167429208
2930679056984
1810968954536
1466281118036
2565792745812
2840670652756
1535000594772
2857850521940
1488895493540
1488912271768
2588423899544
1488628320664
1487755626904
2587267254680
2588139948440
1809676846760
1487486158244
2586997786020
1827947579992
2927459207768
1827074886232
2926586514008
2583794633124
1759160912292
2858672540068
1553002482084
1466011321764
2565522949540
1740889228708
2840400856484
1484283087256
2583794715032
1810682758808
1466028427604
2565540055380
1740906334548
2840417962324
1534747904340
2634259532116
1809625811284
2909137439060
1483208296788
2582719924564
1762365097624
2861876725400
1763438839396
2862950467172
1557280409188
2656792036964
1832158316132
2931669943908
1759478695576
2858990323352
2634326640996
1551927691940
1814995241560
2914506869336
1810952194648
2910463822424
1809677174372
2909188802148
2845048145300
1467152239000
2566663866776
1763523003752
2863034631528
1762650309992
2862161937768
2861943113064
1470324360856
2569835988632
1745202267800
2844713895576
1539043837592
2638555465368
1813921744536
2913433372312
1487504230040
2587015857816
1758354572648
2857866200424
1832175420824
2931687048600
1831352223128
2846054845028
1488845179492
2588356807268
1762633877092
2862145504868
1763723086436
2863234714212
1540384787044
2639896414820
1815262693988
1556475446884
2655987074660
1831353353828
1828215735704
2927727363480
1488913598888
2588425226664
1828214622824
1826806400408
2926318028184
1467371391316
2566883019092
2584061838756
1759428117924
2858939745700
1556490913188
1470591567268
2570103195044
1745469474212
1539311044004
1471398102420
2570909730196
1742232503956
2841744131732
1746276009364
2845787637140
1746326095444
2845837723220
2910463608468
1540117579156
2652765570708
1828131849876
1745269376360
2844781004136
1763523069608
2863034697384
1762650375848
2862162003624
1762699871912
2862211499688
1556290636436
2655802264212
1831168543380
1551995669140
1553069410964
1827947317908
1826873576084
2638622395028
1758085924244
1758354638504
2857866266280
1813905050216
2913416677992
1831151961428
2930663589204
1466296599976
2565808227752
1741174506920
2840686134696
1535016076712
2634527704488
1826806728020
1809893983656
2909405611432
1483476469160
1484550457700
2584062085476
1484349868388
1553337829988
1762633615960
2862145243736
1466096323224
2565607951000
1740974230168
2840485857944
1534815799960
2634327427736
1809693706904
2909205334680
1759142840920
2858654468696
1832426833320
2931938461096
1831436912040
2930948539816
2565876303508
2840754210452
1467370523284
2566882151060
1742248430228
2841760058004
1536090000020
2635601627796
1810967906964
2910479534740
1484550392468
2584062020244
2858739729768
1758338894168
2857850521944
1552180463960
2651692091736
2926569998680
2566614763944
1741981043112
2841492670888
2909120333224
1483191190952
2582702818728
1758069097896
2857580725672
2651422295464
2840400841304
2926300202408
1815313286804
2914824914580
1551927773528
2651439401304
1826805680472
2926317308248
1758086203736
2857597831512
1814173205928
2913684833704
1815045899688
2914557527464
1471733648036
2571245275812
1471381063272
1746258970216
1540100540008
2639612167784
1814978446952
2914490074728
1488560932456
2588072560232
1810682430888
2910194058664
2926316979624
1467354548900
2566866176676
1466096306852
2565607934628
1470642932116
2570154559892
1745520839060
2845032466836
2913751943572
2930931812756
2570104227240
1762650573416
2862162201192
2588357854632
2570153723304
1759160911256
2858672539032
1831151945064
1487570110868
2587081738644
1762448017812
2861959645588
1470390241684
2569901869460
1745268148628
2844779776404
1813987625364
1831167494548
1831435848344
2930947476120
1828215999128
2927727626904
1826806663832
2926318291608
1740974230180
2840485857956
1534815799972
2634327427748
2566681692836
2841559599780
1758136191636
2857647819412
1466078415508
2565590043284
1740956322452
2840467950228
1470576100968
1484533613928
1553002300776
1745519725160
2845031352936
1742299875944
2841811503720
2841558813288
1471398102424
2570909730200
1746276009368
2845787637144
1814995486104
2914507113880
1488577971608
2588089599384
1467354597016
2566866224792
1832225507924
2571161470308
2846039377252
1488829711716
2588341339492
2931737135700
1832427030888
2931938658664
1810967923352
2910479551128
1831168788840
2930680416616
2587283310996
1466096323240
1740974230184
2840485857960
1467101906584
2566613534360
1741979813528
2841491441304
1535821383320
2635333011096
1810699290264
2910210918040
1484281775768
2583793403544
1557564638824
2657076266600
2656792315496
1762381153940
2861892781716
1763791422888
2863303050664
1553321002600
2652832630376
1742249215316
2841760843092
1758421468820
2857933096596
1759412323752
2858923951528
1758154081704
2857665709480
1759143102052
2858654729828
1552984671844
2652496299620
2927374206564
1832427096744
2931938724520
2930948803240
1466011650452
2565523278228
1539027060328
2638538688104
2588408432232
1758422451864
2857934079640
1552264021656
2651775649432
2926653556376
2583039411816
1467370523288
2566882151064
1742248430232
2841760058008
1536090000024
2635601627800
1810967906968
1470659921252
2570171549028
2862160906584
1762649278808
1745537828196
2845049455972
1814257304932
1742315341224
2841826969000
2840670324136
1759412651364
2858924279140
2914573960872
1758422730084
2909405529768
1832157611412
2913768998568
2910278223528
1488628319832
1487755626072
2910194322088
2652765832872
2655985682088
2656858375848
1763774728856
2863286356632
2862160972440
1832494122600
1759411260056
2858922887832
1832241432168
1814995502484
2914507130260
1470642932120
2570154559896
1745520839064
2845032466840
1539362408856
2638874036632
1814240315800
2913751943576
1487822801304
2587334429080
1470642162084
2570153789860
1467152238168
2909121366628
1467101890980
2566613518756
1470390241688
2569901869464
1745268148632
2844779776408
1539109718424
2913499253144
1487570110872
2587081738648
1759142906216
2638873971032
1831152010920
1762364049768
2861875677544
2639611201880
1483258284696
2582769912472
1758136191640
2857647819416
1551977761432
2651489389208
1826855668376
2926367296152
1759144200552
2858655828328
2587065157988
1762431437156
2861943064932
1556273006948
2655784634724
1831150913892
2930662541668
1470324164964
2913433176420
1556223510884
2655735138660
1831101417828
2930613045604
1488913598056
2588425225832
1827929475480
2927441103256
1557347600040
1484550129256
2584061757032
2566663784852
1742030064020
2841541691796
2635383261588
1471649842536
1556542228120
2656053855896
2571161470312
2634327623000
1763455634088
2862967261864
1552196994712
2651708622488
1762364115624
2861875743400
1759412587176
2858924214952
1758154345128
2857665972904
1814172174744
2913683802520
1809945626020
2909457253796
2927660255572
1746258199908
2927709751636
1467085325928
2566596953704
1741963232872
2841474860648
1535804802664
2635316430440
1810682709608
2910194337384
1484265195112
2583776822888
1557347518036
2656859145812
2862145504660
2862967589476
2862144391780
1466347194772
2565858822548
1741225101716
2840736729492
1535066671508
2634578299284
1832442759592
2931954387368
1471716936276
2571228564052
1746594843220
2846106470996
1557616282196
2657127909972
1832494189140
1810767694164
2932005816916
1763439184280
1831150651816
1827930802600
2927442430376
2926569736616
2588138636964
1763504916132
2863016543908
1557346485924
2656858113700
1832224392868
2931736020644
1557549106856
2657060734632
1557296416424
2656808044200
1471464245844
2570975873620
1746342152788
2845853780564
1832241498708
2931753126484
1553336731304
2652848359080
1815245851284
2914757479060
1814978464168
2913700759976
2932021496408
1811036080788
2910547708564
1539042789032
2638554416808
1556274104920
2655785732696
1536073025192
2635584652968
1763790391704
2863302019480
2861877053848
1552197192280
2651708820056
1758136272292
2844981086804
1831368804948
2930880432724
1470658676056
2570170303832
1487771354776
2587282982552
2588155676312
2857664875160
1467420591448
1762382136996
2861893764772
1556223706788
2655735334564
1831101613732
2930613241508
1484551505560
2584063133336
1540435364440
2639946992216
1487553530216
1470324164968
2569835792744
2844697135700
2913416612436
1556206946900
2655718574676
1831084853844
2930596481620
2657127664280
1741174752676
2840686380452
1467152157080
2566663784856
1742030064024
2841541691800
1535871633816
2635383261592
1810749540760
2910261168536
1488561014356
2588072642132
2587283310164
1488627074408
1487504295272
2587015923048
1809625467556
2909137095332
2583039673940
1483544610152
2583056237928
1557547812248
2657059440024
1556289570200
2655801197976
1553338041752
2652849669528
1763505162664
2863016790440
1552246523288
2651758151064
2652580235880
1832442481304
2841474582868
1759159929256
1471665554792
2571177182568
1487772681896
2587284309672
1758404970904
2857916598680
1552246540696
2651758168472
2926636075416
1557296466584
1553336781464
1466296534376
1484281957016
2565808162152
1540116269672
1471716936280
2571228564056
2846106471000
1540436413016
2639948040792
2914825947736
1488896805464
2588408433240
1746611374504
1535821645208
2635333272984
2846123002280
1536073222760
2635584850536
2651757889940
1471447140008
2570958767784
1540166616744
2639678244520
1815044523688
2914556151464
1488627009192
2588138636968
1466281118052
2565792745828
2840670652772
1535000594788
2926569998692
1471464245848
2570975873624
1746342152792
2845853780568
1540183722584
1815061629528
1758136469860
2857648097636
1832509589908
2932021217684
1466028427620
2582719924580
1758086203748
2857597831524
1551927773540
2651439401316
1826805680484
2926317308260
1556290897320
2655802525096
1553052812712
2651439056296
2841759861092
1742248233316
1741964282212
1814240332180
2913751959956
1471463901784
2909138405780
1540386096788
2639897724564
1470591552088
1539093989012
1539311028824
1539295511976
2638807139752
1470324360872
2569835988648
1745202267816
2844713895592
1539043837608
2638555465384
1813921744552
2913433372328
1487504230056
2587015857832
1470307600984
2569819228760
1745185507928
1539027077720
2638538705496
2913416612440
1487487470168
2586999097944
1488845162836
1557564639572
1487755953492
2587267581268
1762633860436
2862145488212
1470576084308
2570087712084
1745453991252
2844965619028
1539295561044
1488627337832
2588138965608
1487754644072
2587266271848
2588089599396
1763455878564
2927643477668
2566866224804
1742232503972
2841744131748
1484534466212
2584046093988
1759412373156
2858924000932
1536074073764
2635585701540
1484264981912
2583776609688
2638554498388
1813920777556
2913432405332
1488561211732
2638890829156
2588072839508
1557280688468
1763439118676
2655784683172
1540100819284
2656792316244
1832158595412
1556289833624
2655801461400
1536141116772
2635652744548
2858940008808
2857647901032
1484281775780
2583793403556
1759159682724
2858671310500
1553001252516
2652512880292
1827879159460
2927390787236
2634242672212
1809608951380
2909120579156
1483191436884
2582703064660
1758069343828
2857580971604
1740889474644
1815247210916
1814994520484
2914506148260
2930663574164
1540117645976
2639629273752
2931685689768
1536157960856
2635669588632
1556541180264
2656052808040
1534731847332
1553321331048
2652832958824
2652832680360
1552195946856
2651707574632
2565876303524
2840754210468
2634595780260
2652579989928
1484550392484
2584062020260
1759428299428
2858939927204
2910479534756
2652781496996
2927659403940
1831150650984
2588407121320
1466347915860
2565859543636
1552247261780
2651758889556
1827125168724
2926636796500
1827930801768
2927442429544
2586997786024
1828215736680
2909390129512
1483460987240
2582972615016
2857850521960
1552180463976
2651692091752
2926569998696
1484266309032
2583777936808
1483276387752
2582788015528
1540368992616
2639880620392
1539110750568
1746594843028
2846106470804
2638622378344
1556541246120
2656052873896
1740906334568
2840417962344
1534747904360
2634259532136
1809625811304
2909137439080
1483208296808
2582719924584
1758086203752
2857597831528
1551927691944
2651439319720
1814189131368
2913700759144
1487755954520
2587267582296
1467371587220
2566883214996
1487503264088
2587014891864
1466280068756
2930931812772
1762700708260
2862212336036
1556542278052
2656053905828
1827141945768
1540099557716
1763723069780
1540384770388
2639896398164
1815262677332
2914774305108
1471665293652
2863302018648
2930931811668
1488627010196
2909455927640
1553320003928
2652831631704
1828197910872
2927709538648
2565522999640
1740889278808
1556222462296
1540451879256
2639963507032
1763437857188
2930679122340
1831167494564
2655801215396
1470390241700
2569901869476
1745268148644
2844779776420
1487570110884
2587081738660
1762448017828
1556205701544
2930611996056
1470324376932
2569836004708
1763723265684
2863234893460
1540116334948
2639627962724
1814994241892
2914505869668
1557296204132
1552263039332
2651774667108
1827140946276
2926652574052
1467101890916
1483258284708
2582769912484
2583776873112
1466364691812
2565876319588
2931954174296
2571176921432
1746543200600
2846054828376
1487755953496
1470391207252
2569902835028
1809693623636
1484349850964
2583861478740
2909205251412
1745269114196
2844780741972
2861960611156
2845837723224
2845787376036
2570909730216
1745470785956
2844982413732
2656809077352
1814995486120
1467354597032
2566866224808
1762381170008
2861892797784
1556222739800
1832158595416
2931670223192
2845770877272
1488561211736
2588072839512
1763439118680
2862950746456
1557280688472
2656792316248
1467101906600
2566613534376
1741979813544
2841491441320
1535821383336
2635333011112
1810699290280
2910210918056
1484281775784
2583793403560
1488895691112
2588407318888
2910262282920
1466011567704
1466096239960
2565607867736
2840485774680
1534815716696
2634327344472
2909205251416
1483276109144
1487571076440
1484550457704
2584062085480
1484349868392
2583861496168
1483258349928
1557347518872
2656859146648
1556542556568
2656054184344
1763505161832
2863016789608
2657144621736
2635668540072
1553002285464
2652513913240
1553051781528
2652563409304
1467085309268
2566596937044
1552984655188
1827862562132
2652496282964
2927374189908
1741963216212
2841474843988
1535804786004
1810682692948
1831152027288
2930663655064
1488895756968
2588407384744
2586998049448
1467353549396
2566865177172
2571227253140
1488576727444
2588088355220
1763454634388
2862966262164
1540116334996
1471396858260
2570908486036
2845786392980
1470373381780
2569885009556
1745251288724
2844762916500
2638604486292
1540116530596
2639628158372
1467370523304
2566882151080
1742248430248
1534730848664
2634242476440
1809608755608
2909120383384
1483191241112
2582702868888
1758069148056
2857580775832
1551910717848
2583039412824
1758405691992
2857917319768
1552247261784
2651758889560
1827125168728
2926636796504
1484617239144
2862967588440
1484618286500
2584129914276
1759496193444
2859007821220
1553337763236
2652849391012
1828215670180
2927727297956
1832242201960
2931753829736
2657076267428
1832442546596
2931954174372
1471715625380
2571227253156
1746593532324
2846105160100
1540435102116
2639946729892
1815313009060
2635584932196
1831437239656
2930948867432
1827140961620
2840753243476
2651774682452
2926652589396
1466363708756
2565875336532
1741241615700
1467421657428
2587334429284
2566933285204
1487570111076
2587081738852
1828199155048
2927710782824
1827073770856
2926585398632
1827946464616
2927458092392
2566866176680
2639611398484
1557616233108
2657127860884
1557632797096
1556490848916
2656002476692
2657144424872
1759143937620
1483192288852
1466012419668
2565524047444
1740890326612
2840401954388
2841475696212
1539026863700
2638538491476
1813904770644
1556223461800
2655735089576
1553270999700
2652782627476
1470642932136
2570154559912
1745520839080
2845032466856
1539362408872
2638874036648
1814240315816
2913751943592
1553337059752
2652848687528
1552180414888
2651692042664
1814240331348
2913751959124
1832242267816
2931753895592
2570975790484
1831419070120
1553069327716
2652580955492
1827947234660
2927458862436
1815062332772
2931753829732
1466096239972
2588156774820
2909138404948
1745268148648
2844779776424
2657076479640
1813987625384
2913499253160
1487570110888
1827073836712
1745202088596
1470324181652
2655735155348
1831101434516
2930613062292
2926585464488
2639896349096
1466012419672
2565524047448
1740890326616
2840401954392
2634243524184
2909121431128
1487487256152
2586998883928
1471665489560
1540384966296
2639896594072
1815262873240
2914774501016
1488845358744
2565590043304
1740956322472
2840467950248
2634309520040
2635384392104
2652497332580
1466096239976
2565607867752
2840485774696
1534815716712
2634327344488
2909205251432
1483276109160
2582787736936
2910463609448
1832225507928
1831436175960
2930947803736
2910462772904
1488561015192
2588072642968
1487571093912
1484332026276
2583843654052
1759209933220
2858721560996
2910261168548
2652563130788
2927441037732
1827057076824
2926568704600
1741242648996
2652579906900
2583039674776
1556205619876
2655717247652
1762381153944
2861892781720
1742249215320
2841760843096
1758137517720
2857649145496
1815263988312
2914775616088
2570104423844
1487571421524
1484265178456
2583776806232
2910194320728
2652496282968
1827862562136
2927374189912
2634242409876
1483207952724
2582719580500
1758404970916
2857916598692
1552246540708
2651758168484
1827124447652
2926636075428
1763455698280
1762632500584
2862144128360
1470373381784
2569885009560
1745251288728
2844762916504
1539092858520
2638604486296
1813970765464
2913482393240
1487553250968
2587064878744
1759412651368
2858924279144
2846106471012
1488896805476
2588408433252
1763774712420
2863286340196
1540436413028
2639948040804
1815314319972
2914825947748
1831420380568
2930932008344
2930679317912
1832242465384
2931754093160
2909121431140
1483192288868
2582703916644
1758070195812
2857581823588
1551911765604
2651423393380
1826789672548
2926301300324
1470307386980
1827863366248
2927374994024
1827074034280
2926585662056
1467438417320
2566950045096
2914573257316
2863033649764
1832241498724
2656875219556
2570975873636
1746342152804
2845853780580
2931753126500
2582719646356
1832224376212
1484618287528
2584129915304
1745469458004
2844981085780
2840753243480
1745185506900
1467421657432
2566933285208
1742299564376
2841811192152
1484601526616
2584113154392
1759479433560
2858991061336
1536141134168
1745202070888
2844713698664
1762632566440
2862144194216
1467153532564
2566665160340
1742031439508
2841543067284
1535873009300
2635384637076
1759227758248
2858739386024
1471381064340
2570892692116
2634243524200
1809609803368
2909121431144
1470576102036
2570087729812
2910547445144
1483192288872
2582703916648
1758070195816
2857581823592
1810766383720
2910278011496
1552195929492
1467085326996
2566596954772
1540116284820
1745251632808
2844763260584
1763454634584
2862966262360
1470324181656
2569835809432
1745202088600
2844713716376
1539043658392
2638555286168
1813921565336
1470642161044
2570153788820
1745520067988
2845031695764
1487771421284
2587283049060
1762649328228
2862160956004
1759411587672
1759210998360
2858722626136
1814255994196
2913767621972
1811017992788
2910529620564
1484600478292
2584112106068
1467420609108
2566932236884
1487821703764
2927660451476
1828214883752
2927726511528
2931955434856
1471397923220
2570909550996
1746275830164
2845787457940
1832175176084
2913416612452
1487487470180
2586999097956
1762365377124
1831084853860
1467152157096
2566663784872
1742030064040
2841541691816
1535871633832
2635383261608
1810749540776
2910261168552
1551927494292
1826805401236
2651439122068
2652497070740
2634259252884
1483208017556
2927374977684
2927642625684
1741964003988
2913500300712
1466346867288
2565858495064
1741224774232
2840736402008
2931736020324
1809944250968
2909455878744
1483526736472
1831101613412
2930613241188
2910262216104
2657126615720
2846055810472
1763438839192
2862950466968
1470574725524
2570086353300
1745452632468
2652563408472
2844964260244
1553002284632
1831351978388
2930863606164
1762633876888
2862145504664
1762632764008
2862144391784
1763455961704
2862967589480
1814188935764
2913700563540
1556490898004
2656002525780
2841743084116
1470306339412
2569817967188
1745184246356
1759143101848
2858654729624
1759496276584
2859007904360
2914489092440
2932005554840
2913499171160
1832224458404
1534730848856
2634242476632
1809608755800
2930613307044
2909120383576
1483191241304
2582702869080
1758069148248
1831084591768
1809878518420
2909390146196
1552180480660
1827058387604
2926570015380
2930596219544
1810767694168
1828198189720
2927709817496
1471716936296
2571228564072
1746594843240
2846106471016
1540436413032
2639948040808
1815314319976
2914825947752
1488896805480
2588408433256
1762632551012
2862144178788
1535888476772
2635400104548
1810766383716
2910278011492
1742298565220
1557346536036
1745202334312
2844713962088
1466011372136
2565522999912
1740889279080
2840400906856
1471447123352
2570958751128
1746325030296
2845836658072
1540166600088
2639678227864
1815044507032
2914556134808
1762633860520
1831084919380
2930596547156
1811036080792
2910547708568
2930881431912
1831150979432
2930662607208
1467153532568
2566665160344
1742031439512
2841543067288
1535873009304
2635384637080
1810750916248
2910262544024
2583845029528
2926636862036
1483460741524
2582972369300
2657144424040
1556223460968
2863219181204
1763724117416
1763773613480
2863285241256
1535066344036
2634577971812
1809944250980
2909455878756
1540435053156
2639946680932
1815312960100
2914824587876
1552180414056
2651692041832
1553337058920
1740973163860
2840484791636
1759428380072
2858940007848
1814978791784
2914490419560
2932005504616
1831369869992
2930881497768
1470642161048
2910480582996
2863235942740
1467371571540
2566883199316
1742249478484
1832443791700
1552197175636
2651708803412
2657077512532
2931955419476
1470591552104
1745469459048
2844981086824
1814188935784
2913700563560
1487771421288
2927643413160
1827879094952
2927390722728
1540384720488
2639896348264
2656859489896
1745453926036
1745201235604
2844712863380
2634528949864
1466346867304
2565858495080
1741224774248
2840736402024
1809944250984
2909455878760
1483526736488
2587014613652
1762380892820
2861892520596
1539042593428
2638554221204
1813920500372
2913432128148
1467085114004
2566596741780
1741963020948
1742231471764
2841743099540
1470307601000
2569819228776
1488845162852
1763723069796
2588356790628
1470576084324
2570087712100
2863234697572
2913685095780
1556475430244
2655987058020
2931737396628
1832225768852
1487772666200
1762650573144
2638823901528
1552197175640
2651708803416
1827075082584
2926586710360
1815263922520
2587284293976
1488561014360
2634259252888
1809625532056
2909137159832
1483208017560
2582719645336
1758085924504
2857597552280
1551927494296
2651439122072
1467086097048
2566597724824
1741964003992
2910262479528
2844712928612
1470323393892
2569835021668
1827879422564
1557280688484
1832158595428
2927391050340
2845770877284
1483528046168
2583039673944
2909455927972
1762364115620
1471715625636
2571227253412
1746593532580
2846105160356
1470323116708
2569834744484
2844712651428
1483477698980
2582989326756
1466011372200
2565522999976
1740889279144
2840400906920
1746326423896
2845838051672
1763439102616
1467169981844
2566681609620
2841559516564
1762448983444
2861960611220
1467101889940
2566613517716
1741979796884
2841491424660
1758069343844
2857580971620
1551910913636
2926300448356
1466011567716
2565523195492
1740889474660
2840401102436
1759479417496
2858991045272
1759226727064
2858738354840
1759428118120
1470574725528
2570086353304
1745452632472
2844964260248
1539294202264
2638805830040
2913683736984
1487754594712
2587266222488
1809625795172
2909137422948
1488846161512
1758338910872
1466096240024
2565607867800
1740974146968
2840485774744
1534815716760
2634327344536
1809693623704
1483276109208
2582787736984
2651489715556
1763724314984
2863235942760
1488627336872
1762432207208
2861943834984
1488846161576
1759479745108
2858991372884
1758354360916
2857865988692
1758070409812
1483527785060
2583039412836
1758405692004
2857917319780
2909456927332
1552247261796
2651758889572
1827125168740
2926636796516
1832509589912
2932021217688
2858924280212
2841744411028
1467354876308
2652765850004
1828132129172
1488577971816
2588089599592
2931937659288
2914775550360
1827880405400
1484618286696
2584129914472
1539294512472
2638806140248
1557363246744
2656874874520
1556558284440
2656069912216
1746527406676
2846039034452
1746274716244
2845786344020
1746593466728
2846105094504
1553320199832
2652831827608
1763724380840
2634527688100
2863236008616
1828148824420
1488846408036
2588358035812
1763724314980
2863235942756
1746544445796
1557565884772
2657077512548
1832443791716
2931955419492
2635400381860
1762432273064
1740973427284
2840485055060
1741964282216
2841475909992
1758355360424
2857866988200
1809609999780
2863234713172
1535016076884
2634527704660
2657076282964
1832442562132
2931954189908
1484550211156
2584061838932
1759428118100
2858939745876
2656875202132
1556272989544
2655784617320
1466297829736
1763454895508
2862966523284
2565809457512
2840687364456
1535017306472
2634528934248
1552984475220
2652496102996
1762700921444
2862212549220
1827142207892
2926653835668
2857934358932
1540100605588
1470307387028
2569819014804
1745185293972
2844696921748
1487487256212
2586998883988
1762365163156
2861876790932
1759495210388
2859006838164
1763723265700
2863234893476
1557564835492
1832442742436
1488845358756
2588356986532
2657076463268
2931954370212
2914774501028
1832510917032
1539362358868
2638873986644
1814240265812
2913751893588
1484550211160
1466096240036
2565607867812
1832242202020
1552195946072
2651707573848
1557364295076
2656875922852
1815246113364
2914757741140
1832425982548
2931937610324
1470576084328
1826873575848
2926385203624
1557364573864
2656876201640
1556491880104
2656003507880
1556273055400
2655784683176
2634242475604
2582703916696
1758070195864
2857581823640
1551911765656
2651423393432
1826789672600
2926301300376
1470307387032
2569819014808
1745185293976
1470323393896
1471381342568
2570892970344
1746259249512
1740957631892
1552196142760
2651707770536
1814257289640
2913768917416
2565607867816
1740974146984
2840485774760
1467101889944
2566613517720
1741979796888
2841491424664
1810699273624
2910210901400
1484281759128
2583793386904
1551910913640
2651422541416
1826788820584
2926300448360
1811034835368
2910546463144
1557631765080
1556475120216
2655986747992
2635652810408
2863234714008
1484265178468
2583776806244
1759143085412
2858654713188
2635316413796
1810682692964
2910194320740
2652496282980
2914825620120
1488829433496
2588341061272
1488576743064
1813921565028
2913433192804
2588088370840
1762431157924
2861942785700
1831150634660
2930662262436
1466280002904
2565791630680
1484533696152
2584045323928
2926367361700
1813987871316
2913499499092
1556289833556
2655801461332
1831167740500
2930679368276
2840737450600
1535067392616
2634579020392
1809945299560
2909456927336
1467354876312
2566866504088
1742232783256
2841744411032
1536074353048
2635585980824
1810952259992
2910463887768
2584046373272
2844697135512
1534732174948
2634243802724
2910479353444
1484550211172
2584061838948
1763723085412
2863234713188
1552195946084
2651707573860
1827073853028
1828147594852
2926652589412
2857933112676
2841811192164
1809961092452
2909472720228
1811019041124
1484349064788
2634243524260
1809609803428
2909121431204
1483192288932
1814978512548
1557565901400
1483526800744
1557346536040
2656858163816
1762381875860
2861893503636
1553270736280
2652782364056
1466296600168
2565808227944
1741174507112
2840686134888
1535016076904
2634527704680
1809893983848
2909405611624
1553269623400
2652781251176
1762447935912
1759495473812
2859007101588
2634510928212
1759228086696
2858739714472
1758404889000
2857916516776
2862967309976
1470591764052
2570103391828
1762381957796
2861893585572
1556223527588
2655735155364
1831101434532
2930613062308
2569836004712
2634596059544
1809962338712
2909473966488
1483544824216
2583056451992
1758422731160
2857934358936
1552264300952
2651775928728
1827142207896
1466012419752
2565524047528
1740890326696
2840401954472
1534731896488
2634243524264
1809609803432
2909121431208
1484618615448
1471665489576
2571177117352
1746543396520
2846055024296
1540384966312
2639896594088
1815262873256
2914774501032
1488845358760
2857933048212
1557616297300
2657127925076
1539379464808
1487822751320
2587334379096
1762700658264
2862212286040
1556542228056
2656053855832
1831420135000
2930931762776
2926569752216
1746275748264
2845787376040
2571160357464
2846038264408
1815246113368
2914757741144
1488828598872
2588340226648
1535017108888
1535015996008
2634527623784
2841542806164
2861959891300
1742232701352
2841744329128
1488829631064
1488560162404
2588071790180
2639947728212
1815314007380
1488576940632
2588088568408
1467420609172
2566932236948
1742298516116
2841810143892
1484600478356
2584112106132
1759478385300
2858990013076
2652831582868
1484600477284
2584112105060
1484617255512
2584128883288
2845787703652
2844964505956
2863218199204
1467085309288
2566596937064
1811018303892
2910529931668
1466346867352
2565858495128
1741224774296
2840736402072
1809944251032
2909455878808
1470373381800
2569885009576
1745251288744
2844762916520
1539092858536
2638604486312
1536156845480
2635668473256
1813970765480
2913482393256
1470390487640
2569902115416
1745268394584
2844780022360
1539109964376
2638621592152
1487570356824
2587081984600
1740907121316
2840418749092
1488845096344
2588356724120
1763504899492
2863016527268
1557346469284
2656858097060
2931736004004
2587081738856
2588155726164
2863033633108
1557363575124
2656875202900
1758421484904
2857933112680
1552263054696
2651774682472
1827140961640
1467421657448
2634528753236
1809895032404
2909406660180
1552196994644
2651708622420
1827074901588
1557616233112
2657127860888
1556490848920
1553052878500
1484333401764
2583845029540
1759211308708
2858722936484
2652564506276
1535000528228
2634512156004
1553270999704
2652782627480
1551978891928
2588155464040
2570909551208
2639611464344
1539043640996
2638555268772
1539043658408
2932022348200
2638555286184
1536140151448
2635651779224
1556223789416
1763791243668
2863302871444
2655735417192
1552985704808
2652497332584
2857916271268
1763773352612
1467420609188
1742298516132
2841810143908
1811017992868
2910529620644
1552264104296
2651775732072
1832510916200
2932022543976
1831419397736
2930931025512
1763455699364
2588089420196
2862967327140
1488577792420
1557297269156
2656808896932
1832175176100
2931686803876
1488846423464
2588358051240
1487754905000
2587266532776
1487554315688
2587065943464
1466348160340
1467371571604
2566883199380
1742249478548
2841761106324
1763724315028
2863235942804
1809895213460
2909406841236
1745185491284
1759411603816
2639896676712
2639947728216
1540436100440
1471716623704
2571228251480
1484265966244
2583777594020
1759143873188
1556205619880
2655717247656
1466346867368
2565858495144
1741224774312
1758069164628
2582702885460
2857580792404
1483191257684
2634242493012
1809608772180
2909120399956
1552985770664
2652497398440
1466297829784
2565809457560
1741175736728
2840687364504
1535017306520
2634528934296
1809895213464
2909406841240
1483477698968
2582989326744
1809878189672
1813903657384
2862144129444
1762632501668
1556474071460
2655985699236
1831351978404
2930863606180
1556274039208
2652849408612
2840670669476
1483461003940
1535000611492
2634512239268
2909390146212
1552180480676
1471732681048
2571244308824
1488845359768
2588356987544
1487553251992
2583845030552
2926318357096
1540167730580
2639679358356
1539378398612
2638890026388
2846106469976
1745469458008
2844981085784
1471447123368
2570958751144
1746325030312
2845836658088
1540166600104
2639678227880
1815044507048
2914556134824
1488626992552
2588138620328
1814978446996
2634510927252
2635585702500
2914490074772
1557280409236
2656792037012
2931669943956
1540183705944
1815061612888
1741225821784
2840737449560
1471464229208
2570975856984
2588340996712
1758355424856
2857867052632
1483477517912
2582989145688
1535017125464
2634528753240
1809895032408
2909406660184
1552196994648
2651708622424
1467153532584
2570892692120
2566665160360
1742031439528
2841543067304
1535873009320
2635384637096
1810750916264
2910262544040
1488645098068
2588156725844
1487772404308
2587284032084
1488828385640
2588340013416
1487838464360
2587350092136
1467085327000
2566596954776
1466029131428
2565540759204
2862228261544
1484618615144
1483476666964
2582988294740
2584130242920
1484551259476
2584062887252
1759429166420
2858940794196
1467371390292
2566883018068
2656858424740
1557363575192
2656875202968
1556206930328
2655718558104
1763437856360
2862949484136
1552247245208
2651758872984
1759228085864
2858739713640
1758355605924
2857867233700
1467371571620
2566883199396
1742249478564
2841761106340
2587284294052
2862162200996
1488846408100
2588358035876
1814255994200
2913767621976
2914757543256
1470642161064
2570153788840
1488845179540
2588356807316
2863234714260
1814173484692
2913685112468
1815262694036
2639896414868
2569903098452
1556475446932
2571177904488
1828148823704
1487838530216
1826856715928
2926368343704
2587350157992
1487554579112
2587066206888
1467421706836
2566933334612
1467169016404
2566680644180
1467370342036
2566881969812
1742248248980
2841759876756
1536089818772
2635601446548
1484550211220
2584061838996
1759428118164
2858939745940
1471397923240
1746275830184
1535804590696
1745470785128
1466297829800
2565809457576
1741175736744
2840687364520
1535017306536
2634528934312
1814977660568
2914489288344
2582719645352
1467086097064
2566597724840
1741964004008
2841475631784
1535805573800
2635317201576
1832224392552
2931736020328
1831101613416
2930613241192
2582702885464
1758069164632
2857580792408
1551910734424
2651422362200
1826788641368
2926300269144
2570909813092
1828131849576
1827879159144
1827141928296
2926653556072
1742249560744
1466296600216
2565808227992
1741174507160
2840686134936
1535016076952
2634527704728
1809893983896
2909405611672
1540451879252
2639963507028
1483191437924
2639679555924
1540167928148
2582703065700
2858671293860
1759159666084
1553001235876
2652512863652
1827879142820
2927390770596
1557614987688
2858939926948
2657126615464
1741963037012
2841474664788
2635316234580
1810682513748
2910194141524
1827862382932
2927374010708
2863236007576
1553001433512
2652513061288
1470574725544
2570086353320
1745452632488
2844964260264
2638805830056
1815262872936
2914774500712
2913683737000
1813970765160
2913482392936
1471396857236
2570908485012
2931736086184
1470642883172
2570154510948
1809608967764
1809625531752
2909137159528
1827141994152
1467153221012
2566664848788
1758338910888
2857850538664
1552180480680
2651692108456
2926570015400
2639964506536
2638872988072
1759412652452
2858924280228
1540099574116
2927643756964
1553254222244
2652765850020
1828132129188
2583039396180
1758405675348
2857917303124
1535067375956
2634579003732
1552247245140
2651758872916
1827125152084
2926636779860
1471381063320
1831084919384
2930596547160
2570892691096
2845770598040
1540100540056
2639612167832
2914490074776
1811019302568
2910530930344
2909405546152
2587081999780
1827125234264
2926636862040
1534814685524
2634326313300
1551994554708
2651506182484
2926384089428
1832425768600
1763707553432
2863219181208
2840484791640
2841760925016
1467371390296
2566883018072
1484551259480
2584062887256
1759429166424
2858940794200
2651489667748
1815062677092
2930680153492
2926637106580
1467370342052
2566881969828
1742248248996
2841759876772
1536089818788
2635601446564
1810967725732
1758354376356
1471665310360
2571176938136
1746543217304
1470576101016
1540435036836
2639946664612
2570087728792
1745454007960
2844965635736
1539295577752
2638807205528
1814173484696
2913685112472
2583056452004
1758422731172
2857934358948
2651775928740
2926653835684
1552264300964
1827142207908
1742231471768
1535805852324
2635317480100
1762700658024
2862212285800
1466296600232
2565808228008
1741174507176
2840686134952
2587334379108
1762700658276
2862212286052
1556542228068
2656053855844
1831420135012
2930931762788
1832225768856
2931737396632
1831353075096
2930864702872
1540369319316
2639880947092
1746526636644
2846038264420
1488828598884
1763706505828
2588340226660
2863218133604
1815247226260
2914758854036
1540368206436
2639879834212
1831351962216
2930863589992
1827862300056
2927373927832
2927643740776
1827879422568
1466011370836
1484600478120
2584112105896
2582989326760
1759209948840
2858721576616
1758087169704
2857598797480
1467101889960
2566613517736
2927374206612
1813972141464
2913483769240
1813971028584
2913482656360
1552984475992
1759142906200
2858654533976
1484264999256
2583776627032
1827862382936
2652496103768
2927374010712
1487822996884
1467170048424
2566681676200
2657076218260
1557564590484
1487839790484
1762717697428
2656070894996
1831437174164
2930948801940
1553052633492
1552263301524
2651774929300
1759227054680
2858738682456
1815314072916
2914825700692
1832492811688
2932004439464
1810700518740
2910212146516
1471648467300
2931752846696
1745268394596
1487570356836
2587081984612
1762448263780
2861959891556
2569901853028
1539109964388
1487487273636
2586998901412
1828147578280
2927659206056
1827863627176
2927375254952
1467354876328
2566866504104
1742232783272
2841744411048
1536074353064
2635585980840
1810952260008
2910463887784
1484534745512
2634579003736
1809945282904
2909456910680
1483527768408
2583039396184
1758405675352
2857917303128
1552247245144
2651758872920
1827125152088
1746274716248
2845786344024
1741175473764
1551994554712
2651506182488
2926384089432
1466095208792
2565606836568
2840484743512
1534814685528
2634326313304
1832493139300
1831083804004
2930595431780
1470658611876
1763454895512
2862966523288
1762700921448
2862212549224
2859006838168
2858722887064
1758338565528
2857850193304
1759160650344
2858672278120
1758355688040
2857867315816
2840754489768
1814173402472
2638604765588
1813971044756
1556273006996
2655784634772
1831150913940
2930662541716
1831353338520
2930595497636
1813921548692
2913433176468
2930613045652
1831100648088
2930612275864
1759144199528
1810951931236
2910463559012
1827862563480
2927374191256
1470642882152
2570154509928
2845032416872
1539362358888
2638873986664
2913751893608
1488829711768
2588341339544
1471648729704
1553321330024
1535822366296
2635333994072
1741224839784
1815314008728
2914825636504
2857597830484
1540436100452
1557615969636
2657127597412
1832493876580
1813921760932
2913433388708
2932005504356
2909473703588
2926301235796
1828147775848
2927659403624
1467085325976
2566596953752
1741963232920
2841474860696
1535804802712
2635316430488
1810682709656
2910194337432
1484265195160
1826855668072
2926367295848
1556491175336
1557614986856
2657126614632
1556492207720
2656003835496
1763706308008
2863217935784
1762716386728
1553001432680
2652513060456
2862228014504
1759496537512
2859008165288
2931938379368
2926384399976
1832493075112
2932004702888
1470659921304
2570171549080
1745537828248
2845049456024
1470659922324
2570171550100
1814257304984
2913768932760
1810683480424
2927659469480
1827947252392
2926367361704
1746544199080
1487570356840
2587081984616
1763521676644
2863033304420
1742299629204
2841811256980
2913767605928
2858738402984
1831168542100
2931668978276
1536073042260
1828130818388
1484533434708
2584045062484
1759411341652
2858922969428
1553252911444
2652764539220
2927642446164
2588423899556
2588139948452
1540183705956
1810683546280
2587267254692
2582989145700
1758355424868
1484349064792
1487502936484
2587014564260
2857867052644
2651708622436
1827074901604
2927459207780
2656002524840
2655718573736
2656875218600
2582988015272
1483459889572
1746544526692
2846056154468
2844764046692
1762381875864
2861893503640
1759495473816
2859007101592
1758086138520
2857597766296
1467438761300
2566950389076
1742316668244
2841828296020
1553252911448
2652764539224
1828130818392
2927642446168
2566865193304
1742231472472
1484600526440
1470373661080
1745251568024
2913482672536
1487553530264
1539043641752
2638555269528
1813921548696
2913433176472
1487504034200
2587015661976
1746543135384
2846054763160
1763706505576
2863218133352
2857916270248
2861959891304
1741242926424
1536158238040
2635669865816
1811036144984
2910547772760
2862229390680
1763791504728
1467438761304
2566950389080
2566596756836
1832158333336
2931669961112
1831369001368
2930880629144
2844697119076
1539027061092
1813904968036
1556206930276
2930596464996
1488560162408
2588071790184
2863302855064
1471716623720
2571228251496
1746594530664
2846106158440
1540436100456
1815314007400
1488896492904
2588408120680
1483477698152
2582989325928
1556222658200
2655734285976
2634242493028
1809608772196
2909120399972
1483191257700
2582702885476
1758069164644
2857580792420
1551910734436
2651422362212
1466011388516
1553252894360
2652764522136
2844964505960
2845787703656
1763706571432
2863218199208
1762716650152
2862228277928
1742316390760
2841828018536
1815061350808
2914572978584
1813904705944
2913416333720
1831168739668
2930680367444
1811018303896
2910529931672
2927710603604
1536090785432
2635602413208
1556205684072
2655717311848
1763523052948
2863034680724
1553252911460
2652764539236
1828130818404
2927642446180
1467353565540
2566865193316
1742231472484
2841743100260
1536073042276
2635584670052
1551995913576
2651507541352
1759143953812
2858655581588
2857866249620
1466281118100
2565792745876
1809878501780
2909390129556
1552180464020
2651692091796
2926569998740
2931955239336
1827930720916
1809692658004
1483208296852
2582719924628
1551927773588
2651439401364
1826805680532
2926317308308
1488560932516
1763438839460
1814257370468
1556559332708
2656070960484
1831437239652
2930948867428
2910547772772
1536158238052
1811036144996
1471464229224
2570975857000
1536157173096
2635668800872
1488578038356
2588089666132
1763455945300
2862967573076
2569817982548
1745184261716
2844695889492
1539025831508
2638537459284
1813903738452
1552264300200
2840401954196
1815062677928
2914574305704
1814189984168
2913701611944
2913767933540
1759429166436
2910480401764
1553270736228
2652782364004
1828148643172
2927660270948
1466365019496
1483476403544
2582988031320
2565876647272
2840754554216
2909474030952
1556491176536
2656002804312
1763791243672
2863302871448
2583794453080
2914774321828
1832442563236
1540384787108
1814173484708
1831353353892
1746543217316
2846054845092
2639896414884
1487755970212
2587267597988
1762633877156
2862145504932
2914505804440
1831352224340
1814172355156
2913683982932
1556474317396
2655985945172
2930863852116
1488644900504
2588156528280
1487821702808
2587333330584
2846054844840
2584113481368
1826857043304
2635400104600
1470307584360
2569819212136
1745185491304
1539027061096
2638538688872
1813904968040
2584129997464
1742030063012
2841541690788
2841558469016
1759428102484
1759144151380
2858655779156
1815263660708
2914775288484
2909120399976
1483191257704
1758069164648
2857580792424
1551910734440
1826788641384
2926300269160
1487554643304
1557632026008
2657143653784
1556475381144
2655987008920
1467085130084
2566596757860
1535804606820
1810682513764
2583776627044
1556205947496
1763506014632
1553337780840
2652849408616
1742047168852
1552246262376
2651757890152
1759429101992
2858940729768
2858721905064
1758337583528
2857849211304
1488828581544
2588340209320
2582972615064
1758338894232
2857850522008
1552180464024
2651692091800
1827058370968
2926569998744
1557279443608
1540166617704
2639678245480
1557280671060
2656792298836
1556559070548
2656070698324
1536074074728
2635585702504
2652579923284
1809625811352
2909137439128
1483208296856
2582719924632
2857917303140
2909456910692
1552247245156
2651758872932
1827125152100
2926636779876
2841559796136
1471381063336
2570892691112
2845770598056
1540100540072
2639612167848
2914490074792
1488560932520
1471398169176
2570909796952
1746276076120
2845787703896
2844695889496
1487486223960
1762364130904
1813903738456
2913415366232
1487772404312
2587284032088
1488912270948
2587065207384
1534814685540
2634326313316
2909204220260
1826872461668
2926384089444
1557565621672
2657077249448
1557346796968
2656858424744
1467371390312
1745521035620
1553068361364
1471380096340
1745268345188
2844779972964
2570891724116
2639611200852
1814977480020
2914489107796
1557279442260
1551977776552
2651489404328
2569886320228
2571176938152
1746543217320
1467421706840
2566933334616
1470576101032
2570087728808
1745454007976
2844965635752
1539295577768
2638807205544
1814173484712
1540452075156
2639963702932
1540184688040
1487754840664
2587266468440
1831352224344
1762632747608
2862144375384
1556474317400
2655985945176
2635317216680
1483477453204
2931938723236
2588341339556
1763707618724
2863219246500
1557549188516
2657060816292
1832427095460
1745520772436
2913751876948
1831420118356
2930931746132
2846038247764
1488828582228
2588340210004
1815246096724
2914757724500
2588424881560
1745268082004
2844779709780
1762447951188
2861959578964
1536157960788
2635669588564
1811035867732
1540435101028
2913499186516
1557548927640
2657060555416
2910279059816
2638554171736
1484265195172
2583776822948
1759143102116
2858654729892
2634327688788
1758154360404
1483276453460
2582788081236
2909205595732
2566596757864
2841474664808
1535804606824
2635316234600
1810682513768
1484264999272
2583776627048
1814172174756
2913683802532
2910529930840
1539042609816
2638554237592
2587351418276
2930948801956
1831437174180
1762649524632
2909205268904
1763455617428
2862967245204
1551928478056
2858924198292
2651440105832
1759159880084
2858671507860
2588139932072
2583794698664
2655785421224
1832443610728
1471665505620
2571177133396
1487823062440
2587334690216
1758405675368
2857917303144
1552247245160
2651758872936
1827125152104
2926636779880
2587081999784
1467153548628
2566665176404
1466028164436
1557565885096
2657077512872
1556273777320
1758152984936
2857664612712
1551994554728
2651506182504
2926384089448
1536089737576
2635601365352
2582720645716
1814189983336
2913701611112
1814239479400
2913751107176
2931668976984
1540099573080
1810767365716
2910278993492
1540184426068
1815062333012
2914573960788
2927458862676
1553069327956
2652580955732
1827947234900
1539294267796
1814172174740
2913683802516
1467353565588
1742231472532
2841743100308
1536073042324
1540435036840
2639946664616
1536089803432
1535805852328
2635317480104
1762365426084
1487553530276
1762431437220
2587065158052
2861943064996
2638604765604
1813971044772
2913482672548
1556273007012
2655784634788
1487504034212
2587015661988
2930613045668
2861893568932
1762381941156
1556223510948
1831101417892
1535889458776
2635401086552
1810767365720
2910278993496
2588408366756
1488913597844
2588425225620
1763791504788
2863303132564
2930948867476
1467438761364
2566950389140
1742316668308
2841828296084
2570170303844
1466279823768
2565791451544
1741157730712
2840669358488
1471649842600
2931753110120
1746527749544
2846039377320
1467420591460
2566932219236
2914757724776
1540369319336
1487822734680
2587334362456
1762700641624
2862212269400
1556542211416
2656053839192
1831420118360
2930931746136
2584046045848
2910211902056
1763706489176
1539027142036
2638538769812
1557548058968
1832425965912
1745537615448
2635401169508
1467438484056
2566950111832
1487570044248
2587081672024
1762447951192
2861959578968
2913499186520
1813987558744
1556289520984
2655801148760
1483544888728
2583056516504
2566596953768
2841474860712
1535804802728
2635316430504
1810682709672
2927374255448
2634327688792
1809693967960
2909205595736
1484600805736
2584112433512
1557564590488
2657076218264
1763506013800
2863017641576
1553052633496
2652564261272
2858739729748
1827947578708
2927459206484
1484350195028
2583861822804
1759228101972
1467170325844
2566681953620
1742048232788
2858940728936
1759210276456
2858721904232
2571228564116
1746594843284
2846106471060
1488896805524
2588408433300
1763774712468
2863286340244
1540436413076
2639948040852
1815314320020
1832174061208
1471648467304
2571160095080
1828131014296
1762364312168
1832510655080
1759227824744
1826872772248
2926384400024
2586998901416
2863033649812
2914573257364
1540183722644
1557363591828
1540436347288
2639947975064
2863286274404
1557364640360
1536091113880
2635602741656
2565607868004
2840485774948
1534815716964
2634327344740
1809693623908
2909205251684
1483276109412
2582787737188
1534799006104
2634310633880
2657059506596
1467353565604
2566865193380
1742231472548
2841743100324
1536073042340
2635584670116
1810950949284
2910462577060
1484533434788
1832427079252
2931938707028
2932004767080
1831083804008
2930595431784
1828214703700
1535066604884
2634578232660
1809944511828
2909456139604
1552246474068
2651758101844
1827124381012
2926636008788
2840687166804
1535017108820
2634528736596
1552196978004
2651708605780
1827074884948
2926586512724
2926635746664
2582771223140
1539110701396
2638622329172
2634327344744
1809693623912
2909205251688
1557279361448
2656790989224
1556474399144
2655986026920
1484618630564
2584130258340
1759496537508
2859008165284
1556559332772
2651775993252
1831437239716
1467438761380
2566950389156
1742316668324
1535822367060
1484282759508
2583794387284
1535067654484
2634579282260
2910211901780
1553069590952
1762649328276
1539311028884
2638822656660
1814188935828
2913700563604
1556490898068
2656002525844
1831368805012
1815331030376
2914842658152
1831083869864
2930595497640
2909472704084
1470658939492
1810951931240
2910463559016
1470373661096
1467421967764
1467169277332
2566680905108
2638538705556
1813904984724
2913416612500
2565524260244
1556206946964
1831084853908
2583776626328
1466365019560
1759479761252
2565876647336
1741242926504
2840754554280
1809962403240
2909474031016
1483544888744
1556289767780
1815331096232
2914842724008
1758086202712
1813921760936
2913433388712
1810951997096
2910463624872
1809962075816
2909473703592
1827946252888
2927457880664
1484264981924
2583776609700
1484281760152
2583793387928
2634242476372
2569901851988
2909120383316
1551910717780
2651422345556
1826788624724
2926300252500
1534730848596
2862161954456
1762431501976
2861943129752
2846123246996
1488846145876
2588357773652
1488627321172
1484350195032
2583861822808
1759228101976
1467102872996
2566614500772
1471716936344
2571228564120
1746594843288
1540436413080
2639948040856
1815314320024
2914825947800
1488896805528
1484550408532
2584062036308
1763455616596
2862967244372
2862162282068
1763521676648
2863033304424
1742299629208
2841811256984
2926569998756
2582972615076
1758338894244
2857850522020
2651692091812
1471464245912
2570975873688
1759412569684
2845853780632
1540183722648
1759478629736
2858990257512
2569902836324
1831168542104
2930680169880
1832157350504
2931668978280
1831420119656
2930931747432
1831167429224
2926317308324
1466028427684
1758086203812
2857597831588
1826805680548
1827930457496
2927442085272
1488912271784
2588423899560
1488628320680
2588139948456
1827125495192
2926637122968
1827947580008
2927459207784
1827124382312
2583794715048
2931687049828
1814995552868
1488578038372
1763455945316
1470306354788
2914507180644
2588089666148
1540117645924
2639629273700
2862967573092
2569817982564
1745184261732
1741225035096
2840736662872
1483526997336
1758404904280
2583038625112
2857916532056
1535066604888
2634578232664
1809944511832
1483477501272
2582989129048
1758355408216
2857867035992
1809895015768
2909406643544
2651708605784
2926586512728
1759478695592
2858990323368
2914506869352
1745536583060
1813903723112
2913415350888
1471465278100
2570976905876
2927391770968
1484282759512
2583794387288
1759160666456
2858672294232
1553002236248
1827880143192
1810952194664
2910463822440
1470591552152
2570103179928
1745469459096
2844981086872
1539311028888
2638822656664
1814188935832
2913700563608
1483543578980
2583055206756
2656052857236
1763504982616
2863016610392
1762382203480
2861893831256
1539027077784
2638538705560
1813904984728
2913416612504
1487487470232
2586999098008
2841828214440
2863234697620
1540384770452
1539295561108
1551912044948
1470574971492
1745452878436
1487754840676
2587266468452
1762632747620
2651423672724
1832442807956
1539294448228
1832175420840
2931687048616
1831352223144
2571228252516
1810682709332
2910194337108
1828199171732
1828215735720
1827073787540
2927727363496
2926637122920
1487503263124
1762381170068
2587014890900
1814978726292
2914490354068
1557280688532
1832158595476
2857665660264
1826806400424
1540116351380
2639627979156
2651422541460
2926300448404
1809608951444
2909120579220
1742299826776
2841811454552
2926300252504
1466011371864
2651422345560
1826788624728
2931670288728
1831435912548
2930947540324
2926568883624
2927392081320
1809692853908
2909204481684
2639628176040
2858991125928
1759227758184
1763523052952
2863034680728
1762699855256
2862211483032
1763521940072
2863033567848
1762633615976
2862145243752
1759143953816
2858655581592
1759142840936
2914775352676
1741225822868
2840737450644
1483527785108
2583039412884
2857917319828
1535067392660
2634579020436
1831168805528
1535000594856
2634512222632
1809878501800
2909390129576
1483460987304
2582972615080
1758338894248
2857850522024
1552180464040
2651692091816
1827930720920
2927442348696
1742232782184
1758086203816
2857597831592
1826805680552
2926317308328
1762364130644
2861875758420
1741175736916
2840687364692
1535017306708
2634528934484
1809895213652
1471666539092
2571178166868
1471398169192
2570909796968
1746276076136
1470306354792
2569817982568
1745184261736
1539025831528
2638537459304
1813903738472
2913415366248
1827058107816
1832425703784
2931937331560
1488577971624
1557279360616
1540099573092
2639611200868
2656790988392
1556474398312
2655986026088
1741175736920
2840687364696
1809895213656
2909406841432
1483477699160
2582989326936
1553069590120
2652581217896
2840670602580
2914556397928
1832425769640
2931937397416
2857916319336
1831435848360
2930947476136
1471665293720
2571176921496
1746543200664
1470576084376
2570087712152
1745453991320
2927458862740
1467169982100
1742047889044
2841559516820
1535889458836
1810767365780
2910278993556
1826806663848
2926318291624
1539312289384
2638823917160
2582989129320
1745520838056
2845032465832
1745268147624
2583861823080
2844779775400
1470323393944
1745201300888
2844712928664
1741964002964
2841475630740
2861892715876
1539042870680
1814240249188
1741159040660
2840670668436
2913751876964
1556542211428
1557548058980
2858939730264
2657059686756
1832425965924
2931937593700
1815044836008
2914556463784
1466096240280
1742316391012
2841828018788
1536157960804
1484618353252
1759496260196
1811035867748
2635669588580
2910547495524
1488561015204
1809675815592
2909187443368
2652848408232
1483528047012
2583039674788
2634327688804
2909205595748
1483276453476
2863285029528
1762364066456
2861875694232
1535804786068
2927374189972
2841760843108
1827074819688
1826855994984
1759144217240
2858655845016
1827947513448
1466297829988
2565809457764
1741175736932
2840687364708
1535017306724
2634528934500
1809895213668
2909406841444
1758405692056
2857917319832
1552247261848
2651758889624
1827125168792
1763774663016
2863286290792
2927709488808
1762649278824
2862160906600
1758404708948
2857916336724
1759429429608
1535083185556
1483543578004
2583055205780
2566933285268
1742299564436
2841811192212
1758421484948
1484601526676
2584113154452
2858991061396
1536141134228
1831437158808
2930948786584
1832427080088
2931938707864
1832174389656
2931686017432
1488628319848
1487755626088
2587267253864
1556474119848
1741175736936
2840687364712
1828214704536
1763791226452
2863302854228
1540452927060
2639964554836
1815330834004
2914842461780
1557632796244
2657144424020
2932022330964
2931753912728
1484283086440
2583794714216
1484332304040
1483459888744
2582971516520
1557280736920
2656792364696
1556290815640
1746611620436
2565540776548
1740907055716
2840418683492
1534748625508
1809626532452
1483209017956
2582720645732
1745202285140
1535804589400
2635316217176
1553321051800
2652832679576
1763774728872
1553068361368
2652579989144
1745268345192
2844779972968
2863286356648
2862160972456
2639612512664
2566881954200
1466096240292
2565607868068
1534815717028
2634327344804
1483276109476
1471380096360
2570891724136
1746258003304
1814995502500
2914507130276
1540099573096
1827863349588
2927374977364
1557632747092
2657144374868
1557565949288
2657077577064
1466096240296
2565607868072
2840485775016
1534815717032
2634327344808
2909205251752
1483276109480
2582787737256
1552196928872
2651708556648
2570154493288
1745520772456
2845032400232
2638873970024
1814240249192
2913751876968
1487822734696
2587334362472
1471648713064
2571160340840
1746526620008
2846038247784
1826873494164
2926385121940
1540368189800
2639879817576
1815246096744
2914757724520
1827929475496
2927441103272
1556542228136
1467438484072
2566950111848
1745251616148
2639678294612
1832224442964
2931736070740
1470390175080
1539043591764
2638555219540
1487754593700
1813921498708
1556223460948
2655735088724
1831101367892
2930612995668
1483276453480
2582788081256
1758154360424
2857665988200
1551995930216
2932005488996
1488913581400
2588425209176
1467085309336
2566596937112
2858654517848
1741963216280
1535804786072
1487504246104
2587015873880
1810682693016
1810767366568
1809962404264
2656054102616
1556559333976
2656070961752
2841559860580
2927459206500
1484350195044
2583861822820
2858739729764
1535889802596
2635401430372
1810767709540
2862967245208
2862145504676
2932005816996
1471716936356
2571228564132
1746594843300
2846106471076
1488896805540
1815314320036
1540436413092
2639948040868
1763774712484
1553068558936
2652580186712
1759159880088
2858671507864
2914489092452
1471665505624
2931752864420
2656875219620
2863033649828
2931753126564
1557363591844
1488644115108
2639695350436
2914573257380
1810767694180
2910279321956
2655717591464
1484266227352
2583777855128
1758421484952
2857933112728
1552263054744
2651774682520
1827140961688
2926652589464
1467421657496
2566933285272
1742299564440
2841811192216
1536141134232
2635652762008
1811019041176
2657126877848
2588155415192
1488913319512
2588424947288
2639964554840
1815330834008
2914842461784
1763791226456
2657144424024
1832510703192
2932022330968
2914757479076
1815331047012
1758086924628
1466347128164
2565858755940
1741225035108
1535066604900
2634578232676
1809944511844
2909456139620
1483526997348
2857867036004
2909406643556
1552196978020
2651708605796
1827074884964
2926586512740
1483526719060
2583038346836
1484551439720
2584063067496
1488645147224
1535822367076
2635333994852
1467102890340
2566614518116
1827880143204
2910211901796
1746325096788
2845836724564
1553002236260
1556274104936
2638822656676
1814188935844
2913700563620
1487771421348
2587283049124
1831368805028
2656002525860
1762649328292
2861943851668
1553336714648
1763790391720
2863302019496
1762365426088
1552197192296
2587066255700
1762449050264
1758086990484
2857598618260
1758405740968
2857917368744
1758153050536
2857664678312
1488896738984
2588408366760
1487487470244
2586999098020
2861877004964
1762365377188
1831084853924
2930596481700
2588155676328
2566932219240
1484551505576
2584063133352
2639946992232
1539027142040
2638538769816
1539026029160
2638537656936
2841759877780
1551927706964
1471447190104
2570958817880
1746325097048
1540166666840
2639678294616
1815044573784
1813921498712
2913433126488
1487503984216
2861893518936
2587015611992
1762381891160
1556223460952
2655735088728
1831101367896
2930612995672
2588089420376
1467420657320
2566932285096
1740889278820
2909120383332
1551910717796
1826788624740
2926300252516
1557547812264
1536157189716
2635668817492
2910546724436
1484617582164
2584129209940
1759495489108
2859007116884
1553337058900
1828214965844
1556289570216
2655801197992
1832175109460
2931686737236
1763439102628
2862950730404
2845838051684
2862967260500
1814995240276
2914506868052
2862229129892
1553338041768
2652849669544
1741962955108
2841474582884
1813988919700
1467170325864
2566681953640
1742048232808
2841559860584
1535889802600
2635401430376
1810767709544
1484350195048
2569819014756
1471716936360
2571228564136
1746594843304
2846106471080
1540436413096
2639948040872
1815314320040
2914825947816
1488896805544
1471464245928
2570975873704
2845853780648
1540183722664
1488644115112
2588155742888
1832427079256
2566664833364
2655785404756
1470374431060
2569886058836
2635384310100
2858722609492
2931686016600
1832174388824
1488895444376
2588407072152
1484550210968
2584061838744
2583038625128
2857916532072
1552246474088
2651758101864
1827124381032
2926636008808
2639897658724
1539311290712
1487486207316
2586997835092
2656069912228
2858991323496
1553336978072
2652848605848
1487839775128
1534748689764
2634260317540
2926368344408
1746326079832
1742031112536
2841542740312
1466079463768
2565591091544
1740957370712
2840468998488
1534798940504
2634310568280
2909406841492
1483477699220
2582989326996
2584063068820
1553270917780
1467371571860
2566883199636
1742249478804
2841761106580
1470591552168
2570103179944
1745469459112
2844981086888
2638822656680
1471463901800
2570975529576
2913700563624
2570170567272
2566933285224
2566932482664
1470307601064
2569819228840
1745185508008
2844697135784
1539027077800
2638538705576
2913416612520
1487487470248
2846054828452
1488845162916
2588356790692
2587267581348
1762633860516
2862145488292
1763723069860
2863234697636
1540384770468
2639896398244
2651775650388
1553320003944
2652831631720
1466297830040
2565809457816
1741175736984
2840687364760
1535017306776
2634528934552
1809895213720
2909406841496
1483477699224
2582989327000
2656874940840
2583860431272
1556222739876
2845770877348
2587014890916
1762381170084
2861892797860
1488561211812
2639612447140
1814978726308
1827058305384
1815262611816
1484264981928
2583776609704
2639629207912
1466011567780
2565523195556
1740889474724
1534731044516
2634242672292
2926300448420
1556289833640
1536157895016
2635669522792
1483191241064
2582702868840
1758069148008
2857580775784
1551910717800
2651422345576
1826788624744
2926300252520
2584129209944
2859007116888
1759495489112
1553337058904
2652848686680
1828214965848
2927726593624
1488846489960
2588089353560
2931686737240
1763455632728
2862967260504
2910278993512
1467370260116
2566881887892
1832426817960
1484550408536
1483275388260
2582787016036
1540117645992
2639629273768
1487554300260
2587065928036
1762432207204
2861943834980
1745252338020
2841542740324
2583844702564
1759210981732
2858722609508
2862967244376
1763455616600
1536157960872
2635669588648
1552985458068
2652497085844
1466347915940
2565859543716
1483527785124
2583039412900
1758405692068
2857917319844
1759159879256
2858671507032
1488846211736
1488895707800
1470323049828
1488576743076
2569834677604
2588407335576
1467103200612
2566614828388
2566597740888
1466079463784
2565591091560
1740957370728
2840468998504
1534798940520
2634310568296
1809676847464
2909188475240
1483259332968
2582770960744
1557565885092
2657077512868
2931955419812
2565809457828
1741175736996
2840687364772
1815263922852
1488846408356
2846106470820
2844981086628
1745185507748
1815061611864
1534748953188
2634260580964
1467370277464
2566881905240
1742248184408
2844695872856
1741158975064
2840670602840
2582972565080
1758338844248
2857850472024
2586997835096
2569834743460
2927642430120
1467371587236
1487755954536
1467086178968
2566597806744
2565791696548
2587267582312
2587014891880
1466079479460
2565591107236
1466297830056
2565809457832
1741175737000
2840687364776
1809676076372
2582770189652
2857648096596
1487553529172
2587065156948
1762431436116
1828132062548
2927643690324
1484534678868
2584046306644
1759412585812
2858924213588
1536074286420
2910463821140
1556541229464
2656052857240
1557632747928
2657144375704
1758405740136
2857917367912
1832442807960
1539362358932
2913685112152
2931954435736
1831150700184
2930662327960
1832242218648
2931753846424
1471665293736
2571176921512
1557548075668
2657059703444
1832425982612
2931937610388
2914757741204
1470576084392
2570087712168
1745453991336
2844965619112
2571228252520
2927710799512
1826855684712
2587065156952
1762431436120
2861943063896
1759210210648
1466078692696
2565590320472
1740956599640
2840468227416
2634309797208
1466096585300
1484265245352
2583776873128
1540116351384
2639627979160
1539379120536
2638890748312
1470323393960
2569835021736
1745201300904
2844712928680
1813920777640
1471381342632
2570892970408
1746259249576
1741157664360
2840669292136
2914490140312
2913500219032
2651422541480
1826788820648
2926300448424
1831101418152
1831435912552
2930947540328
1488578053524
2588089681300
1831150914216
2926585742932
1484618368404
2584129996180
1484265178532
2583776806308
1759143085476
2858654713252
1557347518888
2656859146664
2926385448276
1826873820500
1483276436820
2582788064596
1534816044372
1466096567636
2565608195412
1551995913556
2635400300884
1556542556584
2931752797848
1553002285480
2652513913256
2652563409320
2914758788692
1813988918868
2913500546644
1815263724904
2914824848744
2930663655080
1466029196628
2651440170324
2926318077268
1809626580308
2909138208084
2857598600532
1758086972756
2582720693588
1539109964436
1813987871380
2913499499156
1556289833620
2655801461396
1831167740564
2930679368340
1741225822888
2840737450664
2926300186280
1535067392680
1827142206868
2655734090084
1741241615780
2840753243556
1467421657508
2566933285284
1742299564452
2841811192228
1484601526692
2584113154468
2858991061412
1536141134244
2635652762020
2914824914600
2651490453860
2931686786392
2565540824408
1740907103576
2840418731352
1483209065816
2582720693592
2565590320484
1832509589092
2857647884904
1488913319524
2588424947300
1763791226468
2863302854244
2909455877460
1484349917592
2583861545368
2565540759892
1740907039060
1483209001300
2840418666836
2639611398500
1534748608852
1809626515796
1745202021720
2844713649496
1763773335192
1832158660248
1759428298392
1466078692712
2565590320488
1740956599656
2914490337880
1814257109592
2913768737368
2910277962328
1488828336468
2909138404964
1470642882200
2570154509976
1745520789144
2845032416920
1539362358936
2638873986712
1814240265880
2913751893656
1487822751384
2587334379160
1471648729752
2571160357528
2846038264472
1540368206488
2639879834264
2914757741208
2588423898516
2841475630744
1762381088104
2861892715880
1758355342932
2857866970708
1758136518228
2857648146004
1759411324264
2858922952040
1557615969684
1540436100500
2639947728276
1815314007444
2914825635220
1832225507944
1831436175976
2930947803752
1827946513816
2927458141592
1487771683240
2587283311016
1827057076840
2926568704616
1763504966244
1471665554772
1470373446996
1813921498724
1487503984228
2587015612004
2930612995684
1762381891172
2861893518948
1471464965460
2583039674792
1740907103588
1534748673380
2634260301156
1551928542564
2651440170340
1557297251684
1470324163940
2569835791716
1741964330580
2841475958356
1815263988328
2914775616104
1466096567640
2565608195416
2840486102360
1534816044376
2634327672152
2909205579096
1483276436824
1813971880552
2913483508328
2909406595688
1466365004436
2565876632212
1487571421540
2587083049316
1483207952740
1470390487704
2569902115480
1745268394648
2844780022424
1539109964440
2638621592216
1813987871384
2913499499160
1487570356888
2587081984664
1762364394072
2861876021848
1814994502996
2914506130772
1758404708952
1832510965396
2932022593172
2857916336728
2931669239208
1831420380584
2930932008360
2930679317928
1763522005396
1488845359780
2588356987556
2863033633172
1828131866260
1745251617444
2926653572756
1828197926312
1552196994708
2651708622484
1827074901652
2926586529428
2909406660244
1827075147176
2926586774952
1484333402788
2583845030564
2571245078120
1746611620440
2846123248216
2846122985064
1540452927080
1746342151780
2639964554856
1815330834024
1745469458020
1535083120980
1552262990164
1483543513428
1745185506916
2635653089684
1742232521304
2841744149080
1815262889620
2914774517396
2909138143576
1483209001304
2582720629080
1758086908248
2857598536024
1814995502504
2914507130280
1557347518868
2656859146644
1832225425812
2931737053588
2582770960788
1467153205652
2566664833428
1742031112596
2841542740372
1809878238868
2909389866644
2927457813928
1811035817384
2910547445160
2584045259432
1762431437480
1556559071912
1557632747096
2657144374872
2863301757272
1552262990168
1466363644248
2565875272024
1535083120984
2634594748760
2638807188904
1763724068248
2863235696024
1763505243544
2863016871320
1762632549784
2862144177560
2656070895016
1763454634600
2586997835176
2588089353640
1759411587688
2858923215464
1759210998376
2858722626152
1466079463832
2565591091608
1740957370776
1534798940568
2634310568344
1809676847512
1483259333016
2582770960792
1539027061140
2638538688916
1813904968084
2913416595860
2930596465044
1556206930324
2655718558100
1827863415448
2927375043224
2914825635224
1487755887976
2651422362260
2582702885524
1758069164692
2857580792468
1763724395860
1483543512424
1471447190120
2845836724840
1540166666856
2914556201576
1488627059304
1470324115048
2569835742824
1745202021992
2844713649768
2913433126504
1487503984232
2587015612008
1832493861224
2932005489000
1811017975460
2910529603236
1553336731284
1811034753688
2910546381464
2931752798568
1828148627816
2927660255592
1828198123880
2566949340772
1742315619940
2841827247716
2635668817508
1832175109476
2931686737252
1540117333348
2639628961124
2656859145832
1556542555752
2863217854100
2862950466984
1762633876904
1553002284648
2652513912424
1552179169876
2651690797652
1827057076820
2926568704596
1556474137172
1831352044116
1466279823956
2565791451732
2858654729640
2931955222120
2914489092456
2932005554856
1471715821972
2571227449748
2858721887848
2858940712552
1832241236648
2931752864424
1831084591784
1535083120996
2634594748772
2909472655716
1539378088292
2638889716068
1814255995236
1488912222564
1810767694184
2910279321960
1828198189736
2927709817512
2845836920468
2570975857048
1746342136216
2845853763992
1535084496468
2634596124244
1809962403412
2909474031188
2638891091540
2913768998484
1557347518884
2656859146660
1832225425828
2931737053604
1466079463844
2565591091620
1740957370788
2840468998564
1534798940580
1470374431140
2862967572824
1758086924632
2930662606504
1483543513448
2583055141224
1811036080808
2910547708584
1553270736276
2652782364052
2841759812196
1483526719064
2583038346840
2583861544536
2652497331880
2651775993432
1827142272600
2926653900376
1466079463848
2565591091624
1746325096792
2840468998568
1534798940584
2634310568360
1763724331672
1762632813208
2862144440984
1762432223896
2861943851672
1832493942376
1758070212260
2857598618264
1809893901716
2909405529492
1467101840984
2566613468760
1746610570916
2846122198692
1470307584408
2857648096660
2651489666452
2926367573396
1466078692756
2565590320532
1740956599700
2639678506388
1815044785556
2910462576296
2840400923288
1534730865304
1809608772248
2909120400024
1758069164696
2857580792472
1832242547096
2931754174872
1831369853336
2930881481112
1831419349400
2930930977176
1488561014376
1536157894312
1827879078296
1488828402276
1552179169892
2651690797668
1827057076836
2926568704612
2565791451748
1487754660452
2588340030052
2863217936996
1763723019860
2863234647636
1540384720468
2639896348244
1815262627412
2914774255188
1466078692760
2565590320536
1740956599704
2840468227480
1534798169496
2634309797272
1809676076440
2909187704216
1483258561944
1556223510168
1484264999316
2583776627092
1759142906260
2858654534036
2634579002788
1745453730152
2844965357928
2862950730408
2862229129896
2566949340776
1742315619944
2841827247720
2635668817512
1811035096680
1815247161752
2914758789528
1759226727080
2858738354856
1813972141476
2913483769252
1832224639316
1488913598052
2588425225828
1763791504996
2863303132772
1535084496484
2634596124260
1809962403428
2909474031204
1466365019748
2565791451752
2840669358696
1534999300712
2656003786324
1557548139880
2657059767656
1556558218600
2656069846376
1762448016788
2861959644564
1483527768468
2583039396244
1758405675412
2857917303188
1741225806228
2858721559956
2840737434004
1535067376020
2634579003796
1758404969876
2857916597652
2914842478932
1758070409828
2857582037604
1832224705172
2931736332948
2583056516712
1832509589928
2932021217704
1466095208852
2565606836628
1740973115796
2857598600596
1826806449556
2926318077332
1466029196692
1740907103636
2840418731412
1534748673428
1540184507988
1539093923176
2638605550952
2863034354260
1540184427092
2639696054868
1745452631444
2844964259220
2846039034468
1746274716260
2845786344036
2635653088852
1467371390360
2566883018136
1742249297304
2841760925080
1536090867096
2635602494872
1810968774040
2910480401816
1484551259544
2584062887320
2569817965928
2844695872872
1740973427300
2840485055076
1815062596244
2914574224020
2927643674212
2927660452440
1466029196696
1466078692772
2565590320548
1740956599716
2840468227492
2566664062372
2841541969316
2635383539108
2910195124884
1553254155620
2652765783396
1828132062564
2927643690340
1810952193380
2910463821156
1557346486872
1556223707736
2655735335512
1763437808024
1553253943896
2652765571672
1745520789156
2845032416932
1762700658340
2862212286116
1539362358948
2638873986724
1814240265892
2913751893668
1553001253464
2652512881240
1763706505892
2588340226724
1557548075684
1832425982628
2657059703460
1745537894996
2845049522772
1487839857236
2587351485012
1762717764180
1758085875108
2862229391956
1539379464788
2638891092564
1466078692776
2565590320552
1740956599720
1534798169512
2634309797288
1483258561960
2582770189736
2913752156584
1487754922408
2588088289944
2652513929880
2862949763412
2634242475620
1762448214356
2861959842132
2639896348248
1815262627416
2914774255192
1467085130136
1741963037080
2588340995432
1488576677224
2588088305000
1556223511128
1483209328212
1556273007192
1551995913572
2651507541348
2565608195428
2840486102372
1540100819544
1557364557208
1557631765096
1746276026708
2845787654484
1556475120232
2655986748008
2863234714024
2582720693668
1551928542628
2651440170404
1826806449572
2926318077348
1466029196708
2565540824484
1740907103652
2913499499172
2861959891620
2930679368356
1470390487716
2569902115492
1745268394660
2844780022436
1487570356900
2587081984676
1488829433512
2588341061288
1488576743080
1535067376024
2634579003800
1467169998420
2566681626196
1483527768472
2583039396248
1758405675416
2584045323944
1488627010200
1539094186600
2638605814376
2845787720340
1758152984984
1551994554776
2651506182552
1826872461720
2844981086632
1466029196712
2565540824488
1740907103656
2840418731432
1552985785684
2652497413460
1742316407444
2841828035220
2914573961816
2588156447320
2931753831000
1763522726488
2863034354264
1471448499880
1487839839844
2566883215016
2583860692580
2651440105828
1826806384996
2926318012772
1809626515812
2909138143588
2846121888148
2841826920852
1466363644308
1741241551252
2840753179028
1553270736296
1484333155924
2583844783700
1759211062868
2858722690644
2652564260436
2910262298196
1470642882216
2570154509992
1745520789160
2845032416936
1539362358952
2638873986728
1814240265896
2913751893672
1471648729768
2571160357544
1746526636712
2846038264488
1540368206504
2639879834280
1815246113448
1470659988056
1745537895000
1539379464792
2638891092568
1814257371736
2913768999512
1487839857240
2587351485016
1539109651880
2638621279656
1746543135396
1483543513496
2583055141272
1488896492964
2863286027684
1763774399908
1540453206356
2571245357396
2846123264340
2863303133524
2931754174040
2930930976344
2931669961124
1488829631080
2927390705240
2588341258856
1488576940648
2588088568424
1741241861716
2840753489492
1483543823956
2841811438164
2583055451732
1758421730900
2857933358676
1484601772628
2584113400404
1759479679572
2858991307348
1811019287124
1484617255528
1539043575124
2638555202900
1813921482068
2913433109844
2655735072084
2930612979028
1831101351252
1556223444308
1557614906008
2656859490900
2655734106708
1553269672600
2652781300376
1552985721496
2652497349272
1535888689748
1553068558932
2840486102376
2914572978596
1809609819736
2909121447512
1487838545236
2587350173012
1484600460628
2584112088404
1470390487720
2569902115496
1745268394664
2844780022440
1539109964456
2638621592232
1813987871400
2913499499176
2587081984680
1557347846504
2656859474280
1556222462312
2655734090088
1763505965460
2863017593236
2584045062804
2652782561640
1552179415400
1741157730964
1552179169940
1488828402324
2588340030100
1827057076884
1534999300756
2565791451796
2840669358740
1815061612964
2914573240740
1471666357588
1832509589096
2582989145764
1552196994724
2651708622500
2926586529444
1758355424932
2857867052708
1488845096360
2588356724136
2582787754408
2927392032360
2582988016212
1758354295380
2857865923156
2571243981220
1746610260388
1466363644324
2565875272100
2840753179044
2634594748836
1827142273384
1746544445844
2846056073620
1745252338068
2844763965844
2635585653332
2635651713384
2926653900436
1828216014484
1535084496532
1809962403476
1483544888980
1466365019796
2565876647572
1758422795924
1466279824024
1740907104660
1740956600724
1809626777192
2909138404968
1741241551272
1810750670424
1759211062872
2910262298200
2583844783704
2858722690648
2635384391256
2841542821464
1535872763480
1466365019800
2565876647576
2840754554520
1535084496536
2909474031256
1483544888984
2583056516760
1536140151464
2635651779240
2857866970712
1758136518232
2857648146008
1487487453604
2586999081380
1762365360548
2861876988324
1746594530728
2846106158504
1815314007464
2914825635240
1815331113304
1540453206360
2914842741080
2863303133528
1488913598808
2588425226584
2565523016356
1740889295524
2840400923300
1745184179800
2844695807576
1741964330584
2634595059288
1809961338456
2909472966232
1483543823960
2583055451736
1758421730904
2857933358680
1467421903448
2566933531224
1742299810392
2588340210280
1813921482072
2913433109848
1762381874520
2861893502296
1471649515172
2571161142948
1470574774936
2570086402712
1488643770964
2588155398740
1487571421544
2587083049320
2566949324116
1742315603284
2841827231060
1536157173076
2635668800852
2910546707796
1484333336936
2583844964712
2571160160932
2846038067876
2914757544612
1534999300772
2634510928548
1556492159384
2656003787160
1832510965400
2932022593176
1831101630104
2930613257880
1471666621012
2571178248788
1828131866264
2927643494040
1827141944984
2926653572760
1487553252008
2587064879784
1483544888996
2583056516772
2857934423716
1466365019812
2565876647588
2840754554532
1763791505060
2863303132836
2570975857064
1746342136232
2845853764008
2639695333800
1540117645972
2639629273748
1814995552916
2914507180692
2861875758740
1746342151784
2845853779560
1553320200808
2844697134696
1552195865176
1827073772120
2926585399896
1483476388440
1758354295384
1534999299492
2634510927268
1815262889624
2909187687832
1810968774052
2910480401828
1484551259556
1759429166500
2858940794276
1466365019816
2565876647592
1535084496552
1483544889000
2566881888596
2841759795540
2635601365332
1810967644500
1484282742164
2583794369940
2582972548436
1758338827604
2857850455380
2930932090264
2656875202984
1556206930344
2655718558120
2909137372500
1740906267988
2840417895764
1758086137172
2857597764948
1483208230228
2582719858004
2926317241684
1814172355220
2913683982996
1762632747668
1551994554792
2651506182568
1814255994216
2913767621992
2569818244500
2927660451496
1826856715944
2926368343720
2565858559380
1745185491368
1467169016420
2844697119144
1539027061160
1813904968104
2913416595880
1487487453608
2651422362280
1826788641448
2926300269224
1814977660584
2914489288360
1832175110744
2931686738520
2588424881572
1488845112932
2927643691608
1552984476068
1467085130148
2566596757924
1741963037092
2841474664868
1535804606884
2635316234660
2858654534052
1484617516452
1484332108184
2583843735960
1540451879268
2638872939112
1763706226328
2863217854104
2927726576984
1742315603288
2841827231064
1536157173080
2584129193304
2859008083608
1815061349988
2914572977764
1467353810340
2566664848804
1540167994020
2565859527076
1741225806244
2840737434020
1483527768484
2583039396260
1758405675428
2857917303204
1763439166824
2862950794600
2861960873320
1534999562916
1471398169240
2570909797016
1746276076184
1832224441752
2931736069528
1809692592548
2909204220324
1483275078052
2582786705828
1758152984996
2857664612772
1470642866516
2570154494292
1831084919400
2930596547176
2569901803860
1487839840680
2587351468456
1827125234280
2926636862056
2914573961828
2565858756948
1466297633108
2565809260884
1467371390376
2566883018152
1742249297320
2588071593364
1763437872532
2862949500308
2841760925096
1745252337236
1483460741544
1763707553448
2863219181224
2841759795544
1484550130008
1483460920664
2582972548440
1758338827608
2857850455384
1814256257640
1483208230232
2582719858008
1758086137176
2857597764952
1466028361048
2565539988824
1470574971544
2570086599320
1745452878488
2844964506264
1539294448280
1826855748948
1814172355224
2861944179288
1762717764196
2587351485028
1745520772500
2570171615844
1745537895012
2845049522788
1487822734740
1742231471784
2841743099560
1540368189844
2639879817620
1815246096788
2914757724564
1763706489236
1832225768872
2931737396648
1831353075112
2930864702888
2930612012456
2570908682596
1811035867796
2910547495572
2588425144996
2927373927848
2639627961940
1827057337768
1745537615460
2845049243236
1534816061076
2634327688852
2909205595796
1483276453524
2582788081300
2857665988244
1551995930260
1826873837204
1471665243752
1467085130152
2566596757928
1741963037096
2841474664872
2840753505892
2910194141608
1813972141480
2913483769256
2909406856616
2862949418408
2927391033688
2926384334180
1467153484452
2844982347176
2570154838356
1745521117524
2845032745300
1758406019412
2857917647188
1762700707224
2862212335000
1762448016792
2861959644568
1763522792040
2863034419816
2858721559960
1759227054696
2858738682472
1758354360936
1831084639592
1832443529880
2931736332952
1483527768488
2583039396264
1758405675432
2857917303208
1552247245224
2651758873000
1827125152168
2926636779944
1828147792536
2927659420312
2651759216984
2565859871064
1741226150232
1809945626968
1483275078056
2582786705832
1758152985000
1483209018004
2570976578152
1746342857320
2845854485096
2639696054888
1815062334056
2914573961832
1759210259796
1742231669352
2841743297128
1471380096408
2570891724184
1746258003352
2845769631128
1540099573144
2639611200920
1814977480088
2914489107864
2588071593368
2932021545320
1487570093716
2910195124888
1488912222612
1831100582248
1488828335764
1828130818408
2927642446184
2656875202152
1551994553960
2651506181736
1827930539620
1759211062884
1759495210408
1758338565544
2857850193320
2931937592936
2914557249896
1831353338536
2930864966312
1470659988072
1470642865560
2570154493336
1745520772504
2845032400280
1539362342296
2638873970072
1814240249240
2913751877016
1487822734744
2587334362520
1471648713112
2571160340888
1746526620056
2846038247832
1540368189848
1467438746004
2566950373780
2639879817624
1815246096792
2914757724568
2927374191272
1540368189032
2639879816808
2635669784168
1745268065940
1467438484120
2569901802904
1745268082072
2844779709848
2638621279640
1813987558808
2913499186584
1487570044312
2587081672088
2862949763416
2862212532568
2932022610276
1762431436132
2861943063908
2861959842136
2863303133540
1759478450520
2858990078296
1758338893156
2857850520932
1758086202724
1553321331044
2652832958820
1828199237988
2927710865764
1832175371668
2931686999444
1831083853204
2930595480980
2927727314600
1827141207652
1483543823972
1759479679588
1553321249380
1828199156324
2841811438180
1487822031268
2587333659044
1539043575140
2638555202916
2913433109860
1762381874532
2582720955992
2652581299880
2635401430420
2910279337364
1553069671828
2652581299604
1827947578772
2845770876260
2858738616932
1553068558948
1762700970648
1762448280216
2861959907992
1759210195608
2858721823384
1813921744276
2913433372052
2914825964132
1467169998424
2566681626200
2565590107736
1759429347924
2858940975700
1742231455400
1758086924952
1551928494744
2651440122520
1826806401688
2926318029464
1759495407976
2909456139668
1483526997396
1552246474132
1827124381076
2651758101908
2926636008852
2583038625172
1758404904340
1809895015828
2651708605844
1741174426212
2840686053988
2926586512788
1483477501332
2582988016228
1831352043928
2930863671704
1556207011496
2930947557784
1540436346452
2639947974228
1815314253396
1763774645844
2926637122980
1484349064808
1556205700760
1810700274068
2910211901844
1762381875880
1551995930264
1540183656020
2639695283796
1763521955412
2863033583188
1742031112552
2841542740328
1759495473832
2859007101608
1758338828968
2857850456744
1758086138536
2857597766312
1467153286760
2566664914536
1742031193704
2841542821480
1535872763496
2635384391272
1810750670440
2910262298216
1484333155944
2583844783720
1557616297320
2657127925096
2841542806184
1832158333352
2571245357416
2846123264360
1540453206376
2639964834152
2914842741096
1831369001384
1745469392468
2587282982484
2862160889428
2926300252564
2565522999700
1740889278868
2857580775828
2926368672168
1539109979496
2638621607272
1556222658216
2655734285992
2909472966248
1483543823976
2583055451752
1535805834836
2635317462612
2845854501476
1758421730920
1467421903464
2566933531240
1742299810408
1470324098408
2569835726184
1745202005352
2844713633128
1539043575144
2638555202920
1813921482088
2913433109864
1552262973096
2651774600872
1815044786836
2914556414612
1815061350824
2566681953688
2841559860632
2910279337368
1488560145752
2588071773528
2859007100260
1536157173092
1487838545240
2587350173016
2930680367460
2635668800868
2584129193316
1759495472484
2858939681368
1557547795796
2565791368532
2840669275476
2584046357080
1763706554776
2863218182552
1762716633496
2862228261272
2863017593240
1553069410904
2652581038680
2858672359832
1488560211608
2588071839384
2587081918104
2863234910872
1831151962536
2862967573156
1809945348452
2588089666212
1488578038436
1831083607716
1540453124696
2639964752472
1758404904344
2857916532120
1553252828504
2652764456280
1828130735448
2927642363224
1741157647704
2840669275480
1466279740760
1483459609944
1741175539096
2840687166872
2846056073624
1746274977188
1536074025560
2635585653336
1557616215640
2657127843416
1832494122584
2588408366680
1763774645848
2863286273624
2932005750360
2635333994904
1484282759576
2583794387352
2910479272292
1742248167780
2841759795556
1758338827620
2857850455396
1488644048472
1763521955416
2588155676248
2863033583192
1557363525208
2570975807064
2845853714008
1832241432152
2588156462440
1553069394520
2584113415528
2862229113172
2582988031336
2656858375576
1556474054040
2655985681816
2651439334756
1826805613924
2926317241700
1466028361060
2565539988836
1758086137188
2857597764964
1557296138856
2656807766632
2844764293460
2587266468516
1556474317476
2655985945252
1831352224420
2930863852196
1762632747684
2862144375460
1553254204824
2652765832600
2651775911320
1553001514392
2652513142168
1763791243688
1832510638744
1741175753044
2569835022676
1488644900520
2588156528296
1487821702824
2587333330600
1536156863128
1556474381652
2655986009428
1556273792340
2655785420116
2862160889432
1556490831448
1831368738392
1487771354712
2587282982488
1762649261656
2656002459224
2930880366168
1745537616296
2845049244072
2841558469032
2858939730276
1831420201364
2635584587108
2588339946852
1466279740772
2571176854868
2588356724052
1763723003220
2926318274964
2657143653800
2566949324136
2582770960980
1758137240148
2857648867924
1470374431316
2569886059092
1745252338260
2927660516948
1466079464020
1484551505492
2584063133268
1759429412436
2858941040212
2861875694244
1466279740776
2565791368552
2840669275496
1534999217512
2634510845288
2909388752232
1483459609960
2582971237736
1466079464024
2565591091800
1534798940760
2634310568536
1809676847704
2909188475480
1552247589268
2651759217044
1827125496212
2926637123988
1556542556564
2656054184340
1471398169256
2570909797032
1746276076200
2913415366312
1487772404328
2587284032104
2656791070116
1832157349284
2639678228824
1741226150296
2840737778072
1557280736932
2656792364708
1809945627032
2656792365652
1556474317464
2655985945240
1557297515160
2656809142936
2582972548456
1535821367640
2635332995416
1553337830040
2652849457816
1556541179304
1534799005268
2634310633044
1809676912212
2909188539988
1758137304660
2857648932436
2656858425704
1809625744744
2583776873044
2652496349780
2927374256724
2858654779988
1470574971560
2570086599336
1745452878504
2844964506280
1539294448296
2638806076072
1814172355240
2913683983016
1467421706856
2844981103252
2566933334632
2570154493348
1745520772516
2845032400292
1487822734756
2587334362532
1762700641700
2862212269476
1763791423896
1557548861800
2657060489576
1488828582308
1539379448148
2656070945108
2845049506132
2862229375316
2863033649556
2651759200616
1551994882408
2651506510184
2927727364772
1742316391076
2841828018852
1487502984852
1466079464036
2565591091812
1740957370980
2840468998756
1534798940772
2634310568548
1809676847716
2909188475492
1484551456404
2584063084180
1483259348628
1832157612392
1483276453540
2582788081316
2857665988260
2926385464996
1540451879272
2639963507048
1811035818344
1539295234408
2638806862184
1557548927656
2657060555432
1540384703832
2926384335444
1466095454804
2840484989524
1815262610776
2639896331608
2914774238552
2863234631000
1483275323988
2844780022164
1740889295252
1466079464040
2565591091816
1740957370984
1553270982232
2652782610008
1828148889176
2927660516952
1759429412440
2656054184356
1831420463524
2930932091300
2910530996644
1553321331108
1828199238052
1809608967784
2565809456788
2909120595560
2639679621800
2635316153000
2857849161304
1553051780692
1827929687636
2652563408468
2927441315412
1557346747988
2656858375764
1832224654932
2931736282708
1758136469076
2857648096852
2571177133412
1470373397860
2569885025636
1467153548644
2566665176420
1466029148836
1740907055780
2840418683556
1534748625572
1809626532516
2909138160292
2565858756952
1471380096424
2570891724200
1746258003368
2845769631144
1540099573160
2639611200936
1814977480104
2914489107880
2588071593384
1535871911512
2909187704408
1810749818456
1466078692952
2565590320728
1740956599896
2840468227672
2570154560152
1466079528536
2565591156312
1740957435480
2840469063256
1758137304664
2927375321768
2930595170984
2583776873048
1763791242856
2863302870632
2638873184936
2639696382632
2652781578920
1551978023320
1553052616020
2858722674004
2652564243796
2927442150740
1535872746836
1467153270100
2566664897876
1742031177044
2841542804820
1832493155992
1470642865576
2570154493352
1745520772520
1539362342312
2638873970088
1814240249256
1471648713128
2571160340904
1746526620072
2846038247848
1540368189864
2639879817640
1815246096808
2913768982872
1487839840600
2587351468376
1809894229336
2909405857112
1831437224280
1488913517224
1742231652968
2588425145000
1467438484136
2566950111912
1470390175144
1746325097108
2845836724884
1488627059348
2588138687124
2863016594068
2569901802920
1745268082088
2844779709864
1483276176040
1745202022036
2844713649812
2582787803816
2635317463448
1466029196884
1740907103828
2840418731604
2909138208340
1483209066068
2582720693844
2909205595816
1483276453544
2582788081320
2857665988264
1551995930280
1483275323992
1827929672360
2909205333656
2841559860644
1535889802660
2635401430436
1553069671844
1827947578788
1484350195108
1553002482344
1539362409128
2657076218280
2652513912408
2655784633956
1553051780708
2652563408484
1827929687652
2927441315428
1557346748004
1832224654948
2840468227684
2635401152852
2932022331032
1553052633512
2652564261288
2931938379432
1832174061224
2910212146536
1828131014312
1540436347304
1471733450392
2571245078168
1746611357336
1815330834072
1488913319576
2588424947352
1466078692968
2565590320744
2655784438116
1536091113896
2635602741672
2913683719572
1745452615060
1810950866324
2651690714516
2858721887576
2651708605860
1827074885028
2926586512804
1758355408292
2914557445800
2846121937512
2931955485272
1831151749720
1466280872276
2565792500052
1741158779220
2840670406996
2846106404452
1488912222616
2588423850392
2841492425124
2635333994916
1553002236324
2652513864100
2927391771044
2583794387364
1759160666532
1484550210980
1832157267608
1763774383768
1557363525220
1832241432164
2931753059940
1763521955428
2863033583204
1466279740824
2565791368600
1741157647768
2840669275544
1534999217560
2634510845336
1759429150360
2858940778136
2858990274200
2910195452504
1467153270104
2566664897880
2652564243800
1827930522968
2927442150744
2841542804824
2652513912420
1827880191588
2927391819364
1557297251940
1466029196900
1740907103844
1466296583588
2565808211364
2926635813476
1762649327188
2862160954964
1762365376084
1762381940072
2861893567848
1762431436136
2861943063912
1471447190168
1540166666904
1758405690964
1487503984280
2857850520936
1832175371672
2931686999448
1831368738404
2930880366180
1487771354724
2587282982500
1762649261668
2862160889444
2930595480984
2857580775844
1551910717860
2651422345636
1826788624804
2926300252580
1466029196904
1488626993576
1827946252904
2927457880680
2652848686740
1759495489172
2859007116948
1828214965908
1466279823700
2565791451476
1484281760168
2583793387944
1746526635604
2846038263380
1745268393556
2844780021332
1762650326696
2862161954472
2861943129768
1740889294420
2840400922196
2635401430440
1810767709608
2910279337384
1813921744280
2913433372056
2652580170072
2927458077016
1810950867560
2910462495336
2588423850580
1810950866340
1466279740836
2565791368612
1741157647780
1534999217572
2634510845348
1484550408548
2584062036324
1535872682644
1827930458772
1466079464084
2565591091860
1740957371028
2840468998804
2858940975704
2931669157524
1831435929236
2930947557012
1831168542120
2583055141464
1466279740840
2565791368616
1741157647784
2840669275560
1534999217576
2634510845352
1827930457512
2927442085288
2565792695956
1741158975124
2840670602900
1742248184468
2841759812244
1745184245140
1487486207380
2651691845976
2582972369240
2857850276184
1746594776680
2846106404456
1540436346472
1466079464088
2565591091864
1740957371032
1534798940824
1809676847768
1467102890408
2566614518184
1741980797352
2841492425128
1535822367144
2635333994920
1810700274088
2910211901864
1484282759592
1540183656040
1815061562984
2914573190760
1488644048488
2588155676264
2926318011816
2844779759016
1540436101800
1762382203496
2861893831272
2588408382888
2584063149480
2587282998696
1551912044964
2651423672740
2931954435748
1832425720472
2931753846436
2913685112164
2931937348248
2910211115352
2927710799524
1828215949976
1827124431512
2926636059288
1470591485544
2570103113320
1745469392488
2844981020264
2638822590056
2913700497000
1487771354728
1466011371944
2565522999720
1740889278888
2840400906664
1534730848680
2634242476456
1809608755624
2909120383400
1467437713048
2841827247768
1536157189784
1484617255524
1831083803988
2651489666388
1826855945556
1466095469908
1814995290776
2914506918552
1831083803992
2930595431768
2931736282456
1471665227108
1746543134052
2910463871640
2931670288744
1810699553432
2910211181208
1831168739688
2930680367464
1535872682660
2635384310436
1810750589604
1466079464100
2652782610020
1759429412452
1483259677076
2582771304852
2858941040228
1484551505508
2584063133284
2566865388900
1483258561892
2582770189668
1758136468836
1551978038628
1466078692708
2863302067860
1762633795220
2862145422996
1763523052968
2863034680744
1466011583848
2565523211624
1740889490792
2840401118568
2634242688360
2909120595304
1483191453032
2582703080808
1552263300712
1759411340948
1758421419668
2857933047444
1759143953832
2858655581608
1466079464104
2565591091880
1534798940840
2634310568616
2909138225748
1827930720936
2927442348712
1826805336744
2926316964520
2639947974248
1536091113064
2635602740840
2582972565144
1487486207384
2586997835160
1742030407316
2841542035092
1741157713556
2840669341332
1762364130660
2861875758436
2914489026216
1815330065064
1831150913172
2863016806036
2651489666708
2914556413588
1539093137044
2638604764820
1813971043988
2913482671764
2635383539348
2652765783444
1828132062612
2584046306708
1759412585876
2858924213652
1746611357028
2846122984804
2584113219240
2651490502244
1826856781412
2588424111508
2863302018452
1557631960468
2657143588244
1552984722020
2652496349796
1466011583896
2565523211672
1740889490840
2840401118616
1534731060632
2634242688408
1809608967576
1758136190628
2857647818404
1466078693016
2565590320792
2840468227736
2634309797528
2909187704472
1483258562200
2582770189976
1467354532260
2566866160036
1471464179108
1488644048292
1745537878372
1556559317348
1470659971428
2570171599204
2587351468388
1466011583912
2565523211688
1740889490856
2840401118632
1534731060648
2634242688424
2863218903636
1763773335912
2863284963688
2841811257000
2651440186712
1759428036264
1742047102632
1758153296468
2857664924244
1759428102504
2858939730280
1759144151400
2858655779176
1831420201368
2930931829144
1487822030440
2930880432536
1827929426328
2927441054104
2930596481432
2931753126296
1826873820564
2926385448340
1466095454820
1740973361764
1809692838500
2909204466276
1556273858200
2655785485976
1746326342228
2845837970004
2863285029544
1762364066472
2861875694248
1741981108820
2841492736596
1467371636328
2566883264104
1742249543272
1831101417108
1535822415508
1539043640980
2638555268756
1813921547924
2913433175700
1758154295976
1759144217256
1815330834776
1810967906712
1557280671080
2656792298856
2656070698344
1534815799640
1551910717012
1759210210980
1466078693028
1740956599972
2840468227748
1534798169764
1809676076708
2909187704484
2910261446308
1540452927140
2639964554916
1815330834084
2914842461860
2932022331044
1832427080104
2931938707880
1763773663640
1832174389672
1831437158824
2846106225236
1471716690516
1488896559700
2588408187476
1763774466644
2863286094420
1809895032228
1828214704552
2927726332328
2565540759956
1740907039124
2840418666900
1557280736936
2656792364712
1746611620452
2846123248228
1470390421076
1534748608084
1466078693032
2565590320808
1467354809752
1536074286488
1553321051816
1553068361384
1814240250516
2913751878292
2909188540008
1483259397736
2582771025512
1758137304680
2857648932456
1551978874472
2651490502248
1826856781416
2926368409192
2927643429464
1487502919000
2909120333412
2587014546776
1827863349604
2927374977380
1556558006872
2656069634648
1556274055768
1763774712216
2863286339992
1762649328024
1763522021784
1762365376920
2861877004696
1470659971432
2570171599208
1745537878376
1758405691800
2857917319576
2845049506152
1539379448168
2638891075944
2913768982888
1488628369048
2588139996824
1488627059364
2863016594084
1557346536100
2656858163876
2931736070820
1763504966308
2932005505448
1813921498788
2930612995748
2926385121956
2927375043236
1483259348632
2582770976408
1540435315288
1813921547940
2913433175716
1466029196964
2565540824740
1534748673700
2634260301476
1809626580644
2909138208420
2584045307556
2583861496472
1758154343832
1551995913624
2651507541400
1826873820568
2926385448344
1466095454824
2565607082600
1534814931560
2634326559336
2931736282472
1828216015448
1488913581416
2588425209192
1487504246120
2656791316056
1466029196968
2565540824744
1740907103912
2840418731688
1534748673704
2634260301480
1553068542308
2652580170084
1827946449252
2927458077028
1759226972516
2858738600292
2656791070104
1556289521048
1557364296296
1556559333992
1763723004564
2863234632340
2656070961768
2862967245224
1552196978072
2651708605848
2652832877160
1553068558952
1552195865192
1759159880104
2858671507880
1471716673108
2571228300884
1763706505880
1471665505640
2571177133416
1467420935764
2566932563540
1471733450408
1746611357352
1540452927144
1484266227368
2583777855144
1815330834088
1470658611860
2570170239636
1745536518804
2845048146580
2927726267028
1484617255572
2584128883348
1540117333400
2639628961176
1471716690520
1746342070932
2845853698708
2571228318296
2846106225240
1540436167256
2639947795032
2844965374612
1763455945060
1741962971796
2841474599572
1809878255972
2909389883748
1483460741476
1487570290264
1483459888724
2582971516500
1484265195092
2583776822868
2652496299604
1827862578772
2927374206548
1759143102036
1466363644568
2565875272344
2840753179288
2841474860632
1535804802648
1483459888728
2582971516504
1758337795672
2857849423448
2634309797464
1831369016920
1483526719076
1557296399784
2656808027560
2639695267156
1467420657236
1742298564180
2841810191956
1471464162644
2570975790420
1759478433364
2845836724580
1553336714664
1557564851812
2657076479588
1832442758756
2931954386532
2584129144420
1467085325924
2566596953700
1741963232868
2841474860644
1535804802660
1467153270120
2566664897896
1742031177064
2841542804840
1535872746856
2635384374632
1810750653800
2910262281576
1484333139304
2583844767080
2565523211880
1467371309656
1540099491476
2639611119252
1488627059368
1745202022056
1813921498792
1487503984296
2587015612072
2588155659672
2930930977188
1467437713060
1742315620004
1827929425496
2927441053272
2926318274136
1814995240356
2914506868132
1484264932760
2583776560536
1484534745704
1539026012504
1557279705752
2656791333528
1556542474904
2656054102680
2634577955160
1551927772836
2651439400612
1484349065576
2583860693352
1553002482260
1827880389204
2927392016980
2863301757604
2570170239652
1745536518820
2845048146596
2857580988052
1488627271316
1487838742164
1762716649108
2862228276884
2655785748840
1534731060888
2634242688664
1809608967832
2909120595608
1483191453336
2582703081112
1758069360280
2857580988056
1551910930072
2651422557848
1540384769700
1540117596824
2639629224600
2930881759656
2846105422248
1536157911704
1556272810344
2655784438120
1487486420644
1487821964964
1762699871908
1484332304036
1466363644584
1814189148500
1470591764820
2858738338196
1466011584168
1740889491112
2840401118888
1534731060904
1832427079272
2931938707048
1832174388840
1831437157992
2910479288996
1553269623460
2652781251236
1487486207396
2586997835172
1762364114340
2655717311908
1831083591076
2930595218852
1470306338212
1487772665256
2587284293032
1488895444392
1828214703720
1809878255976
2909389883752
1483528095380
2583039723156
1483460741480
2582972369256
1536090065492
1758338648424
2635669867092
1553336978088
2652848605864
1488644031832
1828197910104
1553320003160
2652831630936
1557363508568
2656875136344
1832241415512
2927709537880
1484600526424
2570960078484
1487755905368
2566614845076
1815263922600
1762365442456
1763454568872
1763774711384
1759143938388
2858655566164
1763438905684
2862950533460
1534731897172
2638538492244
2930596268372
2634243524948
1763522020952
1535872682664
2635384310440
1536158222760
1557631699368
2652512881252
2857917318744
2930662524312
2588072561304
1487755971224
2587267599000
1746543150740
2846054778516
2863234647700
1484265196184
2583776823960
2840484792936
2861876791640
1740890327384
1539295315288
2638806943064
1814173222232
2844780021336
1467437713064
2841827247784
2635668817576
2570909484456
2639628961192
1534747626084
2634259253860
1487571339860
2587082967636
1488846145896
2588357773672
1488627321192
2588138948968
2910479534760
1467103136344
2566614764120
1741981043288
2841492671064
1758069098072
2857580725848
1826788574808
2926300202584
1466011321944
2565522949720
1740889228888
2840400856664
1484601576020
1484550408552
2657059686808
1763455616616
2862967244392
1762650654312
2862162282088
2652513864088
2858924197480
1759159879272
2858671507048
1552984409428
2652496037204
2927373944148
1467085063508
2566596691284
2841474598228
1759142839636
1831435929240
1488895707816
2588407335592
1556491110744
2656002738520
1831369017688
2930880645464
1762649540952
1557364296340
2656875924116
2931753831060
1763522726548
2845854485140
1488644819604
2584062102184
1467370277544
2566881905320
1758338844328
1470306338216
2569817965992
2657143376212
1539025814952
1487486207400
1815263741592
2914775369368
1553254155684
2927643690404
2845770664292
1471381129572
2570892757348
1746259036516
1813904771428
1815061301928
1811018255016
2587334380132
1827930785128
1826805400936
2584045307284
2926317028712
2583055386004
1556475169428
2655986797204
1557632747944
2570171615892
2845049522836
1487839857300
2587351485076
1762717764244
1832442807976
1814173484392
2913685112168
2909121431912
2930662327976
1810682709352
2910194337128
2927710799528
2926585415336
1540369041832
2639880669608
2639627979176
1471665243800
1540384720536
1815262627480
2634528950932
1536073304488
2635584932264
1832242546276
1741963298132
2841474925908
1467085391188
2858654795092
2570891986260
2845769893204
1534731126100
2634242753876
1831369852516
1831436126808
1810682775208
1826873820580
1551995913636
2651507541412
2926385448356
1487754855844
2587266483620
1483276436900
2582788064676
1758154343844
2587283261848
1809677191508
2909188819284
1826857060692
2926368688468
1466079807828
2565591435604
1762633795224
2862145423000
1471380342372
2570891970148
2845769877092
1540099819108
2639611446884
1488560211556
1759411340952
1740889556312
2840401184088
1534731126104
2634242753880
1810682447192
2910194074968
1484264932696
1552984409432
2652496037208
1827862316376
2927373944152
1759142839640
1762717484628
1762364130664
1471464950424
2570976578200
2845854485144
1540184427160
2639696054936
2914573961880
1758421747284
2857933375060
1471716690532
1488896559716
2588408187492
2639947795044
2914825701988
2863286094436
1557616036452
1831152010648
2930663638424
1831150897768
2930662525544
2586998032808
1484617304724
2584128932500
2861959824996
1556289767012
2655801394788
1831167673956
2930679301732
1535017125204
1484333353620
2583844981396
1484349917608
2583861545384
2566866437544
2841744344488
2846122984808
1745202021736
2844713649512
1827930539668
2652564260500
2583844783764
1815313270168
2914824897944
1813903934872
2913415562648
2913768737384
1745537895064
2845049522840
2913768999576
1487839857304
2587351485080
1811019025000
2910530652776
1487570094436
1557616216468
1758069425508
2857581053284
1487486485860
2586998113636
1826788902244
1763707275864
1763437807204
1484534729316
1471733729684
1746611636628
2846123264404
2588425226644
1759411538520
2858923166296
1540436429396
2639948057172
1758406019668
1466348243540
1741226150484
2840753489556
1467421903508
1484601772692
2569835726228
1745202005396
1762381874580
2927458141608
2862211302760
2846039115112
1826788902248
2926300530024
1553068558996
1827946465940
2652580186772
2927458093716
1759226989204
1483276436904
2582788064680
1758154343848
2857665971624
2635602691432
1741964330596
2841475958372
1758137583960
2857649211736
2651490781528
1826857060696
1814994175400
1741226150488
2840737778264
1809945627224
2909457255000
1483528112728
2583039740504
2914489353832
1488560211560
2930947802536
2931737134504
2927441381720
1551910717016
2651422344792
1762364394088
2861876021864
1758137501080
2857649128856
1758404708968
2857916336744
2932005505688
1827073772180
2926585399956
2930613257892
2846106225256
1815314074216
2914825701992
2845853435288
2846123248232
1763439117652
2862950745428
1745202285160
2844713912936
1487570290280
2587081918056
1742232521320
2841744149096
1814240250520
1813970781860
2913482409636
1809895017112
2909406644888
1467153286808
1484333155992
2583844783768
1832241415524
1471464162660
2566932285028
2635651761764
2910529668708
2858990061156
1553320003172
1828197910116
2652831630948
1827058387304
1557632747112
2657144374888
1746342135124
2845853762900
1556541228648
2656052856424
1470324164008
1745185490260
2844697118036
1557616298596
2657127926372
1832494205540
2932005833316
1466348243556
2565859871332
1741226150500
2840737778276
2862144177576
1763724068264
2863235696040
1763505243560
2858939926120
2926585415272
1471733729688
2571245357464
1746611636632
1815331113368
2914842741144
2588425226648
1809893984596
1540384786772
1815262693716
2914774321492
1832442562900
1827863415464
2927375043240
1826873494184
2926385121960
2639880668776
1466348243560
2565859871336
1741226150504
2840737778280
1758421730968
2857933358744
1552263300760
2651774928536
2926652835480
1467421903512
2566933531288
1742299810456
2841811438232
1811019287192
1470324098456
2569835726232
1745202005400
2844713633176
1539043575192
2638555202968
1487487256980
2586998884756
1762365163924
2861876791700
2566597790100
1741964069268
2840737498772
2861943915876
2840686331304
1745453745508
2844965373284
1539295315300
1759210981720
2858722609496
1467169213080
2566680840856
1810766596760
1540384786776
2639896414552
1557564655960
2657076283736
2931954190680
1484617565588
2584129193364
1811034753704
1809609804184
2909121431960
1551911766424
2651423394200
1826789673368
1763723004568
1467103136356
2566614764132
1741981043300
2841492671076
1810700520036
2910212147812
1759211047576
2858722675352
1832493155944
1557565965928
2926585399960
2863234959956
1762431224404
2861942852180
1763455945064
2862967572840
2858721838760
2858991323732
1759496259944
1758354311764
1832241219992
2931752847768
1828147513748
2927659141524
2841759795604
1552180397460
2651692025236
1827058304404
2926569932180
1758338827668
2857850455444
1484550130068
1831084575128
2931686001048
2586998031976
1828198173080
2927709800856
2861944097432
2651439334804
1826805613972
2926317241748
2565539988884
2844780743252
1553270654616
2652782282392
1553051829912
2652563457688
1763724331688
2863235959464
2862144441000
1762432223912
2570975790440
1827073853796
2926585481572
1832442562916
1740973378132
2840485005908
2857598618280
2930881694360
2570104243816
2910530913700
1811036064152
2910547691928
1809893901732
2909405529508
2909121431972
1758070196644
2857581824420
1551911766436
2651423394212
1487487256996
2586998884772
2565808228712
1741174507880
2840686135656
1535016077672
2634527705448
1809893984616
2909405612392
1552180397416
2651692025192
2841759877800
1815246162260
2914757790036
1758069082724
2857580710500
1557564589732
1832442496676
2657076217508
2931754174888
1831419349416
2930930977192
2634243525032
1809609804200
2909121431976
2639879554644
1557547796052
1832425702996
2931937330772
1827879078312
1540384703848
2639896331624
2841827231128
1745201218964
2844712846740
2846105438820
2655784634024
1742231455124
2841743082900
1741241533844
2840753161620
1815247161768
2914758789544
1467103136360
2566614764136
1741981043304
2841492671080
1814977742228
2634242753940
1809609033108
2909120660884
2652563147352
1762717485464
2861959644580
1741962970468
2841474598244
1484264932708
2583776560484
1759142839652
2858654467428
1759226710424
2858738338200
1831420185172
2930931812948
2857916597668
1815330851172
2914842478948
1488829384344
2565523277208
2840401184152
1534731126168
1809609033112
1483191518616
1557364296356
2656875924132
2931753831076
1831167494740
2930679122516
1470390241876
1487570111060
2587081738836
2861959645780
1467370260888
1809878435224
2909390063000
1552180397464
2651692025240
2846106421656
1745452631460
2844964259236
1741242860964
2932005766504
1758086137240
2857597765016
1551927707032
2651439334808
1826805613976
2926317241752
1810683497124
2639629207128
1814995486296
2914507114072
1488577971800
2588089599576
1557297448536
1832175355480
2931686983256
1557347599768
2656859227544
1556558267800
1539379464868
1762717764260
2638891092644
2656070961828
1831437240996
2930948868772
2913768999588
2587351485092
1556223707752
2655735335528
1763437808040
1742231652692
2841743280468
1553001253480
1759228037544
1758136519080
1488576727704
1539093972376
2638605600152
1540384967272
2639896595048
1540384720552
2634510845544
2909388752488
2652496364964
2927374271908
2582703146404
2586998113700
2861876020644
2857581053348
1551910995364
2651422623140
2587082967640
1488896821908
2588408449684
1763774728852
2863286356628
2652832959124
2582771304804
1758137583972
2857649211748
1826857060708
2926368688484
1484601576024
2582720956004
1557364557224
2656876185000
2635669522004
1811035801172
2910547428948
2927727298132
1484618286676
2584129914452
2566950045268
2635333977428
1483191518632
2582703146408
2857581053352
2862212598436
1552196126120
2651707753896
2571244227160
1471715821156
1466348243608
2565859871384
1741226150552
2840737778328
1809945627288
2909457255064
1810968758676
1483528112792
1467085063528
2566596691304
1741962970472
2841474598248
1467169998436
1466078479972
2565590107748
1470642932312
2570154560088
1745520839256
2845032467032
1539362409048
1487822801496
1471464950440
2570976578216
2845854485160
1540184427176
1535871911572
2845787720356
2639696054952
1487570111064
1557616019796
2846106208596
1471716673876
1746594580820
1488576726424
2588088354200
1487822752360
2584045307288
1556274120020
2655785747796
1831152026964
2930663654740
1488643852628
2926653901220
2844764308820
1557347863192
2656859490968
1556475169432
2655986797208
1556222479000
2655734106776
1759211062948
1810750670500
1827930539684
1484333156004
2583844783780
2656069911976
2652496022168
1827929410132
2927441037908
2914757461592
2858721561172
1484332026452
2583843654228
1759209933396
1745537895080
2845049522856
2638891092648
2913768999592
2587351485096
1488845374804
1487553267028
1539094235800
2638605863576
2914842741156
1488913598884
1832510982564
2932022610340
2863302003112
2914556479912
1535067720356
2634579348132
1809945627300
2909457255076
1828199238308
1552247589540
2651759217316
1827125496484
2926637124260
1746594859684
1553269606760
2652781234536
2656054167976
1809961338532
2909472966308
2926652835492
1553321249444
2652832877220
1471381079380
1762381874596
1556223444388
1831101351332
1483527064148
2583038691924
1758404971092
1552246540884
2651758168660
1827124447828
1827879077480
2927390705256
1827074115176
2926585742952
2565591418196
2584061839764
1759428118932
2858939746708
2926585481620
2588356807060
1763723086228
1827073853844
1810766596772
2910278224548
2652580186788
1557614906024
2657126533800
1745537567124
2845049194900
1740957714792
2909188819304
2582771304808
1758137583976
2652497349288
1536157894232
2635669522008
1811035801176
2910547428952
1484618286680
2859007821400
1553337763416
2584129914456
1470390438228
2569902066004
1487553530196
2587065157972
2638604765524
1556273006932
2930662541652
1488560145764
1487838545252
2587350173028
1466296600984
2565808228760
1741174507928
2840686135704
1535016077720
2634527705496
1809893984664
1470373661016
1745251567960
1539093137752
2930679318872
1553320216920
1556207011220
2655718638996
1763706554788
2863218182564
2863017593252
1483276126616
2858738337368
1470373661028
1539093137764
2638604765540
1813971044708
2913482672484
1487553530212
2909120596328
2588071839396
1746594776724
2913700498024
1557616019800
2657127647576
1832493926744
2932005554520
1484617304728
2584128932504
1484333353624
2583844981400
2931954125416
2655986025880
2846039378536
2931753059988
1471464179348
2588155676308
2863033583252
1746544445860
2846056073636
2841761187416
2639695087960
2655785747800
1556274120024
1831152026968
2930663654744
1740957451864
1467153286824
2566664914600
1535872763560
1810750670504
1484333156008
2583844783784
2910261168728
1759209933400
1553051503192
2583843654232
1827929410136
2652563130968
2858721561176
2587081722216
2930612013736
1484618565992
1557616216472
1557346747812
2656858375588
1556490832280
2656002460056
1763437807208
2862949434984
1553270983064
2652782610840
2588424882856
1551978875288
2651490503064
1759228036712
2858739664488
1758355342952
2857866970728
1488845179300
2588356807076
1763723086244
1552195946916
2652848621972
2927726528916
2927441316244
1470373661076
2569885288852
1745251568020
1487553530260
1470591485588
1556206929304
1466011584920
2565523212696
1740889491864
2840401119640
2634242689432
2909120596376
1483191454104
1827057256088
2926568883864
2634595059368
2909472966312
1483543824040
2583055451816
2857933358760
1467421903528
2566933531304
1470324098472
2569835726248
1745202005416
2844713633192
1539043575208
2638555202984
2913433109928
1483527064152
2583038691928
1758404971096
2857916598872
1552246540888
2651758168664
1827124447832
2926636075608
1557564852644
2657076480420
1832442759588
1467437648292
2566949276068
1742315555236
2841827183012
1536157125028
2635668752804
1488628058728
1484282825320
1466296601000
2840401119656
1534731061672
2634242689448
1553337042340
2652848670116
1828214949284
2927726577060
1487821686164
2587333313940
1811018320212
2910529947988
1488643770980
2588155398756
1742298843476
2841810471252
1826873558376
2926385186152
1484533352084
2584044979860
1552179086996
1556492159400
2656003787176
1488578054824
1551910651220
2926300185940
2565522933076
1809608688980
2909120316756
2862161151640
1831101630120
2930613257896
1811034817896
1828131866280
2840669275800
1534999217816
1535015996072
2634527623848
1809893903016
2571228497560
1746594776728
2846106404504
2639947974296
1815314253464
2914825881240
1488896738968
1483460920740
1552180397476
2651692025252
1553269606820
2652781234596
1828147513764
1827058304420
2926569932196
1471464179352
1746342086296
1832494205528
2932005833304
2841492474472
1831368821336
2930880449112
1488829712792
2588341340568
2927642364504
2927458862692
1487839791512
2587351419288
2651439334820
1826805613988
2926317241764
1466028361124
2565539988900
1740906268068
2840417895844
1534747837860
2634259465636
1809625744804
2841541970536
2931937413736
1540166601060
1763439183512
2862950811288
2914507114084
1488577971812
2588089599588
1557297448548
1832175355492
2656809076324
2841474663768
1813987887704
2913499515480
1470591485592
2570103113368
1745469392536
2844981020312
1539310962328
2638822590104
1814188869272
2913700497048
1763724395880
1762432288104
2861943915880
1832425703076
1488828319396
2863217854116
2909388752548
1810950866596
2863234631060
1832442480020
2931954107796
1831353025944
2930864653720
1832175110760
2931686738536
1487554562472
2587066190248
1467168999764
1826873821800
2926385449576
1467437696424
2566949324200
1557548860756
1466012354900
2565523982676
2582787754644
2652782610068
1828148889236
2927660517012
1759429412500
2584063133332
2858941040276
2583843735976
1553320282456
1828198189400
2927709817176
2863217854120
1466279741096
2840669275816
1534999217832
2909388752552
1483459610280
1759496455848
2859008083624
1814256043416
2913767671192
1813972092312
2913483720088
2931669943636
1813921483368
2913433111144
1471715821992
2571227449768
2926300185944
1466011305304
2565522933080
1488896493924
2927374206292
2584062888292
1556558989716
2656070617492
1763723332184
2863234959960
1762431224408
2861942852184
1539362409060
2638874036836
1814240316004
2913751943780
1556542278244
2656053906020
1831420185188
2930931812964
1487822801508
1762700708452
2844697183828
1832224441768
2570891725156
1556289587812
2655801215588
1831167494756
2930679122532
1470390176100
2569901803876
2840670586280
2634512156072
1809878435240
2909390063016
2565809260900
1540167977364
2639679605140
2845770664536
1745269115480
1740957435540
2565539988904
1552984722068
2652496349844
1827862629012
2927374256788
2583776873108
2858654780052
1813987543720
1814257370536
2913768998312
1471398102632
2570909730408
1746276009576
2845787637352
1540117579368
2639629207144
1814995486312
2909120644756
1809893901736
2909405529512
2927374271912
2582786950804
1540099770964
2639611398740
1814977677908
1557279640148
1832157547092
2930948852116
1487839840660
2587351468436
2862229375380
1470659971476
1763707536792
2863219164568
1763454846360
1534731061848
1809608968792
2861944179304
1759495161240
2859006789016
1746611373652
1551978023332
2651489651108
2914557200728
2913751090532
2932021562008
2930864917144
1483208231524
2582719859300
2909388769624
2909120596584
1471665227160
1534814931604
2634326559380
1809692838548
2909204466324
1746543134104
2846054761880
1540384703896
1467371636376
2566883264152
1742249543320
2841761171096
1536091113112
2635602740888
1810969020056
2914842674852
2857850471764
2910480647832
1832224639336
1809877207704
2927391033704
1553337763428
2652849391204
2927727298148
2859007821412
1556492207528
1556492158568
2656003786344
1762381956756
2861893584532
1762700707240
2862212335016
2861959644584
2840753489236
2857850537620
1758404969896
2857916597672
2931686721128
1832443529896
1832224705192
1470642932328
2570154560104
1745520839272
2845032467048
1539362409064
2638874036840
1814240316008
1487822801512
2587334429288
2927659420328
1535083383444
2634595011220
1809961290388
2909472918164
1552263252628
2651774880404
1471380294292
2570891922068
1466028083604
2565539711380
1466011585176
1740889492120
1487570111080
2639947778404
2914825685348
1471716673892
1759210259812
1815062596264
1831150914212
1762364328612
2861875956388
1466363906724
2565875534500
1741241813668
2840753441444
1758137304728
2857648932504
1467085376152
2566597003928
1741963283096
2841474910872
2639695087972
2913483785572
2914572994916
1488912222628
1487554643300
1746257921380
2845769549156
2863286011556
2910262281620
1535871634020
2635383261796
1553051503204
1827929410148
2841743280472
1742048150884
2841559778660
1813971813992
1759495424664
2859007052440
1470659971480
2845049506200
1813903673956
1470658595236
2570170223012
2841743346328
1762700904808
2862212532584
2841542757016
1762448214376
2570154755412
2909457171796
2565859788116
2858924018260
1535066671716
2634578299492
1809944578660
2909456206436
1483527064164
2583038691940
1552246540900
2651758168676
1827124447844
1831100631448
2930612259224
2913416350052
2638538443108
1553051502248
2926635795876
2862227999128
1556289586856
1484332107368
2583843735144
1553068542356
1827946449300
1759226972564
1539362620760
2638874248536
1557631944344
2657143572120
1762700970664
2651506230936
2858991306072
1553321248088
1828199155032
1488896738648
2841827969384
1759210195624
1815313992088
2914825619864
2571227448936
1811018254744
1556205634920
2655717262696
2861943113108
1742316407464
2841828035240
1551995864424
2651507492200
2651691846036
2639947974308
2914825881252
2571228497572
2846106404516
1814995487128
1470642161236
2570153789012
1762699937364
2862211565140
2909456927060
2588155676324
2863033583268
2656875153060
1540452861288
1483275340436
1556205700776
1471463983464
2570975611240
1746341890408
1470374774120
2569886401896
1745252681064
2844764308840
2638605878632
2656808897108
1471397923412
2570909551188
1746275830356
2845787458132
1742299612564
2841811240340
2841810127460
1467153270168
2566664897944
1742031177112
2841542804888
1535872746904
2635384374680
1810750653848
2910262281624
1484333139352
2583844767128
1827947563364
2927459191140
1484333417816
2583845045592
1466348160356
2565859788132
1741226067300
2840737695076
2652832875876
2932005750116
1557616215396
1762699676056
2862211303832
1814188869284
1556490831524
2656002459300
1831368738468
2930880366244
1758086121880
2931937348260
1470574725716
2570086353492
1745452632660
2844964260436
2930663393944
2652563474856
2910211115364
1466348160360
2565859788136
1741226067304
2840737695080
1809945544040
2909457171816
1483528029544
2583039657320
1552246540904
2584045062808
2863016593748
1467169196440
2566680824216
1535888673176
2635400300952
1810766580120
1484349065624
2583860693400
1815044786852
1536140413284
2635652041060
1811018320228
2910529948004
1484600805732
2584112433508
1553320282468
2652831910244
2927709817188
1487772485204
2587284112980
1557346469464
2656858097240
2931736004184
1763504899672
2863016527448
2909473950372
1484600460648
2584112088424
1470575756900
1557615233640
1826788558180
2926300185956
1466011305316
2565522933092
2634242409828
2909120316772
2863284980372
1762650573460
1763706554792
2863218182568
2863017593256
2862228261288
2651758953880
2841811437908
1552246213224
1741174425940
2858939746964
2858672359848
2587081918120
1758338648472
2857850276248
1827058125208
2571228497576
1746594776744
2846106404520
1540453124712
2639964752488
1556541507160
2656053134936
1831419414104
2930931041880
1487822030424
2587333658200
1746544445864
2846056073640
1534815783528
2570975807144
1746342086312
2930680416660
1540117400152
2639629027928
1487553530456
2587065158232
1467438417576
2566950045352
2656858375592
1553254204840
2652765832616
1553001514408
2652513142184
1552264283560
2651775911336
2571160143460
1762448984404
2863034354004
1826873493844
1534815717716
2910210901588
2927390770772
1467101890132
2566613517908
1741979797076
2841491424852
1470591485608
2570103113384
1745469392552
2844981020328
1539310962344
2638822590120
1814188869288
1487771354792
2587282982568
2634579003028
1557564573092
2657076200868
1832442480036
2931954107812
1466096240984
2565607868760
2840485775704
1534815717720
2634327345496
2909205252440
2588339964244
2863217871188
1815245850964
2914757478740
1471648467284
2571160095060
2846038002004
1540367944020
1487821686168
2587333313944
1488644883864
1487838808680
2587350436456
1484551505572
2584063133348
1553270982308
2652782610084
1828148889252
2927660517028
1484601836952
2584113464728
1484600724072
1742298843496
2841810471272
2910529948008
1810952260180
2910463887956
1553254222420
1828132129364
2638538492248
2652765850196
2927643757140
1539312272740
2638823900516
1556290636440
2655802264216
1553052551832
2652564179608
1552247589528
2909120316776
2857580709224
1810968757848
2910480385624
2571245078888
2571178248808
1540451895960
2930880367016
2927660517800
1539312338596
2931753060776
1557297449320
2656809077096
1831352043112
1535084431956
2634596059732
1809962338900
2909473966676
1762365164116
2861876791892
2584061757076
1827142272616
1466079528612
2565591156388
1551978874532
1540435379544
2639947007320
1815313286488
1467085376164
2566597003940
1535804852900
2857665644900
2844780743012
2926385121636
1466096240996
1535804803668
1535821367656
2635332995432
2651440122536
1814189934184
2913701561960
1467169195668
2566680823444
1487502919012
2930948852132
1762717747620
2862229375396
1466096241000
2565607868776
1484281759320
1553001236056
2652512863832
1759159666264
2862211303000
1763774712228
2863286340004
2862160955812
2861877004708
1488628369060
2588139996836
1487502984868
2587014612644
1471665227176
2909204466340
1551994800804
1826872707748
1466095454884
1746543134120
2846054761896
1467168999768
2566680627544
1540367944024
1557547813208
2657059440984
1746527487576
2582786966868
1467371636392
2566883264168
1742249543336
1540099819156
1557279688340
2656791316116
2931669223060
2570891970196
2634309601892
1467354876504
2566866504280
1742232783448
2841744411224
1536074353240
2635585981016
1810952260184
2910463887960
1484534745688
2584046373464
2584130259560
2571161389720
1536141378964
2635653006740
1811019285908
1556542473620
2930932008340
1540436346260
2639947974036
1471380293284
1487486224980
2586997852756
1466297829028
2565809456804
1466095469912
1534814946648
2845853713752
1488644048216
2582788082260
1484551260520
1557548911000
2657060538776
2863218181736
2863017592424
2652497136228
2927375043172
1483192289892
2582703917668
1551911766628
2651423394404
2582769912488
1759160731240
2858672359016
1466348160408
2565859788184
1741226067352
1832493943444
1471716690580
1810952243816
1488896559784
1827125413528
2926637041304
1810699553384
1556290897304
2926384350872
2655801394836
1470390421140
2569902048916
1745268328084
2844779955860
2930679301780
1484283005608
1762448001368
2861959629144
1466079528616
1740957435560
2840469063336
1534799005352
2634310633128
1809676912296
2909188540072
1483259397800
1467085376168
2566597003944
1741963283112
2841474910888
1535804852904
2635316480680
2910194387624
1832443594088
2931955221864
1832493090152
2932004717928
2570154560168
1828147856744
2927659484520
1484533418596
2584045046372
1535872746916
2635384374692
1810750653860
2910262281636
1553052616100
2652564243876
1827930523044
2927442150820
2858722674084
1832509670808
1827862644308
1483191518804
2582703146580
1758069425748
2857581053524
1551910995540
2651422623316
2927374272084
1470659971496
1815330047572
2914841675348
1551978023336
2651489651112
1832493156008
2932004783784
1553068557668
2582786966884
2655802246808
1809693640040
2909205267816
1827862644312
1556542473636
1831420380580
2930932008356
1553321248164
1535805835688
2635317463464
1535084235176
2634595862952
1552197175652
2651708803428
2565858806100
1832158579288
1483527047508
1758404954452
2857916582228
1831436978776
2930948606552
1557297530456
2570891970200
2845769877144
2909138486612
1540099819160
2639611446936
1535888673188
1810766580132
2652580170148
2927458077092
1828198894168
1827946203736
2927457831512
2584046029208
1466348160424
2565859788200
1741226067368
2840737695144
1809945544104
2909457171880
1483528029608
2583039657384
2588138620516
1763504899684
1557279705764
1832224376420
2655801412260
2861893584536
2635401152868
2841542821208
1741241861464
2840753489240
1759143872152
1758338909848
2857850537624
1471716690584
1746594597528
1540436167320
2913768655460
1488896559768
2634511976868
1809878256036
2909389883812
1827058125220
2651691846052
1470390421144
2569902048920
2844779955864
1539109897880
2858940712296
1759210259816
2858721887592
2862211565156
1556541507172
1831419414116
1832443857512
2931955485288
1831151749736
2930663377512
2588357790356
2587266271892
1828130997656
2927642625432
1488912222632
2565523277412
1740889556580
2840401184356
1534731126372
2634242754148
1483191518820
2639695267220
2858990061204
1484600526484
1759478433428
1828197910164
2927709537940
2863034682020
2583056501396
2857934408340
2652831630996
1471733712212
2862967327332
1471397923428
2570909551204
1746275830372
2582703147432
2845787458148
1484618565976
2584130193752
1759496472920
2859008100696
1467438696792
2566950324568
1742316603736
1470306290340
1745184197284
2913415301796
1487486159524
2586997787300
2930595170980
1466297567640
2565809195416
1741175474584
2840687102360
1535017044376
1809894951320
2652564243880
1759211046312
2858722674088
2857866971544
1827930523048
1814256240216
2913767867992
1556558202456
2656069830232
1831436109400
2930947737176
1470658856536
2570170484312
1745536763480
1745251617428
2844763245204
2845769893480
1809877468776
2909389096552
1483459954280
2582971582056
1758337861224
1552179431016
2588340291176
2914489370216
1467353826920
1466078742936
2565590370712
1740956649880
1466296797844
2565808425620
1741174704788
1557364378004
1557631944020
2657143571796
1832509850964
2932021478740
1746610505044
2846122132820
1488912467284
1763790374228
2930864719252
1470574725732
2570086353508
1745452632676
2844964260452
1487754594916
1762632501860
1759479481704
1467421705576
2566933333352
1742299612520
1536141182312
2635652810088
1811019089256
2588072561316
1758422452628
2583056173460
1536157895060
2635669522836
1811035802004
2910547429780
1553337764244
2652849392020
1467438418324
2566950046100
1483527047512
2583038675288
1758404954456
2857916582232
1466347178328
2565858806104
1741225085272
2840736713048
1535066655064
1759226791272
2858738419048
2583860512104
1467169015144
1742046922088
1535888491880
1810766398824
1484348884328
1553068361064
2652579988840
1746526635620
1810700338772
2910211966548
2927391835732
2588407122600
1553002301012
1827880207956
2652513928788
1471715625640
1484282824276
2583794452052
2910211163496
2910212147860
1556491896488
1470592550568
2570104178344
1483191191188
2582702818964
2926300202644
1466011322004
2565522949780
2840400856724
1534815013268
1826788574868
1487823014564
2639612184212
1763504899688
2651775650200
2588424882584
1536157895064
1832242203032
2862229047704
1470659643800
2570171271576
1745537550744
1759496194456
1471733385624
2655784699560
2587065222824
1536074073512
2635585701288
1535084152232
1810951980456
1535821383080
2635333010856
1810699290024
2910210917800
1815263675812
1763724068260
1832443544996
2570171270804
1470592599380
2570104227156
1828148626772
2927660254548
1814173205844
2913684833620
2857648932180
2655785469268
2930663376212
2635384374612
1557548910168
1470592599384
1540184491352
2588156511576
1484551243096
2584062870872
1759429150040
1539295298904
1487755691352
2587267319128
1762633598296
2844981299604
2930880645524
2587283261844
2862161168788
1539311241620
2638822869396
2913700776340
1815044851108
2914556478884
1763505243556
1467437631848
2566949259624
1742315538792
2841827166568
1536157108584
2635668736360
1811035015528
2910546643304
1484617501032
2584129128808
1484551440980
2914556478820
1540166944100
1815044851044
2639678571876
1536091048532
2635602676308
1810968955476
2926568638036
1553270917716
2857849161300
2656069650084
1466279757396
2565791385172
1763791226212
2863302853988
1553270719844
2652782347620
1828148626788
2927660254564
1467371373924
1742249280868
1740957435236
2840469063012
1809878256040
2909389883816
1553336715928
2582703916392
1814240314728
2913751942504
1763791226216
1470592599400
2570104227176
1540184491368
2639696119144
1759160714600
2846039098728
2930931041896
2857581774184
1551911716200
2651423343976
2926301250920
1483192239464
2582703867240
1536091063896
2635602691672
1742299612568
2841811240344
1484600526488
1742298564248
2841810192024
1759478433432
1467420592744
2566932220520
1828197910168
2927709537944
2565808228948
2639896414804
1466028165716
1740906072660
1809625549396
2909137177172
1483208034900
2582719662676
1746543217236
2931686804072
2863285306724
1815313286500
2914824914276
1470306290344
2569817918120
2638537394856
2913415301800
1487486159528
1831083543208
1745452680612
2844964308388
1539294250404
2638805878180
2913683785124
2587266270628
1831352026532
1556474119588
1741158763156
2840670390932
2634243525268
1466280856212
2565792483988
1758338632340
2651423394452
1827058109076
1759227775380
2858739403156
2582769977748
2857647884692
2634528950680
2570153510228
1488559901092
1763437808036
1471380031908
1746257938852
2845769566628
1540099508644
1814977415588
1556290636116
2655802263892
1831168543060
2930680170836
1487571159380
2587082787156
2857597569624
1828147595864
1759159683672
1483276110244
2588088371800
1466028165720
1740906072664
2840417700440
1741242583460
2840754211236
1483544545700
1740890604884
2840402232660
1466012697940
1484282021524
2566613517924
1741979797092
2841491424868
1535821366884
2635332994660
1810699273828
2910210901604
1484281759332
2583793387108
1557631944024
2657143571800
1540117317992
1488912467288
1763790374232
2639628945768
1759144217252
1467086441124
2566598068900
1741964348068
1810683824804
2910195452580
1484266310308
2583777938084
1534798940756
2634310568532
1809676847700
2909188475476
2651490437716
1487504033172
1762381940116
2861893567892
1466280854932
2913684833684
1810968757652
2910480385428
1467371373972
1742249280916
2841760908692
2656792103576
2857581824664
1763438906008
1828215949992
1745452632680
2844964260456
2652849670824
1551911717224
1556273841560
2655785469336
1813921547672
1762381940120
2861893567896
1742249280920
2841760908696
1536090850712
1810968757656
2910480385432
1471733466772
2571245094548
1746611373716
2846123001492
1831168461224
2930680089000
1540452862376
1467169982888
2566681610664
1745537550760
1762717419944
2862229047720
1742316325288
1556290554280
1488912467300
2588424095076
1466078431828
2846038002020
1815245850980
2914757478756
1832425720164
1466347963812
2914775352740
1467371373988
2566883001764
1742249280932
2841760908708
1536090850724
2635602478500
1810968757668
2910480385444
2914506918568
1540117383848
2639629011624
1827880207960
1484282824280
1759160731224
2652513928792
1553002301016
2841492489816
2588408382808
1466012419496
1552196978088
2651708605864
1539093972392
2638605600168
1483544610216
2583056237992
2926569735592
1828131849640
2927643477416
1484283005592
1483191191192
2582702818968
2857580725912
2652580185492
1827946464660
2652765850212
2927643757156
2841744411236
1536074353252
2845837706596
1741241812372
2840753440148
1488912483732
2651774879124
1827141158292
2926652786068
1466363905428
2857933309332
1551994815892
2651506443668
2927373944212
1483276389028
1758154295972
2857665923748
1471666292136
1551995865764
1810682447252
2910194075028
1831369017752
1762649541016
2862161168792
2913483459172
2863016871336
1488627336616
1471447467432
2570959095208
1746325374376
1540166944168
2639678571944
1815044851112
1557346813352
2570893035156
1488561276564
1540100884116
2639612511892
1557280753300
2656792381076
2841543001688
2584063068760
1553270917720
2652782545496
1534999234136
2634510861912
2858939746916
1471665310308
2571176938084
2840417700452
1809625549412
2909137177188
1483208034916
2582719662692
1758085941860
1758421681560
2857933309336
1552263251352
2651774879128
1827141158296
2926652786072
1763521955224
1467437647256
1557631960472
1470658872728
2588140013928
2566664128164
1466280856228
2565792484004
1741158763172
1535000332964
2635585702564
2910463609508
1814978513572
2914490141348
2909389867684
1827058109092
2857849489768
2844779759972
1762448001380
1810950882644
2566865126740
2841743033684
2910462510420
2635584603476
1483459955048
2582971582824
1828147595880
2909137177192
1483208034920
2582719662696
1758085941864
1551927511656
2651439139432
2926317046376
1488576744040
2588088371816
2914842397332
1557632731796
2657144359572
2932022266516
1488913255060
2588424882836
2913684850008
2863302789780
1832427095636
2566883281576
1471649842772
2571161470548
1487754642856
1470574773672
2570086401448
1745452680616
2844964308392
2638805878184
1556474119592
2910463609512
1763438906024
2656792103592
2931670010536
1557548911272
2657060539048
1762449262228
2861960890004
2638622590612
1813988869780
1831168738964
2930680366740
1745269393044
2844781020820
2582786689704
1471380031912
2570891659688
2845769566632
1745536501352
1762449066328
1470658594408
1470391290200
1745269197144
1813988673880
2913500301656
1759159666280
2858671294056
1827879143016
2858655845032
2910195452584
2652497414824
1467086441128
2566598068904
1741964348072
2931753911892
2841475975848
1535067375256
2634579003032
1809945282200
2909456909976
1763438134932
2862949762708
2909389096596
2926568965780
1552179431060
2651691058836
1466280085140
2565791712916
2840687446696
2582787017316
1483275389540
2931754093204
2862229325396
1534814733652
1826872509780
1758153033044
1759210981716
1742031112532
2841542740308
1810750589268
2910262217044
2857664660820
2635668751780
2638621541796
1813987820964
2913499448740
2565875533220
1741241812388
1535083382180
2634595009956
1809961289124
2909472916900
1488828336488
2588339964264
2846038002024
1815246898772
2914758526548
1815312958824
2914824586600
2862949746340
2931669223076
1471448435300
1742232783464
1759412652648
1553253172888
2652764800664
2862949762712
2909389096600
1483459954328
2582971582104
2857849489048
1552179431064
2651691058840
1746274765156
1487570306472
1483275339176
2587081934248
1763521955240
2863033583016
1758421681576
2857933309352
2566949275048
2841827181992
2635668751784
2910194075032
1759142839704
2858654467480
2857934407076
1466365003172
2565876630948
1741242910116
2840754537892
1809962386852
2909474014628
2651775976868
2657059685988
1557548058212
1488561276568
1471381407384
2570893035160
1540100884120
2639612511896
1484350130596
1759228037540
2858739665316
2927459142052
1471716690596
1746594597540
2846106225316
2863286094500
1535889738148
1553069607332
1763706553956
1471648777828
1483276372376
2582788000152
1746326095460
2845837723236
1471448188516
1466364955240
2861959629160
2910462510424
1553252844888
1831167478120
2930679105896
1484533368152
2639612168792
2565876583016
2840754489960
2862967571860
2862144374164
2845836723604
2863302789784
1763791162008
1557632731800
2639964490392
2914842397336
1488913255064
1759496472932
2859008100708
2635669801316
1539362343588
1539109653156
2570909533588
1758355343780
2857866971556
2926586448292
1466297567652
2565809195428
1741175474596
2840687102372
2930680366744
1535017044388
2634528672164
2587082983064
1762380825960
1470391486104
2569903113880
1745269393048
1539110962840
2638622590616
1484349867604
1536073303716
1741157992100
2840669619876
1466280085156
1483459954340
2582971582116
2857849489060
1534999561892
1487838725732
2857849406824
2570908420708
1470659724900
2565590370724
1740956649892
2840468277668
1534798219684
1809676126628
1466078742948
2927457879448
2656875988564
2566597789268
1488896542292
2588408170068
1741175539284
2840687167060
1483477501524
1758355408468
2634528736852
1551911699864
2651423327640
1826789606808
2926301234584
2845854762388
2863034631572
1471465227668
2570976855444
2913701611096
2863017641560
2931938444888
2656792102488
1467086161496
2840687167064
2634528736856
1483477501528
2582989129304
1483527784872
2858922904228
1763506276008
2863017903784
1741964068436
1556474398376
2652764800680
1483459954344
2582971582120
2857849489064
1552179431080
2651691058856
1540436428184
2639948055960
1815314335128
2841744131684
2930864703076
2657144424036
1471716673124
2571228300900
1483477501540
2582989129316
1758355408484
2857867036260
1552196978276
1762717697624
2862229325400
1466095256920
2583844702552
2565606884696
1740973163864
1484333074776
1467153205592
2566664833368
1535872682328
1534731896424
1810968757864
1758086973032
2857598600808
1484333139560
2583844767336
1556290618984
2655802246760
1759412373096
2582720693864
1470390487464
2910479616616
2569902115240
2844780022184
1483527047524
2583038675300
1758404954468
2857916582244
2926636058980
1466347178340
2565858806116
1832157595304
2931669223080
2932022543700
2846123197780
1471733663060
2571245290836
1488913532244
1466297829032
2565809456808
2840687363752
2844982068628
2638823638420
1814189917588
2913701545364
1762650310036
1556491879828
1831369786772
1745470440852
2570104161684
2932022331028
1758137583204
2857649210980
2910462821716
1553336994452
1466365003176
2565876630952
1467437648532
1487553578388
1762431485332
2844763243924
1536157125268
2638604813716
1813971092884
2913482720660
1556273055124
2655784682900
1831150962068
1552180414100
1827058321044
1827074885032
2926569948820
2639612512660
2914490419604
1484350130600
1467170261416
2588340274792
1471648777832
2571160405608
1746526684776
1536141199764
2635652827540
1758085859732
2638554432872
2634594747752
1466281069144
2565792696920
1741158976088
2840670603864
1488628057704
2588139685480
1556475365780
1553253942932
1809945347732
1759412373140
1763506013844
1466297632404
1741175539348
2840687167124
1535017109140
1483477501588
2582989129364
1470390421160
2569902048936
1535083431572
2634595059348
2909472966292
2909121431192
1827058108056
2657144424088
1827880191640
1763506013848
2863017641624
1553002284696
1831369852568
2930881480344
1762717484696
1831150914136
2930662541912
1762381941336
2861893569112
1470642144596
2570153772372
1745520051540
2845031679316
1539361621332
2638873249108
2587333641556
2588155659684
1471464162724
1746342069668
2566932285092
2927709537956
1487772468900
2587284096676
1762650375844
2862162003620
1467354597028
1536141182628
2635652810404
1811019089572
2910530717348
1487571142308
1811036080488
2910547708264
2841828231528
1759496472936
1828215949672
2927727577448
1832158381736
2931670009512
2926569735848
1557632796328
1763506013864
1741175539368
2840687167144
1535017109160
1758405740200
2857917367976
2638806091108
2913683998052
1551911700052
1466297567656
2565809195432
1535017044392
2634528672168
1813903657364
2913415285140
1470306273684
1470658856552
1745536763496
2638889961064
2913767868008
1487838725736
2913432340056
1483258612136
1809676126632
1758085941908
2857597569684
1471665310356
2571176938132
1746543217300
1483208034964
2582719662740
2651439139476
1826805418644
2926317046420
2634243787412
2909121694356
1551912028820
2651423656596
1763724133716
1763523003800
2863034631576
1471465227672
2570976855448
1746343134616
2845854762392
1540184704408
2639696332184
1815062611352
1467421722264
1536141199000
2914489026212
1815329981796
2914841609572
2657143571812
1832509850980
2932021478756
1814977398436
1471732598116
2571244225892
2652514175636
1487755707812
2587267335588
1762633614756
1826873559636
1552197175656
2651708803432
1827075082600
2913700579992
2910479354520
1828147595928
2927659223704
1551927511704
2651439139480
2926317046424
1488576744088
1467101907608
2566613535384
1810766383700
2651758152040
1827124431208
2926636058984
1466347178344
2565858806120
1741225085288
2910211966564
2914506132052
1484282824292
2583794452068
1553002301028
1827880207972
1467102955108
2566614582884
2914842674520
2910212147876
2565522949796
2840400856740
1534730798756
2634242426532
2909120333476
1483191191204
2582702818980
1826788574884
1470592533912
2570104161688
1745470440856
2844982068632
2638823638424
1814189917592
2913701545368
1809944234344
2914490090840
2656003507608
1810767432040
1827075148456
2926586776232
1828197927592
2635668753048
1484617517720
2584129145496
1470373709208
1745251616152
1539093185944
2638604813720
1813971092888
2913482720664
2635601626728
1536089998952
2909187425896
1466011305384
2565522933160
2862161168804
1745469671844
2844981299620
2638822869412
2913700776356
2930596285028
1484551440996
1467371571812
2566883199588
1742249478756
2841761106532
2909388768868
1536091048548
2635602676324
2565791385188
2840669292132
2634510861924
1484266292824
2846121870692
2913751156056
1487822013784
1762699920728
2862211548504
1470642144600
1540100801940
2639612429716
1814978708884
2914490336660
1741175735912
1814255995492
2639695267240
2656875136424
2583793404580
1758085941924
2857597569700
2634259270308
1809625549476
2909137177252
2582719662756
1828147595940
2927659223716
1553001253540
1746276009620
2845787637396
1488577971860
1763455878804
2862967506580
2635669867108
2910547774052
2840469080484
2571244029604
1746610308772
2846121936548
1470306273688
2569817901464
1745184180632
2845837985444
2844695808408
2638537378200
2863236024916
1471648531800
1553001253544
2857597569704
1740906072744
2840417700520
1809625549480
2582719662760
1467101907624
2913500301668
1487571159396
2587082787172
1556290636132
2582988293524
1758354572692
2857866200468
1535016273300
2634527901076
2909405808020
2651707770260
1827074049428
1471732598120
2571244225896
1746610505064
2846122132840
1540452074856
2639963702632
1815329981800
2914841609576
1488912467304
2588424095080
2926585481624
1471666538068
2571178165844
1557565883988
2657077511764
1832443790932
2931955418708
1826856716900
2926368344676
2639897642580
1746544445012
1810683808148
2910195435924
1552985770388
2652497398164
1827863677332
2927375305108
1741964331412
2841475959188
1484266293652
2571160356456
1809878501976
2909390129752
1483460987480
2909457238424
2634326641048
1809692920216
2909204547992
1827879143764
2927390771540
1484282824296
2583794452072
2566614582888
1535822431848
2635334059624
1553002301032
2652513928808
1759160912552
2927392017064
2858672540328
2840400856744
1534730798760
2909120333480
1483191191208
2582702818984
2857580725928
1466011322024
2651507280228
1556557956456
2656069584232
1470591568216
2927643740500
1484601576036
2931736070804
1539093908136
1827862316452
2927373944228
2926385202516
1466096321876
2565607949652
1740974228820
2840485856596
2634327426388
1534815979924
1809693886868
2909205514644
1551995849108
1466096503188
1826873756052
1758154279316
1487822801556
2587334429332
2927659158164
1762649541032
2862161168808
2913700776360
2655802509732
1832158660260
1471381407396
2570893035172
2845770942116
1540100884132
2639612511908
2914490418852
1557280753316
1813971813972
2846122134116
1556558022312
2913483441748
1539093907028
2638605534804
1470390241940
2569901869716
1745268148884
2588071774804
1763438053972
2862949681748
1814977661524
2914489289300
1557279623764
2656791251540
1832157530708
1534999234152
1831352289636
1763455878808
2932022266532
1763791162020
2846122920612
2863302789796
1551927708248
2651439336024
1826805615192
2926317242968
1759227775384
1539378154068
1470391486116
2569903113892
1745269393060
2844781020836
1539110962852
2638622590628
1813988869796
2913500497572
1487571355300
1762449262244
2652496022180
2927373929124
1470391290216
1745269197160
2565808424344
1535016273304
2634527901080
1809894180248
2909405808024
2582988293528
1758354572696
2857866200472
2651707770264
1827074049432
2571178165848
2846056072792
1540386014808
2639897642584
1815263921752
2914775549528
1557565883992
2840468998760
1534798940776
2634310568552
1483259333224
1827863677336
2927375305112
1484266293656
1467086424472
2566598052248
1741964331416
2841475959192
2635317528984
2910195435928
1813972142756
2913483770532
2913768932964
1809692640612
2909204268388
1466095256932
1467153205604
1535872682340
1553052551524
2652564179300
1466079807908
1746275764564
2845787392340
2861959645844
1811035801236
2910547429012
1828215670420
2927727298196
1553254205784
2652765833560
2927643740504
1828132112728
1741962970536
2841474598312
1759142839720
2858654467496
1810682447272
2910194075048
1827862316456
1740974228824
2840485856600
2927373944232
2909205333336
2910194386328
1551995849112
2651507476888
1539362409112
2638874036888
1745520839320
2845032467096
1466096503192
2565608130968
1740974410136
2840486037912
2927391050072
1827074098516
1552196191572
2651707819348
2926585726292
1809945626980
2926637123940
2565876583060
1741242862228
1742298843560
2841810471336
2840754490004
1466364955284
1471381407400
2570893035176
1540100884136
2639612511912
1488561276584
2588072904360
1813971813976
2913483441752
2655785403992
2930663310936
1470374430296
1745252337240
2844763965016
1539093907032
2638605534808
2931669158488
1488560147032
1763438053976
1557279623768
2656791251544
2571228301716
2846106208660
1540436150676
2651775732116
1827142011284
2926653639060
1540167648596
2639679276372
1815045555540
1832225424724
2931737052500
1471448171860
1746326078804
1763505947988
2863017575764
2914557183316
1557363329428
2656874957204
2588088617636
2844764308884
2569886401940
1470374774164
2861944178068
1745252681108
1810950882664
1813971044964
2913482672740
1826873575060
2926586725800
1552197191080
2651708818856
1759495211684
2859006839460
1535889803604
2652581300564
1553069672788
1534816061780
1809693968724
2909205596500
1483276454228
2582788082004
2857665988948
1745520052824
2845031680600
2570153773656
2914842397352
1488913255080
1763707618920
2863219246696
2914758854248
2657144359592
1832427095656
1484332026516
2583843654292
2841541692052
1831435930200
2930947557976
1487838546520
2587350174296
1556558023256
2656069651032
1740957451876
2840469079652
1470391486120
2569903113896
1539110962856
2638622590632
1487571355304
2587082983080
2655802459816
2927392015716
1742316669272
1466096585048
2565608212824
2926385465688
1534816061784
2634327689560
1483276454232
2582788082008
1814240593236
1556542555476
2656054183252
1832242284120
2656876004952
2931753911896
2931754108324
1471465227684
2841811256996
2566933350052
2584113219236
2570976855460
1746343134628
2845854762404
1540184704420
2635652826788
2652832695972
2914824587860
1484600461908
2584112089684
1759478368852
2858989996628
1828197845588
1557347780260
2656859408036
2931737314980
2909456206484
2565858822804
2840736729748
2638621345124
1539109717348
1813987624292
2913499252068
1470307338644
1745185245588
1556206684564
1831084591508
1762717697640
1826872509800
2926384137576
1534814733672
2634326361448
1483258562132
2583844702568
2862229325416
1466079807912
1827879405204
1745202070936
2566680627560
1762700904084
1759496193688
2859007821464
2927727298200
2932022543716
2846123197796
2639964767588
1471733663076
2571245290852
1746611570020
2846121871784
1470592533924
2570104161700
1745470440868
1762650310052
2862161937828
1831369786788
1534731831960
1556491879844
2930881414564
2634243459736
2909121366680
1551995865684
2651507493460
2926385400404
2913684785492
1556475119956
2655986747732
1831353026900
2930864654676
1552179153256
1759495424676
2859007052452
1742315555492
1470373709220
2569885336996
1745251616164
2844763243940
1539093185956
2638604813732
1813971092900
2913482720676
2861943113124
1487553578404
2926300251752
1536156845400
2927660516968
2635401431396
1466096585060
2565608212836
1534816061796
2634327689572
1483276454244
2582788082020
2858739730788
1536157125204
1815314057624
2914825685400
1534732159572
2634243787348
1809610066516
2909121694292
1831167675028
1811035802260
2656859145560
1832225424728
1763521759640
2863033387416
1815061367192
2861944178072
2930663654808
1831150914152
2930662541928
1832241236376
2931752864152
1470642144612
2570153772388
1745520051556
2913751156068
1535889787540
2652849736040
2859008166248
2857665988968
2926385465704
2652581300584
1467170326888
2566681954664
1742048233832
1759209933464
2858721561240
2927441037976
2863285225048
2588407318104
1763773597272
2863016806756
1832224655716
2931736283492
2652765570452
1828131849620
2845787441508
2584062084696
1759227774552
2858739402328
2638537378212
1813903657380
2913415285156
1487486142884
2586997770660
2861875677604
2930595154340
1556205619620
1831083526564
1762700904020
2862212531796
2841811437140
2655785666132
1487822997076
1535872943700
1483259594324
2582771222100
2634310829652
2587334624852
1815329998484
2914841626260
2657143588500
2932021495444
1471732614804
1746610521748
2846122149524
1540452091540
2861960890020
2932021299544
1488912288088
1557631764824
2587334706520
2862212613464
1556542555480
1740890589860
2840402217636
2909121694372
1483192552100
2582704179876
2926301563556
2583039460760
2840484742500
1471465227688
2570976855464
1746343134632
2845854762408
1540184704424
2566933350056
1810750915988
2910262543764
1536140069464
2635651697240
1811017976408
1484600461912
2910529604184
2927709473368
2858989996632
2584112089688
2657144375912
2565591352920
1740957632088
2840469259864
1483259594328
2582771222104
1758137501272
2652564440664
1831420380760
2930932008536
2845786605912
2861876742552
1831084591512
2930596219288
1745185556132
2844697183908
2927726527832
2926367573592
2651489666648
2565859591844
2840737498788
1809626580568
2926318077528
1483209066072
1551928542808
2651440170584
2566932564372
1742298843540
2841810471316
1535000595044
1809878501988
2862228063652
1763791439208
1832510915944
2583843931476
1759210210644
2858721838420
2927441315156
1484332303700
2652563408212
2858672342356
2910211949908
1467102938452
1484282807636
2583794435412
1759160714580
2635334042964
1553002284372
2652513912148
2857649210984
1470592533928
2570104161704
1745470440872
1758069081492
2844982068648
1814189917608
2913701545384
1809608689044
1809625811556
2909137439332
2657143572888
1467437648552
1742315555496
1470373709224
2569885337000
1745251616168
2844763243944
1539093185960
2638604813736
2914505869972
1557296204436
1539378136484
1556206995092
2655718622868
1831084902036
2930596529812
1745185556116
2844697183892
1470307649172
1539110963608
2846122199396
2566932563560
1553001449812
2652513077588
1827879356756
2927390984532
1535083431576
2909472966296
1534999217492
2634510845268
2909388752212
2858991323748
1557346749076
2656858376852
1759479678564
1809677108836
1483259594340
1553052812900
1831420380772
2930932008548
2566665094756
1742031373924
2841543001700
1484333336164
1832241220008
2931752847784
1762699920744
2913751156072
1831419397480
2930931025256
2571176921684
2846054828628
1488845163092
2588356790868
1763723070036
1832442546772
2931954174548
1813970847316
1471398102692
2845787637412
1814995486372
2845836937576
2914556414312
1832224655720
2931736283496
1483207951700
2582719579476
1758085858644
1826805335380
1553001170260
2930880365908
1484281693524
2862950746708
1553270654632
2652782282408
1828148561576
2927660189352
2569817901480
2638537378216
2841474927204
2583844963944
1762700904040
2638605796968
1483259594344
2582771222120
1814240511592
1553052812904
2652564440680
1831420380776
1535872943720
1540452091544
2588424111768
2657143588504
1488846226776
2588357854552
2863235761496
1831084902756
2930596530532
1551912028840
2926301563560
1466012682920
2565524310696
2840402217640
2909121694376
2582988293540
2857866200484
2651707770276
1745252418964
1814977398440
1535821301080
2840417617240
2909137093976
1483207951704
2582719579480
1758085858648
2857597486424
1553001170264
1827879077208
2571178165860
1746544445028
2846056072804
2639897642596
1815263921764
2914775549540
1488846407268
2588358035044
1557565884004
2657077511780
1487554300312
1759144200612
2858655828388
1552985770404
2652497398180
2927375305124
1810683808164
2910195435940
1467086424484
2914557200740
2639679293796
1540167666020
1815045572964
2930863589736
1556475382436
1759478712728
2927709817240
2569834939812
2844764046740
2652563408216
2566614566232
2841492473176
2635334042968
2583794435416
2652513912152
1553002284376
1740889212312
1809608689048
2909120316824
1483191174552
2582702802328
1758069081496
2857580709272
1551910651288
2651422279064
2582989343060
2857867250004
2570908486296
1746274765464
1540116335256
2930596529816
1483209279060
2565607949668
1740974228836
2840485856612
1534815798628
2634327426404
1809693705572
1740974410148
1556542278308
2656053906084
2840486037924
2909205514660
1551995849124
2651507476900
1759159945572
2862212336292
2926317290904
2651774880084
2638605534820
2634310584660
2569886058084
1539093907044
1471666275924
2931670271380
1540100867476
2639612495252
1814978774420
2914490402196
1832157530724
1557279623780
2656791251556
1471381390740
2570893018516
1556222395748
2565539710308
1551927428452
1810699208036
2910210835812
1828147512676
1466296517988
2565808145764
1826805335396
1763723003236
1741981058408
2841492686184
1467103151464
1814255994260
1814257108376
1557614921044
2657126548820
1814255995496
2913767623272
1832492827988
1556492141908
1831370048852
2863234697816
2655987058264
1762633860696
2930864965208
1487839513172
1484618287700
2584129915476
2910278994516
1827141929556
1552264022612
1759496194644
2859007822420
1467438418516
1828147594580
2583056435556
1758422714724
2656809076392
1763455878824
2931686983336
1466079545768
2565591173544
1740957452712
2862160889192
2858939663720
1483207951720
2582719579496
1758085858664
2857597486440
1551927428456
2651439056232
1826805335400
1487839790692
1831435930212
2930947557988
2927659403668
1553269868948
1832225506728
1466364676696
1759496194648
1484618287704
1535084153432
2634595781208
1831436174760
1813988853140
2913500480916
2861960956308
1745537894804
2638622656916
1831168722324
2656808109396
1809693968788
1535889803668
1810767710612
1467170326932
2910547773844
1759428364964
2565808424360
1466296796584
1810951195284
2910462823060
1484533680788
2584045308564
1759411587732
1828131064468
2927642692244
1467353745764
2566865373540
1742231652708
2841743280484
1484617517732
1810950867348
2926384154260
1809692657300
1535872699028
1810750605972
2910262233748
1826872526484
1551994619540
2651506247316
1467153222292
1742031129236
2841542757012
2652781249896
1467086424488
2566598052264
1741964331432
2841475959208
1535805901224
2635317529000
1810683808168
2910195435944
1484266293672
2583777921448
1746342873492
1813971879336
2913483507112
2657144703384
1832510982552
1758154361240
2857665989016
1551995931032
1826873837976
2926385465752
2932022610328
1553069672856
2570908486308
1746274765476
2845786393252
1553001236824
2652512864600
2927390771544
2927373993316
1466363890340
2565875518116
1741241797284
2840753425060
2930948785492
2638621329000
1467438417572
2655734352292
1831100631460
2930612259236
2566950045348
1742316324516
2841827952292
1536157894308
2861876020632
2927710800468
2571245094312
1741241615956
1535083185748
1484601526868
1467421657684
1551979088292
2927710538324
1758421666452
1552263236244
2651774864020
2932021479076
2858924263784
2584046356840
1828132112744
1557631944356
1466363890324
2840736729448
1466096321896
2565607949672
1740974228840
2840485856616
1809693705576
2909205333352
1483276191080
2582787818856
1740974410152
2840486037928
1814240316072
1745520839336
2845032467112
2909205514664
2639947712932
1815313992100
2857665907112
2913751943848
1536141198936
2635652826712
2910530733656
1745202283928
1536090851748
2841559517796
1487839513188
2584129915492
1466364676708
2909473688164
2583056173668
1470374430312
2569886058088
1539093907048
2638605534824
1759209997652
2861959645864
1471381390744
2570893018520
1746259297688
2845770925464
2914490402200
1471380277864
2570891905640
1488560147048
2588071774824
1557279623784
2657126812244
1832509655400
2932021283176
1487504034132
2587015661908
2638555269460
1556223510868
2655735138644
1470374496596
2569886124372
2587081984404
2861959891348
2656808880472
2586998884696
2588408170840
1763774450008
2844713699672
2862967310680
1470374496600
1763505948004
2863017575780
2656874957220
1746341890468
1470374774180
2569886401956
1539094250916
2638605878692
2845853518244
2914572994980
1832241236388
1470659644008
1827947235944
1467438418536
1742316325480
1484618287720
1553337764456
1831150897492
1466096585124
2565608212900
1740974492068
2655802526116
2635401431460
1745269459364
2844781087140
2862967310692
1746275813732
2570909534564
1540117383524
1814995290468
1557297252708
2656808880484
2931686787428
1813988657508
1827929410212
2927441037988
1535889525096
2931737119080
2926636845416
1540100606312
1488577775976
2588089403752
2582989130088
2638889781864
1487838546536
2587350174312
1809626843496
2651708540520
1745269376408
2844781004184
1827125216920
2926636844696
1539110946200
2638622573976
1813988853144
2862229391784
1556559333800
2909205596584
1483276454312
1762448213588
2861959841364
1809961289300
2634595010132
2651774879316
1827141158484
1484617516628
2584129144404
1471732418916
1488912288100
2588423915876
1763790195044
2863301822820
1556542555492
1831420462436
1540451895652
1539362686308
1470643209572
1745521116516
1536157108884
1815263742376
1759211324772
2858722952548
2909204285080
1467153222296
2566664850072
1742031129240
2635384326808
1556205684116
2655717311892
1831083591060
2930595218836
1827862562392
1487554561684
1740957632148
2840469259924
1466079725204
1467153467028
2566933333396
2566932220516
1467420592740
2927643690388
1553254155668
2926636075684
1551995913620
2651507541396
2569818966436
1745185245604
2638538443172
2586998835620
1470658872920
2570170500696
1759226988120
1831167690328
2930679318104
1466363905624
2565875533400
1741241812568
1810766595672
2910278223448
1759226791316
1467169015188
2909187704420
2565590320740
1483258562148
1758136469092
2857648096868
2634309797476
1762431239844
1534748673636
2634260301412
1809626580580
1742316390804
2841828018580
2656053905812
1746275813780
1557346469524
2656858097300
1471447123604
2570958751380
1746325030548
1536157173140
1811035080084
2565524048280
1740890327448
2634243525016
1466029197720
2927660255640
1759496259992
2859007887768
2862145227160
2931737119128
2565875336792
1741241615960
2840753243736
1535083185752
1828198910552
1758421666456
1552263236248
2651774864024
2909472901784
1483543759512
2583055387288
1556475119972
2655986747748
1746594580900
2846106208676
1540436150692
2639947778468
1815314057636
2914825685412
1488896543140
2588408170916
2926569736612
1557632797092
1552196191576
2651507230040
2565859804836
1553336796500
2584062806612
1828214703444
2565524048296
1740890327464
1551978875304
1810968758696
2910480386472
1557548911016
2657060538792
2840418732456
2566597790120
1484617501076
2584129128852
1759495408020
2859007035796
1557614904916
2926653639064
1470642161300
1557616019880
2846106208680
2657144637080
2570153789076
1745520068244
2845031696020
1815314057640
1551911716244
2840401905044
2909121381780
1483192239508
2582703867284
2845769550420
2656874957224
1484617304744
2584128932520
2655785747880
1759495211688
2861944178088
2863033387432
1831152027048
2930663654824
1832175176340
1815262955928
1470591501928
2930595416404
1813987821156
2913499448932
2566949275236
2651774879332
1827141158500
1466363905636
1741241812580
1831167690340
2930679318116
1742249559656
1827929410216
1553269868116
2652781495892
1828147775060
2927659402836
1487554561700
2657127843492
1467153467044
1762432468644
1742031373988
2841543001764
1815329998500
2657143588516
2846122149540
1540452091556
1814190000468
1539312093524
2861959841384
1759226988136
1813987821160
1484617516648
2584129144424
1467437647464
1742315554408
1536157124200
2930932090216
1827946464872
2656875153832
1471732418920
2571244046696
1471666358868
1746544265812
1540385835604
1557565704788
1828148890024
2587014546836
1539042526612
2638554154388
1466028082580
2565539710356
1740905989524
2840417617300
1809625466260
1831351978644
1539043657300
2638555285076
1813921564244
2913433192020
2652781250980
1467421705624
2566933333400
1742298499688
2841810127464
2634579265192
1809945544360
2569886320296
2639947974312
1487554561704
1745252599464
1539094169256
2638605797032
2634310829736
2565858822824
2910261167464
1831084591528
2841811192420
1467421657700
1467169015192
2566680642968
2583860512152
1740956599912
2840468227688
2634309797480
1488559883608
2588071511384
1740907103848
1551928542824
1810699291284
2862144456024
2910210919060
2587014546840
1557564573080
2862160889240
1762649261464
1759428035992
1467101824408
2566613452184
1557346469528
2656858097304
1763504899736
2863016527512
1832224376472
2931736004248
2652563408228
2927441315172
2841541969252
1484332303716
2583843931492
1487838464408
2587350092184
1741980845412
2841492473188
2858672342372
2926300186020
2639963457892
2914841364836
1758086187348
2857597815124
1470592812376
2570104440152
1828214703448
2927726331224
1471396858532
1488576727716
2588088355492
2930596529828
2586999146148
1762365425316
2569819276964
2861877053092
2655718622884
1831084902052
2566949259672
2635668736408
1484617501080
2652848605592
1471666276760
2571177904536
2846055811480
2845786342820
1534732159576
2634243787352
2914824570456
2639946663512
2588407055960
1809610066520
2909121694296
1742231668132
1556541507224
2656053135000
1762699937432
1483192239512
2582703867288
1758070146456
2857581774232
1551911716248
2651423344024
1488828597844
2588340225620
1488845161832
2588356789608
1832175176344
1483191256660
2582702884436
1758069163604
2857580791380
1488895772052
2863234697828
2931954174564
1553253942680
2652765570456
1552264021400
2651775649176
2587014546852
1466028082596
2565539710372
1740905989540
2840417617316
1809625466276
2909137094052
1483207951780
1831100647012
2930612274788
2845770877540
1746259249764
1467438483028
2566950110804
2651708541604
2571244242600
1488912484008
2588424111784
1540452091560
2926653557396
1535084153492
2634595781268
2909473688212
1741242583700
2840754211476
1467438418580
2927390770836
1741979797140
2841491424916
1535821366932
2635332994708
2844964325780
2638874298984
1557346813268
2656858441044
2910262543768
1471666358872
1746544265816
1488846228056
1534747624856
2634259252632
1809625531800
2909137159576
1540384703912
1556222395816
1759428036008
2858939663784
2910210835880
2930880365992
1488576660904
1466296518056
2565808145832
1552246277524
1762431502948
2932022266520
1557364296344
2861960612504
1759227759256
2587351141016
1758422452888
2857934080664
2651775650456
2914757478804
1832425720212
2931937347988
1483544611412
2583056239188
1467438484052
2566950111828
1742316390996
2841828018772
1763438905940
1534748674644
1487504034388
2841759860308
2584061822548
1759428101716
2858939729492
1466012420696
2565524048472
1740890327640
2840401955416
2931955223128
1758338632280
2857850260056
1471716674136
1762699856548
2927643757204
2841744411284
1536074353300
2635585981076
1742046906724
2582787754660
2857665661604
1484332303720
2583843931496
2858721838440
2652563408232
1827880191336
1467102938472
1552985720404
2652497348180
1827863627348
2583794435432
1535822415208
2635334042984
1553002284392
2566681676388
1535889525348
2635401153124
1810767432292
2583861545572
2571245079140
1557297252964
2914825685604
1809608689064
2909120316840
1483191174568
2584046094952
1466029197928
1763438905960
1827930524264
2927442152040
2638889764264
1826805664088
1557280408932
2656792036708
2930864981348
1556475446628
1746274765480
1488576727720
2588088355496
1832174127524
2587334378904
1832158643620
2931670271396
2570893018532
1746259297700
1540100867492
2639612495268
1814978774436
1488561259940
2582989145496
2857867052440
2926653835924
1831167478164
2930679105940
2857849144680
1552179086696
1487570094484
2587081722260
1762448001428
2861959629204
2652513143448
2909473688228
1552264022692
1540384770664
2651775650468
2926653557412
2930680089252
2841827953316
2655987058280
2846054828648
1762633860712
2862145488488
2913685096040
1487823078740
2840754277012
2582787803796
1535889525396
2638555269780
1556223511188
1813921548948
1832158595688
2931670223464
1832175159960
1466012420760
1536074074776
1745202072216
1539043642008
2861960678040
1467421706904
1831151749784
2930663377560
1758354557336
1488643852692
1763521759636
1487838529876
2587350157652
1762716436820
2862228064596
1814256044372
1556558006612
1552264022696
2932022266536
2583056173736
2857934080680
2859007822504
1827879143064
2927390770840
1813988853156
2913500480932
1831168722340
2930680350116
1470391469476
2569903097252
1745269376420
2844781004196
2584046095012
2587015662244
2655735138980
1826806450852
1814995290788
1467353811620
2566865439396
1742231718564
1539094186324
2638605814100
2913483721044
1745252616532
1466012420776
2565524048552
1740890327720
2840401955496
2634243525288
2909121432232
2569835793064
2638874036904
1483459675796
2582971303572
2926384154276
1759210998436
2582786770596
1540435053140
2639946680916
2639679293800
1539378334056
1557632027304
2638889961832
1814256241000
2913767868776
1556475382440
2910479354452
1763706243480
2914757478808
1832425720216
1535083382420
2634595010196
2565875533460
1741241812628
1483543774868
1758421681812
1831167690388
1467437647508
1742248232536
2841759860312
1536089802328
2635601430104
2910479337048
1553269671512
2652781299288
1811018040936
2910529668712
1828132129432
1483477715288
2582989343064
2857867250008
2841475909208
2566598002264
1741964281432
2635317479000
1810683758168
2910195385944
1552985720408
2857933112932
2926652589668
1762448213656
2656875153048
2858738615960
1552263251608
1467437647512
2566949275288
1742315554456
2841827182232
2857933294244
2634594994852
1552263236260
1827141143204
2926652770980
1540368254612
2639879882388
1557548123796
2657059751572
2931937658516
1471648777876
1484265965220
1759143872164
2858655499940
1471448188564
2570959816340
1488628057748
1557347534484
1758422731416
2857934359192
1827142208152
1466364955288
2565876583064
1741242862232
2840754490008
1809962338968
1557614921048
2657126548824
1832492827992
2932004455768
1556492141912
2656003769688
1831370048856
2930881676632
2566597002596
2583794698836
2858672605780
1742316603796
2841828231572
1536158173588
2635669801364
2859008100756
2571228251732
2932005504596
1831436109460
2930947737236
2863219230056
2931938706792
1470658856596
1470658660696
1745536567640
1539378137432
1814256044376
1556558006616
1831435913560
2909405594968
2587350157656
1471396792680
2638537721252
2565792680344
1745269376424
2565875533476
2926636844712
1535083382436
2634595010212
1809961289380
2909472917156
1827141158564
2926652786340
1484617517736
1467353811624
2566865439400
1742231718568
2841743346344
1536073288360
1810951195304
2652764785320
1813904786852
2913416414628
2656791005524
1539043658136
1813972093272
1487554578776
2587066206552
1762432485720
2861944113496
1556274055512
2655785683288
1831151962456
1535000611224
2634512239000
1809878518168
1552984655464
2652496283240
1826872526504
2926384154280
1467153222312
2566664850088
1742031129256
2841542757032
2858654713448
2656070945124
2566933333412
2841811240356
1534732175000
2634243802776
1552263251624
1762448213672
2861959841448
2932021495464
1809961289384
2909472917160
2913499449000
2927726528168
1741225085332
1742046922148
1484348884388
2858738419108
1535888491940
2913415285076
1832157350548
1539025750356
1813903657300
1831437157736
2930948785512
1809676059988
2634309780820
2909187687764
1483258545492
1810683808084
2910195435860
2863016527524
1471447123620
1832224376484
2931736004260
1539362620776
1814240527720
2634594813544
1809961092712
1483543578216
2845853764180
1759479433832
2858991061608
2927710538344
1741241797288
2840753425064
2634594994856
2909472901800
1483543759528
1535017387368
2634529015144
1809895294312
2914557511268
1471648777880
2846038312600
1540368254616
2910463822484
1553336796516
2914757789336
1488828647064
2588340274840
1811034834276
2635602479528
1828214703460
2841827166628
1811035015588
2910546643364
1484617501092
2584129128868
2570959816344
2639679293080
1471649826132
1540369302868
2639880930644
1809878500692
2909390128468
2926569997652
1827058369876
1551912027476
1534732158292
2863284962916
2588156724644
2863034631588
1828131079780
2927642707556
1470642161316
2570153789092
1745520068260
1810951195044
2926301250980
1540436412772
2565541103956
2840419010900
1534748952916
1809626859860
2582720973140
2857598880084
2927726250660
1832175176356
1471649826136
2571161453912
2909390128472
1557549172056
1467086423384
1556272990568
2655784618344
1758070457688
2857582085464
1762431420776
2861943048552
2639679604324
1539027061332
1813904968276
2913416596052
1471381390756
1809894230616
1534815734360
2634327362136
1809693641304
2909205269080
1467169015204
2566680642980
1763774449236
2863286077012
1487553317284
1759478711892
2910462757204
1557631944084
2657143571860
1832509851028
2932021478804
1815329981844
2914841609620
1488912467348
2588424095124
1763790374292
1471666358884
1540385835620
2639897463396
1557565704804
1470374709588
2569886337364
1539294202532
2638805830308
2587267336852
1828198958504
2927710586280
1742299612584
1553321051560
1745268131412
2844779759188
2857916582296
1467438696020
2565858806168
1827946268072
2566680642984
1810766398888
1484348884392
1740957697384
2840469325160
1551910668952
1553068361128
2858672359060
2927391835796
2566614582932
1741980862100
2841492489876
1535822431892
2635334059668
1810700338836
2857648080216
2651489650008
1826855929176
2926367556952
2565590304088
1740956583256
2910212147816
1534747837848
2634259465624
1809625744792
2909137372568
2863016527528
2931736004264
2565522934420
2840400841364
2863033633368
1809878500708
2909390128484
2652497397092
1551912027492
2651423655268
2926301562212
2582704178532
1745269130920
2844780758696
2926317291876
2656790988436
2931668895380
2652848424296
2859006854504
1759495226728
2927726331240
1467371390548
1742249297492
1536090867284
2841827166632
1536157108648
2635668736424
1811035015592
1484617501096
2584129128872
2652848605608
2582971254420
2857849161364
2926568638100
1827125233064
2931670271336
2926569997672
1467086423400
1741964330344
1810683807080
1831353337192
1832492811880
2932004439656
2639946663528
2588407055976
2930931041960
2914758837588
1740907383128
2913767884200
2846039360856
1540369302872
1488829695320
2639880930648
2914758837592
2913685095768
2862967327400
1535066605908
1809944512852
2909456140628
2651758102868
1552246475092
1483526998356
2858721839444
1828198123860
2657060751780
1832427030948
2931938658724
2914758837604
1814173468004
2638807188836
1471649826148
2652781495896
2583794697576
1556542539112
2656054166888
2571161453928
2846039360872
2587082787220
2638622394772
1813920761172
1746259233108
2926569686376
1470391290260
2858671294116
1827879143076
2927727315608
2927390770852
2926635797144
2571244225944
1746610505112
2846122132888
1540452074904
1815329981848
2914841609624
1826855946584
2926367574360
2840736663896
1483526998360
2583038626136
1758404905304
2857916533080
1552246475096
1827124382040
1467085130324
1741963037268
2841474665044
1762632501928
1831351978664
1488643770968
2657059506772
2931937413716
2914757478820
2570171353428
1745537632596
1814257109332
2913768737108
2635334059672
1484282824344
1827125430632
2926637058408
1467370325604
2635601430116
1810967709284
2910479337060
2584061822564
2652781299300
1763506226836
2863017854612
1828132129444
1467354876580
1763522790824
2863034418600
2926636780116
2587267581332
1540369302932
2639880930708
1467103200660
2566614828436
1826789624168
2565792744856
1741159024024
1535000593816
1809878500760
1471649826200
2571161453976
1484350178712
2583861806488
1551994554964
2651506182740
1758152985172
2857664612948
2862967310676
1557297252692
1488577775956
2588089403732
1763455682900
2634260302164
2926318078292
1815263725908
2857597815144
1826805664104
2926317291880
1484601836964
1470576084388
2570087712164
1745453991332
2844965619108
2638807188900
1814173468068
2913685095844
1487755953572
1759429166680
2927660271192
1484601836968
2584113464744
1466281117096
2565792744872
1741159024040
2634512221608
1487504295336
2587015923112
2926568638104
1466279757464
2565791385240
2634528737624
2926367574372
1535066605924
2634578233700
1557346748772
2583038626148
1556272728676
2655784356452
2857934359204
2927642379668
1762448001444
2909473966756
2652764472724
1831167478180
2930679105956
2582702884440
1758069163608
2857580791384
1484266293668
1540166879592
2639678507368
1762431437160
2861943064936
1745452877400
2639612168804
1814978447972
2914490075748
1556222723416
1470391290264
2569902918040
1745269197208
2844780824984
1539110767000
2638622394776
1813988673944
1832158579032
2931670206808
1487838529892
2587350157668
1762716436836
2862228064612
1556558006628
1831435913572
1467169195684
2566680823460
1742047102628
2841558730404
2926368344728
1759142906456
2858654534232
2840469080744
1831151962468
1470374709604
1745252616548
1539094186340
2638605814116
2913483721060
1487554578788
2587066206564
2914574239064
1483275126164
1484333074836
2583844702612
1759210981780
2635384310164
2652564179348
2845837707860
1557547813288
1815245851048
2914757478824
1832425720232
2845032745556
1539379202392
2930948606296
2909405807960
1487504034148
2587015661924
2844713699684
1488577775972
1763455682916
1467168999784
1536089802344
2910479337064
1484550194792
2584061822568
1553269671528
2652781299304
2914825962916
1759412652712
2926636780120
1832510655128
2566598002280
2841475909224
1557297252712
2656808880488
1552196979048
1483477502312
2652832614740
1483543561556
2583055189332
1758421468500
2857933096276
1552263038292
1466363692372
2571160405668
2846038312612
1540368254628
2914757789348
1471648777892
2931685755304
1810766334292
2565591369044
2840469275988
1483259610452
2582771238228
1758137517396
1813904787864
1534797957460
2634309585236
2926318290584
2639678490196
2570959816356
1746326095524
2845837723300
1540167665316
1815045572260
2914556397140
1551911700888
2914574305876
1471465294420
1488645163604
1763523070548
2845854829140
1745201300820
2844712928596
1488577004884
2588088632660
2638621329832
1762448001448
1467353499032
2566865126808
1813971045012
2651759134376
1467437714020
2863219246744
1471649826196
2571161453972
1534732158356
2634243786132
1832158643604
1487823078744
2859008100772
2587014890840
1483476731224
2582988359000
2909137438040
1557296481624
2656808109400
1758354638168
2857866265944
2655802508900
1831168788068
2930680415844
2584062020184
2570170484388
1745536763556
2845048391332
2587350353572
1762716632740
2862228260516
1814256240292
1831435913576
2656053070420
2930930977364
2638873201236
2570153724500
1539361573460
2652563129684
1551912027544
2655718622616
1832158643608
2931670271384
1534732158360
1809610065304
1483192550808
1758070457752
2569886337384
2638605814120
2913483721064
2913701808728
2845836936596
1556559267480
2656070895256
2582786753944
1758153033112
2857664660888
1551994602904
2651506230680
1467153205656
1742031112600
1535872682392
2639627897508
2914505804452
1745537631844
2840736713124
1539295561300
1741175801428
2840687429204
1470576084564
1471733663124
1488913532308
2588425160084
1535067702872
2634579330648
1539295561304
2638807189080
1814173468248
1741175801432
2840687429208
1470576084568
2570087712344
1466078676324
2565590304100
1762650393000
2858923936168
2638807189092
1487755953764
2587267581540
1762633860708
2862145488484
1556475430500
2655987058276
1535067702884
1557549172324
1466363692376
2565875320152
1741241599320
2840753227096
1763774711400
2863286339176
2570087712360
1745453991528
2638807189096
1553270982248
2652782610024
1557296481636
1832174388580
1488577004900
2656808109412
2931686016356
1471648777896
2846038312616
1540368254632
2914757789352
1488828647080
2588340274856
1759226726744
1746341808788
1758137517400
2926368621912
1831167493460
2845853436564
2588425226836
1809962404436
2909474032212
1832242547284
2931754175060
1488829695396
2862950794660
1553051501908
1471448188584
2570959816360
2639679293096
1471465294424
2570976922200
2845854829144
2858671573348
2914574305880
1488645163608
2588156791384
1557364640344
1746543478120
2846055105896
1540116612456
1552196207976
2655784635032
1483476731240
2582988359016
1758354638184
1815262954856
2914774582632
2861943065240
1556223511192
2861893569176
1831101418136
1745520051604
2565541103972
2840419010916
2634260580708
2909187769940
1762449328728
1832242547288
1488829695400
1758338893224
1556475430312
1832158643624
2931670271400
2909121693096
2655718622632
2859008100776
1811036080552
1828215949736
2927727577512
1557297252756
2914506918292
1832175159700
2931686787476
2844697119332
2913416596068
2930596465252
2909472654696
2857934408356
1535888737876
1759227037268
1553068607060
1763774400104
2652580234836
1831353272724
2858739713684
1487755953812
1814173468308
2913685096084
1762633860756
1746594842260
2846106470036
2909390128788
1470658856616
1556492207768
2656003835544
1470576084632
2570087712408
1745453991576
2844965619352
1539295561368
2638807189144
1814173468312
2930930977368
1745470507608
2844982135384
1539312077400
2638823705176
1814189984344
2913701612120
1814172173972
2656791005528
2931668912472
2588138899860
1763773614484
1535066605972
2656858376596
2634578233748
2909456140692
1557631944100
2657143571876
1814173468324
2913685096100
1535000594084
1488895707476
2588407335252
1827880453800
2570087712424
2844965619368
1539295561384
2638807189160
2587267581608
2565792745128
2840670652072
2634512221864
2914775353684
2657077315924
1488846211412
2588357839188
1487504311636
2587015939412
1762382218580
1831101695316
2639678507416
1815044786584
1763773614488
2863285242264
2656858376600
1762431437208
2926569998996
1556542212760
2656053840536
2841492489892
1759160731300
2858672359076
2635334059684
1810700338852
2910211966628
1534815979864
2566614582948
2927442429604
1557633009048
2657144636824
1832510915992
2932022543768
2840468211048
2582770173288
2857648080232
2652512799316
2926301496916
1466012616276
2565524244052
1827879078484
2927390706260
1534732093012
2634243720788
1758086204052
2857597831828
2565540055700
2571177134696
1488644097364
2857934424676
2909474032228
1832242547300
1827142273636
1540453206628
2639964834404
2588425226852
2858739731044
1467170327140
1763522005608
2863033633384
2914573240936
1759142905172
1540100556452
1831420447316
2930932075092
1534816045720
2634327673496
1534799267492
1832426817128
2931938444904
2657060537960
2566883199652
2845854829160
1551995931240
2651507559016
1467170327144
2840669292196
1487487518356
2586999146132
1762365425300
2634527967828
1488577776020
1763455682964
2639629011348
1487504034196
2587015661972
1762381941140
2582786770580
2582988293544
2914825947496
2639695350120
1466029476200
2846038312596
2931736283544
1470391469480
2844781004200
1763455682968
2914506918296
2926318078360
2857648097700
1488627272100
2588138899876
2587284358500
2926367574436
2863235746200
1540117383576
2639629011352
1557297252760
2638538689128
2635400365656
1810766644824
2910278272600
1484349130328
1553068607064
2583860758104
1556223445604
2655735073380
1831101352548
2930612980324
2913500301732
2655734351204
1831168543140
1539042854244
1813920761188
1470323377508
1762381153636
2861892781412
1557280672100
1470391290276
1814978709860
2914490337636
2858739403172
1484349868452
2583861496228
1759227775396
1758136256932
2857647884708
1746325309864
1540166879656
2656858376616
2927709751720
1553320217000
1763773614504
2639678507432
1832509851048
1471732598184
2571244225960
1557565884052
2657077511828
2931955418772
1471666538132
1488846407316
2588358035092
2565591091876
1740957371044
2840468998820
1809676847780
2909188475556
1483259333284
2582770961060
1758137240228
1471715838296
1488895707480
2840419010904
1488846211416
1534797972884
1470324442456
2638555546968
1813921826136
2587015939416
1831101695320
1746526438744
2651692092056
2926569999000
2930948606308
2930863867224
1535822431912
1484282824360
1827879078488
2565522934424
1466012616280
2840400841368
1484281694808
2583793322584
1466011306648
1534732093016
2634243720792
1759143168596
1827125152356
1828132112788
1762650392168
2862162019944
2652581022376
1815062349208
2655735138724
2844713699748
2913433176484
2570909534628
1746275813796
2845787441572
1540117383588
1466095209060
2565606836836
1740973116004
2840484743780
2858655761748
1759144133972
1552985703764
2652513143188
2846121871956
1827879422356
2927391050132
1809962124632
2909473752408
2652782364264
1556273776276
2639611201108
1813971814036
2913483441812
2841760925288
1759429166696
1810968774248
1557279623828
2926568638120
2656791251604
1832157530772
2931669158548
1814977661588
1471380277908
2570891905684
1746258184852
2909388768936
1832225442132
2931737069908
2840686398040
2634527967832
1809894247000
2909405874776
1483476732504
1741174770264
2909204465060
2927660255656
2909138209192
2931954107988
1553269605972
2652781233748
2845786326612
1763454568020
1746544249256
2651439056468
1488845096532
2588356724308
1809625466452
1553002301780
2652513929556
1552179104084
2651690731860
1832442479976
2931954107752
1813971815080
2927642379684
2858922902948
1484533368228
2584044996004
1553252844964
2652764472740
1556206946648
2651775731028
2926653637972
1827930522984
2857934342548
1828147857748
2858940008788
1467370604884
2566882232660
1742248511828
2931737135764
1815247226532
2914758854308
1831436176020
2930947803796
2657060751784
1487822734932
1470642865748
2570154493524
2845032400468
1488845096536
2588356724312
1763723003480
2863234631256
2913767688852
1831435930260
1758085858904
2857597486680
1487838546580
2587350174356
2863218117204
2931686016404
2565808489876
1488577004948
2588088632724
2582988359060
2846055105940
1758354638228
2857866266004
1470390175316
2569901803092
1745268082260
2844779710036
2571245292132
1487503246696
2930612258152
1470391290280
2569902918056
1745269197224
2844780825000
1813988673960
1742030390676
2845770860904
1763439102312
2571178165912
1540386014872
1815263921816
2635316234856
1552984476264
1826805679512
2926317307288
1763723347352
2863234975128
1758354638232
2857866266008
1552196208024
1827074114968
2926585742744
1557296481688
1557364377188
2656876004964
1832242284132
1535067375272
2634579003048
2909456909992
1551994602916
1467153205668
2566664833444
2841542740388
1484333074852
1759210981796
1535872682404
2635384310180
1831436978536
1466078497108
2565590124884
1740956404052
2840468031828
1534797973844
2634309601620
1758136273236
2656876186276
1740907300184
2840418927960
1758337795736
2857849423512
2583039396456
1556558005912
1809692919396
2909204547172
1551995667864
2651507295640
2651506182760
1467086357848
1741964264792
1763454568036
1758354294372
2926585398884
1759428036196
2858939663972
1484281693796
1535821301348
1762380826212
2652513143192
1759159945624
2858671573400
2926652573028
1466363692388
2565875320164
1741241599332
2857933096292
1759479417188
1809961076068
1466029459096
2565541086872
1470374430360
1832157349464
2569886058136
1539093907096
2638605534872
1813971814040
2913483441816
2862949500504
1832157530776
2931669158552
1540099754648
2639611382424
1759226726756
2582771238244
2857649145188
1551979087204
1466079741284
1740957648228
1832443856280
1831151748504
2930663376280
1488576727700
2588088355476
2862966262420
1553269623204
2652781233768
2862966195816
1488845096552
1828147512936
1810699208296
2926317029992
2639628240292
1814994519460
2914506147236
1488577004964
2588088632740
1810967987620
1466296862116
2582988359076
2931754175076
1488628041108
2565876385112
1741242664280
2634595861848
1809962141016
2909473768792
1466364757336
1467370604888
2566882232664
1742248511832
2841760139608
1810967988568
2910479616344
2846123264660
1488913599124
2588425226900
2863303133844
2863034698388
2840486120084
1534816062100
2634327689876
1557549188776
1470642865752
2570154493528
2930931746392
2930932024660
1810683823512
2910195451288
1763706489432
1832425966168
2931937593944
1556222739880
1828147856808
2655734367656
1826805679528
1763723347368
2863234975144
1758354638248
1827074114984
1470390175320
1745268082264
2844779710040
2932005489044
2846106142036
1815313990996
1815329802644
2914841430420
1746610325908
2846121953684
2930930977380
1487823078804
2913752221076
1487821965924
1745470507620
2844982135396
2913701612132
1759227774564
2858739402340
1828197845652
2841810127508
1484600461972
1536140069524
1811017976468
2910529604244
2927441315476
2913483441512
2584129997476
2859007904420
1827947578964
1762717697704
1826872509864
1556559267496
1809692640680
2909204268456
1535889787284
2635401415060
1466078693012
1467153205672
1740907103892
1534748673684
2634260301460
1809626580628
2566664063576
2909187508568
1809675880792
1758136273240
2857647901016
1551977843032
1483258366296
1814188950952
2569836055204
2657144636836
2932022543780
2927726527844
1539295250836
2861875759720
1484551439768
1759429346712
1466363692392
2565875320168
1741241599336
2840753227112
1742299548008
2926586512980
1552196978260
2651708606036
1535889475928
2635401103704
2926586727064
1552180414116
1553068296552
2652579924328
1827946203496
2927457831272
1487839857316
2927459207844
1488913599140
2863303133860
1763791506084
2635669867172
1763523070628
2635333995092
2858672294484
1553002236500
1810700274260
2910211902036
1742298498456
2841810126232
1471465294440
2570959799704
1746326078872
2845837706648
2841827248744
2570976922216
1488645163624
2861943065256
2587065158312
1556223511208
1470642144676
1745520051620
1539361621412
2638873249188
1814239528356
1810767448728
2565876648616
2840754555560
2909474032296
1827947580072
2846123264680
2639964834472
2656858376612
2931736283556
2639629011364
2656808880548
2931686787492
2862967310756
2862161217172
1762449000084
2861960627860
1467420919124
2566932546900
1742298826068
2927458141796
1467169261156
1484349130340
1553068607076
2652580234852
1827946514020
2583860758116
2858738665060
2926301316712
1740974475624
2638874036820
1814240315988
2913751943764
1763774383448
1832493860184
2932005487960
2570960144788
1815329802648
1746610325912
1831420462488
1487823078808
2587334706584
1556542555544
2656054183320
2930881481320
1470592600680
2570104228456
1745470507624
2844982135400
1539312077416
2638823705192
1814189984360
2913701612136
2566596675988
2926300252756
1466011372116
2927709473432
2566932220568
2841810127512
2910529604248
1484600461976
2635584669288
2862966474072
1763724133732
2863235761508
1471715838308
2571227466084
2846105373028
1466011649684
2565523277460
1763724118372
1832443595108
2858739730008
2910279337560
2638889977176
2651489666712
2930947753364
1488896755288
2588408383064
2863286290008
2840418731672
1534748673688
2634260301464
1809626580632
2909138208408
1483209066136
1758086973080
2930613323108
1487504311652
1539043919204
2638555546980
1813921826148
1552180464292
2910278993304
2857850522276
1763791439272
1832510916008
2932022543784
1553051780500
2652563408276
1467152434580
2566664062356
1742030341524
2841541969300
1535871911316
1827879078500
1551911962212
1484281694820
1553001171556
1551927773860
2651439401636
1826805680804
2926317308580
2570891986520
2845769893464
2566881954212
2651708606040
1758355408472
1553002236504
1759429150036
2857849144724
2909388752276
1487754593960
1762699920808
2862211548584
1814239528360
1831419397544
2587333641640
1746543200916
1763723070100
1815262677652
2914774305428
2588357790376
1814994175572
1832174044756
2570908419668
1746274698836
1488576661076
2863016806824
1557346748840
1815044786600
2914556414376
2639629207960
2571176855188
2846054762132
2635601364628
1487503263380
1483207952020
2582719579796
2845786326676
1539042870932
1557297252776
2845787441576
1832509606228
2932021234004
1557631699284
1467169261160
1742047168104
1535888737896
1484349130344
1758338909540
1551910996308
2857580776024
1551910718040
2651422345816
2926300252760
1466011372120
2565522999896
2909405529752
1483476387480
1471665227416
2571176855192
1746543134360
2846054762136
1815262611096
2914774238872
2931955418788
1557565884068
1832443791012
1471666538148
2571178165924
2846056072868
1540386014884
2639897642660
1741963019684
1815313221992
2931955222888
1745469736532
2635316218196
2844981364308
2571161406036
1746527685204
2846039312980
1488829647444
2588341275220
1809626794324
1534748887380
2862144113064
1556474055080
1831351962024
2930863589800
1470324442472
2569836070248
1745202349416
2587015939432
1741981107604
2841492735380
2926569999016
2583843931544
1467152434584
2566664062360
1535871911320
2635383539096
1484332303768
1553051780504
2566614566296
1741980845464
2841492473240
2909204548008
2652512864612
1759412636068
2858924263844
1539311224488
2927643740580
1534799267496
2857665725860
1740974228900
1467086357860
2566597985636
1484266227044
2840485856676
1534815798692
1553001515428
2858671573412
2927391050148
2926384073044
1483275061588
1746526618968
2846038246744
2914758855012
2861943834276
2862949500516
2587065927332
1762432206500
1813971814052
2913483441828
1763437872740
1467102889304
2841810404696
1811018253656
2910529881432
1832157530788
1746258184868
1758405740184
2639611382436
2652782347608
1487571405396
2587083033172
2861960940116
2927660254552
1556290882132
2655802509908
2926585743976
1741174770280
2587282982564
1470591485604
2570103113380
1745469392548
2844981020324
1539310962340
1810699208356
1763723003556
2635601364644
1746611619236
2846123247012
1467354613156
2566866240932
2639896398488
1557564639896
2587267581592
2655987058328
1763723070104
2914774305432
1466364757348
2565876385124
1741242664292
2840754292068
2857934161252
1827929492056
1552264284580
1828147857764
2927659485540
1467370604900
2566882232676
1536090081636
2635601709412
1810967988580
2910479616356
1832174044760
2840669292184
1809945347412
1762381170328
1471665227432
1746543134376
2846054762152
1540384704168
2639896331944
1815262611112
2588356724392
2639612447384
1763454568104
1470642865764
2570154493540
1745520772708
2845032400484
1539362342500
1556558005656
2930947558052
2841743018324
1467353483604
1745268082276
2844779710052
2857647884712
2582769977768
1470641882472
2570153510248
1540385818008
2639897445784
1832443791016
2846056072872
2639897642664
2913700841048
1470591829592
2657060751960
1763707554392
2652496087384
2570103457368
1745469736536
1832427031128
2858654517592
2927373994328
2655734090132
2930611997076
1762717681044
1826855749988
1557631682196
1539362358612
2638873986388
2651774682772
2927642625620
1828130997844
2584045241940
1811019041428
1552195863976
1740974475620
2840486103396
1758154098088
1741964264808
1810683741544
2857665725864
2583777854824
1759159945640
2858671573416
2927391050152
1740973099352
2840484727128
2931937659224
1557347535192
1832225442136
2656053052772
1470374430376
2569886058152
2844763965096
1539093907112
2638605534888
2931737069912
1471380277928
2588071774888
2652497151332
1827074098532
2926585726308
1552179104088
2914557183396
1488628041124
1557347517860
2656876251476
1466364757352
1741242664296
2909473768808
2931754158420
2844762998100
1827142011300
2926653639076
2569885272468
1745251551636
2844763179412
1467370604904
2926385202852
1556542211688
1831420118632
2930931746408
1831435930280
2930947558056
1557549172120
1540368190056
1557548059240
1763706489448
2863218117224
2566882936216
2858924263764
1466096568660
2565608196436
2582788065620
1540453189972
2861959579240
1831167428200
2930679055976
2583844783444
2584046356824
2858924263768
1467354859864
2566866487640
1742232766808
2841744394584
1536074336600
2635585964376
1810952243544
2635669850456
1471732418980
2571244046756
1746610325924
1540451895716
1552984655512
2652496283288
1759143085720
2927374190232
1810952243556
1466096568676
2910529604260
1828197845668
2927709473444
1467420592804
2910463871336
2639696382312
1466281118056
2565792745832
2910279337572
1483258562212
2582770189988
1758136469156
2857648096932
2930948785560
1471665571160
2571177198936
1746543478104
1810700257876
1809675880808
2909187508584
1740956404072
2840468031848
1466078497128
2565590124904
1740890344020
1809609820756
2651707755176
1827074034344
1831083526804
1484533614168
2841743279704
1810951128664
2910462756440
1488559883620
2588071511396
2584044980564
2571160078676
2846037985620
2863217854804
1832425703764
2931937331540
2927373928788
2909388753236
2634578232932
2910278011560
1741175539300
2840687167076
2634528736868
2909406643812
1487838464420
2584130242964
1484618615188
2927643740564
2844982347108
2652513864292
2858672294500
1813905033624
2913416661400
1763455945112
1746611620248
2927459191192
1470659904852
1557632992596
2657144620372
1832510899540
2932022527316
2846037985624
2914757462360
1746326078888
1815045555624
2914557183400
1832242530648
1488645146968
2588156774744
1828132112804
1813905033636
2913416661412
1471733713316
1745251370328
2914490418532
2913500497252
1556272990616
2655784618392
1762431420824
2861943048600
1831150897560
1553270983080
2652782610856
2639679605160
1759144200616
2858655828392
1484618615208
2588357003860
2909474015912
2926586791256
1467438679384
1488913515864
1810767627608
2910279255384
1557615954328
2657127582104
1831101613476
1763773597288
2863285225064
2588407318120
2655735334308
2930613241252
1553270720920
2652782348696
2651775649188
1763774383464
2863286011240
2858739402344
1832493860200
1815329802664
1487823078824
2587334706600
1556542555560
1540385835668
2931955239572
1539026093400
2582702869092
1758069148260
2857580776036
2844981283412
2651422345828
1826788624996
2926300252772
1556541426008
2656053053784
1487821949272
1557363262824
2656874890600
1763521693032
2863033320808
2931752797544
1759159945832
2639628961364
1828197845672
2927709473448
1467420592808
2566932220584
2841810127528
1484618369704
2930596481364
1831084853588
2634578217368
1484350195304
1534798169768
2582770189992
2909138208424
2930611996244
1488561259924
2588072887700
1763439166868
2862950794644
1809609820760
2861960873364
1762449245588
2846037985636
2931937331556
1815245834596
1471648450916
2914757462372
1488828320100
2927373928804
1466011306340
1484348884372
1553051780516
1827929687460
1484332303780
1759210210724
2858721838500
1540368206164
1467102938532
1535822415268
1484282807716
1553002284452
2927659157924
2570087712340
1745453991508
2844965619284
2862145488468
1553254205012
2566597806420
2841475713364
2583777675604
2635317283156
2910195190100
1551927757204
2651439384980
2582719908244
1814257288548
1762717680996
2639964751204
2566950307172
1471648450920
2914842658148
1557632992612
1832510899556
2566949078424
2910194059624
2588339947880
1827074885224
2655717312084
2909472900456
1745453991512
2587267581528
2862145488472
2657126532760
2656808814948
1535822367336
1763438855512
2862950483288
1759160666728
2858672294504
2927391771240
2862161151320
1810700274280
1759429150052
1466096502120
1832493943384
2634527951188
1809894230356
2909405858132
2651707820372
2926585727316
2840686381396
2639896398500
1557564639908
2657076267684
1487755953828
1556475430564
2846054828708
1763723070116
2863234697892
1831353337508
2857665661268
2634327361876
2909205268820
1826873510228
1551995603284
2926385138004
1466096257364
2565607885140
2570908419684
1488576661092
1556222740132
1487503263396
1831100647076
1832158595748
2931670223524
1466011583832
2565523211608
2927710848404
1746544265880
2846055893656
1815263742616
1488846228120
1809608755816
2863235761512
2931686737496
2930880710244
1831369082468
2862161233508
1810682497380
1488644885140
1763522792084
1470576084580
2570087712356
1539295561316
1487554300328
2927643429480
1536158172500
2841759860372
2635601430164
2844965570132
1745470506344
1759496193704
2859007821480
1467152434600
2566664062376
1742030341544
2841541969320
1535871911336
2635383539112
1810749818280
2910261446056
2583777871508
1759144199784
1487755953768
2587267581544
2927375059288
2858655582552
1811034819176
1828198959716
2926317291928
1551927757208
2651439384984
1758086187416
2565607148180
2582989343076
1758355622244
1746527734356
2846039362132
2930948852308
2570171599444
2587351468628
2862229375572
2862950746712
2863217919588
1539110685284
2926384073060
1540184754776
2930932075096
1470659971672
1745537878616
1539379448408
2638891076184
1814257355352
2913768983128
2584130242148
1759496521316
2859008149092
1557363574420
2656875202196
2931753109140
1758136470100
1552246475348
1553270719848
2652782347624
1831168789092
1536090850664
1552247244436
1827125151380
2635602478440
1470391536228
1746257986900
2845769614676
1487839840868
2587351468644
1762717747812
2862229375588
2638891076196
1488561261160
2913752205928
2638891076200
2910463871592
1540384770728
1557564639912
1763723070120
1815262677672
2930864965288
1466096257368
2565607885144
2840485792088
1534815734104
2634327361880
2909205268824
1483276126552
2582787754328
2639678507608
1831419349592
2652831844952
1832174044776
2588088288872
2931685672552
1557296137832
1762381170344
1557280688808
2656792316584
1814978726568
1832158595752
2931670223528
2926385136980
1552180151636
1488560948564
2657060488532
2930947541396
1814256044436
2913767672212
2656069634452
2634528933288
2909389817176
1488560948568
1470592550232
1745537566040
2845049193816
1487839528280
2587351156056
1487772419416
1557296481700
2656808109476
2587081655636
2861959562580
2655801132372
1831151962516
1762432485780
2638605814164
1811036129624
2861893518692
1762381890916
1552180151652
2651691779428
2926569686372
1534748887384
2634327672404
2634260515160
1809626794328
1826873509224
2926385137000
1832443544936
2651692092052
1810767694484
1484350179988
1814189213288
2913700841064
2652496087400
2858654517608
1552180464280
2913768983192
2931955485336
2652564507288
1466281118360
2565792746136
1763454911828
2862966539604
2569835792980
1539043641940
2638555269716
1813921548884
1746275813972
2845787441748
1488577776212
2635601430168
1553269671576
2910479337112
1556559250852
2656070878628
2657076544868
2931954451812
1814257288612
2857582086820
1535000595108
1483460987556
2930932025684
1556542490964
2656054118740
2566933596840
2909390129832
1483460987560
2582972615336
2857850522280
1552180464296
2651692092072
1827863627416
1467086374552
1741964281496
2841475909272
1828130997860
2927642625636
2584045241956
2858923148900
1741964069460
2845787441752
2588138900068
1762699872868
2862211500644
2638604765796
1556273007204
2652513913432
2652563409508
1810968758872
2565875320148
1742030129512
1466095192424
1534814669160
2909204203880
1745269197204
2857598536276
1551928478292
2651440106068
1826806385236
2926318013012
1742299563412
1745202021780
2862212285848
2638605551000
1487554315672
1488644834712
1556273792408
1470659659160
2570171286936
1556273007208
2655784634984
1759478647400
1831168789096
2656791053656
2655985682836
1487754578324
2570086336916
2844964243860
1467353483668
2566865111444
1759226775896
2858738403672
1539379135908
1762717435300
2861893518756
2639612183896
1832242530660
2931754158436
1745202021800
2844713649576
1809693640104
2909205267880
2655785420200
2930662344036
2861959891364
1470373644708
2569885272484
1745251551652
2844763179428
2638604749220
2932005766552
1487839774100
2862229308820
1831437157780
2930948785556
1809962321300
1759142824344
2858654452120
2930595154328
1471648450968
2914757462424
2913415285144
2584044980632
2635383523688
2913767672216
1815062661732
2930947541400
1540184754788
1763454911912
1470390158680
2569901786456
1745268065624
2844779693400
1539109635416
2583794436708
1471397907044
2570909534820
1746275813988
2652513913444
1470374709656
2844764244376
1487554578840
2587066206616
2583056434584
2861960873368
1831168722328
2930680350104
1827947496856
2927459124632
1483276371352
1484265178792
1552984655528
1759143085736
2652496283304
1827862562472
2927374190248
2587065140580
1742249282152
1556223511144
2655735138920
2652513913448
1484350178644
2582720694888
1535889786196
2652581283156
1553069655380
1759228085588
2927459190100
1832442824040
1471665571176
2926367557012
2651489650068
2571177198952
1540385047912
2639896675688
1534731913828
1809609820772
2909121448548
1746275764584
1814240528728
1551910979224
2588155726484
1746342136468
2845853764244
1742299564712
2841811192488
2635652762280
1466096568680
2930948852068
1811035080100
1471397135956
2570908763732
2588088632916
1810967987796
1540367927716
2566865111460
2635584588196
2927726331300
1556475364948
2656876250472
1488846472548
2651440106072
2926318013016
2582720629336
2652764538452
2927642445396
1553252910676
2844965619348
2863219230356
1466364955304
2914824570532
2914841676372
2932022527396
2655985682856
1759142824360
1471648450984
2571160078760
1540367927720
2639879555496
2930595154344
1832242530664
2931754158440
1813970847080
2913482474856
1470373463400
1488645146984
2588156774760
1539092940136
2913685096088
2565792745112
2840670652056
2634512221848
2909390128792
2931938707096
2930662525352
1556272990632
2638538507860
1556206930580
2655718558356
1831084837524
1763774400152
1832493876888
1762449245608
2861960873384
2845854746024
2913500480936
2566950307240
1831168722344
2926635731300
1536156927656
2844781004116
1466011584088
1540385835684
1815263742628
2588357855908
1483207952792
1487821949288
1762633796180
2862145423956
1556475365972
2655986993748
1487755889236
2587267517012
1557297202788
2656808830564
2566883263832
2638554434132
2913432341076
2655734303316
2930612210260
1487503198804
2587014826580
2910195107428
1553069655384
2652581283160
2858739713368
1484350178648
1827947562328
2927459190104
1746275042916
1814994519652
1488577005156
1809609820776
1815044524708
2914556152484
1483192306280
2582703934056
1488559883624
2588071511400
1466347914904
1762633860772
1552180463268
2926569997988
1815247210148
1540369303204
1484266047844
2583777675620
2910195190116
2652497152356
1759143954788
1467086178660
1741964085604
1556205636200
2930595170920
1540385048168
2844981364328
1540436100692
2586998834772
1759495226792
1742249297556
2841760925332
2571228251736
2846106158680
1540436100696
1815314007640
2570909484632
1556205684324
1539025815140
1831083591268
1827124364632
2570104440168
2926635992408
1483460986536
1471649826472
1540369303208
1831084902056
1557615954584
1832492811944
2932004439720
1540368008600
2639879636376
1540452141656
2571228251748
2846106158692
1815314007652
1746275763812
1540117333604
1471381392020
2570893019796
1553002219864
2652513847640
1759160650072
1827880126808
1746594530920
2846106158696
1540436100712
2583861495400
1471397856872
2570909484648
1540117333608
1534748952984
1534732159592
2909405858148
1740956338600
2840467966376
1832426768788
2638538507864
1487487272536
1470307403352
2569819031128
1556206749272
2913416596120
1484348803684
1466096257380
1483276126564
1534815734116
2634327361892
2569885289108
1487553530516
1814978528596
1763438921044
2931670025556
1746259051860
2845770679636
1471381144916
2652765570472
2570892772692
1762381153684
2931670206868
2565590321816
1740956600984
2840468228760
2634309798552
1483258563224
2587065158296
2931955239592
1471666358952
2571177986728
1746544265896
2639897463464
2910480582292
2862162003604
2844781069972
1814173403736
2931686737512
2862967260776
1540368991892
1534747624872
1809625531816
2655735088792
2845837723288
2571228251800
1746594530968
2639947728536
2840737449624
2638554434136
2913432341080
2930612210264
1557347845720
1832225752664
2655734089304
1831100368472
2930611996248
1470659725716
2914758773076
1487571338648
2587082966424
2566881953444
2841759860388
2635601430180
2910479337124
1814978463396
2914490091172
1741225821860
2861960627540
1470391223636
1745269130580
1484600461928
1815246113112
2584112089704
1540116547924
2583039396500
1552247245460
1828130818644
1831101367976
2657077266088
2571228251816
2639947728552
2845837723304
2927375255204
2566598002340
1741964281508
2841475909284
2635317479076
2910195386020
2583777871524
2840484743828
2909204220564
2913433176724
1470324165268
2569835793044
1745202072212
2844713699988
1539043642004
1540117383828
2926317291944
1551927757224
2651439385000
1471666358888
2587333379412
1466095256984
2565606884760
1740973163928
2927660271256
2582704194900
2857582101844
1483192567124
2638889978520
1814256257688
2913767885464
2656003771028
1557297187176
2656808814952
1809894246052
1487504034456
1557346749092
2656858376868
2931736283812
2638605535656
1553254155876
1746257986916
2570891707748
1763437856100
1828132062820
2909472655956
1827142010472
2909405858152
1483476715880
2582988343656
1758354622824
2857866250600
1552196192616
1557297253032
1551995603304
2651507231080
2840485792104
1534815734120
2931736283816
1466078694056
1740956601000
2927709537624
2914507113816
1470659708564
1762381153688
2861892781464
1814978709912
2914490337688
2931670206872
1487823078756
1466363971220
2587334706532
2570170288548
2845048195492
2913767672228
2857865922904
1741963037336
1831167411556
1810682514072
2910194141848
2861944113572
2638605814180
1762432485796
2587066206628
2655785683364
1831151962532
2930663590308
1740956583268
2840468211044
1466095454552
2565607082328
1814189196632
2913700824408
2931938642264
2844981347672
1470324165284
2569835793060
1745202072228
2844713700004
1832175159972
2931686787748
1471397907108
1484550194856
2584061822632
1553269671592
2652781299368
2910479354468
1831168476504
2930680104280
1539110700376
2638622328152
2913500235096
2587082720600
1762448999768
2861960627544
1556290569560
2931686999396
1810950949464
2910462577240
2909456911000
2566865193560
1471396809368
2570908437144
1746274716312
1827863627432
2652497348264
1488913533524
2584062872232
1759429151400
1535017110184
2571227268436
2846105175380
2913750910292
2587333395796
2862211302740
2914824652116
2588407137620
2926652573076
1552263038356
2651774666132
1553320987028
2652832614804
2841811175828
2857867250024
1758355622248
1556222675352
2862227998312
1758087186024
2857598813800
2582720906856
2841558485396
1483209001572
1471649827412
2571161455188
2634260236900
2909138143844
2571227515240
1809610066536
2651758872216
1827125151384
2926636779160
1742298580312
2863285044568
1488895509848
1535066408280
2634578036056
1809944315224
1470641898840
1488559949160
2588071576936
1540099556712
2639611184488
1826805679764
2914506147476
1540116612756
2639628240532
2931686016660
1471397136020
2914557249944
1483477781160
2857933048408
1552262990424
2651774618200
1827140897368
2926652525144
1813972092260
2926652852564
2651774945620
1832426767956
2931938395732
2926637057364
1466348176724
2565859804500
1809945560404
2857917580628
2926585743000
1557564917400
1484282037912
1553001514648
2652513142424
1758338893204
2857850520980
2656053070484
2930930977428
1745520003732
2930947541416
2913701612180
1831370114728
2844713633364
1831101351508
2930612979284
1539043575380
2638555203156
2913483721128
1809893967208
2909405594984
1470374709672
1467421656468
2566933284244
1556274055592
2639948057236
1763454911832
2862966539608
2858939927128
2583038428516
1758404707684
2857916335460
2587333395812
1762699674980
2862211302756
1470641898852
1745519805796
2845031433572
2841559844196
1484350178660
2583861806436
1535889786212
2635401413988
2858739713380
2634309780900
2909187687844
1483258545572
2582770173348
1758136452516
2862212548968
2930932025704
2656054118760
2857581824340
2909121431892
2582703917396
1551911766356
2651423394132
1826789673300
2926301301076
1483192289620
1557363575460
2863033633444
1763522005668
2931753110180
2656875203236
1810683808100
2910195435876
1466363692440
2565875320216
2565858559336
1535066408296
1557346551144
2656858178920
1552246277480
2571227268456
2846105175400
1540435117416
2565540054692
2570908763812
1746275042980
2639628240548
1814994519716
2857867298196
2634596058788
2844764046756
2635400055192
2841558485400
1810766334360
1551979087256
2651490715032
2565591369112
2910277962136
1826856994200
2926368621976
1552246457700
1534747837800
2844981298840
2863034698392
1557364640408
1471465294488
2914574305944
1488645163672
1484266030676
2583777658452
2858655565396
2840417961640
1534747903656
2926585743016
1759428380328
1741174769320
2840686397096
1535016339112
1742248511144
2927391754596
2582720973220
1758087252388
2857598880164
2926318356900
1826806729124
2587015924372
1762382203540
2861893831316
2910546397528
2927726266712
2566949013848
1809945560408
1827125429592
2926637057368
1466348176728
2565859804504
1484617255256
1741226083672
2840737711448
2909457188184
1467437368916
1742315275860
2927458141844
2652580234900
1742047168148
2841558795924
1763774400168
2571177183892
2846055090836
2845854501524
1470373448340
1810749801880
2910261429656
1762699872920
1487821965976
2587333593752
2913701612184
1557631747476
1742299826836
2566933547668
2841811454612
1488896542308
2588408170084
1763774449252
2863286077028
2652832696724
1487755889252
1759478711908
2587267517028
1759495472724
2859007100500
2910546708052
1809676846420
2909188474196
1745202349460
1539043919252
1813920713316
2913432341092
2930612210276
2638555547028
2913433453972
1470324442516
1745201236580
2844712864356
2652581283176
1539027126676
2638538754452
2910279320936
2927459190120
1826855929256
2926367557032
1483258545576
1551978022312
1535821302420
2635332930196
1810699209364
2910210837140
1483192485524
1826789673304
1809609804120
1758070196568
2909137372584
2655986992728
1470592877908
1828148643492
2840402168404
2652781234772
1557296138904
2656807766680
1828147513940
2927659141716
1535016340116
1809894247060
2651707837076
1466296863380
2926585744020
2927642626712
1832509917800
1466028361300
1553002219880
2841492408680
1759160650088
1810700257640
2914506852712
2565539989076
2926317241940
1488577710440
1467438695828
2566950323604
1742316602772
2655735417256
1556223789480
1745202350504
2844713978280
1487504312744
2587015940520
1467420673384
1809677125028
2840469276068
1813972092324
1809945560484
2909457188260
1483528045988
1467421918628
2566933546404
1742299825572
1466012436072
2565524063848
1740890343016
2840401970792
2634243540584
2909121447528
2913416415896
2638538508952
1483477714264
2582989342040
1758355621208
1810766644888
1553068607128
1763522004632
2863033632408
1471464228504
1540183705240
1488644097688
1556559070820
2656070698596
1759143953764
2927375058276
2841475712356
2858655581540
2571161404756
1746527683924
1535805654372
1552985523556
1470391534932
2569903162708
2861892781476
2634259514788
1740906317220
1535805835684
1810683742628
2584062806424
1488561195428
1557280672164
2656792299940
2927659402856
1488628319656
1827125429672
2926637057448
1483528045992
2583039673768
1758405952936
2652564456872
1487772748136
2656003852648
1740889557332
2840401185108
2909120661844
2634242754900
2926300531028
1831437159076
2569818178904
1745184458072
1483191519572
1828214704804
1832157350564
1557279443620
2656791071396
1814977481380
1471380097700
1488559966884
1466346866008
2588071594660
1536140347800
2635651975576
2858990061160
1467371375000
1742249281944
1809878436456
2857850456680
2927727315624
1471380015512
2570891643288
2846122198616
1540452140632
1488912533080
1534814668388
1809692575332
2588424160856
1763790440024
2863302067800
1557632009816
2657143637592
2931686720856
2858672276824
1759160649048
1810700256600
2910211884376
1553002218840
2652513846616
1827880125784
2927391753560
1488912205156
1487504311704
2587015939480
1826806728088
2926318355864
1556223788440
1534748951960
2634260579736
2582720972184
1758087251352
1745469719908
2840686380388
2930948606372
2588341258596
2565808473444
1535016322404
1809894229348
2909405857124
1552196191588
2931938642276
1763707537764
1487754922324
1471380359508
2588340291924
1488828664148
2914757806420
2583793322648
1832426047828
2570086680916
2587266550100
2931685673624
1466096256356
2565607884132
2840485791076
1534815733092
2634327360868
2565859527332
1557547879012
2840737434276
1828147774872
2927659402648
1826872789608
2909204220580
1813987560100
1746259232148
1831167429284
1745268083364
2844779711140
2845770859924
2570892952980
1467421641048
1487570045604
1488561194388
1488913254056
2844982412632
1762650654040
2913701889368
1483477779800
2651423606168
2857849489752
2913415629144
2909389097304
1540099836248
2639611464024
1471380359512
2570891987288
2930863933784
2913683786340
1831436961172
1484551259816
2584062887592
1471666357928
2845769631380
2656791070356
2571177985704
1746544264872
2846055892648
1540385834664
1539043657112
2638555284888
1813920451176
2913432078952
2639897725544
1815262612056
1832442481240
2931954109016
2588356725336
2657076202072
1759428037208
1742248168024
2909390144920
2846054763096
1763723004504
1539311307416
1534999497320
2634511125096
1809877404264
2909389032040
1810967923300
1832224458132
2857647900052
2863285044628
1832492893588
2932004521364
1488895509908
2588407137684
1763773416852
2656858178964
1467421657512
1763773418068
1742299613848
1488628124008
1763506030952
1483208230488
1758086137432
1556222674520
2655734302296
1470323328600
2569834956376
1745201235544
1487503197784
2638554433112
2844712863320
2588425209444
1763791488612
2863303116388
2583793584724
2858671491668
1483544626580
2583056254356
2909472655972
1831435864676
2930947492452
1815247144276
1557549106516
1832427013460
1471649760596
1746527667540
1488829629780
1763707536724
2927643673940
2863234976148
2657076545940
2931954452884
2588357069204
2910195434836
1810683807060
1828130817620
1813988608404
1809693641108
2634595797396
1745519805848
1539361375640
2638873003416
1814239282584
2913750910360
1471715640728
2571227268504
2844762998168
2913482474904
1487553332632
2858923149972
1536073222804
2657059687060
1471648713364
1759159880356
2858671508132
1470374496616
1539294251412
2571177133668
1826872460948
1745251305060
1470373398116
1466012699220
2565524326996
2862950548840
2931670025576
1740890606164
2840402233940
2909474015636
2587014874536
1535084480916
2634596108692
1814978709928
2914490337704
2841475893672
1810683742632
2910195370408
1467086358952
2566597986728
1832158579112
2844964505192
2909121694052
1466011650392
2565523278168
1470306617688
2569818245464
1745184524632
2844696152408
1539026094424
2638537722200
2840401185112
1539110701464
2638622329240
1483544562072
1758154033560
2857665661336
1826873510296
1466364692888
1741242599832
1535084169624
2858990339672
2931668978344
2656791071400
2588071594664
1488913581460
2588425209236
1470575053156
2570086680932
1745452960100
1539294529892
2638806157668
1762632829284
2655986026852
2914489370980
1557548140900
1488828664164
2931955222104
2657077315160
1483275127396
2914825946468
2845049260456
2638890830248
2913768737192
2639880866152
1745251371412
2857866249576
2909405857128
1483476714856
2861942868372
2930662345108
1557549107560
1551978023576
2651489651352
1745184524648
2844696152424
2931669240168
1488828664168
1471380359528
2570891987304
2846038329704
2655986026856
1534999562600
2569902851432
2861960627560
2863017642580
2588139735636
1471448173156
1746326080100
2914506082664
1809945283240
2927642446440
2566865193576
2635584670312
1741980010856
2841491638632
1535821580648
2635333208424
1810699487592
1746526440040
2638807206308
2913685113252
2863301821780
2639964834216
1556289522344
2655801150120
1551994555048
1745519805860
2845031433636
1534797972900
1762431239588
1539092940196
1487553332644
1831419151780
2840753227172
1827140945316
1552263038372
2651774666148
1556558005668
1831435912612
1557615954340
1470658659748
2588408105380
2566933268900
2841811175844
1484601510308
2584113138084
1535805835928
1814239479464
2913751107240
2587333396820
2656052873556
2862211303764
1557279705688
1759142905496
1553052567912
2858654533272
1466012437140
1826789690004
2565524064916
1740890344084
2634243541652
2909121448596
1483460741780
2582972369556
2651691846292
1467168950692
1810766334372
2910277962148
2565591369124
1740957648292
1534799218084
1540183394724
1557363263908
1471463917988
2569886336420
2844764243364
2845048194388
1552984721000
1539110701476
1552264038820
2909455943080
2571227268520
2846105175464
2569885091240
2844762998184
2638604567976
1488627074472
2588138702248
1553069673124
1467170327204
1742048234148
1535889803940
1810767710884
1484350196388
1827947580068
2845837707668
2926586727076
2651775731096
1827142010264
1758421420648
2857933048424
2909472655976
2583055141480
2651774618216
1832427013464
1471649760600
2639880865112
1488829629784
2858924197208
1763723348376
2863234976152
1741964085912
2841475713688
2565792500376
1741158779544
2840670407320
1535000349336
2634511977112
1809878256280
2909389884056
1552263301800
2651774929576
2926652836520
2635316169304
2910194076248
1746274977112
1741980009816
1553252910680
1828130817624
1467353564760
2566865192536
2570171286952
2845049193896
2565607885224
1740974164392
1466096257448
2634327361960
1539110701480
2638622329256
1813988608424
1535084169640
2634595797416
2910546397540
1467437386084
2566949013860
1742315293028
2857665972564
2857917580644
1827125429604
2846121888100
1746610260324
1745521050980
2845032678756
1539362620772
1815061564072
2857664611992
2926384088728
1557564918372
2657076546148
1536091114152
2635602741928
2841811174804
1536141116820
2910530651540
1810969021096
2652849653140
1467421640084
2566950390372
1741225036452
2840736664228
1809944513188
2909456140964
2655986010728
1466297633444
1741175540388
2840687168164
2634528737956
1763790129816
1488912222872
2863301757592
1534748608100
1809626515044
1551928477284
2651440105060
1826806384228
2926318012004
1466029131364
1740907038308
2840418666084
1762381874788
1540166862228
2583861823124
1467170326164
2566681953940
2914574304916
1557364639380
2656876267156
2931754174100
2570170238552
1762716386904
1483543512664
2909457189476
1758421419608
1556557956696
2656069584472
2634579282532
1556272810392
1762431240600
1539092941208
1813970848152
1487553333656
1470658595480
2570170223256
1745536502424
2845048130200
1553069393240
2566664899160
2841542806104
1535872748120
2635384375896
2910262282840
2565541038744
1740907317912
1471732352340
2588423849300
2566949012820
1467437385044
1759495161172
2863301756244
1762365180580
2857850276516
1831084657316
2841475713700
1484534483620
1466012437156
1740890344100
1488561015460
2861876808356
1759412390564
1466297566888
2565809194664
1741175473832
2930863917464
2861876791652
1539026864484
2638538492260
2930596268388
2569819015524
2844696922468
1470307387748
2638554416468
1467438761556
2566950389332
1742316668500
1536158238292
1811036145236
2840753227176
1831435912616
2930947540392
2926652573096
1487838528936
2587350156712
1488896477608
2588408105384
2634594731348
2909472638292
2930881480340
2913701611156
1470592599700
1487772468884
1745470506644
2844982134420
2926635813208
2930930780504
2913750911320
2587333396824
2639897725336
1466012437160
1552180218536
2651691846312
2857850276520
2926569753256
1759143955112
2927375059624
2652765588136
1832241170856
2635400055208
1557363263912
2582771238312
1551979087272
2651490715048
1746341824936
1815330047396
2914841675172
1540117334676
2639628962452
2914506869396
2913701808536
1746275764884
1763455634068
2845854829224
2639696399016
1488645163688
1551910652244
2651422280020
1742048234152
1810767710888
1484350196392
2583861824168
2926300186964
1471463901860
2657059505748
2652563129700
1827929408868
2927441036644
2930680104296
2655802197352
1745537829544
2926637057384
1552247522664
2651759150440
1484551521684
2584063149460
2584062036580
2926384416344
1832157283748
1540451830120
1811034769768
2910546397544
2859006789992
1828214638952
1467437386088
2566949013864
1742315293032
1466348176744
2565859804520
1741226083688
2840737711464
1556542489960
2914775304788
1745185293652
2655718360404
1740890326356
1534731896148
1483192288596
2582703916372
2634243523924
1535888737956
2635400365732
2931753109156
1488644097700
2845853763236
1815061612196
2914573239972
1763522004644
2863033632420
2926301235864
1557615953304
2914842741352
2932022610536
1488627337812
1815045834328
2909474014804
2914557462104
2909456140968
1466347129512
1809944513192
1552247588520
2634528737960
2909406644904
1466297633448
2930595220116
2586997836436
2655717313172
1827125495464
1832174111076
1759226725784
1535888426392
2635400054168
2910277961112
1484348818840
1551928477288
2651440105064
1534748608104
1483209000552
1758086907496
1487503967848
2587015595624
2858922952292
1540436429464
1467420871076
2566932498852
1828199221604
1742298778020
2841810405796
1553270720932
1467371375012
2566883002788
2652581299864
2927459206808
1815062677144
2914574304920
1742048233112
2841559860888
1471465293464
2570976921240
1488645162648
1534798956884
2927710538068
1827880143188
2584062822740
1540167666004
2639679293780
2588089354580
1466364692820
1488560949588
2862950484308
2910546708068
1557632009828
2657143637604
1832509916772
2932021544548
1471732663908
2571244291684
1746610570852
2651490453848
2655802198360
1488577726808
2588089354584
2566614500708
1741980779876
2861893846436
1466029475236
2565541103012
1534748951972
1556223788452
1483209344420
1758087251364
1758154278308
2857665906084
2913752205976
1483191175764
2582702803540
2582971238996
2844964244052
2587266206292
2862144113236
1539294186068
1488559884884
2588071512660
1763437791828
1551927691604
1470323312980
1487503182164
1745452681812
2844964309588
1832510655140
2652513864036
1484282759524
2583794387300
2927391770980
1535889475940
1741979732644
2566613453476
2841491360420
1484281694884
1534732093092
1762365359780
2861876987556
1483191436952
1758069343896
2857580971672
2931669961064
1813988608360
2910547446120
2588089354600
1832225442152
1745185294696
1553069673128
2844696922472
1539026864488
2638538492264
1813904771432
2913416399208
1483459692904
2634326624868
2914757805400
2582787999316
1553338025556
1556559251028
2656070878804
1487839774292
1826788559448
1831083526744
2930595154520
1470306273880
2569817901656
1745184180824
1741175539352
2840687167128
1758137518420
2857649146196
1741157992852
2840669620628
1746258266516
1763438135700
2913415629204
1745452960148
2587266550164
1539294529940
1470592877924
1745470784868
2570104505700
2844982412644
2862162281828
1466297910628
2565809538404
1741175817572
1741175555736
1466297648792
2565809276568
2840753161896
2656808831640
2570909485720
1746275764888
2639628962456
1488577727128
1471715837332
1809608705364
1809693952680
1746544248212
1487504246372
2657076202084
1832442481252
1467420608872
2587267516004
2638807123556
1814173402724
2913685030500
2655986992740
2930864899684
2862145422948
2913700842148
2844981365412
2587283327652
1553338025560
2927727560280
1826873755224
2651507476056
2651440104856
2844696152472
2638537722264
2913415629208
1487486486936
2586998114712
1762364393880
1832157612440
1557548140952
1758337862040
2857649212052
1740906268260
2587015924376
1758422518424
2857934146200
2570908681816
1471397054040
1811019041172
1828198910356
2927710538132
2588139686292
2927391771028
1471464966548
1539110701460
2583793321620
1467437368920
1742315275864
2841826903640
1810750605720
2927710538136
2841559533976
1467169999256
2566681627032
1759160666520
2858672294296
2584062823000
1742249298340
1536089736600
2634243523928
1809609803096
2635601364376
1763724069464
2565524047192
1740890326360
2926301300056
1484349130408
1763522004648
2863033632424
1534814751336
2634326379112
2909204286056
1471464228520
2845853763240
1540183705256
1745251355288
2583843998296
1832224721496
1553052567972
1827930474916
2858722625956
1471448189348
2570959817124
1811019041188
2652832631204
2858672294308
1467102890404
1809608755864
2582702869144
2857580776088
2651422345880
1826788625048
2587082721704
2841811192232
1759160666536
2927391771048
1470307338664
2569818966440
1745185245608
2844696873384
1813904722344
2913416350120
2931670288792
2652563392916
1827929672084
1466011650404
2565523278180
2840401185124
2634242754916
2652832696728
1828198975896
2927710603672
2913683720804
2587266206308
2639879555684
2914757462628
1470306273892
2569817901668
1745184180836
2844695808612
1813903657572
1487486143076
2910479271508
2639896331860
2914774238804
1534797956436
2657076201044
1827930540708
1832442480212
2634309584212
2927642707368
1741174769300
1540369255060
1828132063892
1484534680212
2584046307988
1488559950228
2927373994388
1488644033192
1763521940136
1471732663912
2571244291688
1746610570856
1553337042536
2858672276840
1467102872936
1484282742120
2927391753576
1553002218856
2652513846632
2583794369896
1826806728104
2840419009960
2909138486696
2582720972200
1466029475240
2565541103016
2651440448936
1762382218664
2588357838184
1741175753304
2840687381080
2927459141268
1831437157988
1483544807012
1536158156388
1811036063332
1553338025572
1826788559464
2840669276776
1745184180840
2844695808616
1762364050024
1470306273896
1487754922404
2570086680996
2844964587940
1539294529956
2638806157732
1746258266532
2845769894308
2926317226324
1556559316324
2656070944100
1809944250004
2566613453480
2583793322664
1553001171624
2652512799400
2634577970836
2586999080616
1556474332520
2655985960296
1470374775464
2571160144212
1557547862356
1832425769300
1466011306664
2857934341736
1488645080680
2566597985700
2841475892644
1540184688232
2639696316008
1831150897812
2844696152488
1539026094504
2909204203924
1813904001448
2586998114728
2862144457128
1470575053224
1745452960168
1539294529960
2565523277140
2840401184084
1745470784872
1483191518548
2913415628116
1745184523604
2657144441236
2634310911332
2926318275224
2932004717976
2571227465112
2846105372056
1540435314072
2639946941848
1553270719896
1470391536276
1813988919956
2913500547732
1471666341272
1809878435432
1535000528488
1466096568980
1534816045716
1470576019048
1483276438164
1556475364968
1745453925992
2862145422952
1762649606824
2862161234600
1831369083560
1539311307432
1814189214376
1487771699880
2587283327656
2861877069140
1487487534420
2586999162196
2840736712088
1466012617320
2655734302312
2569834956392
1745201235560
2844712863336
1539042805352
2638554433128
1813920712296
2913432340072
1487503197800
1758405756244
2857917384020
2656859212372
2931737119316
1832427013476
1557549106532
2914758772068
2657060734308
1471649760612
1484281693528
2571161388388
2910463804772
1742232700260
2914774583716
1557564918180
2926568638820
2931954452900
2863234976164
1746543479204
1552262973780
1762716371284
2638889699668
1762448984468
2570170222932
1553336732008
2652848409176
1483275340180
1828130817636
2927642445412
1552247244452
1758153247124
2857664874900
2582786967956
2930948605544
2656070698600
1759411522212
2858923149988
1484533615268
2584045243044
1539379448404
2913768983124
2565876632148
2840754539092
1534814684836
1483275077284
2582786705060
1466095208100
2857664612004
2926384088740
2931938708136
2569818245480
2566614780308
1467103152532
2858939663960
1553269605976
2652781233752
2927659140696
2841759794776
2635316217448
1487570093652
2587081721428
2861959628372
1466095257172
1740973164116
2840753227348
2584128931412
2638621328980
2652848408148
1828214687316
2570891708824
1484534680216
1488627320404
2584063134040
1488912205160
2588423832936
2931670205848
2652781577620
1828147856788
2927659484564
1553269949844
2655784438180
2930662345124
2861942868388
2857849407064
1758337779288
2861959628376
2927457879640
1827946251864
1556289570392
2655801198168
1831167477336
2656069633624
2565875320408
2840753227352
1535083169368
1759211047524
1467153271396
1742031178340
1484333140580
1759429429672
2858941057448
2914757723796
1758137321896
2846038051160
2639879620952
1815245900120
2914757527896
2571160144216
1746526423384
1471733664164
2858655761832
1810683741608
2927375238568
1467086357928
2566597985704
1741964264872
2583777854888
2845770859944
1831352288600
1814172158568
1539294251624
2909188539748
1813904000344
2913415628120
1470306616664
2569818244440
1745184523608
1534814668184
1809692575128
1828199220564
2844696151384
1758404708708
2857916336484
2651757906276
1827124185444
2926635813220
2587333396836
1759142905512
1484264998568
2583776626344
1557279442600
2588071593640
1758154345112
2857665972888
2651507542680
2926385449624
2565608196760
2840486103704
1557364376996
2656876004772
1832242283940
2931753911716
1487504246376
2587015874152
2861893781096
2845854501460
2651440122452
2926586464852
1809894967892
2909406595668
2857866988116
2566664850004
2652513864276
2638604567956
1487553332628
1762431239572
2844762998164
1758136272276
1809676864088
1483259349592
2582770977368
2652849408600
1483477453400
1552196930136
2566664850008
2857933031768
2634594732376
2909472639320
2638889699672
1487838464344
2587350092120
2862227999064
2656069568856
1552196978328
1484333139540
2583844767316
2639679342164
2914557249108
1488628106836
2588139734612
1763506013780
2656859211348
1746611309144
2656808043880
1814240249512
1471397070184
1540116546920
1536073041512
2583793601192
1539294251416
1814172158360
2927642626728
2584045243048
1467353746088
2846038248104
1815246097064
2565876632152
1758086924900
2857598552676
1746342873700
2926586464868
2930947819860
2656069912916
2565875320420
2565606884964
1551978826344
1483259349608
2582770977384
1758137256552
2857648884328
1826872460968
2926384088744
2857664612008
1551994554024
2841811174820
1811019023780
1467421640100
1742299547044
1536141116836
2635652744612
1745519807144
2639964817748
2914842724692
2571245341012
1742316652884
2635669850452
2910547757396
1809944315220
2909455942996
1466346931540
2565858559316
2635400054180
2910277961124
2845853451684
1540183393700
2639695021476
2914572928420
2638605617492
2844779759208
1487570093672
2587081721448
2913499235944
1557631747688
1553068344936
2652579972712
2858738402920
2583860495976
1827946251880
1827947579044
1815062677156
2914574304932
1557364639396
1471465293476
2570976921252
2845854828196
1540183721320
2639695349096
2914573256040
1557363509844
1556557956712
2651774617192
2656875137620
1832241416788
2910278208084
2566882231704
2841760138648
2910479615384
1553336714920
1557564917144
1470373464488
2657076544920
1484617254248
1815045622376
2914557250152
1488628107880
1742031178344
2841542806120
2910262282856
2583844768360
1553052617320
2652564245096
1488912287064
1811036064404
1471732352356
1540451829092
2639963456868
2565859543700
1487554316948
2566933285524
1467102890644
1741980797588
1535822367380
2840737450648
1535067392664
2565540776600
1483209018008
2909406595736
1483276126872
2858739403416
2652513864344
2635316480664
2583861562004
1815246882132
2914758509908
2931938379092
1827863348564
2927374976340
1759143871828
2858655499604
1535000266068
1466280789332
2655735072356
2914842740324
2846123263588
1831101351524
2639696070244
2566882149988
2588424096152
1763790375320
2863302003096
1488828320404
2913683720852
1483191175828
1813903657620
2913415285396
2930881480356
1826856733348
1551978826404
2926368361124
2569886075556
2844763982500
2857916336488
1552246278504
2651757906280
1827124185448
2926635813224
1814239283560
2909138422100
1813921761620
1535000349268
2634511977044
1534798957224
2913701563048
2926318029480
1535822367396
1484282759844
2652513864356
2927391771300
1484264933016
2583776560792
2858654467736
1471447189908
1740890260824
2840401888600
1809609737560
2909121365336
1483192223064
2857581757784
1551911699800
1466012353880
2926301234520
1484618548884
1536158156436
2635669784212
1814257288852
2913768916628
2927373929112
2570171532948
1832157268632
1471648451224
2571160079000
1470306273944
2569817901720
1745184180888
1470643210648
1471448237720
1763454650708
2862966278484
1488576743764
2588088371540
1762717419860
2862229047636
1487839512916
1745470523028
2844982150804
1557364623768
2651489469848
1534797972888
2634309600664
1809675879832
2909187507608
1551977842072
1763438904916
2656859211352
2588425143960
1832242464408
1758154278552
2857665906328
2651507476120
1826873755288
2931754092184
1536158156440
2638622574232
1759428052328
1488846162532
1763724069476
1483192288612
2582703916388
1809609803108
2909121430884
2634243523940
1740890326372
1746341872996
2841761122644
1467421640104
2571228235176
1763505244772
1557346814564
2639947711912
1553320986024
2652832613800
1762699674968
1758404707672
1831419151704
2909120383652
2930595220132
2586997836452
2862211302744
1466346931544
2565858559320
1741158959448
1466347112856
2566680577448
1742046856616
2841558484392
2840686052712
1810766333352
2910277961128
2583794386580
1553002235540
2652513863316
2927391770260
1832426030420
1471733451176
1471465293480
2570976921256
2845854828200
2914574304936
1557364639400
2841558731352
1553336730968
2652848358744
2927726265688
2914758509924
1540368975204
1487487190372
2909389800804
1832426751332
2652497069412
1759143871844
2858655499620
1488895772260
1740890344088
2655718378136
1466012437144
2910194059940
2863217855140
1556474055332
1758069082788
2857580710564
1483191175844
1745184180900
1832426046884
1483208214884
2582719842660
1487503182180
2587014809956
1488896755304
2863301756264
2932021233000
2846121887080
1540451829096
1488912221544
2588423849320
2914841363816
2846055827028
1471666292308
2571177920084
2913432323416
1488559901348
2588071529124
2931670026644
1763438922132
2914490157460
1488561015188
2845770680724
2570892773780
2840401888616
2909121365352
1483192223080
2582703850856
2857581757800
2566950389352
1551911699816
2651423327592
1815044851284
1553051846228
2652563474004
1557346813524
2656858441300
1742316586660
2841828214436
1484618548900
2584130176676
1759496455844
2565522934440
2840400841384
1539379381924
1810950867624
1539294186152
1745520002728
1539361572520
2638873200296
1814172419492
2840400905876
1809608754836
2638806140324
2913684047268
2570891986536
2570154755688
2565791451736
2840669358680
1487504247128
2587015874904
1556223723864
1551928756568
2565792500312
1535000349272
1539042805160
2634511977048
2913432339880
2931686738600
1557297203880
2656808831656
2639628962472
1488577727144
1471715837348
1746593744292
2845048128936
2845853436584
1487839774376
2570976839336
1488645080744
2639696316072
1557364557480
2582787999400
2857665906344
1470391469736
1488896755096
1763774662040
2863286289816
2862161217940
1487771683220
1539311290772
1814189197716
2913700825492
1556491159956
2656002787732
2638622656852
2930613242516
2858939943528
1484550408808
2584062036584
1556290570644
2655802198420
1487571093908
1487503181140
1813920695636
2913432323412
2587082721684
1466096257428
1466279806548
2910277944676
2914505803428
1741979731620
2841491359396
1535821301412
2926300252824
1557565639272
1763724069480
2845769566804
1814977415764
1466012419432
2565524047208
1740890326376
2840401954152
1540116597156
1814994504100
2914506131876
2566932301208
2841810208152
2909389801892
1534747576740
2634259204516
1809625483684
1763723332180
1827074099796
2926317292116
1466028411476
1534747888212
2651707820628
2566613781076
1741980060244
2841491688020
1810699536980
1831083592360
2638537444008
1487486208680
2586997836456
1535084169556
1483544562004
2566614517400
2588424160868
1763724052888
2863235680664
1763707274660
2652781233764
2927659140708
1745185310036
1484550408600
2586997769640
1758354623064
1467370588760
1742248495704
2841760123480
1467102153304
2566613781080
1535821630040
1534747888216
2927374190184
2910547757412
1557632748200
2565791435368
2651774666388
2857664661140
2651506230932
1826872510100
2926384137876
2634594797204
2909472704148
1553068344980
1535888475796
2635400103572
2635401414244
1763724380500
1759211047572
1553270670936
1467371325016
1742249231960
1488577987940
2931670026648
1763438922136
2639612250520
2588089615716
1763455894884
2863217920356
1471648516452
1810749883992
1759210276440
2910261511768
2858721904216
1827929753176
2652563474008
2927441380952
1553051846232
1484332369496
2583843997272
1813903722136
2565522998936
1488643835544
2588155463320
1551994603160
1815061350040
2656069633688
1535083169432
2862228063896
1539109701272
2638621329048
1813987543460
1745268066724
2909120660836
1466011649380
1556205962596
2655717590372
1809677125204
1740957648468
1553321264724
1484601787988
2584113415764
2840469276244
2582703851860
1484551243176
1557565687208
1488846210472
1470391536292
2909205580452
1815247160980
2914758788756
1811034752616
2846038246760
2863285291624
1556491159960
2656002787736
1539311290776
1488577972888
1470592862628
1745470769572
1814172371560
2930680105368
2926637057624
2930612192600
1746543463012
2846055090788
1539042788696
2638554416472
1813920695640
2565859804760
1540436362840
2639947990616
1535821630052
1811035884136
2910547511912
2845837788516
1539378071908
2638889699684
1483543497060
2583055124836
2857933031780
2656069568868
1470658595172
2587350092132
1552262973796
1832157284952
2931668912728
2914489043544
1488559901272
2566596692568
1746526422356
1809962388068
2909474015844
1536073024852
2635584652628
2566865175892
1758422796648
2857934424424
1758354623080
1467370588776
1742248495720
2841760123496
2635601693288
1467102153320
2566613781096
1810699537000
2570908748392
2639628225128
2840484726164
1758152967572
2857664595348
1826872444308
2926384072084
1810967971160
2635601691992
2909473704280
1487839529304
2587351157080
1539379136856
1470659660120
2634309584216
1466347981396
1539111011988
1551995913876
1809693951636
1551994603172
2635400103588
1815061350052
2914572977828
2909204268708
1466296862376
2565808490152
2588071578024
2656791054760
2639897445800
2910195385684
1759144150356
1759479694676
2858991322452
2587015873876
2582972564820
2844982347092
2639946991256
1487821752724
2910195385688
1759479694680
2931686999384
1467354809688
2845854762328
1745470719320
2844982347096
1557616035412
2657127663188
2588357068196
2927659484580
1467370603940
1466363628196
2565875255972
2840753162916
2914774582692
1557564917156
2657076544932
2926652507476
1745536501076
2930663573844
2655785666900
2587066190164
2656859408724
1487838463316
2587350091092
1470658594132
2840469260628
1741241599656
2840753227432
2566680626856
2841558533800
1742315341480
1759495210664
2656069633704
1832241219240
2634594797224
1552247523732
1556222462372
2930611997092
1556559267172
2656070894948
1831437174116
2930948801892
2844764243300
1832175371620
1467354809700
2635585914212
2845854762340
2914574239076
2634310846052
1809677125220
1484333352548
1742299825764
1539379447380
2638891075156
1483544872532
1809962387028
1831437174120
2566598002024
1741964281192
1810683757928
2858991322472
1815062611304
1826873771368
1828148890260
2927660518036
2930662525592
2657060538964
1539311240552
2910530914648
1487822997848
2587334625624
1556542474584
2656054102360
2931737315672
1466079725912
2565591353688
1539379399064
1466296534356
2566613468500
1484550145364
1813987543464
1556223445652
1746610244200
1466364938852
1741242845796
1540099820180
2914489354900
2863286290024
1758405953128
2857917580904
1827125429864
2926637057640
1746594793064
2846106420840
1742299825768
2909406841252
1832492877400
1745269443240
1539111013032
2845769614744
2926301234580
2857850193300
1827058042260
1540099556760
2639611184536
1814977463704
2914489091480
2652497069460
1742232438164
2635384375720
1809608706708
2909120334484
2910262282664
1552264087908
2651775715684
2914774254936
2909405545816
1741979747672
2841491375448
1810699224408
2910210852184
1553269622104
1553069656484
2841559845284
2566681938340
2656876251556
1551977842084
2651489469860
1826855749028
1483258365348
2582769993124
2857647900068
1556272809380
1488559900308
1466363627880
2565875255656
2840753162600
2862227999080
2913767606632
2930947475816
1470658595176
2570170222952
1745536502120
2931938708120
1745470442068
1815262939492
2638538425752
2857581757848
2913416332696
1470307321240
2566664898148
1488628106852
2639629223316
1746343134612
2841811453332
2569836004756
1831370066596
2583055123880
2655802459544
1831437174168
2930948801944
1832494138776
1487504246168
1471733663128
1740957648280
1466365004392
2565876632168
1484533417304
1553252894040
1745251617364
2571243964824
2655802459556
2861960889764
2570171549092
2845049456036
2638891025828
2913768932772
1487839790500
2858924213668
2846123247972
2913768932776
2930948801960
2584046306728
1466079741352
1740957648296
1540453139880
2565608130196
1742249215400
2634327672472
1539111011992
1471716869476
2930930779732
2583861806484
2652581283220
2844762998356
2652563211860
1827929491028
1742048216468
2841559844244
1746544446104
1483544872276
1467370603944
2566882231720
2841760138664
2910479615400
2583777937748
1467371636068
2566883263844
1483543496024
1745536501080
2845048128856
2857933030744
2909472638296
2565859789160
2909405545828
2910210852196
2566613468516
2861960939924
2657059686056
2931937593000
1540384787048
2857581840788
2861943047524
2639696071252
1815062350420
2863285044824
1467420673624
1557614986840
2566932301400
2638873003608
2845031433816
1826789606820
2926301234596
1758070130084
1551911699876
2858655499684
1553321313624
1832242481752
1471465228888
1557364574808
2656876202584
2927659156840
1742316651860
2569835727512
1745202006680
1813921483416
1556541425044
1831419331988
2913751090580
1470324377956
2569836005732
1745202284900
2638555482468
1762382154084
2861893781860
2587015874916
2651440384356
2930613258596
2862145243748
1758154033752
1551995603544
1466096257624
1483192223144
2857581757864
1551911699880
2926301234600
1540452141716
2932021545620
1471732664980
2863302068884
2635668802196
1553337043604
1828214950548
1467437697684
2566949325460
2914506852756
2931686721940
2570909469076
1488577710484
2841760056680
1484282743188
1540117318036
2639628945812
1535822350740
1470574791252
2570086419028
1746342069844
2845853697620
1815061546580
2656875136596
2931753043540
1471464162900
2570975790676
2845854812584
2635401415080
1553069656488
2588156774824
1484350179752
2583861807528
1483258365352
2582769993128
2857866971736
1556491881048
2656003508824
2931737118312
1832224376164
1827879142756
1762431486552
1831150963288
2651489716824
1831420396904
2861943915924
1483258349908
2927660190036
2914775288148
2634529016212
1831370131860
1488913582440
1557633059176
2638604568164
2862211303012
1557346797908
2861893780820
1483526982056
1552246458792
1758085875304
1535000529556
2634512157332
1809878436500
2909390064276
1814257354324
2913768982100
2652831894168
1484282758820
2652513863332
2583794697556
2841761170772
2840687428948
1484551505236
2638555530580
1809675864408
2862162265428
1483526785368
2583038413144
1745251354968
1467152222552
2566663850328
1809944315240
1535016323732
2634527951508
1809894230676
1466296846996
2565808474772
1741174753940
2840686381716
2652781562516
1815062350436
1742047906404
2858990077544
1470641899112
2570153526888
1539361375848
2913499171240
1832494188900
2932005816676
2656875219300
2931753126244
1745185311400
2638538508968
2583861478744
2587284358488
2841761170776
1759429412184
1813921809752
2638823966040
2913701872984
1814190245208
2570104489304
1745470768472
2651758938708
1810699537048
2910211164824
2635333257880
2566882216600
1742248495768
2841760123544
2635601693336
1810967972504
2652782298724
1827947563604
2861960873380
2863034370664
2840485792360
1483544562280
1467169999464
1742047906408
1484618353048
2634527902292
1758354573908
1827074050644
2565808425556
1741174704724
2639879883348
2863218133656
1467438744920
2566950372696
2863303116120
2932022592856
2634242475684
2634510862932
1809877142100
2909388769876
1809626794344
1470575839848
1487755709032
2930613258600
2635668802200
2910546709144
2932021545624
1471397841304
1540117318040
2588088371544
2910211885464
2566614501784
2635333978520
1741241534100
2840753161876
1466363627156
1470592616088
2570104243864
1745470523032
2844982150808
2841558730328
2931753043544
1745469720996
2862161217956
1487771616616
2587283244392
2930611996052
1551977826660
2651489454436
2926367361380
2913701824084
2844697134676
1466281068116
1741158975060
2845787653716
2565591369364
2840469276308
1534799218324
2840737711764
1536141395604
2635653023380
1809878451800
2909390079576
1484350129752
1557633009240
2840687380056
1487822800548
2840754277028
1467086177684
1810682448484
2910194076260
1741964084628
2635334256228
2910212163172
1466012632676
2655802459748
1831168738916
1740907316836
1763724379492
1762650637668
2862162265444
2846056138084
2570958817640
1746325096808
2652782609764
1557565949284
1470592861540
2639897658984
2634243737192
2857582036584
2926301513320
1483528046184
2583039673960
1483528046232
2583039674008
2909405858468
2634527951524
2651707820708
1827074099876
1553051830616
2652563458392
1762382153048
2861893780824
2565792499288
1831101629784
2570960144808
2656070633828
1470659660132
1539379136868
1741962955176
1759160665768
2858672293544
1535822366376
2635333994152
2909406905704
1483477763432
1742249543016
1484551505256
2913701873000
1470592861544
2638823966056
1556492207464
2844981347732
2587283309972
2862161216916
1488829630868
2909405857172
1827074098580
1828132047252
2927643675028
2584046291348
1746527668628
2582787753364
2651507476052
2863217937044
2857933047144
2566865373780
2841743280724
1540435364516
2571244243284
1540452092244
2656791004756
1815329999188
1557565900436
1535000544916
2634512172692
1759429363348
2858940991124
2570171549332
1540369254036
1763438922152
1814978529704
1488561015208
1488577988248
1557297464984
1471666554520
2846056089240
2857850472088
1487571355288
1827074050648
2926585678424
2565808425560
2927441380968
1535016274520
2582988294744
1484332369512
2583843997288
2652563474024
2846039034532
1759479679380
2840737696148
1556491962712
2656003590488
1539025815208
2638537442984
2582702868136
1758069147304
2857580775080
1551910717096
1540117595492
2910530930340
2651775927972
1488846423716
1763724330660
2863235958436
1557565900452
1832443807396
1741158975140
1466281068196
1809677125284
2909188753060
2926368622244
1470390438232
1745268345176
1534799218340
2634243737256
1483192501928
1758070408872
1488845163112
2588356790888
1557549123236
2841474647460
1810682496420
1488829646500
2863219181220
1467085112740
1487554562456
2587066190232
1535067638168
1809945545112
2909457172888
1831101614744
2588088305044
1810699224468
2910210852244
1827879093652
2927390721428
1467101840788
2652832892584
1483528046248
2930932025000
2634310846120
1535067653800
2655802198440
2913432323432
2930680105384
2651707754152
1467438434916
1540436085396
2910194076264
2841474599528
1466028098968
1809625482648
2651775978132
1742231455076
2841743082852
2635584652644
2840753441368
1556205635172
1488561211800
2840484726180
2652497413732
2927375320676
1483544562024
2583056189800
1487839529320
2634309536084
2571160422996
1814977743444
1470575053396
2570086681172
1539294530132
2638806157908
2862966261400
2926385448612
1466096567972
2840486102692
1534816044708
1813988918948
1827141159268
2570975807844
1540183656804
2634326575460
2639963720036
1815329999204
1557631961444
2657143589220
1535016274516
1758354621848
2857866249624
2926585726360
1556290569624
2655802197400
1741963299416
1745252600228
2844764228004
2638605797796
1813972076964
2931937413784
1487838463332
2587350091108
1762716370276
2862227998052
2638889698660
2909472638308
1552262972772
2651774600548
2841559533204
1466348177828
1741226084772
1535067654564
2634579282340
1487553267284
1813987821928
1470390438248
1815061563752
2588424112488
2639611135576
2569902066024
1557631961448
1535804540504
1488559900248
1484618302824
1814257354340
2913768982116
1470659970660
2570171598436
1745537877604
1758404691304
2857916319080
1762699675284
1556272809620
2655784437396
1762431239828
1831150716564
2930662344340
1827863692692
2651507492244
2913768719716
1535067638184
2909457172904
2930663573928
2638874233256
2913752140200
2845854763620
1466296534436
2639627912612
1741979747748
2841491375524
1470306290008
1483544560984
1741242598744
2840754226520
1535084168536
1814257042776
1553269885272
1471665506648
2571177134424
2846055041368
2862967522660
2588156463764
2858990077592
2863034370708
1809693641364
1487553332888
2570153526936
1746257986984
2845769614760
1814977463720
1557616280916
1832494187860
2862949483944
2932005815636
2909472656024
1483543513752
2857933048472
1552262990488
2651774618264
1553269622184
2652781249960
2587014563240
2570170222996
1471464966808
2570976594584
2845854501528
1759495162260
1809693641368
1832509606292
2932021234068
1466096257688
1741226083732
2638874248596
2862161939044
1539312011876
2638823639652
1814189918820
1556491881060
1746258266724
1470575053412
2570086681188
1539294530148
1763438135908
2910462839396
1811036146324
2910547774100
1745251617380
2861943114340
1831150963300
1552247326356
1763522742948
2909121381720
1758337534628
2841559795284
2910279272020
1809626515092
2569835726484
1466078431576
2565590059352
1534797908312
1758136207704
2634309536088
1809675815256
1740889557608
1534731127400
2931669240424
1471380359784
1746258266728
1534816044712
1471666539172
1745269442216
1539111012008
1813988918952
2638622639768
2926367361428
2926635796884
1828197910932
2927709538708
1832224638548
2931736266324
1828148824408
2927660452184
1487821768356
2587333396132
2913750910628
2587064960676
2861942867620
1467170309540
1484350178724
1832242529700
1471465276836
2570976904612
1488645146020
2657126861460
2587350091112
2862227998056
1466363626856
2565875254632
2840753161576
2651774600552
1466297566804
1484551505300
2584063133076
1552197240212
2651708867988
2570154772904
1809945561512
1827125430696
2926637058472
1831101678996
2926635796888
1466346916248
2565858544024
1810749606296
2844696922516
2913416399252
1534731897236
2634243525012
1540452943444
2927660518040
1534747821412
2634259449188
2845049505384
2638891075176
2840468276820
2913768982120
2909187753556
2571176872548
1740974164644
2840485792420
2845854501540
1470641899176
1745519806120
2845031433896
1539361375912
1814239282856
2634528753000
2909406659944
1809944577624
2634578298456
1471465228904
1746343135848
2639696333416
2656876202600
2862162265496
1470592861592
2570104489368
2587284358552
1759429412248
1540453188964
1831370114456
2930881742232
1484618614116
2930612980392
1809944495524
1534730799768
2634242427544
2909120334488
2652849408680
1471464966824
2845854501544
2857665661608
1551995603624
2926385138344
1466096257704
2909205269160
1535084169896
2657143638692
2927726578340
2566949325476
1742315604644
2639628945828
2914506852772
1488577710500
1746275748260
1540117318052
1484618566040
1814995224996
2566614501796
2861943834024
1471464162916
2932021234072
1815329737112
2914841364888
1831420396952
2571243981208
2845032678808
1540167714404
2639679342180
1815045621348
2914557249124
1487823013272
2844695808596
1539025750612
2638537378388
1813903657556
1487486143060
1762364050004
2634242411092
1809608690260
1763791506072
2863303133848
2932022610584
1827124169124
2840736450980
1552246262180
2651757889956
1535871699364
2635383327140
1471666276708
2657077250404
1553069606488
1759228036696
1763523003992
1762650655140
2587284375972
1745202005656
1813921482392
1470324098712
1763505228132
1488627321188
1471447452004
1809878436516
2862228343444
1746544510372
1540452140692
2639963768468
1557632009876
1827124169128
1540117317012
1471397840276
1471398118996
2570909746772
2841761170792
1540184753576
1815062660520
1488645146024
2910210902628
1471448516952
1471732681128
2846122215848
1762650637736
1556223772072
2655735399848
1832509605208
2932021232984
1557631698264
1539026864536
2638538492312
1813904771480
2913416399256
2840468276824
2634309846616
2909187753560
2857866185300
1483476650580
2582988278356
1483209263464
2582720891240
1556492223892
2857867314580
2651708884372
2926586791316
2582989407636
2927659402660
2657144685928
2932022592872
2639879619928
1762650311332
1815061563796
2914573191572
2587350370708
1762716649876
2862228277652
1831436126612
2863302019476
2571176856212
2846054763156
2638807123604
2566933333588
1536157174440
1811035081384
2910546709160
1553337043624
1828214950568
1539362621848
2638874249624
2913752156568
2569834760536
1745201039704
2844712667480
2587014629720
1471464162920
2639963720088
1815329999256
2914841627032
1809692854680
2909204482456
2932021496216
2657143589272
2638889764504
1466012436136
1534731912872
2588423850664
2844695808600
1539025750616
2638537378392
1487486143064
1762364050008
1466011306584
1763724395928
2863236023704
2931685755540
1535805654436
2635317282212
1810683561380
1467086177700
1741964084644
2930948524692
1828147857816
2634527901268
1759429085544
2584062806376
2570891643220
1831083592344
1467085048148
2651708885416
2857867315624
2926586792360
2652564261284
1763505228136
1815044835688
1557346797928
1826806662504
1831101629800
2930613257576
1832158644820
2931670272596
1557280737876
1539043853672
1467086424660
2566598052436
2841475959380
2638806862244
1832493140324
2571244291736
2846122198680
1488912533144
1557632009880
2635668801176
1811035080344
2932021544600
2909137373864
1815313271192
2846039115108
2588341077348
2910463624548
1809894229412
1539311289764
1815062333096
1488829630884
1471649761700
2571161389476
1746527668644
1540369238436
2638807205204
1557280752980
2656792380756
1745185572180
2857850537300
2840670668116
2582972630356
1488561276244
1814172436820
2844964587860
2634511190676
2909389097620
2926568966804
1470575053460
2570086681236
1466280086164
2565791713940
1488560229012
1536073304724
2930679318948
2638889978276
2913767885220
2841474598500
1535804540516
2635316168292
1810682447460
1488559900260
2588071528036
2931668911716
1827058386264
2926301578584
1534732174680
2638622575188
1762449246804
2861960874580
1483276372564
1758154279508
2857665907284
1551995849300
1552197256600
2909389097624
1552984738456
1810951211672
1540368272024
2930595498648
1484533697176
2862949763736
1556474399384
1536073304728
2652848621992
1466095471016
2565607098792
1740973377960
2840485005736
1487570307496
1470658873768
2932021496232
1831167691176
1552264037732
2651775665508
1466363644580
1762716388004
1831435864740
2930947492516
2588340029076
2863217936020
2657059505812
1556491109976
2931668896088
2845769550168
1488559884632
1552984394072
2652496021848
1827862301016
2841474582872
1484264917336
1540099492184
2583776545112
2639612511588
1557280752996
2656792380772
2931670287716
2844697199972
1745185572196
2857850537316
2914757806756
1470575053476
2570086681252
1745452960420
2844964588196
1551910996644
1815262938456
1557549107624
2566613714516
1832427095400
1466281133416
2565792761192
2840670668136
1466012697960
2565524325736
1809878517096
1471648795304
2571160423080
2846038330024
1540368272040
2927642708648
2909389097640
2566664899220
1484333140628
2566865455784
1535872748180
2635384375956
2583844768404
2858722675348
2584045062824
2652764539560
1746257938024
2845769565800
2910279256404
1810767628628
2914825685588
1467170244948
1742048151892
1488896543316
1535084168552
2909473703272
2932005554772
1466079807060
2565591434836
1740957714004
2840469341780
1758421420712
2857933048488
2565875272360
2840753179304
2909472656040
2652765767064
1535805917844
2635317545620
1810683824788
2841559795300
1813921482404
1556223444644
2655735072420
1484550407512
2657076479320
1827880208724
2565540841812
2840418748756
2651440187732
2927391836500
2926318094676
2927442152088
1759429167448
1826806466904
1484333140632
1815263742296
2588357855576
2931955239256
2863235762520
2657077332312
1763790128532
2846123263636
1535889721688
1832493927000
2570891969892
2914841364904
2634579281320
1809945560488
2909457188264
1556205619812
2634242491736
1809608770904
2582720711012
1826806466916
1535017126244
2657144703656
1763791506088
2932022610600
1488627337876
1467152501396
2635383605908
2657077332328
2857867053416
1763724134760
2931955239272
1762633598292
1539295298900
2638806926676
2570087449940
1745453729108
2844965356884
1758070130260
2927374976596
2652497069652
1827863348820
1467086095956
1488829367892
1763707274836
1556475102804
1539295233620
2638806861396
2914842740376
2652497069656
1827863348824
1535805572696
1471381063256
2570892691032
1746258970200
2651507493204
2926301514068
2926569949524
2588425161044
1763791440212
1488913533268
2565809473876
2841559796052
1467170261332
1471381407124
2570893034900
2845770941844
1540100883860
2639612511636
2914490418580
2926301578644
2570171550040
1535000545624
2634512173400
1759144151384
1552985721176
1466281068888
2565792696664
2635585915224
2566866438488
2656002722132
2570103376212
1758087186788
2857598814564
1759144151396
2858655779172
1471381342564
1488561211748
2588072839524
1484266244452
2583777872228
1809626794340
1759428037284
2858939665060
2931954109092
2913685030564
1484266244456
2583777872232
1552985721192
2844982348136
2914842675560
2635669801320
2634243737960
2651423671704
1814978726248
2655718639000
1831084918168
2930596545944
2565524325784
1466012698008
2584113464984
1759479744152
2846039033496
1746527405720
1471380015460
2635316152676
2656790989156
1535804524900
1540099492196
1759143872100
1484265965156
1827863348836
2635317200484
1539295233636
2638806861412
1471649498724
2571161126500
1540368975460
2639880603236
1762449262996
2840670603668
2909390080404
1466281068948
1809677126036
1811019303316
1488645097876
2863034632596
1758422731156
1741175753108
1467086424676
2566598052452
1741964331620
2652514126232
1556559268248
1470659922328
1831084853656
1484534679960
2570892970392
2910212163992
1553254156696
2841811454360
1540452140712
1488912533160
2657143637672
2932021544616
1467437696680
2566949324456
1536157173416
1742298843736
1536140413528
2910529948248
1557615250008
2657126877784
1831353009768
2931669943912
2846039033448
2930596202088
2638891026852
1809626794404
1534748887460
2914574240164
2571245291940
1746611571108
1540453140900
1815331047844
1809677126052
2582771239332
2638538769828
1556207011236
2914758854052
2910195451300
1827863692708
2909121709476
1466012698020
2565524325796
1487487534500
1553338042792
2845032679848
2909473966504
1488561211816
1762700921256
2927710800296
1484551457192
2584063084968
2909389097316
1484534744488
2651423671720
2565524325800
1740890604968
1556207011240
1759412651432
1551912043944
2926385384036
2857665907300
1467085047124
1535804523860
2914489025876
2582788000356
1551995849316
2651507477092
1467152483688
1742030390632
1535871960424
1810749867368
2910261495144
1484266292820
2652497397332
1827863676500
2927375304276
1759144199764
1536089737896
1810967644840
2910479272616
2857597765288
2583055124884
1809961011604
1741241534868
2909472639380
2651774601620
1556559317652
1831437224596
2840754539156
2909474015892
2926653885076
1539110946388
2638622574164
1483276371540
2655802443348
1745519790692
2570153511524
1827862301032
2566596675944
1535804524904
1759142824296
1552984394088
1484264917352
2927659418980
2657076479332
2931954386276
2652781512036
1534999479636
2926568883540
2570153510500
2930613062036
2652513929620
2566614583700
2583794452884
2913433192852
2861893585300
1488846227860
2657077332372
2931955239316
1763724134804
2656859212452
1551910913368
1741963216216
1810682692952
1763438052696
2634511107416
1740889474392
1762364310872
1556205880664
2587082967656
2914489025880
2565540841880
2840418748824
2909138225560
2634528754072
2909406661016
2926586530200
1484551260568
1759429167512
2927660272024
2910279256420
2841559779684
1742299613796
2914574223716
1553321052772
2931754092900
1467170244964
2566681872740
1742048151908
1557616020068
2657127647844
1467354793384
2566866421160
1742232700328
2635585897896
2913767606680
1745536502168
1810750654100
1467153270420
1742031177364
1535872747156
1809944234596
1831437224600
1466365004440
2565876632216
2840754539160
2909474015896
2582788065636
2857665972580
1827057255780
2638806074724
1741157909860
1809877386596
2909389014372
1809610017364
2909121645140
2565524261460
2565541038676
2840418945620
1745185507924
1487487470164
2586999097940
1763791489428
2652849719700
2565524261464
2840402168408
2909121645144
1809610017368
1466012633688
1828215932324
2927727560100
1535889720660
1810767627604
1488896739924
2566933531220
1466348161620
2569886321236
2638605797972
1811019089492
2910530717268
1488846227876
2863235762596
1536141182548
2913433192868
1556223527332
1488845374824
2927659418984
2657076479336
1763723281768
2652781512040
1831370066532
2930881694308
2639612447332
1740890540644
1809610017380
2909121645156
1552180415076
2566933547620
2588071773544
2862949680488
1484265178472
2930595415400
2927374189928
1746258183528
2927392033384
2583039674984
1740890540648
2840402168424
1466281069160
1535000545896
1466012633704
2588341275240
1488644033172
2588155660948
2858991307352
1811019287128
1470374693464
2565591353944
1740957633112
2840469260888
1809945545304
1759429167528
2927660272040
1484551260584
1466297649576
1470592616872
2570104244648
2913701628328
2657076217428
2931954124372
1488845112916
1488628107944
1553253877396
1759412307604
1742232438420
2841744066196
2635585635988
1810951915156
1828131784340
2914758510228
2584130258596
2652849735332
2846123263652
1758085875288
2909137110616
1826805352024
1483207968344
2927659157080
2927390721624
2926316979800
2914825685608
2910530718312
1745251304808
1536074008216
1471649498776
2931938379416
1483460658840
1484265965208
2651440384660
2926318291604
1763724331668
1556223724180
2655735351956
1831101631124
2930613258900
2930596481684
1762633812628
1557565901464
2931955436184
2657060752024
1553254156952
2931670223512
1557363329640
1745252681320
2638605878888
2913483785832
1539025767064
2638537394840
2657077529252
2926318291620
1828215949988
1762449263268
2587015875236
1556223724196
1831101631140
2932022545060
1557565901480
1832443808424
2931955436200
2651440384680
2930864917160
1741158976168
2840670603944
2861944097380
2657127844452
1539094170212
1467421903460
2588408367716
2638605797988
1556274039396
1831151946340
2569886321252
2914842724760
2927727626648
1758354295124
1763723004244
1813920434516
1815262611796
1540384704852
1488845097300
1484550130004
1467170243928
1742048150872
2841559778648
1832493925976
2932005553752
1535889720664
2639696315736
1811019287144
2588408367720
2655785667176
1557616019032
1466348161640
2584061773412
2927659157092
1759428052580
2652781250148
2857597503076
2651439072868
1487502935652
2587014563428
1762380842596
1467169196696
2566680824472
1484349065880
2931938379428
1815246882468
2914758510244
1488829367972
1763707274916
1534731830948
1832157334120
1831100565924
2930612193700
1487503182244
1556222658980
2651439072872
2840417633896
1466296534632
2857597503080
2926316979816
1483207968360
1832509605288
1471732352424
1745184179812
2844695807588
2565522933348
1740889212516
1759412307624
1828131784360
2858655499944
1815246882472
2914758510248
1488829367976
2863218902696
2909121365672
1551911700136
2565607869076
1487771617636
2587283245412
1762649524580
1553051568724
1811018041940
1832492878420
1466346916436
1557280425300
2931669960020
2862950483284
1832158332244
2583777609044
1535017322840
2656003787096
2582988015972
1758354295140
2857865922916
1487502920036
2588140012904
2652564522344
2931737396584
1759142840980
2914489043604
1763437808276
1471380032148
1488559901332
1810682448532
2566614828628
1742249543252
2841761171028
2652782610004
2909406905940
1742030129752
1484600527448
1745470768724
1488895494744
2588407122520
1758085859688
2857597487464
1826805336424
2857866184020
2634527884628
1535016256852
1466296780116
1741174687060
1745469654356
2862161151316
1831369000276
1470591747412
2930881742424
2638823966296
1763724379736
1466029459032
1466297894488
2634528999000
2909406905944
1815245851220
1536072976980
1540367944276
1811018320488
2910529948264
2863285308008
1467420936808
1742298843752
1536140413544
1832493156968
1470323313064
2569834940840
1745201220008
1539042789800
2638554417576
2844695807592
1539025749608
1487754839444
2930863850900
2844964504980
1814172353940
1828130802084
2927642429860
2639879621028
2931668895060
1828147512660
1484550128980
1759428035924
2566613452120
2861875676504
2638537377112
2909120316760
1759142823256
2571160077656
1759142823268
2858654451044
2863285029476
2931669157272
1746258183576
1746526619032
2639879816600
1759144199780
2858655827556
2652497397348
2927375304292
1557280736868
2583860430180
1742298498404
2841810126180
1483543496036
2583055123812
1471380014436
2910529602920
1466011305320
2565522933096
2840400840040
1484264916328
1809962338904
2909473966680
1488895772248
1763724379748
1557565949540
1746544510564
1540386080356
2639897708132
1556541229672
1811018041960
2863016594024
2926317225368
1466028344728
2565539972504
2840417879448
1534747821464
2634259449240
1809625728408
2638554416536
1813920695704
2913432323480
1762632550040
1831352026776
1487754921316
1762632828260
2862144456036
1552179430756
1763437808280
2862229375652
2913768983204
1556559317668
2565876632228
1483544873636
1487839840932
2587351468708
1832425768340
2931937396116
1741175801448
2840687429224
2909406905960
1763724379752
2570104489576
2844982396520
2862162265704
2587284358760
1539110946404
2638622574180
2913500481124
2651507476068
1539311224152
1745469654360
2844981282136
2857866184024
1827074032984
1483476649304
2913700758872
2932021216660
1557631681940
1810699208084
2910210835860
1467101824404
2566613452180
2652512798100
1827879077268
2914841347480
2652563129752
1467152156056
2932021216664
2583843653016
1741979731352
2841491359128
1557547813464
1488828336728
1471648467544
1746526374488
1763773663588
2909472918100
2840753441364
1810951128484
1762632746404
1487754839460
2587266467236
2655985943972
2635668473252
1811017975204
1470306272676
2566613452196
2930947474836
1832225688212
1488896739988
2588408367764
2657127844500
2651490699924
2927458093656
1484617517656
2584129145432
2926652787288
1746258183592
2571160339880
1746526619048
2846038246824
1487486404008
2587266467240
1831437223572
1762364310952
1488645098132
1539094170264
1832225688216
2588156725908
1466348161688
1741226068632
1741979747988
1831368754836
2910479287956
1828147529364
1467370276500
2566881904276
2841759811220
1540116285076
1814994192020
1540384720532
2846123248292
2634259203736
2914842675796
1539094234452
2638605862228
1470374757716
1827140880808
1535083104680
1552262973864
2651774601640
1539312011924
2857866971796
2926586448532
2635384374948
2910262281892
2566664898212
2841542805156
1466365004456
2565876632232
2840754539176
2565607098980
2634326575716
1809692854884
2909204482660
1814256257636
1534814947940
2926652787300
2932022593956
2652849719716
2927727626660
1488628304548
1540167912100
1488896740004
1467421903524
2566933531300
1535889720676
1810767627620
1467421705828
2657127646820
2932005553764
2841811240548
2910530717284
2858738616936
1484617517672
1758153247336
1488644049512
1552263252584
2652848622184
1831436126824
2913751157332
1556541491796
2656053119572
1539361622612
2634578283092
1758404954708
1467370260884
2910479272340
2652781234580
2565808146836
1741174426004
2840686053780
1466296519060
1556222396820
1745536501144
1487838463384
1762716370328
2862227998104
1831435847064
1742299810472
1811019287208
2634310830760
1831420381864
2930932009640
1553269622436
1831368754852
2845786343076
2651707508388
2926585415332
1466296519064
1741174426008
2840686053784
2909405530520
1551927429528
1470323050904
2634259203752
1809625482920
1556222412456
2638554171048
2913432077992
1831100319400
1552195880616
1762365113956
2861876741732
2587284310372
2570104441188
2840687380836
1556492159332
2656003787108
2863234648660
2840737498452
1741225870676
1471448237396
1540167714132
2656859211092
1763506013524
2931737118036
1535067440468
1539362407764
2857665972584
1557346536084
1832492878484
1745251355284
1539092925076
1813970832020
2569885076116
2844762983060
1488912467540
2652848604756
2927726511700
1484617500244
1759495407188
1467437631060
2657143572052
1539025749588
1759142823508
2858721560148
1484550130084
1759428037028
1488845097380
1539310963108
2638822590884
2927726249560
2841743017560
2910462494296
1466280069476
2565791697252
2840669604196
2651758937432
2656859211096
2931737118040
1467421705560
2566933333336
1759211046232
1484333139288
1811019089512
1536141182568
1809895278228
1535017371284
1832175421076
1746276075156
1763455944340
2862967572116
1557297514132
2656809141908
1488846472852
2588358100628
2858990062232
1809944300184
1535066393240
2634578021016
1741981058660
2656053119576
2652848342628
2569817900644
1466363627108
2634242410084
2583776544356
2582703851864
2927726249576
2652848342632
1466028083624
1466296519080
2583793322408
1759159601576
1534747560360
2635652024660
1832493140308
2932004768084
1467420920148
2588358100632
1831370114712
1483209328280
2862967572120
2857867298456
2638823966360
1534748935832
2634260563608
1814190196052
2913433389480
1556205618836
2655717246612
2930595153556
1827124102804
2931937330840
1758136190616
1551977760408
1826855667352
1488828319384
2639679341924
2656859211108
2858991109476
2635652810084
2634310632804
2845031418532
1811018042020
2841810193060
2858990062244
1745251355300
2931669960036
1488560948580
2651708885592
2844712846756
2655985747620
2657143309988
2932021216932
1763790112420
1466096305492
2926300465492
1483258283688
2582769911464
1826855667368
1487487469208
2638891027028
1832157285028
2863286076776
1832225490280
2931737118056
1759211046248
2909188539752
2931668912804
1832175421092
2931687048868
2588089665188
2862967572132
2657077577380
1471666603684
1536140135080
2932004506280
1539361360552
1745251355304
1811018042024
2657077250456
1813970832040
2913482459816
1488912467544
2588424095320
2657143572056
1831101629848
2930613257624
1535016256868
1553270982312
2651708868264
1535017371304
2652764473684
2655985699156
2931668912468
1832425720148
1762632501588
2635584604772
1810950883940
1742231407204
2639879572068
1746526374500
1815245851236
2588072888980
2570170222248
1535017321816
2913701823832
2638823916888
1539312289112
2859008099668
1540453139796
1810767643988
2910279271764
1535889737044
2635401364820
2927373945176
2652496038232
2571160095064
2846038002008
1488828336472
1488912485012
1763790391956
1746610522772
2639963720340
1535804540564
1557279377044
1758354573976
1745469672088
1552196143768
1827074050712
2565808425624
1763505243816
2634527902360
1826873771352
2841559795032
2910279271768
1466096518488
2932021496472
1763790391960
2846122150552
2639963720344
1466095471256
1758153247384
2927726529176
1483275340440
2582786968216
1484600804968
1557615249000
2657126876776
1763773679208
1488560948584
2588072576360
2565539972520
2840417879464
1534747821480
1740906251688
2634259449256
1466028344744
2588071529128
2656791005864
2931668912808
2857665727064
1488559901352
1763706291620
2863217919396
2931937396132
1488828384676
2863217871204
1488828336484
2588339964260
2931937347940
2652497413716
1484266309204
2909121709652
1488913532260
2588425160036
1763791439204
2583776561512
1484264933736
1557547813224
2657059441000
2926568638824
2863217871208
2914757478760
1488644049572
1557363526308
1488912485028
1763790391972
1471732615844
2571244243620
2588424112804
1539378350756
1814256257700
1813987822244
2861944179348
1759144216152
2587267597912
1470307665496
1539378070948
1827947513192
1536158172520
2635669800296
1467438695784
2566950323560
1488913532264
2588425160040
2932022543720
2913500497256
1466363906728
1471732615848
1540452092584
2588424112808
2657143589544
2570891658904
2845769565848
2845838034260
2588357003672
2657076480408
1467085047204
1828130752088
2863217870424
1814977727140
2914758838612
1488829696340
2588341324116
2863219231060
1557549173076
1488913533540
2588425161316
1832510917220
2932022544996
1552196913828
1827074820772
2857866971812
1487838464660
2586999162468
1471381407332
1741159024984
2840670652760
1535000594776
2634512222552
2909390129496
2914490403160
1540100868440
1488829696344
1557549173080
2932021298516
2588423914836
2845854762644
1815062611604
1742232782440
1810952259176
2910463886952
2652497413736
1831353353832
2582769928600
2857647835544
1746326144404
1466347963796
1742031177108
2841542804884
1763454913108
1809677191832
1826857061016
1470374775448
1745252682392
2909188819608
1826872526168
2566949078360
1762716452184
2862228079960
2656053119588
1745520052836
1763791439444
2863303067220
2657144637012
1832510916180
1535067440536
2588139734424
2863017641368
2913483507096
1759211046296
2651775977128
2638874315352
2583861758632
1811036128676
1557280737636
1763707603300
1488829696356
2930931025492
1831419397716
2914490403176
1471381391720
1488829696360
1810683808104
2588423914852
1763790194020
2657143391588
1832509670756
1484617319780
1535017044648
2588089420372
1763455699540
2862967327316
1539312093780
1815045621156
1471448237476
1551978874276
2651490502052
2566664897956
1553270655396
1746343134872
1540184704664
2588155479400
2584128947560
1488912287080
2588423914856
1763790194024
1557631944292
1556491962968
2570104244824
1483477518936
2634528754264
1466347963816
1741225870760
2840737498536
1535067440552
2655785469352
1470642931112
1539362407848
1762699922024
2862211549800
1832510916184
1815045900696
1742299891028
1742048167316
2587351418260
1534815995284
1809693902228
1484264933784
1535804541336
1759142840728
2858654468504
2651440188004
2926318094948
2656003590756
2841559795096
1535889737112
2635401364888
1810767644056
2566950323608
1811036079512
1488913532312
2588425160088
1487571355032
1540435363156
2862162020968
1746544265832
1470592617064
2570104244840
1539312093800
1827880209000
2656003590760
1471380015508
2570891643284
2652496021908
2927373928852
2926585481560
1553336977000
2863302002280
2932021479016
2845770926740
2931670272660
2862950795924
1488561261204
1467086424724
1466279758244
2652497413780
2909121709716
2858924279444
1471381407380
2914758854292
1540369319572
1551912044180
2840402232980
1536140396904
2910547707300
1471733663140
2571245290916
1759142840744
2858654468520
2652496038312
1484264933800
1471648467368
2638537655636
1470306551124
2569818178900
2931668911780
2862949435044
1471380031140
2565607949908
1831084918424
2840670668440
1827074050728
1762449311060
1488913532328
2857934357928
2909473965480
1466364954024
1741242860968
2927459141032
1827947513256
2639879571044
1471732663636
1815245850212
1827142191700
1758422714964
2857934342740
1741242845780
1762717682260
2926653819476
1536090081620
1539311307092
2857866266964
2634327427688
1831168543336
1483476666008
1763439167892
1540369303956
2639880931732
1741159025044
2638554499416
1539311307096
2651692107428
1470591830360
1552985786020
2566866503332
2588072888984
1467086424728
2862950795928
2656792365464
1539027126680
2638538754456
1470307649944
2634326361700
1488912287124
2587350173076
2652579988884
1831435928980
2930947556756
2656069649812
2909472720276
1488828320088
1809878517416
2909390145192
1827058386600
2583777937064
1535805916840
2652497413800
1827863692968
2931670288040
1809877469592
1810952243800
2932021298584
1809961092504
2841826985368
2930947556760
2910546462104
1826873575000
2841491621460
1467170063700
2566681691476
1535889540436
2635401168212
2927459125652
1815062595988
1827947497876
2846106208916
2858939943336
1540384983464
2858940008804
1484282038628
1488828335720
2588339963496
2657059440232
1763706242664
1536072975976
1488561260964
2909121694116
2862145489316
2861892798824
2588088633704
1759496456532
1487754839448
1552984672676
1831420462676
1488560146004
1763438052948
1815062611620
2914574239396
1815263742612
1741175556756
2840687184532
1535017126548
2634528754324
2909406661268
2634309536168
1809692640872
1488560146008
2588071773784
1832425965144
1763438052952
2862949680728
2587350173096
1831435929000
2930947556776
2634528754328
2583794453144
1557297269400
1540183442788
1488913532516
2863286078104
1759210980952
1763437790808
1557564574036
1483191175508
2857580710228
1488912206168
2909388753240
2656791250532
2862144374372
1831352223332
2651690976868
2845838050708
1471733647704
2857580710244
2586997770916
2634242411172
2909120318116
2857598618276
1551928560292
2926318095012
2634528754340
1466297649828
1741175556772
1483191175528
1540117400228
2584128948824
1759495227992
2652848425560
1811034835544
2931669157480
1488560146024
1763438052968
2840401102440
2634242672232
2638537639528
2656791250536
2913683981928
1539294447208
1746343134888
2845854762664
1815062611624
2588156724904
1467170260648
2931754108584
1811019367764
2635653088596
2634528754344
1741175556776
1827880209064
2657077332648
2655985683044
1540435380884
1811018320532
1467420936852
2570892708244
1746258987412
2570909746788
1540117382740
2634527623572
2858671229332
1488845097364
2638537378196
1466011306388
1740889213332
1815044508056
1763504900504
2863016528280
2845853436312
1488845097368
2588356725156
1763723004324
2909120317860
2914556135848
2931736005032
1763504900520
1745469655444
1741224822164
2840736449940
2570908420692
1540116269652
2639627897428
1827073772116
1487502920276
2587014548052
2909120318120
1759142824356
2584061758040
2858939664984
1557296482708
2927659485588
1553269950868
1811019367768
2932005832024
2639948055896
2845770926756
1540100868772
2931670272676
1484266293924
2926635795860
1814172093032
2913683720808
1553269950872
1484550474136
2844696085860
1470306551140
2569818178916
1483276191332
2571228579176
2846106486120
2657060489560
2931938396504
1483476650392
2582988278168
1540100867732
1553269607012
2652781234788
1759159601764
2863217853780
1540367926612
2639879554388
2914757461332
1556474398100
2930863932820
1487754921364
2587266549140
1745452959124
1742248168040
2846039361108
1745269376660
2844781004436
1762449245844
2861960873620
1539110946452
1466096306520
2914774583720
1557280737960
2931670272680
1540100868776
2639612496552
2914490403496
1488561261224
1484533614228
2584045242004
1762717681236
1483544806996
1552264283732
2634596042324
2909473949268
2930880367188
1540367927656
2846037985640
2863217854824
2909472639576
1762380827224
1831100303960
2930611931736
1553253090968
1484265178776
1484533614232
2565541022308
1831150635620
1762431158884
2909472639588
1535083104868
1832509590120
1831100303976
1487502920296
1467085047192
1741962954136
2845031417444
2588156709284
2570976840100
2588408171172
1746594581156
2927710587556
2846106208932
2858991110820
1488828319064
1763791423828
1536158157156
1759496456548
2566950308196
1471733647716
2634309520020
1488643771028
2588155398804
2863033305748
1487821687444
2863033305752
1488912206488
2588423834264
1745452877476
1553253090980
2652764718756
2927642625700
1557363247780
2635651697316
2913482394276
2582786689700
2845854746004
2914574222740
2913482394280
2655784356520
2566948997800
1466095192744
1534814669480
2909204204200
1466363628200
1763723281832
1488845374888
1745184442024
2862144374440
2930863851176
1471733646676
2571245274452
1746611553620
2846123181396
1831150897752
1470373644888
2569885272664
2566932220580
2914557527460
2583038362984
1552246211944
2565858493800
2840736400744
1809944249704
2909455877480
2927374207400
2566949079656
1811034835560
1832509672040
2930881414484
1488912288360
1831100304020
2588088289940
1466296519316
1741174426260
2634527623828
2909405530772
1815062594968
1763774727524
2863286355300
1832494204260
1471666275672
2931954109080
1488576662168
2910210837144
1540166878820
2656858375780
2931736282724
1763505178212
1471447402084
2570959029860
1742316586328
1811036063064
1557632992600
2932022527320
1487755643496
2587267271272
2913684785768
1745453681256
2841826985560
2635668555352
2846122134168
1815329983128
1471649515876
1488829385060
1745469655460
2638605600340
1758405740116
2571227530900
1746593810068
2857648949908
2926318011748
1810700256612
2930612979044
1466029131108
1831100304036
1535015996068
2634527623844
1809893903012
2909405530788
1488845097636
2638822591140
2584113202776
1484333139544
1759211046488
2634310633048
2565540758888
1740907038056
2840418665832
2634260235624
1809626514792
2909138142568
1483477435752
2582989063528
1758355342696
1746544182632
1762380827304
1831100304040
1487502920360
2587014548136
2638822591144
2931938395476
1488829384020
2588341011796
2932005832040
1811019367784
1759479760232
1831100581288
1746526374548
2846038002324
1540367944340
2863217871508
1557547813524
1471648467604
2910194058660
2909188540004
1809676912228
1831420184164
2570908748116
2652513126740
2583793650004
2656808094036
2863218919784
2931938396520
2588341012840
2914825684584
2634579068520
2858991109736
1466079528552
2565591156328
1740957435496
2840469063272
1466280002900
2639963702612
2634594993492
2845048390996
2651774862676
2926652769620
1557564835156
2657076462932
1763438855576
2656791250264
2931669157208
1557547795812
2909389096356
1556272989540
1831150896484
1484617500004
2584129127780
2639879816548
2846038246756
1759143085416
1745268327784
2914757723496
2927659402600
2844781004452
1534815979172
2909205317992
1552196126104
2930948802132
2909473965652
1827142207060
1466279758424
1741157665368
2840669293144
2863217871512
1557547813528
2652764474008
1759411276440
2858922904216
2845049439844
2587351402084
2583056434788
1758422713956
1746611570264
2846123198040
2932022543960
2657144637016
2930948802136
2857934358104
1552264300120
1540368188820
1815246095764
1539042788756
2638554416532
2913432323476
1815044769176
2651690976664
2909472900504
2932021478808
2857849406872
1484282022232
2927441298852
2841541952932
1535871894948
2635383522724
2910261429668
1758136452520
2588424095144
2566950324888
1762431421028
2861943048804
2930931025240
2651758151000
1810749867352
1540453124440
2657144621400
2635669784920
2565876566360
1553069606504
1553338041960
2652849669736
2931754108520
1556559267432
2926586710436
1483209000340
2913483770280
2909138142616
2571177903512
2841828214116
1471733646692
1488913515876
2635652023652
1815313270116
2571227514212
2846105421156
2584128947812
1832510900580
2909473950052
1741242845540
2582770238824
1758136517992
2857648145768
2926367622504
1483258611048
1758404953448
2583038674280
2651758151016
2857664940392
1483275405672
2926384417128
1466029476436
2565541104212
2840419011156
2909138487892
1742316604056
2841828231832
2566598052440
1536074336856
2841558550100
2656874956372
2635400119892
1810766399060
2910278026836
2652579989076
1745537812840
2639964752232
1814257289576
2840486037864
1809693886824
1534799005332
1483259397780
2651758937748
1540436149908
2863016790372
1487570110040
1483209000356
1758086907300
1742315357784
1815263659428
1539362669912
2638874297688
1488628106904
2858722674328
1832225490584
1746326144664
1534799005336
1809676912280
2570959865496
1815062594984
2910211884456
1815263659432
2656858359380
1557346731604
1815313204820
2914824832596
2566882149972
2910211098196
2841760056916
1466078676568
1556272989784
1831150896728
1556491093592
1831369000536
2638889961048
1811035014744
2583055386200
1467354860132
2927643740772
1742232767076
1553051764052
2652563391828
1759210194260
1557346731620
2656858359396
1832224638564
2931736266340
2569885271652
1827074033252
1813971027556
1466347112040
2565858739816
1741225018984
1535066588776
2569885271656
2844763178600
1553051764328
1484332287592
1759210194536
1470591747688
2914841610920
2909121694312
2588341324392
1467086424680
2566598052456
2932021298788
2863301822052
2566680643172
1742046922340
2841558550116
1745252402852
2914825684644
2634326362456
1827863365028
1832509671016
1488912287336
2638605600424
1746326144680
2584113202856
2858991109800
2639678490260
1815044769428
2914556397204
1488896820564
2651489650328
2926367557272
1553051764376
1742030325400
1827929671320
1815044769432
1759210194584
2652781495960
1484550391448
1763707290980
1557548860772
2657060488548
2931938395492
1540368991588
2639880619364
1488829384036
1740956583588
1540166862500
1553051764388
1762633549140
2565590304424
2840468211368
1534798153384
2634309781160
2909187688104
1483258545832
2927441299112
1536089999016
1470306535080
1832425720484
1557547813540
2863217871524
2858939681176
2584061774232
1484534400664
1759412307608
2914758526296
1488829384024
1534731847000
1758422730388
2638805830296
2857849162392
2862949436056
2931668912792
1488559901336
1535871894872
1488627254616
2588138882392
1763505161560
2657143376232
2652848408936
2588423899496
2639964767896
1815331047064
1553338042008
1557547812500
1483460674916
1535000282468
1487755642212
2909120334500
2909388769956
2840669293220
2862950483304
1557280425320
1471381079400
1466280020312
2565522950824
2840400857768
2909120334504
1466011323048
2857849162408
1827057011368
2863217871528
1540367944360
2639879572136
1484533369512
2587351222872
2926653639256
2570171533720
1746611554712
1536158157208
1758422714776
2638891010456
2566950127956
1553338042024
2634577971604
1467168950868
2566680578644
2583860447828
2931752798804
2569835022932
2913432406612
2931954453076
1534732159636
1762633861780
1466012682900
2584130194084
1540453141156
1832510917284
1745252664740
1746275043928
2914842659236
2565590369704
2587350157928
2909121694360
1466012682904
2931670272664
1488561261208
2587081737876
2930679121556
2655801214612
2863301806436
1536156911972
1811034818916
1467437435236
2566949063012
1742315342180
2638874297700
1827946251668
1484348867988
1484618565268
2910479616612
2635601709668
1553269951076
2931954453092
2857850194276
2910546445652
1540369304228
1551912028836
1535016340072
1488643836308
2910278011284
2857664661908
1540369304232
2639880932008
2914758838952
1467438697128
1759210211988
2566664063636
1832224656020
1484332305044
2652563409556
1746325310100
1483543497384
2583055125160
2927726315928
1553336781208
1741241616040
2570170304168
2862212548952
2656054118744
1483275404648
1742316603032
1759496472216
2859008099992
1828215948952
1467438696088
2566950323864
1484618565272
1488913532568
2588425160344
1763791439512
2841744082324
1759211063700
2844965307800
2913684784536
2931669960088
2845770614168
2927457880484
2655986731368
1811034817880
2910546445656
1557616298392
2639695071656
2932021283240
2565541104232
1740907383400
1557346749080
2656858376856
2863016807064
1763505179288
2846037985684
2844965307816
1539295249832
2638806877608
1814978463144
2570892707240
1746258986408
2913684784552
2910212228436
2914758838932
2846039362196
1471649827476
2914506148500
1810699553428
1471447206228
1466364938900
1536090081876
1467370605140
2565876566676
1745470784852
2913701889364
1758404708696
1827124185432
2639628241556
2909138486616
1466029475160
1539312354648
1470592877912
1745470784856
1466280020328
2565791648104
1741157927272
2634511124840
1809877404008
2926653639272
1758422534760
2857934162536
2863219231384
2914758838936
2583777855064
2913750911332
2845836740964
1759226727012
2634529015140
1809895294308
2909406922084
2638823982436
2913701889380
2913482475880
2930930780520
1810749622632
2910261250408
1539294463320
1814172370264
2565791647064
2840669554008
2858940009124
1763723348644
1832425719464
2858922903208
1471648466600
2571160094376
2846038001320
1540367943336
2914774583896
1484618368340
2584129996116
1759496275284
2927727561108
2571245275540
1746611554708
1467421919636
1483259611540
1809675881048
2588089617000
1759479695768
1762700987048
2913751156388
1488912288408
1828147775832
2583843916120
1827929672024
2841811518868
2588408448404
1763774727572
2863286355348
1832494204308
2931736267108
2587065141604
2861943048548
2656054118824
1758354557288
1557633009320
1484618565288
1742316603048
2584130193064
2588089403028
2858923952532
1763774728616
2638604749204
1488627255700
2635601627544
1471715821976
1540435298712
1815313205656
1815313205668
2863302003108
2657143572900
2927726512548
2583860693412
1763505179304
1535804787112
2582720628312
2651440105048
1741980780120
1487504311700
2857916336536
1831419152792
2930930780568
1539361376664
1488896820632
1810700600728
1467103216996
2566614844772
1828132113060
2652765833892
1484534729380
2584046357156
2858924264100
2914758838948
2927391753828
1488846210648
2656858180004
1831352239460
2930863867236
2566882232932
1484282742376
1745470784932
1762650654116
1487504311716
1831419152808
2587015939492
1488578053540
2931687064996
2927441119656
2570958834088
2845836741032
2588407138728
1763773417896
1741241550180
2583794714024
2926586791336
2862967588264
1746276091304
2926653818516
1815245834664
1832175437160
2910212228456
2863219231400
1471649827496
2571161455272
1551978023508
1487553514068
2587065141844
1762431421012
2639678491220
1487823063444
1539093121624
2638604749400
1534999496040
1809877402984
2909389030760
1466280019304
2926367558244
2655784618596
1831150897764
2930662525540
2910279322196
2570976905812
2931954369876
1466364938920
1740956584596
2840468212372
1534798154388
1540369303192
2639964570980
2657144440164
1484618368356
1553338026404
1815331031460
1487821702564
1762649523544
2582988277080
1758354556248
1831369000280
2638822851928
2657076462936
2570959014548
2587081919124
1466011568792
2565523196568
2655784618648
1763505162904
1470642080420
1471733646740
1746611553684
2910547690900
2841828214164
1483459873448
2582971501224
2857849408168
2863016790696
1483258546856
1758136453800
2862211548756
2913751156308
1556541490772
1470642144852
2656002721124
1745469654372
1487839775316
2587333641816
2656053118552
1556206683480
1831369000296
2638822851944
1746543396200
1539379382872
1809962322520
1759210195348
2656858360212
2931736267156
2583843916180
2910546463400
1487503967892
2656003507860
2930881414804
1828148561556
2910530995620
1763774727588
1832494204324
2571228579236
1746594858404
2639948055972
2846055810712
1470642144868
1762699920996
1831419397732
2863016806052
2652497414808
2910547690904
2930948786788
1487839775332
2587351403108
2862229310052
1810767628900
2862211548776
2910480385636
2565539727960
1745252403604
2583843734872
2858721641816
1467152419224
2840736449956
2565540759208
2840418666152
2909138142888
1831435913812
2930947541588
1484617304664
1535821629844
1832443594344
1488846210664
2909473752404
2638890812756
2635401103700
2845854501204
1484550391188
2584062018964
2652781495700
2927391049380
2846039049624
2639880619416
2914758526360
2861959629412
1831435913828
2635601626520
2588356986264
1539042788760
1814189131160
1483544807076
2857933030740
2863218902356
2588423899752
1553336781416
2566614762852
1741981042020
1810700518756
2910212146532
1759210194280
2635383522708
2910261429652
1484618548644
2584130176420
2859008083364
2570976576932
1746342856100
2845854483876
1540184425892
2639696053668
1815062332836
1471464949160
2570976576936
2845854483880
2926569670996
2857850194260
1471649499476
1488829368660
2913432323492
1470373644964
1745251551908
2565590305444
1741242647896
1466364740952
1488845358676
1484550391380
1484550391384
2584062019160
1740956321368
2840467949144
2634309518952
1536158157460
1467169999192
2863034370392
2931753847128
2914573977944
2588423833240
1557631682200
1488912205464
2910479533480
1832442742184
2844780742312
1466348160680
1535083103912
2913500482200
1487839775384
1809962322584
2909473950360
2656874874196
2588425210532
2863303117476
1488913582756
1831420398168
2910547690916
1553338025380
2652849653156
1552180136292
2926569671012
1483460659556
2926569671016
1556475103592
1831168723620
2845854747300
1763723265368
2909473950376
1740889490772
1553051765156
2652563392932
1815044770212
1763505162660
1483543841128
1809877402968
1827057272152
2909389030744
1483543497044
2583055124820
2857933031764
2926652508504
1483543497048
1758421403992
1745269115224
2569902836056
2652781496664
2840753162596
1557632993636
2909472639336
2857933031784
1759412308328
2635669783976
1471447385492
2909405530516
1484332288420
1759210195364
1466363627940
2635400104596
2565541104280
1740907383448
1809626860184
2910546447000
2927726316184
2583794648676
2588072823384
2566882151012
2841760057956
1809610000996
1466012617316
2565524245092
2861876988520
1488561195624
2588072823400
2652563211624
2858721641832
2652563392936
1759210195368
2931670207128
1488561195672
2909121628824
1534815718040
1466012617380
1488912206504
2588423834280
1762365360808
1831084837544
1488561195688
1487487453864
2586999081640
2857582019992
2582704113048
1483544627860
2859007886692
1466096305508
1741242647908
1815246898840
2914758526616
1483192239768
1811034819236
1488913319272
2846121937576
2588423899816
1553336781480
1832509655720
2841811454564
2570960079460
1466348178020
2565859805796
1826856798548
1539310979412
2570103130452
1814188886356
2913700514132
1831420398184
2840754275684
1483544610148
2909473752420
1552264086884
1557364312420
2841492408660
2634511894936
1556475103640
2845048145252
1470658610532
2570170238308
2652765521320
1466012370600
1534731847336
1535000282792
1759496276372
1535889474900
2913750911572
2651757906516
1557615954580
1539310979428
1488846489172
1814239283800
2913750911576
2651757906520
1484534401444
2584046029220
1487755626916
1556475103652
1814995568216
1828131785128
1553269934440
2914573977960
1832174126420
2841559844452
1832174126436
2840417699176
1831435928936
2652781561176
1540184442200
2638823982692
1487821769320
2587333397096
2927457831576
2652579924632
2910546445716
2634529015400
2909406922344
2588424947092
1746275748452
1810682512788
2910194140564
2587014628756
1488576742804
2588088370580
1557296219544
1467101906328
2566613534104
1741979813272
2841491441048
1487838545304
2587350173080
2656069649816
2932022330776
2638822607204
1814188886372
2913700514148
2656069649828
2587350173092
1831435928996
1467085129128
1741963036072
1810682512808
2931955223188
2909457189528
2651708868968
2931955485032
2931670289048
2656859424152
2863017854360
2638538754712
2840419011240
2566933547684
1742299826852
1466096240980
2844780742996
1539110685012
2638622312788
2909405546900
1741174442388
2840686070164
2635317463716
2910195370660
1832158579364
2566597986980
1466348178088
1741226085032
1742299826856
2566932499096
1746526373528
2846038001304
1471648466584
2638890830500
2909406922328
1488628122964
1556273857876
1551978891620
2651490519396
1483259414884
2588407138964
2863285045908
2570103195220
2844981102164
1762649343572
2583843735128
1471665572500
1763506029912
1762382218900
2932004522648
1470641900184
1826872526436
2913500219736
2857665644888
2926385121624
1470391208280
2638622312792
1742030145128
2652831647336
2914774256040
1762649278888
1831368755624
2655785485652
1831151764820
2930663392596
2588358117736
1540099836244
2913683999144
1540116350612
1763455960472
1488578053528
1814994257560
2566933349732
2930663392612
1831437175384
2932004522660
2657126615716
2930930780836
2857916336804
1540116350628
1831167493796
2634242492072
2583860447908
1759226727076
2845032482152
1466079544680
2913751958888
2932004522664
1827124185768
2638604569256
2913482476200
1488895511208
2588407138984
1832443857304
2931955485080
1557565950360
2657077578136
1488576744020
2638604569240
2909406906788
2930930780760
2656052873816
2863234893396
2635400055464
1488643787432
1557363264168
1811034817956
2841827248808
2914572928664
2570104490324
2638823967060
1471715838628
1467370522212
1742248429156
1487771616868
1536089998948
1810967905892
2570103375464
1745469654632
1832442742376
2931954370152
2657076463208
2638822852200
1483476649576
1758354556520
2639897446036
1471666341524
2588139947432
1536141395304
1557549189480
1763724395876
2566933349800
1742299628968
2862950467928
1762432288100
2638605616484
2913483523428
2845769894244
2932004439380
1488895427924
1466346849620
1811017975124
2910529602900
2657077593448
1488560227668
1466346849624
2638604485976
2909455861080
1553269868180
1540116530836
1745469654680
1763723265688
2863234893464
1810967905944
1483209263716
1811036129876
1488913582676
1762699593060
1762633534036
2565858477416
1741224756584
1809944233320
2930930780776
1470324378196
1809626794580
2845786588836
1539043854932
2569836005972
2655734285988
2930612192932
2863034682008
1556491093672
1470307666328
2638538770840
1466012699032
1557631682904
2844965292644
1470307666340
1745185573284
2844697201060
1466012699044
2565524326820
2587015875160
2656792381864
1814995503444
2913415562840
1470306551384
1740889491032
2638537655896
1539026028120
1813903935064
1811018057048
1467420673368
1832510900904
2932022528680
2858922969432
2635584670040
1815245916504
1467353565544
2635584670056
1815245916520
1746526439784
1759143102056
2858654729832
2926568900200
2652496299624
2588407055764
2914774567316
1467370588564
2840736384408
1470641899924
1745519806868
2926384072340
1536073042328
2927642446232
1831083608472
2930595236248
2565876368996
2634595845732
2909473752676
1483191503192
2582703130968
2652764539304
1763791226472
1488913319528
2913768720808
2657076218452
2862966213208
2588088306264
2587333313960
2930930697640
1540184754852
1471465278116
2845854812836
2914574289572
1466363628136
2910547757668
1832241481044
2931753108820
1557363574100
2863033632084
2571244291412
2927458141524
1814255978072
1467370277476
2657060473508
2931938380452
1763707275940
2840670325412
2863218903716
2910530931092
2583793338984
1466296535444
2656002476436
2931685755476
2586997852760
1471464228196
1466363954532
1759227037028
1553068606820
1811018057060
1471465277080
1551912044884
2863301739864
1557631681880
2932021216600
1484601788824
2584113416600
2652832893336
1827879160468
1540116351636
2932004522644
1810699291288
2931685755544
1488895511192
1831083608728
2930595236504
1810699291300
2910210919076
2931668978340
1535821384356
1467101907620
1763454651048
1832174127784
1740889295528
1809608772264
1831368755608
1762649278872
1556490848664
2931686999380
1763438053796
1556290570920
1762449001128
1552264086948
1827141993892
2914774567332
1827880142168
1745469409944
2910210853528
1534814668452
2634326296228
2909204203172
2926384072356
1832443873688
1466011634024
1534731110760
1742232520280
1536074090072
1557296417432
1763506030164
1742047167892
1484349130132
2583860757908
2863302067604
1466296535716
1832242219432
1831419135316
1467168933284
2566680561060
2841558468004
1466095519144
1826805679448
2638537721176
1484618614372
2634260498772
1828198959460
1763505228388
1740890327704
1763706242728
2657143309672
2846121870696
2914841347432
1551978104152
2844780743060
1813988592020
1467421918616
2566933546392
1742299825560
2841811453336
1811019302296
2910530930072
2565540775320
1535084153172
2655784699240
2857582102888
1551912044904
2651423672680
2926301579624
2634596108964
2909474015908
2571178247572
2639897724308
1471666619796
2914775631252
2587066009240
2634243802456
1466012697944
1466012699284
2926384154964
2857664678228
1466095274324
1551995602600
1826873509544
2909188540824
2588358116760
1540452157080
1471732680356
1539092923812
1535805852248
2930930763108
2927441036884
2587333397144
1488912222888
1467437386408
1831420397224
1741175802260
2634528999828
2583843653220
2656858097252
2845031351908
2652497414804
2862950812308
2926301579928
1471649843864
2909121709412
1488896755112
1488559884900
2862950812324
1763437790804
1759143938472
1741241535124
2840753162900
2857933047140
1483191518872
1551910995608
2909472639640
2846038328660
1488913582740
2588425210516
2863303117460
2914774517352
2932022594200
1487504247448
2857664923236
2910529684888
2655735351892
1831101631060
2930613258836
2570892952920
1488561194328
1831084836184
1551994882388
1483275405652
2582787033428
2857664940372
1466095536472
1534815013208
2914490091096
2587350436196
1534815013224
1552264039064
1488561194340
1487487452516
2584062018900
2927659402580
2858939925844
1488845358420
1763723265364
1488560147108
1763438054052
1832158578024
2588072822120
1745184443048
1827057338792
1832426751320
1471649498468
1471464949092
2845854483812
2863034352996
2930613257556
2845032662436
1745470441812
1557363263060
2913767622244
1487504247460
2570104162660
2844982069604
2635333978468
2932022594216
1540183705252
2930880711272
1810683741592
2652497331608
2639880865176
2914758772120
1557548141208
2634527640232
1741981059496
2930612995736
2587015612056
2587351419492
2909473966692
1488913533544
2931668960664
1811036144980
1487838546516
1483459675556
2926568687012
1809675815576
1740956338840
1488845358440
2910546380196
1832509672036
1553052617380
2652564245156
2927442152100
1762716453480
1470374496936
2656859212456
1763506014888
2926384073384
2926569687384
2588408449624
2857850194280
2656790989460
1488559884948
2588071512724
1540368992612
1483460675944
1552180152680
1831437175460
2930948803236
1470307666344
2638538770856
2913416677800
1832510917288
2932022545064
2926653835944
2931668896408
2863034681700
2566949079716
2927442430628
2909121709400
1763504916904
1488627009960
2914842397016
1557280671320
2910195369560
1466011584104
2634242688616
1484550392216
1552985704040
1745251551892
2566681610836
1466363626852
2931938380436
2863218903700
2862950483604
1557363591512
1488846490020
2634596123988
2927659419220
2845770615464
2845769549476
1557280425624
2656792053400
1832509588884
1466363626900
1484550392232
1831084836244
1467421902244
2566933530020
1742299809188
2841811436964
1553002481060
2932021283416
1488912271960
2863033648468
1488559884964
1763437791908
2862949419684
2566932235608
2656858113380
1741174688148
2634310894936
1832494187864
2932005815640
2584113399444
1759428299176
2913415546216
2913483769188
2587334690152
1831420446056
1488896804200
2588408431976
1487821702548
1809944249748
2909455877524
1831419086232
2909204531544
2862229128804
1814173140564
1745453663828
1470575756884
2909389818516
2840670341780
2587333330344
1487821702568
1831419086248
1471649498452
2913768998228
2926301252264
2914489042584
1467103218260
2566614846036
1467421967780
2857664924004
1467438680724
2926384399700
1466029460052
1740907366996
1809626843732
2910547692184
2913767605844
1745453663844
1551994864984
1741242911320
2840754539096
2931937331876
1488913335908
1467438680740
2930596465240
2909472639636
1467438680744
1745252420004
2566949012836
1488829385384
1466296781460
1540368991896
2857664940708
1466079790680
2927659403944
1466280790676
1534747624788
2588408432020
1809625531748
1831100368228
1471649515176
1540368991912
2914758526632
1483275389268
1551994866004
2909389802148
2656054102612
1487822998100
2587334625876
1762700905044
1831420381780
2930932009556
1763439117720
2862950745496
2931670222232
2926653901144
1827142273368
1811035884200
1487822998116
2931752782484
1466365019476
2565876647252
2909474030932
1487839855956
1552264366440
1483544889704
2932021216616
1466029460136
1809944234648
1809962403172
2565876647268
2909474030948
1466365019492
2926653901160
1832494140056
2932005767832
2909472639652
1466363643220
1741241550164
2840753177940
1488845113748
1763723020692
1758069098840
2857580726616
1483191191896
1551910668632
2651422296408
2652781250968
2566950372692
2863033304740
1488913581412
2565876630884
2840754537828
2909474014564
1551910668644
2652849734996
2863303132504
2932022609240
1488913597784
1488913597800
1484550146468
1467438761368
2566950389144
1742316668312
1551910668648
2840400857448
1483191191912
1809962386836
1467438744980
2566950372756
2930948867412
2634242426200
1466011321688
2565522949464
1466011323032
1488912221528
1488560229016
2652849735256
2927727642212
1759496537700
1556559333736
1831083541860
2930595169636
2634242426216
2909120333160
1466011321704
2565522949480
1471733385572
1487502985812
1466012681556
2652849718872
1484618631592
1759496538536
2652849736104
2932021217960
1831437240920
2565876648548
2840754555492
1809625548136
2909137175912
2932022594196
1466363628180
2932021217944
2931685689960
1466365019480
2634596123992
2909474030936
1811036145048
2565876647332
2909121693016
2840485053796
2931668911444
2634594747748
2909472654692
2914842740392
1488559883604
2656790988136
1466363643236
1741242910036
2840754537812
2909474014548
2909472656020
1466363644564
2565875272340
2638604764760
2932022594212
1466365003108
1832494123668
1487503002200
2909120333144
2656792364376
1466365003092
1488913599128
1488913599144
2931668896404
2931668896420
