1379042395476
1379063433556
2478575061332
1653941340500
2753452968276
1379331869012
2478843496788
1654209775956
2753721403732
1654206825832
2753718453608
1383623886184
2483135513960
1658501793128
2478827702696
1654193981864
2753705609640
1383611042216
2483122669992
1658488949160
2758000576936
1379115076200
2478626703976
1653992983144
2753504610920
1383410043496
2482921671272
1658287950440
1658300270164
2757811897940
2757799578216
1379382396520
2478894024296
1654255913624
2753767541400
1654260303464
2753771931240
1383677363816
2483188991592
1658555270760
2758066898536
1654205778600
2753717406376
1383622838952
2483134466728
1658500745896
1658300204628
2757811832404
1379127330388
2478638958164
1654005237332
2753516865108
1383422297684
2482933925460
1383690733140
2483202360916
1658236307800
2757747935576
1654194046628
2753705674404
2478843496792
1654209775960
2753721403736
1383611106980
1658220578468
2757732206244
1379316139684
2478827767460
1658568640088
2758080267864
1379127330392
2478638958168
1654005237336
2753516865112
1379395765848
2478907393624
1654273672792
2753785300568
2753521060180
1383426492756
2482938120532
1658304399700
2757816027476
1379047704232
2478559332008
1653925611176
2753437238952
1383342671528
2482854299304
1658220578472
2757732206248
1379316139688
2478827767464
1654193980824
2753705608600
1383611041176
2483122668952
1658488948120
2758000575896
2482849253736
1658215532904
2757727160680
2478839498392
1654205777560
2753717405336
1383622837912
2483134465688
1658500744856
2758012372632
1379332130404
2478843758180
2757794007460
2753452968292
1383358400868
2482870028644
1658236307812
2757747935588
1654209775972
2753721403748
1383626836324
2483138464100
1658504743268
1379127330404
2478638958180
1654005237348
2753516865124
1383422297700
2482933925476
1658300204644
2757811832420
1379395765860
2478907393636
1379063433576
1383337624920
2482849252696
1658215531864
2757727159640
2478575061352
1653941340520
2753452968296
1383358400872
2482870028648
1379127330408
2478638958184
1654005237352
2753516865128
1383422297704
2482933925480
1658300204648
2757811832424
1379395765864
2478907393640
1379395765672
2478907393448
1654273672616
2753785300392
1383690732968
2483202360744
1658568639912
2758080267688
1654193259924
2753704887700
1383610320276
2483121948052
1658488227220
2757999854996
1383358662312
2482870290088
1658236569256
2757748197032
1654211021204
2753722648980
1383628081556
2483139709332
1658505988500
2758017616276
1379046917528
2478558545304
1653924824472
2753436452248
1383341884824
2482853512600
1658219791768
1658568640936
2758080268712
2757799512468
1379332130408
1379064678808
2478576306584
1653942585752
2753454213528
1383359646104
2482871273880
1658237553048
2757749180824
1379333114264
2478844742040
1379109505448
2478621133224
1653987412392
2753499040168
2482850040468
1658216319636
2757727947412
2753768785576
2753772980564
1379377940840
2478889568616
1654255847784
2753767475560
1383672908136
2483184535912
1658550815080
2758062442856
1654004450644
2753516078420
1383421510996
2482933138772
1658299417940
2757811045716
1654272886100
2753784513876
1658567853396
2758079481172
1379379317352
2478890945128
1654257224296
2753768852072
1383674284648
2483185912424
1658552191592
2758063819368
2478826980772
1654193259940
2753704887716
1383610320292
2483121948068
1658488227236
2757999855012
2753504610964
1383410043540
2482921671316
1658287950484
2757799578260
1379115076244
2478626704020
1653992983188
1379383511700
2478895139476
1383421511000
2482933138776
1658299417944
2757811045720
2758079481176
1379126543704
2478638171480
1654004450648
2753516078424
1379394979160
1383628081572
2483139709348
1658505988516
2758017616292
1383359646116
2482871273892
1658237553060
2757749180836
1379333114276
2478844742052
1379046917544
2478558545320
1653924824488
1379059239332
2478570867108
1379115076248
2478626704024
1653992983192
2753504610968
1383410043544
2482921671320
1658287950488
2757799578264
1379383511704
2478895139480
1379064678824
2478576306600
1653942585768
2753454213544
1383359646120
2482871273896
1658237553064
2757749180840
1379333114280
2478844742056
1379115074900
2478626702676
1653992981844
2753504609620
1383410042196
2482921669972
1658287949140
2757799576916
1379047966036
2478559593812
1379047966040
2478559593816
1653925872984
1383605863768
1379047966052
2478559593828
1653925872996
2753437500772
1383342933348
2482854561124
1658220840292
2757732468068
1379316401508
2478828029284
1379042461032
2478554088808
1653920367976
2753431995752
1379327674724
2478839302500
2753768588692
1379046917524
2478558545300
1653924824468
2753436452244
1383341884820
2482853512596
1658219791764
2757731419540
1379315352980
1379042461080
2478554088856
1653920368024
2753431995800
1383674283428
2483185911204
1658552190372
1379063694756
2478575322532
1653941601700
2753453229476
1383358662052
2482870289828
1379046917540
1379042461096
2478554088872
1653920368040
2753431995816
2483117753940
1658484033108
2757995660884
1654189065812
2753700693588
1383606126164
1383610059160
2483121686936
1658487966104
2757999593880
1658299417956
2757811045732
1379126543716
2478638171492
1654004450660
2753516078436
1383421511012
2482933138788
1379394979172
2478906606948
2757732207204
1654276884136
2753788511912
1383693944488
2483205572264
1658571851432
2758083479208
1653938391636
2753450019412
1383355451988
1379042723416
2478554351192
1653920630360
2753432258136
1383337690712
2482849318488
1658215597656
2757727225432
1379311158872
2478822786648
2483118475864
1379115076260
2478626704036
1653992983204
2753504610980
1383410043556
2482921671332
1658287950500
2757799578276
1379383511716
2478895139492
1379126543720
2478638171496
1654004450664
2753516078440
1383421511016
2482933138792
1658299417960
2757811045736
1379394979176
2478906606952
1383694206548
2483205834324
1658572113492
2758083741268
2758013224536
1379127395928
2478639023704
1654005302872
2753516930648
1383422363224
2482933991000
1658300270168
2757811897944
1379399239256
2758016370024
1654210037348
2753721665124
1379113764452
1654190114404
2753701742180
1383607174756
2483118802532
1658485081700
2757996709476
1379114813028
1379042461288
2478554089064
1653920368232
2753431996008
2483138464148
1658504743316
2758016371092
1654209776020
2753721403796
1383626836372
1379060484696
2478572112472
1653938391640
2753450019416
1383355451992
2482867079768
1379130803860
2478642431636
1654008710804
2753520338580
1383425771156
2482937398932
1658303678100
2757815305876
1379110880916
2478622508692
1379042461336
2478554089112
1653920368280
2753431996056
1379115076264
1379047704228
2478559332004
1653925611172
2753437238948
1383342671524
2482854299300
1379063695012
2478575322788
1653941601956
2753453229732
1379042461352
2478554089128
1653920368296
2753431996072
2758063491736
1379127330452
2478638958228
1654005237396
2753516865172
1383422297748
2482933925524
1658300204692
2757811832468
1379395765908
2478907393684
1379113764200
2478625391976
1653991671144
2753503298920
1383408731496
2482920359272
1658286638440
2757798266216
2478559331924
1653925611092
1379063433624
2478575061400
1653941340568
2753452968344
1383358400920
2482870028696
1658236307864
2757747935640
1379331869080
2478843496856
2482865834408
1658232113576
2757743741352
1379127330456
2478638958232
1654005237400
2753516865176
1383422297752
2482933925528
1658300204696
2757811832472
1379395765912
2478907393688
1658484033124
2757995660900
1383337690724
2482849318500
1658215597668
2757727225444
1379311158884
2478822786660
1654189065828
2753700693604
1654205581672
2753717209448
2753700367012
1654206827108
2753718454884
1383623887460
2483135515236
1658501794404
2758013422180
1654189065832
2753700693608
1383606126184
2483117753960
1658484033128
2757995660904
1383626836388
2483138464164
2757747935652
1379063433636
2478575061412
1653941340580
2753452968356
1383358400932
2482870028708
1658236307876
1383355189860
2482866817636
1658233096804
2757744724580
1383337624932
2482849252708
1658215531876
2757727159652
1379127330468
2478638958244
1654005237412
2753516865188
1383422297764
2482933925540
1658300204708
2757811832484
1379395765924
2478907393700
1379063433640
2478575061416
1653941340584
2753452968360
1383358400936
2482870028712
1658236307880
2757747935656
1379331869096
2478843496872
1379127330472
2478638958248
1654005237416
2753516865192
1383422297768
2482933925544
1658300204712
2757811832488
1379395765928
2478907393704
2753437238872
1383342671448
2482854299224
1658220578392
2757732206168
1654189065620
2753700693396
1658484032916
2757995660692
1383606125972
2483117753748
2753701677460
1383611303336
2483122931112
1658489210280
2758000838056
1654193980840
2753705608616
1383611041192
2483122668968
1658488948136
2758000575912
1654205777576
2753717405352
1383622837928
2483134465704
1658500744872
2758012372648
1383358400852
2482870028628
1658236307796
2757747935572
1383626836308
1658220579156
2757732206932
2483138464084
1658504743252
2758016371028
2482921671000
2758084528472
1383690013016
2483201640792
1383674022244
2483185650020
1658551929188
1654008711524
2753520339300
1379127396708
2478639024484
1654005303652
2753516931428
1383422364004
1379042462056
2478554089832
1653920369000
2753431996776
2483117754772
1658484033940
2757995661716
1379042724244
2478554352020
1653920631188
1379332917652
2478844545428
1654210824596
2753722452372
1379042462104
2478554089880
1653920369048
2753431996824
1383422626212
2482934253988
1658300533156
2757812160932
1379042724260
2478554352036
1653920631204
2753432258980
1383337691556
2482849319332
1379042462120
2478554089896
1653920369064
2753431996840
1379059239512
2478570867288
1653937146456
2753448774232
1383354206808
2482865834584
1658232113752
2757743741528
1379327674968
2478839302744
1654009431380
2753521059156
1383426491732
2482938119508
1658304398676
1658286574228
2757798202004
2482934253992
1658300533160
2757812160936
1383606127016
2483117754792
1658484033960
2757995661736
1379394783828
2478906411604
1654272690772
2753784318548
1383354468948
2482866096724
1658232375892
2757744003668
2753437502036
1658568968788
1379042462296
2478554090072
1653920369240
2753431997016
1379399240292
2478910868068
1654277147236
1379378006628
2478889634404
1654255913572
2753767541348
1658572114532
2758083742308
1379379317348
1383674022248
2483185650024
1658551929192
1379042462312
2757794006436
1379046918804
2478558546580
1653924825748
2753436453524
1383341886100
2482853513876
1658219793044
2757731420820
1379315354260
2478826982036
2478906606996
1654272886164
2753784513940
1658299484500
2757811112276
1379130804900
2478642432676
1654008711844
2753520339620
1383425772196
2482937399972
1658303679140
2757815306916
1654008449700
2753520077476
1379042462376
2478554090152
1653920369320
2753431997096
1383694928552
2483206556328
1658572835496
2758084463272
2483117753752
1658484032920
2757995660696
2482865834596
1658232113764
2757743741540
1379327674980
2478839302756
2483134270052
1658500549220
2758012176996
1379126543768
2478638171544
1654004450712
2753516078488
1383421511064
2482933138840
1658299418008
2757744986516
2757811045784
1379394979224
1379059239528
2478570867304
1653937146472
2753448774248
1383354206824
2482865834600
1658232113768
2757743741544
1379327674984
2478839302760
2478555073188
1653921352356
2753432980132
1654277933464
2753789561240
1383694993816
2483206621592
1658572900760
2758084528536
2758063491412
1383673956692
1658551863636
2483185584468
1379378989396
2478890617172
1654256896340
2753768524116
1658283428180
1379110553940
1654189065876
2753700693652
1383606126228
1379042723476
2478554351252
1653920630420
1379394979236
2478906607012
1654272886180
2753784513956
1383689946532
2483201574308
1658567853476
2758079481252
1379126543780
2478638171556
1379115009428
2478626637204
1379378989400
2478890617176
1654256896344
2753768524120
1383673956696
2482917149016
1658283428184
2757795055960
1379110553944
2478622181720
1383355452052
2482867079828
1658233358996
2757744986772
1379328920212
2478840547988
1379311158936
2478822786712
1654189065880
2753700693656
1383606126232
2483117754008
1658484033176
1383338411668
2482850039444
1658216318612
2757727946388
1379126543784
2478638171560
1654004450728
2753516078504
1383421511080
2482933138856
1658299418024
2757811045800
1379394979240
2478906607016
1379060484760
2478572112536
1653938391704
2753450019480
1383355452056
2482867079832
1658233359000
2757744986776
1379328920216
2478840547992
2758017419688
1379328919956
2478889567592
1654255846760
2753767474536
1383672907112
2483184534888
1658550814056
2758062441832
2478823507540
1654257223272
2753768851048
1383674283624
2483185911400
1658552190568
2758063818344
2483185584484
1658551863652
2758063491428
1379378989412
2478890617188
1654256896356
2753768524132
1383673956708
2478622181732
1653988460900
2757727947432
1654189065892
2753700693668
1383606126244
2483117754020
1658484033188
2757995660964
1379042723492
2478554351268
1653920630436
2753432258212
1383691061608
2483202689384
1658568968552
2758080596328
1654261352808
2753772980584
1383678413160
2483190040936
1658556320104
2758067947880
1379110553960
2478622181736
1653988460904
2753500088680
1383405521256
2482917149032
1658283428200
2757795055976
1379378989416
2478890617192
2753450019492
1383355452068
1379328920228
2478840548004
1654206827172
2753718454948
1383623887524
2483135515300
1658501794468
2758013422244
1383337690792
2482849318568
1658215597736
1383409976728
2482921604504
1658287883672
2757799511448
1383622640996
2483134268772
1658500547940
2758012175716
1379060484776
2478572112552
1653938391720
2753450019496
1383355452072
2482867079848
1658233359016
2757744986792
1379316073876
2478827701652
1379047704164
2478559331940
1653925611108
2753437238884
1383342671460
2482854299236
1654206826904
2753718454680
1383623887256
2483135515032
1658501794200
2758013421976
1654260304536
2753771932312
1383677364888
2483188992664
1658555271832
2758066899608
1383359710612
2482871338388
1658237617556
2757749245332
1379328722260
2478840350036
1654206629204
2753718256980
1383623689556
2483135317332
1379060286804
2478571914580
1653938193748
2753449821524
2753773045160
2753717209748
1379327675028
2478839302804
1654205581972
1383622642324
2483134270100
1658500549268
2758012177044
1653937146516
2753448774292
1379060286808
2478571914584
1379328722264
2478840350040
1654206629208
2753718256984
1383623689560
2483135317336
1658501596504
2758013224280
1379059239576
2478570867352
1653937146520
2753448774296
1383354206872
2482865834648
1658232113816
2757743741592
1379327675032
2478839302808
1379333178708
2478844806484
2483135318440
1654205580648
2753717208424
1383622641000
2483134268776
1658500547944
2758012175720
1383672973976
2483184601752
1658550880920
2758062508696
1654009431636
2753521059412
1383426491988
2482938119764
1658304398932
2757816026708
1379131524692
2478643152468
1383694927444
2483206555220
1383359711656
2482871339432
1658237618600
2757749246376
1383342671464
2482854299240
1658220578408
2757732206184
1654189065636
2753700693412
1383606125988
2483117753764
1658484032932
2757995660708
1379399960152
2478911587928
2478643152472
1654009431640
2753521059416
1383426491992
2482938119768
1658304398936
2757816026712
1654277867096
1658489211304
1654211086696
2753722714472
1383628147048
1379046918484
2478558546260
1653924825428
2753436453204
2483139774824
1658506053992
2758017681768
1379328722276
2478840350052
1654206629220
2753718256996
1383623689572
2483135317348
1658501596516
2758013224292
1379059239588
2478570867364
1653937146532
2753448774308
1383354206884
2482865834660
1379327675044
2478839302820
1654205581988
1383622642340
2482917411412
1658283690580
2757795318356
1379060286824
2478571914600
1653938193768
2753449821544
1383355254120
2482866881896
1658233161064
2757744788840
1383694993828
2483206621604
1658572900772
2758084528548
1379059239592
2478570867368
1653937146536
2753448774312
1383354206888
2482865834664
1658232113832
2757743741608
1379327675048
2478839302824
2757816026468
1654211020180
2753722647956
1654189066852
1654008384164
2753520011940
1383425444516
2482937072292
1658303351460
2757814979236
1379399960164
2478911587940
1654211085656
2753722713432
1383426492004
2482938119780
1658304398948
2757816026724
1383694927460
2483206555236
1379378989460
2478890617236
1654256896404
2753768524180
1383673956756
2757795056020
2482917149076
1658283428244
1379332131480
2478843759256
1654210038424
2753721666200
1383627098776
2483138726552
1658505005720
2758016633496
1379131524712
2478643152488
1654009431656
2753521059432
1383426492008
2482938119784
1658304398952
2757816026728
1379399960168
2478911587944
1654276819556
2753788447332
1658299484516
2757811112292
1379110554008
2478622181784
1653988460952
2753500088728
1383405521304
2482917149080
1658283428248
2757795056024
1379378989464
2478890617240
1654189065640
2753700693416
1383606125992
2483117753768
1658484032936
2757995660712
2753520010900
1383425443476
2482937071252
1658303350420
2757814978196
1379046918488
1653988723288
2753500351064
1383405783640
2482917411416
1658283690584
2757795318360
2483206620520
1658572899688
2758084527464
1654276818516
2753788446292
1379400026536
2478911654312
1654277933480
2753789561256
1383694993832
2483206621608
1658572900776
2758084528552
2757816026472
1383674218152
2483185845928
1658552125096
2758063752872
1654206891688
2753718519464
1379110554020
2478622181796
1653988460964
1658551863716
2758063491492
1383673956772
2483185584548
1379378989476
2478890617252
1654256896420
1379110554024
2478622181800
1653988460968
2753500088744
1383405521320
2482917149096
1658283428264
2757795056040
1379378989480
2478890617256
1379399173460
2478910801236
1654277080404
2753788708180
1383694140756
2483205768532
1379130738004
2478642365780
1654008644948
2753520272724
1379059173716
2478570801492
1653937080660
2753448708436
1379043444388
2478555072164
1379400025496
2478911653272
1654277932440
2753789560216
1383694992792
2483206620568
1658572899736
2758084527512
1383421577576
2482933205352
1658299484520
2757811112296
1379130738008
2478642365784
1654008644952
2753520272728
1383425705304
2482937333080
1658303612248
2757815240024
1379399173464
2478910801240
2478894025380
1654260304548
2753771932324
2753771931032
1654274001236
2753785629012
1658568968532
2758080596308
1379127658836
2478639286612
1654005565780
2753517193556
1383422626132
2482934253908
1654276818520
2753788446296
1383408732568
2482920360344
1658286639512
2757798267288
1379127658840
2478639286616
1654005565784
2753517193560
1383422626136
2482934253912
1658300533080
2757812160856
1379396094296
2478907722072
1379046917716
2478558545492
1653924824660
2753436452436
1383341885012
2482853512788
1658219791956
2757731419732
1379315353172
2478826980948
2757744788884
1383623689620
1379060286868
2478571914644
1653938193812
2753449821588
1383355254164
2482866881940
1658233161108
2483135317396
1379130738020
2478642365796
1654008644964
2753520272740
1379399173476
2478910801252
1654277080420
2753788708196
1383694140772
2483205768548
2482871274068
1658237553236
2757749181012
2753436452440
1379046917720
2478558545496
1653924824664
1379064678996
2478576306772
1653942585940
2757731419736
1379315353176
2478826980952
1383409976744
2482921604520
1658287883688
2757799511464
1379060286872
2478571914648
1653938193816
2753449821592
1383355254168
2482866881944
1658233161112
2757744788888
1379328722328
2478840350104
1383622642004
2483134269780
1658500548948
1379130738024
2478642365800
1654008644968
2753520272744
1383425705320
2482937333096
1658303612264
2757815240040
1379064679000
2478576306776
1653942585944
2753454213720
1383359646296
2482871274072
1658237553240
2757749181016
1379333114456
2478844742232
1654261351784
2753772979560
1383678412136
2483190039912
1658556319080
2758067946856
1379127658852
2478639286628
1654005565796
2753517193572
1383422626148
2482934253924
1658300533092
2757812160868
1379396094308
2478907722084
1383337626004
2482849253780
1658215532948
2757727160724
1654206826920
1654260304552
1383606847080
2483118474856
1658484754024
2757996381800
2753771932328
1383677364904
2483188992680
1658555271848
2758066899624
1379399960216
2478911587992
1379127658856
2478639286632
1654005565800
2753517193576
2478558545508
1653924824676
2753436452452
1383341885028
2482853512804
1658219791972
2757731419748
1658488227428
2757999855204
1379315353188
1379311094100
2478822721876
1379060286884
2478571914660
1653938193828
2753449821604
1383355254180
2482866881956
1658233161124
2757744788900
1379328722340
2478840350116
1379064743332
2478576371108
1653942650276
2753454278052
1383359710628
1658505988708
2758017616484
1379064679012
2478576306788
1653942585956
2753454213732
1383359646308
2482871274084
1658237553252
2757749181028
1379046917736
2478558545512
1653924824680
1379328918936
2478840546712
1654206825880
2753718453656
1383623886232
2483135514008
1658501793176
2758013420952
1379060286888
2478571914664
1653938193832
2753449821608
1383355254184
2482866881960
1658233161128
2757744788904
1379328722344
2478840350120
1654260303512
2753771931288
1383677363864
2483188991640
1658555270808
2758066898584
1379333178724
1379064679016
2478576306792
1653942585960
2753454213736
1383359646312
2482871274088
1658237553256
2757749181032
1379333114472
2478844742248
1383426492068
2482938119844
1658304399012
2757816026788
1654277867172
2753789494948
1383694927524
2483206555300
1658572834468
2758084462244
1379131524776
2478643152552
1654009431720
2753521059496
1383426492072
2482938119848
1658304399016
2757816026792
1379399960232
2478911588008
1383607110036
2483118737812
1658485016980
2757996644756
1383341885796
2482853513572
1658219792740
2757731420516
1658283690596
2757795318372
1379311094104
2478822721880
2753721403988
1379063433812
1383626836564
2483138464340
1658504743508
2758016371284
2478575061588
1653941340756
2753452968532
1383358401108
1654273739352
2753785367128
1383690799704
2483202427480
1658568706648
2758080334424
1379063433816
2478575061592
1653941340760
2753452968536
1383358401112
2482870028888
1658236308056
2757747935832
1379331869272
1658550815124
2758062442900
1654211085672
2753722713448
1383628146024
2483139773800
1658506052968
2758017680744
1379332131496
2478843759272
1654210038440
2753721666216
1383627098792
2483138726568
1658505005736
2758016633512
1383695190376
1383694140820
2483205768596
1658572047764
2758083675540
1379130738068
2478642365844
1654008645012
2753520272788
1383425705364
2482937333140
1658504743524
2758016371300
1379063433828
2478575061604
1653941340772
2753452968548
1383358401124
2482870028900
1658236308068
2757747935844
2757731420520
1379130738072
2478642365848
1654008645016
2753520272792
1383425705368
2482937333144
1658303612312
2757815240088
1379399173528
2478910801304
1653988723304
2753500351080
1383405783656
2482917411432
1658283690600
2757795318376
1654210037400
2753721665176
1383627097752
2483138725528
1658505004696
2758016632472
1379063433832
2478575061608
1653941340776
2753452968552
1383358401128
2482870028904
1658236308072
2757747935848
1379331869288
2478843497064
1383693878884
1379127658900
2478639286676
1654005565844
2753517193620
1383422626196
2482934253972
1658300533140
2757812160916
1379396094356
2478907722132
1379377940888
2478889568664
1654255847832
2753767475608
1383672908184
2483184535960
1658550815128
2758062442904
1379127658904
2478639286680
1654005565848
2753517193624
1383422626200
2482934253976
1658300533144
2757812160920
1379396094360
2478907722136
1379379317400
2478890945176
1654257224344
2753768852120
1383674284696
2753504282964
1379383183700
2478894811476
1654261090644
2753772718420
1383409715540
2482921343316
1658287622484
2757799250260
1379114748244
1658555074916
1379046917780
2478558545556
1653924824724
2753436452500
1383341885076
2482853512852
1658219792020
2757731419796
1379315353236
2478826981012
1658283689560
2757795317336
1654008645028
2753520272804
1379130738084
1379399173540
2478910801316
1654277080484
2753788708260
1383694140836
2483205768612
1658572047780
2757743675748
2758067685720
1379114748248
2478626376024
1653992655192
2753504282968
1379383183704
1654277932456
2753789560232
1383694992808
1383408731540
2482920359316
1658286638484
2757798266260
1379064679060
2478576306836
1653942586004
2753454213780
1383359646356
2482871274132
1379046917784
2478558545560
1653924824728
1379130738088
2478642365864
1654008645032
2753520272808
1383425705384
2482937333160
1658303612328
2757815240104
1379399173544
2478910801320
1379064679064
2478576306840
1653942586008
2753454213784
1383359646360
2482871274136
1658237553304
2757749181080
1379333114520
2478844742296
1658555073876
2483188794708
2753717470568
1379396094372
2478907722148
1654274001316
2753785629092
1383691061668
2483202689444
1658568968612
2758080596388
1379127658916
2478639286692
1654276818536
2753788446312
2758000642712
1383693878888
2483205506664
1658571785832
2758083413608
1379113765288
2478625393064
1653991672232
2753503300008
1383408732584
2482920360360
1658286639528
2757798267304
1383342672532
2482854300308
1658220579476
2757732207252
1379127658920
2478639286696
1654005565864
2753517193640
1654272886356
2753784514132
1379126543956
2478638171732
1654004450900
2753516078676
1383421511252
2482933139028
1658299418196
2757811045972
2483189778788
1383409715556
2482921343332
1379114748260
2478626376036
1653992655204
1658287622500
2757799250276
1379383183716
2478894811492
1379046917796
2478558545572
1658488227492
2757999855268
1653924824740
2753436452516
1383341885092
2482853512868
1658219792036
2757731419812
1383623886244
2483135514020
1658501793188
2758013420964
2483139447384
1658505726552
2758017354328
1658299418200
2757811045976
1379126543960
2478638171736
1654004450904
2753516078680
1379394979416
2478906607192
1654272886360
2753784514136
1379114748264
2478626376040
1653992655208
2753504282984
1383409715560
2482921343336
1658287622504
2757799250280
1379383183720
2478894811496
1379382200680
2478893828456
1654260107624
2753771735400
1658505988772
2758017616548
1379064679076
2478576306852
1653942586020
2753454213796
2753454213460
1383359646036
2482871273812
1658237552980
2757749180756
1379046917800
2478558545576
2753503298968
1383408731544
2482920359320
1658286638488
2757798266264
1379064679080
2478576306856
1653942586024
2753454213800
1383359646376
2482871274152
1658237553320
2757749181096
1379333114536
2478844742312
1383337626020
2482849253796
1658215532964
2757727160740
1658555073880
2758066701656
1654205581720
2753717209496
1383622642072
2483134269848
1658500549016
2758012176792
2753516078692
1383421511268
1658299418212
2757811045988
1383689946724
2483201574500
1654272886372
2753784514148
1379126543972
2478638171748
1379059172696
2478570800472
1653937079640
2753448707416
1379311094116
2478822721892
2478572176984
1653938456152
2753450083928
1383355516504
2482867144280
1658233423448
1379126543976
2478638171752
1654004450920
2753516078696
1383421511272
2482933139048
1658299418216
2757811045992
1379394979432
2478906607208
1379332916564
2478844544340
1654210823508
2753722451284
1383627883860
2483139511636
1658505790804
2758017418580
1379064481108
2478576108884
1383678477736
2483190105512
1658556384680
2758068012456
1379063433876
2478575061652
1653941340820
2753452968596
1383358401172
2482870028948
1383626836628
2483138464404
1658504743572
2758016371348
2757727159700
1658215531924
1379382396584
2478894024360
1654260303528
2753771931304
1383677363880
2483188991656
1658555270824
2758066898600
1653942585688
2753454213464
1383359646040
2482871273816
1379064481112
2478576108888
1653942388056
2753454015832
1383359448408
2482871076184
1658237355352
2757748983128
1379332916568
2478844544344
1379063433880
2478575061656
1653941340824
2753452968600
1383358401176
2482870028952
1658236308120
2757747935896
1379331869336
2478843497112
1379311093076
2478822720852
1379395831380
2478907459156
2753772784036
2482938120596
1658304399764
2757816027540
1379399960916
2478911588692
1383694928212
2483206555988
1658572835156
2758084462932
1654277867860
2753789495636
1379064481124
2478576108900
1653942388068
2753454015844
1383359448420
2482871076196
1658237355364
2757748983140
1379332916580
2478844544356
1383626836644
2483138464420
1379063433892
2478575061668
1658504743588
2758016371364
1654209776292
2753721404068
1653941340836
2753452968612
1379311094120
1654273739368
2753785367144
1383690799720
2482916166228
1658282445396
2757794073172
1379109571156
2478621198932
2483202427496
1658568706664
1379064481128
2478576108904
1653942388072
2753454015848
1383359448424
2482871076200
1658237355368
2757748983144
1379332916584
2478844544360
1379063433896
2478575061672
1653941340840
2753452968616
1383358401192
2482870028968
1658236308136
2757747935912
1379331869352
2478843497128
2483184535972
1658550815140
2758062442916
2478558545252
1653924824420
2753436452196
1383341884772
2482853512548
1658219791716
1379311093080
2478822720856
2758067685780
1379114748308
2478626376084
1653992655252
2753504283028
1383409715604
2482921343380
1658287622548
2757799250324
1379383183764
1379114748312
2478626376088
1653992655256
2753504283032
1383409715608
2482921343384
1658287622552
2757799250328
1379383183768
2478894811544
1379332130472
2478843758248
1654210037416
2753721665192
1383627097768
2483138725544
1658505004712
2758016632488
2478554023252
2753431930196
1653920302420
1658215269716
1383337362772
2757726897492
2482848990548
2757995332948
2478822458708
1654188737876
2482916166232
1658282445400
2758013420904
1379377940904
2478889568680
1654255847848
2753767475624
1383672908200
2483184535976
1658550815144
2758062442920
1379311880852
2478823508628
2757996382868
1653920302424
2753431930200
1658483705176
2757995332952
1654188737880
2753700365656
1383605798232
2483117426008
1383337362776
2482848990552
1379126544020
2478638171796
1654004450964
2753516078740
1383421511316
2482933139092
1658299418260
2757811046036
1383623952040
2483135579816
1658501858984
2758013486760
2758067685796
1379114748324
2478626376100
1653992655268
2753504283044
2753772718500
1383409715620
2482921343396
1658287622564
2757799250340
2753436452200
1383341884776
2482853512552
1658219791720
2757731419496
1653988722280
2753500350056
1383405782632
2482917410408
1658283689576
2757795317352
1379126544024
2478638171800
1654004450968
2753516078744
1383421511320
2482933139096
1658299418264
2757811046040
1379394979480
2478906607256
1379114748328
2478626376104
1653992655272
2753504283048
1383409715624
2482921343400
1658287622568
2757799250344
1379383183784
2478894811560
2757798266276
2478843758184
1654210037352
2753721665128
1654255846808
2753767474584
1383672907160
2483184534936
1658550814104
2758062441880
2758012373672
1654257223320
2753768851096
1383674283672
2483185911448
1658552190616
2758063818392
1654188737892
2753700365668
1383605798244
2483117426020
1658483705188
2757995332964
1653937079652
1379378989652
1383673956948
2483185584724
1658551863892
2482917149268
1658283428436
2757795056212
2758063491668
2753448707428
1379110554196
1383677363608
2483188991384
1658555270552
2758066898328
1654278195540
2753789823316
1383426820436
2482938448212
1658304727380
2757816355156
1379131853140
2478643480916
1654009760084
2753521387860
1658215269736
1653938456164
2753450083940
1383355516516
2482867144292
1658233423460
2757745051236
2757726897512
1379310830952
2478822458728
1654272886436
2753784514212
1383689946788
2483201574564
1658567853732
2758079481508
1379126544036
2478638171812
1654004450980
2753516078756
1654261352856
2753772980632
1383678413208
2483190040984
1658556320152
2758067947928
1654256896600
2753768524376
1383673956952
1658283428440
2757795056216
1379110554200
2478622181976
1653988461144
2753500088920
2483185584728
1658573162840
2758084790616
1379400288600
2478911916376
1379131853144
2478643480920
1654009760088
2753521387864
1383426820440
2482938448216
1379126544040
2478638171816
1654004450984
2753516078760
1383421511336
2482933139112
1658299418280
2757811046056
1379394979496
2478906607272
1379332916628
2478844544404
1654210823572
2753722451348
1658505790868
1654205580692
2753717208468
1383622641044
2483134268820
1658500547988
2758012175764
2483122735716
1658489014884
2758000642660
1379332916632
2478844544408
2753503298984
1383408731560
1383342671508
2482854299284
1658220578452
2757732206228
1379378989668
2478890617444
1654256896612
2753768524388
1383405521508
2482917149284
1658283428452
2757795056228
2478622181988
1653988461156
1379400288612
2478911916388
1654278195556
2753789823332
1383695255908
2483206883684
1658573162852
2758084790628
1654009760100
2753521387876
1379382199656
2478893827432
1654260106600
2753771734376
1383677166952
2483188794728
1658555073896
1379064677716
2478576305492
1653942584660
2753454212436
1383611106900
2483122734676
1658489013844
2758000641620
1654205581736
2753717209512
1383622642088
2483134269864
1658500549032
2758012176808
1379110554216
2478622181992
1653988461160
2753500088936
1383405521512
2482917149288
1658283428456
2757795056232
1379378989672
2478890617448
1379131853160
2478643480936
1654009760104
2753521387880
1383426820456
2482938448232
1658304727400
2757816355176
1379400288616
2478911916392
1658233423464
2757745051240
2478844544420
1654210823588
2753722451364
1383627883940
2483139511716
1658505790884
2758017418660
1379064481188
2478576108964
1653942388132
1383337624996
2482849252772
1658215531940
2757727159716
2758016567892
1379332065876
1654209972820
2478843693652
2753721600596
1658300270244
2757811898020
1379064481192
2478576108968
1653942388136
2753454015912
1654205580696
2753717208472
1383622641048
2483134268824
1658500547992
2758012175768
1654194047592
2753705675368
1383611107944
2483122735720
1658489014888
2758000642664
1379311093092
2478822720868
1383342671512
2482854299288
1658220578456
2757732206232
1383426492836
2482938120612
1658489210264
1379333179800
2478844807576
1654211086744
2753722714520
1383628147096
2483139774872
1658506054040
2758017681816
1379328722516
1383623689812
2483135317588
1658501596756
2758013224532
2753718257236
2478840350292
1654206629460
1379060287060
2478571914836
1379316139608
2758084462948
1654256109908
2753767737684
1383673170260
2483184798036
1658551077204
2758062704980
1379378202964
2478889830740
1379109767508
2478621395284
1379328722520
2478840350296
1654206629464
2753718257240
1383623689816
2483135317592
2482866882136
1658233161304
2757744789080
1379060287064
2753521059220
2757816026516
1383426491796
2482938119572
1658304398740
2753499105892
1383404538468
2482916166244
1658282445412
2757794073188
1379378202968
2478889830744
1654256109912
2753767737688
1383673170264
2483184798040
1658551077208
2758062704984
1654209972824
2753721600600
1383605798292
2483117426068
1658483705236
2757995333012
1379042395540
2478554023316
1658483705240
2757995333016
2483205507732
1658571786900
2758083414676
1654273738344
2753785366120
1383690798696
1653987477076
2753499104852
2483202426472
1658568705640
2758080333416
1654206629476
2753718257252
1383623689828
2483135317604
1658501596772
2758013224548
1379060287076
2478571914852
1653938194020
2753449821796
1379378202980
2478889830756
1654256109924
2753767737700
1383673170276
2483184798052
1379109767524
2478621395300
1653987674468
2753499302244
1379377939876
1383672907172
2483184534948
1658550814116
1379060287080
2478571914856
1653938194024
2753449821800
1383355254376
2482866882152
1658233161320
2757744789096
1379328722536
2478840350312
1654277867880
2753789495656
1383694928232
1383408666964
2482920294740
1658286573908
2757798201684
2483206556008
1658572835176
2758084462952
1379109767528
2478621395304
1653987674472
2753499302248
1383404734824
2482916362600
1658282641768
2757794269544
1379378202984
2478889830760
1658215269796
2757726897572
1379310831012
2478822458788
1654188737956
2753700365732
1383605798308
2483117426084
1658483705252
2757995333028
1383426491800
2482938119576
1658304398744
2757816026520
2753499105896
1383404538472
2482916166248
1658282445416
2757794073192
2483190040996
2483185584788
1379378989716
2478890617492
1654256896660
2753768524436
1383673957012
1658551863956
2758063491732
1383426820500
2482938448276
1658304727444
2757816355220
1379400288660
2478911916436
1654278195604
2753789823380
1383695255956
2483206883732
1654188737960
2753700365736
1383605798312
2483117426088
1658483705256
2757995333032
1658572834136
1383405521560
2482917149336
1379378989720
2478890617496
1379131853208
2478643480984
1379400288664
2478911916440
1379398912664
2478910540440
1654276819608
2753788447384
1383693879960
2483205507736
1658571786904
2758083414680
1653987477080
2753499104856
1654255846824
2753767474600
1383672907176
2483184534952
1658550814120
2758062441896
1379311879828
2478823507604
1383622903124
2483134530900
2758012437844
1658500810068
2753717470548
1379059500372
2478571128148
2478906673496
1654272952664
1654257223336
2753768851112
1383674283688
2483185911464
1658552190632
2758063818408
2482920294744
1658286573912
2757798201688
1379059500376
2478571128152
1653937407320
2753449035096
1383354467672
2482866095448
1658232374616
2753768524452
1383673957028
2483185584804
1658551863972
2758063491748
1379378989732
2478622182052
1383622903144
2483134530920
1658500810088
2758012437864
1654009760164
2753521387940
1383426820516
2482938448292
1658304727460
2757816355236
1379400288676
2478911916452
1654278195620
2753789823396
1654261352872
2753772980648
1383678413224
2483190041000
1658556320168
2758067947944
2753500089000
1383405521576
2482917149352
1658283428520
2757795056296
1379378989736
2478890617512
1379131853224
2478643481000
1654009760168
2753521387944
1379130738260
2478642366036
1654008645204
2753520272980
1383425705556
2482937333332
1658303612500
2757815240276
2753788708436
1379399173716
1379311880872
2478823508648
1654189787816
2753701415592
1383606848168
2483118475944
1658484755112
2757996382888
1383622641060
2483134268836
1658500548004
2758012175780
1379130738264
2478642366040
1654008645208
2753520272984
1379399173720
2478910801496
1654277080664
2753788708440
1383694141016
2483205768792
1379327935844
2478839563620
2757811833428
1379127331412
2478638959188
1654005238356
2753516866132
1379383444888
2478895072664
1654261351832
2753772979608
1383678412184
2483190039960
1658489013864
2753517193812
2757812161108
1379127659092
2478639286868
1654005566036
1383422626388
2482934254164
1658300533332
1383691061844
2483202689620
2757744002408
1379327935848
2478839563624
1654211086756
2753722714532
1383628147108
2483139774884
1658506054052
2758017681828
1379127659096
2478639286872
2478893763176
1654260042344
2753771670120
1379060287124
2478571914900
1653938194068
2753449821844
1383355254420
2482866882196
1658233161364
2757744789140
1379328722580
2478840350356
1379130738276
2478642366052
1654008645220
2753520272996
1658572047972
2758083675748
1383425705572
2482937333348
1658303612516
2757815240292
1383404734868
2482916362644
1658282641812
2757794269588
1379109767572
2478621395348
1653987674516
2753499302292
1379378203028
2478889830804
1379060287128
2478571914904
1653938194072
2753449821848
1383355254424
2482866882200
1658233161368
2757744789144
1379328722584
2478840350360
1379130738280
2478642366056
1654008645224
2753520273000
1383425705576
2482937333352
1658303612520
2757815240296
1379399173736
2478910801512
1379333178772
2478844806548
1654209972836
2753721600612
1383627033188
2483138660964
1658504940132
2758016567908
1379109767576
2478621395352
1653987674520
2753499302296
1383404734872
2482916362648
1658282641816
2757794269592
1379378203032
2478889830808
1658568968804
2758080596580
1379127659108
2478639286884
1654005566052
2753517193828
1383422626404
2482934254180
1658300533348
2757812161124
1379063433560
2478575061336
1653941340504
2753452968280
2482870028632
2482933926488
1383422298712
2758013225384
1379127659112
2478639286888
1654005566056
2753517193832
1383422626408
2482934254184
1658300533352
2757812161128
2753721599572
1379333179816
2478844807592
1654211086760
1383341885844
2482853513620
1658219792788
2757731420564
2753722714536
1383628147112
2483139774888
2757744789156
1379060287140
2478571914916
1653938194084
2753449821860
1383355254436
2482866882212
1658233161380
1379328722596
2478840350372
2757795318420
1379110816404
2478622444180
1653988723348
2753500351124
1383405783700
1379316139624
2478827767400
1654194046568
2753705674344
1383404734884
2482916362660
1658282641828
2757794269604
1379109767588
2478621395364
1653987674532
1379060287144
2478571914920
1653938194088
2753449821864
1383355254440
2482866882216
1658233161384
2757744789160
1379328722600
2478840350376
1654193260884
2753704888660
2478643152292
1654009431460
2753521059236
1379109767592
2478621395368
1653987674536
2753499302312
1383404734888
2482916362664
1658282641832
2757794269608
1658487965288
2757999593064
1383674219092
2483185846868
1658552126036
2483202624168
1658568903336
2758080531112
1654211085720
2753722713496
1383628146072
2483139773848
1658506053016
2758017680792
1654209972840
2753721600616
1383627033192
2483138660968
1658504940136
2758016567912
1379109570148
2478621197924
2753784580452
1383690013028
2483201640804
1658567919972
2758079547748
1379059500436
2478571128212
1653937407380
2753449035156
1383354467732
2482866095508
1658232374676
2757744002452
1379327935892
2478839563668
1383693878932
2483205506708
1658571785876
2758083413652
1379398911636
2478910539412
1379115076196
2478826981720
1654193260888
2753704888664
1383610321240
1658488228184
1379379251800
2478890879576
1654257158744
2753768786520
1383674219096
2483185846872
1658552126040
2758063753816
1379059500440
2478571128216
1653937407384
2753449035160
1383354467736
2482866095512
1658232374680
2757744002456
1379046589780
2478558217556
1653924496724
2753436124500
1383341557076
2482853184852
1658219464020
2757731091796
1379315025236
2478826653012
2758079546708
1379395044692
2478906672468
1654272951636
2753784579412
1654260107668
2753771735444
1383677168020
1379399959912
2478911587688
1654277866856
2753789494632
1383694927208
2483206554984
1658572834152
2758084461928
2478826653016
1654192932184
2753704559960
1383609992536
2483121620312
1658487899480
2757999527256
1379046589784
2478558217560
1383404472744
2482916100520
1658282379688
2757794007464
1383425705620
2482937333396
1658303612564
2757815240340
1379399173780
2478910801556
1379059173780
2478570801556
1658287949396
2757799577172
1654276819624
2753788447400
1383693879976
2483205507752
1658571786920
2758083414696
2753499104872
1383404537448
2482916165224
1658282444392
2757794072168
1379399173784
2478910801560
1653921417556
2753433045332
1383338477908
2482850105684
1658216384852
2757728012628
1654189853012
2753701480788
2478839236948
1654205516116
1658232374692
2757744002468
1379059500452
2478571128228
1653937407396
2753449035172
1383354467748
2482866095524
2478823507620
1654189786788
1383627097704
2483138725480
1379395045736
2478906673512
1654272952680
2753784580456
1383690013032
2483201640808
1658567919976
2758079547752
2483135580756
1658501859924
2758013487700
1379328985684
1654206892628
2753718520404
2753433045336
1383338477912
2482850105688
1658216384856
2757728012632
1379043510616
2478555138392
1653921417560
1379311946072
2478823573848
1379127659156
2478639286932
1654005566100
2753517193876
1383422626452
2482934254228
1658300533396
2757812161172
1383691061908
2483202689684
2482920294760
1658286573928
2757798201704
1379059500456
2478571128232
1653937407400
2753449035176
1383354467752
2482866095528
1658232374696
2757744002472
1379327935912
2478839563688
1654276818584
2753788446360
1383693878936
2483205506712
1658571785880
2758083413656
1379046589796
2478558217572
1653924496740
2753436124516
1383341557092
2482853184868
1658219464036
2757731091812
1379315025252
2478826653028
1379127659160
2478639286936
1654005566104
2753517193880
1383422626456
2482934254232
1658300533400
2757812161176
1379396094616
2478907722392
1379114748500
2478626376276
1653992655444
2753504283220
1383409715796
2482921343572
1658287622740
2757799250516
1379046589800
2478558217576
1653924496744
2753436124520
1383341557096
2482853184872
1658219464040
2757731091816
1379315025256
2478826653032
1379130738340
2478642366116
1654008645284
2753520273060
1383425705636
2482937333412
1379399173796
2478910801572
1654277080740
2753788708516
1379395044696
2478906672472
1654272951640
2753784579416
1383690011992
2483201639768
1658567918936
2758079546712
1379114748504
2478626376280
1653992655448
2753504283224
1383409715800
2482921343576
1658287622744
2757799250520
1379130738344
2478642366120
1654008645288
2753520273064
1383425705640
2482937333416
1658303612584
2757815240360
1379399173800
2478910801576
1379043510628
2478555138404
1653921417572
2753433045348
1383338477924
2482850105700
1658216384868
2757728012644
1379311946084
2478823573860
1654189853032
2753701480808
1383606913384
2483118541160
1658484820328
2757996448104
1658300533412
2757812161188
1383691061924
2483202689700
1658568968868
1379127659172
2478639286948
1654005566116
1654274001572
2753785629348
1379327609176
1658500483416
2758012111192
1658282444136
1654206892632
2753718520408
1383623952984
2483135580760
1658501859928
2758013487704
1379127659176
2478639286952
1654005566120
2753517193896
1383422626472
2482934254248
1658300533416
2757812161192
1379396094632
2478907722408
1379383183972
2478894811748
1654261090916
2753772718692
1658287622756
2757799250532
1383678151268
2483189779044
1658556058212
2758067685988
1379311094164
2478822721940
2753785367188
1383690799764
2483202427540
1658568706708
2758080334484
1379395832468
2757747934548
1379114748520
2478626376296
1653992655464
2753504283240
1383409715816
2482921343592
1658287622760
2757799250536
1379383183976
2478894811752
1383694927528
2483206555304
1658572834472
2758084462248
2757748918612
1658236307816
2757747935592
1654209971812
2753721599588
1383627032164
2483138659940
1658504939108
2758016566884
1383341885860
2482853513636
1658219792804
2757731420580
1379064481364
2478576109140
1653942388308
2753454016084
1383359448660
2482871076436
1658237355604
2757748983380
2758017418836
1383627884116
2478822721944
1654189001112
2753700628888
1383606061464
2483117689240
1658483968408
2757995596184
1654273739416
2753785367192
1383690799768
2483202427544
1658568706712
2758080334488
1653991868756
2753503496532
1383408929108
2482920556884
1658286836052
2757798463828
1654260304212
2753771931988
1383677364564
2483188992340
1379315353956
2478826981732
1383422297688
2482933925464
1658300204632
2757811832408
2757748983384
1379064481368
2478576109144
1653942388312
2753454016088
1383359448664
1383627884120
2483139511896
2482871076440
1658237355608
1383674219108
2483185846884
1379113961816
2478625589592
1653991868760
2753503496536
1383408929112
2482920556888
1658286836056
2757798463832
1379382397272
2478894025048
1654211085736
2753722713512
2478826653076
1654192932244
2753704560020
1379046589844
2478558217620
1383341557140
2482853184916
1658219464084
2483202688360
1658568967528
2758080595304
1654193259860
2753704887636
1383610320212
2483121947988
1658488227156
2757999854932
1379046589848
2478558217624
1653924496792
2753436124568
1383341557144
2482853184920
1658219464088
2757731091864
1379315025304
1383678216616
2483189844392
1658556123560
2758067751336
1379064481380
2478576109156
1653942388324
2753454016100
1383359448676
2482871076452
1658237355620
2757748983396
1379332916836
2478844544612
1658573097320
1654209971816
2753721599592
1383627032168
2483138659944
1658504939112
2758016566888
2757731420584
1658216384916
2757728012692
1379311946132
2478823573908
1379113961828
2478625589604
1653991868772
2753503496548
1383408929124
2482920556900
1658286836068
2757798463844
1379382397284
2478894025060
1379064481384
2478576109160
1653942388328
2753454016104
1383359448680
2482871076456
1658237355624
2757748983400
1379332916840
2478844544616
2478910539428
1654189853080
2753701480856
1383606913432
2483118541208
1658484820376
2757996448152
1379113961832
2478625589608
1653991868776
2753503496552
1383408929128
2482920556904
1658286836072
2757798463848
1379382397288
2478894025064
1379315353960
2478826981736
1654193260904
2753704888680
1383610321256
2483121949032
1658488228200
2757999855976
1379379251816
2478890879592
1654257158760
2753768786536
1383674219112
2483185846888
1658552126056
2758063753832
1379046589860
2478558217636
1653924496804
2753436124580
1383341557156
2482853184932
1658219464100
2753704560036
2757731091876
1383609992612
2758067686036
1653992655508
2753504283284
1654260107684
2753771735460
1383677168036
2483188795812
2482917410456
1658283689624
2757795317400
1379046589864
2478558217640
1653924496808
2753436124584
1383341557160
2482853184936
1658219464104
2757731091880
1379315025320
2478826653096
1653992655512
2753504283288
1383409715864
2482921343640
1658287622808
2757799250584
1379383184024
2478894811800
1654193259864
2753704887640
1383610320216
2483121947992
1658488227160
2757999854936
1379311946148
2478823573924
1379379250776
2478890878552
1379327609188
1383622576484
2483134204260
1658500483428
2758012111204
1379382199700
2478893827476
1383677166996
1654206892644
2753718520420
1383623952996
2483135580772
1658501859940
2758013487716
2753433045416
1383338477992
2482850105768
1379042395732
2478554023508
1653920302676
2753431930452
1383337363028
2482848990804
1658215269972
2757726897748
1379310831188
2478822458964
1379063694676
2478575322452
1653941601620
2753453229396
1383358661972
2482870289748
1658236568916
2757748196692
1658303350184
2757814977960
2478910539432
1654276818600
2753788446376
1383693878952
2483205506728
1658571785896
2758083413672
2753431930456
1383337363032
2482848990808
1658215269976
2757726897752
1379310831192
2478822458968
1654188738136
2753700365912
1383605798488
1379063694680
2478575322456
1653941601624
2753453229400
1658287622820
2757799250596
1379383184036
2478894811812
1654261090980
2753772718756
1383678151332
2483189779108
1658500482388
2758012110164
1379327608148
2478839235924
1654205515092
2753717142868
1654272951656
2753784579432
1383690012008
2483201639784
1658567918952
2758079546728
1653992655528
2753504283304
1383409715880
1658501858900
2758013486676
2753718519380
1379328984660
2478840612436
1654206891604
1654260107688
2753771735464
1383677168040
2483188795816
1658555074984
2758066702760
1379316140692
2478827768468
1658220512852
2757732140628
1654211021140
2753722648916
1383628081492
2483139709268
1658505988436
2758017616212
1379333114196
2478844741972
2757726897764
1379310831204
2478822458980
1654188738148
2753700365924
1383678215784
2483189843560
1658556122728
2758067750504
2478575322468
1653941601636
2753453229412
1383358661988
2482870289764
1658236568932
2757748196708
1379332130148
1654205516136
2753717143912
1383622576488
2483134204264
1658500483432
2758012111208
1379400288852
2478911916628
1654278195796
2753789823572
1383695256148
2483206883924
1658573163092
2758084790868
1379131853396
2478643481172
1654206892648
2753718520424
1383623953000
2483135580776
1658501859944
2758013487720
2753453229416
1383358661992
2482870289768
1658236568936
2757748196712
1379332130152
2478843757928
1379311094180
2478822721956
1379131853400
2478643481176
1379400288856
2478911916632
1654273739428
2753785367204
1658568706724
1383690799780
2758080334500
2483202427556
1383677102696
2483188730472
1658555009640
2758066637416
1379064481428
2478576109204
1653942388372
2753454016148
1383359448724
2482871076500
1658237355668
2483139511956
1658505791124
2758017418900
1658500482392
2758012110168
1654260304276
2753771932052
1383677364628
1653991868820
2753503496596
1383408929172
2482920556948
1658286836116
2757798463892
2483188992404
1654194047640
2753705675416
1379064481432
2478576109208
1653942388376
2753454016152
1383359448728
2482871076504
1658237355672
2757748983448
1379332916888
2478844544664
1379113961880
2478625589656
1653991868824
2753503496600
1383408929176
2482920556952
1658286836120
2757798463896
1658483967380
2483117688212
2757995595156
1383606060436
1654273738388
2753785366164
1383690798740
2483202426516
1658568705684
2758080333460
1383426820708
2482938448484
1658304727652
2757816355428
1383695256164
2483206883940
1379131853412
2478643481188
1654009760356
1379131853416
2478643481192
1654009760360
2753521388136
1383426820712
2482938448488
1658304727656
2757816355432
1379400288872
2478911916648
2483206556052
1658572835220
2758084462996
2478622246228
1653988525396
2753500153172
1379064481444
1383359448740
2482871076516
1658237355684
2757748983460
2478844544676
1654210823844
2753722451620
2478576109220
1653942388388
1654273739432
2753785367208
1383690799784
1379382397348
2478894025124
1379064481448
2478576109224
1653942388392
2753454016168
1383359448744
2482871076520
1658237355688
2757748983464
1379332916904
2478844544680
1379113961896
2478625589672
1379382397352
2478894025128
1658299418964
2757811046740
1383672973908
1379126544724
2753705872040
1654273738392
2753785366168
1383690798744
2483202426520
1658568705688
2758080333464
1654257157732
2753768785508
1383674218084
2483185845860
1658552125028
2758063752804
1383673170516
2483184798292
1658551077460
2758062705236
2753767737940
1379378203220
2478889830996
1654256110164
1379109767764
2478621395540
1654277867928
2753789495704
1383694928280
2483206556056
1658572835224
2758084463000
1379109767768
2478621395544
1653987674712
2753499302488
1383404735064
2482916362840
1658282642008
2757794269784
1658283492696
2757795120472
1654188738196
2753700365972
1383605798548
2483117426324
1658483705492
2757995333268
1653987478168
2753499105944
1383404538520
2482916166296
1658282445464
2757794073240
2757816026452
2757996381524
2478823507284
1654189786452
2753701414228
1379311879508
1383673955668
2483185583444
1658551862612
2758063490388
1379332130196
2478843757972
1654210037140
2753721664916
1383627097492
2483138725268
1658505004436
2758016632212
1383342605656
2482854233432
1383611041112
2483122668888
1658488948056
2758000575832
1379131524440
2478643152216
1654009431384
2753521059160
2758080267620
2753500087652
1379131524452
2478643152228
1654009431396
2753521059172
1383426491748
1654189786468
2753701414244
1383606846820
1658483705496
2757995333272
1379043444072
2478555071848
1653921351016
2753432978792
1658216318312
1379332130200
2478843757976
1379126544728
2478638172504
1654004451672
2753516079448
1383421512024
2482933139800
1658299418968
2757811046744
1379378006616
2478889634392
1654255913560
2753767541336
1658551077476
2758062705252
2482916362852
1658282642020
2757794269796
1379109767780
2478621395556
1653987674724
2753499302500
1379378203236
1379315352936
2478826980712
1654193259880
2753704887656
1383610320232
2483121948008
1658488227176
1379379250792
2478890878568
1654257157736
2753768785512
1383674218088
2483185845864
1658552125032
2758063752808
1379109767784
2478621395560
2753500087700
1379383182740
2478894810516
1654261089684
2753772717460
1379043444116
2478555071892
1653921351060
2753432978836
1383338411412
1379043444120
2478555071896
1653921351064
2753432978840
1383338411416
2482850039192
1658216318360
2757727946136
1379311879576
1383611107668
2483122735444
1658489014612
2758000642388
1379047704916
2478559332692
1653925611860
2753437239636
2753700365988
1383605798564
2483117426340
1658483705508
2757995333284
2753431930532
1383337363108
2482848990884
1658215270052
2757726897828
1654273672612
2753785300388
1379316073892
2478827701668
1654193980836
2753705608612
1383611041188
2483122668964
1658488948132
2758000575908
1379332130212
2478843757988
1654210037156
2753721664932
1658236568996
2757748196772
1383627097508
2483138725284
1658505004452
2758016632228
1379043444136
2478555071912
1653921351080
2753432978856
1383338411432
2482850039208
1658216318376
2757727946152
1379311879592
2478823507368
1653937079716
2753448707492
1383354140068
2482865767844
1658232047012
2757743674788
1379047704920
2478559332696
1653925611864
2753437239640
1379400288916
2478911916692
2758084790932
1379131853460
2478643481236
1379310831272
2478572177060
1653938456228
2478822459048
1654188738216
2753700365992
1383605798568
2483117426344
1658483705512
2757995333288
1379063694760
2478575322536
1653941601704
2753453229480
1383358662056
2482870289832
1658236569000
2757748196776
1379332130216
2478843757992
1379131853464
2478643481240
1654009760408
2753521388184
1383426820760
2482938448536
1658304727704
2757816355480
1379316140708
2478827768484
1383611108004
2483122735780
1658489014948
2758000642724
1383627819624
2483139447400
1658505726568
2758017354344
2757744002644
1383622903380
2483134531156
1658500810324
2758012438100
2753717470804
1379059500628
2478571128404
1653937407572
2753449035348
1654194047332
2753705675108
1383611107684
2483122735460
1658489014628
2758000642404
1379047704932
2478559332708
1653925611876
2753437239652
1379333114212
2478844741988
1383628081508
2483139709284
1658505988452
2758017616228
2753449035352
1383354467928
2482866095704
1658232374872
2757744002648
1379327936088
2478839563864
1654205843032
2753717470808
1383622903384
1379047704936
2478559332712
1653925611880
2753437239656
1383342672232
2482854300008
1658220579176
2757732206952
1379316140392
2478827768168
1658573163172
2758084790948
1379131853476
2478643481252
1654009760420
2753521388196
1383426820772
2482938448548
1658304727716
2757816355492
2757727226468
1379131853480
2478643481256
1654009760424
2753521388200
1383426820776
2482938448552
1658304727720
2757816355496
1379400288936
2478911916712
1658505987412
2758017615188
1654205515112
2753717142888
1383622575464
2483134203240
1658500482408
2758012110184
1654209972884
2753721600660
1383627033236
2483138661012
1658504940180
2758016567956
1379328984680
2478840612456
1654206891624
2753718519400
1383623951976
2483135579752
1658501858920
2758013486696
2758016632424
1654205843044
2753717470820
1383622903396
2483134531172
1658500810340
2758012438116
1379059500644
2478571128420
1653937407588
2753449035364
1658220512872
2757732140648
1379311093156
2478822720932
1654276819540
1379398912596
2478910540372
1379059500648
2478571128424
1653937407592
1383690798756
2483202426532
2753449035368
1383354467944
2482866095720
1658232374888
2757744002664
1379333114216
1383623624276
1379060221524
2478571849300
1383627818580
2483139446356
1658505725524
2758017353300
1383355188824
2482866816600
1658233095768
2757744723544
1658283427416
2757795055192
1379131524696
1379131591252
2478643219028
1654009498196
2753521125972
1379131524708
2478643152484
1654009431652
2753521059428
1379064415844
2478576043620
1379316139672
2478827767448
1654194046616
2753705674392
1383611106968
2483122734744
1658489013912
2758000641688
1379043444328
2478555072104
2483206556068
1383405782356
2482917410132
1658283689300
2757795317076
1379110815060
2478622442836
1653988722004
2753500349780
2758063752532
1379379250516
1383404735124
2482916362900
1658282642068
2757794269844
1379378203284
2478889831060
1654256110228
2753767738004
1383673170580
2483184798356
1379110815064
2478622442840
1653988722008
2753500349784
1383405782360
2482917410136
1658283689304
2757795317080
1379379250520
2478890878296
1653987478180
2753499105956
2478844740952
1654211020120
2753722647896
1383628080472
2483139708248
1658505987416
1654209972888
2753721600664
1383627033240
2483138661016
1658504940184
2758016567960
1383694927508
2483206555284
1658572834452
2758084462228
1379060221588
2478571849364
1653938128532
2753449756308
1383355188884
2482866816660
1379043444376
2478555072152
1653921351320
2753432979096
1383338411672
2482850039448
1658216318616
2757727946392
1379311879832
2478823507608
1383694927252
2753516079460
1379316074148
2478827701924
1654193981092
2753705608868
1658505725604
2758017353380
1379060221604
2478571849380
1383338411688
2482850039464
1658216318632
2757727946408
1379311879848
2478823507624
1654273738408
2753785366184
1383690798760
1379109570196
2478621197972
1653987477140
2753499104916
2483202426536
1658568705704
2758080333480
2478911850856
1379110815076
2478622442852
1653988722020
2753500349796
1383405782372
2482917410148
1379379250532
2478890878308
1654257157476
2753768785252
2478621395620
1653987674788
1383404735140
1379378203300
2478889831076
1654256110244
2753767738020
1383673170596
1654272952724
2753784580500
1383690013076
2483201640852
1658567920020
2758079547796
1654255912532
2753767540308
1383672972884
1654277867944
2753789495720
1383694928296
2483206556072
1658572835240
2758084463016
1379110815080
2478622442856
1653988722024
2753500349800
1383405782376
2482917410152
1658283689320
2757795317096
1379379250536
2478890878312
1658282642088
2757794269864
1379378203304
2478889831080
1654194047380
2753705675156
1383677429400
2482916166312
1658282445480
2757794073256
2478893762900
1654260042068
1379047704984
2478559332760
1653925611928
2753437239704
1383342672280
2482854300056
1658220579224
2757732207000
1379316140440
2478827768216
2483190106708
1658556385876
2758068013652
2478895139412
1654261418580
2753773046356
1379399959960
2478911587736
1654277866904
2753789494680
1383694927256
2483206555032
1658572834200
2758084461976
1379378006632
2478889634408
1654255913576
2753767541352
1383672973928
2483184601704
1658550880872
2482867079764
1658233358932
2757744986708
2758062507348
1379109569876
2478621197652
1653987476820
2753499104596
1383404537172
2482916164948
1658282444116
2757794071892
1379378005332
2753499104920
1383404537496
2482916165272
1658282444440
2757794072216
2753789561448
1379109569880
2478621197656
1653987476824
2753499104600
1383404537176
2482916164952
1658282444120
2757794071896
1654205843092
2753717470868
1383622903444
2483134531220
1658500810388
2758012438164
1379059500692
2478571128468
1653937407636
2753449035412
1654272952728
2753784580504
1653925611940
2753437239716
1383342672292
2482854300068
1379316140452
2478827768228
1654194047396
2753705675172
1383611107748
1383672972888
2758062507608
2753503234456
1383408667032
2482920294808
1658286573976
2757798201752
1654005238104
2753516865880
1383422298456
2482933926232
1658300205400
2757811833176
2758080268632
1379395766616
1379059500696
2478571128472
1653937407640
2753449035416
1383354467992
2482866095768
1658232374936
2757744002712
1379327936152
2478839563928
1653925611944
2753437239720
2478558217812
1653924496980
2753436124756
1383341557332
2482853185108
1658219464276
2757731092052
1379315025492
1383609992788
2483121620564
1379382135128
2478893762904
1654260042072
2753771669848
1383677102424
2483188730200
1658555009368
2758066637144
1654192932440
2753704560216
1383609992792
2483121620568
1658487899736
2757999527512
1379046590040
2478558217816
1653924496984
2753436124760
2482916164964
1658282444132
2757794071908
1379109569892
2478621197668
1653987476836
2753499104612
1383404537188
2483184600420
1658550879588
1658233358936
2757744986712
1653921417812
2753433045588
1383338478164
2482850105940
1658216385108
2757728012884
1383606913620
2483118541396
1658484820564
2757996448340
1379127331172
2478638958948
1654005238116
2753516865892
1383422298468
2482933926244
1658300205412
2757811833188
1379395766628
2478907394404
1379109569896
2478621197672
1653987476840
1379059500708
2478571128484
1653937407652
2753449035428
1383354468004
2482866095780
1658232374948
2757744002724
1379327936164
2478839563940
2478823574104
1654189853272
2753701481048
1383606913624
2483118541400
1658484820568
2757996448344
1379127331176
2478638958952
1654005238120
2753516865896
1383422298472
2482933926248
1658300205416
2757811833192
1379395766632
2478907394408
1379059500712
2478571128488
1653937407656
2753449035432
1383354468008
2482866095784
1658232374952
2757744002728
1379327936168
2478839563944
2757731092068
1379046590052
2478558217828
1653924496996
2753436124772
1383341557348
2482853185124
1658219464292
1379315025508
2478826653284
2483122734756
1379046590056
2478558217832
1653924497000
2753436124776
1383341557352
2482853185128
1658219464296
2757731092072
1379315025512
2478826653288
1379110815124
2478622442900
1653988722068
2753500349844
2482917410196
1383405782420
1658283689364
1654211020132
2753722647908
1383628080484
2483139708260
1658505987428
2758017615204
1379043510884
2478555138660
1653921417828
2753433045604
1383338478180
2482850105956
1658216385124
2757728012900
1379311946340
2478823574116
1379110815128
1654209972900
2753721600676
1383627033252
2483138661028
1658504940196
2478622442904
1653988722072
2753500349848
1383405782424
1654189853288
2753701481064
1383606913640
2483118541416
1658484820584
2757996448360
1654009498212
2753521125988
1654209971860
2753721599636
1383627032212
2483138659988
1658504939156
2758016566932
1383626836312
2483138464088
1658504743256
2758016371032
1379331869016
1658237552040
2757749179816
1654194046632
2753705674408
1383611106984
2483122734760
1658489013928
2758000641704
1379110815140
2478622442916
1653988722084
2753500349860
2753768785316
1383674217892
1379315354004
2478826981780
1379110815144
2478622442920
1653988722088
2753500349864
1383405782440
2482917410216
1658283689384
2757795317160
1654211020136
2753722647912
1654257158804
2753768786580
1383674219156
2483185846932
1658552126100
2758063753876
1379379251860
2478890879636
2483202362008
1658568641176
2758080268952
1654209972904
2753721600680
1383627033256
2483138661032
1658504940200
2758016567976
2758084461988
1379399959972
2478911587748
1379042724180
2478554351956
1653920631124
2753432258900
1383337691476
2482849319252
1658215598420
2757727226196
1379311159636
2478822787412
1653920631128
2753432258904
1383337691480
2482849319256
1658215598424
2757727226200
1379311159640
2478822787416
1654189066584
2753700694360
2483122932392
2758000839336
1379109569940
2478621197716
1653987476884
2753499104660
1383404537236
2482916165012
1658282444180
2757794071956
1379378005396
2478889633172
1654209971864
2753721599640
1383627032216
2483138659992
1658504939160
2758016566936
1654272952740
2753784580516
1383690013092
2483201640868
1658567920036
2758079547812
2478625589844
1653991869012
2753503496788
1383408929364
2482920557140
1658286836308
2757798464084
1383677364820
2483188992596
1383672972900
2483184600676
1658550879844
2758062507620
1379127331220
2478638958996
1654005238164
2753516865940
1383422298516
2482933926292
1658300205460
2757811833236
1379395766676
2478907394452
1379109569944
2478621197720
1653987476888
1379113962072
2478625589848
1653991869016
2753503496792
1383408929368
2482920557144
1658286836312
2757798464088
1379382397528
2478894025304
1379315354008
2478826981784
1654193260952
2753704888728
1383610321304
2483121949080
1658488228248
1379127331224
2478638959000
1654005238168
2753516865944
1383422298520
2482933926296
1658300205464
2757811833240
1379395766680
2478907394456
1654257158808
2478558479704
1653924758872
2753436386648
1383341819224
2753768786584
1383674219160
2483185846936
1658552126104
2758063753880
2758066637156
1379382135140
2478893762916
1654260042084
2753771669860
2753704560276
1658487899796
2757999527572
1383609992852
2483121620628
1379046590100
2478558217876
1653924497044
2753436124820
1383341557396
1379311159652
2478822787428
2482938185304
1658304464472
2757816092248
1654272951700
2753784579476
1383690012052
2483201639828
2753773046372
1658567918996
2758079546772
1383678478948
2483190106724
1654277866920
2753789494696
1383694927272
2753503233428
2483206555048
1658572834216
2758084461992
1379046590104
2478558217880
1653924497048
2753436124824
1383341557400
2482853185176
1658219464344
2757731092120
1379315025560
2478826653336
1379109569956
2478621197732
1383404537252
2482916165028
1658282444196
2757794071972
1653987476900
2753499104676
2753499104936
1383404537512
2482916165288
1658282444456
2757794072232
2753701481108
1383606913684
2483118541460
1658484820628
2757996448404
1379043510932
2478555138708
1653921417876
2753433045652
1383338478228
1383408929380
2482920557156
1658286836324
2757798464100
1379382134100
2478893761876
1654260041044
2753771668820
1383677101396
2483188729172
1379327609236
2478839237012
1654205516180
2753717143956
1379127331236
2478638959012
1654005238180
2753516865956
1383422298532
2482933926308
1658300205476
2757811833252
1379395766692
2478907394468
1379109569960
2478621197736
1653987476904
1379383510612
2478895138388
1654261417556
2753773045332
1654206892692
2753718520468
1383623953044
2483135580820
1658501859988
2758013487764
1654189853336
2753701481112
1383606913688
2483118541464
1658484820632
2757996448408
1379378005608
2478889633384
1654255912552
2753767540328
1383672972904
2483184600680
1658550879848
2758062507624
2757727225512
2757744985684
2482920294824
1658286573992
2757798201768
1379127331240
2478638959016
1654005238184
2753516865960
1383422298536
2482933926312
1658300205480
2757811833256
1379395766696
2478907394472
2478626704040
1653992983208
2757731092132
1379315025572
2478826653348
1654192932516
2753704560292
1379046590116
2478558217892
1653924497060
2753436124836
1383341557412
1379382135144
2478893762920
1654260042088
2753771669864
1383677102440
2483188730216
1658555009384
2758066637160
1379046590120
2478558217896
1653924497064
2753436124840
1654272951704
2753784579480
1383690012056
2483201639832
1658567919000
2758079546776
1379383511656
2478895139432
1654261418600
2753773046376
1383678478952
2483190106728
1658556385896
2758068013672
1658233358952
2757744986728
2757728012964
1379043510948
2478555138724
1653921417892
2753433045668
1383338478244
2482850106020
1658216385188
1658484820644
2757996448420
1383338478248
2482850106024
1658216385192
2757728012968
1379311946408
2478823574184
1654189853352
1654260041048
2753771668824
1383677101400
2483188729176
1658555008344
2758066636120
1383627097684
2483138725460
1658505004628
2758016632404
1379063694932
2478575322708
1653941601876
2753453229652
1383358662228
2482870290004
1654205516184
2753717143960
1379383510616
2478895138392
1654261417560
2753773045336
1383678477912
1658556384856
1654206892696
2753718520472
1383623953048
2483135580824
1658501859992
2758013487768
2758016371044
1379331869028
2478843496804
2482870290008
1379063694936
2478575322712
1653941601880
2753453229656
1383358662232
1658236569176
2757748196952
1379332130392
1654273673828
2753785301604
1383690734180
2483202361956
1658568641124
2478575060372
1653941339540
2753452967316
1383358399892
2482870027668
1658236306836
2757747934612
1654193982040
2753705609816
1383611042392
2483122670168
2757728274776
1658488949336
2758000577112
1654209774932
2757996382548
2753701415252
1379311880532
2482850040148
1383606847828
2483118475604
1658484754772
1654189787476
2478823508308
1654009432408
2753521060184
1383426492760
2482938120536
1658304399704
2757816027480
2483189778776
1658556057944
1658568640084
2758080267860
1383426492772
2482938120548
1658304399716
2757816027492
1379043445092
2478555072868
1383627097700
2483138725476
1658505004644
2758016632420
1379063694948
2478575322724
1653941601892
2753453229668
1383358662244
2482870290020
1379043445096
2478555072872
1653921352040
2753432979816
1379311880552
2478823508328
1379311159700
2478822787476
1654189066644
2753700694420
1383606126996
1379063694952
2478575322728
1653941601896
2753453229672
1383358662248
1379379054932
2478890682708
2483185650264
1658551929432
2758063557208
1654209971876
2753721599652
1383627032228
2483138660004
1658504939172
2758016566948
1654189066648
2753700694424
1383606127000
2483117754776
1658484033944
2757995661720
1379331869032
2478843496808
1654209775976
2753721403752
1383626836328
2483138464104
1658504743272
2758016371048
1654273673832
2753785301608
1383690734184
2483202361960
1658568641128
2758080268904
2483185584532
1658551863700
2758063491476
1379110554004
2478622181780
1653988460948
2753500088724
1379043445140
2478555072916
1379043445144
2478555072920
1653921352088
2753432979864
1383338412440
2482850040216
1658216319384
2757727947160
1379383444820
2478895072596
1654261351764
2753772979540
1383678412116
2483190039892
1658556319060
2482921604436
1658287883604
2758067946836
1379382397588
2478894025364
1654260304532
2753771932308
1383677364884
2483188992660
1658555271828
2758066899604
1379113962132
2478625589908
1379315354020
2478826981796
1379383183780
2478894811556
1654261090724
2483118475684
1658484754852
2757996382628
2753705609636
1658556058020
1379043445160
2478555072936
1653921352104
2753432979880
1383338412456
2482850040232
1654257158820
2753768786596
1383674219172
2483185846948
1658552126116
2758063753892
1379383444824
2478895072600
1654261351768
2753772979544
1383678412120
2483190039896
1658556319064
2758067946840
1379115009368
2478626637144
2757816092260
1653991869080
2753503496856
1383408929432
2482920557208
1658286836376
2757798464152
1379382397592
2478894025368
1383626835288
2483138463064
1658504742232
1654189066660
2753700694436
1383606127012
2483117754788
1658484033956
2757995661732
1653920631208
2753432258984
1383337691560
2482849319336
1658215598504
2757727226280
1379311159720
2478822787496
1654189066664
2753700694440
1654257157780
2753768785556
1383674218132
2483185845908
1658552125076
2758063752852
1654209971880
2753721599656
1383627032232
2483138660008
1658504939176
2758016566952
1379383444836
2478895072612
1654261351780
2753772979556
1383678412132
2483190039908
1658556319076
2758067946852
1383409976676
2482921604452
1658555271844
2758066899620
1379382397604
2482920557220
1379113962148
2478625589924
1653991869092
2753503496868
1658282379864
2757794007640
2758000903528
1379115009384
2478626637160
1653992916328
2753504544104
1383409976680
2482921604456
1658287883624
2757799511400
1379383444840
2478895072616
1653991869096
2753503496872
1383408929448
2482920557224
1658286836392
2757798464168
1379382397608
2478894025384
1379315354024
2478826981800
1654193260968
2753704888744
1383610321320
2483121949096
1658488228264
2757999856040
1654257158824
2753768786600
1383674219176
2483185846952
1658552126120
2758063753896
1654272951716
2753784579492
1383690012068
2483201639844
1658567919012
2758079546788
2757799577252
2753448774228
1653937146452
1383354206804
2482865834580
1658232113748
2757743741524
1379315352984
2478826980760
1654193259928
1379379250840
2478890878616
1654257157784
2753768785560
1383674218136
2483185845912
1658552125080
2758063752856
1383408731476
2482920359252
1658286638420
2757798266196
2758066701652
1654260106580
2753771734356
1383677166932
1379382199636
2478893827412
1654260041060
2753771668836
1383677101412
2483188729188
1658555008356
2758066636132
1654205516196
2753717143972
1383622576548
2483134204324
1658500483492
2758012111268
2478895138404
1654261417572
2753773045348
1658556384868
2758068012644
1658501860004
2758013487780
1383694994024
2483206621800
1658572900968
2758084528744
1379131525460
2478893827416
1654260106584
2753771734360
1383677166936
2483188794712
2478890617428
1654256896596
2753768524372
1379332130452
2478843758228
1654210037396
2753721665172
1383627097748
2483138725524
1658505004692
2758016632468
2753516866136
1658484755032
2757996382808
1383405521496
2482917149272
1379378989656
2478890617432
1379131525732
2478643153508
1654009432676
2753521060452
1383426493028
2482938120804
1658304399972
2757816027748
1383673956964
2483185584740
1379043445352
2478555073128
1653921352296
2753432980072
1383338412648
2482850040424
1658216319592
1379063695000
2478575322776
1653941601944
2753453229720
1383358662296
2482870290072
1658236569240
2757748197016
1379332130456
2478843758232
1658500482452
2758012110228
1654193982052
2753705609828
1383338740068
2482850367844
1658216647012
2757728274788
1383611042404
1658488949348
2758000577124
1654272951720
2753784579496
1383690012072
2483201639848
1658567919016
2758079546792
2753520339288
1383425771864
1658303678808
2757815306584
1658286638436
2757798266212
1379382199652
2478893827428
1654260106596
2753771734372
1383677166948
2483188794724
1658555073892
2758066701668
1379110554260
2478622182036
1653988461204
2753500088980
1379043445400
2478555073176
1653921352344
2753432980120
1383338412696
2482850040472
1658216319640
2757727947416
2758000642644
1379316140628
2478827768404
1654194047572
2753705675348
1379047705172
2478559332948
1379399960932
2478911588708
1654277867876
2753789495652
1383694928228
2483206556004
1658572835172
2753504283300
1383338412708
2482850040484
1658216319652
2757727947428
1379110554276
2478890617508
1654256896676
1379332130468
2478843758244
1654210037412
2753721665188
1383627097764
2483138725540
1658505004708
2758016632484
1383611041364
2483122669140
1658216645972
2757728273748
2478839237032
1654205516200
2753717143976
1383622576552
2483134204328
1658500483496
2758012111272
1379043445416
1379047705176
2478559332952
1653925612120
2753437239896
1383342672472
2482854300248
1658220579416
2757732207192
1379316140632
2478827768408
1654206892712
2753718520488
1383623953064
2483135580840
1658501860008
2758013487784
1379131525480
2478643153256
1654009432424
2753521060200
1383426492776
2482938120552
1658304399720
2757816027496
1379399960936
2478911588712
1379063695016
1653938390632
2753450018408
2478575322792
1653941601960
2753453229736
1654189066836
2753700694612
1383606127188
2483117754964
1658484034132
2757995661908
1654205515160
2753717142936
1383622575512
2483134203288
1658500482456
1658287883668
2757799511444
2483190039956
2758067946900
1379383444884
2478895072660
1654261351828
2753772979604
1383678412180
1658556319124
1654209774948
2753721402724
1383626835300
2483138463076
1658504742244
2758016370020
1379316140644
2482854300260
1658220579428
2478827768420
1654194047588
2753705675364
1379047705188
2478559332964
1653925612132
1383611107940
1379115009432
2478626637208
1383690733156
2483202360932
1658568640100
2758080267876
1379047705192
2478559332968
1653925612136
2753437239912
1383342672488
2482854300264
1658220579432
2757732207208
1379316140648
2478827768424
2753722648984
1383628081560
2483139709336
1658505988504
2758017616280
1379109505636
2478621133412
1653987412580
2753499040356
1379115009444
2478626637220
1653992916388
2753504544164
1383409976740
2482921604516
1379379053908
2478890681684
1379115009448
2478626637224
1653992916392
2753504544168
1379331868008
2478843495784
2758062508692
1654209774952
2753721402728
1383626835304
2483138463080
1658504742248
1379110619560
2478622247336
1653988526504
2753500154280
1658283493800
2757795121576
1383610321236
2483121949012
1658488228180
2757999855956
1383341885780
2482853513556
1658219792724
2757731420500
1379394980180
2478906607956
1383689947476
2482917410388
1658283689556
2757795317332
1654257157716
2753768785492
1379379250772
2478890878548
1383674218068
1379379250852
2478890878628
1654256961896
2753768589672
2478558546264
1653924825432
2753436453208
1383341885784
2482853513560
1658219792728
2757731420504
2757999855960
2483121949016
1379315353944
1379113764244
2478625392020
1379110815320
2478622443096
1653988722264
2753500350040
1383405782616
2482917410392
1653991671188
2753503298964
2482916100712
1658282379880
2757794007656
1379131525524
2478643153300
1654009432468
2753521060244
1383426492820
1379399960980
2478911588756
1654277867924
2753789495700
1383694928276
1379113764248
2478625392024
1653991671192
1379379053912
2478890681688
1654256960856
2753768588632
1383674021208
2483185648984
1658551928152
2758063555928
1379131525528
2478643153304
1654009432472
2753521060248
1383426492824
2482938120600
1658304399768
2757816027544
1379399960984
2478911588760
1379378006680
2478889634456
1654193260900
2753704888676
1383610321252
2483121949028
1658488228196
2757999855972
1379046918500
2478558546276
1653924825444
2753436453220
1379316335956
2478827963732
1654005499220
2753517126996
1383355450708
2482867078484
1658233357652
2757744985428
1654206825812
2753718453588
1379316335960
2478827963736
1654194242904
2753705870680
1383611303256
2483122931032
1658489210200
2758000837976
1379060483416
2478572111192
1379110815332
2478622443108
1653988722276
2753500350052
1383405782628
2482917410404
1379379250788
2478890878564
1658283689572
2757795317348
1379396027748
2478907655524
1654273934692
2753785562468
1383690995044
2483202622820
1658568901988
2758080529764
1379060483428
2478572111204
1379043706216
2478555333992
1653921613160
2753433240936
1383338673512
2482850301288
1658216580456
2757728208232
1379312141672
2478823769448
1379315353000
2478826980776
1654193259944
2753704887720
1383610320296
2483121948072
1658488227240
2757999855016
1653937079636
2753448707412
1383354139988
2482865767764
1658232046932
2757743674708
1383622575444
2483134203220
1654257157800
1379113764260
2478625392036
1653991671204
2753503298980
1383408731556
2482920359332
1658286638500
1379110815336
2478622443112
1654194047636
2753705675412
1383611107988
2483122735764
1658489014932
2758000642708
1379047705236
2478559333012
1653925612180
2753437239956
1383354139992
2482865767768
1658232046936
2757743674712
1379327608152
2478839235928
1654205515096
2753717142872
1383622575448
2483134203224
1379131525540
2478643153316
1654009432484
2753521060260
1654277867940
2753789495716
1379399960996
1383694928292
1379113764264
2478625392040
1653991671208
2482937398612
1658303677780
2757815305556
1379047705240
2478559333016
1653925612184
2753437239960
1383342672536
2482854300312
1658220579480
2757732207256
1379316140696
2478827768472
1653925807508
2753437435284
1383342867860
2758000838036
1653992916372
2753504544148
1383409976724
2482921604500
1653921613208
2753433240984
1383338673560
2482850301336
1658216580504
2757728208280
1379312141720
2478823769496
1379131525544
2478643153320
1654009432488
2753521060264
1383426492840
2482938120616
1658304399784
2757816027560
1379399961000
2478911588776
1379127592356
2478639220132
1654005499300
2753517127076
1383422559652
2482934187428
1658287883684
2757799511460
1379060483492
2478572111268
1379043706280
2478555334056
1653921613224
2753433241000
1383338673576
2482850301352
1658216580520
2757728208296
1379312141736
2478823769512
1379109570132
2478621197908
1383404537428
2482916165204
1658282444372
2757794072148
1379328984740
2478840612516
1654206891684
1379327608164
2478839235940
1654205515108
2753717142884
1383622575460
2483134203236
1658500482404
2758012110180
2482854233764
1658220512932
1383422298708
2482933926484
1658300205652
2753767540312
1379378005592
2478889633368
1654255912536
1383404537432
2482916165208
1379109570136
2478621197912
1658282444376
2757794072152
2478559333028
1653925612196
2753437239972
1383342672548
2482854300324
1658220579492
2757732207268
1654194047652
2753705675428
1379047705252
1379327608168
2478839235944
1654211021220
2753722648996
1658300205656
2757811833432
1654273673816
2753785301592
1379127331416
1383690734168
2483202361944
1658568641112
2753705608804
1658551077480
2758062705256
1379047705256
2478559333032
1653925612200
2753437239976
1383342672552
1379316140712
2478827768488
1654008710488
2753520338264
1658505987476
2758017615252
1379333113236
2478844741012
1653987477092
2753499104868
1383404537444
2482916165220
1658282444388
2757794072164
1379378005604
2478889633380
1654255912548
2753767540324
1379311159908
2478822787684
1654205515176
2753717142952
1383622575528
2483134203304
1658500482472
1383404734104
2482916361880
2758012110248
1379127331428
2478638959204
1654005238372
2753516866148
1383422298724
2482933926500
1658300205668
2757811833444
1379395766884
2478907394660
1379109570152
2478621197928
1653987477096
1379127331432
2478638959208
1654005238376
2753516866152
1383422298728
2482933926504
1658300205672
2757811833448
1383611042452
2483122670228
1658488949396
2758000577172
1654211021224
2753722649000
1383628081576
2483139709352
1658505988520
2758017616296
1379131591316
2478643219092
1654193260948
2753704888724
1383610321300
2483121949076
1658488228244
2757999856020
1653924825492
2753436453268
1379110815380
2478622443156
1653988722324
2753500350100
1383405782676
2482917410452
1658283689620
2757795317396
1379379250836
2478890878612
1383611303508
2483122931284
1658489210452
2758000838228
1383678412372
1379110815316
2478622443092
1653988722260
2753500350036
1383405782612
1654193195348
1383610255700
1653924825496
1379383445080
2478895072856
1658572900948
2758084528724
1379110815384
2478622443160
1653988722328
2753500350104
1383405782680
1379396028004
2478907655780
1654273934948
2753785562724
1383690995300
2483202623076
1658568902244
2758080530020
1379316336228
2478827964004
1654211020184
2753722647960
1383628080536
2483139708312
1658505987480
2758017615256
1653921613416
2753433241192
1383338673768
2482850301544
1654256960868
2753768588644
1383674021220
2483185648996
1658551928164
2758063555940
2753515816340
1654274001508
2753785629284
1653992655460
2753504283236
2483201575252
1658567854420
2758079482196
1654272887124
2753784514900
2478638172500
1654004451668
2753516079444
1383421512020
2482933139796
1654193260964
2753704888740
1383610321316
2483121949092
1658488228260
2757999856036
2478558546340
1653924825508
2753436453284
2753722648212
1379115009684
2478626637460
1653992916628
2753504544404
1383409976980
2482921604756
1658287883924
2757799511700
2753521321620
1379043706520
2478555334296
1653921613464
2753433241240
1383338673816
1654189065816
2753700693592
1383606126168
2483117753944
1658484033112
2757995660888
2483201575268
1383689947480
2483201575256
1658567854424
2758079482200
1379110815396
2478622443172
1653988722340
2753500350116
1383405782692
2482917410468
1658283689636
2757795317412
1383674218148
2483185845924
1658552125092
2758063752868
2478895072932
1654261352100
2753772979876
1379115009700
2478626637476
1653992916644
1653924825512
2753436453288
1383341885864
2482853513640
1658219792808
1379043706536
2478555334312
1653921613480
2753433241256
1383338673832
2482850301608
1658216580776
2757728208552
1379312141992
2478823769768
1379059172756
2478570800532
1653937079700
2753448707476
1383354140052
2482865767828
1658232046996
2757743674772
1383622575508
2483134203284
1379126543764
2478638171540
1654004450708
2753516078484
1383421511060
2482933138836
1658299418004
2757811045780
2478889633428
1654255912596
1379115010660
2478626638436
1379110815400
2478622443176
1653988722344
2753500350120
1383405782696
2482917410472
1658283689640
2757795317416
1379379250856
2478890878632
2478826916184
1654193195352
2753704823128
1383610255704
2483121883480
1654277933656
2753789561432
1383694994008
2483206621784
1658572900952
2758084528728
1379059172760
2478570800536
1653937079704
2753448707480
1383354140056
2482865767832
1658232047000
2757743674776
1379327608216
2478839235992
1383689946452
2483201574228
1654260042132
2753771669908
1383677102484
2483188730260
1658555009428
2758066637204
1379042724436
2478554352212
1653920631380
2753432259156
1383337691732
2482849319508
1658215598676
2757727226452
1379311159892
2478822787668
1383678478996
2483190106772
1658567854436
2758079482212
1379126544740
2478638172516
1654004451684
1379394980196
2478906607972
1654272887140
2753784514916
1383689947492
1658555336344
1654009497252
2753521125028
1379378006696
2478889634472
1654255913640
2753767541416
1383672973992
2483184601768
1658550880936
2758062508712
1654189066840
2753700694616
1383606127192
2483117754968
1658484034136
2757995661912
1379126544744
2478638172520
1654004451688
2753516079464
1383421512040
2482933139816
1658299418984
2757811046760
1379394980200
2478906607976
2753767540372
1383672972948
2483184600724
1658550879892
2758062507668
1383404537492
2482916165268
1658282444436
2757794072212
1379378005652
1383622575524
2483134203300
1658500482468
2758012110244
1379327608228
2478839236004
1654205515172
2753717142948
1379059172772
2478570800548
1654272887144
2753784514920
1383689947496
2483201575272
1658567854440
2758079482216
1383623887444
2483135515220
1658501794388
2758013422164
1658568641172
2758080268948
1654005238420
2753516866196
1383422298772
2482933926548
1658300205716
2757811833492
1379109570200
2478621197976
1653987477144
1379059172776
2478570800552
1653937079720
2753448707496
1383354140072
2482865767848
1658232047016
2757743674792
1379327608232
2478839236008
1379378005656
2478889633432
1654255912600
2753767540376
1383672972952
2483184600728
1658550879896
2758062507672
1654005238424
2753516866200
1383422298776
2482933926552
1658300205720
2757811833496
1379395766936
2478907394712
2483117754980
2753700694628
1383606127204
1658484034148
2757995661924
1653920631396
2753432259172
1383337691748
2482849319524
1658215598692
1658555008408
2758066636184
2478906606936
1654272886104
2753784513880
1383689946456
2483201574232
1658567853400
1379382135192
2478893762968
1654260042136
2753771669912
1383677102488
2483188730264
1658555009432
2758066637208
1654189066856
2753700694632
1383606127208
2483117754984
1658484034152
2757995661928
1654261418648
2753773046424
1383678479000
2483190106776
1658556385944
2758068013720
2753499104932
1383404537508
2482916165284
1658282444452
2757794072228
2753767540388
1379109570212
2478621197988
1653987477156
1383672972964
2482869963108
1658236242276
2757747870052
1383359711844
2482871339620
1658237618788
2757749246564
1379127331492
2478638959268
1654005238436
2753516866212
2753785301668
1383690734244
1379109570216
2478621197992
1653987477160
1379328920152
2478840547928
1654206827096
2753718454872
1383623887448
2483135515224
1658501794392
2758013422168
1654005238440
2753516866216
1383422298792
2482933926568
1658300205736
2757811833512
1379395766952
2478907394728
1379395766932
2478907394708
1654273673876
2753785301652
1383690734228
2483202362004
1653942650452
2753454278228
1383359710804
2482871338580
1658237617748
2757749245524
1379316336296
2478827964072
1654194243240
2753705871016
1379333113252
2478844741028
1654211020196
2753722647972
1653988460884
2753500088660
1383405521236
2482917149012
2757795055956
1383337690788
1383606126180
2483117753956
2482853448100
1658219727268
2757731355044
1379126544788
2478638172564
1654004451732
2753516079508
1383421512084
2482933139860
1658299419028
2757811046804
1379131591332
1379126544792
1383358334296
2482869962072
1658236241240
2757747869016
1654273673880
2753785301656
1383690734232
1654193195364
2753704823140
1383610255716
2483121883492
1658488162660
2757999790436
2482871338584
1658237617752
2757749245528
1379400026724
2478911654500
2753436386708
1383341819284
2482853447060
1658219726228
2757731354004
1379046851988
1653988460888
2753500088664
1383405521240
1383607174484
2483118802260
1658485081428
2757996709204
1379043771732
2478555399508
1653921678676
2753433306452
1383338739028
2482850366804
1654189066900
2753700694676
1383606127252
2483117755028
1658484034196
2757995661972
1654193194324
2753704822100
1383610254676
2483121882452
1658488161620
2757999789396
2478638172580
1379126544804
1379400025684
2478911653460
1383694992980
2483206620756
1658572899924
2758084527700
2483122932136
1379043771736
2478555399512
1653921678680
2753433306456
1383338739032
2482850366808
1658216645976
2757728273752
1379312207192
2478823834968
1379311159960
2753700694680
1658484034200
2757995661976
1379126544808
2478638172584
1379394980264
2478906608040
2757743937896
2483190040148
1654004450724
2753516078500
2483184600740
1658550879908
1383421511076
2482933138852
1658299418020
2757811045796
1379378005668
2478889633444
1654255912612
2482866882900
1658233162068
2757744789844
1379060287828
2478571915604
1653938194772
2753449822548
1654193195368
2753704823144
1383610255720
2483121883496
1658488162664
2757999790440
1654277933672
1654272886116
2753784513892
1383689946468
2483201574244
1658567853412
2757728273764
2758079481188
1653921678692
2753433306468
1383338739044
2482850366820
1658216645988
1654260042148
2753771669924
1383677102500
2483188730276
1658555009444
2758066637220
1653920631460
2753432259236
1383337691812
2482849319588
1658215598756
2757727226532
1379311159972
2478822787748
1654189066916
2753700694692
1654261418660
2753773046436
1658556385956
2758068013732
1379115009636
2478626637412
1653992916580
2482921604708
1379312207208
2478823834984
1654190114152
2753701741928
1383607174504
2483118802280
1658485081448
1653920631464
2753432259240
1383337691816
2482867079844
1658233359012
2757744986788
2482849319592
1658215598760
2757727226536
1379311159976
1383610254680
1379315287384
2753789560408
1383694992984
2483206620760
1658572899928
2758084527704
1658287883876
2757799511652
2483190040164
1658556319332
2758067947108
2753504544356
1383409976932
1654261352036
2758066636180
1379382134164
2478893761940
1654260041108
2753771668884
1379063366996
2478574994772
1653941273940
2753452901716
1383358334292
2482869962068
1379115009640
2478626637416
1653992916584
2753504544360
1383409976936
2482921604712
1658287883880
2757799511656
1379383445096
2478895072872
1379378005672
2478889633448
1654255912616
2753767540392
1383672972968
2483184600744
1658550879912
2758062507688
1383355451028
2482867078804
1658233357972
2757744985748
2757744789848
1379060287832
2478571915608
2483138397528
1658504676696
2758016304472
1654209709400
2753721337176
1383626769752
1379063367000
2478574994776
1653941273944
2753452901720
1654272886120
2753784513896
1383689946472
2483201574248
1658567853416
2758079481192
2753718453844
1379328919124
1379382135208
2478893762984
1654260042152
2753771669928
1383677102504
2483188730280
1658555009448
2758066637224
1654193982100
2753705609876
1383338740116
1383623690580
2483135318356
1658501597524
2758013225300
2482850367892
1658216647060
2757728274836
1383355255124
1654261418664
2753773046440
1383678479016
2483190106792
1658556385960
2758068013736
1379328723288
1653938194776
2753449822552
1383355255128
2482866882904
1658233162072
1379382199892
2478893827668
1654260106836
1383607175508
2483118803284
1658485082452
2757996710228
1379312208212
2478823835988
2753721337188
1383626769764
2483138397540
1658504676708
2758016304484
1654260041112
2753771668888
1383677101464
2483188729240
1379382199896
2478893827672
1654260106840
1379042658900
2478554286676
1653920565844
1379328920168
2478840547944
2753721403812
1658504743332
2758016371108
1379331869092
2478843496868
1654209776036
1379131525720
2478643153496
1654009432664
2753521060440
1383426493016
2482938120792
1658304399960
2757816027736
2483202362020
1658568641188
2758080268964
1379395766948
2478907394724
1654273673892
1379328723300
2478840351076
1383623690596
2483135318372
1658501597540
2758013225316
1383359710820
2482871338596
1658237617764
2757749245540
1379328919128
2478840546904
1654206826072
2753718453848
1383623886424
2483135514200
1658501793368
1654193982104
2753705609880
1383611042456
2483122670232
1658488949400
2758000577176
1379060287848
2478571915624
1653938194792
2753449822568
1383355255144
2482866882920
1658233162088
2757744789864
2478625392228
1653991671396
2753503299172
1379382199908
1383408731748
2482920359524
1658286638692
2757798266468
2478893827684
1654260106852
2753500088676
1658283428196
2757795055972
1379110553956
1383626835348
2483138463124
1658504742292
2758016370068
1654190115160
2753701742936
1658572835428
2758084463204
1383607175512
1379312208216
2483118803288
1654190114196
2753701741972
1383607174548
2483118802324
1658485081492
2757996709268
1379043771796
2478555399572
1653921678740
2753433306516
2753433241940
1383338674516
2482850302292
1658216581460
2757728209236
1658489211220
2758000838996
2753500350804
1379110816084
2478622443860
1379383445848
2478895073624
1654261352792
1658283690328
1383695190360
2483206818136
1658573097304
1654190049624
1383405783384
2482917411160
1379131525736
2478643153512
1654009432680
2753521060456
1383426493032
2482938120808
1658304399976
2757816027752
1379399961192
2478911588968
1654256961940
2753768589716
1383674022292
1383605864024
2483185650068
1658551929236
2758063557012
1654190114200
2753701741976
1383607174552
2483118802328
1658485081496
1379383445860
2478895073636
1654261352804
2753772980580
1383678413156
2757728209252
1379110816100
2478622443876
1653988723044
2757795054932
1383405520212
1379312142696
2478823770472
1654209776040
2753721403816
1383626836392
2483138464168
1658504743336
2758016371112
1654273673896
1658282379924
2757794007700
2753785301672
1383690734248
2483202362024
1658568641192
2758080268968
1653942650472
2753454278248
1383359710824
2482871338600
1379383445140
2478895072916
1654261352084
2753772979860
1383678412436
2483190040212
1658556319380
2758067947156
1379046852004
1383341819300
2482853447076
1658219726244
2757731354020
2753784515160
1658237617768
2757749245544
1654255848020
2753767475796
1383672908372
2483184536148
1658550815316
2758062443092
1379115009688
2478626637464
1653992916632
2753504544408
1383409976984
2482921604760
1658287883928
2757799511704
1379383445144
2478895072920
1653942585748
2753454213524
1379333114260
2478844742036
1379115010452
2478626638228
1379043707288
2478555335064
1653921614232
2753433242008
1383338674584
2482850302360
1658216581528
2757728209304
1379312142744
2478823770520
1654209775000
2753721402776
1383626835352
1654190114212
2753701741988
1383607174564
2483118802340
1658485081508
2757996709284
1379043771812
2478555399588
1653921678756
2753433306532
1379115010468
2478626638244
1653992917412
1379043707304
1654193194340
2753704822116
1383610254692
2483121882468
1658488161636
2757999789412
1379400025700
2478911653476
1654277932644
2753789560420
1383409715812
2482921343588
1383694992996
1654190114216
2753701741992
1383607174568
2483118802344
1658485081512
2757996709288
1379399174484
2478910802260
1654277081428
2753788709204
1383694141780
2483205769556
1658572048724
2758083676500
2478642366804
1654008645972
1379398912616
2478910540392
1654276819560
2753788447336
1654256961944
2753768589720
1383674022296
2483185650072
1658551929240
2758063557016
1653988459864
2753500087640
1383405520216
2482917147992
1658283427160
2757795054936
1658300466516
2757812094292
1379399174488
2478910802264
2753504544420
1383678412452
2483190040228
1379383445156
1654277081432
2753788709208
1383694141784
2483205769560
1658556319396
2758067947172
2483122734424
2482916100760
1658282379928
2757794007704
1379331802516
2478843430292
1654209709460
2753721337236
1379060287844
2478571915620
1653938194788
1383626769812
2753449822564
1383355255140
2482866882916
1658233162084
2757744789860
1379115009704
2478626637480
1653992916648
2753504544424
1383409977000
2482921604776
1658287883944
2757799511720
1379383445160
2478895072936
2753503300196
1383408732772
2482920360548
1658286639716
2757798267492
1379331802520
2478843430296
1379377941080
2478889568856
1654255848024
2753767475800
1383672908376
1379315354196
2478826981972
1654193261140
2753704888916
1383610321492
2483121949268
1658488228436
2757999856212
2753436453460
1383341886036
1654206630292
2753718258068
1383623690644
2483135318420
1658501597588
2758013225364
1379060287892
2478571915668
1653938194836
2753449822612
2753520273764
1379130739044
2478642366820
1654008645988
1383425706340
2482937334116
1658303613284
1379399174500
2478910802276
1654277081444
1383355254100
2482866881876
1654008711572
2753520339348
1654193194344
2753704822120
1383610254696
2483121882472
1658488161640
2757999789416
1383426557604
2482938185380
1658304464548
2757816092324
1654277932648
2753789560424
1383694993000
1379046918744
2478558546520
1653924825688
2753436453464
1383341886040
2482853513816
1658219792984
2757731420760
1379315354200
2478826981976
1383354206868
2482865834644
1658232113812
2757743741588
1653938194840
2753449822616
1383355255192
2482866882968
1658233162136
2757744789912
1379328723352
2478840351128
1379130739048
2478642366824
1654008645992
2753520273768
1383425706344
2482937334120
1658303613288
2757815241064
1379399174504
2478910802280
1379113764500
2478625392276
1653991671444
2753503299220
1383408731796
2482920359572
1658286638740
2757798266516
1379382199956
2478893827732
2478893761956
1654260041124
1658572114260
2758083742036
2478574994852
1653941274020
2753452901796
1383358334372
2482869962148
1658236241316
2757747869092
1379331802532
2478843430308
1654209709476
2478839302740
2753773045412
1383622642260
2483134270036
1379327674964
1658500549204
2753717209684
1654009432724
2753521060500
1383426493076
2482938120852
1658304400020
2757816027796
1379113764504
2478625392280
1653991671448
1379063367080
2478574994856
1653941274024
2753452901800
1383358334376
2482869962152
1658236241320
2757747869096
1379331802536
2478843430312
1379113765480
2478625393256
1653991672424
2753503300200
1383408732776
2482920360552
1658286639720
2757798267496
1654009432728
2753521060504
1383426493080
2482938120856
1658304400024
2757816027800
1654193261156
2753704888932
1383610321508
2483121949284
1658488228452
2757999856228
1379046918756
2478558546532
1653924825700
2753436453476
1379328920148
2478840547924
1654206827092
2753718454868
1379060484692
2478572112468
1654206826084
2753718453860
1383623886436
2483135514212
1658501793380
1383623690660
2483135318436
1658501597604
2758013225380
1383338740132
2482850367908
1658216647076
2757728274852
1379328920164
2478840547940
1379046918760
2478558546536
1653924825704
2753436453480
1383341886056
2482853513832
1658219793000
1653938194856
2753449822632
1379059172948
2478570800724
1653937079892
2753448707668
1383354140244
2482865768020
1658232047188
2757743674964
1383622575700
2483134203476
1653938193752
2753449821528
1383355254104
2482866881880
1658233161048
2757744788824
1379113764516
2478625392292
1653991671460
2753503299236
1383408731812
2482920359588
1658286638756
2757798266532
1383677167268
2483188795044
1383628146008
2483139773784
1658506052952
2758017680728
1379312208228
2478823836004
1654190115172
2753701742948
1383607175524
2483118803300
1658485082468
2757996710244
1653937079896
2753448707672
1383354140248
2482865768024
1658232047192
2757743674968
1379327608408
2478839236184
1654205515352
2753717143128
1379131525796
2478643153572
1379399961252
2478911589028
1654260041128
2753771668904
1383677101480
2483188729256
1658555008424
2758066636200
1383338739092
2482850366868
1658216646036
2757728273812
1379042658916
2478554286692
1653920565860
2753432193636
1383337626212
2482849253988
1658215533156
2757727160932
2478910867800
1654277146968
2753788774744
1383694207320
1654206827156
2753718454932
1383623887508
2483135515284
1658501794452
2758013422228
1379060484756
2478572112532
1653938391700
2753450019476
1379043707544
2478555335320
1654205581912
1658556057940
2758067685716
2753717209688
1383622642264
2483134270040
1658500549208
2758012176984
1654009432744
2753521060520
1379399961256
2478911589032
1658300467876
2757812095652
1658568903332
2758080531108
2483122932388
1654009694884
2753521322660
1379060484772
2478572112548
1653938391716
2753701741908
1379043707560
2478555335336
1653921614504
2753433242280
1383338674856
2482850302632
1658216581800
2757728209576
1379312143016
2478823770792
1383611303592
2483122931368
1658489210536
2758000838312
1379328919144
2478840546920
1654206826088
1379042657876
2478554285652
1653920564820
2753718453864
1383623886440
2483135514216
1658501793384
1654205515364
2753717143140
1383622575716
2483134203492
1658500482660
2758012110436
1379059172964
2478570800740
1653937079908
1379059172968
2478570800744
1653937079912
2753448707688
2483118803304
1658485082472
2757996710248
1654009432660
2753521060436
1383426493012
2482938120788
1658304399956
2757816027732
1379131525716
2478643153492
1654256961956
2753768589732
1383674022308
2483185650084
1658551929252
2758063557028
1379110552932
2478622180708
1653988459876
1383425706388
2482937334164
1658303613332
2757815241108
1379130739092
2478642366868
1658572048788
2758083676564
1379399174548
2478910802324
1658551929448
2758063557224
1383404472996
2482916100772
1658282379940
2757794007716
1654190114136
2753701741912
1383607174488
2483118802264
1658485081432
1379130739096
2478642366872
1379399174552
2478910802328
1379042657880
1379109504660
2478621132436
1653987411604
2753499039380
2753705936212
1654193261204
1379130739108
2478642366884
2753437500760
1383342933336
2482854561112
1658220840280
2757732468056
2758000903512
1379316401496
2478828029272
1654194308440
2753705936216
1379379055016
2478890682792
1379046918808
2478558546584
2482917148008
1658283427176
2757795054952
1379130739112
2478642366888
1379399174568
2478910802344
1383404473000
2482916100776
1658282379944
2757794007720
2758079220072
1654256960920
2753768588696
1383674021272
2483185649048
1658551928216
2758063555992
1379377941096
2478889568872
1654255848040
2753767475816
1383672908392
2483184536168
2757811046996
1379126544980
2478638172756
1654004451924
2753516079700
1383421512276
2482933140052
1658299419220
1654194308452
2753705936228
1383611368804
2483122996580
1658489275748
2758000903524
1379315354276
2478826982052
1654193261220
2753704888996
1383610321572
2483121949348
1658488228516
2757999856292
1379126544984
2478638172760
1654004451928
2753516079704
1383421512280
2482933140056
1658299419224
2757811047000
1379394980440
2478906608216
1379047966056
2478559593832
1653925873000
2753437500776
1383342933352
2482854561128
1658220840296
2757732468072
1379316401512
2478828029288
1379046918824
2478558546600
1653924825768
2753436453544
1383341886120
2482853513896
1658219793064
2757731420840
1379315354280
2478826982056
1654205515412
2753717143188
1383622575764
2483134203540
1658500482708
2758012110484
1379394980248
2478906608024
1654272887192
2753784514968
1379059173016
2478570800792
1653937079960
2753448707736
1383354140312
2482865768088
1658232047256
2757743675032
1379327608472
2478839236248
1653937145492
2753448773268
1379126544996
2478638172772
1654004451940
2757811047012
1379399238996
2478910866772
1379126545000
2478638172776
1383359449428
2482871077204
1658237356372
2757748984148
2478576109908
1653942389076
2753454016852
1383627884884
2483139512660
1658505791828
1383622575780
2483134203556
1658500482724
2758012110500
2757743675044
1379327608484
2478839236260
1654205515428
2753717143204
1653942651540
1383627884888
2483139512664
1658505791832
2758017419608
2478844545368
1654210824536
1379113764456
2478625392232
1653991671400
2753503299176
1383408731752
1379059173032
2478570800808
1653937079976
2753448707752
1383354140328
2482865768104
1658232047272
2757743675048
1379327608488
2478839236264
1383338739108
2482850366884
1658216646052
2757728273828
2478907656804
1654277146984
2753788774760
1383694207336
2483205835112
1658572114280
2758083742056
1654205581928
2753717209704
1383622642280
2483134270056
1658500549224
2758012177000
1658232112792
2757743740568
1383606127268
2483117755044
2482871077220
2483139512676
1658505791844
2758017419620
1658237356388
2757748984164
2478554285668
1653920564836
2753432192612
1383337625188
2482849252964
1658215532132
2757727159908
1379064482152
2478576109928
1653942389096
2753454016872
1383359449448
2482871077224
1658237356392
2757748984168
1379332917608
2478844545384
2758079284888
1654209710424
2753721338200
1383626770776
2483138398552
1658504677720
2753437500820
1383342933396
2482854561172
1658220840340
2757732468116
1379316401556
2478828029332
1654194308500
2753705936276
1383611368852
1654211086936
2753722714712
1383628147288
2483139775064
1658506054232
2758017682008
1379047966104
2478559593880
1653925873048
2753437500824
1383342933400
2482854561176
1658220840344
2757732468120
1379316401560
2478828029336
2757996709224
2483117755048
1658484034216
2757995661992
1379310831956
2478822459732
1379042396500
2753431931220
1654188738900
2753700366676
1383605799252
2483117427028
1383689947736
2483201575512
1658567854680
2758079482456
2483206620776
1658572899944
2758084527720
1654273934676
2753785562452
1383690995028
2483202622804
1658568901972
2758080529748
2757995333976
2483117427032
1658483706200
1379126545044
2478638172820
1654004451988
1654004517460
2753516145236
1383421577812
2482933205588
2753516079764
1383421512340
2482933140116
2483122996644
1658489275812
2758000903588
1654194308516
2753705936292
1383611368868
2483122931096
2757995660952
2482934187352
1658300466520
2757812094296
1654004451992
2753516079768
1383421512344
2482933140120
1658299419288
2757811047064
1379394980504
2478906608280
1379047966120
2478559593896
1653925873064
2753437500840
1383342933416
2482854561192
1658220840360
2757732468136
1379316401576
2478828029352
1383672907364
2483184535140
1658550814308
2758062442084
1654205842836
1383693879912
2483205507688
1658571786856
2758083414632
1653992917668
2753504545444
1654193195416
2753704823192
1383610255768
2483121883544
1658488162712
2757999790488
1379400026776
2478911654552
2483206621848
1658572901016
2758084528792
1654188738916
2753700366692
1383605799268
2483117427044
1658483706212
2757995333988
2483190041188
2753772980836
1658556320356
2758067948132
1379043771988
2478555399764
1653921678932
2753433306708
1383338739284
2482850367060
1658216646228
2757728274004
1379312207444
2478823835220
1654256960936
2753768588712
1383674021288
2483185649064
1658551928232
1379127592292
2478639220068
1654005499236
2753517127012
1383422559588
2482934187364
1658300466532
2757812094308
1658483706216
2757995333992
1658299419300
1383689947812
2483201575588
1658567854756
2758079482532
1654004452004
2753516079780
1383421512356
2753433306712
1383338739288
2482850367064
1658216646232
2757728274008
1379312207448
2478823835224
1383607174744
2483118802520
1658485081688
2482921408856
1658287688024
2757799315800
1379127592296
2478639220072
1654005499240
2753517127016
1383422559592
2482934187368
1658300466536
2757812094312
1379396027752
2478907655528
1654004452008
2753516079784
1383421512360
2482933140136
1658299419304
2757811047080
1379394980520
2478906608296
1653942389140
2753454016916
1383359449492
2482871077268
1658237356436
2757748984212
1379383445076
2478895072852
1654261352020
2753772979796
2478889567848
1654255847016
2753767474792
1383672907368
2483184535144
1658550814312
2758062442088
1653942389144
2753454016920
1383359449496
2482871077272
1658237356440
2757748984216
1379332917656
2478844545432
2482921605800
1658287884968
2757799512744
2758012176980
1379312207460
2478823835236
2757815305636
1653921614164
2757810849108
2758079284564
1658567656788
1379126347092
1383689749844
2483201377620
1379394782548
2478906410324
1654272689492
1379059238564
2478570866340
1653937145508
2753448773284
1383354205860
2478906607000
1654272886168
2753784513944
1383689946520
2483201574296
1658567853464
2758079481240
1654261353064
2753772980840
1383678413416
2483190041192
1658556320360
2758067948136
1658216646248
2757728274024
1379312207464
2478823835240
1654190114408
2753701742184
1383607174760
1658485081704
2757996709480
1654272689496
2753784317272
1383689749848
2483201377624
1658567656792
2758079284568
2478844545444
1654210824612
1383627884964
2483139512740
1658505791908
2758017419684
1383358335396
2482869963172
2478576372388
1653942651556
2753454279332
1383359711908
2482871339684
1658237618852
1379064482216
2478576109992
1653942389160
2753454016936
1653941274196
2753452901972
1654209709652
2753721337428
1383626770004
2483138397780
1658504676948
1379063367252
2478574995028
1654206827160
2753718454936
1383623887512
2483135515288
1658501794456
2758013422232
2483138398564
1658504677732
2758016305508
2478574995032
1653941274200
2753452901976
1383358334552
2482869962328
1658236241496
1379333180004
2478844807780
1383674283432
2483185911208
1658552190376
2758063818152
1379394782564
2478906410340
1654272689508
2753784317284
1383689749860
2483201377636
1658567656804
2758079284580
1379126347108
2478637974884
1653942650516
2753454278292
1383359710868
2482871338644
2478571915860
1653938195028
1383355255380
2482866883156
1379328723540
2753433241944
1383338674520
2482850302296
1658216581464
2757728209240
1379126348116
2478637975892
1654004255060
2753515882836
1379126347112
2478637974888
1654004254056
2753515881832
1383421314408
2482932942184
1658299221352
1379331802452
2478843430228
1654209709396
2753721337172
1383626769748
2483138397524
1379060288088
2478571915864
1379328723544
2478840351320
1379063367268
2478574995044
1653941274212
2753452901988
1383358334564
2482869962340
1658236241508
2757747869284
1379331802724
2478843430500
1654205580904
2753717208680
1653941275048
2753452902824
1383358335400
2482869963176
1658236242344
2757747870120
2753700366740
1383605799316
2483117427092
1658483706260
2757995334036
2483122734696
1379063367272
2478574995048
1653941274216
2753452901992
1383358334568
2482869962344
1658236241512
2757747869288
1379331802728
2478843430504
1379311158948
2478822786724
2478822459800
1654188738968
2753700366744
1383605799320
2483117427096
1654209710440
2753721338216
1383626770792
2483138398568
1658504677736
2758016305512
1654211086952
2753722714728
1383628147304
2482853513812
1658219792980
2483139775080
1658506054248
2758017682024
1383355255396
2482866883172
1658233162340
2757744790116
1379328723556
2478840351332
1654206630500
2753718258276
1383623690852
2483135318628
2478559595176
1653925874344
2753437502120
1379127592344
2478639220120
1654005499288
2753517127064
1383422559640
2482934187416
1658300466584
2757812094360
2757999790500
1379060288104
2478571915880
1653938195048
2753449822824
1383355255400
2482866883176
1658233162344
1383694994084
2483206621860
1658572901028
1379331802456
2478843430232
1658483706276
2757995334052
1658215270820
2757726898596
1379310832036
2483139774040
1658506053208
2758017680984
1379043772052
2478555399828
1653921678996
2753433306772
1383338739348
2482850367124
1658216646292
2757728274068
1658287688036
2757799315812
1658568902052
2758080529828
1658300466596
2757812094372
2757995334056
1658299484772
2757811112548
2482850367128
1658216646296
2757728274072
1379311158952
2478822786728
1654189065896
1379127592360
2478639220136
1654005499304
2753517127080
1383422559656
2482934187432
1658300466600
2757812094376
2758000839080
1658233162132
2757744789908
1654193195432
2753704823208
1383610255784
2483121883560
1658488162728
1654277933736
2753789561512
1383694994088
2483206621864
1658572901032
2758084528808
1379327936856
2478839564632
1379043772068
2478555399844
1653921679012
2753433306788
1383338739364
2482850367140
1654206630228
2753718258004
1379394782612
2478906410388
2753520273748
1383425706324
2482937334100
1383677168212
2483188795988
1383409976996
2482921604772
1658287883940
2757799511716
1658485081768
2757996709544
2757799315816
2478642367060
1654008646228
2753520274004
1383425706580
2482937334356
1658303613524
2757815241300
2483205769812
1658572048980
2482865769044
1658232048212
2757743675988
1654193194392
1379126347160
2478637974936
1654004254104
2753515881880
1383421314456
2482932942232
1654277932696
1379130739288
2478642367064
1654008646232
2753520274008
1383425706584
2482937334360
1658303613528
2757815241304
2753772979812
1383678412388
2753717470616
1379063367316
2478574995092
1653941274260
2753452902036
1383358334612
2482869962388
2478571129188
1379063367320
2478574995096
1653941274264
2753452902040
1383358334616
2482869962392
1658236241560
2757747869336
1379331802776
2478843430552
2753449036136
2482920360600
1658286639768
2757798267544
1383421314468
2482932942244
1658299221412
2757810849188
1379126347172
2478637974948
1654004254116
1658567656868
2758079284644
1654272886184
2753784513960
1383689946536
2483201574312
1658567853480
2758079481256
1379328919188
2478840546964
1383355255444
2482866883220
1658233162388
2757744790164
1379328723604
2478840351380
1654206630548
2753718258324
1383623690900
2483135318676
2478840351064
1379130739300
2478642367076
1654008646244
2753520274020
1383425706596
2482937334372
1658303613540
2757815241316
2757815241048
1379130739032
2478642366808
1654008645976
2753520273752
1379126347176
1379060288152
2478571915928
1653938195096
2753449822872
1383355255448
2482866883224
1658233162392
2757744790168
1379328723608
1379059173976
1379312208276
2478823836052
1653941274276
2753452902052
1383358334628
2482869962404
1658236241572
2757747869348
1654209709732
2753721337508
1379063367332
2478574995108
1654261352040
2753772979816
1383678412392
2483190040168
1658556319336
2758067947112
1379328920232
2478840548008
1654206827176
2753718454952
1383623887528
2483135515304
1379063367336
2478574995112
1653941274280
2753452902056
1383358334632
2482869962408
1379331802792
2478843430568
1379063367076
1653938195108
2753449822884
1383355255460
2482866883236
1658233162404
2757744790180
2478840351396
1654206630564
2753718258340
1383623690916
1383359710884
2482871338660
1658237617828
2757749245604
2753772784292
1379060222628
2478571850404
1653938129572
2753449757348
1654206826136
2753718453912
1383623886488
2483135514264
1658501793432
2758013421208
1379328723624
2478840351400
1379333178980
2478844806756
2753500088740
2482871338404
1383341886052
2482853513828
1658219792996
2757731420772
2753449036180
1383354468756
2482866096532
1658232375700
2757744003476
1379327936916
2478839564692
1379331802472
2478843430248
1654209709416
2753721337192
1383626769768
2483138397544
1658504676712
2758016304488
1654256961960
2753768589736
2758012110504
1379333178984
2478844806760
1654211085928
2753722713704
1383628146280
2483139774056
1658506053224
2758017681000
1379059501464
2478571129240
1653937408408
1383354468760
2482866096536
1658232375704
2757744003480
1379327936920
2478839564696
1379315026260
2478826654036
1379046590804
2478558218580
2758013421160
1658304660820
2757816288596
1379131786580
2478643414356
1654009693524
1653924497752
2753436125528
1383341558104
2482853185880
1658219465048
2757731092824
1379315026264
2478826654040
1379130739348
2478642367124
2757731420776
1654008646296
2753520274072
1383425706648
2482937334424
1658303613592
2757815241368
1379327936932
2478839564708
1658286639780
2757798267556
1653937408424
2753449036200
1383354468776
2482866096552
1658232375720
2757744003496
1379327936936
2478839564712
1379377941144
2478889568920
1654255848088
2753767475864
1653924497764
2753436125540
1383341558116
2482853185892
1658219465060
2757731092836
1379315026276
2478826654052
1383341885016
2482853512792
1658219791960
2478559594068
1653925873236
2753437501012
1383342933588
2482854561364
1658220840532
1383611369044
2483122996820
1658489275988
2758000903764
2757815241060
2757816288612
1379131786596
2478643414372
1654009693540
2753521321316
1383426753892
2482938381668
1658304660836
1654278128996
2753789756772
1653924497768
2753436125544
1383341558120
1658505725352
2758017353128
1383425706660
2482937334436
1658303613604
2757815241380
2753788709540
1383694142116
1383354141284
2482865769060
1658232048228
1654193194408
2753704822184
1383610254760
2483121882536
1658488161704
2757999789480
1653925873240
2753437501016
1379316401752
2478828029528
1654194308696
2753705936472
1383611369048
2483122996824
1658489275992
2758000903768
1654277932712
2753789560488
1383694993064
2483206620840
1658572900008
2758084527784
1379131786600
2478643414376
1654009693544
2753521321320
1383426753896
2482938381672
1658304660840
2757816288616
1379400222056
2478911849832
1654008646312
2753520274088
1383425706664
2482937334440
1658303613608
2757815241384
1379399174824
2478910802600
1383425705300
2482937333076
1658303612244
2757815240020
1383355255208
2482866882984
1658233162152
2757744789928
2482920360616
1658286639784
2757798267560
1379047966308
2478559594084
1653925873252
2753437501028
1383342933604
2482854561380
1658220840548
2757732468324
1379316401764
2478828029540
1379328919204
2478840546980
1383623886500
2483135514276
1658501793444
2758013421220
1658571851092
2482937136468
1658303415636
2757815043412
2753520076116
1383425508692
1654008448340
1379130541396
2478642169172
2483205571924
1654206630248
2753718258024
1383623690600
1379047966312
2478559594088
1653925873256
2753437501032
1383342933608
2482854561384
1658220840552
2757732468328
1379316401768
2478828029544
1379382200936
2478893828712
1654260107880
2753771735656
1383677168232
2483188796008
1658555075176
2758066702952
1383425508696
2482937136472
1658303415640
2757815043416
1379312208292
2478823836068
2753503299224
1383408731800
2482920359576
1658286638744
2757798266520
2478555333988
1653921613156
2753433240932
1383338673508
2482850301284
1658216580452
1658215533220
2757727160996
1654277147032
2753788774808
1383694207384
2483205835160
1658572114328
2758083742104
1654205581976
2753717209752
1383622642328
2483134270104
1658500549272
2758012177048
1379059172952
2478570800728
1379312207252
2478823835028
1379311094372
2478822722148
1379398976868
2478910604644
1654276883812
2753788511588
1383693944164
2483205571940
1658571851108
2758083478884
1379130541412
2478642169188
1658237356628
2482871077460
2757748984404
2478576110164
1653942389332
2753454017108
1379064482388
1379332917844
2478844545620
1654206826152
2753718453928
1383623886504
2483135514280
1658501793448
2758013421224
2482932943188
1658299222356
2757810850132
1379130541416
2478642169192
1654008448360
2753520076136
1383425508712
2482937136488
1658303415656
2757815043432
1379064482392
2478576110168
2757748984408
1658500811176
2758012438952
2753700628052
1383606060628
2753701743016
1383607175592
2483118803368
1658485082536
2757996710312
2478826654100
1658304660884
2757816288660
1379131786644
2478643414420
1654009693588
2753521321364
1383426753940
2482938381716
1658300533076
2757812160852
1658505792100
2758017419876
1654210824804
1379064482404
2478576110180
1653942389348
2753454017124
1383359449700
2482871077476
1383342934696
2482854562472
1658220841640
2757732469416
1379131786648
2478643414424
1654009693592
2753521321368
1383426753944
2482938381720
1658304660888
2757816288664
2757996709272
1658551862628
2758063490404
1379064482408
2478576110184
1653942389352
2753454017128
1383359449704
2482871077480
1658237356648
2757748984424
1379332917864
2478844545640
1379046590884
2478558218660
1653924497828
1383609993636
1379311093336
1383606060632
2483117688408
1379047966356
2478559594132
1653925873300
2753437501076
1383342933652
2482854561428
1658220840596
2757732468372
1658304660900
2757816288676
1379131786660
2478643414436
1654009693604
2753521321380
1383426753956
2482938381732
1379047966360
2478559594136
1653925873304
1383672907412
2483184535188
2753437501080
1383342933656
2482854561432
1658220840600
2757732468376
1379131786664
2753722648936
2478643414440
1654009693608
2753521321384
1383426753960
2482938381736
1658304660904
2757816288680
1654277868120
2753789495896
1383694928472
2483206556248
1658572835416
2758084463192
1379042396756
2478554024532
1653920303700
2753431931476
1383337364052
2482848991828
1658215270996
2757726898772
1654188739156
2753700366932
1379378988392
2478890616168
1654256895336
2753768523112
1383673955688
1379063695700
2478575323476
2483190041236
1379377941160
2478889568936
1654255848104
2753767475880
1383672908456
2483184536232
1658550815400
2758062443176
2483202623060
1658568902228
1379042396760
2478554024536
1653920303704
2753431931480
1658215271000
2757726898776
1379310832216
2478822459992
1654188739160
1383337364056
1379063695704
2478575323480
2483122996900
1379047966372
2478559594148
1653925873316
2753437501092
1383342933668
2482854561444
1658220840612
2757732468388
1658489276068
2753436452456
1383341885032
2482853512808
1658219791976
2757731419752
1658571851156
2758083478932
1658568902232
2758080530008
1379047966376
2478559594152
1653925873320
2753437501096
1383342933672
2482854561448
1658220840616
2757732468392
1379130541464
2478642169240
1654008448408
2753520076184
1383425508760
2482937136536
1658303415704
2757815043480
1654255847064
2753767474840
1383672907416
2483184535192
1658550814360
2758062442136
1383425705316
2482937333092
1658303612260
2757815240036
2753700366948
1383605799524
2483117427300
1658483706468
2757995334244
2483134270116
2753717209764
1658500549284
2758012177060
1383611370088
2483122997864
1658489277032
2758000904808
1379063695716
1383354140260
2482865768036
1658232047204
2757743674980
1654261353112
2753772980888
1383678413464
2483190041240
1658556320408
2758067948184
1379130541476
2478642169252
1654008448420
2753520076196
1383425508772
2482937136548
1658303415716
2757815043492
1379042462052
2478554089828
1653920368996
2753431996772
1383627885204
1379064482452
2478576110228
1653942389396
2753454017172
1383359449748
2482871077524
1658237356692
2757748984468
2483139512980
1379130541480
2478642169256
1654008448424
2753520076200
1383425508776
2482937136552
1658303415720
2757815043496
1379064482456
2478576110232
1653942389400
2753454017176
1383359449752
2482871077528
1658237356696
2757748984472
1379332917912
2478844545688
1379113764520
1379331803540
2478843431316
1383337428308
2482849056084
1658215335252
2757726963028
1383359645268
2482871273044
1654205581992
2753717209768
1383622642344
2483134270120
1658500549288
2758012177064
1383689750100
2483201377876
1658567657044
2758079284820
1383354140264
2482865768040
1658232047208
2757743674984
1379312207268
2478823835044
1379394782808
2478906410584
1379064482468
2478576110244
1653942389412
2753454017188
1383359449764
1379332917924
2478844545700
1654210824868
1379047967060
2478559594836
1653925874004
2753437501780
1383342934356
2482854562132
1658556123812
2758067751588
2482866817700
1654277146008
2753788773784
1383694206360
2483205834136
1658572113304
2758083741080
1379064482472
2478576110248
1379327674008
2478839301784
1654205580952
2753717208728
1383622641304
2483134269080
1658500548248
2758012176024
1379311093348
2478822721124
1379394782820
2478906410596
1654272689764
2753784317540
1383689750116
2483201377892
1658567657060
2758079284836
1379042461016
2478554088792
1653920367960
1654211087000
2753722714776
1383628147352
2483139775128
1658506054296
2758017682072
1379394782824
2478906410600
1383606846804
1658484753748
1379043444052
2478555071828
1653921350996
2753432978772
1383338411348
2482850039124
1658216318292
1658215271060
2757726898836
1379310832276
2478822460052
1654188739220
2753700366996
1383605799572
2483117427348
1658483706516
2757995334292
1654210038164
2753721665940
1383627098516
2483138726292
1658505005460
2758016633236
1379063695764
2478575323540
1653941602708
2753453230484
1658572834388
2758084462164
1654277867092
2753789494868
1383674022312
2483185650088
1658551929256
2758063557032
1658484753752
2757996381528
1379311879512
2478823507288
1654189786456
2753701414232
1379043444056
2478555071832
1653921351000
2753432978776
1379396028052
2478907655828
1654273934996
2753785562772
1658568902292
2758080530068
1383690995348
2483202623124
1379127592596
2478639220372
2753700367000
1383605799576
2483117427352
1658483706520
2757995334296
1658299484820
2757811112596
1653941602712
2753453230488
1383358663064
2482870290840
1658236570008
2757748197784
1379127592600
2478639220376
1654005499544
2753517127320
1383422559896
2482934187672
1658300466840
2757812094616
1379396028056
2478907655832
1654261156180
2753772783956
2758062442148
1383672907428
2483184535204
1658550814372
2753449757012
1383355189588
2482866817364
1658233096532
2758000838040
1654277868136
2753789495912
1383422626152
2482934253928
1658300533096
2757812160872
1383694928488
2483206556264
1658572835432
2758084463208
2483118474596
1658484753764
2757996381540
1379043444068
2478555071844
1653921351012
2753432978788
1383338411364
2482850039140
1658216318308
1379042396836
2478554024612
1653920303780
2753431931556
1383337364132
2482848991908
1658215271076
1383605799588
2483117427364
1658483706532
1379332131236
2478843759012
1654210038180
2753721665956
1383627098532
2483138726308
1658505005476
2758016633252
1654261353124
2753772980900
1658556320420
2758067948196
2757727946088
1379311879528
2478823507304
1654189786472
2753701414248
1383606846824
2483118474600
1658484753768
2757996381544
1379396028068
2478907655844
1654273935012
2753785562788
1383690995364
2483202623140
1658568902308
2758080530084
1658483706536
2757995334312
1653941602728
2753453230504
1383358663080
2482870290856
1658236570024
2757748197800
1379332131240
2478843759016
2757799315864
1379127592616
2478639220392
1654005499560
2753517127336
1383422559912
2482934187688
1658300466856
2757812094632
1379396028072
2478907655848
1654205777256
1654255847080
2753767474856
1383672907432
2483184535208
1658550814376
2758062442152
2753717471828
1383622904404
1658500811348
2483134532180
2758012439124
1654205844052
1379327937108
2478839564884
1654272952920
2753784580696
1383690013272
2478571850072
1379059501656
2478571129432
1653937408600
2753449036376
1383354468952
2482866096728
1658232375896
2757744003672
1379327937112
2478839564888
1658299221652
2757810849428
1379394782868
2478906410644
1654272689812
2753784317588
1383689750164
2483201377940
1658567657108
2758079284884
1379383446184
2478895073960
1654261353128
2753772980904
1383678413480
2483190041256
1658556320424
2758067948200
2483205834148
1658572113316
2758083741092
1379126347416
2478637975192
1654004254360
2753515882136
1383421314712
2482932942488
1658299221656
2757810849432
1379394782872
2478906410648
2758012176036
2482870028884
1658236308052
2757747935828
1654205844068
2753717471844
1383622904420
2483134532196
1658500811364
2758012439140
1379059501668
2478571129444
1653937408612
2753449036388
1654261352088
2753772979864
1383678412440
2483190040216
1658556319384
2758067947160
1383626770852
2483138398628
1658504677796
2758016305572
1379059501672
2478571129448
1653937408616
2753449036392
1383354468968
2482866096744
1658232375912
2757744003688
1379327937128
2478839564904
1658550815336
2758062443112
1379126347428
2478637975204
1654004254372
2753515882148
1383421314724
2482932942500
1658299221668
1379394782884
2478906410660
1654272689828
1653988723028
1383405783380
2482917411156
1658283690324
2757795318100
1379379251540
2478890879316
1654257158484
2753768786260
1383674218836
1379126347432
2478637975208
1654004254376
2753515882152
1383421314728
2482932942504
1658299221672
2757810849448
1379394782888
2478906410664
2483138397588
1658504676756
2758016304532
2478910866856
1654277146024
2753788773800
1383694206376
2483205834152
1658572113320
2758083741096
2757795318104
1379110816088
2478622443864
1653988723032
2753500350808
2483185846616
1658552125784
2758063753560
1379379251544
2478890879320
2753701677400
1658485016920
2757996644696
2478839301800
1654205580968
2753717208744
1383622641320
2483134269096
1658500548264
2758012176040
2482850039188
1658216318356
2757727946132
2757996381588
1379311879572
2478823507348
1654189786516
1654189786520
2753701414296
1383606846872
2483118474648
1658484753816
2757996381592
1379331803560
2478843431336
1654209710504
2753721338280
2483185912472
1658552191640
2758063819416
1383626770856
2483138398632
1658504677800
1654211087016
2753722714792
1383628147368
2483139775144
1658506054312
2758017682088
2753500350820
1658552125796
2758063753572
1379379251556
2478890879332
1654257158500
2753768786276
1383674218852
2483185846628
2753722452328
1379110816104
2478622443880
1653988723048
2753500350824
1383405783400
2482917411176
1658283690344
2757795318120
1379131524772
2478643152548
1654009431716
2753521059492
1654209709464
2753721337240
1383626769816
2483138397592
1658504676760
2758016304536
1379043444132
2478555071908
1653921351076
2753432978852
1383338411428
2482850039204
1658216318372
2757727946148
1379311879588
2478823507364
1383628146328
2753504348580
1653992720804
1654189786536
2753701414312
1383606846888
2483118474664
1658484753832
2757996381608
1654256896408
2753768524184
1383673956760
2483185584536
1658551863704
2758063491480
1379109570900
2478621198676
1653987477844
2753499105620
1383404538196
2482916165972
1658282445140
2757794072916
1379378006356
2478889634132
1383689947544
2483201575320
1658567854488
2758079482264
2483206620584
1658572899752
2758084527528
1383408667236
2482920295012
1658286574180
2482921407892
1379109570904
2478621198680
1653987477848
2753499105624
2482916165976
1658282445144
2757794072920
1379378006360
2478889634136
1379059501716
2478571129492
1379327937172
2478839564948
1654193261144
2753704888920
1383610321496
2483121949272
1658488228440
2757999856216
2753450083672
1383355516248
2482867144024
1658233423192
2757745050968
1379060548952
2478572176728
1653938455896
1379328984408
2478840612184
1379059501720
2478571129496
1379327937176
2478839564952
1383404537192
2482916164968
1379046591060
2478558218836
1653924498004
2482853186132
1658219465300
2757731093076
1379315026516
2478826654292
1654192933460
2753704561236
1379328723348
2478840351124
1383690012244
2483201640020
1658567919188
2758079546964
1654272951892
2753784579668
1379382200980
2478893828756
1658555075220
2758066702996
2483206555240
1379046591064
1383409781160
2482921408936
1658287688104
2757799315880
1383354141332
2482865769108
1658232048276
2757743676052
2483184601444
1658550880612
2758062508388
2757794072932
1379109570916
2478621198692
1653987477860
1379378006372
2478889634148
1654255913316
2758084724312
1379400222296
2478911850072
1654278129240
1379060548964
2478572176740
1653938455908
1379328984420
2478840612196
1379109570920
2478621198696
1653987477864
2753499105640
1383404538216
1379059501732
2478571129508
1653937408676
2753449036452
1383354469028
2482866096804
1658232375972
2757744003748
1379327937188
2478839564964
1654272952936
2753784580712
1383690013288
2483201641064
1658567920232
2758079548008
2483206884008
1658573163176
2758084790952
2482920295016
1658286574184
2757798201960
1379328984424
2478840612200
1379059501736
2478571129512
1379327937192
2478839564968
2478638237336
1654004516504
2753516144280
1383421576856
2482933204632
1658299483800
2757811111576
1383609993828
2483121621604
1658487900772
1379046591076
2478558218852
1654261155160
2753772782936
1383678215512
2483189843288
1658556122456
2758067750232
1379400222308
2478911850084
1379046591080
2478558218856
1653924498024
2753436125800
1383341558376
1654206630296
2753718258072
1383623690648
2483135318424
1658501597592
2758013225368
1654272951896
2753784579672
1383690012248
2483201640024
1658567919192
2758079546968
2482917411220
1658283690388
2757795318164
2478622443924
1653988723092
1383405783444
1379382200984
2478893828760
1654260107928
2753771735704
1383677168280
1654190049636
2753701677412
1383607109988
2483118737764
1658286573144
2757798200920
1379400222312
2478911850088
2757795318168
1658572048728
2758083676504
1654261352104
2753772979880
1383678412456
2483190040232
1658556319400
2758067947176
1653988723108
2753500350884
1379110816164
2478622443940
1383405783460
2482917411236
1658283690404
2757795318180
1379379251620
2478890879396
2753721337252
1658504676772
2758016304548
1379398977112
2478910604888
1379110816168
2478622443944
1653988723112
2753500350888
1383405783464
2482917411240
1658283690408
2757795318184
1379333179044
2478844806820
1658283493972
2757795121748
2753768524196
1383693944420
2483205572196
1379312141656
2478823769432
1379398977124
2757794071912
1379109570964
2478621198740
1653987477908
2753499105684
1383404538260
2482916166036
1658282445204
2757794072980
2753452967512
2478642169448
1654008448616
2753520076392
1383425508968
2482937136744
1658303415912
2757815043688
1379398977128
2478910604904
1658551862676
2758063490452
1654256895380
2478890616212
2753768523156
1379315354212
2478826981988
1379060549012
2478572176788
1653938455956
2753450083732
1383355516308
2482867144084
1658233423252
2757745051028
1379328984468
2478840612244
1379109570968
2478621198744
1653987477912
2753499105688
1383404538264
1383628146344
2483139774120
1658506053288
2758017681064
1379060549016
2478572176792
1653938455960
2753450083736
1383355516312
2482867144088
1658233423256
2757745051032
1379328984472
2478840612248
2757732140372
1658488948052
2758000575828
1379046591124
2478558218900
1653924498068
2753436125844
1383341558420
2482853186196
1658219465364
2757731093140
1379315026580
2478826654356
1654193260116
1383426754196
2482938381972
1658304661140
2757816288916
2753789757076
2753704887892
1383610320468
2483121948244
1658488227412
1383695189652
1379046591128
2478558218904
1653924498072
2753436125848
1383341558424
1383404538276
2482916166052
1658282445220
2757794072996
1379109570980
2478621198756
1653987477924
2753499105700
1379378006436
2478889634212
1379400222360
2478911850136
1383677167976
2483188795752
1658555074920
2758066702696
1379060549028
2478572176804
1653938455972
2753450083748
1379328984484
2478840612260
1379109570984
2478621198760
1653987477928
2482920359528
1658286638696
2757798266472
1654256895384
2753768523160
1383673955736
2483185583512
1658551862680
2758063490456
1379315354216
2478826981992
1654193261160
2753704888936
1383610321512
2483121949288
1658488228456
2757999856232
1379060549032
2478572176808
1653938455976
2753450083752
1383355516328
2482867144104
1658233423272
2757745051048
1379328984488
2478840612264
1379047638372
2478559266148
1653925545316
2753437173092
1383342605668
2482854233444
1658220512612
2757732140388
1379316073828
2478827701604
2483121621668
1658487900836
2757999528612
2753772782948
1383678215524
1379046591140
2478558218916
1383677101672
2753436452504
1383341885080
2482853512856
2753784579684
1383690012260
2483201640036
1658567919204
2758079546980
1658219792024
2757731419800
1379060221284
1383677168292
2483188796068
1658555075236
2758066703012
2478571849060
1653938128228
2753449756004
1379047638376
2478559266152
1653925545320
2753437173096
1383342605672
2482854233448
1658220512616
2757732140392
1379316073832
2478827701608
1383426754212
2482938381988
1658304661156
2757816288932
1379131786916
2478643414692
1654009693860
2753521321636
1379400222372
2478911850148
1379046591144
2478558218920
1653924498088
2753436125864
1383341558440
2478570801828
1653937080996
2753448708772
1383354141348
2482865769124
1658232048292
1654193260120
2753704887896
1383610320472
2483121948248
1658488227416
2757999855192
1379131786920
2478643414696
1654009693864
2753521321640
1383426754216
2482938381992
1658304661160
2757816288936
1379400222376
2478911850152
2753788709220
1383694141796
2483205769572
1658572048740
2758083676516
1379327609444
2478839237220
1658303612308
2757815240084
1654260106900
2753771734676
1383677167252
2483188795028
1658555074196
2758066701972
1654210038356
1379063695956
2478575323732
1653941602900
2753453230676
1383358663252
2482870291028
1658236570196
2757748197972
1379332131412
1379063695960
2478575323736
1653941602904
2753453230680
1383358663256
2482870291032
1658236570200
2757748197976
1379332131416
2478843759192
1658500482644
2758012110420
1654205515348
2753717143124
1379327608404
2478839236180
2483205572244
1658571851412
2758083479188
1383337429396
2482849057172
1658215336340
2757726964116
1654272951912
2753784579688
1383690012264
2483201640040
1658567919208
2758079546984
1379382201000
2478893828776
1654260107944
2753771735720
1383677168296
2483188796072
1658555075240
2758066703016
1379398977176
2478910604952
2757995399508
1379310897492
2478822525268
1654188804436
2753700432212
1383605864788
1654277081448
2753788709224
1383694141800
2483205769576
1658572048744
2758083676520
1383628081748
2483139709524
1658505988692
2758017616468
1654211021396
2753722649172
2483138726500
1658505005668
2758016633444
1379063695972
2478575323748
1653941602916
2753453230692
1383358663268
2482870291044
1658236570212
1379382199960
2478893827736
1654260106904
2753771734680
1383677167256
2483188795032
1658555074200
2758066701976
1379063695976
2478575323752
1653941602920
2753453230696
1383358663272
2482870291048
1658236570216
2757748197992
1379332131432
2478843759208
2753520076452
1383425509028
2482937136804
1658303415972
2757815043748
2483205572260
1658571851428
2758083479204
1654277080408
2753788708184
1383694140760
2483205768536
1658572047704
2758083675480
1383622575704
2483134203480
1658500482648
2758012110424
1658556320084
2758067947860
1379115010388
2478626638164
1653992917332
2753504545108
1379383445844
2478895073620
1654261352788
2482921605460
1379130541736
2478642169512
1654008448680
2753520076456
1383425509032
2482937136808
1658303415976
2757815043752
1379398977192
2478910604968
2482921605464
1658287884632
2757799512408
2753772980568
1383678413144
2483190040920
1658556320088
2758067947864
1379115010392
2478626638168
2478822525272
1654188804440
2753700432216
1383605864792
2483117492568
1658483771736
2757995399512
1654193980820
2753705608596
1383342605716
2482854233492
1658220512660
2757732140436
1654211021400
2753722649176
1383628081752
2483139709528
1658505988696
2758017616472
1379047638424
2478559266200
1653925545368
2753437173144
1383342605720
2482854233496
1658220512664
2757732140440
1379316073880
2478827701656
1653992917348
2753504545124
1383409977700
2482921605476
1658287884644
2757799512420
2483190040932
1658556320100
2758067947876
1654256895396
2753768523172
1383673955748
2483185583524
1658551862692
2758063490468
1383691061588
2483202689364
1379396094292
2478907722068
1383627884904
2483139512680
1658505791848
2758017419624
1379115010408
2478626638184
1653992917352
2753504545128
1383409977704
2482921605480
1658287884648
2757799512424
1379383445864
2478895073640
2478626376020
1653992655188
1379047638436
2478559266212
1653925545380
2753437173156
1383342605732
2482854233508
1658220512676
2757732140452
1379047638440
2478559266216
1653925545384
2753437173160
1383342605736
2482854233512
1658220512680
2757732140456
1379316073896
2478827701672
2478826980964
1654193260132
2753704887908
1383610320484
2483121948260
1379382200660
2478893828436
1654260107604
2753771735380
1383677167956
2483188795732
1658555074900
2758066702676
1379113765204
2478625392980
1379043444308
2478555072084
1653921351252
2753432979028
2753722713428
2478893828440
1654260107608
2753771735384
1383677167960
2483188795736
1658555074904
2758066702680
1379113765208
2478625392984
1653991672152
1654256895400
2753768523176
1383673955752
2483185583528
1379332131476
2478843759252
1379063696020
2478575323796
1654274001240
2753785629016
1383691061592
2483202689368
1658568968536
2758080596312
1379043444312
2478555072088
1379064743256
2478576371032
1653942650200
2753454277976
1383359710552
2482871338328
1658237617496
2757749245272
1379333178712
2478844806488
1379063696024
2478575323800
2753788512596
1658237552984
2757749180760
1653924824744
2753436452520
1383341885096
2482853512872
1658219792040
2757731419816
1379315353192
2478826980968
1654193260136
2753704887912
1383610320488
2483121948264
1658488227432
2757999855208
1383408732516
2482920360292
1658286639460
1379382200676
2478893828452
1654260107620
2753771735396
2758066702692
1383677167972
2483188795748
2758000642648
1379043444324
2478555072100
1379382199972
2478893827748
1654260106916
2753771734692
1658555074212
2758066701988
2478844806500
1654211085668
2753722713444
1383628146020
2483139773796
1658506052964
2758017680740
1379064743268
2478576371044
1653942650212
1379113765224
2478625393000
1653991672168
2753503299944
1383408732520
1379332131492
2478843759268
1654210038436
2753721666212
1383627098788
2483138726564
1658505005732
2758016633508
1379063696036
2478575323812
2478893763236
1653921351272
2753432979048
1383338411624
2482850039400
1658216318568
2757727946344
1379333178728
2478844806504
1379063696040
1658572047716
2758083675492
1379327608420
2478839236196
2753431996836
1383337429412
2482849057188
1658215336356
2757726964132
1383359646372
2482871274148
1658237553316
2757749181092
2483117492580
1658483771748
2757995399524
1379333114468
2478844742244
1654211021412
2753722649188
1383628081764
1379382199976
2478893827752
1654260106920
2753771734696
1383677167272
2483188795048
1658555074216
2758066701992
1658483967316
2757995595092
1379042657620
2478554285396
1653920564564
2753432192340
1383337624916
2482849252692
1658215531860
2757727159636
1379310896468
2478822524244
1379399173480
2478910801256
1654277080424
2753788708200
1383694140776
2483205768552
1658572047720
2758083675496
1653925874068
2753437501844
1383342934420
2482854562196
1654189000024
2753700627800
1383606060376
2483117688152
1658483967320
2757995595096
1379042657624
2478554285400
1653920564568
2753432192344
2753504545188
1383409977764
2482921605540
1658287884708
2757799512484
1379327608424
2478839236200
1654205515368
1379115010472
2478626638248
1653992917416
2753504545192
1383409977768
2482921605544
1658287884712
2757799512488
1379311093412
2757995595428
2753768524392
1654257224360
2753768852136
1654189000036
2753700627812
1383606060388
2483117688164
1658483967332
2757995595108
1379042657636
2478554285412
1653920564580
2753432192356
1654277868196
2753789495972
2758063753812
1379379251796
2478890879572
1654257158740
2753768786516
2753500153444
1383405586020
2482917213796
1658283492964
2757795120740
1379311093096
2478822720872
1654189000040
2753700627816
1383606060392
2483117688168
1658483967336
2757995595112
1379113765268
2478625393044
1653991672212
2753503299988
1383408732564
2482920360340
1658286639508
2757798267284
1654274001252
2753785629028
1383691061604
2483202689380
1658568968548
2758080596324
1654189786772
2753701414548
1383606847124
2483118474900
1658484754068
2757996381844
1379043444372
2478555072148
1653921351316
2753432979092
1654211085716
2753722713492
1383628146068
2483139773844
1658506053012
2758017680788
1379113765272
2478625393048
2753516079716
2478907721128
1654274000296
2753785628072
1379316402520
2478828030296
1654194309464
2753705937240
1383611369816
1379333178776
2478844806552
1379396093268
2478907721044
1654274000212
2753785627988
1383691060564
2483202688340
2753768786532
1379379251812
2478890879588
1654257158756
1383409714516
2482921342292
1658287621460
2757799249236
1653992654164
2753504281940
1379395046036
2478906673812
1654272952980
2753784580756
1379327609172
1654277868200
2753789495976
1383408667284
2482920295060
2753503300004
1379113765284
2478625393060
1653991672228
1383408732580
2482920360356
1658286639524
2757798267300
1379382200740
2478893828516
1658483968360
2757995596136
1658237617572
2757749245348
1379333178788
2478844806564
1654211085732
2753722713508
1383628146084
2483139773860
1658506053028
2758017680804
1383623625044
2483135252820
1658501531988
2758013159764
1379328657748
1379396094312
1658555009620
2758066637396
1379382135380
2478893763156
1654260042324
2753771670100
2478907722088
1654274001256
2753785629032
1379064743336
2478576371112
1653942650280
2753454278056
1383359710632
2482871338408
1658237617576
2757749245352
1379333178792
2478844806568
2483184601684
1658550880852
2758062508628
1379378006612
2478889634388
1654255913556
2753767541332
2758080334440
1654205516132
2753717143908
1379059173732
1383354141028
2482865768804
1658232047972
2478907721048
1654274000216
2753785627992
1383691060568
1379383249304
2478894877080
1654261156248
2753772784024
1383678216600
2483189844376
1658556123544
2758067751320
1379060549204
2478572176980
1653938456148
2753450083924
1383355516500
2482867144276
1658233423444
2757745051220
1383623951956
2483135579732
1654272952984
2753784580760
1383690013336
2483201641112
1658567920280
2758079548056
2478570801512
1653937080680
2753448708456
1383354141032
2482865768808
1658232047976
2757743675752
1379327609192
2478839236968
2482920295064
1658286574232
2757798202008
1658501858904
2758013486680
2757745051224
1379328984664
2478840612440
1654206891608
2753718519384
1383623951960
2483135579736
1379060549208
1383623625048
2483135252824
1658501531992
2758013159768
1379042657684
2478554285460
1653920564628
2753432192404
1383337624980
2482849252756
1379311093140
2478822720916
1654189000084
2753700627860
2483189057176
1379113764180
2478625391956
1653991671124
2753503298900
1379327673684
2478839301460
1654205580628
2753717208404
2483117491544
1658483770712
2757995398488
1379394782552
2478906410328
1658550880868
2758062508644
1654190049684
1654189000088
2753700627864
1383606060440
2483117688216
1658483967384
2757995595160
1653942388052
2753454015828
1383359448404
2482871076180
1658237355348
2757748983124
1383425508708
2482937136484
1658303415652
2757815043428
1379113764196
2478625391972
1653991671140
2753503298916
1383408731492
2482920359268
1383337428328
2482849056104
1658215335272
2757726963048
1379310896488
2478822524264
1654188803432
2753700431208
1383605863784
2483117491560
1379328984676
2478840612452
1654206891620
2753718519396
1383623951972
2483135579748
1658501858916
2758013486692
1379060549220
2478572176996
1379060549224
2478572177000
1653938456168
2753450083944
1383355516520
2482867144296
1654209776212
1654260106644
2753771734420
1383421314452
2482932942228
1658299221396
2757810849172
1379126347156
2478637974932
1383337428376
2482849056152
1658215335320
2757726963096
1379310896536
2478822524312
1654188803480
1654189000100
2753700627876
1383606060452
2483117688228
1658483967396
2757995595172
1379042657700
2478554285476
1653920564644
2753432192420
1379310896484
2478822524260
1654188803428
2753700431204
1383605863780
2483117491556
1383693944228
2483205572004
1658571851172
2758083478948
1383337428392
2482849056168
1658215335336
2757726963112
1383605863848
1654189000104
2753700627880
1383606060456
2483117688232
1658483967400
2757995595176
1379110816408
2478622444184
1653988723352
2753500351128
1383405783704
2482917411480
1379379251864
2478890879640
1379316402532
2478828030308
1379046853220
2478843497048
1654209776216
2753721403992
1383626836568
2483138464344
1658504743512
2758016371288
2753500351140
1379110816420
2478622444196
1653988723364
1383405783716
2482917411492
1658283690660
2757795318436
1379379251876
2478890879652
1654278129000
2753789756776
1653937080724
2753448708500
1383622576532
2483134204308
1658500483476
2758012111252
2753500351144
1383405783720
2482917411496
1658283690664
1379379251880
2478890879656
1379046852180
2478558479956
2757743675800
1379327609240
2478839237016
1654194309480
2753705937256
1383611369832
2483122997608
1658489276776
2758000904552
1654274000228
2753785628004
1383691060580
2483202688356
1658568967524
2758080595300
1379110618452
2483189844388
1379383249316
2478894877092
1383405585748
2482917213524
1658283492692
2757795120468
1379109571220
2478621198996
1653987478164
2753499105940
1654272952996
2753784580772
1383690013348
2483201641124
1658567920292
2758079548068
1654004450916
2483134269016
1658500548184
2758012175960
1379110618456
2478622246232
1653988525400
2753500153176
1383405585752
2482917213528
1379060549268
2478572177044
1653938456212
2753450083988
1383355516564
2482867144340
1658233423508
2757745051284
1383611368792
2483122996568
1658489275736
2757999593060
2478910604900
1654276884068
2753788511844
1379327609256
1383337428584
2482849056360
1658215335528
2757726963304
2753700431464
1383605864040
2483117491816
1654206564708
2753718192484
1383623625060
2483135252836
1658501532004
2758013159780
1379060549272
2478572177048
1653938456216
2753450083992
1383355516568
2482867144344
1658233423512
2757745051288
1383342605908
2482854233684
1379383248276
2478894876052
1383677102692
1658555009636
2758066637412
1654261155220
1379395045012
2478906672788
1654272951956
2753784579732
1653925545560
2753437173336
1383342605912
1379047638616
2478559266392
1654260041368
2753771669144
2757812159912
2753503233684
1383408666260
2482920294036
1658286573204
2757798200980
1379126347412
2478637975188
1654004254356
2753515882132
1383421314708
2482932942484
1379110618468
2753500153188
1383405585764
2482917213540
1658283492708
2757795120484
1383337428632
2482849056408
1658215335576
2757726963352
1379310896792
2478822524568
1654188803736
2753700431512
1383404538532
2482916166308
1379378006692
2478889634468
1654255913636
2753767541412
1658550880932
2758062508708
1379109571236
2478621199012
1383627031912
2483138659688
1658504938856
2758016566632
1654277081492
1658501530964
2758013158740
2753788709268
1383694141844
2483205769620
1654206563668
2753718191444
2757810849444
1379398977188
2478910604964
1383693944484
2758062507684
1379130541732
2478642169508
1654008448676
1383677101652
2483188729428
2757794334036
1654274000232
2753785628008
1383691060584
1654261156264
2753772784040
1379110618472
2478622246248
1653988525416
1379327609492
2478839237268
2753450084004
1383355516580
2482867144356
1658233423524
2757745051300
1379060549284
1653987478184
2753499105960
1383404538536
1654272953000
2753784580776
1383690013352
2483201641128
1658567920296
2758079548072
1379060549288
2478572177064
1653938456232
2753450084008
1383355516584
2482867144360
1658233423528
2757745051304
1379047638628
2478559266404
1653925545572
2753437173348
1383342605924
2482854233700
1658220512868
2757732140644
1654206564712
2753718192488
1383623625064
2483135252840
1658501532008
2758013159784
1379047638632
2478559266408
1653925545576
2753437173352
1383342605928
2482854233704
2758067750296
1379382135400
1379395045016
2478906672792
1654272951960
2753784579736
1383690012312
2483201640088
1658567919256
2758079547032
1379382134360
2478893762136
1654205516440
2753717144216
1383622576792
2483134204568
1658500483736
2758012111512
2757996643732
1379312141716
2478823769492
1654190048660
2753701676436
1658485015956
1379315287380
2478826915156
2753704822104
2478826915160
1654193194328
2482853447000
1658219726168
2757731353944
1379046851928
1379043772756
2478555400532
1653921679700
1654190115156
2753701742932
1383674218856
2483185846632
1658552125800
2758063753576
2753718520168
2478639221076
1654005500244
1383674022484
2483185650260
1658551929428
2758063557204
2753517128020
1383422560596
2482934188372
1654256962132
2753768589908
2757996710232
1658485082456
2478823835992
1383674284712
2483185912488
1658552191656
2758063819432
2757795120532
1658551928212
2758063555988
1379379053972
1379046851940
2478558479716
1653924758884
2753436386660
1383341819236
2482853447012
1658219726180
2757731353956
1379315287396
2478826915172
2478622246296
1653988525464
2753500153240
1383405585816
1379046851944
2478558479720
1653924758888
2753436386664
1383341819240
2482853447016
1658219726184
2757731353960
1379315287400
2478826915176
2758016370264
1379047638676
2478559266452
1653925545620
2753437173396
1383342605972
2482854233748
1658220512916
2757732140692
1379043772772
2478555400548
1653921679716
2753771997592
1383691060648
2483202688424
1658568967592
1379047638680
2478559266456
1653925545624
2753437173400
1383342605976
2482854233752
1658220512920
2757732140696
1654193260180
2753704887956
1383610320532
2483121948308
1654256962136
2753768589912
1383674022488
1379383446116
2478895073892
1654261353060
1383678413412
2478843431252
1654209710420
2753721338196
1654194308456
2753705936232
1383611368808
2483122996584
1658489275752
1379383446120
2478895073896
2478574995800
1379331803480
2478843431256
1658556122532
2758067750308
1654272951972
2753784579748
1383690012324
2483201640100
1658567919268
2758079547044
1379047638696
2478559266472
1653925545640
2753437173416
1383342605992
2482854233768
1658220512936
1658303679060
2757815306836
1379315353240
2478826981016
1654193260184
2753704887960
1379399174564
1658501530980
2758013158756
2478910802340
2758083676580
1654260041316
2753771669092
2758066636388
1379331803492
2478843431268
1654209710436
2753721338212
1379063368036
2478574995812
1653941274980
1379333178964
2478844806740
1654211085908
2753722713684
1383628146260
2483139774036
1658506053204
2758017680980
1379064743508
2478576371284
1653941274984
2753452902760
1383358335336
2482869963112
1658236242280
2757747870056
1379331803496
2478843431272
1379333178968
2478844806744
1654211085912
2753722713688
1383628146264
1379064743512
2478576371288
1653942650456
2753454278232
1383359710808
2478910801300
1654277080468
2753788708244
1379399173524
2753517128084
1653921679972
2753433307748
1383338740324
2482850368100
1658216647268
2757728275044
1379043773028
2478555400804
1654272951976
2753784579752
1383690012328
2483201640104
1658567919272
2758079547048
1379315287444
1383610254740
2483121882516
1658488161684
2478826915220
1654193194388
2753704822164
2478558479764
2757999789460
1653924758932
2757743674724
1379382200932
2478893828708
1654260107876
2753771735652
1383677168228
2483188796004
1658555075172
2758066702948
1379046851992
2478558479768
1653924758936
2753436386712
1383341819288
2482853447064
1658219726232
2757731354008
1379315287448
2478826915224
1379310897556
2478822525332
2483135252904
1658501532072
1654206563688
2753718191464
1383623624040
2483135251816
1658501530984
2758013158760
2758013159848
1379333114516
2478844742292
1654211021460
2753722649236
1383628081812
2483139709588
1658505988756
2758017616532
2478890683028
1654211085924
2753722713700
1383628146276
2483139774052
1658506053220
2758017680996
1379064743524
2478576371300
1653942650468
2753454278244
1654260041320
2753771669096
1654205516456
2753717144232
1383622576808
2483134204584
1658500483752
2758012111528
1654190115220
2753701742996
1383607175572
2483118803348
1658485082516
2757996710292
1379043772820
2478555400596
1653921679764
2753433307540
1379064743528
1379312141732
2478823769508
1654190048676
2478576371304
1654190115224
2753701743000
1383607175576
2483118803352
1658485082520
2757996710296
1654277080472
2753788708248
1383694140824
2483205768600
1658572047768
2758083675544
1379315287460
2478826915236
1654193194404
1383610254756
2483121882532
1658488161700
2757999789476
2478558479780
1653924758948
2753436386724
1654205515416
2753717143192
1383622575768
2483134203544
1658500482712
2758012110488
1379383446164
1654261353108
1658556320404
2758067948180
2753772980884
1383678413460
1379046852008
2478558479784
1653924758952
2753436386728
1383341819304
2482853447080
1658219726248
2757731354024
1379315287464
2478826915240
1379115010712
2478626638488
1653992917656
2753504545432
1383409978008
2482921605784
1658287884952
2757799512728
1379383446168
2478895073944
1658483771800
2757995399576
1654190115236
2753701743012
1383607175588
2483118803364
1658485082532
2757996710308
1653921679780
1658215269720
2757726897496
1654211021464
2753722649240
1383628081816
2483139709592
1658505988760
2758017616536
1654256962148
2753768589924
2483185650276
1383674022500
1379312208296
2478823836072
1654190115240
1383337625172
2482849252948
1658215532116
2757727159892
2483117688404
1658483967572
2757995595348
1654189000276
2478822721112
1654189000280
2753700628056
2478554285656
1653920564824
2753432192600
1383337625176
2482849252952
1658215532120
2757727159896
2483190041252
1379383446180
2478895073956
1658287884964
2757799512740
1383409978020
2482921605796
1383678413476
1383695189352
2483206817128
1658573096296
2758084724072
1383422559572
1379127592276
1654256961108
2753768588884
1383674021460
2483185649236
2478639220052
2482934187348
1653992917672
2753504545448
1383409978024
1658299419284
2757811047060
2478906411348
1379130542420
2478642170196
1654008449364
2753520077140
1383610059092
1383678150996
2483189778772
2758083479896
1379394783576
2478906411352
1654272690520
1379315091800
2478826719576
1654192998744
2753717209432
1379382200664
1379042657892
1379315353252
2478826981028
1383610320548
2483121948324
1658567854676
2758079482452
1379063433572
2478575061348
1653941340516
1654205581668
2753717209444
1383622642020
1379394783588
2478906411364
1654272690532
1383337429352
2482849057128
1658215336296
2757726964072
2753700432232
1383605864808
2483117492584
1654256962152
2753768589928
1383674022504
2483185650280
1658572049064
2758083676840
1379114812756
2478626440532
1653992719700
2753504347476
1383409780052
2482921407828
1658287686996
2757799314772
1383677168276
2483188796052
1379331803556
2478843431332
1654209710500
2753721338276
1379114812760
2478626440536
1653992719704
2753504347480
1383409780056
2482921407832
1658287687000
2757799314776
1379383248216
2478894875992
1654211085972
2753722713748
1379064743572
2478576371348
1653991672472
2753503300248
1383408732824
1379063433620
2478575061396
1653941340564
2753452968340
1379331869076
2478843496852
1383337429400
2482849057176
1658215336344
2757726964120
1379310897560
1654256961112
2753768588888
2478822525336
1654188804504
1379064743576
2478576371352
1653942650520
2753454278296
1383359710872
2482871338648
1658237617816
1654272690596
2753784318372
1653937146276
2753448774052
2757726964136
2482920359336
1658286638504
2757798266280
1383677101720
2483188729496
1658555008664
2758066636440
2478894811480
1654261090648
2753772718424
1383678151000
1379315353256
2478826981032
1654193260200
2753704887976
1383610320552
2483121948328
1658488227496
2757999855272
1654272887384
1654205516372
2753717144148
1383622576724
2483134204500
1379327609428
2478839237204
2753448708692
1383354141268
1658287687012
2757799314788
1654260107940
2753771735716
1379382200996
2478893828772
2478570801752
1379114812776
2478626440552
1653992719720
2753504347496
1379064743588
2478576371364
1653942650532
2753454278308
1653991672488
2753503300264
1383408732840
2478642431572
1654008710740
1379064743592
2478576371368
1653942650536
2753454278312
1383359710888
2482871338664
1658237617832
2757749245608
2758083675556
2758017419604
1654210824532
2753722452308
2757747870292
2478574996052
1653941275220
2753452902996
2482937399912
1658303679080
2757815306856
1379059173992
2478570801768
1379333114532
2478844742308
1654211021476
2753722649252
1383628081828
2483139709604
1379042657940
2478554285716
1654188803476
2753700431252
1383605863828
2483117491604
2757995398548
1658483770772
1658220775780
2757732403556
1383610059348
1383337429588
2482849057364
1658215336532
1654277080488
2753788708264
1383694140840
2483205768616
1658572047784
2758083675560
1383337429592
2482849057368
1658215336536
1379333113492
2478844741268
1654211020436
2757726964312
1654188804696
1654205515432
2753717143208
1383622575784
2483134203560
1658500482728
2478574996056
2758066701672
2757732402516
1654211021480
2753722649256
1383628081832
2483139709608
1658505988776
2758017616552
1658220841300
2757732469076
1383672973972
2483184601748
1658550880916
1654260107924
2753771735700
1658483967652
1383623952744
2483135580520
1658501859688
2758013487464
1658282445476
2757794073252
1383672973988
2483184601764
1379315092132
2478826719908
1658567658148
2753704626852
1383421315412
1383337429672
2482849057448
1658215336616
1658488162900
2757999790676
2757726964392
1379110618788
2478622246564
1653988525732
2753500153508
1383405586084
2482917213860
1658283493028
2757795120804
1383606060712
2483117688488
1658483967656
1658483770776
2757995398552
2757799314836
1383409780116
2753772782996
1658287687060
1654211020440
2753722648216
1383628080792
2483139708568
1658505987736
2758017615512
1379379054180
2482933140132
2757811047076
1654194309528
1383611369828
2483122997604
1658489276772
2758000904548
1654194309476
2753705937252
1654274000276
2753785628052
1383691060628
2483202688404
1658568967572
2758080595348
1383677430168
2483189057944
1658555337112
2758066964888
1379316402536
2478828030312
1653992654228
2753504282004
1383623624020
2483135251796
1658500483732
2758012111508
1654205516436
2753717144212
1383622576788
2483134204564
1379059174036
2478570801812
1653937080980
2753448708756
1383421315416
2482932943192
1654193195608
2753704823384
1383610255960
2483121883736
1658488162904
2757999790680
1379059174040
2478570801816
1653937080984
2753448708760
1383354141336
2482865769112
1658232048280
2757743676056
1379327609496
2478839237272
1654206564756
2753718192532
1383623625108
2483135252884
1658501532052
2758013159828
1379394979412
2478906607188
1379396094376
1379382135444
2478893763220
2478907722152
1654256961128
2753768588904
1383674021480
2483185649256
1658551928424
2758063556200
1653988525652
2753500153428
1379110618708
2478622246484
1383405586004
2482917213780
1658283492948
2757795120724
1379379054164
2478890681940
1654261090664
2753772718440
1383678151016
2483189778792
1658556057960
2758067685736
1379328656740
2478840284516
1654206563684
2753718191460
1383623624036
2483135251812
2757743676068
1654205516452
2753717144228
1379327609508
2478839237284
1383622576804
2483134204580
1658500483748
2758012111524
1379059174052
1654274000280
2753785628056
1383691060632
2483202688408
1658568967576
2758080595352
1383405586008
2482917213784
1658283492952
2757795120728
1379110618712
2478622246488
1653988525656
2753500153432
1379379054168
2478890681944
1379328656744
2478840284520
1379059174056
2478570801832
1653937081000
2753448708776
1383354141352
2482865769128
1658232048296
2757743676072
1379327609512
2478839237288
2758067684696
1654206564760
2753718192536
1383623625112
2483135252888
1658501532056
2758013159832
1383689946712
2483201574488
1658567853656
2758079481432
1379382135448
2478893763224
1654260042392
2753771670168
1383677102744
2483188730520
1658555009688
2758066637464
1383422560660
2482934188436
2478890681956
1654256961124
2753768588900
1383674021476
2483185649252
1658551928420
2758063556196
1379110618724
2478622246500
1653988525668
1383358335588
2482869963364
1658236242532
2757747870308
2758066964120
1379110618728
2478622246504
1653988525672
2753500153448
1383405586024
2482917213800
1658283492968
2757795120744
1379379054184
2478890681960
2753449035092
1383354467668
2482866095444
1658232374612
2757744002388
1658505004372
2758016632148
1383622903128
2483134530904
1658500810072
2758012437848
1379399239000
2478910866776
1383627883880
2483139511656
1658505790824
2758017418600
1379399239012
2478910866788
1379042723176
2478554350952
1653920630120
2753432257896
1383337690472
2482849318248
1658215597416
2757727225192
1379331869332
2478843497108
2482853186200
1658219465368
2757731093144
1383358334548
2482869962324
1658236241492
1379316402580
2478828030356
1654194309524
2753705937300
1383611369876
2483122997652
1658489276820
2758000904596
1383359449512
2482871077288
1658237356456
2757748984232
1653925874072
2753437501848
1383342934424
2482854562200
1658220841368
2757732469144
1379316402584
2478828030360
1379333113508
2478844741284
1654211020452
1654210824552
2757727225240
1379311158680
2478822786456
2478622181972
1653988461140
2753500088916
1383405521492
1383337690536
2482849318312
1658215597480
2757727225256
1379109832020
2478621459796
1653987738964
2753499366740
1383404799316
2482916427092
1658282706260
1658567592548
2758079220324
1653925807460
2753437435236
1383342867812
2482854495588
1658220774756
2757732402532
2753704822168
1658300467540
2757812095316
1379127593300
1379378267480
2478889895256
1658505790808
2758017418584
1654210823512
2758000904612
1379316402596
2478828030372
1654194309540
2753705937316
1383611369892
2483122997668
1658489276836
1654209776280
2753721404056
1383626836632
2483138464408
1658504743576
2758016371352
1379398976852
2478910604628
2478639221080
1654005500248
2753517128024
1383422560600
2482934188376
1658300467544
1379127593304
1654276883796
2757812095320
1379396028760
2757747869272
1653924759124
2753436386900
1383341819476
2482853447252
1658219726420
2757731354196
1383610254932
2483121882708
1658488161876
2757999789652
1383421315428
2482932943204
2483122996628
1658489275796
2758000903572
1654193195620
2753704823396
1383610255972
1379060221332
2478571849108
1653938128276
2753449756052
1383355188628
2482866816404
1658233095572
2757744723348
1654206563732
2753718191508
2753789560472
1379046852184
2478558479960
1653924759128
2753436386904
1383341819480
2482853447256
1658219726424
2757731354200
1654211020456
2753722648232
1383628080808
2483139708584
1658505987752
2758017615528
1379060221336
2478571849112
1653938128280
2753449756056
1383355188632
2482866816408
1658233095576
2757744723352
1379328656792
2478840284568
1658219530584
2757731158360
1379378267492
2478889895268
1658216647252
2757728275028
1379043773012
2478555400788
1653921679956
2753433307732
1383338740308
2482850368084
1379312208468
2478823836244
2482932942164
1658299221332
2478637974868
1654004254036
2753515881812
1383421314388
1379127593316
2478639221092
1654005500260
2753517128036
1383422560612
2482934188388
1658300467556
2757812095332
1379396028772
2478907656548
1379316402600
2478828030376
2478823836248
1654190115416
2753701743192
1383607175768
2483118803544
1658485082712
2757996710488
1379127593320
2478639221096
1654005500264
2753517128040
1383422560616
2482934188392
1658300467560
2757812095336
1379396028776
2478907656552
2753785628068
1383691060644
2483202688420
1658568967588
2758080595364
1383674021524
2483185649300
1658551928468
2758063556244
1379110618772
2478622246548
1653988525716
2753500153492
1383405586068
2482917213844
2757731354212
1379046852196
2478558479972
1653924759140
2753436386916
1383341819492
2482853447268
1658219726436
1653992654244
2753504282020
2753449756068
1383355188644
2482866816420
1658233095588
2757744723364
1379060221348
2478571849124
1653938128292
1379328656804
2478840284580
1379379054232
2478890682008
1379046852200
2478558479976
1653924759144
2753436386920
1383341819496
2482853447272
1658219726440
2757731354216
1654194308504
2753705936280
1383611368856
2483122996632
1658489275800
2758000903576
1654193195624
2753704823400
1383610255976
2483121883752
1658488162920
1379060221352
2478571849128
1653938128296
2753449756072
1383355188648
2482866816424
1658233095592
2757744723368
1379328656808
2478840284584
1379383182692
2478894810468
1654261089636
2753772717412
1383678149988
2483189777764
1658556056932
2758067684708
1654206564772
2753718192548
1383623625124
2483135252900
1658501532068
2758013159844
1379311158868
2478822786644
1658567853668
2758079481444
2478910867032
1654277146200
2753788773976
1383694206552
2483205834328
1658572113496
2478642431576
1654008710744
2753520338520
1383425771096
1658555009700
2758066637476
1653987740068
2753499367844
1379382135460
1379042723428
2478554351204
1653920630372
2753432258148
1379399239268
2478910867044
2753516144228
1658551141988
2758062769764
1379046917732
1654272690516
2753784318292
1383689750868
2483201378644
1658567657812
2758079285588
1379042723432
2478554351208
1653920630376
2753432258152
1383337690728
2482849318504
1658215597672
2757727225448
1379311158888
2478822786664
1379312208488
2478823836264
1654190115432
2753701743208
1383607175784
2483118803560
1658485082728
2757996710504
1658299222360
2757810850136
2483201378648
2753784318296
1383689750872
1383674021540
2483185649316
1658551928484
2758063556260
1379328656788
2478840284564
1383623624084
2483135251860
1658501531028
2758013158804
1379396093352
1383677101716
2483188729492
1658555008660
2758066636436
1379382134420
2478893762196
1654260041364
1383404799380
1379110618792
2478622246568
1653988525736
2753500153512
1383405586088
1379379054248
2478890682024
2753721338452
1379331803732
2478843431508
2483117754004
2753432258196
1383337690772
2482849318548
1658215597716
2757727225492
1379311158932
2478822786708
1658287621544
2757799249320
1379042723480
2478554351256
1653920630424
2753432258200
1383337690776
2482849318552
1658215597720
2757727225496
1383358662308
2482870290084
1658236569252
2478889895588
1654256174756
2753767802532
2482920621732
1658286900900
2757798528676
1379063368280
1379042723496
2478554351272
1654261089640
2753772717416
1383678149992
2483189777768
1658556056936
2758067684712
1654206564776
2753718192552
1383623625128
1658299222372
2757810850148
1379126348132
2478637975908
1654004255076
2753515882852
2753784318308
1383689750884
2483201378660
1658567657828
1658282707368
2757794335144
1658216647316
2757728275092
1379126348136
2478637975912
1654004255080
2753515882856
1383421315432
2482932943208
1658299222376
2757810850152
1379394783592
2478906411368
1658483706196
2757995333972
1383627033176
2483138660952
1658504940120
2758016567896
2753454015908
1383359448484
2482871076260
1658237355428
2757748983204
1654190115412
2753701743188
1383607175764
2483118803540
1658485082708
2757996710484
1379331803748
2478843431524
1379063368292
2753452903012
1654206563736
2753718191512
1383623624088
2483135251864
1658501531032
2758013158808
1379378267540
2478889895316
1654256174484
2753767802260
2482916427156
1658282706324
1658505790820
2758017418596
1379063368296
2478574996072
1379331869348
2478843497124
1658300467604
2757812095380
1379109832088
2478621459864
1653987739032
1654256174424
2753767802200
1383673234776
2483184862552
1658551141720
2758062769496
1379127593368
2478639221144
1383610254996
2483121882772
1658488161940
2757999789716
1383341623652
2482853251428
1658219530596
2757731158372
2753500088932
1379110554212
1654209775252
2753721403028
1383626835604
2483138463380
1658504742548
2758016370324
1379310831960
2478822459736
1654188738904
2753700366680
1383605799256
1383359448488
2482871076264
1658237355432
2757748983208
1383674022548
2483185650324
1658551929492
2758063557268
1654005500308
1379046655316
2478558283092
1653924562260
2753436190036
1379379055252
2482850368152
1658216647320
2757728275096
1383405520468
2482917148244
1658283427412
2757795055188
1379110553172
2478622180948
2483117754024
1654209776296
2753721404072
1383626836648
2483138464424
1658504743592
2758016371368
1379127593384
2478639221160
1383690996052
2483202623828
1658568902996
2758080530772
1379396028756
2478907656532
1654273935700
2753785563476
2482853251432
1658219530600
2757731158376
1654209775256
2753721403032
1383626835608
2483138463384
1658504742552
2758016370328
1379312208548
2478823836324
1383607175844
2483118803620
1658485082788
2757996710564
1379043773092
2478555400868
1654004254052
2753515881828
1383421314404
2482932942180
1658299221348
2757810849124
1379126348180
2478637975956
1654004255124
2753515882900
1383421315476
2482932943252
1658299222420
1654190115496
2753701743272
1383607175848
2483118803624
2753500087896
1383405520472
2482917148248
1379110553176
1383426820452
1379131853156
2478643480932
1383627818324
2483139446100
1658505725268
2758017353044
1654210757972
2753722385748
2483122996648
1658489275816
2758000903592
1654209710740
2753721338516
1383626771092
2483138398868
1658504678036
2758016305812
1379063368340
2478574996116
1653941275284
2753452903060
1654194308520
2753705936296
1383611368872
2478907656536
1654273935704
2753785563480
1383690996056
2483202623832
1658568903000
2758080530776
1658505725272
2758017353048
1379063368344
2478574996120
1653941275288
2753452903064
1383358335640
2482869963416
1658236242584
2757747870360
1379331803800
2478843431576
1379126348196
2478637975972
1658304726356
2757816354132
2757999790504
2757810849128
1653938194004
2753449821780
1383355254356
2482866882132
1658233161300
1379126348200
2478637975976
1654206563748
2753718191524
1383623624100
2483135251876
1658501531044
2758013158820
1383678215764
2483189843540
1658556122708
2758067750484
1379383248468
2478894876244
1654260041380
2753771669156
1658282706340
2757794334116
1383677101732
2483188729508
1379332851044
2478844478820
1654210757988
2753722385764
1383627818340
2483139446116
1658505725284
2758017353060
1383694207572
2753453951316
1653942323540
1383358335652
2482869963428
1658236242596
2757747870372
2758016305828
1379331803812
2478843431588
1654209710756
2753721338532
1383626771108
1383678215768
2483189843544
1379332851048
2478844478824
1379063368360
2478574996136
1653941275304
2753452903080
1383358335656
2482869963432
1654256174436
2758062769508
1653921680036
2753433307812
1383338740388
2482850368164
1658216647332
2757728275108
1654009759064
2753521386840
1383426819416
2482938447192
1658304726360
2757816354136
1383409780324
2482921408100
1658287687268
2757799315044
1654261155428
2753772783204
1379383248484
2478894876260
1658556122724
2758067750500
1379312208484
2478823836260
1654190115428
2753701743204
1383607175780
2483118803556
1658485082724
2757996710500
1654206563752
2753718191528
1383623624104
2483135251880
1379114813032
2478626440808
1653992719976
2753504347752
1383409780328
2482921408104
1658287687272
2757799315048
1379383248488
2478894876264
1658500744552
1654260041384
2753771669160
1383677101736
2483188729512
1654277147224
2753788775000
1383694207576
2483205835352
1658572114520
2758083742296
1383605798228
2483117426004
1658483705172
1383607174740
2483118802516
1658485081684
2757996709460
1654190114388
2753701742164
1383342868884
2482854496660
1658220775828
2757732403604
1379316336980
2478827964756
1379331868324
2478843496100
1654209775268
2753721403044
1379382461780
1383422560676
1383341622628
2482853250404
1658219529572
2757731157348
2482934188452
1658300467620
2757812095396
1379379055268
1383610254744
2483121882520
1658488161688
1654278130004
2753789757780
1383695190356
1379382461784
2478894089560
1653988460132
2753500087908
1383405520484
2482917148260
1658283427428
2757795055204
1379310830936
2478822458712
1383693944148
2758083478868
2757996709464
1654278130008
2753789757784
1654009694552
2753521322328
1383426754904
2482938382680
1654273935716
2753785563492
1383690996068
2483202623844
1658568903012
2758080530788
1379332851092
2478844478868
1654210758036
2753722385812
1379127592340
2478639220116
1654005499284
2753517127060
1379379054228
2478890682004
1654256961172
2753768588948
1383694993048
2483206620824
1658572899992
2758084527768
1654194243928
2753705871704
1383611304280
2483122932056
1379332851096
2478844478872
1654209775272
2753721403048
1383626835624
2483138463400
1658504742568
2758016370344
1383359383892
2482871011668
1379396027732
2478907655508
1383342934612
2482854562388
1658220841556
2757732469332
1383611370068
2483122997844
1658489277012
2758000904788
1379316402772
2478828030548
2478894811540
1654261090708
2753772718484
1383678151060
2483189778836
1658556058004
1379400223076
2478911850852
1654278130020
2753789757796
1383695190372
1658573097316
2758084725092
1379131787620
2478643415396
1379394980500
2478906608276
1654272887444
2753784515220
1383689947796
2483201575572
1658567854740
2758079482516
1658555008676
2758066636452
1379047967320
2478559595096
1653925874264
2753437502040
1383342934616
2482854562392
1658220841560
2757732469336
1379316402776
2478828030552
2753436190056
1383341622632
2482853250408
1658219529576
2757731157352
1379059501396
2478571129172
1658556122772
2758067750548
1379114813076
2478626440852
2483205835348
1658572114516
2758083742292
1379332851108
2478844478884
1654210758052
2753722385828
1383627818404
2483139446180
1658505725348
2758017353124
1379064415652
2478576043428
1379042724200
2478554351976
1654273935720
2753785563496
1383690996072
2483202623848
1379114813080
2478626440856
1653992720024
2753504347800
1383409780376
2482921408152
1658287687320
2757799315096
1379383248536
2478894876312
1379064415656
2478576043432
1653942322600
2753453950376
1383359382952
2482871010728
1658237289896
2757748917672
1379332851112
2478844478888
1654256961176
2753768588952
1383674021528
2483185649304
1658551928472
2758063556248
2753705937508
1383611370084
2483122997860
1658489277028
2758000904804
2478828030564
1379047967332
2478559595108
1653925874276
2753437502052
1383425509716
2482937137492
1658303416660
1383425771924
2482937399700
1658303678868
2757815306644
1379042724248
2478554352024
1653920631192
2753432258968
1379047967336
2478559595112
1653925874280
2753437502056
1383342934632
2482854562408
1658220841576
2757732469352
1654261090712
2753772718488
1383678151064
2483189778840
1658556058008
2758067685784
1653938128468
1383355188820
2482866816596
1658233095764
2757744723540
1379311159716
2478822787492
1654272887448
2753784515224
1383689947800
2483201575576
1658567854744
2753520077144
1654276884824
1379114813092
2478626440868
1653992720036
2753504347812
1658287687332
2753788512600
1379130542424
2478642170200
1383678215844
2483189843620
1379042724264
2478554352040
1379114813096
2478626440872
1653992720040
2753504347816
1383409780392
2482921408168
1658287687336
2757799315112
1379383248552
2478894876328
1379130542436
2478642170212
1654008449380
2753520077156
1383425509732
2482937137508
1658303416676
2757815044452
1383358335636
2482869963412
1658236242580
2757747870356
1379130542440
2478642170216
1654008449384
2753520077160
1383425509736
2482937137512
1658303416680
2757815044456
1379398977896
2478910605672
1379060221544
2478571849320
1653938128488
2753449756264
1383355188840
2482866816616
1658233095784
2757744723560
1654209710676
1379399240296
2478910868072
1654277147240
2753788775016
1383694207592
2483205835368
1658572114536
2758083742312
1383408993684
2482920621460
1658286900628
2757798528404
1654009694612
2753521322388
2478559529380
1654210824600
2753722452376
1383627884952
1379131787672
2478643415448
1658299484756
2757811112532
1379311159896
2478822787672
2478554352228
1383425772132
2482937399908
1658303679076
2757815306852
1379126610532
2478638238308
1654004517476
2753516145252
1654205777236
2753717405012
1653920631400
2753432259176
1383337691752
2482849319528
1658215598696
2757727226472
1379311159912
2478822787688
1658286900644
2757798528420
2758066963876
1653937408344
2753449036120
1383354468696
1654205777240
2753717405016
1383622837592
2483134465368
1658500744536
2758012372312
1383426754980
2482938382756
1658304661924
2757816289700
2753521322404
1379047967384
2757810850196
2478559595160
1379131787688
2478643415464
1383337691796
2482849319572
1658215598740
1379311159956
2478822787732
1379327870292
2478839498068
1654273934680
2753785562456
1383690995032
2483202622808
1658568901976
2758080529752
1379059434840
2478571062616
2478894024036
1654260303204
1653920302440
2753431930216
1653924825764
2753436453540
1383341886116
2482853513892
1658219793060
2757731420836
1383622837652
2483134465428
1658500744596
2758012372372
1654205777300
2753717405076
1379113960868
2478625588644
1653991867812
2753503495588
1383408928164
2482920555940
1658286835108
2757798462884
1379395765668
2478907393444
2758066702936
2753767802452
1383404799572
2482916427348
1658282706516
2757794334292
1379109832276
2478621460052
1653987739220
2753499366996
1383673235028
1654194243944
2753705871720
1383611304296
2483122932072
1658489211240
2758000839016
2478839498084
1654205777252
2753717405028
1383622837604
2483134465380
1658500744548
2758012372324
1653987739224
2753499367000
1379109832280
2478621460056
1383404799576
2482916427352
1658282706520
2757794334296
2483184862808
1658551141976
1653925874340
2753437502116
1383342934692
2482854562468
1658220841636
2757732469412
1383678151076
2483189778852
2753499039320
1379060221528
2478571849304
1653938128472
2753449756248
1654277867108
1379060221540
2478571849316
1383355188836
2482866816612
1658233095780
2757744723556
1379042395752
2478554023528
1653920302696
2753431930472
2753520077204
1383425509780
2482937137556
1658303416724
1379130542484
2478642170260
1654008449428
1379059173012
2478570800788
1653937079956
1383354140308
2482865768084
1658232047252
2757743675028
1379327608468
2478839236244
1379042395800
2478554023576
1653920302744
2753431930520
1379047967400
1379127592612
2478639220388
1654005499556
1379059173028
2478570800804
1379042395816
2478554023592
1653920302760
2753431930536
1658233095828
2757744723604
1379130542488
1379060221592
2478571849368
1653938128536
2753449756312
1383355188888
2482866816664
1658233095832
2757744723608
2753499367012
1383404799588
2482916427364
1658282706532
2757794334308
1379109832292
2478621460068
1653987739236
2753767802468
1383673235044
1658501531048
2758013158824
2758079285592
1658567657816
1654256961192
2753768588968
1383674021544
2483185649320
1658551928488
2758063556264
1379109832296
2478621460072
1653987739240
1658303416740
2757815044516
1654273934696
2753785562472
1383690995048
2483202622824
1658568901992
2758080529768
1654261090728
2753772718504
1653938128548
1658555008680
2758066636456
1654272887464
1379130542504
2478642170280
1379060221608
2478571849384
1653938128552
2753449756328
1654008710820
2753520338596
1383425771172
2482937398948
1658303678116
2757815305892
1379383182744
2478894810520
1654261089688
2753772717464
1383678150040
2483189777816
1658556056984
2758067684760
1658501794472
2758013422248
1383338674772
2482850302548
1658216581716
1383678413140
2483190040916
1383626770772
2483138398548
1379059173720
2478570801496
1653937080664
2753448708440
1658550815076
2758062442852
1379316336996
2478827964772
1654194243940
2753705871716
1383426754916
2482938382692
1658304661860
2757816289636
1379042396520
1379394980244
2478906608020
1654272887188
2753784514964
1383689947540
2483201575316
1658567854484
2758079482260
1379064678804
2478576306580
1379327871396
2478839499172
1654205778340
2753717406116
1383622838692
2483134466468
1658500745636
2758012373412
1379063630244
1383694206564
2483205834340
1658572113508
1379063368356
1654256175512
2753767803288
1383673235864
2483184863640
1658551142808
2758062770584
2478839498088
1658556320340
2758067948116
2478638959192
1654005238360
1379059436132
2478571063908
1653937343076
1379042396776
2478554024552
1383690996372
2483202624148
1658568903316
2758080531092
1379059434900
2478571062676
1653937341844
1379042396824
2758062443172
1383694928548
2483206556324
1658572835492
2758084463268
2757732403876
1379042396840
2478554024616
1653920303784
2753431931560
1658236241556
2757747869332
1379059434904
2478571062680
1653937341848
2753448969624
1383354402200
2482866029976
1658232309144
2757743936920
1379327870360
2478839498136
1383425771176
2482937398952
1658303678120
2757815305896
1383338674776
2482850302552
1658216581720
2757728209496
1653937407316
1379332917672
2478844545448
1654210824616
2753722452392
1383627884968
2483139512744
1654277146216
2753788773992
1383694206568
2483205834344
1658572113512
2758083741288
1658236242600
2757747870376
1379378267796
2478889895572
1379109832340
2478621460116
1383354402212
2482866029988
1658232309156
2757743936932
2483134465444
1658500744612
2758012372388
2482854495652
1658220774820
2757732402596
1379047900580
2478559528356
1653925807524
2753701415256
1379311880536
2478823508312
1383606847832
2483118475608
1658484754776
2757996382552
1379396029076
2478907656852
1654273936020
2753785563796
1379109832344
2478621460120
1653987739288
1383354468712
2482866096488
1658232375656
2757744003432
1379059434920
2478571062696
1653937341864
2753448969640
1383354402216
2482866029992
1658232309160
2757743936936
1379327870376
2478839498152
1654005500568
2753517128344
1383422560920
2482934188696
1658300467864
2757812095640
1379396029080
2478907656856
2758079285604
1653921352036
2753432979812
1383338412388
2482850040164
1379311880548
2478823508324
1654189787492
2753701415268
1383606847844
2483118475620
1379109832356
2753499367076
1383673235108
2483184862884
1379378267812
1383404799652
1383409781348
2482921409124
1654189787496
2753701415272
1383606847848
1379396029092
2478907656868
1654273936036
2753785563812
1383690996388
2483202624164
1379127593636
2478639221412
1654005500580
1379109832360
2757999593816
1658551863896
2758063491672
1654005500584
2753517128360
1383422560936
2482934188712
1658300467880
2757812095656
1379396029096
2478907656872
2753784317268
1654194242920
2753705870696
1383611303272
2483122931048
1658489210216
2758000837992
1658556056996
2758067684772
1654272690536
2753784318312
1383689750888
2483201378664
1658567657832
2758079285608
2478840351316
2483202426196
1658568705364
2758080333140
2478639023444
1654005302612
2753516930388
1383422362964
1379394783892
2478906411668
1654272690836
2753784318612
1383689751188
1379395831128
2478907458904
1654273738072
2753785365848
1383690798424
2483202426200
1658568705368
2758080333144
1654004255384
2753515883160
1383421315736
2482932943512
1658299222680
1379394783896
2478906411672
2478576043604
1653942322772
2753453950548
1379064415828
1383359383124
2482871010900
1379064415832
2478576043608
1653942322776
2753453950552
1383359383128
2482871010904
1658237290072
2757748917848
1379383182760
2478894810536
1654261089704
2753772717480
1383678150056
2483189777832
1658556057000
2478639023460
1654005302628
2758079285924
1379394783908
2478906411684
1654272690852
1379126348452
2478637976228
1654004255396
2753515883172
1383421315748
1379127395688
2478639023464
1654005302632
2753516930408
1654004255400
2753515883176
1383421315752
2482932943528
1658299222696
2757810850472
1379394783912
2478906411688
1654256175528
2753767803304
1383673235880
2483184863656
1658551142824
2758062770600
1383359383140
2482871010916
1658237290084
2757748917860
2478823508372
1654189787540
2753701415316
1379064415848
2478576043624
1653942322792
2753453950568
1383359383144
2482871010920
1379311880600
2478823508376
1654189787544
2753701415320
1658219465384
2757731093160
1654209709668
2753721337444
1383626770020
2483138397796
1658504676964
2758016304740
1379043445156
2478555072932
1379311880612
2478823508388
1379315091812
2478826719588
1658551863908
2758063491684
1379311880616
2478823508392
1654189787560
2753701415336
1383606847912
2483118475688
1658484754856
2757996382632
1654209971540
2753721599316
1379046655380
2478558283156
1653924562324
2753436190100
1383341622676
2482853250452
1658219529620
2757731157396
1379063629144
2478575256920
1653941536088
2753453163864
1383358596440
2482870224216
1658236503384
2757748131160
1379332064600
2478843692376
1383610058068
2483121685844
1658506054056
2758017681832
1654209709672
2753721337448
1383626770024
1379328985432
2478840613208
1654260368980
2753771996756
2753515881892
1383611106920
1379332064612
2478843692388
1379315091816
2478826719592
1654192998760
2753704626536
1383610059112
2483121686888
1658487966056
2757999593832
1654009694804
2753521322580
1379332064616
2478843692392
2478558283160
1653924562328
2753436190104
1383341622680
2482853250456
1658219529624
2757731157400
1379064415892
2478576043668
1653942322836
2753453950612
1379064415896
2478576043672
1653942322840
2753453950616
1383359383192
2482871010968
1658237290136
2757748917912
1379114026596
2478625654372
1383408993892
2482920621668
1379382462052
2478894089828
1658286900836
2757798528612
1383677429348
2483189057124
1658501597796
2758013225572
1379114026600
2478625654376
1653991933544
2478637974952
1654004254120
2753515881896
1383421314472
2482932942248
1658299221416
2757810849192
1379394782568
2478906410344
1654272689512
2753784317288
1383689749864
2483201377640
1658567656808
2758079284584
1379064415908
1383359383204
2482871010980
1658237290148
2757748917924
1379064415912
2478576043688
1653942322856
2753453950632
1383359383208
2482871010984
1658237290152
2757748917928
1654210758996
2753722386772
1654278195560
2753789823336
1383695255912
2483206883688
1658573162856
2758084790632
1379043706468
2478555334244
1653921613412
2753433241188
1383338673764
1658501596760
1383425705560
2482937333336
1658303612504
1654209971604
2753721599380
1379063629204
2478575256980
1653941536148
2753453163924
1379332064664
2478843692440
1379316337044
2478827964820
1653938456980
2753450084756
1383355517332
2482867145108
1658233424276
2757745052052
1379328985492
2478840613268
1653938456984
2753450084760
1383355517336
2482867145112
1658233424280
2757745052056
1379328985496
2478840613272
1379047639380
2478559267156
1379114026644
2478625654420
1653991933588
1383408993940
2482920621716
1658286900884
2757798528660
1379063629220
2478575256996
1653941536164
2753453163940
1383358596516
2482870224292
1658236503460
2757748131236
2478843692452
1383341622692
2482853250468
1658219529636
2757731157412
1658488949080
2758000576856
1379126282580
2478637910356
1379114026648
2478625654424
1653991933592
1379063629224
2478575257000
1653941536168
2753453163944
1383358596520
2482870224296
1658236503464
2757748131240
1379332064680
2478843692456
1654009694872
2753521322648
1383426755224
2482938383000
1379315090788
2478826718564
1379328985508
2478840613284
1654194243992
2753705871768
1383611304344
2483122932120
1658489211288
2758000839064
2478571062868
1653937342036
2753448969812
1379059435092
1653925546340
2753437174116
1383342606692
2482854234468
1658220513636
2757732141412
1379316074852
2478827702628
1379114026660
2478625654436
1653991933604
2753503561380
1383408993956
1379382462116
2478894089892
1654260369060
2753771996836
1379059435096
2478571062872
1653937342040
2753448969816
1383354402392
2482866030168
1658232309336
2757743937112
1653925546344
2753437174120
1383342606696
2482854234472
1658220513640
2757732141416
1379316074856
2478827702632
1383426755236
2482938383012
1658304662180
2757816289956
1654278130340
2753789758116
1383695190692
2483206818468
1658573097636
2758084725412
1379114026664
2753436190120
1383341622696
2482853250472
1658219529640
2757731157416
2753515817304
1383421249880
2482932877656
1654009694888
2753521322664
1383426755240
2482938383016
1658304662184
2757816289960
1379400223400
2478911851176
1383355255204
2482866882980
2757744789924
1379315090792
2478826718568
1654192997736
2753704625512
1383610058088
2753448969828
1383354402404
2482866030180
1658232309348
2757743937124
1379327870564
2478839498340
1658568903016
2758080530792
1379059435112
2478571062888
1653937342056
2753448969832
1383354402408
2482866030184
1658232309352
2757743937128
1658304464212
2757816091988
1379131589972
2478643217748
1654009496916
2753521124692
1383426557268
2482938185044
1383693945492
2483205573268
2753520077460
1383425510036
2482937137812
1658303416980
2757815044756
1658568968872
2758080596648
1379131589976
2478643217752
1654009496920
2753521124696
1383426557272
2482938185048
1658304464216
2757816091992
1654008449688
2753520077464
1383425510040
2482937137816
1658303416984
2757815044760
1379328722532
2478840350308
1379332852068
2478844479844
1383693945508
2483205573284
1658571852452
2758083480228
1379398978216
2478910605992
1379331803796
2478843431572
1383672908440
2483184536216
1658550815384
2758062443160
1654277147304
1654206629480
2753718257256
1383623689832
1379316074900
2478827702676
1379332852072
1379047967316
2478559595092
1653925874260
1654277146264
2753788774040
1383694206616
2483205834392
1658572113560
2758083741336
1658556058216
2758067685992
1379109504344
2478621132120
1653987411288
1383611042212
2483122669988
1658488949156
2758000576932
1654209710744
2753721338520
1383626771096
2483138398872
1658504678040
2758016305816
1653925546408
2753437174184
1383342606760
2482854234536
1658220513704
2757732141480
2753767474532
1383672907108
1379043445332
2478555073108
1653921352276
2753432980052
1654004188500
2753515816276
2758079482520
1383404471656
2482916099432
1658282378600
2757794006376
1654194244008
1654005565012
2753517192788
2757812160084
1379043445336
2478555073112
1653921352280
2753432980056
1383338412632
2482850040408
1658216319576
2757727947352
1379064744280
2478576372056
1379400025492
2478911653268
1653925807716
2753437435492
1379131787604
2478643415380
1654009694548
2753521322324
1383426754900
2482938382676
1658304661844
2757816289620
2482932877672
1658299156840
2757810784616
1379060222548
1383355189844
2482866817620
1379316336024
2478827963800
1654194242968
1379043445348
2478555073124
1379064744292
2478576372068
2483206620580
1658572899748
2758084527524
1383404733844
2482916361620
1658304661848
2757816289624
1379060222552
2758062703956
1383673169236
2753767736660
1654205581908
1383690798676
2483202426452
1658568705620
2758080333396
2753785366100
1654273738324
1383606061396
2483117689172
1658483968340
2757995596116
1653920565588
2753432193364
1383337625940
2482849253716
1379395831384
2478907459160
1654273738328
2753785366104
1383690798680
2483202426456
1658568705624
2758080333400
1653942322596
2753453950372
1383359382948
2482871010724
1658237289892
2757748917668
1654189001048
2753700628824
1383606061400
2483117689176
1658483968344
2757995596120
1379377939860
2478889567636
1654255846804
2483138398884
1383673169240
2483184797016
1658551076184
2758062703960
2753717405032
2757811897956
1379395831396
2478907459172
1654273738340
2753785366116
1383690798692
2483202426468
1658568705636
2758080333412
2753700628836
2483117689188
1658483968356
2757995596132
1379395831400
2478907459176
1379331802772
2478843430548
1654209709716
2753721337492
1383626770068
2483138397844
1658504677012
2758016304788
1383342934628
2482854562404
1658220841572
2757732469348
1379399239336
2478910867112
1654277146280
2753788774056
1383694206632
2483205834408
1658572113576
2758083741352
1654190049880
2753701677656
1383607110232
1654189787796
2753701415572
1383606848148
2483118475924
1658484755092
1379043445396
2478555073172
1653921352340
2753432980116
1383338412692
1654211086740
2753722714516
1383628147092
2483139774868
1658506054036
2758017681812
1379109504424
2478823508632
1654189787800
2753701415576
1383606848152
2483118475928
1658484755096
2757732468308
1379047966292
1653942651288
2753454279064
1383359711640
2482871339416
1658237618584
2757749246360
1379331803816
2478843431592
1654209710760
2753721338536
1383626771112
2483138398888
1658504678056
2758016305832
2483122931108
1658489210276
2758000838052
2483135318376
1658501597544
2758013225320
2758012438888
2482853185896
1658219465064
2757731092840
1654209709720
2753721337496
1383626770072
2483138397848
1658504677016
2758016304792
1379043445412
1379333179812
2478844807588
2482921409188
1658287688356
2757799316132
2478555073192
1653921352360
2753432980136
1383338412712
2482850040488
2757748131412
2753453164116
1379063629396
1379315091864
2478826719640
1383341557080
2482853184856
2757732468312
2478559594072
1379047966296
1379063629400
2478575257176
1653941536344
2753453164120
1383358596696
1654009694564
1658556123748
2758067751524
2753521322340
1379383249508
2478894877284
1654194242984
1653992720020
2753504347796
1383409780372
2482921408148
1658287687316
1658233424468
1379060550228
2478572178004
1653938457172
2753450084948
2757745052244
1383355517524
2482867145300
2478840613460
1383623952980
1379394783572
1379060550232
2478572178008
1653938457176
2753450084952
1383355517528
2482867145304
1658233424472
2757745052248
1379328985688
2478840613464
1379327870312
2753521321300
1383426753876
2482938381652
1654261155412
2753772783188
1658501597844
2758013225620
1379127395988
2478639023764
1654005302932
2753516930708
1383422363284
2482933991060
1658300270228
2757811898004
1379395831444
2478907459220
1379332064868
2478843692644
1654189001108
2753700628884
1383606061460
2483117689236
1658483968404
2757995596180
1379114814120
2478626441896
1379127395992
2478639023768
1654005302936
2753516930712
1383422363288
2482933991064
1658300270232
2757811898008
1379395831448
2478907459224
1379063629416
2478575257192
1653941536360
2753453164136
1383358596712
2482870224488
1658236503656
2757748131432
2478621394340
1653987673508
1379311094168
2758083676756
1379043510612
2478555138388
1379383249512
2478894877288
1654261156456
2753772784232
1383678216808
2483189844584
1658556123752
2758067751528
1658233424484
2757745052260
1379060550244
2478572178020
1653938457188
2753450084964
1383355517540
2482867145316
1379328985700
2478840613476
2758062703972
1379060550248
2478572178024
1653938457192
2753450084968
1383355517544
2482867145320
1658233424488
2757745052264
1379328985704
2478840613480
1379127396004
2478639023780
1654005302948
2753516930724
1383422363300
2482933991076
1654273738404
2753785366180
1658556122712
2758067750488
2753772783192
1654189001124
2753700628900
1383606061476
2483117689252
1658483968420
2757995596196
1379042658724
2478554286500
2478840351384
1654206630552
2753718258328
1383623690904
2483135318680
1658501597848
2758013225624
1379127396008
2478639023784
1654005302952
2753516930728
1383422363304
2482933991080
1658300270248
2757811898024
1379395831464
2478907459240
1654189001128
2753700628904
1383606061480
2483117689256
1658483968424
2757995596200
1654277081688
2753788709464
1383694142040
2483205769816
1658572048984
2758083676760
1654256108904
2753767736680
1383673169256
2483184797032
1658551076200
2758062703976
1383626770084
2483138397860
1658504677028
2758016304804
1379331802788
2478843430564
1383421576596
2482933204372
1658299483540
2757811111316
1658555008340
2758066636116
1379113698644
2478625326420
1653991605588
2753503233364
1383408665940
2482920293716
1658286572884
1383408665944
2482920293720
1658286572888
2757798200664
1654256961876
2753768589652
1379110619476
2478622247252
1653988526420
2753500154196
1383405586772
2482917214548
1658283493716
2757795121492
1379315090836
2478826718612
1654192997780
2753704625556
1383610058132
2483121685908
1658505791896
1379126609316
2478638237092
1654004516260
2753516144036
1383421576612
2482933204388
1658299483556
2757811111332
1379110619480
2478622247256
1653988526424
2753500154200
1383405586776
2482917214552
1658283493720
2757795121496
1379379054936
1379060550292
2478572178068
1654209709736
2753721337512
1383626770088
2483138397864
1658504677032
2758016304808
1379060550296
2478572178072
2478559267412
2753437174356
1383342606932
2482854234708
1653925546580
1379047639636
2478575257252
1383358596772
2482870224548
1658236503716
2757748131492
2482854234712
1658220513880
2757732141656
1379110619492
2478622247268
1653988526436
2753500154212
2757815044436
2478622247272
1653988526440
2753500154216
1383405586792
2482917214568
1658283493736
2757795121512
1379060550308
2478572178084
1653938457252
2753450085028
1383355517604
2482867145380
1658233424548
2757745052324
1379315090840
2478826718616
1654192997784
2753704625560
1383610058136
2483121685912
1658487965080
2757999592856
1383695255972
2483206883748
1658573162916
2758084790692
1379060550312
2478572178088
1653938457256
2753450085032
1383355517608
2482867145384
1658233424552
2757745052328
2483135318692
1658501597860
2758013225636
1379328723620
1379047639656
2478559267432
1383694142052
2483205769828
1654206629524
2753718257300
1383623689876
2483135317652
1658501596820
2758013224596
1654008449368
1383425509720
2482937137496
1658303416664
2757815044440
2483205768788
1658572047956
2758083675732
1379400288680
2478911916456
1654261155432
2753772783208
1654277932628
2753789560404
1379400025688
2478911653464
1654277932632
2483117492820
1658483771988
1654206629528
2753718257304
1383623689880
2483135317656
1658501596824
2758013224600
1383426557540
2482938185316
1379332852120
2478844479896
2482850104664
1379315288420
2478826916196
1379315288424
2478826916200
1379047639700
2478559267476
1653925546644
2753437174420
1383342606996
2482854234772
1658220513940
1379047639704
2478559267480
1653925546648
2753437174424
1383342607000
2482854234776
1658220513944
2757732141720
1654190048872
2753701676648
1383607109224
1379110619556
2478622247332
1653988526500
2753500154276
2482917214628
1658283493796
1658282378836
2757794006612
1379377940052
1379109504596
2478621132372
1653987411540
2753499039316
1383404471892
2482916099668
2758080596564
2753784515240
1658282378840
2757794006616
2483184535128
1379109504600
2478621132376
1653987411544
1383404471896
2482916099672
1379047639716
2478559267492
1653925546660
2753437174436
1383342607012
2482854234788
1658220513956
2757732141732
1654255847012
2753767474788
1379109504612
2478621132388
1653987411556
2753499039332
1383404471908
2482916099684
1658282378852
2757794006628
1379394718040
2478906345816
1654272624984
1658506054228
2758017682004
1379064744532
2478576372308
1653942651476
2753454279252
2757749246548
1379109504616
2478621132392
1653987411560
2753499039336
1383404471912
2482916099688
1379377940072
1379064744536
2478576372312
1653942651480
2753454279256
1379333179992
2478844807768
1383622837608
1654256109972
2753767737748
1383673170324
2483184798100
1658551077268
2758062705044
2483206620820
1658572899988
2758084527764
1379046853012
1379315288468
2478826916244
1379400025752
2478911653528
2758084789668
2482853448088
2757731355032
1379315288472
2478826916248
1654206629540
2753718257316
1383623689892
2483135317668
1658501596836
2758013224612
1658303612580
2757815240356
1654211086948
2753722714724
1383628147300
2483139775076
1658506054244
2758017682020
1379064744548
2478576372324
1653942651492
2753454279268
1383359449684
1379064744552
2478576372328
1653942651496
1379333180008
2478844807784
1383694141028
2478911653540
1654277932708
2753789560484
1383694993060
2483206620836
1658572900004
2758084527780
1379131590308
2478643218084
2753431997092
1654256109976
2753767737752
1383673170328
2483184798104
1658551077272
2758062705048
1654193195428
2753704823204
1383610255780
2483121883556
1658488162724
1653924759972
2753436387748
1383341820324
1379131590312
2478643218088
1654009497256
2753521125032
1383426557608
2482938185384
1658304464552
2757816092328
1379400025768
2478911653544
1653924759976
2753436387752
1379315288488
2478826916264
1383627818388
2483139446164
1658505725332
2758017353108
1654278194600
2753789822376
1383695254952
2483206882728
1658573161896
2758084789672
1654206629544
2753718257320
1383623689896
2483135317672
1658501596840
2758013224616
1654205843860
2753717471636
1383622904212
2483134531988
1658500811156
2758012438932
2482849253972
1658215533140
1379332852136
2478844479912
1654210759080
2753722386856
1383627819432
2483139447208
1658505726376
2758017354152
1658550814356
2758062442132
1383404471956
2482916099732
1658282378900
2757794006676
1379377940116
2478889567892
1654255847060
2753767474836
1654194309716
2753705937492
1379109504664
2478621132440
1653987411608
2753499039384
1383404471960
2482916099736
1658282378904
2757794006680
1379377940120
2478889567896
1654210758040
2753722385816
1383627818392
2483139446168
1658505725336
2758017353112
1658483968612
2757995596388
2753517193892
2482934254244
1383422626468
1654205843864
2753717471640
1383622904216
2483134531992
1658500811160
2758012438936
1654189001320
2753700629096
1383606061672
2483117689448
1658483968616
2757995596392
1383678216532
2483189844308
1658556123476
2758067751252
2478626441556
1653992720724
2753504348500
2482921408852
1658287688020
2757799315796
2753784252772
1383689685348
2483201313124
1658567592292
2758079220068
2482916099748
1379377940132
2478889567908
1654255847076
1658282378916
2757794006692
1653987411620
2753499039396
1383404471972
2753767474852
1654277146020
2753788773796
1383694206372
1379114813784
2478626441560
1379383249240
2478894877016
1653992720728
2753504348504
1383409781080
1379064744596
2478576372372
1379114748516
2478626376292
1379109504680
2478621132456
1653987411624
2753499039400
1383404471976
2482916099752
1658282378920
2757794006696
1379377940136
2478889567912
1654192933208
2753704560984
1383609993560
2483121621336
2757812160148
1654194309720
2753705937496
1383611370072
2483122997848
1658489277016
2758000904792
2757749246616
2753785628244
2753772784276
1383678216852
2483189844628
1658556123796
2758067751572
1383355189908
2482866817684
1658233096852
2757744724628
1654004516436
2753516144212
1383421576788
2482933204564
1658299483732
2757811111508
1379395044948
2478906672724
1379114813796
2478626441572
1653992720740
2753504348516
1383409781092
2482921408868
2483206818132
1658573097300
2758084725076
1379400223060
2478911850836
2753516144216
1383421576792
2482933204568
1658299483736
2757811111512
1379395044952
2478906672728
1379394718056
2478906345832
1654272625000
2753784252776
1383689685352
2483201313128
1658567592296
1379064744612
1379109833300
2478621461076
1653987740244
2482916428372
1379064744616
2478576372392
1383673170340
2483184798116
1658551077284
1658300532376
2757812160152
1654008448356
2753520076132
2478906344792
1654272623960
2753784251736
1383689684312
2483201312088
1658567591256
1379395044964
2478906672740
1654272951908
1654274000472
2753785628248
1383691060824
2483202688600
1658568967768
2758080595544
1379383249560
2478894877336
1653992654424
2753504282200
1383409714776
2482921342552
1658287621720
2757799249496
1383673169300
2483184797076
2758062704020
1658551076244
2753516144232
1383421576808
2482933204584
1658299483752
2757811111528
1379395044968
2478906672744
2758084725080
1379043706196
2478555333972
1653921613140
2753433240916
1383338673492
2482850301268
1658216580436
2757728208212
1379312141652
2478823769428
1379042658964
2478554286740
1379378203048
2478889830824
1379043706200
2478555333976
1653921613144
2753433240920
1383338673496
2482850301272
1658216580440
2757728208216
1654190048600
1379311094424
2478822722200
1654189001368
2753700629144
1654256108952
2753767736728
1383673169304
2483184797080
1658551076248
2758062704024
1379312141668
2478823769444
1654190048612
2753701676388
1383607108964
2483118736740
1658485015908
2757996643684
1379043706212
1654188803684
2753700431460
1383605864036
2483117491812
1658483770980
2757995398756
1654190048616
2753701676392
1383607108968
2483118736744
1658485015912
2757996643688
1654192933220
2753704560996
1383609993572
2483121621348
1658487900516
2757999528292
2757732205908
1658300269908
2757811897684
1379127395668
1658233161044
2757744788820
2482921408920
1658287688088
1379127395672
2478639023448
1654005302616
2753516930392
1383422362968
2482933990744
1658300269912
2757811897688
1658220578136
2757732205912
1379316402788
1654210758056
2753722385832
1383627818408
2483139446184
1379127395684
1379060286820
2478571914596
1653938193764
2753449821540
1383355254116
2482866881892
1658233161060
2757744788836
1379043509608
2478555137384
1653921416552
2753433044328
1383338476904
2482850104680
2482920621480
1658286900648
2757798528424
1654188803412
2753700431188
1383605863764
2483117491540
1658483770708
2757995398484
1379042461012
2478554088788
1653920367956
2753431995732
1658487899476
2757999527252
1654192932180
2753704559956
1383609992532
2483121620308
1379316401748
2478828029524
1654194308692
2753705936468
1654205843880
2753717471656
1383622904232
2483134532008
2753431995736
1383337428312
2482849056088
1658215335256
2757726963032
1379310896472
2478822524248
1654188803416
2753700431192
1379126609556
2478638237332
1654004516500
2753516144276
1383421576852
2482933204628
1658299483796
2757811111572
1383690012308
2483201640084
2482921408932
1658287688100
2757799315876
1383678216612
1379332916644
1379126609560
1653992720808
2753504348584
1658555008596
2758066636372
1379315026280
2478826654056
1654192933224
2753704561000
1383609993576
2483121621352
1658487900520
2757999528296
2482934253220
1658300532388
2757812160164
1383689947816
2483201575592
1658567854760
1654260041304
2753771669080
1383677101656
1379316402792
2478828030568
1654194309736
2753705937512
1658483770724
2757995398500
1383337428324
2482849056100
1658215335268
2757726963044
1383678216868
2483189844644
1379379055188
2478890682964
1379114747492
2478626375268
1653992654436
2753504282212
1383355189604
2482866817380
1658233096548
2757744724324
1379395045028
2478906672804
1383405587032
2482917214808
1658283493976
2757795121752
1379379055192
2478890682968
1379328657768
2478840285544
1379126609576
2478638237352
1654004516520
2753516144296
1383421576872
2482933204648
1658299483816
2757811111592
1379395045032
2478906672808
1379113698916
2478625326692
1653991605860
2753503233636
1383408666212
2482920293988
1658286573156
2757798200932
1379382134372
2478893762148
2753437435300
1379383248532
2478894876308
1654261155476
2753772783252
1383678215828
2483189843604
2478621461092
1379113698920
2478625326696
1653991605864
2753503233640
1383408666216
2482920293992
1658286573160
2757798200936
1379382134376
2478893762152
1379043706260
2478555334036
1653921613204
2753433240980
1383607109012
2483118736788
1383695189332
1379400222036
2478911849812
2483206817108
1658573096276
2758084724052
1654278128980
2753789756756
1379379055204
2478890682980
1654190048664
2753701676440
1383607109016
2483118736792
1658485015960
2757996643736
1379399174804
2478910802580
1654277081748
2753788709524
1379383249576
2478894877352
1379110619752
2478622247528
1653988526696
1379379055208
2478890682984
1379378202020
2478889829796
1383606913364
2483118541140
1658484820308
2757996448084
1379311946068
2478823573844
1379400223080
2757999790696
2478626440804
1653992719972
2753504347748
1383338673572
2482850301348
1658216580516
2757728208292
1654261155480
2753772783256
1383678215832
2483189843608
1658556122776
2758067750552
2758083676824
1379332916884
2478844544660
1654210823828
2753722451604
1383627884180
1379400025748
2478911653524
1654277932692
2753789560468
1383694993044
1658568705700
2758080333476
1658489013924
2758000641700
1379332916900
1654256108968
2753767736744
1383673169320
2483184797096
1658551076264
2758062704040
1654189853016
2753701480792
1383606913368
2483118541144
1658484820312
2757996448088
1379042461076
2478554088852
1653920368020
2753431995796
1383337428372
2482849056148
1658215335316
2757726963092
1379310896532
2478822524308
2482848991832
2483184600424
1658550879592
2758062507368
1379046853204
2478558480980
1653924760148
2753436387924
1383341820500
2482853448276
1658219727444
1379328657812
2478840285588
2753700431256
1383605863832
2483117491608
1379046853208
2478558480984
1379328657816
2478840285592
2753771669140
1379113698964
2478625326740
1653991605908
2757794335076
1383622903204
2483134530980
1658500810148
2758012437924
2758083741284
1379113698968
2478625326744
1653991605912
2753503233688
1383408666264
2482920294040
1658286573208
2757798200984
1379382134424
2478893762200
1379042461092
2478554088868
1653920368036
2753431995812
1383337428388
2482849056164
1658215335332
1654256962196
2753768589972
2483121883748
1658488162916
2757999790692
2753436387940
1383341820516
2482853448292
1658219727460
2757731355236
1658489276004
2758000903780
1654194308708
2753705936484
1383611369060
2483122996836
1379328657828
2478840285604
1658551143016
2758062770792
1379379055256
2478890683032
1379046853224
2478558481000
1653924760168
2753436387944
1383341820520
2482853448296
1658219727464
2757731355240
1379113698980
2478625326756
1653991605924
2753503233700
1383408666276
2482920294052
1658286573220
2757798200996
1379382134436
2478893762212
1379113698984
2478625326760
1653991605928
2753503233704
1383408666280
2482920294056
1658286573224
2757798201000
1379382134440
2478893762216
1658488949076
2758000576852
2753768589988
1379379055272
2478890683048
2478910867028
1654277146196
2753788773972
2482937398868
1658303678036
2757815305812
1379399239252
1654194308712
2753705936488
1383611369064
2483122996840
1658489276008
2758000903784
2758083479892
1383693945172
2483205572948
1658571852116
1379398977876
2478910605652
1658303678040
2757815305816
2482937398872
1654276884820
2758083741272
1379383248548
2478894876324
1658556122788
2758067750564
1383695189348
2483206817124
1658573096292
1379400222052
2478911849828
2483205769892
1658572049060
2758083676836
1379399174820
2478910802596
1654277081764
1654277146212
2753788773988
1379109833108
2478621460884
1653987740052
1654189853028
2753701480804
2478642431592
1654008710760
2753520338536
1383425771112
2482937398888
1658303678056
2757815305832
1379399239272
2478910867048
2482916428184
1658282707352
2757794335128
1379398977880
2478910605656
1383693945176
2483205572952
1658571852120
1654261155496
2753772783272
1383678215848
2483189843624
1658556122792
2758067750568
1654194242900
2753705870676
1383611303252
2483122931028
1658489210196
1654277081768
2753788709544
1383694142120
2483205769896
2478889896356
2753767803300
1383673235876
2483184863652
1658551142820
2758062770596
1379109833124
2478621460900
2753499367016
1383404799592
2482916427368
1658282706536
2757794334312
2478621460904
1653987740072
2753499367848
1383404800424
2482916428200
1379316335972
2478827963748
1654194242916
2753705870692
1383611303268
2483122931044
1379047900516
2478559528292
1379047900520
2478559528296
1653925807464
2753437435240
1383342867816
2482854495592
1658220774760
2757732402536
1379316335976
2478827963752
1654260369816
1658487965012
2757999592788
1383627819348
1379396094612
2478907722388
1654274001556
2753785629332
1658568968852
2758080596628
1658505791912
1379399239316
2478910867092
1654277146260
2753788774036
1383694206612
2483205834388
1658572113556
2758083741332
1379399239320
2478910867096
1654192997732
2753704625508
1379046655332
2478558283108
1653924562276
2753436190052
2758067751508
1658556123732
1383425509796
2482937137572
1654210759012
1379046655336
2478558283112
1653924562280
1379130803876
2478642431652
1654274001560
2753785629336
1383691061912
2483202689688
1658568968856
2758080596632
1379130803880
2478642431656
1654008710824
2753520338600
1654276884836
1383693945188
2483205572964
1658571852132
2758083479908
1383342867876
2482937136532
1658303415700
2757815043476
1658489210260
1383611303316
2483122931092
2482854495636
1658220774804
2757732402580
1379316336020
2478827963796
1654194242964
2753705870740
1654261090904
1383678151256
2483189779032
1658556058200
2758067685976
1654261156452
2753772784228
1383678216804
2483189844580
1379064482132
2478643218772
1654009497940
2753521125716
1379400026452
2478911654228
1654277933396
2753789561172
1379114813780
1383409781076
1379047900568
2478559528344
1653925807512
2753437435288
1383342867864
2482854495640
1658220774808
2757732402584
1379064482136
2478576109912
1653942389080
2753454016856
1383359449432
2482871077208
1658237356376
2757748984152
1379332917592
2753722452312
2482933991780
1658300270948
2757811898724
1379064482148
2478576109924
1653942389092
2753454016868
1383359449444
1379043510632
2478555138408
1653921417576
2753433045352
1383338477928
1658216384872
2757728012648
1379311946088
2478823573864
1654276884840
2753788512616
1383693945192
2483205572968
1658571852136
2758083479912
1379316336036
2478827963812
1654194242980
2753705870756
1383611303332
1379382462884
1383606912356
2483118540132
2478894090660
1379332917668
2753722452388
1383409781156
1379047900584
2478559528360
1653925807528
2753437435304
1383342867880
2482854495656
1658220774824
2757732402600
1379316336040
2478827963816
1383677429140
2483189056916
1658555336084
2758066963860
2753448969620
1383354402196
1658487965076
2757999592852
1379046655384
1654260369832
2753771997608
1383677430184
2483189057960
1658555337128
2758066964904
2753448970664
1383354403240
2482866031016
1658232310184
2757743937960
2757728208484
1383607109220
1658485016164
2757996643940
1379394717012
2478906344788
1654272623956
2753784251732
1383689684308
2483201312084
1379126281556
2478637909332
1379046655396
2478558283172
1653924562340
2753436190116
1658216580712
2757728208488
1379383249556
2478894877332
1654261156500
2758079219032
1383421248856
2482932876632
1658299155800
2757810783576
1379332852132
2478844479908
1654210759076
2753722386852
1383627819428
2483139447204
1658505726372
2758017354148
1379046655400
2478558283176
1653924562344
1654277933668
2482932876644
1658299155812
2757810783588
1379400026772
2478911654548
1654210824852
2753722452628
2478844545684
1379060288148
2478571915924
1653938195092
2753449822868
1379311946392
2478823574168
2478571850328
2478890683044
1654256962212
1379400026788
2478911654564
1383674022564
2483185650340
1379043510952
2478555138728
1653921417896
2753433045672
1654274001576
2753785629352
1383691061928
2483202689704
1658287622824
2757799250600
1654261090920
2753772718696
1383678151272
2483189779048
1658483770984
2757995398760
1379114027412
2478625655188
1379382462868
2478894090644
1654206565016
2753718192792
1383623625368
2483135253144
1658501532312
2758013160088
1379114027416
2478625655192
1653991934360
2753503562136
1383408994712
2482920622488
1658286901656
2757798529432
2757748983444
1654256175704
2753767803480
1383673236056
2483184863832
1658551143000
2758062770776
1383338412376
2482850040152
1379398976872
2478910604648
1654276883816
2753788511592
1383693944168
2483205571944
1658571851112
2758083478888
1383677430180
1654260369828
2753771997604
1379059435864
2478571063640
1658286901672
1379046656596
2478558284372
1658282707540
2757794335316
1379378268756
2478889896532
1654256175700
2753767803476
1383673236052
2483184863828
1658551142996
2758062770772
1654205778276
2753717406052
1383622838628
2483134466404
1658500745572
2758012373348
1379047900772
2478559528548
1379109833304
2478621461080
1653987740248
2753499368024
1383404800600
2757794335320
1379378268760
2478889896536
1379379316056
2478890943832
1654257223000
2753768850776
1383674283352
2483185911128
1658552190296
2758063818072
1654206565012
2753718192788
1383623625364
2483135253140
1658501532308
2758013160084
1379060222612
2478571850388
1653938129556
2753449757332
1379060222616
2478571850392
1653938129560
2753449757336
1383355189912
2482866817688
1658233096856
2757744724632
1383341623896
1383404800612
2482916428388
1658282707556
2757794335332
1383673236068
2483184863844
1658551143012
2758062770788
1379109833316
2483201313432
1658567592600
2758079220376
1379312207256
2478823835032
1379109833320
2478621461096
1653987740264
2753499368040
1383404800616
2482916428392
1658282707560
2757794335336
1379378268776
2478889896552
2753437500836
1383342933412
2482854561188
1658220840356
2757732468132
1654274000548
2478642104660
1654008383828
1658233096868
2757744724644
1654009760340
2753521388116
1383426820692
2482938448468
1658304727636
2757816355412
1379378268772
2478889896548
1654256175716
2753767803492
1379059435924
2478571063700
2757727946068
1653937342872
2753448970648
1383354403224
2482866031000
1658232310168
2757743937944
1379327871384
2478839499160
1654257223252
2753768851028
1383674283604
2483185911380
1658552190548
2758063818324
1654278194772
2753789822548
1379110880852
2478622508628
1654190114392
2753701742168
1379379316312
2478890944088
1383342933592
2482854561368
1658220840536
1379043771992
2478555399768
1653921678936
1383605799508
2483117427284
1658483706452
2757995334228
1379310832212
2478822459988
1379131852388
2478643480164
1654009759332
2753521387108
2758063818340
1379379316324
2478890944100
1654257223268
2753454016164
1379043772008
2478555399784
1653921678952
2753433306728
1383338739304
2482850367080
1654256175720
2753767803496
1383673236072
2483184863848
1379378268820
2478889896596
1654256175764
2753767803540
1383673236116
2483184863892
1658551143060
2758062770836
2757743937956
1379059435940
2478571063716
1383354403236
2482866031012
1658232310180
1379378268824
2478889896600
1383405848212
2482917475988
1658283755156
1658237617812
2757749245588
1379043772056
2478555399832
1653921679000
2753433306776
1383338739352
1653937342888
1383338411352
2482850039128
1658216318296
2757727946072
2753718519460
1379110880932
2478622508708
1653988787876
2753500415652
1383405848228
2482917476004
1658283755172
1658220774996
2757732402772
1379043772072
2478555399848
2753700366936
1383605799512
2483117427288
1658483706456
2757995334232
1379378268836
2478889896612
1654256175780
2753767803556
1379378268840
1658220775012
2757732402788
1383672973912
2483184601688
1658550880856
2758062508632
2758000903844
1379130475860
2478642103636
1654008382804
1383693878616
2483205506392
1658571785560
2758083413336
1379395832148
2478907459924
1654273739092
1379127396692
2478639024468
1379127396696
2478639024472
2753436190296
2753704625748
1383610058324
2483121686100
1383425444196
2482937071972
1658303351140
2757814978916
1654276818276
2753788446052
1383693878628
2483205506404
1658571785572
2758083413348
1658303350116
2483121686104
2757999593048
1383425443176
2482937070952
1658303350120
2757814977896
1379064416856
2478576044632
1658237291096
2757748918872
2757816354388
1654192997988
2753704625764
2483201641048
1658567920216
2758079547992
1379064416868
2478576044644
1653942323812
2753453951588
1379064416852
2478576044628
1654194047656
2753705675432
2483184862820
1379378267748
2478889895524
1654256174692
2757726898852
1383425443160
2482937070936
1658303350104
2757814977880
2478643480152
1654009759320
2753521387096
1383426819672
2482938447448
1658304726616
2758067684776
2478625588628
1653991867796
1654260369048
2753771996824
1379327871380
2478839499156
1654205778324
2753717406100
1383622838676
2483134466452
1658500745620
2758012373396
1654188738132
2753700365908
1383605798484
2483117426260
1658483705428
2757995333204
1379378267752
2478889895528
1654256174696
2753767802472
1383673235048
2483184862824
1658551141992
2758062769768
1654008382868
2753520010644
2482937070996
2478844741992
1654005303636
2753516931412
1383422363988
2482933991764
1658300270932
2757811898708
1379332065636
2478843693412
2482934188708
1654260303192
2753771930968
1383677363544
2483188991320
1658555270488
2758066898264
1654205778328
2753717406104
1383622838680
2483134466456
1658500745624
2483117426264
1658483705432
2757995333208
2478910539172
1654276818340
2753788446116
1383359384212
2482871011988
1658237291156
2757748918932
1654005499540
2753517127316
1383422559892
2482934187668
1658300466836
2757812094612
1654005303640
2753516931416
1383422363992
2482933991768
1658300270936
2757811898712
1654194244184
2753705871960
1653991934564
2753503562340
1658286901860
2757798529636
1654260370020
2753771997796
1379395832228
2478911588772
1379114027624
2478625655400
1653991934568
2753503562344
1383408994920
2482920622696
1658286901864
2757798529640
1379382463080
2478894090856
1654005303720
2753516931496
1383689684564
2483201312340
1379394717268
2478906345044
1654272624212
2753784251988
1379394717272
2478906345048
1654272624216
2753784251992
1383689684568
2482871012004
1658237291172
1653987674708
2753499302484
1383404735060
2482916362836
1658282642004
2757794269780
1383611107992
1379064416936
2478576044712
1379394717284
2478906345060
1379394717288
2478906345064
1383359384164
2482871011940
1658505792148
2758017419924
1658237290068
2757748917844
1653941537176
2753453164952
1383358597528
2482870225304
1658236504472
2757748132248
1379332065688
2478843693464
1653942651284
2753454279060
1383359711636
2482871339412
1658237618580
2757749246356
1653921679768
2753433307544
1383338740120
2482850367896
1658216647064
2757728274840
2478894090900
1654260370068
1653941537188
2753453164964
1383358597540
2482870225316
1658236504484
2757748132260
2483138660772
1658504939940
1379332065700
1379383510360
2478895138136
1379382463128
2478894090904
1653941537192
2753453164968
1383358597544
2482870225320
1658236504488
2757748132264
1379332065704
2478843693480
1654210824856
2753722452632
1383627885208
2483139512984
1658505792152
2758017419928
1379059436116
2478571063892
1653937343060
2753448970836
1383342672216
2482854299992
1658220579160
2757732206936
1379059436120
2478571063896
2482933990740
1654205778344
2753717406120
1383622838696
2483134466472
1658500745640
2758012373416
1379126281876
2478637909652
1654004188820
2753515816596
1383421249172
2482932876948
1658299156116
2757810783892
1379394717332
2478906345108
1379126281880
2478637909656
1654004188824
2753515816600
1383421249176
2482932876952
1658299156120
2757810783896
1379394717336
2478906345112
1658500745828
2758012373604
2478839499364
1379396094548
2478907722324
1654274001492
2753785629268
1654211086932
2478844807764
1379333179988
2753722714708
1383628147284
2483139775060
1379312208472
1379059436136
2478571063912
1653937343080
1383426558292
2482938186068
1658304465236
2757816093012
1379131590996
1383694993748
2483206621524
1383674284644
1658556385892
2758068013668
1654194309732
1654272624292
2753784252068
1383689684644
2483201312420
1658567591588
1379126281892
2478637909668
1654004188836
1653921679976
2753433307752
1383338740328
2482850368104
1658216647272
2757728275048
1654009497944
2753521125720
2478643218776
1383426558296
2482938186072
2753789561176
1383694993752
1379126281896
2478637909672
1654004188840
2753515816616
1383421249192
2482932876968
1658299156136
2757810783912
1379394717352
2478906345128
1379047967380
2478559595156
1379043773080
1379110881956
2478622509732
1383405849252
2482917477028
1658283756196
2757795383972
1379047967396
2478559595172
1379043773096
2478555400872
1653921680040
2753433307816
1383338740392
2482850368168
1658216647336
2757728275112
1383611108008
2483122735784
1658489014952
2758000642728
1653987674728
2753499302504
1383404735080
2482916362856
1658282642024
2757794269800
2753722452644
1658500745832
2758012373608
1653987673688
2753499301464
1383342672228
2482854300004
1658220579172
2757732206948
2758012373400
1383623886164
2483135513940
2482866031252
1658232310420
2757743938196
1654189787480
2758016305576
1653925610836
2753437238612
1383342671188
2482854298964
1658220578132
1658282379620
2757794007396
1383672908132
2483184535908
1383628081512
1653988787796
2753500415572
1383405848148
2482917475924
1658283755092
2757795382868
1379379316308
2478890944084
1379328918884
2478840546660
1654206825828
1379109505384
2478621133160
1383405848152
2482917475928
1654257223256
2753768851032
2758063818328
1658283755096
2757795382872
1383674283608
2483185911384
1658552190552
1383627884184
2483139511960
1658505791128
2758017418904
1379328918888
2478840546664
2753516930404
2753768851044
1383674283620
2483185911396
1658552190564
1379110880868
2478622508644
1653988787812
2753500415588
1379110880872
2478622508648
1653988787816
2753500415592
1383405848168
2482917475944
1658283755112
2757795382888
1379379316328
2478890944104
1379063630168
2478575257944
1379315092056
2478826719832
1654192999000
2753704626776
1383610059352
2483121687128
1658487966296
2757999594072
1383426558372
2482938186148
1658304465316
2757816093092
1658572835236
2758084463012
1653988787800
2753500415576
1654009498024
2753521125800
1379398911572
2478910539348
1379398911576
2478910539352
1379327673700
2478839301476
1654205580644
2753717208420
2483201378920
1658567658088
2758079285864
1379327673704
2478839301480
1658282640996
2757794268772
1658571785828
2758083413604
1379398911588
2478910539364
1654276818532
2753788446308
2483205506660
1379398911592
2478910539368
1383623886228
2483135514004
1658501793172
1379060483476
2478572111252
1379328918932
2478840546708
1654206825876
2753718453652
1383693879640
2483205507416
1379398912344
2478910540120
1654276819288
2753788447064
1379060483480
2478572111256
1653938390424
2753450018200
1383355450776
2482867078552
1658233357720
2757744985496
2478889896616
1379109505444
2478621133220
1383672908196
1653938390436
2753450018212
1383355450788
2482867078564
1658233357732
2757744985508
2483118475624
1379110880920
2478622508696
1653988787864
2753500415640
1383405848216
2482917475992
1658283755160
2757795382936
1379060483496
2478572111272
1653938390440
2753450018216
1383355450792
2482867078568
1658233357736
2757744985512
1379378267800
2478889895576
1654256174744
2753767802520
1383673235096
2483184862872
1658551142040
2758062769816
1383342671204
2482854298980
1658220578148
2757732205924
1379382397336
2478894025112
1654260304280
2753771932056
1383677364632
2483188992408
1379059238292
2478570866068
1653937145236
2753448773012
1383354205588
2482865833364
1658232112532
2757743740308
1379327673748
2478839301524
1379110880936
2757795382952
1658236504660
1653941537364
2753453165140
1383358597716
2482870225492
1383627884200
2483139511976
1379059238296
2478570866072
1653937145240
2753448773016
1383354205592
2482865833368
1658232112536
2757743740312
1379327673752
2478839301528
1379063630424
2478575258200
1658487965268
1654276818580
2753788446356
1379398911640
2478910539416
1379059238308
2478907460244
1654273739412
1379063630436
2478575258212
1653941537380
2753453165156
1383358597732
2482870225508
1658236504676
2757748132452
1379059238312
2478570866088
1653937145256
2753448773032
1383354205608
2482865833384
1658232112552
2757743740328
1379395832472
2478907460248
1379063630440
2478575258216
1653941537384
2753453165160
1383358597736
2482870225512
1658236504680
2757748132456
1379130476196
2478642103972
1654008383140
2753520010916
1383425443492
2482937071268
1658303350436
2757814978212
1379398911652
1654273936024
2753785563800
1383690996376
1658487965272
2483202624152
1658568903320
2758080531096
1379130476200
2478642103976
2753788447076
1654008383144
2753520010920
1383425443496
2482937071272
1658303350440
2757814978216
1379398911656
1658303350164
1383425443220
1654276819304
2753788447080
1383693879656
2483205507432
1658571786600
2758083414376
2757995334308
1379310832292
2478822460068
1654188739236
1379126610324
2478638238100
1654004517272
2753516145048
1383421577624
2482933205400
1658299484568
2757811112344
1379382135124
1379333113172
2478844740948
1654211020116
2753722647892
1383628080468
2483139708244
1379113699672
2478625327448
1653991606616
2753503234392
1383408666968
1379332065940
2478843693716
1379378267816
2478889895592
1654256174760
2753767802536
1383673235112
2483184862888
1658551142056
2758062769832
1654210759256
2753722387032
1383627819608
2758017615192
1653991606628
2753503234404
1383408666980
2482920294756
1658286573924
2757798201700
1383678477908
2483190105684
1658556384852
2758068012628
1383410042452
2482921670228
1379333113188
1653991606632
2753503234408
1383408666984
2758068012632
2483190105688
1379333113192
2478844740968
1379315091044
2478826718820
1379115075172
2478626702948
1653992982116
2753504609892
1383678477924
2483190105700
1383410042468
2482921670244
1658287949412
2757799577188
1379331867988
2478843495764
1379115075176
2478626702952
1653992982120
2753504609896
1383410042472
2482921670248
1658287949416
2757799577192
1654210038184
2753721665960
1383627098536
2483138726312
1658505005480
2758016633256
1654273936040
2753785563816
1383690996392
2483121686120
1379331868004
2478843495780
1658489014936
1653942323876
2753453951652
1383359384228
1383628080532
2483139708308
1383690013080
2483201640856
1658567920024
2758079547800
1379333113240
2478844741016
1383359383188
2482871010964
1658237290132
2757748917908
1379378203224
2478889831000
1654256110168
2753767737944
1383673170520
2483184798296
1658551077464
2758062705240
2757816354472
2483205506408
2753789822568
1383695255144
2483206882920
1658573162088
2758084789864
1379115075220
2478626702996
1653992982164
2753504609940
1383410042516
2482921670292
1658287949460
2757799577236
1379064677796
2478576305572
1653942584740
2753454212516
1383359645092
2482871272868
1658237552036
2757749179812
1379310831268
1379115075224
2478626703000
1653992982168
2753504609944
1383410042520
2482921670296
1658287949464
2757799577240
1379064677800
2478576305576
1653942584744
2753454212520
1383359645096
2482871272872
2478621133396
1653987412564
2753499040340
1383404472916
2482916100692
1658282379860
2757794007636
1379377941076
2478889568852
2483184536152
1658550815320
2758062443096
1653987412568
2753499040344
1379109505624
2478621133400
1383404472920
1383410042532
2482921670308
1658287949476
2757744985688
2482867078744
1658233357912
1379115075240
2478626703016
1653992982184
2753504609960
1383410042536
2482921670312
1658287949480
2757799577256
1379331868056
2478843495832
1383672908388
2483184536164
2483201378964
1658567658132
2758079285908
1654194244264
1379063432612
2478575060388
1653941339556
2753452967332
1383358399908
2482870027684
1658236306852
2757747934628
2483202427240
1379063432616
2478575060392
1653941339560
2753452967336
1383358399912
2482870027688
1658236306856
2757747934632
1654272690840
2753784318616
1383689751192
2483201378968
1658567658136
2758079285912
2478889831012
1654256110180
2753767737956
2753448773208
1383354205784
2482865833560
1658232112728
2757743740504
1654277933732
2753789561508
2758084528804
1658568902312
2758080530088
1379400026792
2478911654568
1654256110184
2753767737960
1383673170536
2483184798312
2482917147988
1658283427156
2753767475860
1383672908436
1658550815380
2758062443156
1654277147028
2753788774804
1383694207380
2483205835156
1658572114324
2758083742100
1653991933540
2753503561316
1654008711576
2753520339352
1383425771928
2482937399704
1658303678872
2757815306648
1379316140388
2478827768164
2753767475876
1383672908452
2483184536228
1658550815396
1379063630228
2478575258004
1653941537172
2753453164948
1383358597524
1379046590036
2753503561320
1383408993896
2482920621672
1658286900840
2757798528616
1654194047336
2753705675112
1383611107688
2483122735464
1658489014632
2758000642408
2482853186152
1658219465320
2757731093096
2753784318628
1379332065624
2478843693400
1383421577828
1379395045988
2753784580708
1383690013284
2483201641060
1658567920228
2758079548004
2482933205604
1379126610536
2478638238312
1654272690856
2753784318632
1383689751208
2483201378984
1658567658152
2758079285928
1379312142676
2478823770452
2483118737748
1658485016916
2757996644692
1654190049620
2753701677396
1383607109972
1379312142680
2478823770456
2483118737752
1383607109976
1658485016936
2757996644712
2483117492564
1658483771732
1379310897496
1383690013332
2483201641108
1658567920276
2758079548052
1379395046040
2478906673816
1379113699924
2478625327700
1658237552212
2757749179988
1379310897508
2478822525284
1654188804452
2753700432228
1658483771752
1379395046052
2478906673828
1379395046056
2478906673832
1379382135396
2478893763172
1654260042340
2753771670116
2483188730468
1379043707284
2478555335060
1658216581524
2757728209300
1379312142740
2478823770516
2483185846612
1658552125780
2758063753556
1654190049688
2753701677464
1383607110040
2483118737816
1658485016984
2757996644760
1654278130344
2753789758120
1379400288932
2478911916708
1654278195876
2753789823652
1383695256228
2483206884004
1654209971544
2753721599320
1383627031896
2483138659672
1658504938840
2758016566616
1383358400088
2482870027864
1658236307032
2757747934808
2753721402968
1383626835544
2483138463320
1658504742488
1379312142760
2478823770536
1654190049704
2753701677480
1383607110056
2483118737832
1658485017000
2757996644776
1383628080488
2483139708264
1658505987432
2758017615208
1654210759316
2753722387092
1383627819668
2483139447444
1658505726612
2758017354388
1654278195880
2753789823656
1383695256232
1654188804500
2753700432276
2757995399572
1658484753828
1383605864856
2483117492632
1654261089620
2753772717396
1383678149972
2483189777748
1658556056916
2758067684692
1654260042388
2753771670164
1383677102740
2483188730516
1653991606932
2753503234708
1653991606936
2753503234712
1383408667288
1654210759320
2753722387096
1383627819672
2483139447448
1383677102756
2483188730532
2753788775012
1383694207588
2483205835364
1379130804840
2478642432616
1654008711784
2753520339560
1383425772136
2478890878292
1654257157460
2753768785236
1379379251560
2478890879336
2753788775080
1654257157464
2753768785240
1383611304292
2483122932068
1658489211236
2758000839012
1379382463076
2478894090852
1383677430372
2483189058148
1658555337316
2758066965092
1379316337000
2478827964776
1658232309332
2757743937108
1653988460116
2753500087892
1654260370024
2753771997800
1383677430376
2483189058152
1658555337320
2758066965096
2478622180952
1653988460120
1654192998756
2753704626532
1383610059108
2483121686884
1658487966052
2757999593828
1379110553188
2478622180964
1379399240356
2478910868132
1654277147300
2753788775076
1383694207652
2483205835428
1658572114596
2758083742372
1379110553192
2478622180968
1379042724184
2478554351960
1379399240360
2478910868136
1379042395480
2478554023256
2482937070948
1654194243988
2753705871764
1383611304340
2483122932116
1658489211284
2758000839060
2753437436308
1654255913300
2753767541076
1383672973652
2758062508372
1379316337048
2478827964824
1383695190696
2483206818472
1658573097640
2758084725416
1383605798296
2483117426072
1383674217828
2483185845604
1658552124772
2758063752548
2753499301204
1379310831016
1379378201944
2478889829720
1654256108888
2753767736664
1654194244004
2753705871780
2753767541080
1383672973656
2483184601432
1658550880600
2758062508376
1654257157480
2753768785256
1383674217832
2483185845608
1658552124776
2758063752552
2483121686932
1658487966100
2757999593876
1658501858660
2758013486436
1379126282584
2478637910360
1654004189528
1379042724196
2478554351972
1383337363092
2482848990868
1658215270036
2757726897812
1653920369236
2753431997012
2478554090068
1379109504676
2478621132452
2753704560212
2478826653268
1654192932436
1379126282596
2478637910372
1654004189540
1654272624996
1658568967764
2758080595540
1383691060820
2483202688596
1379396093524
2478907721300
1654274000468
1654004189544
2753515817320
1383421249896
1379396093528
2478907721304
2753767541092
1658304465240
1379131591000
2757816093016
1383404733860
2482916361636
1658282640804
2758062704036
2482916361640
1658282640808
2757794268584
1379113962068
1383694207656
2483205835432
1658572114600
2758083742376
1383622576536
2483134204312
1658500483480
2758012111256
1379043509588
2478555137364
1653921416532
2753433044308
1383338476884
2482850104660
1658216383828
2757728011604
1658216383832
2757728011608
2478555137368
1653921416536
2753433044312
1379043509592
1383338476888
2753521388180
1379127658132
2478639285908
1654005565076
2753517192852
1383422625428
2482934253204
1658300532372
1379127658136
2478639285912
1654005565080
2753517192856
1383422625432
2482934253208
1379043509604
2478555137380
2478843693476
1654209972644
2753721600420
1383627032996
2758016567716
2753705870744
1383691060900
2483202688676
1658568967844
2758080595620
1379127658148
2478639285924
1654005565092
2753517192868
1383422625444
1379127658152
2478639285928
1654005565096
2753517192872
1383422625448
2482934253224
1658300532392
2757812160168
1383409714788
2482921342564
1658287621732
2757799249508
1379114747496
2478626375272
1653992654440
2753504282216
1383409714792
2482921342568
1658287621736
2757799249512
1654209972648
2753721600424
1383627033000
2483138660776
1658504939944
2758016567720
2758062507364
1654255912292
2753767540068
1383672972644
1379113960792
2478625588568
1653991867736
2753503495512
1383408928088
2482920555864
1658286835032
2757798462808
1379382396248
2478894024024
1379113962084
2478625589860
1653991869028
2753503496804
1654206892436
2753718520212
1383623952788
2483135580564
1658501859732
2758013487508
1379378005352
2478889633128
1654255912296
2753767540072
1654206892440
2753718520216
1383623952792
2483135580568
1658501859736
2758013487512
1383693879652
1379398912356
2478910540132
1654276819300
2478906346132
1654272625300
1383689685652
2483201313428
1658567592596
2758079220372
1379130476904
2478642104680
1654008383848
2753520011624
1383425444200
2482937071976
1658303351144
2757814978920
1379398912360
2478910540136
1379400287832
2478911915608
1654278194776
2753789822552
1383695255128
2483206882904
1658573162072
2758084789848
1383677363604
2483188991380
1658555270548
2758066898324
2753771931028
1379113960852
1654272625304
2753784253080
1383689685656
1379130477204
2478642104980
2483184536212
1379377941140
2478889568916
1654255848084
1379109766740
2478621394516
1653987673684
2753499301460
1658504678052
1383689685668
1658282640984
2757794268760
1379109766744
2478621394520
1383408928356
2482920556132
1658286835300
2757798463076
1654193981796
2753705609572
1383611042148
2483122669924
1658488949092
2758000576868
2478621394532
1653987673700
2753499301476
1383404734052
2482916361828
1379109766760
2478621394536
1653987673704
2753499301480
1383404734056
2482916361832
1658282641000
2757794268776
2482920556136
1658286835304
2757798463080
1654189066580
2753700694356
1383606126932
2483117754708
1658484033876
2757995661652
1654193981800
2753705609576
1383611042152
2483122669928
1658488949096
2758000576872
1379047703908
2478559331684
1653925610852
2753437238628
2478906346148
1654272625316
2753784253092
1383611303320
1379047703912
2478559331688
1653925610856
2753437238632
1383342671208
2482854298984
1658220578152
2757732205928
1379131852452
2478643480228
1654009759396
2753521387172
1383426819748
2482938447524
1658304726692
2757816354468
1379131852456
2478643480232
1654009759400
2753521387176
1383426819752
2482938447528
1658304726696
1654272624276
2753784252052
1383689684628
2483201312404
1658567591572
2758079219348
1383606126936
2483117754712
1658484033880
2757995661656
1653937341784
2753448969560
1383354402136
2482866029912
1658232309080
2757743936856
1379327870296
2478839498072
1383689946516
2482866029972
1658232309140
2757743936916
1379394979220
1654272624280
2753784252056
1383689684632
2483201312408
1658567591576
2758079219352
2753704822180
1379110880856
2478622508632
1379378202276
2757794268840
2753784253076
1379394718356
1379394718360
2478906346136
1383404734036
2482916361812
1658282640980
2757794268756
1658483967576
2757995595352
1383404734040
2482916361816
1379109766756
2482933139044
1379394718372
1654205777572
2753717405348
2758079219364
1379400223396
2478911851172
2483206621528
1658572900696
1654272624296
2753784252072
1383689684648
2483201312424
1658567591592
2758079219368
1653920630100
2753432257876
1379042723156
2478554350932
1383337690452
2482849318228
1658215597396
2757727225172
1383337690456
2482849318232
1658215597400
2757727225176
1379042723160
2478554350936
1653920630104
2753432257880
1379042723172
2478554350948
1653920630116
2753432257892
1383337690468
2482849318244
1658215597412
2757727225188
1383674284628
1379379317336
2478890945112
1379113961060
2478625588836
1653991868004
2753503495780
1379113961064
2478625588840
1653991868008
2753503495784
1383408928360
2478840547732
1654206826900
2753718454676
1383623887252
2483135515028
1658501794196
2758013421972
1658304465320
2757816093096
1379328919960
2478840547736
1383677363860
2483188991636
1658555270804
1654260304484
2753771932260
1383677364836
2483188992612
1658555271780
2758066899556
1379382397540
2478894025316
1653938390420
2753450018196
1383355450772
2482867078548
1658233357716
2757744985492
1379327674772
2478839302548
1654205581716
2753717209492
1383622642068
2483134269844
1658500549012
2758012176788
1383677363796
1379327674776
2478839302552
1654189001044
2753700628820
1379382397544
2478894025320
1654260304488
2753771932264
1383677364840
2483188992616
1658555271784
2758066899560
1379382397332
2478910540452
1654276819620
2753788447396
2758083414692
1383693879972
2483205507748
1379398912676
1658571786916
2753705870760
1379398912680
2478910540456
2483185912404
1658552191572
2758063819348
1654257224276
2753768852052
1379379317332
2478890945108
2753788512932
1379398978212
2478910605988
1654276885156
1654257224280
2753768852056
1383674284632
2483185912408
1658552191576
2758063819352
1654276885160
2753788512936
1383693945512
2483205573288
1658571852456
2758083480232
2757731419492
1379046917476
1379046917480
2478558545256
1653924824424
1379383511652
2478895139428
1654261418596
