1464941741396
1551113783656
2650625411432
1825991690600
1538224949652
2637736577428
1813102856596
2912614484372
1555404818836
2654916446612
1830282725780
2929794353556
1469505472916
2569017100692
1555471926888
2654983554664
1830349833832
2929861461608
1533682256212
2633193883988
1551130560852
2650642188628
1826008467796
2925520095572
1808560163156
2908071790932
1482142648660
1744135653716
1537956447572
1555136316756
1830014223700
1744114877780
1812834354516
1486416840020
1830018222440
1825808451944
1550845347432
2650356975208
1825723254376
1465215420840
2564727048616
1740093327784
2839604955560
1533934897576
2633446525352
1808812804520
1465014422120
2564526049896
1739892329064
2839403956840
1533733898856
2633245526632
1808611805800
1550926087764
2564538369620
1739904648788
2839416276564
1533746218580
2633257846356
1808624125524
1469576709736
2569088337512
1744454616680
1555136055976
2654647683752
1830013962920
2929525590696
1808544696916
2908056324692
1469522184872
2908341209448
1757084452436
2856596080212
1550926022228
2650437650004
1825803929172
2925315556948
1486501512788
2586013140564
1761379419732
2860891047508
2650437913256
1825804192424
1538309817960
2637821445736
1813187724904
2650373686888
2912699352680
2585949243736
1551130560856
2650642188632
1826008467800
2925520095576
2860827150680
1739840686424
2839352314200
1533682256216
2633193883992
2843912766888
2860810635608
1830367331748
2929878959524
1469590078884
2569101706660
1744467985828
2843979613604
1486769948068
2586281575844
1761647855012
2861159482788
1830030739880
1830353766824
1761298942376
2925584320168
1482121610596
2581633238372
1756999517540
2856511145316
2912631981736
2925302974120
1538296973992
2637808601768
1813174880936
2912686508712
2929610524248
1534014588504
2633526216280
1808892495448
2908404123224
1538309555800
2637821183576
1813187462744
1482206545496
2581718173272
1533951740584
2633463368360
1808829647528
2908341275304
2843715373396
1538045315412
2637556943188
1812923222356
2912434850132
2654736812372
1830103091540
2929614719316
1469325838676
2568837466452
2929882367384
1761361595032
2860873222808
1550862386852
2650374014628
1825740293796
2925251921572
1757020817060
2856532444836
1538027488660
2637539116436
1469510387096
2569022014872
1744388294040
2843899921816
1538229863832
2637741491608
1813107770776
2912619398552
1486690256280
2586201884056
1739819911528
2839331539304
1533661481320
2633173109096
1808892496484
1469321710184
2568833337960
1744199617128
2843711244904
1538041186920
2637552814696
1812919093864
2912430721640
1486501579368
2586013207144
1465227216536
2564738844312
2564520806820
1739887085988
2839398713764
1740105123480
2839616751256
1533946693272
2633458321048
1808824600216
1469242279588
2929862511272
1486768900456
2586280528232
1761646807400
2861158435176
1465282594468
2564794222244
1825719256744
2908407270056
2564521855320
2860891048616
1551130822244
2650642450020
1826008729188
2925520356964
1482411345508
1538023295396
2637534923172
1812901202340
2912412830116
1555203164580
2654714792356
1830081071524
2929592699300
1469303818660
2568815446436
1555137366424
2654648994200
1830015273368
2929526901144
1486500464232
2586012092008
1761378371176
2860889998952
1808560163172
2908071790948
1482142648676
2581654276452
1757020555620
2856532183396
1550862125412
1551130560868
2650642188644
1826008467812
1551177681304
2650689309080
1826055588248
2925567216024
1482457417320
2581969045096
1757335324264
2856846952040
1465010227876
2564521855652
1739888134820
2839399762596
1533729704612
2633241332388
1486768966312
2586280594088
1761646873256
2861158501032
1469505472920
2569017100696
1744383379864
2843895007640
1538224949656
2637736577432
1813102856600
2912614484376
1486685342104
1813187462756
1538309555812
2637821183588
1757084452452
2856596080228
1465295111780
2564806739556
1740173018724
2839684646500
1534014588516
1464962779496
1555136316760
2654647944536
1830014223704
2929525851480
1537956447576
1812834354520
2637468075352
2568748598616
1744114877784
2843626505560
2908336227748
2843710458212
2654983227748
1830349506916
2929861134692
1469572254052
2569083881828
1744450160996
2843961788772
1826055915860
2925567543636
1486752123236
1555421529684
2654933157460
1830299436628
2929811064404
1555477169512
2654988797288
1555154142568
2654665770344
2908407596696
1830032049512
2929543677288
1830355076456
2929866704232
1812856179368
1757003778728
1744468249256
1826055916132
2925567543908
2925299107412
1482458532452
2581970160228
1757336439396
2856848067172
1465026676328
1551194457448
2650706085224
1826072364392
2925583992168
2861079070104
1482122986900
2581634614676
2856511408740
1482121874020
2581633501796
1830283708824
1555422644648
2654934272424
1469590078888
2569101706664
1744467985832
1533728327060
2633239954836
1808606234004
2908117861780
1825786103188
2925297730964
2564520478100
1739886757268
2839398385044
2633194080596
1808560359764
2908071987540
2929546888856
1538023294312
2637534922088
1812901201256
2912412829032
1555154208424
2654665836200
1830032115368
2929543743144
1538024670868
2637536298644
1812902577812
2912414205588
1555204540052
2654716167828
1830082446996
1813107049876
2912618677652
1757004039572
2856515667348
1550845609364
2650357237140
1825723516308
2925235144084
1469241230740
2568752858516
1551194523304
2650706151080
1826072430248
1465294325140
1555225184600
2568837466456
2843715373400
2654736812376
2929614719320
1538045315416
1812923222360
1486505707864
1761383614808
1469325838680
1826071382372
2637803424168
1813169703336
2912681331112
1464963040936
2564474668712
1739840947880
2856779908708
2861141920344
2856515340888
2856796686936
2839352575656
1533682517672
2633194145448
2925571475812
1825736821092
2650370541924
2925248448868
1533996762452
2633508390228
1808874669396
2908386297172
1551176631636
2650688259412
1482457154900
2581968782676
1826054538580
2925566166356
1486757628260
2929814996580
1757004039576
2856515667352
1550845609368
2650357237144
1825723516312
2925235144088
1469241230744
2568752858520
1744119137688
1761648183704
2861159811480
2586000558488
1761366837656
2860878465432
1469573629524
2569085257300
1744451536468
2843963164244
2586265126484
1761631405652
2861143033428
2856784824936
2929799334504
1482126919076
2581638546852
1465014356372
2564525984148
1739892263316
2839403891092
1533733833108
2633245460884
2929865394840
1761379747480
2860891375256
1761648182936
2856850885272
1550858980004
2650370607780
1465231476328
2564743104104
1740109383272
2839621011048
1533950953064
2633462580840
1808828860008
2908340487784
1482411345512
2581922973288
1469303818664
2568815446440
1744181725608
2843693353384
1538023295400
1555137104532
2654648732308
1830015011476
2929526639252
1469237758612
2860807162516
2860878793044
2633241332392
1808607611560
1830366610792
2908119239336
1482190097064
2581701724840
1757068004008
2856579631784
1550909573800
2650421201576
1486773093972
2586284721748
1761651000916
2861162628692
1486505706856
1465282791764
2564794419540
1740160698708
2925571672404
2839672326484
2586017334632
1761383613800
2860895241576
1757340566888
1538312767140
2637824394916
1813190674084
1555492636324
2655004264100
1830370543268
2929882171044
1469593290404
2569104918180
1744471197348
1486505970264
1555207619992
2654719247768
1830085526936
2929597154712
1555405604248
2654917232024
1830283511192
2929795138968
1555404491368
2654916119144
1830282398312
2929794026088
1469572254056
2569083881832
1744450161000
2843961788776
1538291730792
2637803358568
1813169637736
2912681265512
1486752123240
2586263751016
1486774208936
1830283446868
2929795074644
2569017821780
1538225670740
2637737298516
1469506194004
1761563970132
2861075597908
1551194720872
2650706348648
1826072627816
2925584255592
1482408135080
2581919762856
1757286042024
2856797669800
1465278663272
2564790291048
1740156570216
2839668197992
1808876046952
2908387674728
1482458532456
2581970160232
1761383679656
2860895307432
1533934175652
1808543647140
2908055274916
1482126132644
2581637760420
1538229142948
2637740770724
1813107049892
2912618677668
2633445803428
2908404189588
2581974353576
1757340632744
2856852260520
1538023557736
2637535185512
1812901464680
1830304679252
2929816307028
2912413092456
2633239954840
1808606234008
2908117861784
1482188719512
2581700347288
1757066626456
2856578254232
1550908196248
2650419824024
1825786103192
1830081137252
2925303302804
1555208735380
2654720363156
1830086642324
2929598270100
1757072198292
2856583826068
1465282857620
2564794485396
1740160764564
1469305194136
2568816821912
1744183101080
2843694728856
1538024670872
2637536298648
1812902577816
2912414205592
1486485063320
2585996691096
1464946263464
2564457891240
1739824170408
2839335798184
1533665740200
2633177367976
1808543647144
1465013110116
2564524737892
1739891017060
2839402644836
1533732586852
2633244214628
1808610493796
2586263751256
1825735838116
2908067596708
2925247465892
1550857931172
2650369558948
1482138454436
2581650082212
1757016361380
2856527989156
1464958585252
1482406890072
2581918517848
1757284797016
1555492898216
1465014422168
2564526049944
1739892329112
2839403956888
1533733898904
2633245526680
1808611805848
2908123433624
1482194291352
2581705919128
1533950690644
2633462318420
1808828597588
2908340225364
2908324758888
1551176631640
2650688259416
1826054538584
2925566166360
1482457154904
2581968782680
1757335061848
2856846689624
1482127182500
2581638810276
1757005089444
2650622199144
2633241069972
1808607349140
2912682640984
1555472975448
2654984603224
1830350882392
2929862510168
1469573629528
1740105909860
2839617537636
2569085257304
1744451536472
1757072132504
2856583760280
1550913702296
2856784889492
2650425330072
1825791609240
2925303237016
2654917429592
2929795336536
1551126366564
2650637994340
1826004273508
2925515901284
1757284796772
2856796424548
2908337276328
2925499385256
1826060044968
1550929167716
2650440795492
1825807074660
2839688055460
1469237758616
2568749386392
1744115665560
2843627293336
1537957235352
2637468863128
1812835142296
2912346770072
1486417627800
2585929255576
1486505970280
2586017598056
1761383877224
2860895505000
1757269001624
2856780629400
1812850935188
2912362562964
1537973028244
2637484656020
1537961495140
2637473122916
1812839402084
2912351029860
1555152897428
2654664525204
1555141364324
2654652992100
1830019271268
1551182137688
2650693765464
1826060044632
2925571672408
1482462660952
2581974288728
1757340567896
2856852195672
2843912833384
2586012091816
1469593290408
2569104918184
1744471197352
2843982825128
1538312767144
2637824394920
1813190674088
2912702301864
1486773159592
2586284787368
2650370804308
1825737083476
2925248711252
2929543678548
1486434667092
2585946294868
1761312574036
2860824201812
1813103577688
2912615205464
1555405539928
2654917167704
1830283446872
2929795074648
1469506194008
2569017821784
2908391869092
1550913768100
2650425395876
1825791675044
2925303302820
1555208735396
1808611805860
2654720363172
1465282857636
2564794485412
1739907795560
2839419423336
1825790625192
1826009449896
2860806113704
1555409733992
2654921361768
1830287640936
2929799268712
2908323382948
2633445476004
1533950626456
2633462254232
1808828533400
2908340161176
2860894521748
2912630998356
1555421332820
2654932960596
1830299239764
2929810867540
1469521986900
2569033614676
1744399893844
2843911521620
1538241463636
1825740032404
2925251660180
1555157092756
2654668720532
1830034999700
2929546627476
1482142648724
2581654276500
1757020555668
2856532183444
1464959830616
2564471458392
1550908197224
2650419825000
2654735763880
2650692716968
1555422643816
2654934271592
1555141297768
2654652925544
1830019204712
2929530832488
1830300550760
2929812178536
1465014422184
2564526049960
1739892329128
2839403956904
1533733898920
2633245526696
1808611805864
2908123433640
1482194291368
2581705919144
1537978534292
2637490162068
1812856441236
2912368069012
1555158403476
2654670031252
1830036310420
2929547938196
1469259057556
2568770685332
1482478388648
2581990016424
1757356295592
2856867923368
1538041120404
2637552748180
1812919027348
2912430655124
1550926022292
2650437650068
1825803929236
2925315557012
1555220989588
2654732617364
1538028800360
2637540428136
2839402644840
1533732586856
2633244214632
1808610493800
2908122121576
1482192979304
2581704607080
1757070886248
2856582514024
1555409799848
2650358023764
1825724302932
2925235930708
1464947050068
2564458677844
1739824957012
1464962779544
2564474407320
1739840686488
2839352314264
1533682256280
2633193884056
1808560163224
2908071791000
1482142648728
2581654276504
1464958585256
2564470213032
1739836492200
2839348119976
1533678061992
2633189689768
1538291795560
2637803423336
1813169702504
2912681330280
2586264864360
2564807067048
1740173346216
2839684973992
1465026676376
2564538304152
1739904583320
2839416211096
1555409733028
2654921360804
1830287639972
2929799267748
1469510387108
2569022014884
1744388294052
2843899921828
1482395354468
2581906982244
1812906773160
2912418400936
2654651942292
1830304745812
2929816373588
1469527492948
2569039120724
1744405399892
2843917027668
1538246969684
2637758597460
1813124876628
2912636504404
1555141626280
1550930544020
2650442171796
1825808450964
2925320078740
1551126562468
2650638190244
1826004469412
2925516097188
2564738844324
1740105123492
2839616751268
1482407085732
2581918713508
1757284992676
2650622265000
1482142845348
2581654473124
1757020752292
2861146965400
1465227020648
2564738648424
1740104927592
2839616555368
1533946497384
2633458125160
1808824404328
2908336032104
1486757431960
2586269059736
1486434405016
2585946032792
1761312311960
2860823939736
1761635338904
2861146966680
1826005321320
2581902985880
1757269265048
2856780892824
1550862322260
2650373950036
1825740229204
2925251856980
2637489833364
2912367740308
2839352511060
1533682453076
2633194080852
1808560360020
1486703102564
1825737083492
2925248711268
1761581009508
1555154143844
2654665771620
1830032050788
2929543678564
1757017606756
2856529234532
2637736249960
2633526479464
2929862445416
1469253551512
2568765179288
1744131458456
2843643086232
1537973028248
2637484656024
1812850935192
2912362562968
1486433420696
2585945048472
2568753646184
1744119925352
2843631553128
1537961495144
1538224949668
2637736577444
1813102856612
2912614484388
1555404818852
2654916446628
1830282725796
2929794353572
1469505472932
2569017100708
1486500792680
2586012420456
1761378699624
2860890327400
2908122319528
2908320303784
2861095848616
2564470211940
1739840686500
2839352314276
1533682256292
2633193884068
1537977223588
2637488851364
1812855130532
2912366758308
2925251660196
1555157092772
1464959830632
2564471458408
2912345982308
1469236970852
2568748598628
1744114877796
2843626505572
1555136316772
2654647944548
1830014223716
2929525851492
2929794287012
1555421530520
2654933158296
1830299437464
2929811065240
1486774208104
2586285835880
1761652115048
2861163742824
1825803928984
1825787480472
2925299108248
1465026741860
2564538369636
1739904648804
2839416276580
1533746218596
2633257846372
1808624125540
2908135753316
1482206611044
2581718238820
1482408134248
2581919762024
1555476121240
2654987749016
1555153094296
2654664722072
1830031001240
2929542629016
2581986608804
1757352887972
2856864515748
1744467986084
1486769948324
2586281576100
1761647855268
1538041120420
2637552748196
1812919027364
1830283512424
1744399893848
2569033614680
1555421332824
1830299239768
2843911521624
2654932960600
2929810867544
1538241463640
1813119370584
1486701856088
1533666526552
2633178154328
1808544433496
1551193409176
2650705036952
1826071316120
1464962779560
2564474407336
1739840686504
2839352314280
1533682256296
2633193884072
1808560163240
2908071791016
1482142648744
1482395290280
2581906918056
1757273197224
2856784825000
1830018419028
1555140512084
2654652139860
1469259057560
2568770685336
1744136964504
2843648592280
1537978534296
2637490162072
1812856441240
2912368069016
1486438926744
2585950554520
2650692454740
1826058733908
2925570361684
1538314012312
2637825640088
1813191919256
2912703547032
1465026676392
2564538304168
1739904583336
2839416211112
1533746153128
2633257780904
1808624060072
2908135687848
1482206545576
1550846395992
1825724302936
2650358023768
2925235930712
1757004826200
1464947050072
2564458677848
1739824957016
2839336584792
1533666526808
1761630291348
2861141919124
1555136120168
1538045315428
2637556943204
1812923222372
2912434850148
1555225184612
2654736812388
1830103091556
2929614719332
1550912390740
2650424018516
1825790297684
2925301925460
1550926349672
2650437977448
1465210504596
2564722132372
1740088411540
2839600039316
1825804256616
2925315884392
2912347097428
1813174158756
1813190936984
1555425462696
2654937090472
1830303369640
2929814997416
2925521077912
2912349914776
1469510387112
2569022014888
1744388294056
2843899921832
1538229863848
2637741491624
1813107770792
2912619398568
1486690256296
2586201884072
1550913505704
2650425133480
1825791412648
2925303040424
2861096896856
1830304745816
1538246969688
2637758597464
1744405399896
2569039120728
2843917027672
2654938466648
2929816373592
1469527492952
1555488377240
2912686572904
1555157026472
2654668654248
1830034933416
2929546561192
1465227216552
1533930964328
2633442592104
1808808871272
2908320499048
2564738844328
1740105123496
2839616751272
1533946693288
2633458321064
1551113979560
2650625607336
2564454483348
2839332390292
1825991886504
2925503514280
1538242513320
1538044529064
2637556156840
1812922436008
2912434063784
2637754141096
1813120420264
2912632048040
1533682453080
2633194080856
1808560360024
2908071987800
1482142845528
2581654473304
1757020752472
2856532380248
1550862322264
2650373950040
1551198718356
2650710346132
1826076625300
2925588253076
1482479241620
2581990869396
1757357148564
2856868776340
2843693417812
1761651001752
2861162629528
1550930216276
1757088646484
2856600274260
2633261974868
1808628254036
2908139881812
1465030870356
2564542498132
1739908777300
2839420405076
2654715120232
1469505472936
2569017100712
2586016286360
1761382565528
2860894193304
1744383379880
2843895007656
1538224949672
2637736577448
1813102856616
1757339518616
2856851146392
1538044267156
2637555894932
1812922174100
2912433801876
1555224136340
2654735764116
1830102043284
2929613671060
1469324790420
2568836418196
2654653254296
1469236970856
2568748598632
1744114877800
2843626505576
1537956447592
1486773422420
2586285050196
1761651329364
2861162957140
1808624125544
2908135753320
1482206611048
2581718238824
1757084517992
2856596145768
1550926087784
2650437715560
1761382893140
2860894520916
1465008850340
2564520478116
1739886757284
2839398385060
1533728327076
2633239954852
1808606234020
1555158336920
2654669964696
1830036243864
2929547871640
1555136383592
2654648011368
1830014290536
1555492571732
2655004199508
1550925302100
2650436929876
1825803209044
2925314836820
1739903863124
1533745432916
2633257060692
2908134967636
1551198651800
2650710279576
1826076558744
2925588186520
1551176698472
2650688326248
1826054605416
2925566233192
1538024670884
2637536298660
1812902577828
2912414205604
1469305194148
1744183101092
1555204540068
2654716167844
2568816821924
1744186182296
1482390112680
2581901740456
1757268019624
2856779647400
1469325838696
2568837466472
1744203745640
2843715373416
1538045315432
2637556943208
1812923222376
2912434850152
1486505707880
2586017335656
1465210504600
2564722132376
1740088411544
2839600039320
1533929981336
2633441609112
2925302188436
2925500172692
1808807888280
2908319516056
1555152898712
1538297301608
2637808929384
1813175208552
2912686836328
1555408749908
2654920377684
1830286656852
2929798284628
1469510715816
2569022343592
1744388622760
2843900250536
2925566166372
1757335061860
2856846689636
1534014589544
2650710607188
2925588514132
2633526217320
1808892496488
2908404124264
2839332653716
1740105910696
2839617538472
1830082447700
1555472975460
2654984603236
1830350882404
2929862510180
1469573629540
2569085257316
1744451536484
2843963164260
2861092375128
1813171013220
1486484015704
2585995643480
1465014356388
2564525984164
1739892263332
2839403891108
1533733833124
2633245460900
1808611740068
2908123367844
1482194225572
2581705853348
1538246640980
1813124547924
2912636175700
1808623011156
2908134638932
1537957235364
2637468863140
1812835142308
2912346770084
1555137104548
2654648732324
1830015011492
2929526639268
1469237758628
2568749386404
1740106238308
2839617866084
1465299372440
2564811000216
1740177279384
1469321906776
2568833534552
1744199813720
2843711441496
2655005508968
2856600274264
1550930216280
2650441844056
1825808123224
2925319751000
1465030870360
2925231736468
2564542498136
1739908777304
2839420405080
2908403074708
1551182137700
2650693765476
1826060044644
2925571672420
1482462660964
2581974288740
1757340567908
2856852195684
2843963165348
1486753171796
1465278335316
2564789963092
1740156242260
2839667870036
2843962837332
2856847739220
1482458204500
1533729376596
1469324790424
2568836418200
1744202697368
2843714325144
1538044267160
2637555894936
1812922174104
2912433801880
1486504659608
2586016287384
1538225670756
2637737298532
1813103577700
2912615205476
2861075597924
1555405539940
2654917167716
1830283446884
2929795074660
1744384100964
1555493620132
1830371527076
2655005247908
2929883154852
2925299107416
1761365854824
2860877482600
1830086575508
2929598203284
1555208668564
2654720296340
1486489191828
2586000819604
1761367098772
2860878726548
1744387311208
2929865656680
2929542629736
2637535971672
2856579303768
1744451209560
2843962837336
2912413878616
1757336111448
2856847739224
2564521527640
1555408685720
2654920313496
1830286592664
1469523233428
2569034861204
1744401140372
2843912768148
1482408135316
2581919763092
1757286042260
2856797670036
1486703102612
2586214730388
1533665674596
2633177302372
1808560359768
2908071987544
2650710543000
1826076822168
2925588449944
2581700347304
1757066626472
2856578254248
1550908196264
2650419824040
1825786103208
2925297730984
1464942790292
2564454418068
1739820697236
2839332325012
1533662267028
2633173894804
1808540173972
2908051801748
1482122659476
2581634287252
1825803209048
1533745432920
2633257060696
1808623339864
2908134967640
1538312702552
2637824330328
2650436929880
2925314836824
1812851984020
1808812083620
2908323711396
1469305194152
2568816821928
1744183101096
2843694728872
2839672326760
1538024670888
2637536298664
1812902577832
2912414205608
1486485063336
1813103643288
1538027752088
2637539379864
1812905659032
2912417286808
2912615271064
2925251594664
2929878174120
1464959830680
2564471458456
1739837737624
2839349365400
1808557214360
2908068842136
1482139699864
2581651327640
1761567180200
1555141626216
1469577758036
2569089385812
1744455664980
2843967292756
1538297234772
2637808862548
1813175141716
2912686769492
1486757627220
2586269254996
1538242709908
2637754337684
1813120616852
2912632244628
1555422579092
2654934206868
1830300486036
2929812113812
1469523233172
2569034860948
2856582711704
2650370541928
1551130756520
2856780695960
2654648797608
1555425461864
2654937089640
1830303368808
2929814996584
1465277285736
2564788913512
1740155192680
2839666820456
1808874669416
2908386297192
1482457154920
2581968782696
1534001220244
2633512848020
2908390754964
1465211225684
2564722853460
1740089132628
2839600760404
2633442330196
1808808609364
2839600825684
1465211290964
1465013306708
2564524934484
1739891213652
2839402841428
1830031853928
2856516453800
2912702499176
1469573629544
2569085257320
1744451536488
2843963164264
1538293106280
2637804734056
1813171013224
2912682641000
1744202762644
2843714390420
1555204213416
2654715841192
1830082120360
1757072132520
2856583760296
1550913702312
2650425330088
1825791609256
2925303237032
1550858980008
2650370607784
1825736886952
2925248514728
1464958781844
2564470409620
1739836688788
2839348316564
1538242512488
2637754140264
1813120419432
2912632047208
2654670030440
1469573302628
2569084930404
1744451209572
1482189769060
2581701396836
1757067676004
2856579303780
1550909245796
2650420873572
1482458204516
1486489258328
1761367165272
2586000886104
1465232197268
1538313030312
2637824658088
1813190937256
2912702565032
2861075924648
1537973028260
2637484656036
1812850935204
2912362562980
1555152897444
2654664525220
1830030804388
2929542432164
1469253551524
2568765179300
1465282791784
2564794419560
1740160698728
2839672326504
1534002268520
2633513896296
1808880175464
2908391803240
1482462660968
2581974288744
1465009899880
2564521527656
1739887806824
2839399434600
1533729376616
2633241004392
1808607283560
2908118911336
1482189769064
2581701396840
2633190935204
1808557214372
2908068842148
1482139699876
2581651327652
1469523233444
2569034861220
1744401140388
2843912768164
1482408135332
2925247466088
1761583892072
1469506194024
2569017821800
1744384100968
2843895728744
1538225670760
2637737298536
1813103577704
2912615205480
1486686063208
2586197690984
1533749299812
2633260927588
1808627206756
2912345785700
1469309322648
2568820950424
1744187229592
2843698857368
1538028799384
2637540427160
1812906706328
2912418334104
1486489191832
2586000819608
1538241463652
2637753091428
1813119370596
2912630998372
1555421332836
2654932960612
1830299239780
2929810867556
1469521986916
2569033614692
1464959830696
2564471458472
1830098962088
2925583010472
2650353763992
1825720043160
2925231670936
2839689104040
2637490162084
2912368069028
1555158403492
2654670031268
1830036310436
1469259057572
2568770685348
2843648592292
1744136964516
2929547938212
1551180826280
1533997876904
1551193737624
2650705365400
1826071644568
2925583272344
2564793174696
1482390111848
2581901739624
1757268018792
2856779646568
2925235930724
1464947050084
2564458677860
1739824957028
2839336584804
1533666526820
1555426838168
2654938465944
1830304745112
1538297234776
2637808862552
2912686769496
2861147161944
1555477103960
1830355010904
1469577758040
2569089385816
1744455664984
2908340225368
1550925301400
2650436929176
1825803208344
2925314836120
1469523233176
2569034860952
1744401140120
2843912767896
1538242709912
2637754337688
1813120616856
2912632244632
1486703102360
2586214730136
1538241399192
2637753026968
1813119306136
2912630933912
1465281743512
1482391094872
1551110571608
2650622199384
1825988478552
2925500106328
2581902722648
1757269001816
2564793371288
2839399696740
2839617537640
1551131543892
2650643171668
1826009450836
1761585269092
1538246969700
2637758597476
1813124876644
2912636504420
2586218989924
2861096896868
1555426838884
1830304745828
1486707362148
2637807617688
1813173896856
2564810148520
1740176427688
2839688055464
1757088908708
1757272410520
1555157354920
2654668982696
1830035261864
2929546889640
1464964089236
2564475717012
2908071987812
1739841996180
2839353623956
2843644134740
1537974076756
1830300288340
2929811916116
1533947544916
2633459172692
1465228068180
2564739695956
1740105975124
2839617602900
1537973290580
2637484918356
1812851197524
2912362825300
2586013206948
1469253551528
2568765179304
1744131458472
2843643086248
1537973028264
2637484656040
1812850935208
2912362562984
1486433420712
2585945048488
1550929233576
2650440861352
1825807140520
2925318768296
2929543481944
1486702904664
1830031852888
2568766227800
1761580811608
2637485704536
2843644134744
2839617602904
2637754139992
2856797472088
2839349167448
2856851999320
2633463629140
1808829908308
2908341536084
1465232524628
2564744152404
1740110431572
1826009777492
1551131870548
2650643498324
2925521405268
2586217941592
1533933848232
2633445476008
1808811755176
2908323382952
1486504987032
2586016614808
1761382893976
2860894521752
1550842137176
2650353764952
1469521986920
2569033614696
1744399893864
2843911521640
1538241463656
2637753091432
1813119370600
2929879026328
2912630998376
1486701856104
1486706313876
1761584220820
1538245921428
2637757549204
1813123828372
2912635456148
2586217941652
1555425790612
2654937418388
1830303697556
2637757286756
2908408580520
1482412328600
2581923956376
1757290235544
2856801863320
1537977419348
2637489047124
1812855326292
2912366954068
1555157288532
2654668916308
1830035195476
2929546823252
1469257942612
2568769570388
1555476842136
1469259057576
2568770685352
1744136964520
2843648592296
1537978534312
2637490162088
1812856441256
2586213680804
2585928272536
2912368069032
1808812082788
2908323710564
1533950954072
2633462581848
1808828861016
2908340488792
1464947050088
2564458677864
1739824957032
2839336584808
1533666526824
2633178154600
1808544433768
2908056061544
1482126919272
2581638547048
1744119072408
2843630700184
1551109850532
2650621478308
1825987757476
2925499385252
1757268280740
2856779908516
1465281480344
2564793108120
1740159387288
2839671015064
1482395354472
2581906982248
1757273261416
2856784889192
1744199877972
1555140314520
2654651942296
1830018221464
2929529849240
1555472648808
2654984276584
1830350555752
2929862183528
1744471198036
2843982825812
2650442171800
1825808450968
2925320078744
1757004040532
2856515668308
1550845610324
2650357238100
2633177368916
1808543648084
1739837539684
2843912570212
2856529036644
1486434469220
2585946096996
1761312376164
2860824003940
2929811916132
2839349167460
1533679109476
1465227217236
2569038005608
1744404284776
1538024606292
2637536234068
1812902513236
2912414141012
1555204475476
2654716103252
1469305129556
2568816757332
1744183036500
2843694664276
1486417626792
2585929254568
1761295533736
2860807161512
1757021865368
1533935158680
2633446786456
1808813065624
2908324693400
2856533493144
1550863435160
2650375062936
1825741342104
2925252969880
1464959632744
2564471260520
1739837539688
2839349167464
1533679109480
2633190737256
2650369557844
2925247464788
2908408383908
1551198718372
2650710346148
1826076625316
2925588253092
1482479241636
2581990869412
1757357148580
2856868776356
1465030870372
2564542498148
1739908777316
2839420405092
1533750347108
2633261974884
1808628254052
2908139881828
1482210739556
2581722367332
1486434732632
2585946360408
1761312639576
2860824267352
1757352954456
2856864582232
1537978533204
2637490160980
1812856440148
2929598269780
2912368067924
1555404752296
2654916380072
1830282659240
2929794287016
1538044267172
2637555894948
1812922174116
2912433801892
1555224136356
2654735764132
1830102043300
1744202697380
2843714325156
1486504659620
2908390491496
1533952001368
2633463629144
1808829908312
2908341536088
2581924021592
2856801928536
1551131870552
2650643498328
1826009777496
1740110431576
1739887806868
2839399434644
1533729376660
2633241004436
1808607283604
2908118911380
1482189769108
2581701396884
1469304867220
2568816494996
2908118124180
1469526444696
2569038072472
1538245921432
2637757549208
2912635456152
1486706313880
2586217941656
2908387608212
2912685721000
2860824266152
2929546823256
1812855326296
1486437811800
1537977419352
2637489047128
1761315718744
1555157288536
2912366954072
2585949439576
2860827346520
2637825443220
1813191722388
2912703350164
1538312702564
2637824330340
1813190609508
2912702237284
1550925302116
2650436929892
1825803209060
2925314836836
1555492571748
1465025956196
2564537583972
1486752384408
2586264012184
1761630291352
2861141919128
1465009899928
2564521527704
1739887806872
2839399434648
1533729376664
2633241004440
1808607283608
2908118911384
1482189769112
2581701396888
1486438664808
2585950292584
1761316571752
2860828199528
2650706413160
1757285057944
2856796685720
2856515339672
1482395617896
2581907245672
1757273524840
2856785152616
1830303696232
2925297994088
1465210504616
2564722132392
1555140577944
2654652205720
2929530112664
1740088411560
2839600039336
1533929981352
2633441609128
2581989755476
1808875784536
2908387412312
1551180892824
2650692520600
1550841087652
2650352715428
1825718994596
2925230622372
1826058799768
1465029822100
2564541449876
1739907729044
2839419356820
1533749298836
2633260926612
1808627205780
2908138833556
1482209691284
2912630933080
1533729441368
2633241069144
2839335799128
1550845610328
2650357238104
1825723517272
2925235145048
1757004040536
2856515668312
1482126132564
2581637760340
1757004039508
2856515667284
1469305129560
2568816757336
1744183036504
2843694664280
1538024606296
2637536234072
1812902513240
1534013605524
2912414141016
1486484998744
2861142772136
1555425790312
2654937418088
1830303697256
2929815325032
1534018783896
2633530411672
1808896690840
2908408318616
2650706348456
2586017597864
1555157354088
2654668981864
1830035261032
1534017734228
2633529362004
1808895641172
2908407268948
1761378698580
2860890326356
1551197603412
2650709231188
1826075510356
2925587138132
2637552026964
1812918306132
2861079791252
1761634223528
2861145851304
1465299372456
2564811000232
1538027555220
2637539182996
1812905462164
2912417089940
1761365854612
1555207424404
2654719052180
1830085331348
2929596959124
2860877482388
1551197668968
1830299175272
2650709296744
1812918241640
2581922710952
1757288990120
2856800617896
1538228882004
2637740509780
1813106788948
2912618416724
2925571409512
2908139881832
1482210739560
1757088646504
2856600274280
2650441844072
1825808123240
2925319751016
1555488377512
2655000005288
1830366284456
2929877912232
2633530739284
1808897018452
2908408646228
1739887806884
2839399434660
1533729376676
2633241004452
1551177681316
2650689309092
1826055588260
2925567216036
1555472648612
2654984276388
1482138650984
1469324790440
2568836418216
1744202697384
2843714325160
1538044267176
2637555894952
1812922174120
2912433801896
1486504659624
2586016287400
2861162957144
1830082447784
1739841996436
2839353624212
1482473932132
1486756383060
2586268010836
2637807618388
1813173897556
2912685525332
1555475859796
2654987487572
2929865394516
1744454420820
2860874335912
2586016613976
1538028799396
2637540427172
1812906706340
2912418334116
1555208668580
2654720296356
1830086575524
2929598203300
1761580026276
2861091654052
2586213747108
1465009899944
1555492832596
2655004460372
1465030083924
2564541711700
1739907990868
2839419618644
1537972963668
2637484591444
2843698661720
1533662267044
1482122659492
2581634287268
1469594338712
2569105966488
1744472245656
2843983873432
1538313815448
2856515603096
1533745432936
2633257060712
1808623339880
1744115992168
1533679372884
2633191000660
1808557279828
2908068907604
2564471523924
1482139765332
2581651393108
1469237823908
2637824591192
1465030083928
2564541711704
1739907990872
2839419618648
1533749560664
2633261188440
1808627467608
2908139095384
1551197865304
1538297234788
2637808862564
1813175141732
2912686769508
1555477103972
2654988731748
1830355010916
2929866638692
2929798284632
1469577758052
1538242709924
2637754337700
1813120616868
2912632244644
1555422579108
2654934206884
1830300486052
2929812113828
2861092637092
1469523233188
2633173960036
2633260926616
1808627205784
2908138833560
1482209691288
2581721319064
2929799596712
1761634485928
2860828134056
2856599292500
1757289187688
2856800815464
1534001220260
1808808609380
2908320237156
2633512848036
1808879127204
2908390754980
1551110571620
2650622199396
1825988478564
2925500106340
1482391094884
1555489687960
2655001315736
1830367594904
2929879222680
1486686062184
2586197689960
1761563969128
2861075596904
2929794091416
1550846330276
2650357958052
1825724237220
2856779581848
1550863108504
2650374736280
1825741015448
2925252643224
2564727048872
1538246640984
2637758268760
2912636175704
1555221251736
2654732879512
1830099158680
2929610786456
1830099159656
1486756580008
2586268207784
1761634486952
2861146114728
2839603907156
1465214372436
2564726000212
1465228331368
2564739959144
1740106238312
2839617866088
1757289253544
2856800881320
1482478126680
1534017734232
2843710457176
2654731896152
2929609803096
2633529362008
1808895641176
2908407268952
1757356033624
1538040399192
1812918306136
1555208669524
2654720297300
1830086576468
2929598204244
1469308078488
2568819706264
1744185985432
2843697613208
1538027555224
2637539183000
2633508455844
1739837736292
1808874735012
2908386362788
1550863436116
2650375063892
1825741343060
2925252970836
1813124613784
2912636241560
1830299241128
1555204277608
1830082184552
2929593812328
1469573630632
2569085258408
1744451537576
2633177368148
1808543647316
1555409012308
2654920640084
1830286919252
2929798547028
1469241230932
2568752858708
1744119137876
2843630765652
1486685078932
1744405334696
2925517145492
1551127610772
2650639238548
1826005517716
1482408134036
2581919761812
1757286040980
2856797668756
1469523035540
2569034663316
1830031852948
2929543480724
1555422381460
2654934009236
1482139501972
2581651129748
1757017408916
2856529036692
1757352102500
1538312963428
2637824591204
1813190870372
2912702498148
1551197865316
2650709493092
1826075772260
2925587400036
1555492832612
2655004460388
1555493620136
1757352167832
1538296186516
2637807814292
1813174093460
2912685721236
1555476055700
2654987683476
1830353962644
2929865590420
1469576709780
2569088337556
2633244215636
1808610494804
2908122122580
1830353766744
2843966048600
1813173897560
2929865394520
1538295990616
1555475859800
2654987487576
1761634290008
2637807618392
2912685525336
1555409012312
1464946263640
2564457891416
2637472335448
1830286919256
2856515667544
1551114045016
1825991951960
2569021294168
1469309322664
2568820950440
1744187229608
2843698857384
1538028799400
2637540427176
1812906706344
2912418334120
1486489191848
2586000819624
1551182137000
2650693764776
1826060043944
2925571671720
1464959632792
2564471260568
1739837539736
2839349167512
1533679109528
2633190737304
1808557016472
2908068644248
1482139501976
2581651129752
1555152832856
2654664460632
1830030739800
2929542367576
2912362498392
1465030083944
2861079005784
1757017672280
2856529300056
1550859242072
2650370869848
1825737149016
2925248776792
2929861461332
1555409013336
2654920641112
1830286920280
2929798548056
1808543647400
2908055275176
1469577758056
2569089385832
1744455665000
2843967292776
2637808862568
1813175141736
2912686769512
1486757627240
2586269255016
2912429607268
1469523233192
2569034860968
2581633501588
1756999780756
2856511408532
1550841350548
2650352978324
1825719257492
2925230885268
1465013306712
2564524934488
1739891213656
2839402841432
1538041186964
2637552814740
1812919093908
2912430721684
1555221056148
2654732683924
1830098963092
2929610590868
2655000332952
1465211225704
2564722853480
1740089132648
2839600760424
1533930702440
1465281808792
2564793436568
2564453631396
1739819910564
2839331538340
1740159715736
2839671343512
2839335798372
1533665740388
2633177368164
1808543647332
2908055275108
1538229143140
2637740770916
1813107050084
2912618677860
2861079070308
1533997091492
2633508719268
1551109785940
2650621413716
1825987692884
2925499320660
1465210440020
2564722067796
1740088346964
2839599974740
1533929916756
2633441544532
1739837539748
2839349167524
1533679109540
2633190737316
1808557016484
2856797472164
1538242512292
2637754140068
1813120419236
2912632047012
1464964089252
2564475717028
1739841996196
2839353623972
1538309622356
2637821250132
1555489491540
2655001119316
1830367398484
2929879026260
1813187529300
2912699157076
1469590145620
2569101773396
1486417955240
2585929583016
1761295862184
2860807489960
1482458270120
2581969897896
1757336177064
2856847804840
1757004039784
2856515667560
1550845609576
2650357237352
1825723516520
2925235144296
1744119137896
2843630765672
1486701790888
2586213418664
1465228264856
2564739892632
1740106171800
2839617799576
1533947741592
2633459369368
1808825648536
1465232524884
2564744152660
1740110431828
1464959632808
2564471260584
1739837539752
2839349167528
1744135849364
1533679109544
2633190737320
1808557016488
2908068644264
1482139501992
1469576709784
2654665508180
1830031787348
2929543415124
2569088337560
1744454616728
2843966244504
1538296186520
2637807814296
1813174093464
2908139947416
1533749299816
2633260927592
1808627206760
2908138834536
1757285059172
1551131870564
2650643498340
1826009777508
2925521405284
1482479438180
2843917027752
2586217941668
1761584220836
2861095848612
1538245921444
2637757549220
1813123828388
2912635456164
1555425790628
2654937418404
1830303697572
1757272410712
2856784038488
1555220006312
2654731634088
1830097913256
2929609541032
2568819902820
1537977419364
2637489047140
1812855326308
1555157288548
2654668916324
1744186181988
2912366954084
1469257942628
2912429933928
2861079070056
1551176959400
2650688587176
1826054866344
2925566494120
1469237823076
2568749450852
1744115730020
2843627357796
1744132508248
2843644136024
2843894679188
2633173109144
1808539388312
2908051016088
1482121873816
2581633501592
1756999780760
2856511408536
1550841350552
2650352978328
1825719257496
2637824592552
1534014850472
1465025628564
2633526478248
1808892757416
2908404385192
2861091587496
1469321710232
2568833338008
2925302253912
2637552814744
1465025628836
2564537256612
1739903535780
2839415163556
2839335799140
1808543648100
1761581008280
2861092636056
2925252642392
1825719323044
2925230950820
2843694664292
1538024606308
2637536234084
1812902513252
1555204475492
1551130822292
2650642450068
1826008729236
2925520357012
2637472008536
2912349915480
1555476843160
2654988470936
1830354750104
2929866377880
1813106722152
1830102107496
2925252708712
2633441544536
1808807823704
2908319451480
1551109785944
2650621413720
1825987692888
2925499320664
1551131609752
2650643237528
1533950691924
2633462319700
1808828598868
2908340226644
1551130561108
2650642188884
1830303435348
2929815063124
1533682256468
1555477103976
2655004199272
1739841996200
2839353623976
1808561472936
2908073100712
1482143958440
2581655586216
1469590145624
2569101773400
1744468052568
2843979680344
1538309622360
2637821250136
1813187529304
2912699157080
1486770014808
2586281642584
2581968849256
1486422082900
1534002334116
2633513961892
1808880241060
2908391868836
1533679307172
2633190934948
1808557214116
2908068841892
1740093393512
2839605021288
2856851932500
1482462397780
1537960446616
2637472074392
1812838353560
2912349981336
1551109588628
1830098110824
2929609738600
1808611804836
1464962779736
2564474407512
1739840686680
2839352314456
1808560163416
2908071791192
1482142648920
1538291730836
2637803358612
1813169637780
2912681265556
1555471600020
2654983227796
1830349506964
2929861134740
1469572254100
2569083881876
1482189048212
2581700675988
1555493619304
2655005247080
1830371526248
2929883154024
1486707033512
1465232524648
2564744152424
2650689637012
2925567543956
1533998140052
2633509767828
1808876046996
2908387674772
1537960707412
1812838614356
2637472335188
2912350242132
2654652204372
2839335535956
1830014224744
1757017343636
2856528971412
1538023295572
2637534923348
1812901202516
2912412830292
1813123565928
2912635193704
1757067937364
2856579565140
1550909507156
2908119172692
1555220269736
2654731897512
1830098176680
2929609804456
1469236709780
2568748337556
1744114616724
2843626244500
2843967030888
1469526444712
2569038072488
1744404351656
2843915979432
1538245921448
2637757549224
1813123828392
2912635456168
1486706313896
2586217941672
1469257942632
2568769570408
1744135849576
2843647477352
1537977419368
2637489047144
1812855326312
2912366954088
2908323710568
1761652114852
2861163742628
1538313815460
2637825443236
1813191722404
2912703350180
1555493684644
2655005312420
1830371591588
2929883219364
1830349769128
1482205824356
2581717452132
1555492636052
2655004263828
2929547610724
1555224397204
1534017996180
2633529623956
1808895903124
1830102304148
2929613931924
2581721580948
1757087860116
2856599487892
1550929429908
1744454419812
2843966047588
1550929168036
2650440795812
1825807074980
2925318702756
1465029822116
2564541449892
1739907729060
2839419356836
1533749298852
2633260926628
2861159483044
1825740032612
2925251660388
1464962779748
2564474407524
1739840686692
2839352314468
1808560163428
2908071791204
1482126133608
2581637761384
1757004040552
1465030083992
2564541711768
1739907990936
2839419618712
1533749560728
2633261188504
1808627467672
2908139095448
1482209953176
2581721580952
2633463564904
2586280790632
1465231476376
2564743104152
1740109383320
2839621011096
1533950953112
2633462580888
1808828860056
2908340487832
1482411345560
2581922973336
1486686390632
2586198018408
1761564297576
2861075925352
1465210504868
2564722132644
1464962779752
2564474407528
1739840686696
2839352314472
2564809885284
2839687792228
1534017734244
2633529362020
2925587138148
1551197603428
2650709231204
1826075510372
1808895641188
1555220268388
2654731896164
1830098175332
1486487947684
2585999575460
1761365854628
2860877482404
1538027555236
2637539183012
1812905462180
2912417089956
1555207424420
2654719052196
1555471665560
2654983293336
1830349572504
2929861200280
1486417954408
2585929582184
1761295861352
2860807489128
2861146113444
2861162891672
1482458269288
2581969897064
1757336176232
2856847804008
2637490160984
2912368067928
1555203229336
2654714857112
1830081136280
1812839664232
2654731896228
1469572254104
2569083881880
1744450161048
2843961788824
1538291730840
2637803358616
1813169637784
2912681265560
1486752123288
2586263751064
1486707296936
2586218924712
1761585203880
2861096831656
1757083667112
2856595294888
1825988543844
1825807337816
1555492833620
2655004461396
1830370740564
1469241230680
1744119137624
1555140576600
1830018483544
2568752858456
2843630765400
2654652204376
2929530111320
1537960707416
1812838614360
2861145917796
1744454420836
1538295990628
1464946263700
2564457891476
1739824170644
2839335798420
1533665740436
2633177368212
1808543647380
2908055275156
1538041120408
2637552748184
1812919027352
2912430655128
1757067937368
2856579565144
1465010161240
1808607544920
2908119172696
1555422381652
2654934009428
1550909507160
2650421134936
1825787414104
1555488441704
2655000069480
1830366348648
2929877976424
1744454355624
2843965983400
1486437811604
2585949439380
1761315718548
2860827346324
1465030084004
2564541711780
1739907990948
2839419618724
1533749560740
2633261188516
1808627467684
2908139095460
1482209953188
2581721580964
1537972963684
2637484591460
1812850870628
2912362498404
1555152832868
2654664460644
1830030739812
2929542367588
1482478126484
2581989754260
1757356033428
1830300551576
1551127415464
1469594338728
2569105966504
1465013110164
2564524737940
1739891017108
2839402644884
1482192979348
1533732586900
2633244214676
1808610493844
2908122121620
1739824170648
2839335798424
1533665740440
1825737149028
2925248776804
1464959896164
2564471523940
1739837803108
2839349430884
1808557279844
2861092439704
1551109523880
2650621151656
1825987430824
2925499058600
1469254862228
2568766490004
1744132769172
2843644396948
1465030084008
2564541711784
1739907990952
2839419618728
1533749560744
2633261188520
1808627467688
1550841087656
2650352715432
1465295177108
1825718994600
2925230622376
1538230127016
2637741754792
1813108033960
2912619661736
1739907729064
2839419356840
1533749298856
2633260926632
1808627205800
2908138833576
2861158763096
2856515405412
1533662530196
2633174157972
1808540437140
2908052064916
1482126132568
1757004039512
2908390557012
1465281545556
2564793173332
1551180891476
2650692519252
1534001022292
2633512650068
1808878929236
2925570426196
2637473318568
1812839597736
2912351225512
1555203426904
2654715054680
1757284796820
2856796424596
1551126366612
2650637994388
1826004273556
2925515901332
1534002005672
2633513633448
1808879912616
2908391540392
1761294748056
2860806375832
1825736100440
2925247728216
1757335062936
2856846690712
1757016294740
2856527922516
2908067530068
2650369492308
1533677995348
2633189623124
1808555902292
1550857864532
1464958518612
2564470146388
1830032115352
2586201884312
1761568163480
2861079791256
1465298257512
2564809885288
1464964023640
2564475651416
1739841930584
1469320922472
2568832550248
1744198829416
2843710457192
1538040399208
2637552026984
1812918306152
1537974339156
2637485966932
1812852246100
2912363873876
1555154208340
2654665836116
1830032115284
2929543743060
1469254862420
2568766490196
1538228882008
2637740509784
1813106788952
2912618416728
1761299794580
2860811422356
1537961495188
2637473122964
1812839402132
2912351029908
1555141364372
2654652992148
1830019271316
2929530899092
2586285771416
2843648329124
1533679306340
2633190934116
1808557213284
2908068841060
2586012158292
1761378437460
2860890065236
2912618612072
1537960707748
2637472335524
1812838614692
2912350242468
1464946263716
2564457891492
1739824170660
2839335798436
1533665740452
2633177368228
2925315623524
1757286040996
2856797668772
1551127610788
2650639238564
1826005517732
2925517145508
1486756644200
2586268271976
1486433617256
2585945245032
1761311524200
2860823151976
2908055997092
1761634551144
2861146178920
2856797406804
1757351839080
2856863466856
1761634485924
2861146113700
2654987683492
1744454616740
1830353962660
1538296186532
2637807814308
1813174093476
2912685721252
2569088337572
2860811422116
1555208471960
1830086378904
2929598006680
1555207359080
2654718986856
1830085266024
2929596893800
1830366612072
2929878239848
1469576513896
2569088141672
1744454420840
2843966048616
1538295990632
2637807618408
1813173897576
2912685525352
1486756383080
2856533428564
2633195129172
1538229930580
2637741558356
1808561408340
2908073036116
1550863370580
2650374998356
1555409799764
2654921427540
1830287706708
2929799334484
1825790625444
1825807403672
1550862125672
2650373753448
1825740032616
2925251660392
1757336111768
1469594535272
2569106163048
1744472442216
2843984069992
1486433683112
2585945310888
1761311590056
2860823217832
1469253486952
2568765114728
1744131393896
2843643021672
1537972963688
2637484591464
1812850870632
2912362498408
1486433356136
2585944983912
1482473997992
2581985625768
1757351904936
2856863532712
1761366115992
1757070886296
2856582514072
1550912456088
2650424083864
1825790363032
2925301990808
1757017672296
2856529300072
1550859242088
2650370869864
1825737149032
2925248776808
1825803994452
2843984135848
2925302187604
2925500171860
1756999780772
2856511408548
1550841350564
2650352978340
1825719257508
2925230885284
1555472909736
2654984537512
1830350816680
2929862444456
1538041186980
2637552814756
1812919093924
2912430721700
1555221056164
2654732683940
1830098963108
2929610590884
1469321710244
2568833338020
1551127676328
2650639304104
1808878929240
2908390557016
1482461414744
2581973042520
1757339321688
2856850949464
1826058798424
2650692519256
1551180891480
2925570426200
1465227020696
2564738648472
1740104927640
2839616555416
1533946497432
2633458125208
1808824404376
2908336032152
1482406889880
2581918517656
2650441057640
1740092279384
2839603907160
1464958518616
2564470146392
1739836425560
2839348053336
1808555902296
1550857864536
2650369492312
1825735771480
1830086576472
2929598204248
2633244411540
1808610690708
1551109785956
2650621413732
1825987692900
2925499320676
2908122318484
2860889998760
2860824266328
1555154208344
1537974339160
2637485966936
1550846657892
2650358285668
1812852246104
2912363873880
1830032115288
2843644397144
1469242018456
2568753646232
1744119925400
2586281642596
2861159549540
1538309622372
2637821250148
1813187529316
2912699157092
1555489491556
2655001119332
1830367398500
2929879026276
1830349571672
2929861199448
1486685078936
2586196706712
1761562985880
2861074613656
2586285835688
1744388621908
1757353215384
2856864843160
1482474195560
2581985823336
1757352102504
2856863730280
1464962779796
2564474407572
1739840686740
2839352314516
1757288991380
2856800619156
1486706051732
2586217679508
1486416840084
2585928467860
1761294747028
2650693503572
1555208735384
1744131655016
1533732587864
2633244215640
1808610494808
1465026741908
2564538369684
1739904648852
2839416276628
1533746218644
2633257846420
1808624125588
2908135753364
1482206611092
2581718238868
2912699090520
1469576709800
2569088337576
2650374015336
2581902723432
2912618351252
1550863370584
2650374998360
1825741277528
2925252905304
1486706246996
2586217874772
1464964024664
2564475652440
1739841931608
2839353559384
1469510453848
2569022081624
1464962779800
2564474407576
1739840686744
2839352314520
2856583824724
1808560163480
2908071791256
1482142648984
2633512651412
1555136121428
1555493947752
2655005575528
1830371854696
1534018061988
2633529689764
1808895968932
2861074810196
1761563182420
1830282659156
1469505406292
2569017034068
1744383313236
2843894941012
1538224883028
2637736510804
1813102789972
2925315885652
1482139765140
2581651392916
1757017672084
2856529299860
1555225511528
2654737139304
1830103418472
2569034925396
2908404188756
1551194523220
2650706150996
1826072430164
2925584057940
2843631486292
2843912832340
2861095847572
1486505707924
2586017335700
1761383614868
2860895242644
1538045315476
2637556943252
1812923222420
2912434850196
1555225184660
2654736812436
1551109523048
2650621150824
1825987429992
2925499057768
1482479240616
2581990868392
1757357147560
2856868775336
2925251593832
1555208472936
2839331539368
1808539388328
2908051016104
1482121873832
2581633501608
1756999780776
2856511408552
1550841350568
1825724500648
1813108033128
2912619660904
2581634287208
1469321710248
1744185984424
2843697612200
2568833338024
1744199617192
2843711244968
1538041186984
2637552814760
1812919093928
2912430721704
2861074811224
1830304483752
1486774143316
2586285771092
1761652050260
2861163678036
1469594274132
2569105901908
1744472181076
2843983808852
1538313750868
2637825378644
2908404188840
1538040138408
2637551766184
1812918045352
2912429673128
1533997091496
1555220990376
2633508719272
1808874998440
2908386626216
2581922973348
1757289252516
2856800880292
2633462580900
1808828860068
2908340487844
1551130822308
2650642450084
1826008729252
2925520357028
1482457155160
1757335062104
2581968782936
2856846689880
2654984341160
2633445738152
2650441123496
1464962779812
2564474407588
1739840686756
2839352314532
1808560163492
2908071791268
1482142648996
1469526182564
1744405136740
2569038857572
2843916764516
1761563249304
2861074877080
1469590145640
2569101773416
1744468052584
1550908262996
2650419890772
1825786169940
2925297797716
2843979680360
1538309622376
2637821250152
2839622059608
1464962779816
1469236970904
2568748598680
1744114877848
2843626505624
1537956447640
2637468075416
1812834354584
2912345982360
1486416840088
2585928467864
2929609476456
2929866442072
2929543415128
1486752123300
2586263751076
1761630030244
2861141658020
1538291730852
2637803358628
1813169637796
2912681265572
1555471600036
2654983227812
1757084518040
2856596145816
1550926087832
2650437715608
1825803994776
2925315622552
2586200836456
1761567115624
2861078743400
2929865329320
1482479438184
2581991065960
1757357345128
2856868972904
1533998140068
1486421099876
2585932727652
1761299006820
2860810634596
1537960707428
2637472335204
1812838614372
1555224398232
2654736026008
1830102305176
2929613932952
1555422382488
2586213746280
1761580025448
2861091653224
2654719314600
1825987495320
2581902789288
1465010161252
2564521789028
1739888068196
2839399695972
1533729637988
2633241265764
1550909507172
2650421134948
1825787414116
2925299041892
1555153946264
2654665574040
1830031853208
2929543480984
1486685275480
1761563182424
2637736510808
2912614417752
2586196903256
2861074810200
1469505406296
1744383313240
1555404752216
1830282659160
1551110899352
2650622527128
1825988806296
1486689274536
1482479504040
2581991131816
1757357410984
2856869038760
2581986674264
1757352953432
2856864581208
2633526281816
1808892560984
2908404188760
1551194523224
2650706151000
1826072430168
2925584057944
1812919355800
2912430983576
1469325838744
2568837466520
1744203745688
2843715373464
1538045315480
2637556943256
1812923222424
1486505707928
2586017335704
1744405072552
2843916700328
1469308340904
2568819968680
1744186247848
2843697875624
1761581075112
1533996762516
2633508390292
1808874669460
2908386297236
1826054538644
2925566166420
2650688259476
1761630030436
2861141658212
1465277285780
1551114765672
2650626393448
1825992672616
2925504300392
1482194029224
1486753498772
2586265126548
1761631405716
2861143033492
1538293106324
2637804734100
1813171013268
2912682641044
1555472975508
2654984603284
1813191657816
1486774143320
1761652050264
2637825378648
2912703285592
2586285771096
2861163678040
1469594274136
1744472181080
1555493620056
1538044266068
2637555893844
2637736576360
1534001219156
2633512846932
1808879126100
2908390753876
1465231476392
2564743104168
1740109383336
2839621011112
1533950953128
2633462580904
1808828860072
1551114831528
2650626459304
1825992738472
2925504366248
1740092540308
2839604168084
2564537584228
1739903863396
2839415491172
1812923287976
2912434915752
1761299989848
2860811617624
2861074548052
1486685013332
2586196641108
1555404490068
2654916117844
1533661218132
1808539125076
1744114615636
1469236708692
2568748336468
1808606300760
2908117928536
2564794419604
1740160698772
2839672326548
1534002268564
2633513896340
1808880175508
2908391803284
1482462661012
2581974288788
1757340567956
2912702563668
1555154143832
2654665771608
1830032050776
2929543678552
2586202212760
1761568491928
2861080119704
1482407872920
2581919500696
1757285779864
2856797407640
1469572254120
2569083881896
1744450161064
2843961788840
2929816111768
1538291730856
2637803358632
1813169637800
2843962115416
2912681265576
1486686063252
2586197691028
1761563970196
2861075597972
1538225670804
2637737298580
2586196641112
2929525589336
1533661218136
2633172845912
1808539125080
2861074548056
1469505144152
1825987429720
1744383051096
1761294484824
1761651000984
2843630439064
1482462463640
2581974091416
1757340370584
2856851998360
1465278663336
1469241230696
2568752858472
1744119137640
2843630765416
1537960707432
1551193736856
2637472335208
1812838614376
2912350242152
1486421099880
1739888068200
2839399695976
1533729637992
2633241265768
1808607544936
2908119172712
1482190030440
2581701658216
1757067937384
2856579565160
1761383877208
1469593487000
2569105114776
1744471393944
2843983021720
1486707361128
2586218988904
1761585268072
2861096895848
2856582514084
1465013110180
1550912456100
2650424083876
1825790363044
2925301990820
1555492636056
2655004263832
1830370543000
2929882170776
1555158076008
2654669703784
1830035982952
2929547610728
1744114944340
2843626572116
1551126562200
2650638189976
1826004469144
2925516096920
1551115029096
2650626656872
1825992936040
2925504563816
1482192980392
2581704608168
1757070887336
2856582515112
1465277285784
2564788913560
1740155192728
2839666820504
1808874669464
2908386297240
1482457154968
2581968782744
1486769948328
2586281576104
1761647855272
2861159483048
2912698108520
1469573629592
2569085257368
1744451536536
2843963164312
1538293106328
2637804734104
1813171013272
2912682641048
1486753498776
2586265126552
1808878929252
1757339321700
1482461414756
2581973042532
2856850949476
2908390557028
1826058798436
1486757366116
1761635273060
1744114615652
2843626243428
1812834092388
2912345720164
1486416577892
2585928205668
1469505144164
2569016771940
1482406889892
2581918517668
1757284796836
2856796424612
1551126366628
2650637994404
1826004273572
2925515901348
1761383615064
2860895242840
1482138387812
1761362643540
2860874271316
1465278335572
2564789963348
1740156242516
1830082120276
2929593748052
2839667870292
1533997812308
2633509440084
2839600039592
1757340568152
2856852195928
1825808451924
2925320079700
1469326166356
2568837794132
1744204073300
2843715701076
1538045643092
2637557270868
1551198980436
2650710608212
1533661218152
1486434731620
2585946359396
1761312638564
2860824266340
1537974339172
2637485966948
1812852246116
2912363873892
1555154208356
2654665836132
1486757431972
1761635338916
1551130494376
2650642122152
1826008401320
2860811422372
1537961495204
2637473122980
1812839402148
2912351029924
1555141364388
2654652992164
1830019271332
2929530899108
1465282791832
2564794419608
1740160698776
2839672326552
1534002268568
2633513896344
1808880175512
2908391803288
1482462661016
2581974288792
1465009900120
2564521527896
1739887807064
2839399434840
1533729376856
2633241004632
1808607283800
2908118911576
1482189769304
1761362643544
2929615047000
1469326166360
2568837794136
1744204073304
2843715701080
1465031199064
2564542826840
1739909106008
2839420733784
1533750675800
1469506194072
2569017821848
1744384101016
2843895728792
1538225670808
2637737298584
1813103577752
2912615205528
1486686063256
2586197691032
1808561407636
2908073035412
2908319253928
1533947545000
2633459172776
1808825451944
2908337079720
1830300288600
2654736025176
2654934009432
1486701856148
2586213483924
1482143893860
2581655521636
1761579763092
2861091390868
1486690323044
2586201950820
1761568229988
2861079857764
1538229930596
2637741558372
1761315718552
2860827346328
2586000885160
1757356033432
1825787480484
2925299108260
2856867661208
1830299174504
2637821512024
2637540165976
2654987749028
1555492899480
2655004527256
1830370806424
2929882434200
1533666526564
2633178154340
1757070886312
2856582514088
1550912456104
2650424083880
1825790363048
2925301990824
1464947050132
2564458677908
1739824957076
2839336584852
1533666526868
2633178154644
1808544433812
2908056061588
1482126919316
1744454683240
2843966311016
1744131656296
2843643284072
1740171971176
2839683598952
1482478454100
2581990081876
1757356361044
2856867988820
2925570623912
2637540231832
1812906511000
2912418138776
1825741342120
2929613670824
1555152898408
2654664526184
1830030805352
2929542433128
1469304867428
2568816495204
1744182774372
2843694402148
2586264799844
1482189769316
2581701397092
1757067676260
2856579304036
1486707362196
2586218989972
1761585269140
1551109851496
1555493947748
2655005575524
1830371854692
2929883482468
1465031199076
2564542826852
1739909106020
2839420733796
1533750675812
2633262303588
1465281545576
2564793173352
1740159452520
2839671080296
1808878929256
1486438860116
2585950487892
1482395354708
2581906982484
1757273261652
2856784889428
1761316767060
2860828394836
2912368002388
1551114831444
2650626459220
1825992738388
1465227020712
2564738648488
1740104927656
2839616555432
1533946497448
2633458125224
1808824404392
2908336032168
1482406889896
2581918517672
1757336373608
1538313816424
2637825444200
1813191723368
2912703351144
1757016294760
1550857864552
2650369492328
1825735771496
2908135754324
2925247399272
1465009900136
2564521527912
1739887807080
1757020752532
2856532380308
1825740229268
2925251857044
1464962976404
2564474604180
1739840883348
1533947742568
2633459370344
1551130757800
2650642385576
1826008664744
2925520292520
1465031199080
2564542826856
1739909106024
2839420733800
1533750675816
2633262303592
1808628582760
2908140210536
1482211068264
2581722696040
1469254862440
2568766490216
1744132769384
2843644397160
1537974339176
2637485966952
1812852246120
2912363873896
1486434731624
2585946359400
2586012158296
1469242018472
2568753646248
1830019533224
1744119925416
1826059848104
2843631553192
1537961495208
2637473122984
1812839402152
2912351029928
1465215747496
2564727375272
1740093654440
2839605282216
2925302187688
2925500171944
1538293041832
2637804669608
1813170948776
2912682576552
2860811421352
1533947808424
2633459436200
1808825715368
2908337343144
1826072626580
2925584254356
2860806374820
1469236970916
1555136316836
2654647944612
1830014223780
2929525851556
1757285779032
2581700675160
2839620946516
1533950888532
2633462516308
1808828795476
2856800815700
1482411280980
2581922908756
2908340423252
1551130757716
1757289187924
2856596145560
2569016772952
1757084518052
2856596145828
1465026741924
2564538369700
1739904648868
2839416276644
1533746218660
2633257846436
1808624125604
2908135753380
2929609542248
2912614156904
2839668131172
2908404386408
1482478389912
2581990017688
1757356296856
2856867924632
2856595032680
1469521986968
2569033614744
1744399893912
2843911521688
1538241463704
2637753091480
1813119370648
2912630998424
1486701856152
2586213483928
1533683501416
2633195129192
1469510453864
2569022081640
2633189950868
1808556230036
2908067857812
1808544696932
2908056324708
2856583825768
2581990869608
2839348118884
1744199616164
1744383313252
2843894941028
1486685275492
2586196903268
1761563182436
2861074810212
1538224883044
1813102789988
2637736510820
2912614417764
1761299007848
2564807068312
1740173347480
2839684975256
2908073036456
2564458677912
1739824957080
2839336584856
1482475046500
2581986674276
1757352953444
2856864581220
1534014654052
2633526281828
1808892560996
2908404188772
1551194523236
2650706151012
1740105909928
1482461415784
2581973043560
2568837466532
1744203745700
2843715373476
1486505707940
2586017335716
1761383614884
2860895242660
2929614719396
1538045315492
2637556943268
2925521406360
2856582514280
1826076559976
1533930702168
2633442329944
1808808609112
2650437912984
1744136898920
1551113717400
2650625345176
1825991624344
2925503252120
2843648526696
1469527493016
2569039120792
1744405399960
2843917027736
1538246969752
2637758597528
1813124876696
2912636504472
1486707362200
2586218989976
2839688841576
1757285844564
2856797472340
1826005321300
2925516949076
1465228068436
2564739696212
1813186741668
1812922173848
2912433801624
1469258990936
2843648525656
2654669964632
1482395354712
2581906982488
1757273261656
2929547871576
1537978467672
1812856374616
1486438860120
1533934962264
2633446590040
1534001219992
2633512847768
1808879126936
2908390754712
1469594274148
2569105901924
2843983808868
1486774143332
2586285771108
1761652050276
2861163678052
1538313750884
1813191657828
2637825378660
1830371789480
1533930768024
2633442395800
1808808674968
2908320302744
1757020752536
2856532380312
1486505969044
2586017596820
1761383875988
2860895503764
2650373950104
1825740229272
1825991951956
2925503579732
1551114045012
2650625672788
2929811916376
1482407937624
1538242512472
2861092439640
2564811000488
1740177279656
2839688907432
2861095585176
1555475860136
1830366284184
1538313751208
1486421035688
1482210739604
2581722367380
1757088646548
2856600274324
1825808123284
2925319751060
1482188786276
2581700414052
1757066693220
1533728393828
2633240021604
1808606300772
2908117928548
2650419890788
2861074810520
1551177681320
2650689309096
1826055588264
2925567216040
1486707296664
2655004460696
1469236970920
2568748598696
1744114877864
2843626505640
1537956447656
2637468075432
1812834354600
2912345982376
1486416840104
2585928467880
1550909245096
2650420872872
1825787152040
1465231411800
2564743039576
1555404490132
2654916117908
1486416577940
2585928205716
1482390046100
2581901673876
1757267953044
2856779580820
1551109522836
1830282397076
1757084518056
2856596145832
1550926087848
2650437715624
1825803994792
2925315622568
2633530410324
1757357081940
1482479174996
1808896689492
2925588186452
1826076558676
1551198651732
1757072196952
2581705917784
1555136121432
2654647749208
1830014028376
2929525656152
1534018061992
2633529689768
1486484998552
2585996626328
1761362905496
2860874533272
1550909572708
2650421200484
1825787479652
2925299107428
2650437978712
1825804257880
2925315885656
2581633238424
1756999517592
2856511145368
2908391869032
1486773095060
2586284722836
1761651002004
2861162629780
1538312702612
2637824330388
1813190609556
2912702237332
1465025956244
2564537584020
2929531161240
1469505406312
1744401204568
2569034925400
1744119858520
2568753579352
1486706312856
2586217940632
1761584219800
2861095847576
1465295177320
1533682452836
2633194080612
1486483752532
2585995380308
1761361659476
2860873287252
1538023360084
2637534987860
1812901267028
2912412894804
1555203229268
2654714857044
1469325838760
2568837466536
1744203745704
2843715373480
1538045315496
2637556943272
1538297039448
2637808667224
1537974012504
1812851919448
1464959632996
2564471260772
1739837539940
2839349167716
1533679109732
2633190737508
1808557016676
2908068644452
1482139502180
2581651129956
2633442593368
1808808872536
2908320500312
2861078742376
1538225736356
1538027752100
2581968782756
1757335061924
2856846689700
1533996762532
2633508390308
1808874669476
2908386297252
1551176631716
2650688259492
1826054538660
2581985888596
1757352167764
2856863795540
1826071644500
2925583272276
1551193737556
2650705365332
1533682518692
2633194146468
1808560425636
2908072053412
1482142582356
2581654210132
1464959633000
2564471260776
1739837539944
2839349167720
1533679109736
2633190737512
1808557016680
2908068644456
1757273261396
2843963164324
1486753498788
2586265126564
1465231148644
1761631405732
1538293106340
2637804734116
1813171013284
2912682641060
1555472975524
1739892327764
1469594274152
2569105901928
1744472181096
2856582449492
1482192914772
2581704542548
2633244150100
1808610429268
2908122057044
1825790298452
2650424019284
2925301926228
1550912391508
1486488930728
2586000558504
1761366837672
2860878465448
1486770276776
2586281904552
1761648183720
2861159811496
1830030805656
2856533232040
1551194786408
1469527229800
1486489258580
2586000886356
1761367165524
2860878793300
1538028866132
2637540493908
2912418400852
1538229142936
2637740770712
1813107049880
2912618677656
1538224620964
2637736248740
1813102527908
2912614155684
1469236708772
2568748336548
1744114615716
2843626243492
1537956185508
2637467813284
1465030870424
2564542498200
1739908777368
2839420405144
1533750347160
2633261974936
1739886824040
2839398451816
1533728393832
2633240021608
1808606300776
2908117928552
1533934897768
2633446525544
1808812804712
2908324432488
1465030150804
1740160698788
2839672326564
1534002268580
2633513896356
1808880175524
2908391803300
1482462661028
2581974288804
1757340567972
2856852195748
1465009900180
2564521527956
1739887807124
2839399434900
1533729376916
2633241004692
1808607283860
2908118911636
1482189769364
2581701397140
1482206546276
2581718174052
1757084453220
2856596080996
1465031199124
2564542826900
1739909106068
2839420733844
1533750675860
2633262303636
1808628582804
2908140210580
1482211068308
1538314078612
1808539125160
2908050752936
1482121610664
2581633238440
1813103577764
1555405604264
1555207620008
2654719247784
1830085526952
2929597154728
2654917232040
1830283511208
2929795138984
1533665412436
2633177040212
1808543319380
2908054947156
2929883415912
1482479175000
2581990802776
1757357081944
1551198651736
2650710279512
1826076558680
2925588186456
1465009900184
2564521527960
1739887807128
2839399434904
1482206612132
2581718239908
1465031199128
2564542826904
1739909106072
2839420733848
1533750675864
2633262303640
1808628582808
2908140210584
1482211068312
2581722696088
2654987486568
1740160436824
2839672064600
1469593225880
2569104853656
1808623339928
2908134967704
1482205825432
2581717453208
1757083732376
2856595360152
1550925302168
2650436929944
1825803209112
2925314836888
2929609542312
1469303883352
1830081136216
1761361659480
2568815511128
1486483752536
2843693418072
2929592763992
1538023360088
2637534987864
1812901267032
1555140315816
1469577758100
2569089385876
1744455665044
2843967292820
1486757627284
2586264864152
1761631143320
2861142771096
2581922973096
1486752123496
2586263751272
1761630030440
2861141658216
1465277285800
2564788913576
1740155192744
1757284797032
2839666820520
1808874669480
2908386297256
1465211225748
2564722853524
1740089132692
2839600760468
1533930702484
2633442330260
1808808609428
1482391094932
2581902722708
1757269001876
2925583272280
1482474260824
1757352167768
1534013868376
2633525496152
2581985888600
2856863795544
1469573629608
2569085257384
1744451536552
2843963164328
1538293106344
2637804734120
1813171013288
2912682641064
1486753498792
2586265126568
2654732880232
2637758335336
1757070821720
2856582449496
1465013045592
2564524673368
1739890952536
2839402580312
1534001219160
2633512846936
1808879126104
2843917027944
1465214633368
2564726261144
1740092540312
2839604168088
2912685524644
1813173896868
1826008663464
2929526704552
1465009900196
2564521527972
1739887807140
2839399434916
1533729376932
1533997812388
2633509440164
1808875719332
2908387347108
1538292779684
2650709232276
1761361593768
1555405801832
2654917429608
1830283708776
2929795336552
1533946694296
2633458322072
1808824601240
2908336229016
1555225512356
2654737140132
1830103419300
2929615047076
1465031199140
2564542826916
1739909106084
2839420733860
1761295600020
2860807227796
2654932961704
2586201164200
1486434403752
1555137365608
2654648993384
1830015272552
2929526900328
1465282791848
2564794419624
1740160698792
2839672326568
1551177680488
2650689308264
1826055587432
2925567215208
1534002268584
1465009900200
2564521527976
1739887807144
2839399434920
1533729376936
1482391094696
2581902722472
2633241004712
2929547937384
1465031199144
2564542826920
1739909106088
2839420733864
2929613932116
1757087860308
2856599488084
1550929430100
1825807337044
2925318964820
1465030084180
2564541711956
1739907991124
2839419618900
2569017821864
2843895728808
1538225670824
1830286854568
1469521986980
2569033614756
1744399893924
2843911521700
1486701856164
2586213483940
1761579763108
2861091390884
1538241463716
2637753091492
1761294551464
1465030084184
2564541711960
1739907991128
2839419618904
1533749560920
2861162890840
1538044528216
1812922435160
1486504920664
2650688588388
2929525917076
1830014289300
1555136382356
2654648010132
2856868972200
2843895793320
1551181154728
1533950626472
2633462254248
1808828533416
1534019045800
1551176697236
2650688325012
1826054604180
2925566231956
2908340161192
1550842137188
2650353764964
1825720044132
2925231671908
2843647281492
2637488851284
1812855130452
2912366758228
1469257746772
2654668720468
1830034999636
2929546627412
2861146178968
1744114944344
1486753499800
2586265127576
1761631406744
2861143034520
2929866443368
2929543416424
1808624061012
2908135688788
1482206546516
2581718174292
1757084453460
2856596081236
1550926023252
2650437651028
1825803930196
2925315557972
1482412328612
1757290235556
1537974273428
2637485901204
1761315784296
1534014588308
2633526216084
1808892495252
1808828861028
2908340488804
2650437716584
2581705919080
1465211225752
2564722853528
1740089132696
2839600760472
1533930702488
2633442330264
1808808609432
2908320237208
1482391094936
2581902722712
2585933514408
1469527493028
2569039120804
1744405399972
2843917027748
1486707362212
2586218989988
1761585269156
2861096896932
1538246969764
2637758597540
1761635273064
2861146900840
1826058733224
2912362564264
1740176165528
2839687793304
2564521526628
2839671081640
1482412132712
2581923760488
1469258990948
2568770618724
1744136897892
2843648525668
1482395354724
2581906982500
1486438860132
2585950487908
1533934962276
2633446590052
1555157092760
2654668720536
1486770275944
2586281903720
1761366836840
2860878464616
1761648182888
2861159810664
1551114045848
2650625673624
1825991952792
2925503580568
1757020752548
2856532380324
1550862322340
1464959633044
2564471260820
1739837539988
2839349167764
1533679109780
2633190737556
1808557016724
2908068644500
1482139502228
2581651130004
1808540501336
1465030084196
2564541711972
1739907991140
2839419618916
1533749560932
2633261188708
1808627467876
1555224397412
2654736025188
1830102304356
1550845609624
2650357237400
1825723516568
2925235144344
1486434405032
2581902985896
1757269265064
2856780892840
1551197866600
1534014917224
2633446786468
1808813065636
2908324693412
1464959633048
2564471260824
1739837539992
2839349167768
1533679109784
2633190737560
1808557016728
2908068644504
1482139502232
2581651130008
1555476055400
2654987683176
1830353962344
2929865590120
1469320661336
1757290300820
2856801928596
2581922908772
1757289187940
2856800815716
1533950888548
2633462516324
1808828795492
2908340423268
1551131870612
1551130757732
2650642385508
1813106788760
1555421530536
2860891113892
2654933158312
1830299437480
2929811065256
1469521986984
2569033614760
1744399893928
2843911521704
1538241463720
2637753091496
1813119370664
2912630998440
1486701856168
2586213483944
1825787480488
2925299108264
2637825378724
1538023295384
1555476121256
2654987749032
1555153094312
2654664722088
1830031001256
2929542629032
1830354028200
2929865655976
1744181791332
1469257942676
2568769570452
1744135849620
2843647477396
1486437811860
2585949439636
1537977419412
2637489047188
1812855326356
2912366954132
1551193409192
2650705036968
1826071316136
2925582943912
1469257746776
1537977223512
1555157092696
1830034999640
2568769374552
2843647281496
2654668720472
1812855130456
2929546627416
1486437615960
1744132770148
2908056061608
1482126919336
2581638547112
1757004826280
2856516454056
1550846396072
2650358023848
1465026677336
2564538305112
1739904584280
1482206546520
2581718174296
1757084453464
2856596081240
1550926023256
2650437651032
1825803930200
1538314012328
2637825640104
1813191919272
2912703547048
1482390111832
1486769162648
2586280790424
1761647069592
2861158697368
1482407151012
1469526378068
2569038005844
1744404285012
2843915912788
1486706247252
2586217875028
1761584154196
1555425723988
2654937351764
1757003711908
1830354749080
1812835469668
1469527493032
2925235145108
1830300288676
2925248513700
1464959633060
2564471260836
1739837540004
2839349167780
1533679109796
1761580811940
1555153946276
2654665574052
1469258990952
2568770618728
1469305129620
2568816757396
1744183036564
2843694664340
1486484998804
2585996626580
1761362905748
2860874533524
1538024606356
2637536234132
1550926022296
2633530673816
1533729441380
2633241069156
1808607348324
2908118976100
1486488144212
2585999771988
2564474604200
1482142910804
2581654538580
1739840883368
2839352511144
1533682453160
2633194080936
1808560360104
1464959633064
2564471260840
1739837540008
2839349167784
1533679109800
2633190737576
1808557016744
1482139502248
2581651130024
2585929320020
1761295599188
2860807226964
1486483752296
2585995380072
1761361659240
2860873287016
2564726327636
1533934176596
1482394569044
2581906196820
1757272475988
2856784103764
2633445804372
2581722367396
1757088646564
1550930216356
2650441844132
1825808123300
2925319751076
2856600274340
1465030870436
2564542498212
1739908777380
1469305194836
2568816822612
1486753434196
2586265061972
1744451471956
2843963099732
1555472910932
1469573565012
2569085192788
2861142968916
1813170948692
1761584941716
1761366117012
1551194719640
2650706347416
1826072626584
2925584254360
1830287706776
1482205498004
2581717125780
1744199550312
2843711178088
1486504658600
2586016286376
1465232524696
2564744152472
1740110431640
2839622059416
1533952001432
2633463629208
1808829908376
2908341536152
1482412393880
2581924021656
1465231411816
2564743039592
1482461611688
2581973239464
1757339518632
2856851146408
1812901463448
2912413091224
1744468052392
2843979680168
2633530410340
1808896689508
1482479175012
2581990802788
1555421595028
1551198651748
2650710279524
1469257942680
2568769570456
1537977419416
2637489047192
1830300485972
1486437811864
1744471132836
2843982760612
1486773095076
2586284722852
1761651002020
2861162629796
1538312702628
2637824330404
1813190609572
2912702237348
1465025956260
2564537584036
1482395355736
2581906983512
1757273262680
2856784890456
1538242708820
2637754336596
1813120615764
2912632243540
1555158336936
2654669964712
1830036243880
2929547871656
1469303883364
2568815511140
1744181790308
2843693418084
1486483752548
2585995380324
1761361659492
2860873287268
1538023360100
2637534987876
1551198651816
2650710279592
1826076558760
2925588186536
1482126068388
2654921360744
2637540427112
1808606235028
2908117862804
1469526378072
1744404285016
1830303630936
2569038005848
2843915912792
2654937351768
2839335799192
2581985888612
1757352167780
2856863795556
1551193737572
2650705365348
1826071644516
2925583272292
1469305129624
1744183036568
2843694664344
2564454746788
1739821025956
2839332653732
1812902513304
1465013045604
2564524673380
1739890952548
2839402580324
1808610429284
2908122057060
1482192914788
2581704542564
1486505969048
2586017596824
1761383875992
2860895503768
1486702840424
2586214468200
1761580747368
2861092375144
2856867662420
1486484015720
2585995643496
1761361922664
2860873550440
1534017734292
1469320922516
2568832550292
1744198829460
2843710457236
1469309389412
2568821017188
1744187296356
2843698924132
1486500791700
2586012419476
1486489258596
2586000886372
1761367165540
2860878793316
1538044594520
1812922501464
1555404753560
2654916381336
1830282660504
2929794288280
2908117862760
2839604234584
1533934176600
2633445804376
1808812083544
2908323711320
1482394569048
2581906196824
1757272475992
2856784103768
1533745104228
2839420405160
1533750347176
2633261974952
1808628254120
2908139881896
1482210739624
2581722367400
1757088646568
2856600274344
1550930216360
1469573565016
2569085192792
1744451471960
2843963099736
1538293041752
2637804669528
1813170948696
1808891512468
2912682576472
1486753434200
1534013606308
2633525234084
2925584255400
2655000070740
2860895504808
1486769227092
2586280854868
2912698369364
1469589357908
2569100985684
1761647134036
2861158761812
1744467264852
2843978892628
1538308834644
1469576513940
2569088141716
1486756383124
2586268010900
1761634290068
2861145917844
1744454420884
2843966048660
1538295990676
2637807618452
2654648011176
1825807338068
1826005322324
2650643499416
2585999575464
1830299436648
2929811064424
1465299305832
2564810933608
1740177212776
1486487881044
2585999508820
1761365787988
2860877415764
1555207357780
2654718985556
1830085264724
2929596892500
1469308011860
1761311327892
1550909572712
1469593486996
2569105114772
1744471393940
2843983021716
1465030084244
2564541712020
1739907991188
2839419618964
1757356295828
2856867923604
1469253486996
1486433356180
2585944983956
1761311263124
1757016557928
1465014421076
2564526048852
1739892328020
2839403955796
1482194290260
2581705918036
1533733897812
2633245525588
1808611804756
2908123432532
1555408685736
1757083732392
2856595360168
1550925302184
2650436929960
1825803209128
2925314836904
1464959896212
2564471523988
1739837803156
2839349430932
1555489425768
1533682452840
2633194080616
1808560359784
2908071987560
1551198915240
2650710543016
1826076822184
2925588449960
2650709558888
1537957234280
2637468862056
1812835141224
2912346769000
1469303883368
2568815511144
1744181790312
2843693418088
1538023360104
2637534987880
1812901267048
2912412894824
1486483752552
2585995380328
1465030084248
2564541712024
1739907991192
2839419618968
1808627467928
2908139095704
1482209953432
2581721581208
1555137169748
2654648797524
1830015076692
2929526704468
2633173961044
1808540240212
2908051867988
1537957300564
2637468928340
1812835207508
1469577758116
1482394240356
2581905868132
1538225736360
1812905659048
2912417286824
2637737364136
1813103643304
2912615271080
1469521922388
1744399829332
2569033550164
2843911457108
1538241399124
2637753026900
1813119306068
2912630933844
1555421268308
2654932896084
1761647068760
2908072053416
1465211225764
2564722853540
1740089132708
1757269001892
2856780629668
2839600760484
1533930702500
2633442330276
2564806019432
1740172298600
2839683926376
1534013868392
2633525496168
1808891775336
2908403403112
1482474260840
1482408200788
2581919828564
1465228331604
2564739959380
1740106238548
2839617866324
2650639305300
1533947808340
1757269068120
1482122725720
2581634353496
1757000632664
2856512260440
1550842202456
2650353830232
1825720109400
2654648797528
2912615270744
1486756317848
2586267945624
1761634224792
1740089197924
1465013306724
2564524934500
1739891213668
1757288991384
2856800619160
1757070821736
2856582449512
1550912391528
2650424019304
1825790298472
2925301926248
1482126854740
2581638482516
1533666462292
2633178090068
1808544369236
2908055997012
1825724238420
2925235866196
1533746480532
2633258108308
1808624387476
2908136015252
1465298257560
2564809885336
1469320922520
2908051866980
2568832550296
1744198829464
2843710457240
1538040399256
2637552027032
1812918306200
2912429933976
1486500791704
1744187296360
2843698924136
1464958781860
2564470409636
1739836688804
2839348316580
1486756645460
2586268273236
1826058798760
1486489258344
2586000886120
1761367165288
1465232197284
1740110104228
2860878793064
1555409996184
2654921623960
1830287903128
2929799530904
1486773093992
2586284721768
2912363874712
1465030084260
2564541712036
1739907991204
2839419618980
1533749560996
2633261188772
1808627467940
2908139095716
1482209953444
2581721581220
1538291991896
1813169898840
1555141559960
2654653187736
1830019466904
2929531094680
1761647134040
2637820462424
2912698369368
2586280854872
2861158761816
1469589357912
1744467264856
1830366610776
2569100985688
2843978892632
1744472443476
2843984071252
1469576513944
1808543319384
2908054947160
2569088141720
1744454420888
2843966048664
1538295990680
2637807618456
1813173897624
2912685525400
1551181874840
2650693502616
1826059781784
2925571409560
2637539116376
2912417023320
2585999508824
2860877415768
1744185918808
1830085264728
2843697546584
1555207357784
2654718985560
2929596892504
1469253487000
2568765114776
1744131393944
2843643021720
1537972963736
2637484591512
1812850870680
2912362498456
1486433356184
2585944983960
1465030084264
1538225736036
1533662333284
1757269068132
2856780695908
1813103642980
1486686128484
1537957300580
2637468928356
1812835207524
2912346835300
1482194290264
2581705918040
2908123432536
1757072197208
2650425394776
1825791673944
2925303301720
1555426772328
2654938400104
1830304679272
2929816307048
1550859242136
2650370869912
1825737149080
2925248776856
1469257746788
2568769374564
1486437615972
2585949243748
1761315522916
2860827150692
1537977223524
1486757694120
2856596081252
1550926023268
2650437651044
1825803930212
1465026677348
2564538305124
1739904584292
2839416212068
1533746154084
2925315557988
1808874670420
2633508391252
2908386298196
1533996763476
1808540240232
1551193737640
2650705365416
1550912391592
2650424019368
1825790298536
2925301926312
1826071644584
2925583272360
1486701791576
1761579698520
2637753026904
1469521922392
2912630933848
2586213419352
2861091326296
1744399829336
1555421268312
1830299175256
1538295924072
2637807551848
1555426838184
2654938465960
1830304745128
2929816372904
2654715905688
1533950690664
2633462318440
1808828597608
2908340225384
1465211225768
2564722853544
1740089132712
2839600760488
1533930702504
2633442330280
1808808609448
2908320237224
1465228331608
2564739959384
1740106238552
2839617866328
1533947808344
2633459436120
1808825715288
2908337343064
1464946985560
2564458613336
1739824892504
2839336520280
1533666462296
2633178090072
1808544369240
2908055997016
2925235866200
1550846331480
1537972962984
2637484590760
1812850869928
2912362497704
1538295989928
2637807617704
1555204278872
2654715906648
1830082185816
2929593813592
1482390309268
2581901937044
1757268216212
2856779843988
1551109786004
2650621413780
1825987692948
2925499320724
2585929320856
1550863107684
2650374735460
1825741014628
2925252642404
1744468052628
1464962778452
2843979680404
2856532182356
1486770014868
2586281642644
1761647921812
2861159549588
1739840685396
2564474406228
2839352313172
1469258007896
1761652377240
2861164005016
1555220989524
1534013605476
2633525233252
1808891512420
2908403140196
2929861199208
2925520030308
2581924021668
2856801928612
1482412393892
1551131870628
2650643498404
1826009777572
2925521405348
1761312376168
2860824003944
1482391422312
2581903050088
1757269329256
2856780957032
2654648010136
2929525917080
1465009965396
2564521593172
1739887872340
2839399500116
1533729442132
2633241069908
1808607349076
2908118976852
1551176697240
2650688325016
1826054604184
2925566231960
1486504987048
2586016614824
1761382893992
2860894521768
1486437811876
2585949439652
1761315718820
2860827346596
1537977419428
2637489047204
1812855326372
2912366954148
1555157288612
2654668916388
1469257746792
2568769374568
1555409013400
1486437615976
1482412328616
2581923956392
1757290235560
2856801863336
1469237823140
1538296187496
2637807815272
1813174094440
2912685722216
1482206546536
2581718174312
1757084453480
2856596081256
1469509601704
2569021229480
1744387508648
2843899136424
1808828861032
2908340488808
2568752793256
1744119072424
2843630700200
1469526378084
2569038005860
1744404285028
2843915912804
1486706247268
2586217875044
1538245854820
2637757482596
1740159387304
2839671015080
1464946264484
2564457892260
1739824171428
2839335799204
1533665741220
2633177368996
1808543648164
2908055275940
1482126133668
2581637761444
1555140314536
2654651942312
1830018221480
2929529849256
1486484998820
2585996626596
1761362905764
2860874533540
1469305129636
1744183036580
1538024606372
2637536234148
1812902513316
2912414141092
1465210440088
2564722067864
1740088347032
2839599974808
1533929916824
2633441544600
1808807823768
2908319451544
1533661547172
1482390309272
1757357410708
1533679045012
2633190672788
1808556951956
2908068579732
1739903535508
1465281807972
2564793435748
1740159714916
2839671342692
1469590145688
1464962778456
2564474406232
1739840685400
2839352313176
1808560162136
2908071789912
1482142647640
1825740031320
1757071083860
2856582711636
1550912653652
2650424281428
1825790560596
2925302188372
1830097848664
1469572516516
1744450423460
2564726327652
1740092606820
2839604234596
1533934176612
2633445804388
1808812083556
2908323711332
1482394569060
2568833271384
1744199550552
1486501512792
2586013140568
1761379419736
2564738910884
1740105190052
2839616817828
1739823844004
2839335471780
1469573565028
2569085192804
1744451471972
1486753434212
2586265061988
1761631341156
2861142968932
1538293041764
2637804669540
1813170948708
2654921623128
2586281837992
2585946360424
1761312639592
2860824267368
1830353963352
2912417286488
1482475047528
2581986675304
1757352954472
2856864582248
1830355010920
1812856440164
2929882106216
1744119137684
2843630765460
1812838614420
1761299006868
2860810634644
2912350242196
1537960707476
1555220007576
2654731635352
1830097914520
2908408382820
1465010161300
2564521789076
1739888068244
2839399696020
1533729638036
2633241265812
2925299041940
2586264799592
1825787218264
2925298846040
1465009965400
2564521593176
1739887872344
2839399500120
1533729442136
2633241069912
1808607349080
2908118976856
1825987495572
1740160697752
2839672325528
1469257942696
2568769570472
1744135849640
2843647477416
1537977419432
2637489047208
2912366954152
2585949439656
1555140512104
2654652139880
1534014851736
2633526479512
1808892758680
2908404386456
1744387573076
2843899200852
1486689535316
2586201163092
1761567442260
2861079070036
1538229142868
2637740770644
1813107049812
2912618677588
1825992673876
1551180826984
2650692454760
1826058733928
2925570361704
2585933449640
1551177942612
2650689570388
1826055849556
2925567477332
1465278596692
2564790224468
1740156503636
2839668131412
1533998073428
2633509701204
1761564231316
1761630291368
2861141919144
1551193736808
2650705364584
1826071643752
2925583271528
2839599711572
1830287968616
1482407151016
2581918778792
1757285057960
2856796685736
2925570623080
2637469190504
1812835469672
2912347097448
1555140577960
2654652205736
1830018484904
2929530112680
1469526378088
2569038005864
1744404285032
2843915912808
1538245854824
2637757482600
1813123761768
2912635389544
1533997877608
2633509505384
1808875784552
2908387412328
1482126133672
2581637761448
1757004040616
2856515668392
1550845610408
2650357238184
1464947247508
2564458875284
1739825154452
2839336782228
2581634353556
1757000632724
1550842202516
2650353830292
2925231737236
1469237823892
2568749451668
1744115730836
1538241398376
1538027751780
1465013307748
2564524935524
1739891214692
2839402842468
1533732784484
2633244412260
1808610691428
2908122319204
1482193176932
1469305129640
1744183036584
2843694664360
1812902513320
2912414141096
1486484998824
2585996626600
1486686128472
1761564035416
1465210242708
2564721870484
1830300486056
1482126132580
2581637760356
1740176164516
2839687792292
1469320922532
2568832550308
1744198829476
2843710457252
2633529362084
2908407269028
1482478126756
2581989754532
1486500791716
2586012419492
1550842202520
2925231737240
1469237823896
2568749451672
1744115730840
2843627358616
1486506035624
1465013307752
2564524935528
1739891214696
2925567215000
2839402842472
1533732784488
2633244412264
1808610691432
2908122319208
1482193176936
1465214699880
2564726327656
1740092606824
2839604234600
1533934176616
2633445804392
1808812083560
2908323711336
1482394569064
2581906196840
1486707034776
2586218662552
1761584941720
2861096569496
1486488210072
2585999837848
1761366117016
2860877744792
2908341471848
1464964023652
2564475651428
1739841930596
2839353558372
2650421200280
1469573565032
2569085192808
1744451471976
2843963099752
1744466937432
1808627205524
2908138833300
1534019111524
2633530739300
1808897018468
2654921624168
2925303040360
2843630765464
1537960707480
2637472335256
1813186741604
1486769227108
2586280854884
2637820462436
2912698369380
1469589357924
1744467264868
1538308834660
1830282724696
2929865394596
1469576513956
2569088141732
1744454420900
2843966048676
1486756383140
2586268010916
2861145917860
1538295990692
2637807618468
2654736811688
2633241265816
1550913701208
2650425328984
1808607544984
2908119172760
1482190030488
1464964089508
2564475717284
1739841996452
2839353624228
1744185918820
2843697546596
1486487881060
2585999508836
1761365788004
2860877415780
2912417023332
1538027488612
1830103157144
2929614784920
1469253487012
2568765114788
1744131393956
2843643021732
1486433356196
2585944983972
1761311263140
2860822890916
1537972963748
2637484591524
2929609803172
2925302188440
2925500172696
2586016613992
1761382893160
1551182203288
2650693831064
1825720305060
1550842398116
2650354025892
1826060110232
2925303301732
1465014421092
2564526048868
1739892328036
2839403955812
1533733897828
2633245525604
1808611804772
2908123432548
1482194290276
1538242708824
1813120615768
1555425724056
2654937351832
1830303631000
2929815258776
1482139765412
2581651393188
1757017672356
2856529300132
1464959896228
2564471524004
1739837803172
2839349430948
2908068907684
1550859242148
2929798546776
1469509666136
1813107049816
1486689535320
1761567442264
2637740770648
2912618677592
2586201163096
2861079070040
1538229142872
1550913767064
1825791674008
2925303301784
1465210440276
2856515603112
1739820763556
2839332391332
1533662333348
2633173961124
1808540240292
2908051868068
1482122725796
2581634353572
1757000632740
1465278596696
2564790224472
1740156503640
2843899135592
1555421268584
1469521922404
2569033550180
1744399829348
2843911457124
1486701791588
2586213419364
1761579698532
2861091326308
2912630933860
1538241399140
1537961428632
2637473056408
1812839335576
1555408749928
2654920377704
2929798284648
1826005322408
1534001022356
2633512650132
1465281545620
2564793173396
1757339321748
2856850949524
1826058798484
2925570426260
1550841153108
2650352780884
1465228331620
2564739959396
1740106238564
2839617866340
1533947808356
2633459436132
1808825715300
2908337343076
1482408200804
1464941741652
2564453369428
1739819648596
2839331276372
1533661218388
1808539125332
2908050753108
1482121610836
2581633238612
1826076820900
1469258007892
2568769635668
1744135914836
2843647542612
1551130821972
1486706312532
2586217940308
1761584219476
2861095847252
1555425789268
1757268019608
1555489687976
2581650015636
1757016294804
2856527922580
1825735771540
2925247399316
1482126854756
2581638482532
1757004761700
2856516389476
2564470146452
1464946985572
2564458613348
1739824892516
2839336520292
1555140576676
1555157354904
1538246641000
2637758268776
1813124547944
2912636175720
1555221251752
2654732879528
2929610786472
1465298257576
2564809885352
1469320922536
2568832550312
1744198829480
2843710457256
1538040399272
2637552027048
1812918306216
2912429933992
1486500791720
2586012419496
1744132769428
2843644397204
1486434731668
1761312638612
2585946359444
2860824266388
1469236708952
2568748336728
1744114615896
2843626243672
2581901674072
2564453369432
1739819648600
2839331276376
1533661218392
2633172846168
1465215485332
2564727113108
1830035260760
1464963040600
2564474668376
1739840947544
2568769635672
2843647542616
1482142909784
2581654537560
1757020816728
2856532444504
2929799596632
1761634288984
1486433355096
1761311262040
1534013606312
2633525234088
1808891513256
2908403141032
1550863436132
2650375063908
1825741343076
2925252970852
1538246706856
2637758334632
2925515834708
1465226954068
2564738581844
1740104861012
2839616488788
1533946430804
2633458058580
2650637927764
1555488442968
2655000070744
1830366349912
2929877977688
2586213484952
1761579764120
2861091391896
1469589357928
2569100985704
1744467264872
2843978892648
1538308834664
2637820462440
1813186741608
2912698369384
1486769227112
2586280854888
2633462516328
2569034925652
1538242774612
2637754402388
1813120681556
2912632309332
1744401204820
2843912832596
1469523297876
1486703167060
2586214794836
1469576513960
2569088141736
1469594273112
1469510453908
2569022081684
1744388360852
2843899988628
1486690323092
1761568230036
2586201950868
2861079857812
1538229930644
2637741558420
1761311327896
2860822955672
2861163678360
1533732587876
2633244215652
1808610494820
2908122122596
2856779908760
1469308011880
2568819639656
1744185918824
2843697546600
1538027488616
2637539116392
1812905395560
1469241951828
2568753579604
1744119858772
2843631486548
1537961428564
2637473056340
1812839335508
2912350963284
1469253487016
2568765114792
1744131393960
2843643021736
1537972963752
2637484591528
1812850870696
2912362498472
1486433356200
2585944983976
2839403955816
1533733897832
2633245525608
1808611804776
2908123432552
1482194290280
2581705918056
1757072197224
2856583825000
1550913767016
1757088975188
2856600602964
1739837803176
2839349430952
1808557279912
2908068907688
1482139765416
2581651393192
2650643433812
1465232460116
2564744087892
1740110367060
2839621994836
1533951936852
1826009712980
1482412329300
2581923957076
1757290236244
1555404490340
2654916118116
1830282397284
2929794025060
2568748336740
1744114615908
2843626243684
1537956185700
2637467813476
1830350554520
2929862182296
1555409013352
2654920641128
1830286920296
1469258729812
2568770357588
1551130821988
2650642449764
1826008728932
2925520356708
1555425789284
2654937417060
1830303696228
1464963040612
2564474668388
1739840947556
1469521922408
2569033550184
1744399829352
2843911457128
1538241399144
2637753026920
1813119306088
2912630933864
1551126301288
2650637929064
1826004208232
2925515836008
1465281545624
2564793173400
2654737140308
1469326166612
2568837794388
1744204073556
1813191985748
1465299634772
2564811262548
1465228331624
2564739959400
1740106238568
1761294813780
2860806441556
1830014290516
1469237037652
2568748665428
1744114944596
2843626572372
1486416906836
2585928534612
1756999517800
2856511145576
1550841087592
2650352715368
1825718994536
2925230622312
1469236708968
2568748336744
1482394306216
2581905933992
1757272213160
2856783840936
1538246904424
2637758532200
2929862509908
2908072052072
1482142909800
2581654537576
1757016294808
2856527922584
1550857864600
2650369492376
1825735771544
2925247399320
1825724238440
2925235866216
2564793436584
1740159715752
2839671343528
2564722067876
1740088347044
2839599974820
1533929916836
2633441544612
1808807823780
2908319451556
1482390309284
2581901937060
2856779844004
1465031199320
2564542827096
1739909106264
2839420734040
1533750676056
2633262303832
1469254862488
2568766490264
1555137104276
1744132769432
2843644397208
1537974339224
2637485967000
1812852246168
2912363873944
1486756645464
2586268273240
1761634552408
2861146180184
1469590145700
2569101773476
1744468052644
2843979680420
1757020554596
2856532182372
1486770014884
1761647921828
2586281642660
1538309622436
1464962778468
1465232197288
2564743825064
1740110104232
1469321643620
2568833271396
1744199550564
2843711178340
1486501512804
2586013140580
1761379419748
2860891047524
1538041120356
2637552748132
2839616488792
1533946430808
2633458058584
1808824337752
2908335965528
1482406823256
2581918451032
1757284730200
2856796357976
1551126299992
1808879126932
2908390754708
1538296187284
1465013307796
2564524935572
2654934271576
2929812178520
1469523297880
1486703167064
1761581074008
2637754402392
2569034925656
2912632309336
1808561408408
1482143893912
2581655521688
1757021800856
2856533428632
1550863370648
2650374998424
1825741277592
2925252905368
1469510453912
2569022081688
1555493685592
2908407334548
2861163742632
2843631486552
2654652925528
1469241951832
2568753579608
1744119858776
2929530832472
1537961428568
1812839335512
1486421821016
1761299727960
2925298846052
1465009965412
2564521593188
2654736877144
1555225249368
1465013307800
2564524935576
2654916380052
1469505406356
2569017034132
1744383313300
2843894941076
1538224883092
1761563182484
2861074810260
1830282659220
2929794286996
2925571410516
1761316570520
2860828198296
1486437550696
2585949178472
2564806805140
1740173084308
2839684712084
1534014654100
2633526281876
1808892561044
2908404188820
1482475046548
2581986674324
1757352953492
1482394503784
2581906131560
1757272410728
2856784038504
2929795139944
1537956448600
2925251922280
1555472911000
2654984538776
1830350817944
2929862445720
2856780630376
1465031199332
2564542827108
1533750676068
2633262303844
1482211068516
1538314078820
1465232460120
2564744087896
1533996763480
1551127677592
2650639305368
1486702839144
1533728327256
2633239955032
2861075859880
1465031199336
2564542827112
1739909106280
2839420734056
1533750676072
2633262303848
1808628583016
2908140210792
1537956514392
2637468142168
1812834421336
2912346049112
1486416906840
2585928534616
1761294813784
2860806441560
1555136383576
2654648011352
1533996829336
2633508457112
2843983808916
1469594274196
2569105901972
1486774143380
2586285771156
1761652050324
2861163678100
1813191657876
1551131543912
2650643171688
1826009450856
2925521078632
1555489687144
2655001314920
1830367594088
2929879221864
1469304931668
2568816559444
1744182838612
2843694466388
1538024408404
1486484800852
1555204277588
2654715905364
1486703101352
2586214729128
1761581008296
2861092636072
1550863107688
2650374735464
1825741014632
2925252642408
1464942069076
2564453696852
1739819976020
2839331603796
1830086379880
1465210440104
2564722067880
1740088347048
2839599974824
1533929916840
2633441544616
1808807823784
2908319451560
1482390309288
1830354750120
2929866377896
2856512194152
1469590145704
1533682255208
2633193882984
1538296187300
2637807815076
1813174094244
2912685722020
1551131609768
2650643237544
1826009516712
2925521144488
1482478127464
1469321643624
2568833271400
1744199550568
2843711178344
1744451537556
2637552748136
1812919027304
2912430655080
1486501512808
1534013605480
2633525233256
1808891512424
2908403140200
2839352510100
2929862248104
2925319030440
2908323645096
2637472074408
1812838353576
2912349981352
1465013307816
2564524935592
1739891214760
2839402842536
1533732784552
2633244412328
1808610691496
2908122319272
1744119137700
2843630765476
1486421099940
2585932727716
1761299006884
2860810634660
1740155259476
2839666887252
2856846756436
1826054605396
1482457221716
2581968849492
1757335128660
1486500727124
1482189048228
1469589358936
1469308012888
2925299041956
2839399696036
1808607544996
2908119172772
1482190030500
1761316833944
1464946001252
2564457629028
1739823908196
2839335535972
2650688521624
1482479241880
2581990869656
1757357148824
2912413943188
2856868776600
1469505406360
2569017034136
1744383313304
2843894941080
1538224883096
2637736510872
1813102790040
2912614417816
1486685275544
2586196903320
2655001381480
2654720035432
1465295177368
2564806805144
1740173084312
2839684712088
1534014654104
2633526281880
1808892561048
2908404188824
1482475046552
2581986674328
2839416474020
1469509666148
2569021293924
1744387573092
2843899200868
1486689535332
2586201163108
1761567442276
2861079070052
2929798546788
1538229142884
1486501775956
2586013403732
2929597221544
2929816046248
2856582711976
1761630095016
2856780696232
2843911719592
2633509701220
1808875980388
2908387608164
1482458465892
2581970093668
1757336372836
2856848000612
1551177942628
2650689570404
1826055849572
1555492636068
1469594274200
2569105901976
1744472181144
2843983808920
1808611476824
2908123104600
1551197931160
2650709558936
1826075838104
2925587465880
1555204277592
2568816559448
2843694466392
2654715905368
2929593812312
1538024408408
1812902315352
1486484800856
1761362707800
1555136318056
1550862322004
1538245592728
2637757220504
1813123499672
2912635127448
2637551962468
1537956185748
2637467813524
1812834092692
1486416578196
2585928205972
1761294485140
2860806112916
1555136054932
2654647682708
1808606300824
2908117928600
1555203163496
2654714791272
1757071936168
1761379419476
2860891047252
1486501512532
2586013140308
1465278334292
2564789962068
1740156241236
2839667869012
1464963040660
2564474668436
2908072052116
1538245920148
2637757547924
1550857930088
2650369557864
1486686061912
2843694400856
1826072364376
1537974011224
2654983293352
1830349572520
2929861200296
1533679372628
1550862387860
2650374015636
1825740294804
2925251922580
1555489424740
2655001052516
1830367331684
2929878959460
2637821183332
1756999517848
2856511145624
1550841087640
1537978533224
2637490161000
1812856440168
2912368067944
1555203229352
2654714857128
1830081136296
1464942789992
2564454417768
1739820696936
2839332324712
1533662266728
2633173894504
1808540173672
1482142909848
2581654537624
1534018848104
2633530475880
1808896755048
2908408382824
1469241230760
2568752858536
1744119137704
2843630765480
1744198764888
2843710392664
1486500727128
2586012354904
1761378634072
2929609738584
1812918241624
2637551962456
1465277352536
2564788980312
1538309556648
2637821184424
1813187463592
2912699091368
1757067937448
2856579565224
1550909507240
2650421135016
1825787414184
2925299041960
2856595096920
1533998073512
2633509701288
1808875980456
2908387608232
1744387573096
2843899200872
1538229142888
1826071643800
2637740770664
1813107049832
2912618677608
1486689535336
2912418072932
1469326165336
1761564231320
2861075859096
2929816373672
1465278596712
2564790224488
1740156503656
2839668131432
1533998073448
2633509701224
1808875980392
2908387608168
1482458465896
2581970093672
1465228002708
2564739630484
1740105909652
2839617537428
1533662266772
2633173894548
2637468861844
2908404123028
2843631814036
2839672128916
1464942790040
2564454417816
1739820696984
2839332324760
1533662266776
2633173894552
1808540173720
2908051801496
1465295177124
2564806804900
1740173084068
2839684711844
1826054605400
1830098896232
1482461414820
2581973042596
1830013961892
2929525589668
2568748336804
1744114615972
2843626243748
1537956185764
1744383051428
1538224621220
2637736248996
1813102528164
1808892495268
2908404123044
1482474980772
2581986608548
1555220989348
2654732617124
1830098896292
2929610524068
1538292778404
2637804406180
2925251921316
1555157353892
2654668981668
1830035260836
2929546888612
1464963040676
2564474668452
1739840947620
2839352575396
1533682517412
1464942790056
2564454417832
1739820697000
1486438664792
2839332324776
1533662266792
2633173894568
1808540173736
2908051801512
2654716167576
2929594074520
1464958518692
2564470146468
1739836425636
2839348053412
2650369492388
1825735771556
2925247399332
1555203426920
2654715054696
1830081333864
2929592961640
1761294748072
2860806375848
1538045643412
2637557271188
1812923550356
2912435178132
1465031199380
2564542827156
1739909106324
2839420734100
1533750676116
2633262303892
1739908843860
2839420471636
1550858193512
2650369821288
1825736100456
1482457156008
2581968783784
1757335062952
2568766490276
2843644397220
1486434731684
2585946359460
1761312638628
2860824266404
1812852246180
1761568163496
2861079791272
1464963040680
2564474668456
1739840947624
2839352575400
1533682517416
2633194145192
1808560424360
2908072052136
1482142909864
2581654537640
2856578254504
2929865327956
1465031199384
2564542827160
1739909106328
2839420734104
1533750676120
2633262303896
1808628583064
2908140210840
1482211068568
2581722696344
1534019111528
2633530739304
2650642187604
1826008466772
2925520094548
1808897018472
2908408646248
1533946430820
2633458058596
1808824337764
2908335965540
1482406823268
2581918451044
1757284730212
2856796357988
1551126300004
2650637927780
1740110432680
2839622060456
1761585269336
2861096897112
1469523297892
2569034925668
1744401204836
2843912832612
1486703167076
2586214794852
1761581074020
2861092701796
1538242774628
2637754402404
1469510453924
2569022081700
1744388360868
2843899988644
1486690323108
2586201950884
1761568230052
2861079857828
2929799334564
1482407872100
2581700675172
2856578582116
1555208471976
2654720099752
1830086378920
2929598006696
1469241951844
2568753579620
1744119858788
2843631486564
1486421821028
2585933448804
1761299727972
2860811355748
1537961428580
2637473056356
1740110367076
2839621994852
1533951936868
2633463564644
1808829843812
2908341471588
1482412329316
2581923957092
1757290236260
1551131806052
2912615204264
2860878792104
1465295440548
1482479504036
2581991131812
1757357410980
2856869038756
1486774471332
2586286099108
1761652378276
2861164006052
1465031199396
2564542827172
1482190030232
2581701658008
1757067937176
2856579564952
1761365788264
1761316767124
2860828394900
2564727113364
1740093392532
2839605020308
1469237037668
2568748665444
1744114944612
2843626572388
1482395354772
1486416906852
2585928534628
1761294813796
2860806441572
1533930702180
2633442329956
1808808609124
2908320236900
2654916446568
1555472713064
1808555902376
2637754337640
2908067530152
1482138387880
2581650015656
1757016294824
2856527922600
1550857864616
2650369492392
2581901937000
1465031199400
2564542827176
1739909106344
2839420734120
1533750676136
2633262303912
1808628583080
2908140210856
1482211068584
2581722696360
1465214372456
2564726000232
1740092279400
2839603907176
1744132769448
2843644397224
1537974339240
1538292779672
2637804407448
1813170686616
2912682314392
1813187790248
1812906444200
1555208669544
2654720297320
1830086576488
2929598204264
1761585202516
1486707295572
2586218923348
1469527426388
2569039054164
1744405333332
2843916961108
2861096830292
1555426772308
2654938400084
2925520357972
1825741343080
2925252970856
1757336373656
1555471664744
2654983292520
1830349571688
2929861199464
1465226954088
2564738581864
1740104861032
2839616488808
1533946430824
2633458058600
1808824337768
2908335965544
1482406823272
2581918451048
1465231411860
2564743039636
1826008664724
1740109318804
2839620946580
1482411281044
2581922908820
1757289187988
2856800815764
2650642385556
1482475308456
2581986936232
1482193962408
2581705590184
1757071869352
2856583497128
2912682642004
1757353215400
2856864843176
1555208735400
2654720363176
1469523297896
2569034925672
1744401204840
1550841415252
2564453697108
2650353043028
2925230949972
2843912832616
1757021800872
2856533428648
1550863370664
2650374998440
1825741277608
2925252905384
1469510453928
2569022081704
1744388360872
1825736100500
1538309555816
2637821183592
1813187462760
2912699090536
2843912504744
1469241951848
2568753579624
1744119858792
2843631486568
1537961428584
2637473056360
1812839335528
2912350963304
1486421821032
2585933448808
1469505406372
2569017034148
1744383313316
2843894941092
1830282659236
1486685275556
2586196903332
1761563182500
2861074810276
2654916380068
2581705917796
1757072196964
2856583824740
2633526281892
1808892561060
1482475046564
2581986674340
2908404188836
1551194523300
2650706151076
1469506192980
2569017820756
1744384099924
2843895727700
1538225669716
2637737297492
1813103576660
2912615204436
1482391094868
2581902722644
1469241166164
1551177680472
2650689308248
1826055587416
2925567215192
1537957234264
2637468862040
1465030937172
1757088713300
2856600341076
1482210806356
2581722434132
1550930283092
2650441910868
2633262041684
1808628320852
2908139948628
2856868776552
1465026676324
2564538304100
1739904583268
2839416211044
1533746153060
2633257780836
1808624060004
2908135687780
1482206545508
2581718173284
1533930965604
2633459173992
1469258991000
2568770618776
1744136897944
2843648525720
1537978467736
2637490095512
1812856374680
2912368002456
1486438860184
2585950487960
1465215485592
2564727113368
1537956514408
2637468142184
1812834421352
2912346049128
2912703285668
1469573563732
2569085191508
1744451470676
2843963098452
1538293040468
2637804668244
1813170947412
2912682575188
2929594008916
1469305128276
2650369754468
1486774142632
1486685276520
2586196904296
1761563183464
2861074811240
2568816559460
1486484800868
2585996428644
1761362707812
2860874335588
1812902315364
1555137104280
2654648732056
1830015011224
2929526639000
1761294747240
2860806375016
2925315819928
2585945049768
1482458269352
1482458465624
2581970093400
1757336372568
2856848000344
1486753432920
1757066693284
2856578321060
1538024605016
2637536232792
1465008917156
2564520544932
1739886824100
1825786170020
1469527426392
2569039054168
1744405333336
1486707295576
2586218923352
1761585202520
2861096830296
2843916961112
2929816307032
1538246903128
1761563249320
2839668132436
1465231411864
2564743039640
1740109318808
2839620946584
1533950888600
2633462516376
1808828795544
2908340423320
1482411281048
2581922908824
1465026676372
2564538304148
1739904583316
2839416211092
1533746153108
2633257780884
2654715840148
1830082119316
2929593747092
1464942790296
2564454418072
1739820697240
1533662267032
2564453697112
1739819976280
2839331604056
1482121938520
2581633566296
1756999845464
2856511473240
1533661546072
2633173173848
1808539453016
2908408317332
1465299305876
2564810933652
1465277352548
2564788980324
1740155259492
2839666887268
2568832485732
1744198764900
2843710392676
1482457221732
2581968849508
1757335128676
1551110833512
2650622461288
1825988740456
2925500368232
1757000631700
2856512259476
1482122724756
2581634352532
1482121611876
2581633239652
1756999518820
2856511146596
2564538304164
1739904583332
2839416211108
1533746153124
2633257780900
1808624060068
2908135687844
1482206545572
2581718173348
1482474981028
1555224398248
2654736026024
1830102305192
2929613932968
1555422382504
2929882367640
1533662267048
1469505406376
2569017034152
1744383313320
2843894941096
1538224883112
2637736510888
1813102790056
1486685275560
2586196903336
1555153946280
2654665574056
1830031853224
2929543481000
1469253748116
2568765375892
1744131655060
2843643282836
1469303883412
2568815511188
1744181790356
2843693418132
1486483752596
2585995380372
1761361659540
2860873287316
1538023360148
2637534987924
1551110899368
2650622527144
1825988806312
2925500434088
2568752793944
2912350177624
2585932663128
1744119073112
2843630700888
1812838549848
1537960642904
1538041448872
2637553076648
1812919355816
2912430983592
1465010160996
2564521788772
1739888067940
2839399695716
1533729637732
2633241265508
1808607544676
2908119172452
1482190030180
1482458465636
1757088713304
2856600341080
1550930283096
2650441910872
1825808190040
2925319817816
1465294391700
1482474260884
2581985888660
1486770014616
2586281642392
1761647921560
2861159549336
1465025889620
2564537517396
2929861199444
1486752187988
2586263815764
1761630094932
2861141722708
1555471664724
2654983292500
1830349571668
1469572318804
2569083946580
2912702237288
1469594274216
2569105901992
1465013045652
2564524673428
1739890952596
2839402580372
1533732522388
2633244150164
1808610429332
2908122057108
1482192914836
2581704542612
1465010161000
2564521788776
1761379485336
2860891113112
1739819976024
2839331603800
1757336438424
2856848066200
1469304931688
2568816559464
1469309389460
2568821017236
1744187296404
2843698924180
1486489258644
2586000886420
1761367165588
2860878793364
1538028866196
2637540493972
2654731831960
1534001219172
2633512846948
1808879126116
2908390753892
2908407532120
1757066693288
2856578321064
1550908263080
2650419890856
1825786170024
2925297797800
1761299989864
1534000957780
2633512585556
1808878864724
1465281481044
2564793108820
1740159387988
2839671015764
1482461350228
1757339257172
1551180826964
1757340304744
2856851932520
1555488703896
2655000331672
1555207357848
2654718985624
1830085264792
2929596892568
1830366610840
2929878238616
1555477170792
2654988798568
1555154143848
2654665771624
1830032050792
2929543678568
1830355077736
2929866705512
2654988798548
1744455731796
1761635600980
2843967359572
1486690585000
2586202212776
1551194458728
2650706086504
1826072365672
2925583993448
1482122988180
1482407872936
2581919500712
1757285779880
2856797407656
1465299305880
2564810933656
1740177212824
2839688840600
1534018782616
2633530410392
1808896689560
2908408317336
1482479175064
2581990802840
1469320857960
2568832485736
1744198764904
2843710392680
1465277352552
1830032050772
1469254797908
2568766425684
1744132704852
1537974274644
2637485902420
1482462463656
2581974091432
1757340370600
2856851998376
1538023295592
2637534923368
1812901202536
2912412830312
1482408200548
2581919828324
1482126854500
2581638482276
1757004761444
2856516389220
1469303883416
2568815511192
1744181790360
2843693418136
1486501775960
2586013403736
1761379682904
2860891310680
1538045576532
2637557204308
1555492636072
2655004263848
1830370543016
2929882170792
2929865393512
2929542366568
1761631406756
2925315557716
2856596080980
1486501513556
2586013141332
1555220990292
2654732618068
1551126562216
2650638189992
1826004469160
2925516096936
2564788980068
1740155259236
2839666887012
1482126920356
2581638548132
1482205758808
2581717386584
1813169702488
2637803423320
1757083665752
2856595293528
1550925235544
2650436863320
1825803142488
2925314770264
1469572318808
2569083946584
2912430917268
1808610429336
2908122057112
1482192914840
2581704542616
1757070821784
2856582449560
1550912391576
2650424019352
1825790298520
2925301926296
1744199551320
1830098897240
2568833272152
1761647855960
2925315557720
1533929653908
2633441281684
2929866443432
2856800880040
1469309389464
2568821017240
1744187296408
2843698924184
1538028866200
2637540493976
1812906773144
2912418400920
2586017335912
1761383615080
2860895242856
2581985822104
1757352101272
2856863729048
1482462661224
2581974289000
1757340568168
2856852195944
2929610787176
2912636242280
1555405605528
1555207621272
2654719249048
1830085528216
2929597155992
2654917233304
1830283512472
2929795140248
1465281481048
2564793108824
1740159387992
2839671015768
1482461350232
2581972978008
1534000957784
2633512585560
1533662594404
2633174222180
1808540501348
1550862387864
2650374015640
1825740294808
2925251922584
1744455731800
2843967359576
1538297301592
2637808929368
1813175208536
2912686836312
1486757694040
2581700348264
2856780694868
1482193175892
2581704803668
1538024671896
2637536299672
1812902578840
2912414206616
2929810868648
2861079071144
1761312310696
1469254797912
2568766425688
1744132704856
2843644332632
1537974274648
2637485902424
1812852181592
1482473997972
2912363809368
1486434667096
1555492833640
2655004461416
2860807227988
1761564035668
2861075663444
1830283512404
2929795140180
2856512260692
1482138651028
2581650278804
1757016557972
2856528185748
1555224397416
2654736025192
1830102304360
2929613932136
1830300288616
2929811916392
2585949439400
1761315718568
2860827346344
2637552748900
1486501513572
2586013141348
1761379420516
2843979614564
1757071148692
2856582776468
1482478126504
2581989754280
1757356033448
2856867661224
2908324759144
1538309884264
2637821512040
1813187791208
2912699418984
1555492899496
2655004527272
1830370806440
2929882434216
2843979875944
1482206546580
2581718174356
1465026677396
2564538305172
1739904584340
2839416212116
1533746154132
2633257781908
1757084453524
2856596081300
2633173961304
1808540240472
2908051868248
1482122725976
2581634353752
1550842202712
1533683304808
1825993001620
1538041448040
2650622199400
2637553075816
1812919354984
2912430982760
1469254862248
2568766490024
1739904584040
2839416211816
1533746153832
2633257781608
1808624060776
2908135688552
1482206546280
2581718174056
1739909039764
2839420667540
1825736034728
1826059061672
1808896952744
1740173084072
2839684711848
1757087599016
2925499385512
2860810634920
2929815062868
1486706051412
2586217679188
1761583958356
2861095586132
1555425528148
2654937155924
1830303435092
1469526182228
2569037810004
1469258991012
2568770618788
1808812869284
2633446590116
2908324497060
1465215485604
2564727113380
1740093392548
2839605020324
1744136897956
1757352888916
2856864516692
1482474981972
2581986609748
1465295112788
2564806740564
1740173019732
2839684647508
1534014589524
2633526217300
2925315623528
1757269002904
2856780630680
2856583826024
2633446524308
1808812803476
2908324431252
1761362904468
1812902512020
2912414139796
1551194785384
2839399433572
1469527426404
2569039054180
1744405333348
2843916961124
1486707295588
2586218923364
1761585202532
2861096830308
1538246903140
2637758530916
2929610853032
1486500530536
2586012158312
1761378437480
2860890065256
2569088402788
2860807228004
1808808675940
1757000632932
2856512260708
1825720109668
2925231737444
1757335390568
2856847018344
1555421268376
2654932896152
1465010161048
1465231411876
2564743039652
1740109318820
2839620946596
1533950888612
2633462516388
1808828795556
1482411281060
2581922908836
1757289188004
1826076886424
2654735764136
2650692717224
2633509767848
1757285779048
2856797406824
1555475859096
1464942069348
2564453697124
1555152832152
2654664459928
1830030739096
2929542366872
2654987486872
1830353766040
1808892824168
1551109785240
2650621413016
1825987692184
2925499319960
1482122725992
2581634353768
1550842202728
2650353830504
2839684909416
1469237824104
1482478389928
2581990017704
2856867924648
1538040334744
2637551962520
1812918241688
2912429869464
1826059848024
1744198568280
1538313750168
2637825377944
1813191657112
2912703284888
1757084453528
2856596081304
1550926023320
2650437651096
1825803930264
2925315558040
1469505211048
2569016838824
1551193474644
2564807068328
1469241166180
2568752793956
1744119073124
2843630700900
1761298942308
2860810570084
1537960642916
2637472270692
1538312964776
1812901202328
2925319817828
1739908844132
2839420471908
1533750413924
2633262041700
1482210806372
1830303630996
2929815258772
1469526378132
2569038005908
1744404285076
2843915912852
2861146965656
1555425528152
2654937155928
2929815062872
1538245658968
1813123565912
2637757286744
2912635193688
1486706051416
2586217679192
2564542761380
2654920312472
2637737363096
1469258991016
1533930702184
2633442329960
1808808609128
2908320236904
2568770618792
1744136897960
2843648525736
1537978467752
2654984537508
1830350816676
1469305128356
2568816756132
1465010161060
2564521788836
1739888068004
1465295112792
1465025955220
1465014422116
2564526049892
1739892329060
2839403956836
1533935159956
2633446787732
1534001220008
1555476056664
2654987684440
2586286099032
1482394569108
2581906196884
1757272476052
1482142844504
1761567377816
2861079005592
1551130823256
2650642451032
1826008730200
2925520357976
1761299794340
1469527426408
2569039054184
1555472910996
2654984538772
1830350817940
2929862445716
1482126067028
2581637694804
1464946197844
2564457825620
1739824104788
2839335732564
1757003973972
1825803929240
1830086641304
2908408580760
2925570689688
2585932662424
1761298941592
2860810569368
2856599227032
1486505772628
2586017400404
1469325903444
2568837531220
1744203810388
2843715438164
1538045380180
2637557007956
1482461349528
2581972977304
1757339256472
1538293107288
2637804735064
1813171014232
2912682642008
1465231411880
2564743039656
1740109318824
2839620946600
1533950888616
2633462516392
1808828795560
2908340423336
1482411281064
2581922908840
2843697546644
2650621216148
1465299305892
2564810933668
1740177212836
2839688840612
1482479175076
2581990802852
1757357082020
2856868709796
1534018782628
2633530410404
2861095781736
1740156307096
2839667934872
1482138650196
2581650277972
1757016557140
1830035981720
2929547609496
2654647749224
1830014028392
2929525656168
1486484998568
2585996626344
1761362905512
2860874533288
1469303883428
2568815511204
2856529299880
1469523297640
2569034925416
1469241166184
2568752793960
1744119073128
2843630700904
1537960642920
2637472270696
1812838549864
1482411346584
1538297039464
2637808667240
2912363547240
1813174946408
2912686574184
1550930283112
2650441910888
1825808190056
2925319817832
1469526378136
2569038005912
1744404285080
2843915912856
1538245854872
2637757482648
1813123761816
2912635389592
1551198717268
2650710345044
1826076624212
1465294391716
2564806019492
1740172298660
1534013868452
2633525496228
1482474260900
2581985888676
1551181089364
2650692717140
1826058996308
2925570624084
1469576710740
2569088338516
1757071084116
2856582711892
1555471664740
2654983292516
1830349571684
1739903796580
2929861199460
2839415424356
1469572318820
2569083946596
1744450225764
2843961853540
2585995381336
1761361660504
1482192914852
2581704542628
1757070821796
2856582449572
2564524673444
1739890952612
1826072365460
1486501513620
1761379420564
1555489425812
1465026677140
2564538304916
1739904584084
2839416211860
1533746153876
2633257781652
1757020489316
2856532117092
2929799267688
2912418334056
1538028866212
1469309389476
2568821017252
1744187296420
2843698924196
2637540493988
1486489258660
2586000886436
1465013307992
2564524935768
1739891214936
2839402842712
1533732784728
2633244412504
1808610691672
2908122319448
1465214699928
2564726327704
1740092606872
2839604234648
1533934176664
2633445804440
2654653252968
2908135688600
1482206546328
2581718174104
1469573565080
2908055209304
1482126067032
1538229142952
2637740770728
1813107049896
2912618677672
1465281481060
2564793108836
1740159388004
2839671015780
1534000957796
1482461350244
2581972978020
1757339257188
2856850884964
2633512585572
2929614784088
1469325903448
2568837531224
1744203810392
2843715438168
2912434914904
1486505772632
2586017400408
1761383679576
1533946430888
2633458058664
1808824337832
1465030150820
2564541778596
1739908057764
2839419685540
1555488703892
2655000331668
1830366610836
2929878238612
2843967359588
1469589357972
2569100985748
1744467264916
2843978892692
1469577824868
2569089452644
1744455731812
1761635600996
1486757694052
2586017334696
1465299305896
1486487881108
2585999508884
1469308011924
2568819639700
1744185918868
1538308770136
1813186677080
2637820397912
2912698304856
2585946294884
1555158338200
2654669965976
1830036245144
2929547872920
2925567280552
1551198653080
2650710280856
1826076560024
2925588187800
2925303301780
1465014421140
2564526048916
1739892328084
2839403955860
1808611804820
2908123432596
1482194290324
1469576775064
2569088402840
1744454682008
2843966309784
1465282529896
2564794157672
1740160436840
2839672064616
2929525918120
2912686836136
1551110638228
2650622266004
1825988545172
2925500172948
1555405605524
2654917233300
1830283512468
2929795140244
2856512260756
2860877482408
1534001220196
2633512847972
1808879127140
2908390754916
1538296187492
2637807815268
1813174094436
2912685722212
1555475793236
2654987421012
1830353700180
2908055013028
1555421268372
2654932896148
1830299175316
2929810803092
1469521922452
2569033550228
1744399829396
2843911457172
1486701791636
2856801929620
1808892496292
2908404124068
1538309556644
2637821184420
1813187463588
2912699091364
1739904584100
1826060109396
2925571737172
1482462725716
2581974353492
1757340632660
2856852260436
1551182202452
2650693830228
1465282856532
2564794484308
2586264864168
1761631143336
2861142771112
1465294391720
2564806019496
1740172298664
2839683926440
1534013868456
2633525496232
1808891775400
1551127677588
2650639305364
1826005584532
2925517212308
1465228331668
2564739959444
1740106238612
2839617866388
1757290301800
1739820763800
2839332391576
1533662333592
2633173961368
1808540240536
2908051868312
1757000632984
1465013308008
2637824330088
1757083665768
2856595293544
1550925235560
2650436863336
1825803142504
2925314770280
1813190609256
2912702237032
1469572318824
1744450225768
1808557213268
2908068841044
1482139698772
2581651326548
1757017605716
2856529233492
1464959829588
2564471457364
2564524673448
1533732522408
2633244150184
2650357959316
1825724238484
2925235866260
1464946985620
2564458613396
1739824892564
2839336520340
1533666462356
2633178090132
1808544369300
1538044266088
2637555893864
1812922173032
2912433800808
1469309389480
2568821017256
1744187296424
2843698924200
1538028866216
1534001219176
2633512846952
2637540493992
1825992935848
1465214633384
2564726261160
1740092540328
2839604168104
2929799333544
1534000957800
2633512585576
1808878864744
2908390492520
1482461350248
2581972978024
2856784824916
2908324432468
2585929582932
1761295862100
2925504301652
1469238085972
2568749713748
1744115992916
2843627620692
1537957562708
2637469190484
1812835469652
1826055849576
2925582944872
2912703548008
1469589357976
2569100985752
1744467264920
2843978892696
1538308834712
2637820462488
1813186741656
2912698369432
1486769227160
2586280854936
1761367098984
1469577824872
2569089452648
1744455731816
1808543582820
1469308011928
2568819639704
1744185918872
2843697546648
1538027488664
2637539116440
1812905395608
2912417023384
1469254797928
2568766425704
1830103353704
1744132704872
2843644332648
1537974274664
2637485902440
1812852181608
2912363809384
1486434667112
2929816044888
1533930769060
2633442396836
1808808676004
2908320303780
2654648797860
2912615271076
2586197756580
1813103643300
1757000632996
2856512260772
1739892328088
2839403955864
1808611804824
2908123432600
1482194290328
2581705918104
1761631340904
2925251594920
1482408200552
2581919828328
1555153160600
2654664788376
2654668720548
1830034999716
2929546627492
1469257746852
2568769374628
1744135653796
2843647281572
1486437616036
2585949243812
1761315522980
2925302252964
1551193475480
2650705103256
1826071382424
2925583010200
2856847739288
1482206546596
2581718174372
1757084453540
2856596081316
1550926023332
2650437651108
1465026677412
2564538305188
1739904584356
2839416212132
1555475793240
2654987421016
1830353700184
2929865327960
1469576447320
2569088075096
1744454354264
2843965982040
1486756316504
2586267944280
2843626572136
1486753499816
1761631406760
2861143034536
1808828859988
2908340487764
1555425789524
2654937417300
1830303696468
2929815324244
2856800880212
1826008729172
1465013307988
2564524935764
1538314078616
2637825706392
2925571737176
1465282856536
2564794484312
1482462725720
1740160763480
2839672391256
1757340632664
2581974353496
2908391867992
2856852260440
1469510452840
2569022080616
1744388359784
2843899987560
1465228331672
2564739959448
1740106238616
2839617866392
1533947808408
2633459436184
1808825715352
2908337343128
1482408200856
2581919828632
1555425528164
1830303435108
2654937155940
2929815062884
1469526182244
2569037810020
1744404089188
2843915716964
1813123565924
1486706051428
1739837736536
2839349364312
2564471457368
1533679306328
2654668981848
1825740293720
1744135915096
1533950953048
2633462580824
1808828859992
2908340487768
1538245920344
2637757548120
1551194458724
2650706086500
1826072365668
2925583993444
1465295112804
2564806740580
1534014589540
2633526217316
2564809886376
1740176165544
2839687793320
1555157092776
2654668720552
1830034999720
2929546627496
1469577562792
2929593812632
1739840685460
2839352313236
1808560162196
2908071789972
1551114045864
2650625673640
1825991952808
2925503580584
1830098896532
2929610524308
1469321643668
2568833271444
1744199550612
2843711178388
1486501512852
2586013140628
1761379419796
1533662594408
2633174222184
1808540501352
2908052129128
1550845609640
2650357237416
1825723516584
2925235144360
1830015338840
2929526966616
1469238085976
2568749713752
1744115992920
2843627620696
1761295862104
1482395290200
1486417955160
2585929582936
2912345785956
1533951936936
2633463564712
1808829843880
2908341471656
2856582710616
1551130559828
1808825387348
1538225670484
1533997812052
2654984276308
2654938401368
1830304680536
2929816308312
1469321644376
1744384100696
1538225670488
2637737298264
1465009899864
1757084453208
2856596080984
2929878960472
1761382631832
2860894259608
1550925236824
2650436864600
1825803143768
2925314771544
1555489424980
2655001052756
1830367331924
2929878959700
2843979613780
1538309555796
2637821183572
1813187462740
2912699090516
1486769948244
2929810803304
1550909311380
2650420939156
2569033811288
1830353962648
2929547610776
2568816756052
1550858914148
1465009899876
2564521527652
1739887806820
2839399434596
1533729376612
2633241004388
1808607283556
2908118911332
1744400877924
1464963040868
2564474668644
1739840947812
2839352575588
1533682517604
2633194145380
1808560424548
2908072052324
1482142910052
2581654537828
1482412066456
2581923694232
1757289973400
1739820697960
2839332325736
1808540174696
1469257746856
2568769374632
1744135653800
2843647281576
1537977223592
2637488851368
1812855130536
2586263751320
2912366758312
1757084453544
2856596081320
1550926023336
1825803930280
2925315558056
1744118810264
2843630438040
1464963040872
2564474668648
2839352575592
1533682517608
1757336176980
2856847804756
1551177746772
2650689374548
1826055653716
2925567281492
1465278400852
2564790028628
1740156307796
2839667935572
1830303631012
1469526378148
2569038005924
1744404285092
2843915912868
1550930281880
2650441909656
1825808188824
2925319816600
1469526182248
2569037810024
1744404089192
1830286920344
2843915716968
1538245658984
2637757286760
2650440796776
2925318703720
1757020490152
2856532117928
2569037743464
1744404022632
1555203164756
2654714792532
1830081071700
2929592699476
1486483688020
2585995315796
1761361594964
2860873222740
1469303818836
2568815446612
1761378633384
2860890261160
1534019111576
1555472648596
2654984276372
1830350555540
2929862183316
1538309556628
2637821184404
1813187463572
2912699091348
1465009899924
2564521527700
1464942791064
2564454418840
1739820698008
2839332325784
1533662267800
2633173895576
1808540174744
2908051802520
1482122660248
2581634288024
1469304867240
2568816495016
1744182774184
1486756579988
1550912653972
1825790560916
2925302188692
1761634486932
1555207621268
2654719249044
1830085528212
2929597155988
1482479240596
1551114045860
2650625673636
1825991952804
2925503580580
1465214699940
2564726327716
1740092606884
2839604234660
1533934176676
2633445804452
1757020817764
2856532445540
1486686063012
2586197690788
1761563969956
2861075597732
1469522971044
2569034598820
1744400877988
2843912505764
1465009899940
2564521527716
1761295599204
2860807226980
1486434470488
1555472911012
1550845543780
2650357171556
1825723450724
2925235078500
2654984538788
1830350817956
2929862445732
1464946197860
2564457825636
1739824104804
1757269330520
2856780958296
2654916117928
1469325903460
2568837531236
1555225249380
2654736877156
1830103156324
2929614784100
1808539454116
1486505772644
1465013308056
2564524935832
1739891215000
2839402842776
1533732784792
1551194719656
2650706347432
1826072626600
2925584254376
2650642187608
1826008466776
2925520094552
1465231213912
2564742841688
1740109120856
2839620748632
1533950690648
2633462318424
1808828597592
1555489424984
2655001052760
1469590079064
2569101706840
1744467986008
2843979613784
1486769948248
2586281576024
1757067741592
2856579369368
1550909311384
2650420939160
1812835403412
1825787218328
2925298846104
1550913701220
2650425328996
1825791608164
1555409012116
2654920639892
1830286919060
2929798546836
1744387573140
2843899200916
1486689535380
2586201163156
1761630029208
2861141656984
2586263815592
1757284795800
2856796423576
2650689570452
1826055849620
2925567477396
1465278596756
2564790224532
1740156503700
2839668131476
1533998073492
2633509701268
1808875980436
1482395355752
2581906983528
1757273262696
2912618613096
2856784890472
2861142706536
1551177746776
2650689374552
1826055653720
2925567281496
1465278400856
2564790028632
1740156307800
2839667935576
1533997877592
2633509505368
1469526378152
2569038005928
1744404285096
2843915912872
2633189886312
1486706247336
1744404286056
2843915913832
1533728328100
2633239955876
1808606235044
2912417286820
2637539379876
1812905659044
1465013308068
2564524935844
1739891215012
2839402842788
1533732784804
2633244412580
2912367741592
1555203164760
2654714792536
1830081071704
2929592699480
1469303818840
2568815446616
1744181725784
2843693353560
1486483688024
2585995315800
2860811356584
2861092702632
1555425528168
2654937155944
1830303435112
2929815062888
1482206808468
2581718436244
1757084715412
2654668719720
1830034998888
2929546626664
1465013308072
1486505969064
2586017596840
1761383876008
2860895503784
1739891215016
2839402842792
1825991951976
2925503579752
1739841668436
2839353296212
1465214699944
2564726327720
1740092606888
2839604234664
1533934176680
2633445804456
1808812083624
2908323711400
1482394569128
2581906196904
1555404753576
2654916381352
2929794288296
1469573565096
2581637694824
1808896756308
1757003973992
2856515601768
1550845543784
2650357171560
1825723450728
2925235078504
2569085192872
1555488639336
1761651329684
1538045380200
2637557007976
1486505772648
1533951936104
2633463563880
1808829843048
2908341470824
1555488703908
2655000331684
1830366610852
1744467264932
2843978892708
1469589357988
2569100985764
2929878238628
1486769227172
2586280854948
1555207357860
2654718985636
1830085264804
2929596892580
1469308011940
2568819639716
1744185918884
2843697546660
1486487881124
2585999508900
1550842135956
1482461677144
1469325117780
2568836745556
1830102370644
2929613998420
1555224463700
2654736091476
1538044594516
2637556222292
1744203024724
1486504986964
2925299107224
1482194290340
2581705918116
1465014421156
2564526048932
1739892328100
2839403955876
1533733897892
2633245525668
2929799531112
1757268280996
2856779908772
1813174093204
2912685720980
1464958585428
2564470213204
2633189689940
1808555969108
2908067596884
1469509666200
1808828859796
2908340487572
2564811195992
1740177475160
2839689102936
2650693831272
1465278596760
2564790224536
1740156503704
2839668131480
1533998073496
2633509701272
1808875980440
2908387608216
1482458465944
2581970093720
1761634288980
2861145916756
1533732586836
2633244214612
1808610493780
2908122121556
2637539181908
1812905461076
1538027554132
1555475793252
2654987421028
1830353700196
2929865327972
1469576447332
2569088075108
1744454354276
2843965982052
1555421268388
2654932896164
1830299175332
2929810803108
2569033550244
1744399829412
2843911457188
1486701791652
2586213419428
2839604169384
1534002333284
2633513961060
1551182202468
2650693830244
1826060109412
2925571737188
2581922646376
1555489425816
2655001053592
1830367332760
2929878960536
2564739959460
1740106238628
2839617866404
1533947808420
2633459436196
1551127677604
2650639305380
1826005584548
2925517212324
1482408200868
1486769161832
2586280789608
1830300288408
2861158696552
1465281545560
2564793173336
1740159452504
2839671080280
1825988479572
2925500107348
1744384100948
1813103577684
2912615205460
2586197690964
1555405539924
1533950953108
2633462580884
1808828860052
2908340487828
1482411345556
2581922973332
1486706312852
2586217940628
1550859175524
2650370803300
1744182774360
2843694402136
1486702840408
2925231671896
1486484736600
1555137104472
2654648732248
2569034599000
1551194458712
1464946985636
2564458613412
1739824892580
2839336520356
1533666462372
2908051015000
2637804668324
2637821446552
1551177942680
2650689570456
1826055849624
2925567477400
1486756317864
2586267945640
1761634224808
2861145852584
2586012092824
1465228069224
2564739697000
1740105976168
2839617603944
1555472648804
1465211226724
2564722854500
1533930703460
2633442331236
1482391095908
1744182773352
2843694401128
1533746480548
2633258108324
1808624387492
2908136015268
1464942791272
2564454419048
1739820698216
1464963040920
2564474668696
1533682517656
2633194145432
1482142910104
2581654537880
2843962903208
1740093393576
2908335965588
1826004206996
2925515834772
1551126300052
2650637927828
1465226954132
1555137431908
2654649059684
2860807489892
1830015338852
1465215421028
2564727048804
1469238085988
2568749713764
1830018483620
1830035261848
1555409996200
2654921623976
1469589357992
2569100985768
1744467264936
2843978892712
1538308834728
2637820462504
1813186741672
2912698369448
1486769227176
2586280854952
1555422643860
2654934271636
1830300550804
2929812178580
1469523297940
2569034925716
1744401204884
2843912832660
1486703167124
2586214794900
1550842399380
2650354027156
1825720306324
2925231934100
1555141559976
2654653187752
1469308011944
2568819639720
1744185918888
2843697546664
1538027488680
2637539116456
1812905395624
2912417023400
1486487881128
2585999508904
1469241951892
2568753579668
1744119858836
2843631486612
1555141297812
2654652925588
1830019204756
2929530832532
1486421821076
2586016614744
1555224463704
2860894521688
1469325117784
1744203024728
1830102370648
2843714652504
2654736091480
2929613998424
2912434129240
2650424083812
1825790362980
2925301990756
1469308077412
1465281545572
2564793173348
1740159452516
2839671080292
1757072197288
2856583825064
1825791674024
2925303301800
2568749386388
1744115665556
2843627293332
1537957235348
2637468863124
1812835142292
2912346770068
1486417627796
2585929255572
1761295534740
1757083666008
1464942791320
2564454419096
1757016361560
2856527989336
1739820698264
2839332326040
2655000267352
1555408751192
2654920378968
1465232460180
2564744087956
1740110367124
2839621994900
1808829843860
2908341471636
1482412329364
2581923957140
2633177106088
1486757628312
2586269256088
1761635535256
2861147163032
2650710608472
1825737082468
2925248710244
1826076887640
2925588515416
1465013110120
2564524737896
1739891017064
1469576447336
1555204213412
2654715841188
2929593748132
2860823939748
1533662268068
2908051802788
1469526443684
2569038071460
1744404350628
2843915978404
1465231476388
2564743104164
1740109383332
2839621011108
1533950953124
1482411345572
1825720370516
2925231998292
1744399829416
2843911457192
1538241399208
2637753026984
1813119306152
2912630933928
2908391868008
1482462725736
1538246642264
2637758270040
1813124549208
2912636176984
2912417352280
1465228331688
2564739959464
1740106238632
1830014290580
2929525918356
2839617866408
2843630766488
1808606234212
2908117861988
2564793174424
1740159453592
2839671081368
1464959829608
2564471457384
1533679306344
2633190934120
1482139698792
2839336520360
1533666462376
2633178090152
1808544369320
2908055997096
1482126854824
2581638482600
1757004761768
2856516389544
1486774404456
2586286032232
1761652311400
2586268011108
1533682255268
2633193883044
1808560162212
1550862124452
2650373752228
1825740031396
2925251659172
1482142647716
1464962778532
2564474406308
2843693615444
1555204278888
2654715906664
1830082185832
2929593813608
1486417693096
2585929320872
1744383380052
1761563249236
2843895007828
1830282725972
2929794353748
1469505473108
2569017100884
1538224949844
1555404819028
2654916446804
2912430655140
1555220989604
2654732617380
1830098896548
2929610524324
1469321643684
2568833271460
1744199550628
1486774470312
2586286098088
1761652377256
2861164005032
1465226954136
2564738581912
1740104861080
2839616488856
1533946430872
2633458058648
1808824337816
2908335965592
1482406823320
1555141363364
1555158141592
1469238085992
1744115992936
2843627620712
1469523297944
2569034925720
1744401204888
2843912832664
1538242774680
2637754402456
1486703167128
2586214794904
1465231213924
2564742841700
1740109120868
2839620748644
1533950690660
2633462318436
1808828597604
1482411083108
2581922710884
1469241951896
2568753579672
1555489424996
2655001052772
2912699090532
2861159482980
1469590079076
2569101706852
1744467986020
2843979613796
1830367331940
1486769948260
2925298846116
1739887872420
2839399500196
1533729442212
2633241069988
1808607349156
2908118976932
1555136382376
2654648010152
2929525917096
1808607544660
2908119172436
1551176697256
2650688325032
1826054604200
2925566231976
1465232460184
2564744087960
1740110367128
2839621994904
1533951936920
2633463564696
1808829843864
2908341471640
2650373752168
2654921360984
1555409733208
2839332652376
1533662594392
1550842463576
2650354091352
1825720370520
2925231998296
1469510387288
2569022015064
1464943117656
2564454745432
1538297300392
2637808928168
1813175207336
2912686835112
1465278400868
2564790028644
1740156307812
2839667935588
1533997877604
2633509505380
1808875784548
2908387412324
1482458270052
2581969897828
1830103419560
1534014588328
2633526216104
1808892495272
2908404123048
1464942004900
2564453632676
1812834421400
1486416906904
2654668981672
1486702839192
2586214466968
1486484014488
2585995642264
1469304931732
2568816559508
1744182838676
2843694466452
1830082184596
2929593812372
1555203164772
2654714792548
1830081071716
2929592699492
2585995315812
2860873222756
1482189769320
2581701397096
1757067676264
1761361921384
1761580746088
1533733569892
2633245197668
1757020554664
2856532182440
1550862124456
2650373752232
1825740031400
2925251659176
1486421820756
2585933448532
1469505473112
2569017100888
1744383380056
2843895007832
1538224949848
2637736577624
1813102856792
2912614484568
1469321643688
2568833271464
1744199550632
2843711178408
1538041120424
2637552748200
1812919027368
2912430655144
1486501512872
2586013140648
1555219941736
1538292843860
2637804471636
1813170750804
2912682378580
1469573367124
2569084994900
1551176894824
2650688522600
1826054801768
2925566429544
2654987748772
2654664460712
2655004527000
1757066693012
2856578320788
2654731831700
1465277352596
2564788980372
1551176698516
2650688326292
1826054605460
2925566233236
1830098110868
2929609738644
1740155259540
2839666887316
1550908458600
2650420086376
1825786365544
2925297993320
1761315719528
1757356034408
1469590079080
2569101706856
1744467986024
1465008850516
2564520478292
1739886757460
2839398385236
1550908196436
2650419824212
2856578254420
1482188719700
2581700347476
1757066626644
1555220007592
1465009965480
2564521593256
1739887872424
2839399500200
1533729442216
1808607349160
2908118976936
2581701462440
1551176960680
1826054867624
2925566495400
1469241231700
2568752859476
1537960708436
2637472336212
1761567443284
2861079071060
1555409013076
2654920640852
1465214699860
1533933913704
2633445541480
1808811820648
2908323448424
2564794418600
1740160697768
2839672325544
1555409012132
2654920639908
1830286919076
2929798546852
1469509666212
2569021293988
1744387573156
2843899200932
1744467200340
2843978828116
1538308770132
2637820397908
1813186677076
2912698304852
2586280790356
2633241265748
1808607544916
1486484997716
2585996625492
1761362904660
2860874532436
1482458465876
2581970093652
1757336372820
2856848000596
1551177942692
2650689570468
2856801928792
2650352977576
2925566428568
1465278400872
2564790028648
1808543648088
2908055275864
2637740771672
1465214699864
2564726327640
1740092606808
1761581009560
2861092637336
2929879288424
2929597942376
2925303237204
2839403891284
1465014356564
2564525984340
2843693615720
1825790363028
2925301990804
2564521789016
1739888068184
2839399695960
1533729637976
2633241265752
1486487946644
2585999574420
1482190030424
2581701658200
1469304931736
2568816559512
1744182838680
2843694466456
1538024408472
2637536036248
1812902315416
2912413943192
1486484800920
2585996428696
1464947247524
2564458875300
1739825154468
2839336782244
1551110834536
1555153881448
1486686128488
1761366051176
2860877678952
2586197756264
1761564035432
2861075663208
2856851933780
1465013110168
2564524737944
1739891017112
2839402644888
1533732586904
2633244214680
1808610493848
2908122121624
1482192979352
2581704607128
2581654538600
1757020817768
2856532445544
1555221318040
2654732945816
1830099224984
2929610852760
1761295599208
2860807226984
2637489900200
2581637499560
2569101970088
1538292843864
2637804471640
1813170750808
2912682378584
1830350619992
2929862247768
1469573367128
2569084994904
1830014225000
1533935224152
2633446851928
1808813131096
2908324758872
2654917429656
1486707034792
2586218662568
1761584941736
2861096569512
1486488210088
2585999837864
2860877744808
1757083404968
2856595032744
2912429869412
1813169637720
1744198764952
1550845610340
2650357238116
1825723517284
2925235145060
1465214699876
1533749298596
2633260926372
1465278596436
2564790224212
1740156503380
2839668131156
2843644331348
1533947741524
2633459369300
1808825648468
2908337276244
1555405800788
1486501774680
2586013402456
2843895989592
2929862444376
1744451470680
2843963098456
2650419824216
1825786103384
2925297731160
1465008850520
2564520478296
1555404817768
2654916445544
1555224463716
2654736091492
1830102370660
2929613998436
1469325117796
2568836745572
2908119172708
1482190030436
2581701658212
1757067937380
2856579565156
1740156503652
1533998073444
1550913701224
2650425329000
1825791608168
2925303235944
1469321905508
1486501774692
2586013402468
1761379681636
2860891309412
1744199812452
2569085191524
1744451470692
2843963098468
1482205825636
1464943052136
2564454679912
1739820959080
2839332586856
1808540435816
2908052063592
1482122921320
2581634549096
1482138454628
2581650082404
1550857931364
2650369559140
1469509666216
1825735771476
2925247399252
1761311262036
2860822889812
1482138387796
2581650015572
1538242708840
2637754336616
1813120615784
2912632243560
1465278596776
2564524737956
1739891017124
2839402644900
1533732586916
2633244214692
1465010161256
2564521789032
2586281903768
2637741492648
1813107771816
2929882171992
1555421267288
2908067530072
1482138387800
1830299174232
1465226954072
2564738581848
1740104861016
1757072132696
2856583760472
1550913702488
2650425330264
1533728328104
2581637498200
1538242774696
2637754402472
1813120681640
2912632309416
2564524737960
1739891017128
2839402644904
1533732586920
2633244214696
1808610493864
2908122121640
1486416578968
2585928206744
1761294485912
2860806113688
1550929495380
2650441123156
1825807402324
2581721646420
2856599553364
1465030149460
2564541777236
2856846953064
2908072774248
1469305128340
2568816756116
1825720305044
2925231932820
1465228264852
2564739892628
1740106171796
2839617799572
1533947741588
1486773356184
2586284983960
1761651263128
1464943052184
2564454679960
1739820959128
2839332586904
1808540435864
2908052063640
1482122921368
2581634549144
1469253551700
2568765179476
1744131458644
2585945048660
1761311327828
2860822955604
1555152897620
2654664525396
1555471664792
1551177942436
2650689570212
1826055849380
2925567477156
2929610786212
1537957496228
2637469124004
1555472909732
2839621798296
2839332586920
1808540435880
2908052063656
1465226954148
2564738581924
1740104861092
2839616488868
1533946430884
2633458058660
1551126300068
2650637927844
1826004207012
2925515834788
2586268009832
1761634289000
1486433355112
2585944982888
1761311262056
2908139096740
2860822889832
2654714858084
2856779842920
1538242774692
2637754402468
1813120681636
2912632309412
1555422643876
1761581074084
2861092701860
1469523297956
2569034925732
1744401204900
1550929234340
1555488442984
2655000070760
1830366349928
1486701857192
1550862059860
2650373687636
1825739966804
1482142583124
2581654210900
1757020490068
2929810868900
1830300551832
2568765113700
1744131392868
2843643020644
2908067530084
1757016294756
1465226954084
2564738581860
2839616488804
2912350963364
1555141297828
2654652925604
1830019204772
1469241951908
2568753579684
1744119858852
2843631486628
1486421821092
2585933448868
2843983807848
1469325117800
2568836745576
1538044594536
2637556222312
2585945048744
2912368069204
1486438926932
1555158403668
2654670031444
1830036310612
2929547938388
1469259057748
2568770685524
1744136964692
2843648592468
1825787151764
1551194458708
2650706086484
1826072365652
2925583993428
1465026677332
2564538305108
1739904584276
2839416212052
1533746154068
2633257781844
1538296186264
2637807814040
1813174093208
2912685720984
2839348120168
1533678062184
1808555969128
2908067596904
1482138454632
2581650082408
1757016361576
1464958518632
2564470146408
1739836425576
2839348053352
1808555902312
2908067530088
1482138387816
2581650015592
1808829843876
2908341471652
1465232460196
2564744087972
1740110367140
2839621994916
1533951936932
2633463564708
1551131806116
2650643433892
2843983873704
2650706086488
1826072365656
2925583993432
2860891048536
2839416212056
1533746154072
2633257781848
1808624061016
2908135688792
2655001053784
2637741491812
1813107770980
1551131806100
2650643433876
1826009713044
2925521340820
1830350554536
2929862182312
2929861395816
2925516162408
2568748665508
1555136383652
2654648011428
1830014290596
2929525918372
1486416906916
2585928534692
1761294813860
2839419684184
1533749626200
2633261253976
1808627533144
2908139160920
1482210018648
1550929495384
2650441123160
1825807402328
2925319030104
1464947246692
2564458874468
1739825153636
2839336781412
1533732521620
2633244149396
1808610428564
2908122056340
2908136015272
2861162956200
2912362563160
1830030804568
2929542432344
1761311327832
1469253551704
2568765179480
1744131458648
1538246903188
2637758530964
1813124810132
2912636437908
1813102856804
2912614484580
1761585202580
1555404819044
2654916446820
1830282725988
2929794353764
1469505473124
2569017100900
1761312638360
2860824266136
1486756645480
2586268273256
1486433618536
2585945246312
1761311525480
2860823153256
1761634552424
2861146180200
1482473933416
2581985561192
1757351840360
2929794353512
1830350620008
1465226954152
2912632244584
1808812017000
2564738581928
1555208473240
2654720101016
2929598007960
1740104861096
2856779843944
1538225931864
2637821184612
1813187463780
2912699091556
2633257781860
1482206546532
2581718174308
2650353043092
1825719322260
2925230950036
1486702052712
1744472443496
2843984071272
2908071725400
2564474341720
1739840620888
2839352248664
1533682190680
2633193818456
1550862059864
2650373687640
1825739966808
2925251594584
1469241951912
2568753579688
1744119858856
2843631486632
1537961428648
2637473056424
1812839335592
2912350963368
1469259057752
2568770685528
1744136964696
2843648592472
1537978534488
2637490162264
1812856441432
2912368069208
1486438926936
2585950554712
1830371592552
1465026677352
2564538305128
1533746154088
2633257781864
1551127611752
2650639239528
1826005518696
2925517146472
1757017409940
2856529037716
1555225249384
1761316570536
1482390373972
2581902001748
1757268280916
2856779908692
1551109850708
2650621478484
1550859175528
2650370803304
1469241166228
2568752794004
1744119073172
2843630700948
1555140512148
2654652139924
2585932663188
1482395616680
2581907244456
1757273523624
2856785151400
1537956448616
1812834355560
2912345983336
1555472911016
2654984538792
2860877481576
1830350817960
2929862445736
2564454745448
2650625673620
1825991952788
2925503580564
1482126133652
2581637761428
1757004040596
2856515668372
1550845610388
2650357238164
1825723517332
1551127677608
1550846331560
2650357959336
1825724238504
2925235866280
2650639305384
1826005584552
2925517212328
1538229864040
2637741491816
1813107770984
2912619398760
2650639042152
1469237037736
2568748665512
1744114944680
2843626572456
1537956514472
2637468142248
1812834421416
2912346049192
1486416906920
2585928534696
1808607544980
2908119172756
1482190030484
2581701658260
1757067937428
2856579565204
1550909507220
2650421134996
1825787414164
1551177942676
1482190030420
2581701658196
2650421134932
1825787414100
2925299041876
1465010161236
2564521789012
1739888068180
2839399695956
1533729637972
2654920575316
1538229078356
1464946264472
1739824171416
1533996829352
1555137365592
2654648993368
1830015272536
1551194719832
2650706347608
1826072626776
2925584254552
2637737559640
1537974273624
2637485901400
2581718435416
1757084714584
2856596342360
1534018849364
2633530477140
2908408384084
1757357148756
2856868776532
1482479241812
1551198718548
2650710346324
1826076625492
2925588253268
1486685080216
2586196707992
1761562987160
2861074614936
1465010161304
2564521789080
1739888068248
2839399696024
1533729638040
1469305128548
2568816756324
1744183035492
2843694663268
1486703101540
2586214729316
1761581008484
2861092636260
2925584254564
1808607544932
2908139096680
2650437649816
1482475309720
2581986937496
1757353216664
2856864844440
2908337080936
1469527426456
2569039054232
1744405333400
2843916961176
1538246903192
2637758530968
1813124810136
2912636437912
1464943052392
2564454680168
1469505473128
2569017100904
1744383380072
2843895007848
1808897017236
2925247661412
1740109318564
2839620946340
2843962901860
1538292843876
2637804471652
1555472713060
2654984340836
2929862247780
1813170750820
1761631143268
1469573367140
2569084994916
1761316768104
2860828395880
1756999845528
1825719322264
2925230950040
1538040334756
2637551962532
1533996829348
2633508457124
1808874736292
2908386364068
1812918241700
2912429869476
1551176698532
2650688326308
1826054605476
2925566233252
1555224136088
2654735763864
1830102043032
2929613670808
1761579763304
2861091391080
2650689373608
1551181089176
2650692716952
1826058996120
2925570623896
1486420772520
1757288990104
1465008850532
2564520478308
1739886757476
2839398385252
1533728327268
2633239955044
1808607544664
2908119172440
2637824657816
1551110637208
2925302187672
2650622264984
1825988544152
2925500171928
1761316833960
2860828461736
1757004040612
2856515668388
1469241231780
2568752859556
1744119138724
2843630766500
1555221251732
2654732879508
1826005517972
1744401139348
1538293040788
2637804668564
1813170947732
2912682575508
1482479241896
2581990869672
1555208473192
1464943052440
2564454680216
1739820959384
2839332587160
1533662529176
2581902001752
1551109850712
2650621478488
1825987757656
2925499385432
1757268280920
2856779908696
1482390373976
1469241166232
2568752794008
1744119073176
1538308770148
2637820397924
2843978828132
1555488639332
2929878174052
1813186677092
1469589293412
2569100921188
1533998073508
2633509701284
1808875980452
2908387608228
2581701658276
1757067937444
2856579565220
1550909507236
2650421135012
1825787414180
2654917428900
1469506455204
2569018082980
1555221251748
1464946264488
2564457892264
1739824171432
2839335799208
1533665741224
2633177369000
1808543648168
1464943052456
1551197865320
1826075772264
2925587400040
2564454680232
1739820959400
2839332587176
1533662529192
2633174156968
2633458058644
1808824337812
2912630932884
1464958518676
2585944982932
1482138387860
1812918045080
2908123368036
1482205758868
2581717386644
1757083665812
2856595293588
1550925235604
2839403891300
1533733833316
1550913702500
2650425330276
2929530898072
1739888068264
2839399696040
1533729638056
2633241265832
1808607545000
2908119172776
1482190030504
2581701658280
1538229078360
1555408947544
2654920575320
1813106985304
1469509601624
2569021229400
1744387508568
2843899136344
2637740706136
2912618613080
1469304931752
2568816559528
1744182838696
2843694466472
1538024408488
2637536036264
1812902315432
1486484800936
1534014915944
2633526543720
1808892822888
2908404450664
1551197931176
2650709558952
1826075838120
2925587465896
1465299372632
2564725998996
1740092278164
2839603905940
2564811000408
1534018849368
2633530477144
1464958518680
2564470146456
1739836425624
2839348053400
1808555902360
2908067530136
1482138387864
2581650015640
2860811355480
1465294325076
2564805952852
1740172232020
2839683859796
2637757220520
1813123499688
2912635127464
2564793108884
1740159388052
2839671015828
1534000957844
2633512585620
1808878864788
1551180827028
2650692454804
1826058733972
2925570361748
2925583992148
1761568229784
2861079857560
1469573367144
2569084994920
1744451274088
2843962901864
1538292843880
2637804471656
1813170750824
2912682378600
1486753236328
2586264864104
1538297301652
2637808929428
1813175208596
2912686836372
1555477170836
2654988798612
1830355077780
2929866705556
1486757694100
2912414140772
2654917233316
1830085528228
2929597156004
2929795140260
1761298744984
1486421886616
2585933514392
1761299793560
2860811421336
1533679372644
1486489192020
2586000819796
1761367098964
2860878726740
1538028799572
2637540427348
1812906706516
2912418334292
1555208668756
2654720296532
2912635455076
1465277352616
1469254797972
2568766425748
1744132704916
2843644332692
1537974274708
2637485902484
1555154143892
2654665771668
2568819903128
1482188719720
2581700347496
1757066626664
2856578254440
1550908196456
2650419824232
1825786103400
2925297731176
1739887805860
1744471131800
2843982759576
1486707098984
2586218726760
1761585005928
2861096633704
2925318965588
1482139502164
2581651129940
1555409012120
2654920639896
1808555902372
2908067530148
1482138387876
2581650015652
1757016294820
2856527922596
1550857864612
1808824337828
2908335965604
1469589293416
2569100921192
1744467200360
2843978828136
1538308770152
2637820397928
1813186677096
2912698304872
1486769162600
2586280790376
1551126300056
1538242710100
2637754337876
1555422579284
2654934207060
1830300486228
2929812114004
1469523233364
2569034861140
2650626394728
1825992673896
2925504301672
1550926023316
2650437651092
1825803930260
2925315558036
1555220990612
2654732618388
1830098897556
2929610525332
1808624061076
2908135688852
1761564231336
2861075859112
2564721804648
1740088083816
2839599711592
1464958518696
2564470146472
1739836425640
2839348053416
1538224949864
2637736577640
1813102856808
2912614484584
2581717386648
1757083665816
2856595293592
1550925235608
2650436863384
1825803142552
2925314770328
1469257681556
2568769309332
1744135588500
2843647216276
1757072132712
2856583760488
1465026677400
2564538305176
1533746154136
2633257781912
1482206546584
2581718174360
2856599553380
1825807402340
2925319030116
1486422084184
2585933711960
1761299991128
2860811618904
1740088149672
2839599777448
1482462399064
2581974026840
1757340306008
2856851933784
1555204539816
2654716167592
1830082446760
2929594074536
2929816110440
1469253551716
2568765179492
1537973028452
2637484656228
1812850935396
2912362563172
1555152897636
2654664525412
1830030804580
1740172232024
2839683859800
1808891708760
2908403336536
2856801600872
1740159388056
2839671015832
1808878864792
2908390492568
1482461350296
2654732617064
1761580026260
1808610757012
2908122384788
1469577824920
2569089452696
2843967359640
1538297301656
2637808929432
1813175208600
2912686836376
1486757694104
2586269321880
1555208668760
1538028799576
2637540427352
2654720296536
2912418334296
1812906706520
2568820950616
1469309322840
1551130559844
2650642187620
1826008466788
2925520094564
1537974274712
2637485902488
1486434667160
2585946294936
2929613669976
1825739966820
2925251594596
1464962713956
2564474341732
1739840620900
2839352248676
1533682190692
2633193818468
1761315456408
2860827084184
2586200901032
1486707362408
2586218990184
1761585269352
2861096897128
2581906130328
2856784037272
2581717453416
1757083732584
2856595360360
2912682378596
1537978534500
2637490162276
1812856441444
2912368069220
1830036310628
1555158403684
2654670031460
2929547938404
1538041121444
2637552749220
1812919028388
2912430656164
1825803930276
2925315558052
1555220990628
2633257781924
1808624061092
2908135688868
2856578255208
2843698858344
1808627533156
2908139160932
1551126563480
2650638191256
1826004470424
2925516098200
2654665574760
2843644134808
1469576514152
2569088141928
1744131394152
1538242710104
2637754337880
1740088347240
2839599975016
2856867726676
1465026677416
2564538305192
1739904584360
2839416212136
1533746154152
2633257781928
1808624061096
2908135688872
2581718174376
1538245659028
2637757286804
1813123565972
2912635193748
1555425528212
2654937155988
1830303435156
2929815062932
1469526182292
2569037810068
1465295112852
1830034933076
2929546560852
1534014589588
2633526217364
1808892496532
2908404124308
1812855063892
2912366691668
1482457417364
2581969045140
2581701658024
1757067937192
2856579564968
2925500106344
1757087925608
2856599553384
1464964089428
1533683566164
2633195193940
1808561473108
2908073100884
1550863435348
2650375063124
1825741342292
2925252970068
2564475717204
1555425724776
1533947480424
2633459108200
1808825387368
2908337015144
1533728655720
2633240283496
1808606562664
2908118190440
1469253551720
2568765179496
1744131458664
2843643086440
1537973028456
2637484656232
1812850935400
2912362563176
1486433420904
2585945048680
1534002071144
2633513698920
1808879978088
2908391605864
2637758530980
1813124810148
2912636437924
1555426772388
1830304679332
2654938400164
2929816307108
1469527426468
2569039054244
1538292779688
2637804407464
1813170686632
2912682314408
1533947546280
2633459174056
1808825453224
1830082120020
1555204213076
2654715840852
2929593747796
1761315719832
2860827347608
2564806740312
1740173019480
2839684647256
1757356034712
2856867662488
2856867990120
2843698923096
1533678060948
2633189688724
1808555967892
2908067595668
2633178155620
1808544434788
2908056062564
2843643282788
1469259057768
2568770685544
1744136964712
2843648592488
1486438926952
2585950554728
2929613671080
1486420838760
2585932466536
2564806806168
1740173085336
2839684713112
1761298745704
2860810373480
2908387674792
2856600602984
1740088411748
2839600039524
1533929981540
2633441609316
1808807888484
2908319516260
1551109850724
2650621478500
2929547609508
1537960642980
2637472270756
1812838549924
1555140512164
2654652139940
2929530046884
1744119073188
1551131806104
2650643433880
1826009713048
2925521340824
2908139948708
2650441910948
1465030937252
2564542565028
1739908844196
2839420471972
1482210806436
2581722434212
1812855327336
1808895642216
1550863369880
1825741276824
2925252904600
1469526182296
2569037810072
1744404089240
2843915717016
1538245659032
2637757286808
1813123565976
2912635193752
2586217679256
1537960642968
2637472270744
1812838549912
2912350177688
1465295112856
1537977156952
2637488784728
1812855063896
2912366691672
1744135587160
1555157026136
1830034933080
2843647214936
2929546560856
1761315456356
2861079005540
1538229078372
1555408947556
2654920575332
1830286854500
2843899136356
2929798482276
1469509601636
2569021229412
1744387508580
1533683566168
2633195193944
1808561473112
2908073100888
1482143958616
2581655586392
1757021865560
2856533493336
1825741342296
1550863435352
1555472975208
2654984602984
1830350882152
2929862509928
1813190871720
2843648330408
1740177279588
1465299372644
2564811000420
1551198718564
2650710346340
1826076625508
2839688907364
2925588253284
1534018849380
1808896756324
1555137104296
2654648732072
2839420668324
1830015011240
2925588448920
2912615270040
2908067793236
1469527426472
2569039054248
1533665674644
2633177302420
1550845543828
2839335732628
1808543581588
2650706348692
1464946197908
2564457825684
2925584255636
1537977419112
2637489046888
1812855326056
2912366953832
1830371788456
2929883416232
1538045380244
2637557008020
1812923287188
2912434914964
1830103156372
2929614784148
1469325903508
2568837531284
1808610756180
2908122383956
1744182774104
1555204213080
2654715840856
1830082120024
2929593747800
2568816494936
2843694401880
1826072627556
1469304867160
1538024343896
1538245921192
2637757548968
1813123828136
2912635455912
2929526966628
1464943117652
2564454745428
1469238084948
2568749712724
1744115991892
2843627619668
1551177746788
2650689374564
1826055653732
2925567281508
2856784037204
1551113979220
2650625606996
1825991886164
2925503513940
1465214633300
1533934110036
2633445737812
1808812016980
2908323644756
1761362643352
2860874271128
1825803995736
2925315623512
1538313815636
2637825443412
1813191722580
2912703350356
1830371591764
2929883219540
1469594338900
2569105966676
2912635390568
2925504367208
1757000631716
2856512259492
2929866640024
2912698304868
2861075924312
2908052129112
1537957561688
2637469189464
1744202958168
1761583957656
2861095585432
2860874336920
1808560097636
2908071725412
1465210504808
2564722132584
1533929981544
2633441609320
1808807888488
2908319516264
1482390373992
2581902001768
1469593553304
2569105181080
1469253748132
2568765375908
1744471460248
2843983088024
1533750413992
2633262041768
1808628320936
2908139948712
2586013140328
1761379419496
2860891047272
1482458465640
2581970093416
1757336372584
2856595293604
1550925235620
2650436863396
1825803142564
2925314770340
1538291795620
2637803423396
1813169702564
2912681330340
1555471664804
2654983292580
1555203425688
2654715053464
1830081332632
2929592960408
2650692715944
2912615466408
1486770014632
1550858192280
1533679110484
2633190738260
1808557017428
2908068645204
1550858979668
2650370607444
1464959633748
2564471261524
1830366284440
1469509601640
2569021229416
2925236193896
1757272475300
1757289253528
1465299372648
2564811000424
1740177279592
2912417090132
1486487947860
2585999575636
1761365854804
1538027555412
2637539183188
1761379485352
2860891113128
1757336438440
2856848066216
1550845543832
2650357171608
1825723450776
1486686389604
2586198017380
1761564296548
2861075924324
1537957561700
2637469189476
2908052129124
1482122986852
2581634614628
1465281481124
2564793108900
1534000957860
2633512585636
2908390492580
1551180827044
2650692454820
1469325903512
2568837531288
1744203810456
2843715438232
1538045380248
2637557008024
1812923287192
2912434914968
1486505772696
2586017400472
1486706248280
2586217876056
1761584155224
2861095783000
2586269321892
2637808929444
1813175208612
2912686836388
2861147228836
1761635601060
1469577824932
1555488703912
2655000331688
1555207357864
2654718985640
1830085264808
2929596892584
1469309322852
1538028799588
2637540427364
1812906706532
1555208668772
1830086575716
2654720296548
2568820950628
1744187229796
2843698857572
1464943117672
2929531159912
1537974274724
2637485902500
1812852181668
2912363809444
1555154143908
2654665771684
1830032050852
2929543678628
2650625607000
1465214633304
2564726261080
1538313815640
2637825443416
1813191722584
2912703350360
1469594338904
1830371591768
2929883219544
1744472245848
1538291795604
2637803423380
1813169702548
2912681330324
2860895241640
1555475793300
2654987421076
1469576447380
2569088075156
1744454354324
2843965982100
1538295924116
2637807551892
1830353700244
2586214730340
1538242710116
2637754337892
1813120617060
2912632244836
2861092637284
1555422579300
2654934207076
1830300486244
2929812114020
2925584255572
1761379682920
2860891310696
2650705103268
2925583010212
1551182202516
2650693830292
1826060109460
2929526638952
1550925039268
2650436667044
1465025889704
2564537517480
1739903796648
2839415424424
1533745366440
2633256994216
1808623273384
2912350176856
2908134901160
1482205758888
1469572318888
2839349364372
1808557213332
2908068841108
1482139698836
2581651326612
2843916765800
1464959633752
2564471261528
1739837540696
2839349168472
1533679110488
2633190738264
1550858979672
2650370607448
1825736886616
2925248514392
2843697613400
1486487947864
2585999575640
1761634551208
1555405539688
2654917167464
1830283446632
2929795074408
2908319188644
1550862322024
2650373949800
2925251856744
1555137103464
2654648731240
2929526638184
1465294325096
2564805952872
1740172232040
2839683859816
1534013801832
2633525429608
1808891708776
2908403336552
1482474194280
2581985822056
1757286041172
1482408134228
2581919762004
1533947741780
2633459369556
1808825648724
1551127610964
2650639238740
1465228265044
2564739892820
1465281481128
2564793108904
1465215421076
1533934897812
1744400943444
2843912571220
2856797473108
1482407938388
2581919566164
1830031853908
2929543481684
1744132507988
2843644135764
1537974077780
1813169900116
2912681527892
1538024606056
2637536233832
1812902513000
2912414140776
1555207621288
2654719249064
1830085528232
2929597156008
2654917233320
1830283512488
2929795140264
1469577824936
2569089452712
1744455731880
2843967359656
1538297301672
2633177041492
1808543320660
2908054948436
2637808929448
1813175208616
1533679372648
2633191000424
1808557279592
2908068907368
1550862387880
2925251922600
1538245920360
2637757548136
1469309322856
2568820950632
1744187229800
2843698857576
1538028799592
2637540427368
1812906706536
2912418334312
1486489192040
2586000819816
2568749713000
1469254797992
2568766425768
1744400943448
2654934010200
1465228069208
2564739696984
1740105976152
2839617603928
2908068645208
1761312377176
1555422382424
2637485705560
1761630030248
1744405399976
1757285845336
2581919566168
1740159452756
2839671080532
1469576513108
2569088140884
2843966047828
1469506521428
2569018149204
1744384428372
2843896056148
1538225998164
2637737625940
2860874270296
2929816308324
2925315884436
1482139502168
1757017409112
2581651129944
2856529036888
1482138651044
2581650278820
2586268206760
1761631144600
2861142772376
2908319451752
2912685525608
1465010226532
2564521854308
1739888133476
2839399761252
2856801601188
1757071148708
2637807617624
1830085330520
2581973042776
1469576513112
2569088140888
1465013110360
1808539388500
2908051016276
1550841350740
2650352978516
2843983087192
2912685460068
1551110637160
1740160763544
2839672391320
2633513961112
1808880240280
2908391868056
1482462725784
2581974353560
2839689103780
2654983488856
2929861395800
1469240903332
1486706051492
1761583958436
1538245659044
2637757286820
1813123565988
2912635193764
2586217679268
1555425528228
2654937156004
2861095586212
1826004534616
2912698043048
2564471457124
2908068841112
1482139698840
2581651326616
1757017605784
1465295112868
1469257680228
1534014589604
2633526217380
1808892496548
2908404124324
2637488784740
1812855063908
2912366691684
1486770013800
2586281641576
2861159548520
2654932961960
1551113783704
1550930281892
2650441909668
1825808188836
2925319816612
2650625411480
1825991690648
2925503318424
2569039055528
2912632047972
1808557017444
2586214533476
1469523036516
2569034664292
1744400943460
2843912571236
1464964089444
2564475717220
1739841996388
2839353624164
1555471926936
2654983554712
1830349833880
1808808675944
1757269002920
2856780630696
1465228265048
1533947741784
2633459369560
1808825648728
2908337276504
1551127610968
2650639238744
1826005517912
2925517145688
2564739892824
1808610757016
2908122384792
1469238086040
2843627620760
1537957562776
2637469190552
1812835469720
2912347097496
1486417955224
2585929583000
1464959633768
2564471261544
1739837540712
2839349168488
1533679110504
2633190738280
2912699352728
1555409733204
2654921360980
1830287640148
2929799267924
1555475793256
2654987421032
1830353700200
1486487946852
2585999574628
1761365853796
2860877481572
2929865393764
1465013110372
2564524738148
1739891017316
2839402645092
1533732587108
1761294551720
1744455469736
1744132442792
2839620748692
1533950690708
2633462318484
1808828597652
1551130559848
1482391423588
2581903051364
1534019046056
1538309555860
2637821183636
1813187462804
2912699090580
1469590079124
2569101706900
2861146179224
1465013110376
1486686390616
1761564297560
1538225998168
2637737625944
2586198018392
1555405867352
2654917495128
1830283774296
2861075925336
1469506521432
1744120120724
2843631748500
1555152832168
2654664459944
2929542366888
2650621413032
2925499319976
1469506520468
2569018148244
1744384427412
2843896055188
1757000893844
2856512521620
1550842463636
2650354091412
1825720370580
2925231998356
1744115927380
2843627555156
1469238020436
2568749648212
1465295374676
2564807002452
1740173281620
2839684909396
1830299502948
2654933223780
2585949504856
2860827411800
2929811130724
2929529784676
2929594009944
1486434666840
2856780892504
1744401140056
1469238020440
2856867726680
1756999780952
2856511408728
1550841350744
2650352978520
1825719257688
2925230885464
1538313750184
2637825377960
1465278400916
2564790028692
1740156307860
2839667935636
1533997877652
2633509505428
1808875784596
2908387412372
1482458270100
2581969897876
2586201950808
1761646807448
2861158435224
1757000893848
2856512521624
1550842463640
2650354091416
1825720370584
1533947742564
2925583009380
2925235079768
2925298779476
1739820960104
2839332587880
1533662529896
2633174157672
1808540436840
2908052064616
1482122922344
2581634550120
1469526182312
2569037810088
1538245659048
2637757286824
1486500464280
2586012092056
2861141658264
1757335324312
1550930545316
2856846952088
1465295112872
1469257680232
2568769308008
1469303818900
2568815446676
1744181725844
2843693353620
1486483688084
1761361595028
2637534923412
2912412830356
2585995315860
2860873222804
2912703612516
1739903862180
2839415489956
1739841996392
2839353624168
1808561473128
2908073100904
1482143958632
1813170685288
1808539190612
1555154142616
2654665770392
1830032049560
2929543677336
1830355076504
2929866704280
1464946197924
2564457825700
1739824104868
2839335732644
1533665674660
2633177302436
1808543581604
2908055209380
1482126067108
2856515601828
1555471600212
2654983227988
2929861134932
1830349507156
1469572254292
1538291731028
2637803358804
1813169637972
2912681265748
2860877482644
1551194457496
2650706085272
1826072364440
2650436667732
2925583992216
1486689470888
2650642451048
2925520357992
1808897018520
1555489687956
2655001315732
1830367594900
2929879222676
1465228265876
2564739893652
1740106172820
2839617800596
1533947742612
2633459370388
2839332587928
1808540436888
2908052064664
1482122922392
2581634550168
1744182774120
2843694401896
1538024343912
1808828597656
2908340225432
1482411083160
2581922710936
1482461349544
2581972977320
1757339256488
1482122986916
2581634614692
1550842463652
2650354091428
1757357147540
1469590079128
2569101706904
1538309555864
2637821183640
1469305129380
2568816757156
1744183036324
2843694664100
1486703102372
2586214730148
2861075859876
2861162695012
1550913439060
1465214633316
2564726261092
1533934110052
2633445737828
1808812016996
2908323644772
1538313815652
2637825443428
1813191722596
2912703350372
1761652115044
1555493684836
2655005312612
2586285835876
2861163742820
1469594338916
1808540501416
2908052129192
1482122986920
2581634614696
1757000893864
1550842463656
2650354091432
1825720370600
1482478455384
2581990083160
1482138650212
2581650277988
1757016557156
2856528184932
1757356362328
2856867990104
2654937089684
1830303368852
2929814996628
1469325052244
2568836680020
1744202959188
2843714586964
1482209954132
2581721581908
1757087861076
2856599488852
1757356296532
2856867924308
1830035981736
2929547609512
1550913504916
2650425132692
1825791411860
2925303039636
1465278400920
2564790028696
1740156307864
2839667935640
1533997877656
2633509505432
1808875784600
2908387412376
1482458270104
2581969897880
2637740442984
2633241003352
1808607282520
2908118910296
2581701395800
2650420872536
1825787151704
1465009898840
1740177475172
2839689102948
2650709494104
1826075773272
2925587401048
1744202959192
2654736025944
2912434063704
2908324496808
2861141722536
1469303818904
2568815446680
2843693353624
1538023295640
2637534923416
1812901202584
2912412830360
1486483688088
2585995315864
1739837540708
2633190738276
1533679110500
2908068645220
1550858979684
2650370607460
1825736886628
2839349168484
2929878960548
1482139502948
1761383613848
2860895241624
1486483753576
2585995381352
1469308078692
1538027555428
2637539183204
1812905462372
2912417090148
1555207424612
1830085331556
2637555960152
2912433867096
2908067793256
1830282398360
2929794026136
2633512913240
1533678258520
2633189886296
1533661480292
1826055849636
2925567477412
2633173108068
1808539387236
2908051015012
1551194720920
2650706348696
1826072627864
2925584255640
2654647945576
1550845543848
2650357171624
1825723450792
2925235078568
2929861134936
1538291731032
2637803358808
1813169637976
2912681265752
1486752123480
1761630030424
2654983227992
1826055653012
1808610756184
2908122383960
2908341208664
2856850950804
1469325903528
2568837531304
1744203810472
2843715438248
1538045380264
2637557008040
1812923287208
2912434914984
1486505772712
2586017400488
1812901464728
2912413092504
1830015338856
2929526966632
1486421101140
2585932728916
1761567443540
2861079071316
1537960708692
2637472336468
2633177369172
1808543648340
1551177746792
2650689374568
1826055653736
1555422382484
2654934010260
1830300289428
2929811917204
1744132508052
2843644135828
1555421267560
2637556156772
1551197866340
2650709494116
2912434063716
1555492833636
2655004461412
1830370740580
2929882368356
2925587401060
2860894456164
1538044594580
2637485704532
1812851983700
2912363611476
2637556222356
1812922501524
2912434129300
1555153945940
2654665573716
1465214633320
2564726261096
1740092540264
2839604168040
1830366546280
1469594338920
2569105966696
1744472245864
1757070886484
2856582514260
1533732587092
2633244214868
1808610494036
2908122121812
1550912456276
2650424084052
1825790363220
2925301990996
1757016361620
2856527989396
1550857931412
2650369559188
1825735838356
2925247466132
1551198653096
2650710280872
2925588187816
1464959633816
2564471261592
1826009451156
1739837540760
2839349168536
1533679110552
2633190738328
1808557017496
2908068645272
1465030084968
2564541712744
1739907991912
2839419619688
1533749561704
1808627468648
1482209954152
2581721581928
1469576775080
2569088402856
1744454682024
2843966309800
1826058798740
2925570426516
1830353766036
2929865393812
1465013110420
2564524738196
1538295924132
2637807551908
1813173831076
2912685458852
1555475793316
2654987421092
1830353700260
2929865328036
2569105181012
1538313029972
2637824657748
1744471460180
2843983087956
1813190936916
2912702564692
2655004526932
1812905396904
2912417024680
2912698370728
2856784037544
2860827084456
1551182202532
2650693830308
1482406890068
2581918517844
1551126366804
2650637994580
1533946497620
2633458125396
1808824404564
2908336032340
2860895505048
1550859175588
2650370803364
1464959829668
2564471457444
1757021865636
1808557017448
2908068645224
1482139502952
2581651130728
1757017409896
2856529037672
1550858979688
2650370607464
1825736886632
2925248514408
2908134640228
2637473385064
1744185985640
2843697613416
1538027555432
2637539183208
1812905462376
2912417090152
2585999575656
2650373949096
2860822891092
1551114046052
2650625673828
1825991952996
2925503580772
1555409013348
2654920641124
1830286920292
1744119138916
2843630766692
1464959830612
2564471458388
1739837737556
2839349365332
1808557214292
2908068842068
2581901937236
1808825648740
2908337276516
1551127415204
2650639042980
1826005322148
2925516949924
1555422382500
2654934010276
1830300289444
2843912571300
1469254601124
2568766228900
1808812804772
1812835469732
2912347097508
1469238086052
2568749713828
1744115992996
1555137431972
2912699353496
1550908197272
2650419825048
1825786104216
2925297731992
2860889999768
2856846952856
1555141297816
2929530832536
1464959830628
2564471458404
1739837737572
2839349365348
1808557214308
2908068842084
2908055276136
1482126133864
2856515668584
1464943053416
2564454681192
1739820960360
2839332588136
1808540437096
2908052064872
1464959633832
2564471261608
1739837540776
2839349168552
1555421267540
2654932895316
1830299174484
2929810802260
1464958518868
1469521921620
2569033549396
1538028800408
1744384427624
1469325117848
2654665573720
1537974076760
1812851983704
1486434469208
1761312376152
2912363611480
2585946096984
1469254600024
1534001022628
1538295989924
2637807617700
1826058798756
2861145917092
1465013110436
2564524738212
2637803423384
1538225998180
1555405867364
2654917495140
1830283774308
2929795402084
2564524738136
1739891017304
1808610494040
1533732587096
2633244214872
1550912456280
2650424084056
1825790363224
2925301991000
2856582514264
1555426510184
2654938137960
1830304417128
2929816044904
1555207685480
2654719313256
1830085592424
2929597220200
1757016361624
2856527989400
1550857931416
2650369559192
1825735838360
2925247466136
2925248448084
1550924973416
2650436601192
1825802880360
2925314508136
1744399828568
1555421267544
2654932895320
1469253486168
2568765113944
1744131393112
1812834093396
1812838352292
1555153160616
2654664788392
1469576447400
2569088075176
1744454354344
2843965982120
1538295924136
2637807551912
1813173831080
2912685458856
1538229864084
1813107771028
1555409733268
2654921361044
1830287640212
2929799267988
1756999780964
2843983087960
2655004526936
2637824657752
1538313029976
1813190936920
1486773422424
2912702564696
2586285050200
1551193475496
1555208734116
1555225512344
1830304482984
2929816110760
1486702119320
2654665836184
1482462725800
1464959830676
2564471458452
1739837737620
2839349365396
1808557214356
2908068842132
2839403955604
1465211292260
2564722920036
1464943053464
2564454681240
1465227020888
2564738648664
1740104927832
2839616555608
1533946497624
2633458125400
1808824404568
2908336032344
1537956252308
2637467880084
1812834159252
1538314078632
2637825706408
1813191985576
2912703613352
2929878174296
1555221252772
1533998074532
2633509702308
1808875981476
2908387609252
1464959830692
2564471458468
1739837737636
2856780957012
1551110899028
2650622526804
1825988805972
2925500433748
2908320564564
1533931029844
2633442657620
1808808936788
1465211553108
1464943053480
2564454681256
1739820960424
2839332588200
1808807560872
2908319188648
1761378699672
2860890327448
2912630999396
2908404189848
1538224949908
2637736577684
1555404819092
2654916446868
1830282726036
2929794353812
1469505473172
2569017100948
1486774208152
2586285835928
2581919762072
1757286041240
2856797669016
1465228265064
2564739892840
1740106172008
1537956447828
2637468075604
1486416840276
2585928468052
1761294747220
2860806374996
1555136317012
2654647944788
1830014223956
2929525851732
2650424346276
1537961690776
1538241398372
2637753026148
1813119305316
2912630933092
1551126300260
2650637928036
1826004207204
1555421267556
2654932895332
1465231213988
2564742841764
1808828597668
2908340225444
1482411083172
1551130559908
1482391160168
2929878959780
1830367332004
2655001052836
2912699090596
1555489425060
1555136120216
2654647747992
1830014027160
2929525654936
1830304680552
2929816308328
2650437977496
1825804256664
1486504724904
2586016352680
1830036048536
2637737625960
1550925236840
2650436864616
1825803143784
2925314771560
1482461677992
2581973305768
1757016557992
2856528185768
1757339584936
2856851212712
1486505708116
2586017335892
1761383615060
2860895242836
1555225184852
2654736812628
1830103091796
2929614719572
1555425527460
2925252642456
1538295925352
2637807553128
1813173832296
2912685460072
1469510387352
2569022015128
2925231998360
1744388294296
2843899922072
1538229864088
1813107771032
1486690256536
1808828598888
2908340226664
1465278400932
2564790028708
1740156307876
2839667935652
1533997877668
2633509505444
1808875784612
2908387412388
1482458270116
2581969897892
1465299569064
2564811196840
1740177476008
2839689103784
2586269255268
1830102305172
2929613932948
1744384166228
1482412394084
2581924021860
2843626505812
1534014653780
2633526281556
2925251659112
2586214730404
2568815446692
2843693353636
1538023295652
2637534923428
1812901202596
2912412830372
1555203164836
2654714792612
1830081071780
2929592699556
1550930281896
2650441909672
1825808188840
2925319816616
1465211553112
2564723180888
1740089460056
2839601087832
1533931029848
2633442657624
1808808936792
2908320564568
1482391422296
2581903050072
1808543582612
1808627468696
2908139096472
1482209954200
2568765375848
2564809951832
2839687858776
1486685342360
2586196970136
2929546888616
2925587203496
1808812803496
2908324431272
2861075596712
1830014223960
1537956447832
2637468075608
1812834354776
2912345982552
2929525851736
1555136317016
2654647944792
1469236971096
2568748598872
1486753236372
2586264864148
1761631143316
2637804471700
1744451274132
2843962901908
1813170750868
2912682378644
1538292843924
1538291731044
2637803358820
1813169637988
1830287640152
1486434470504
2585946098280
1761312377448
1482391423592
2581903051368
1757269330536
2856780958312
2925320079720
1555136383640
2654648011416
2929525918360
2856796686696
1808813131108
2908324758884
1551176698520
2650688326296
1826054605464
2925566233240
1744467986088
1465008850580
2564520478356
1739886757524
2839398385300
1533728327316
2633239955092
1808606234260
2908117862036
1744120120728
2843631748504
1813107051156
2912618678932
1464946264724
2564457892500
1739824171668
2839335799444
1533665741460
1812835403428
1826055587240
1469325838936
2568837466712
1744203745880
2843715373656
1538045315672
2637556943448
1812923222616
2912434850392
1555421596008
2654933223784
1555140249960
2654651877736
1533997811364
1534014589592
2633526217368
1808892496536
2908404124312
1830018156904
2929529784680
1825807337892
2925318965668
1826075773348
1826075773524
2925587401300
1550930479464
2650442107240
1825808386408
2925320014184
1555421529512
1555153159784
2654664787560
2929542694504
2581968782932
1551176631892
1533996762708
2633508390484
2650688259668
1826054538836
2925566166612
1482457155156
2586263750056
1761630029224
2861141657000
1465278400936
2564790028712
1757004040856
2856515668632
2650357238424
1825723517592
2925235145368
1551193474664
1482142844564
2581654472340
1757284795816
2856796423592
2839399433576
1533729375592
2633241003368
1808607282536
2908118910312
2856579302760
1465014356628
2564525984404
1533733833364
2633245461140
1808611740308
2908123368084
1482194225812
2839336520084
1469303818920
2568815446696
1744181725864
2843693353640
1538023295656
2637534923432
1812901202600
2912412830376
1486483688104
1825988544936
1482125870436
2581637498212
1812856113832
2912367741608
1555204277652
2654715905428
1808813066920
2908324694696
1486706051496
1465282792020
1808880175700
2908391803476
2564794419796
1740160698964
2633513896532
1482206808484
1486487947928
2585999575704
1761365854872
2860877482648
1469573367192
2650621216152
2569084994968
1538292843928
2637804471704
1469572254312
2569083882088
2908055209364
2633530477156
2908408384100
2925503514984
2912618678948
1464946264740
2564457892516
1739824171684
2839335799460
1533665741476
2633177369252
1808543648420
2843979941540
1757066626712
2650419824280
1825786103448
2586284788072
1761651067240
2861162695016
1825720108712
1744202696360
1538044594596
2637556222372
1812922501540
2912434129316
1830031852900
1555141626264
2654653254040
1830019533208
2929531160984
2929795336600
1551181941144
2650693568920
1825720042916
2925231670692
1826059848088
2925571475864
2633244214884
1808610494052
2908122121828
1482192979556
2581704607332
1757070886500
2856582514276
1550912456292
2650424084068
1825790363236
2912413156696
1555425461912
2654937089688
1757016361636
2856527989412
1550857931428
2650369559204
1825735838372
2925247466148
1825786432104
2654664459924
1830030739092
2929542366868
2856796358292
2564470146708
1739836425876
1533677995668
1486752385704
2586264013480
1761630292648
2861141920424
1482125806248
2581637434024
1757003713192
1465277285976
2564788913752
2839666820696
1533996762712
1551176631896
2650688259672
2925566166616
1808874669656
2925583010148
1469509338728
2569020966504
1808828859812
2908340487588
1744471460196
2569105181028
1538313029988
2843983087972
1830370806116
2929882433892
1813190936932
2637824657764
1740177475176
2839689102952
1757072132760
2856583760536
1550913702552
1555158402408
2654670030184
1830036309352
1551198717288
2650710345064
1465227020900
2564738648676
1740104927844
2839616555620
1533946497636
2633458125412
1808824404580
2908336032356
1482406890084
2581918517860
1551194786472
1825741343128
1555489425832
1550929495444
2650441123220
1825807402388
2925319030164
1465030149524
2564541777300
1739908056468
2839419684244
1533749626260
2633261254036
1808606300500
2908117928276
2861159810712
2912351028820
1555220989608
2654732617384
2568765179540
1744131458708
2843643086484
1537973028500
2637484656276
1812850935444
2912362563220
1830030804628
2586284721816
1551177942696
2650689570472
1465282792024
2564794419800
1740160698968
2839672326744
1808880175704
2908391803480
1555208407396
2654720035172
1830086314340
2929597942116
2860895569240
1551197930836
2650709558612
2925587465556
1550863173988
2633529689428
2908407596372
1465298584916
2564810212692
1740176491860
1825741080932
1555404819032
2654916446808
2586017598040
2925303237208
2856864581028
1486701856340
1538241463892
2637753091668
2912630998612
1830299240020
2929810867796
1482142583188
2581654210964
1537972962980
2637484590756
1812850869924
2912362497700
1825735771812
2925247399588
1482390111896
1550842399396
2650354027172
1825720306340
2925231934116
2581901739672
1757268018840
2856779646616
1469325117864
1469254600040
2568766227816
1486434469224
2585946097000
1537978534548
2637490162324
1812856441492
2912368069268
1555158403732
2654670031508
1830036310676
2929547938452
1469259057812
2564524738152
1739891017320
2839402645096
1533732587112
2633244214888
1808610494056
2908122121832
1482192979560
2581704607336
1757070886504
1808627206744
1757016361640
2856527989416
1550857931432
2650369559208
1825735838376
1464958518952
2564470146728
1739836425896
2839348053672
1533677995688
2633189623464
1808555902632
2908067530408
1551130495316
2650642123092
2925520030036
1482411018580
2581922646356
1826008402260
1533950626132
2633462253908
1808828533076
1757021799784
2856533427560
1464943117732
2564454745508
1739821024676
2839332652452
2569105181032
1744471460200
2843983087976
2637824657768
1813190936936
1538246969940
2637758597716
1813124876884
2912636504660
2654938466900
1465215420756
2925588515432
1482190031508
2581701659284
1482412394920
2581924022696
1757290301864
2856801929640
2586000819880
1465227020904
1533946497640
2633458125416
1808824404584
2908336032360
1482406890088
2581918517864
1813124549224
2581721646488
1757087925656
2856599553432
1550929495448
2650441123224
1825807402392
2925319030168
1740089460068
2839601087844
1808808936804
2908320564580
1482391422308
2581903050084
1465281546664
2564793174440
1740159453608
2839671081384
1469253551768
2568765179544
1744131458712
2843643086488
1812850935448
2912362563224
1486756383320
2586268011096
1761634290264
2861145918040
1555404819108
1757084714596
2856596342372
1757268216408
2655005247124
1830371526292
2929883154068
2586196708004
1486416840292
2585928468068
1761294747236
1469236971108
2568748598884
1465298584920
2564810212696
1534018061656
2633529689432
1808895968600
2908407596376
1551197930840
2650709558616
1826075837784
2925587465560
1744472181336
2843983809112
2861091391064
1555421333080
1744399894104
1830299240024
2843911521880
2654932960856
2929810867800
1813119370840
2581654210968
1757020490136
2856532117912
1550862059928
2650373687704
1825739966872
2925251594648
2929799596376
1808812082836
2908323710612
2925302252968
1812905724584
1744136964760
2843648592536
2912368069272
1486438927000
2585950554776
2929531160152
1808561210964
2925570623908
2586017335908
1469325838948
2860895242852
1555225184868
1830103091812
1757272148584
2637467814232
1482390374036
2581902001812
1555472648856
1465231149400
2564742777176
1740109056344
2839620684120
1533950626136
2633462253912
1808828533080
2908340160856
1550912652964
2650424280740
1825790559908
2925302187684
1550929431192
2650441058968
2912702498392
1469527493208
2569039120984
1744405400152
2843917027928
1813124876888
2912636504664
1740089199208
2839600826984
2861079005588
1813106985364
2912618613140
1830286854548
2929798482324
2654653254056
1555489425000
2655001052776
2929878959720
1465299372692
2564811000468
1740177279636
2839688907412
1534018849428
2633530477204
1808896756372
2908408384148
1482479241876
2581990869652
1465211553128
2564723180904
1740089460072
2839601087848
1533931029864
2633442657640
2925516949096
1482210739796
2581722367572
1757088646740
2856600274516
1550930216532
2650441844308
1825808123476
1469505473192
2569017100968
1744383380136
1469236971112
2568748598888
1744114878056
2843626505832
1537956447848
2637468075624
1812834354792
2912345982568
1486416840296
2585928468072
1538292843940
2637804471716
1813170750884
2912682378660
1555472713124
1486685014356
2912345721172
2586196642132
1761562921300
2861074549076
1808807561556
1744384166312
1555488441748
2655000069524
2929866443364
1469309126996
2568820754772
1538028603732
2637540231508
2569100724568
2843978631512
1465295373652
2564807001428
1469590340948
2654916118872
1482390047064
2581901674840
1757267954008
2929794025816
1808539126104
2908050753880
1538224621912
2929795140200
1482205825620
2581717453396
1550925302356
2650436930132
1825803209300
2925314837076
1469325838952
2568837466728
1744203745896
1538045315688
2637556943464
1812923222632
2929879288168
1486505708136
1465210504856
2564722132632
1740088411800
2839600039576
1482390374040
2581902001816
2843711440216
2637821445464
2912699352408
1538309817688
2586281837912
1482206807384
2861159744856
1482475242840
1825987430056
2861075860136
1761298679464
1744115730088
2856848001620
1740155192932
2839666820708
1533996762724
1808874669668
2908386297444
2929815325080
1486757627496
2586269255272
1761635534440
2912685786532
2912702564760
1482412394088
2581924021864
1757290301032
2856801928808
2581705853604
1757072132772
1465014356644
2564525984420
1533733833380
1550913702564
2650425330340
1825791609508
1555157354136
2654668981912
2655000005016
1551197669016
2650709296792
1826075575960
2925587203736
1757071870568
1744182053480
1486703102632
2586214730408
1469509601688
2569021229464
1744387508632
2843899136408
1538229078424
2637740706200
1813106985368
2912618613144
2586201098648
1537961494936
2637473122712
1465299372696
2564811000472
1555488639316
2655000267092
1740177279640
2839688907416
1534018849432
2633530477208
1482478127720
2564793173608
1740159452776
2839671080552
1469505145188
2569016772964
1757267954020
2856779581796
1486685014372
2586196642148
1761562921316
2861074549092
1761311524244
2860823152020
1482474194324
2581985822100
1757352101268
2856863729044
1551193671060
1534002268772
2633513896548
1808880175716
2908391803492
2650705298836
1551182137956
2650693765732
1826060044900
2925571672676
1465211553364
2564723181140
1740089460308
2839601088084
1744384427604
2843896055380
2856780957268
1482473932180
2581985559956
1757351839124
2856863466900
2650637927832
2929610852776
1469573367208
2569084994984
1538292843944
1469590340964
2569101968740
1744468247908
2843979875684
1739904845156
2839416472932
2568833533284
2843711440228
1756999518568
1825718995304
1538245658196
2637757285972
1813123565140
2912635192916
1537978271080
2637489898856
1812856178024
2912367805800
1469309322900
2568820950676
1744187229844
2843698857620
2860878726804
1538028799636
2637540427412
1812906706580
2912418334356
1555208668820
1465211553368
1740089460312
2839601088088
1469506520664
2569018148440
1744384427608
2843896055384
2633446851944
1469309127000
2568820754776
2637540231512
2860878530904
1555208472920
2654720100696
2929598007640
2912418138456
1482188719784
2581700347560
1757066626728
1465026938216
2564538565992
1739904845160
2839416472936
1533746414952
2633258042728
1808624321896
2908135949672
1482206807400
2581718435176
1482205825624
2581717453400
1482121938264
2581633566040
1469577758292
2569089386068
1744455665236
2654988731988
1469589293480
2569100921256
1744467200424
2843978828200
1538308770216
2637820397992
1813186677160
2912698304936
1761581009556
2861092637332
1538242710164
2637754337940
1813120617108
2912632244884
2581906982228
1761563969176
2861075596952
2843697810072
1740160763224
2839672391000
1465277285992
2564788913768
1740155192936
2839666820712
1808874669672
2908386297448
1538224687704
2637736315480
1813102594648
2912614222424
2654664526488
2839617866136
1533733833384
2633245461160
1482194225832
2581705853608
1757072132776
2856583760552
1550913702568
2861141984616
2929594075476
2637737625188
1469506520676
2569018148452
1744384427620
2843896055396
1533662594660
2633174222436
1808540501604
1465030149540
2564541777316
1739908056484
2839419684260
1533749626276
2633261254052
1555204277656
2654715905432
1830082184600
2929593812376
1555203164776
2654714792552
1486416578984
2585928206760
1761294485928
1550842399060
2650354026836
1825720306004
2925231933780
1757000829268
2856512457044
1808875784856
1550857931368
1482474195604
2581985823380
2650369559144
1830287903336
1761311327908
2860822955684
1555152897700
2654664525476
1830030804644
2929542432420
1465294325144
2564805952920
1740172232088
2839683859864
1534013801880
2633525429656
1808891708824
2908403336600
1482474194328
2843979875688
1465282792040
2564794419816
1740160698984
2861162890920
1533662594664
2633174222440
1482478454116
2581990081892
1534018849384
2633530477160
1808896756328
2908408384104
1740110170536
2839621798312
1469309322904
2568820950680
1538028799640
2637540427416
1486489192088
2586000819864
2843979941544
2861079856740
1486707100248
2586218728024
1761585007192
1533682190756
2633193818532
1808560097700
2908071725476
1482142583204
2581654210980
1757020490148
1464962714020
1550862059940
1825739966884
2856595098200
2569089452388
1533749364052
2633260991828
1537978534564
2637490162340
1812856441508
2912368069284
1469259057828
1744136964772
2843648592548
1555158403748
1830036310692
2568770685604
2564806740324
1740173019492
2839684647268
2861147162200
1555477104216
2654988731992
1830355011160
2912363611796
1469523233432
2569034861208
1744401140376
2843912768152
1538242710168
1813120617112
1486703102616
2586214730392
1538296186280
2637807814056
1830082382168
1465231149412
2564742777188
1740109056356
2839620684132
1533950626148
2633462253924
1808828533092
2908340160868
1482411018596
2581922646372
1533728589460
2633240217236
1533950952872
2633462580648
1808828859816
2908340487592
1550842463588
2650354091364
1825720370532
2925231998308
2637758597732
1813124876900
1486707362404
1761585269348
2912636504676
2586218990180
1538246969956
2861096897124
1555426839140
1830304746084
2650642384296
1826009713060
2925521340836
1555157026196
2654668653972
1830034933140
2929546560916
1555204541080
2654716168856
1830082448024
2929594075800
1761378370920
2908403336548
1808606300504
2908117928280
1808627533224
2908139161000
1550863435412
2650375063188
1464964089492
2564475717268
1757017410132
2856529037908
1464959634004
2564471261780
1739837540948
2839349168724
1533679110740
1464943053144
2564454680920
1739820960088
2839332587864
1533662529880
2633174157656
1550842399064
2650354026840
1744131458728
2843643086504
2637484656296
1812850935464
2912362563240
1486433420968
1830353701460
2929865329236
1830086314344
2929597942120
1533749299864
2633260927640
1469526115668
2569037743444
1538245592404
1486705984852
2586217612628
1761583891796
2861095519572
1555425461588
1464959634008
2564471261784
1739837540952
2839349168728
1533679110744
2633190738520
1808557017688
2908068645464
1482139503192
2581651130968
1550863173992
1551131608488
2654920575400
2929610851944
1465298584936
2564810212712
1534018061672
2633529689448
2839622059604
1533952001620
2633463629396
1808829908564
2908341536340
1744182774164
2843694401940
2585996364180
1761362643348
2860874271124
1538024343956
2637535971732
1812902250900
2912413878676
1538292845140
2637804472916
1813170752084
2912682379860
1555208473256
2654720101032
2861095519848
1830086380200
2929598007976
1813119370856
1464962714024
2564474341800
1739840620968
2839352248744
1533682190760
2633193818536
1808560097704
2908071725480
1482142583208
2581654210984
1538225931880
2637737559656
1813103838824
2912615466600
1537956186516
2637467814292
1812834093460
2912345721236
2843627357844
1469259057832
2568770685608
1744136964776
2843648592552
1537978534568
2637490162344
1812856441512
2912368069288
1486438927016
2585950554792
1830367593876
2929879221652
1482390374052
2581902001828
1550926088804
2650437716580
2633509504680
1757017409956
2856529037732
1465231149416
2564742777192
1740109056360
2839620684136
1533950626152
2633462253928
1808828533096
2908340160872
1482411018600
1744400942436
2564727048536
1740093327704
2839604955480
1813102855572
2912614483348
1744405400168
2908055276116
1550845610580
1469254601316
2568766229092
1744132508260
2843644136036
1482139503204
2581651130980
1757017410148
2856529037924
1464959634020
2564471261796
2908324431204
2856796423524
1812855063960
2912366691736
1486437549464
2585949177240
1538229078436
2637740706212
1813106985380
2912618613156
1555408947620
2654920575396
1830286854564
1761562921320
2861074549096
1465215486616
2564727114392
1740093393560
2839605021336
1757335389864
1464959634024
2564471261800
1739837540968
2839349168744
1533679110760
2633190738536
1482475243880
1465299372708
2564811000484
1740177279652
2839688907428
1534018849444
2633530477220
1808896756388
2908408384164
1482479241892
2581990869668
1555220203928
2654731831704
1830098110872
2929609738648
1825736099236
1550930216548
2650441844324
1482206807656
2581718435432
1757084714600
1555493619352
1830371526296
2929883154072
2929814996312
1538245592408
2637757220184
1555425461592
1486685080232
2586196708008
1761562987176
2861074614952
1482475309736
2581986937512
2856583498408
1757353216680
2856864844456
1555404491172
2654916118948
1830282398116
2929794025892
1808829908568
2856511146404
2908341536344
1469304867224
2568816495000
1538024343960
1482391161448
1465232262760
2564743890536
1740110169704
2839621797480
1812855129752
2912366757528
1555405866644
2654917494420
1830283773588
2929795401364
1761295861396
2860807489172
1830371853908
2929883481684
2568766490980
1744451472040
1538028603748
2637540231524
1812906510692
2912418138468
1555208472932
1830086379876
2929598007652
1486706248292
2633445737876
1808812017044
2908323644820
2650625607060
1465214633364
2564726261140
1538309817764
2637821445540
1813187724708
2912699352484
1551194719652
2650706347428
1555489686948
2655001314724
2856595359124
2581633239464
1756999518632
2856511146408
1550841088424
2637820135764
1486774208148
2586285835924
1761652115092
2861163742868
1757083732580
2856595360356
1550925302372
2650436930148
1825803209316
2925314837092
1465025956452
1739821024920
2839332652696
1486753171800
2586264799576
1538292779352
2637804407128
1538040071764
2637551699540
1812917978708
2912429606484
2654988469912
1465026938280
2564538566056
1739904845224
2839416473000
1533746415016
2633258042792
1482206807464
2581718435240
2650424280744
1761295795544
1555472976472
2654984604248
1830350883416
2929862511192
2843711505748
1761564297624
2861075925400
2925235931736
1482194027860
2581705655636
1465014158676
2564525786452
1739892065620
2839403693396
1533733635412
1813106985316
2564471261588
1739837540756
2839349168532
1533679110548
2633190738324
1808557017492
2908068645268
1761295861400
2860807489176
2569017887144
2860890326612
1744198829652
2843710457428
1538040399444
1812918306388
1555220268628
1482458269336
2581969897112
1757336176280
2856847804056
1465299372712
2585999575700
1761365854868
1538027555476
2637539183252
1555207424660
2654719052436
1830085331604
2929596959380
1537977420376
2637489048152
2912366955096
1739908777576
2839420405352
1533750347368
2633261975144
1808628254312
2908139882088
1757088646760
2856600274536
2929882367336
2839683859876
1534013801892
1551110899364
2650622527140
1555405866660
2654917494436
1830283773604
1469238085284
2568749713060
1486703166824
2586214794600
1761581073768
2861092701544
1808824339108
1465228069204
2564739696980
1740105976148
2839617603924
1533947545940
2633459173716
1808825452884
2908337080660
2856868972116
2929877976472
1744454617428
2843966245204
1486756383316
2586268011092
1555475860052
2654987487828
2637807618644
1486690322856
1761568229800
2654934206804
2861079857576
2586000819876
1761367099044
2860878726820
2637540427428
1812906706596
2912418334372
1555208668836
1464943117992
1744186181204
2843697808980
2569083946344
1744450225512
2843961853288
1538028603752
2637540231528
1534017997396
2633529625172
1538312964692
2637824592468
1813190871636
2912702499412
1761311263316
1486433356372
2585944984148
2564474668628
1739840947796
2839352575572
2637808600728
1555207423316
2654719051092
1469253749396
2568765377172
1744131656340
2843643284116
1482205825640
1757087861092
2856599488868
1465030085208
2564541712984
1739907992152
2839419619928
1533749561944
2633261189720
1808627468888
2908139096664
1482209954392
2581721582168
2861147162212
1761635534436
1555477104228
2654988732004
1830355011172
2861092637348
1813120617124
1486703102628
1538242710180
2637754337956
1555422579364
2654934207140
1830300486308
2929812114084
1555409012136
2654920639912
2929815324008
1469236775268
1761631144612
2912703351188
1550913504600
1465014158680
2564525786456
1739892065624
2839403693400
1533733635416
1538246903208
2637758530984
1813124810152
2912636437928
1486500791896
2586012419672
2654731896408
2929609803352
1812918306392
2633525233300
1469308078744
2568819706520
1550845281636
2650356909412
1825723188580
2925234816356
1744185985688
2843697613464
1538027555480
2637539183256
1808540436836
2908052064612
1482122922340
2581634550116
1825720306020
2925231933796
1757000829284
2856512457060
1550842399076
2650354026852
1761311524248
2860823152024
2860811618920
2843715373652
1757351839128
2856863466904
1465294325160
2564805952936
1534013801896
2633525429672
1482462399080
2581974026856
2650639238804
1465228265108
2564739892884
1740106172052
2839617799828
1808825648788
2908337276564
1812902250840
2650441058900
2650639043156
2929596893848
2861079005544
1808825453204
1538242513556
2637754141332
1813120420500
2912632048276
1555422382740
1482407938392
2650639042904
2654934010516
1538312964708
2637824592484
1813190871652
2912702499428
1465030085220
2564541712996
1550845347492
2650356975268
1825723254436
1757087861080
2856599488856
2564541712728
1739907991896
2839419619672
1533749561688
2633261189464
1469576514136
2569088141912
1744388359828
1469309322920
2568820950696
1744187229864
2843698857640
1538028799656
2637540427432
2912418334376
1486489192104
2581704541524
1812902316696
1464959634072
2564471261848
1739837541016
2839349168792
1830304418388
2929816046164
1533679110808
1486433356376
2585944984152
1537972963928
2637484591704
1812850870872
2912362498648
1808561145508
2908072773284
1550924974676
2650436602452
2586198018452
1538225998228
2637737626004
1813103905172
1757339322772
2856850950548
2912615532948
1555405867412
1555224135272
2654735763048
1757000632916
1830102042216
2929613669992
1761315456424
2860827084200
2585929516372
1761295795540
2860807423316
2568749647188
1744115926356
2843627554132
1537957496148
2637469123924
1551181088360
2650692716136
1826058995304
1482394502568
2581906130344
1757272409512
2856784037288
1812923484756
2912435112532
2929865393768
1538309622120
2637821249896
1538297235048
2637808862824
2843627619944
1555492637352
2655004265128
1469523233448
2569034861224
1744401140392
1551126563496
2650638191272
1808876045928
2908387673704
2861146113704
1486686389848
2586198017624
1761564296792
2861075924568
1550846657940
1825724564884
2925236192660
1486437549476
2585949177252
1761315456420
2860827084196
1537977157028
2637488784804
1812855063972
2912366691748
2856779844180
1757268216404
2564722068052
1740088347220
2839599974996
1533929917012
2633441544788
1808807823956
2908319451732
1482390309460
2929543482020
1761312377508
1555422382756
2908337080996
1538242513572
2637754141348
1813120420516
2585946098340
1808561473188
2908073100964
1825988544104
2929610787432
1482474195608
2581985823384
1757352102552
2856863730328
1533662595684
2633174223460
1808540502628
2908052130404
1465228265112
2564739892888
2839349364068
1740106172056
2839617799832
1808825648792
2908337276568
1482408134296
1830103352664
1486705984868
2586217612644
1761583891812
2861095519588
2569037743460
1538245592420
2637757220196
1555425461604
1464959634088
2564471261864
1739837541032
2839349168808
1761635337896
2843916962472
1482391161428
2581902789204
1744182774180
2843694401956
1486484736420
2585996364196
1761362643364
2860874271140
2929543677348
1830371854744
1486690322024
2586201949800
1761568228968
2861079856744
1538225735336
1555225511576
1830103418520
2929615046296
2650621150872
1761378634344
1740092541608
1761315719848
2860827347624
1469506521496
2569018149272
1744384428440
2843896056216
1538225998232
2637737626008
1813103905176
2912615532952
2839684647272
1482478127784
2581989755560
1757356034728
2856867662504
1812917979544
2912429607320
1830299240788
1469238019416
1744115926360
1486417888600
2585929516376
1830015272280
2568749647192
2843627554136
2654648993112
2929526900056
1537957496152
1486753171812
2586264799588
1761631078756
2861142706532
2843962837348
1813170686308
2912682314084
1555472648548
1830030804564
2929542432340
1830102108840
1808896953000
1825987757652
2925499385428
1550842463592
2650354091368
1825720370536
2925231998312
1813174159768
1534001023656
1465009898900
2564521526676
1739887805844
2839399433620
1533729375636
2633241003412
1808607282580
2856579302804
1464946264676
2564457892452
1739824171620
1533665741412
2633177369188
1482126133860
2581637761636
1551131806120
2650643433896
1826009713064
2925521340840
2908337276500
1469257680296
2568769308072
1744135587240
2843647215016
1537977157032
2637488784808
1812855063976
2912366691752
1486437549480
2585949177256
1739903600020
2839415227796
2564525787748
1482390309464
2581901937240
2633446525588
1808812804756
2908324432532
1533997811028
2633509438804
1482458203476
2581969831252
1757336110420
2856847738196
1551177680212
2650689307988
2839352247636
1761567115672
2861078743448
1551130561112
2650642188888
1826008468056
2925520095832
1482479438232
2581991066008
1469526115688
1744450161300
1555471600276
1830349507220
2569083882132
2843961789076
2654983228052
2929861134996
1538291731092
1813169638036
1486752123540
1744115664216
1486420772504
2585932400280
2860810307224
1486501775784
2633512913252
1533678258532
1486421100116
2585932727892
1761299007060
2860810634836
1537960707668
2637472335444
2912350242388
1555140576852
2654652204628
1538292845144
2637804472920
1813170752088
2912682379864
1534018848408
1482126132888
2843647477140
1744186182040
2843697809816
1469506259352
2569017887128
2843895794072
1465214633380
2564726261156
1740092540324
2839604168100
1808812017060
2908323644836
1551113979300
2650625607076
2586217612648
1761583891816
1533678324388
2633189952164
1808556231332
2908067859108
2861095519592
1486774208164
1538313815716
2637825443492
1813191722660
1744451209576
2843962837352
1813170686312
1551114765720
1825992672664
2925504300440
1486484736424
2585996364200
1761362643368
1830355077784
1550926088808
1482478389908
2581990017684
1757356296852
2856867924628
1486773357204
2586284984980
1761651264148
2861162891924
1482406890132
2581918517908
1761583957672
2861095585448
1825723517544
1465030085272
2564541713048
1739907992216
2839419619992
1533749562008
2633261189784
1808627468952
2908139096728
1482209954456
2581721582232
2839415491220
2581991131540
2564537256340
1555405801876
2929795336596
2908123170148
2856583562596
1808557017508
2908068645284
1482139503012
2581651130788
1469320922724
2568832550500
1744198829668
2843710457444
1486500791908
1761378698852
2860890326628
1538040399460
2637552027236
2929613735272
2568819706532
1744185985700
2843697613476
2860877482660
1538027555492
2637539183268
1812905462436
2912417090212
2929596959396
1555207424676
1482458203480
2581969831256
2856847738200
1465278334296
2564789962072
1740156241240
2839667869016
1533997811032
2633509438808
1808807627156
2908319254932
1469572254360
2569083882136
1744450161304
2843961789080
1538291731096
2637803358872
1813169638040
2912681265816
1486752123544
1555137169752
1830015076696
1465228069220
2564739696996
1740105976164
2839617603940
1533947545956
2633459173732
1534019110312
2633530738088
1808897017256
2908408645032
2912350242392
2585932727896
2860810634840
1486421100120
1744119137880
1830018483800
2568752858712
2654652204632
1537960707672
1465030084964
2564541712740
1739907991908
2839419619684
1533749561700
2633261189476
1808627468644
2908139096420
1482209954148
2581721581924
2861145918052
1486756383332
1830371853912
1761584155240
2861095783016
2569105115812
1744471394980
2843983022756
1482478389924
2581990017700
1757356296868
2856867924644
1486773357220
2586284984996
2908407532196
1469254600084
2568766227860
1744132507028
2843644134804
1486434469268
2585946097044
1761312376212
2860824003988
1486433356388
2585944984164
2929812178596
1551115029144
1469594338984
2569105966760
1744472245928
1739891017364
2839402645140
1533732587156
2633244214932
1808610494100
2908122121876
1482192979604
2581704607380
1757070886548
2856582514324
2654921689448
1555488376168
1744401205864
2843912833640
2843631487592
1761648117076
2861159744852
1486770210132
2586281837908
1465030085288
2564541713064
1739907992232
2839419620008
1533749562024
2633261189800
1808627468968
2908139096744
2929861396904
2860827412904
1555224463720
2654736091496
1830102370664
2929613998440
1486702904660
2586214532436
1538242512212
2856529233316
1482412132756
2581923760532
2856869038488
1744202958164
2843714585940
1469325051220
2568836678996
1465281545812
2564793173588
2925515901588
1757284797076
2856796424852
1465227020948
2564738648724
1533946497684
2633458125460
1812905462356
1538229078376
2637740706152
1813106985320
2843894941288
1482138388052
2581650015828
1550857864788
2650369492564
1555421333864
1533679110568
2633190738344
1808557017512
2908068645288
1482139503016
2581651130792
1757017409960
2856529037736
1550858979752
1469320922728
2568832550504
1744198829672
2843710457448
1538040399464
2637552027240
1812918306408
2912429934184
1486500791912
2586012419688
1469308078760
2568819706536
1744185985704
2843697613480
1538027555496
2637539183272
1830350621096
2912618678952
2929865590164
1465228265124
2564739892900
1740106172068
2839617799844
1533947741860
1808825648804
1482408134308
2581919762084
1757286041252
1465298322772
2564809950548
1740176229716
2839687857492
1469593290068
2569104917844
1744471197012
2843982824788
1486416644436
2585928272212
1761294551380
2860806179156
1537956251988
2637467879764
1744454617432
1465231477080
2564743104856
1740109384024
2839621011800
1757087861096
2856797669028
1813171013012
1761567114856
1464964024916
2564475652692
1739841931860
2839353559636
1808561408596
2908073036372
1482143894100
2581655521876
2633178154388
1808544433556
2908056061332
1533946759780
2633458387556
1808824666724
1826075575640
1486504723800
1744471197016
1761382630744
2637555959128
1482478191960
2581989819736
1830370542936
1486773159256
2586284787032
1469254600088
2568766227864
1469253487208
2568765114984
1744454683288
2843966311064
1486686390692
2586198018468
1555405867428
2654917495204
1482192979608
2581704607384
1757070886552
2856582514328
1550912456344
2650424084120
1486753171816
1757021801044
1469238019428
2568749647204
1744115926372
2843627554148
1537957496164
2637469123940
2585929516388
1761295795556
2860807423332
1830030805400
2929542433176
2929812179352
2650639043240
1551109851544
2650621479320
1825987758488
2925499386264
1744182773144
1812923221336
1550841350820
2650352978596
1555422381400
1830300288344
1486753237672
2586264865448
1761631144616
2861142772392
1739904911720
2839416539496
2637556155736
2912434062680
1465281545816
2564793173592
1486504920408
2586016548184
1469325051224
1465227020952
2564738648728
1740104927896
2839616555672
1533946497688
2633458125464
1808824404632
2908336032408
1482406890136
2581918517912
2856516716120
1464958518872
2564470146648
1739836425816
2839348053592
1533677995608
1555471861096
2654983488872
1830349768040
1551126627688
2650638255464
1826004534632
1465211553172
2564723180948
1740089460116
2839601087892
2633442657684
1808808936852
2908320564628
1757268216420
1830086641060
2637824394596
2912702301540
1469593290084
1757356098916
1761580026264
2929543743128
1551113783720
2650625411496
1825991690664
2925503318440
2929861461672
1533929719380
2633441347156
1469258009188
2568769636964
1465228265128
2564739892904
1740106172072
1812834354836
2912345982612
1486416840340
2585928468116
2860806375060
1469236971156
2568748598932
1744114878100
2843626505876
1550845347496
2650356975272
1825723254440
2925234882216
1465298324068
2564809951844
1465029887336
1486416644440
2585928272216
1761294551384
2860806179160
1537956251992
2637467879768
1812834158936
2912345786712
1555136121176
2654647748952
1533951674792
2633463302568
1808829581736
2908341209512
2581655521880
1757021801048
2856533428824
1757352166744
2856863794520
1550863370840
2650374998616
1825741277784
2925252905560
1538309818024
2637821445800
1813187724968
1555426511448
2654938139224
1830304418392
2929816046168
1761299007896
2860810635672
1486685275732
2586196903508
1538224883284
2637736511060
1813102790228
2912614418004
1555404752468
2654916380244
2925302253220
1812839597720
2925319031448
1761311590040
2856847739544
1813103905192
1812923484760
2912435112536
2843627554152
1537957496168
2637469123944
1812835403112
1533683566180
2633195193956
1808561473124
2908073100900
2912635454824
2929526637928
1813103838568
2581633501864
1756999781032
2856511408808
2650352978600
1825719257768
2925230885544
1486757365332
2586268993108
1486437877096
2585949504872
1761315784040
2860827411816
2856516651348
1757067675044
2856579302820
1825787151780
2925298779556
1465009898916
2564521526692
1469594274388
2569105902164
1744472181332
2843983809108
1761646807464
2861158435240
1469240968788
2568752596564
1744118875732
2843630503508
1465211553176
2564723180952
1740089460120
2839601087896
1533931029912
2633442657688
1808808936856
2908320564632
1482391422360
2581903050136
2908067596692
2839667869028
1757336110436
2856847738212
1761647135076
1744114878104
2843626505880
1537956447896
2637468075672
1812834354840
2912345982616
1486416840344
2585928468120
1744450161316
2843961789092
1486752123556
2586263751332
1538291731108
1813169638052
2912681265828
1482391161432
2581902789208
1757269068376
2856780696152
2843900249684
1555477169576
2654988797352
1830355076520
2929866704296
2929547609448
1744119137892
2843630765668
1486421100132
2585932727908
1761299007076
2860810634852
1537960707684
2637472335460
1486487947940
1551194457512
2843643282792
2650706085288
1826072364456
2925583992232
1551109851812
1533682452884
2633194080660
1808560359828
1486685275736
2586196903512
2843715373720
1538045315736
2637556943512
1812923222680
2912434850456
1761379681688
2860891309464
1826059848100
1825736821156
1465277286036
2564788913812
1740155192980
2839666820756
1533996762772
2633508390548
1808874669716
2908386297492
2581990083176
1486484014504
2839399433640
1533729375656
2633241003432
2654720100712
1469594274392
2569105902168
2908136016216
2564538632536
1739904911704
2839416539480
1533746481496
2633258109272
1808624388440
1757084780888
2925248514708
1830299436456
2929816111528
1761651000744
1808812804760
2908324432536
2654732618152
1486416579156
2585928206932
1761294486100
2860806113876
1465210178132
2564721805908
1464941742676
2564453370452
1761651000980
2861162628756
2860827412820
1465231477076
2564743104852
1740109384020
2839621011796
2908340488532
1830035261780
2929546889556
1465282792084
2564794419860
1740160699028
2839672326804
2650625410664
1825991689832
2925503317608
1482462660008
2581974287784
1757340566952
2856852194728
1555404491432
2654916119208
1830282398376
2929794026152
1469572254376
2569083882152
1744450161320
2843961789096
1813169638056
2912681265832
1486752123560
2586263751336
1533678258536
1486501774932
1486416579160
2585928206936
2925499058776
2860806113880
2856779582040
1761315785048
2637489113432
1812838614632
2912350242408
1486421100136
1761567443288
1761583958440
1744203024808
1757284731224
1482390046052
2581901673828
1830304679316
2929816307092
2564541515156
1555489687128
2655001314904
1830367594072
2929879221848
1486770210392
1469321905752
2568833533528
1744199812696
1555471927720
2650436863380
1825803142548
2925314770324
1469254600100
2568766227876
1744132507044
2843644134820
1825791609444
2925303237220
1486434469284
2585946097060
1761312376228
2860824004004
1482461415000
1482127116708
2586263815848
1739891017380
2839402645156
1533732587172
2633244214948
1808610494116
2908122121892
1757070886564
1757284797080
2856796424856
1813173831060
2912685458836
1482209756568
2581721384344
1465277286040
2564788913816
1740155192984
2839666820760
1533996762776
2633508390552
1808874669720
2908386297496
1555158140248
1744471460260
1813120419172
1486702904676
2586214532452
2637754140004
1744388621988
1761362970984
2839617537700
2860874598760
2861092702888
1469325051236
2568836679012
1740159452772
2839671080548
1744202958180
2843714585956
1465281545828
2564793173604
1482461415012
2581973042788
2856850949732
1757003778644
2856515406420
1486416579172
2585928206948
1744383052388
2650352716388
1825718995556
2925230623332
1555405801880
1465227020964
2564738648740
1740104927908
2839616555684
1533946497700
2633458125476
1808824404644
1482406890148
2581918517924
2637757548900
2912635455844
1486437878116
2585949505892
1761315785060
2860827412836
1464958518884
1739836425828
2839348053604
1808555902564
2908067530340
1482138388068
2581650015844
1555137365656
2654648993432
1555489752472
2925567215256
1761383877288
2860895505064
1551194719844
2650706347620
1826072626788
1555489687140
2655001314916
1830367594084
2929879221860
1486501774948
1825718995560
2925230623336
1465282792088
2564794419864
1740160699032
1808880175768
1482462661272
2581974289048
1826072693416
1555422578024
2654934205800
1465298584980
2564810212756
1740176491924
2839688119700
1830370543012
1551197668772
2650709296548
1826075575716
2925587203492
2568748403044
1744114682212
2843626309988
1537956252004
2637467879780
1812834158948
2912345786724
1486416644452
2856779844196
1555409734056
2654921361832
1469521987220
2569033614996
1744399894164
2843911521940
1757021801060
2856533428836
1486701856404
2586213484180
1761579763348
2861091391124
1550842137236
2650353765012
1825720044180
2861162628760
1550908197288
2650419825064
1825786104232
2925297732008
2654934271656
1830019204776
2929530832552
1482408200600
2650705364632
1744132507048
2843644134824
1537974076840
2637485704616
1812851983784
2912363611560
1486434469288
2585946097064
1465013110440
2564524738216
1739891017384
2839402645160
1533732587176
2633244214952
1808610494120
2908122121896
1808561473960
2908073101736
1538291795624
2637803423400
2650688326232
1555158403672
2654670031448
1830036310616
2929547938392
1482411018644
2581922646420
1551198718552
2650710346328
2650370541156
1825736820324
2925248448100
1826076625496
2925588253272
1482412132760
2581923760536
1757290039704
2856801667480
2569034663272
1464941806932
2564453434708
1739819713876
2839331341652
1482121676116
2581633303892
1756999583060
1469527493268
2569039121044
1744405400212
2843917027988
1486707362452
2586218990228
1761585269396
2861096897172
1538246970004
2637758597780
1469253813592
1761366836888
2860878464664
1486770275992
1469325051240
1538044527976
1550929431204
2650441058980
1825807338148
1465281545832
1486438860372
2585950488148
1761316767316
2860828395092
1812856374868
2912368002644
1465227020968
2564738648744
1740104927912
2839616555688
1533946497704
2633458125480
1808824404648
2908336032424
1482406890152
2581918517928
2586269321556
1761635600724
1486434666836
2585946294612
1761312573780
2860824201556
2861147228500
1464958518888
2564470146664
1830366612056
2925566231912
1739836425832
2839348053608
1533677995624
2633189623400
1808555902568
1830035981672
1812834159268
2912345787044
1533931029924
2633442657700
1757269329316
1482391422372
2586285770088
1761652049256
2861163677032
1555476055448
2654987683224
1830353962392
1551130822040
2650642449816
1826008728984
2925520356760
1550846658900
2650358286676
1825724565844
2925236193620
1757005089108
1537956447908
2637468075684
1812834354852
2912345982628
1486416840356
2585928468132
1761294747300
1740176491928
2839688119704
1744135652712
1761652115112
2861163742888
1469236775272
2568748403048
1744114682216
2843626309992
1555493620376
1537956252008
2637467879784
1812834158952
2912345786728
1486416644456
1482408134312
2581919762088
1757286041256
2856797669032
1813169900136
2912681527912
1469521987224
2569033615000
1744399894168
2843911521944
1538241463960
2637753091736
2912630998680
1486701856408
2586213484184
2633177041512
1808543320680
1486438599012
2585950226788
1482127115876
2581638743652
1555136120232
2654647748008
1830014027176
2929525654952
1744203745956
2843715373732
2929614719652
1486505708196
2586017335972
1761383615140
2860895242916
1465231149464
1537957562772
2637469190548
1812835469716
2912347097492
2564742777240
1740109056408
1533950626200
2633462253976
2908050818392
1482121676120
2581633303896
1464941806936
2564453434712
1739819713880
2839331341656
1756999583064
2856511210840
1744405400216
2843917027992
1538246970008
2637758597784
1813124876952
1537974011304
2637485639080
1812851918248
2912363546024
2925252969896
1808808871336
2908320499112
1486769949352
2654669964888
1469258991192
2568770618968
2929547871832
1486438860376
2585950488152
1761316767320
2860828395096
1469594274404
2569105902180
1744472181348
2843983809124
1465027004772
2564538632548
1739904911716
2839416539492
1533746481508
2633258109284
1808624388452
2908136016228
2860873287064
1486774405736
2586286033512
1761652312680
2861163940456
1825719256424
1465211553192
2564723180968
1533931029928
2633442657704
1482391422376
2856848001384
1808892560740
2908404188516
1757088646804
2856600274580
1550930216596
2650441844372
1825808123540
2925319751316
1551115093352
2860894455124
1465298324072
2929531161000
2568748598952
1826054800808
2925248448936
2925571475880
2843626505896
1537956447912
1761366050216
1538224622228
1813102529172
2912614156948
1825987431060
1813123828116
2912635455892
2650642450836
1555425790356
2654937418132
1551176632680
2650688260456
1826054539624
2925566167400
1826076558932
2925588186708
2633530410580
1808896689748
2908408317524
2568833598804
1469321971028
1469309127060
2568820754836
2929598007700
1486488996244
2586000624020
1761366903188
2860878530964
1538028603796
1761630357864
1534014850708
2633526478484
1808892757652
2908404385428
1813187724948
2912699352724
1482121611928
2581633239704
1756999518872
2856511146648
1550841088664
1555136383656
2654648011432
1830014290600
2929525918376
1482205825684
2581717453460
1550925302420
2650436930196
1465025956500
2564537584276
1739903863444
1464963041688
2564474669464
1739840948632
2839352576408
1533682518424
2633194146200
1808560425368
1533952002408
2633463630184
1808829909352
2908341537128
1551176698536
2650688326312
1826054605480
2925566233256
2586017335976
1465026938520
2564538566296
1739904845464
2839416473240
1533746415256
2633258043032
1808624322200
2908135949976
2637808666964
1469577562452
2569089190228
1744455469396
2843967097172
1486757431636
2586269059412
1761635338580
2861146966356
1538297039188
1537974274728
2637485902504
1812852181672
2912363809448
2839617537704
1465277286052
2564788913828
1740155192996
2839666820772
1533996762788
1482457155236
2581968783012
2633508390564
1465294391892
2564806019668
1740172298836
2839683926612
1534013868628
2633525496404
1482411280804
1744132442452
2843644070228
1812851919188
1761312311636
1486434404692
2585946032468
2860823939412
2912363546964
1761580747416
1486484015768
2585995643544
2925588187752
1469594274408
2569105902184
1464959829348
1757070821972
2856582449748
1813124547988
2633256732052
1808892824164
2908404451940
2633526544996
1465031198296
2564542826072
1808539190616
2839617866148
2843711441560
1830286853800
1533929654948
2633441282724
1538224622244
2637736250020
1551109524132
1757088646808
2856600274584
1550930216600
2650441844376
1825808123544
2860877416808
2585949505956
1808828860836
2908340488612
1538245921188
2637757548964
1813123828132
2912635455908
1551130823076
2650642450852
1826008730020
2856532183400
1465282792100
2564794419876
1740160699044
2839672326820
1482462661284
2581974289060
1757340568228
1555204277668
1830098962840
2929610590616
2860890326632
2654987487912
2929877911960
2912699352740
1538309818020
2637821445796
1813187724964
1808539126440
2908050754216
1830370544232
1482121611944
1757356034664
1761365854888
2860877482664
1464963041704
2586218924440
2564474669480
1739840948648
2839352576424
1482142910888
1830099223896
2568833598808
2843711505752
1482479175256
2654732944728
1744383313512
1830286854484
2929798482260
1469309127064
2568820754840
1744187034008
2843698661784
2912346769048
1482205825688
2581717453464
1757083732632
2856595360408
2925314837144
1830282462568
2929794090344
2650692453972
1551194785128
2650706412904
1826072692072
2925584319848
1813103905108
1757269264792
1744455665300
2843967293076
2637808862868
1551181941160
2650693568936
2569089190232
2843967097176
1538297039192
2637808666968
2912686573912
1538225736088
1812901528936
1555425461928
1830303368872
1465277286056
2564788913832
1740155193000
2839666820776
1533996762792
2633508390568
2908386297512
1465294391896
2564806019672
1740172298840
2839683926616
1534013868632
2633525496408
2908403403352
2568766163288
2843644070232
2654665509208
1537974012248
1812851919192
1486434404696
2637485640024
1538312964520
2637824592296
1813190871464
2912702499240
1538044528296
2637556156072
1812922435240
2912434063016
2929815324260
2856784889172
1486489258392
2586000886168
1761367165336
2860878793112
1482122922388
2581634550164
1757000829332
2856512457108
1550842399124
2650354026900
2925231933844
1486773094040
2856850950808
1465282792104
2564794419880
1740160699048
2839672326824
1808880175784
2908391803560
1482462661288
2633441348248
1465298584996
2564810212772
1740176491940
2839688119716
1482478454180
2581990081956
1482391357780
2581902985556
1482390046056
2581901673832
1761379681620
1830304679320
2929816307096
1469521987236
2569033615012
1486701856420
2586213484196
1761579763364
2861091391140
1538241463972
2637753091748
1555404819048
2654916446824
2585949178516
1761315457684
2860827085460
1550913702504
2650425330280
1825791609448
2925303237224
2860827150932
1555157092948
1469257747028
2568769374804
1744135653972
2843647281748
1486437616212
2585949243988
2925587204500
1482390111912
2581901739688
1757268018856
2856779646632
1538295924120
2637807551896
1813173831064
2912685458840
1538242710120
2637754337896
1813120617064
2912632244840
1744455665304
2843967293080
1538297235096
2637808862872
1813175142040
2912686769816
1825720108372
2925231736148
1482411018660
2581922646436
1757288925604
2856800553380
1482210806116
1486752451160
2586264078936
1761630358104
2861141985880
2564739630760
1533661283684
1808539190628
2908050818404
1482121676132
2581633303908
1756999583076
1469527493284
2569039121060
2843917028004
1486707362468
2586218990244
1538246970020
2637758597796
1813124876964
2912636504740
2856515406424
2633525167444
1808891446612
2908403074388
1744136898148
2843648525924
1486438860388
2585950488164
1761316767332
2860828395108
1550863107732
2650374735508
1825741014676
2925252642452
1550929167784
2650440795560
1825807074728
2925318702504
2908140145044
1825720306072
2925231933848
1808607545684
2908119173460
2637536233812
1812902512980
2912414140756
1550909507924
2650421135700
1486484998484
2585996626260
1761362905428
1486773094804
2925520291240
1486769228456
2581638809956
1757005089124
2856516716900
1550846658916
2650358286692
1825724565860
1486434469272
2585946097048
1761312376216
1826055915096
2925567542872
2860824003992
1486433356392
2585944984168
1761311263336
2860822891112
1486756383336
2586268011112
1761634290280
2861145918056
1465298585000
2564810212776
1740176491944
2839688119720
1534018061736
2633529689512
1808895968680
1482390309480
2581901937256
1757268216424
2856779844200
2861142968664
2637804669272
1812902512984
2912414140760
2586265061720
1744451471704
1550909507928
1482391357784
1551110834520
1469521987240
2569033615016
1744399894184
2843911521960
1538241463976
2637753091752
1813119370920
2912630998696
1486701856424
2586213484200
1538296187544
2637807815320
1826009515432
2929798482344
2860806179240
2568769374808
1537977223768
2637488851544
1486437616216
1555410061672
1744451209620
2843962837396
1486753171860
2586264799636
1761631078804
2861142706580
1538292779412
2637804407188
1551127349608
2650638977384
1826005256552
2925516884328
2650369755560
2633530673576
1555141625448
2654653253224
1830019532392
2929531160168
1555141625172
2654653252948
1486422148436
2925248448104
1551181940328
2650693568104
1826059847272
1465231149480
2564742777256
1482395354536
2581906982312
1757273261480
2856784889256
2860827412072
1830350555816
2929862183592
2908403337812
1756999583080
2856511210856
1550841152872
2650352780648
1825719059816
2925230687592
1744405400232
2633177369236
1482126133908
2581637761684
1550845610644
2650357238420
1825807338152
2925318965928
1757336373604
2856848001380
2568816757092
1486753433956
2586265061732
1761631340900
2861142968676
2843694664036
1538024606052
2637536233828
1551126366868
1825724303972
2925235931748
1482394569300
2581906197076
2856784104020
1551114046036
2650625673812
1465214700116
2564726327892
1740092607060
2839604234836
1757272476244
1465010162024
2564521789800
1808628254372
2908139882148
1482210739876
2581722367652
1757088646820
2856600274596
1550930216612
2650441844388
1825808123556
2860824267416
1464958585176
2564470212952
1739836492120
1482475047576
2581986675352
1757352954520
2856864582296
2856516716904
2650358286696
1825724565864
2925236193640
2633526545000
1482412394136
2581924021912
2908122385064
2568832289112
1465299306084
2564810933860
1740177213028
2839688840804
1469321971044
2568833598820
1744199877988
2843711505764
1482479175268
2581990803044
1486501840228
2586013468004
1469309127076
2568820754852
1744187034020
2843698661796
1486488996260
2586000624036
2637540231588
2929592961432
2912618416536
1808623340196
1482205825700
2581717453476
1465025956516
2564537584292
1469325052500
2568836680276
1830304418408
1830085593704
1469573302680
2637534923160
1757269068392
1486438664872
2654735829332
2585933776216
2860811683160
1469242279256
1555141625176
1830019532120
1830102108500
2568753907032
1469577562468
1744455469412
2569089190244
1550858127700
2650369755476
1825736034644
2925247662420
1830098111144
1555157288296
2654668916072
1761564297896
1465294391908
2564806019684
1740172298852
2839683926628
1482474261092
2581985888868
1534013868644
2633525496420
1551197603176
2650709230952
1826075510120
1744132442468
1486434404708
2585946032484
1761312311652
2860823939428
2843644070244
1830303697320
2929815325096
1757071934868
2856583562644
1482192915044
2581704542820
2929866376856
1757286106452
2856797734228
1486703166804
2586214794580
1761581073748
2861092701524
2633190999380
1808557278548
1550858193556
2650369821332
1537974338920
2637485966696
1812852245864
2912363873640
1555157354152
2654668981928
1830035261096
2929546888872
1469320922772
2568832550548
1744198829716
2843710457492
1486500791956
2586012419732
2650437650072
1534014653800
2633526281576
1808892560744
2908404188520
1551197669032
2650709296808
1826075575976
2925587203752
1465214700120
2564726327896
1740092607064
2839604234840
1533934176856
2633445804632
1808812083800
2908323711576
1482394569304
2581906197080
2633261975208
1808628254376
2908139882152
1482210739880
2581722367656
1757088646824
2856600274600
1550930216616
2650441844392
1825808123560
2860824266072
1469254862168
1482408199512
1757286106456
2856797734232
2929812178264
1533679371608
2633190999384
2633530739348
1808897018516
1465282594132
2564794221908
1740160501076
2839672128852
1830098110052
2929609737828
1465228069268
2564739697044
1740105976212
2839617603988
1533947546004
2633459173780
1808825452948
2908337080724
1761651329432
2861162957208
1486769227348
2586280855124
1555488704084
2655000331860
1469589358164
2569100985940
2633261189524
1808627468692
2908139096468
2586268011156
2861145918100
2929799334552
2586016614040
2860894520984
1465299306088
2564810933864
1469321971048
2860877416020
1469308012116
2568819639892
1744185919060
2843697546836
1761365788244
1469309127080
2568820754856
1744187034024
2843698661800
1538028603816
2637540231592
1812906510760
2912418138536
1486488996264
1744131394196
2860822891156
2843643021972
1486433356436
2585944984212
1812850870932
1482205825704
2581717453480
1757083732648
2856595360424
2654651876756
1551197866324
2650709494100
1826075773268
2925587401044
1482478389588
2581990017364
2586269255332
2861147162276
1744455665316
2843967293092
1830355011236
1813175142052
1744455469416
2843967097192
1538297039208
2637808666984
1813174946152
1551198979480
2650710607256
1486701791828
2586213419604
1469523297636
1757286106468
2856797734244
1761581073764
2569034925412
2581721385620
1757087664788
2856599292564
1482411280808
2581922908584
1757289187752
2856800815528
1744471197268
2843982825044
1465294391912
2564806019688
1740172298856
2839683926632
1534013868648
2633525496424
1808891775592
2908403403368
2586197690024
1482142844584
2581654472360
1757020751528
1744132703636
2856532379304
2581705655704
1757070821992
2856582449768
1464959894888
2564471522664
1739837801832
2839349429608
1808557278568
2908068906344
1482139764072
2581651391848
1808611478120
1465214372500
2908123105896
1465228331432
2564739959208
1740106238376
2839617866152
1469320922776
2568832550552
1744198829720
2843710457496
1538040399512
2637552027288
1812918306456
2912429934232
1486500791960
2586012419736
1761581075032
2861092702808
2839332587940
1533662529956
2633174157732
1550842399140
2650354026916
2925231933860
1808540436900
2908052064676
1482122922404
1555471664788
2654983292564
1830349571732
2929861199508
2654715905448
1830082184616
2929593812392
1761295796900
1465282594136
2564794221912
1740160501080
2839672128856
1534002070872
2633513698648
1464947312996
2564458940772
1739825219940
2839336847716
1465228069272
2564739697048
1740105976216
2839617603992
1533947546008
2633459173784
1808825452952
2908337080728
1744450226776
2655005574504
2912698369624
1555488704088
1469589358168
1486484998548
2585996626324
1761362905492
2860874533268
1482458466708
2581970094484
1469576514200
2860877416024
1469308012120
2568819639896
1744185919064
2843697546840
1486487881304
2585999509080
1469253487256
2568765115032
1744131394200
2843643021976
1812850870936
2912362498712
1486433356440
2585944984216
2925318965844
2925516950100
1739888069016
2839399696792
1482190031256
2581701659032
1486707100264
2586218728040
1555157092964
2654668720740
1830034999908
2929546627684
2637488851556
2637469123988
1482478389592
2581990017368
1757356296536
2856867924312
1551126301336
2650637929112
1826004208280
2925515836056
1469577758376
2569089386152
1744455665320
2843967293096
1538297235112
2637808862888
1813175142056
2912686769832
1551180825960
2637551700388
1812917979556
2912429607332
1761579698776
2861091326552
1555421268568
1830299175512
2912636439192
2929878239656
2654983490132
1830349769300
2929861397076
1761379681704
1555204475240
1533728589476
2633240217252
1808606496420
2908118124196
1486686324052
2586197951828
1761564230996
2861075858772
1551126628948
2650638256724
1550845282900
1555425789544
2654937417320
1830303696488
1482390309524
1761362643304
2654716168872
2929594075816
1757087663700
2856599291476
2839687857748
1464962778708
1808540240468
2908051868244
2650354026920
1825720306088
2925231933864
1757067938212
2856579565988
1555472910756
1486484998564
2585996626340
1761362905508
1830350817700
1812839401064
2912351028840
1469526115748
2569037743524
1744404022692
2843915650468
1486705984932
2586217612708
1761583891876
2861095519652
1538245592484
2637757220260
1482190095716
2581701723492
1465029887576
2564541515352
1555476907412
2654988535188
1465010162088
2564521789864
1739888069032
2839399696808
1551110833556
2650622461332
2856801928868
1482412394148
2581924021924
1808829908644
1486437550744
2585949178520
1761315457688
2860827085464
1825787218516
2925298846292
1465009965652
2564521593428
1739887872596
2839399500372
1533729442388
2633241070164
1533749627492
2633261255268
1808627534436
2908139162212
1739840948644
2839352576420
1744115926424
2843627554200
1537957496216
2637469123992
1812835403160
2912347030936
1486417888664
2585929516440
1469573302692
2569084930468
1744451209636
1486753171876
2586264799652
2861142706596
1761631078820
1761564034728
1813103642280
1469242279268
2568753907044
1486422148452
2585933776228
1761300055396
2860811683172
1537961756004
2637473383780
1830354027928
1551131543960
2650643171736
1826009450904
1757339518360
2925521078680
1550912719256
2650424347032
1825790626200
2925302253976
1550845610660
2650357238436
1534013539672
2929795335512
1538225931608
1469324854884
2568836482660
2586016351844
1550863107736
2650374735512
1825741014680
2929883417256
1537960380824
2637472008600
1538242775656
2839617865320
1830086575700
2929598203476
2856532182616
1464962778712
2564474406488
1808878930600
1486422082964
2585933710740
1761299989908
2860811617684
1482458203540
2581969831316
1757336110484
2856847738260
1551177680276
2650689308052
1465278334356
2564789962132
1740156241300
2839667869076
1465214700132
1740092607076
2839604234852
1533934176868
1808812083812
2908323711588
1482394569316
2581906197092
1465215486632
1486434731412
2585946359188
1761312638356
2860824266132
1464959894932
2564471522708
1739837801876
2839349429652
1826004273560
1469526115752
2569037743528
1551194458772
2650706086548
1826072365716
2925583993492
1538245592488
2637757220264
1537977156968
2637488784744
1812855063912
2912366691688
1555493619368
2655005247144
1830371526312
2929883154088
1533934110056
1469241230996
2568752858772
1744119137940
2843630765716
1464959894936
2564471522712
1739837801880
2839349429656
1740156242532
2839667870308
1808557278616
2908068906392
2654921360724
2929799267668
1757004760404
2856516388180
2908118123860
2843631486296
2654652925272
1486421820760
2585933448536
1537961428312
1486689535572
2586201163348
1469509666388
2569021294164
1744387573332
2843899201108
1761567442516
2861079070292
1538229143124
2637740770900
1808896755352
2843631813992
1537961756008
2637473383784
1812839662952
1555476907672
2912351290728
1486422148456
2585933776232
1761300055400
2568749450916
1486417888616
2585929516392
1465281808024
2564793435800
1740159714968
2655005574548
1830371853716
2929883481492
1555493946772
2839332390568
1555492833892
2655004461668
1830370740836
2929882368612
1533733635492
2633245263268
1808611542436
2912363873700
1551127676324
2650639304100
1826005583268
1555154208164
1761630095784
2581968849320
2654665835940
1830032115108
2929543742884
1550908262824
2650419890600
1825786169768
2861141723560
1744181791144
1482205562456
2581717190232
2856801600920
2839420667288
1744455730532
1739824105812
2839335733588
1538040399524
2637552027300
2654731896484
1482205824676
2581717452452
1757083731620
2856595359396
1465025955492
2564537583268
1739903862436
1469573301656
2569084929432
1744451208600
2637804406168
1761631077784
2861142705560
2654715053412
2637551699348
1469509667432
2569021295208
1538229144168
2637740771944
2912618678888
1812906445412
2912418073188
1486689536616
2586201164392
2861079071336
1538028538468
2637540166244
1761581073832
2861092701608
1555154208168
1830032115112
2929543742888
2925517211048
1555422643624
2654934271400
1830300550568
2929812178344
1469509600932
1808874931604
2908386559380
1757269001620
1740088084056
1551182202472
2633194932836
1808561212004
1744388293988
2843899921764
1486690256228
2586201884004
1761568163172
2861079790948
1555141297508
2654652925284
1830019204452
2929530832228
1550845282980
2650356910756
1825723189924
2925234817700
1486420773540
2585932401316
1761298680484
2860810308260
1537960381092
2637472008868
2843967096164
1744455468388
2929811917220
1744400943524
1486702905764
2586214533540
1761580812708
2912632048036
2843978827432
1739825154712
2839336782488
1464947247768
2564458875544
2860810634904
1555140576920
2654652204696
1813186741860
2912698369636
1830018483864
2929530111640
2633177368216
1808543647384
2908055275160
1465294390884
2564806018660
1740172297828
1486689207908
2856784103784
2586200835684
1761382828452
1533679043940
1761634290340
1486756383396
2586268011172
2861145918116
2637807618724
2912685525668
1469254534500
2568766162276
1812851918180
1740159453860
1482479437412
2856868972132
1744388293992
2843899921768
1486690256232
2586201884008
1761568163176
2861079790952
1830019204456
2929530832232
1465215419752
2564727047528
1482479437476
1550930478756
2650442106532
1825808385700
2925320013476
2581905869480
2856783776424
1740092279464
1830286592680
1533665413800
2633177041576
1808543320744
2908054948520
2925234817704
1464945937064
1550912390756
2650424018532
1825790297700
2925301925476
1813107836248
2912619464024
1482126132840
2581637760616
2925521405288
2637484591780
1812850870948
1808555903652
2908067531428
1550857865892
2650369493668
2925247400612
1464958519972
2581634287012
2581651065240
2564542564948
1739908844116
2839420471892
1469308274276
2568819902052
1744186181220
2843697808996
1465232460136
2564744087912
1740110367080
2839621994856
1825724238168
1465214699096
2564726326872
1740092606040
2839604233816
1757272475224
1538041448084
1482479437480
1757357344424
1550930478760
2650442106536
1825808385704
2925320013480
2637553075860
1469326100136
2568837727912
1538045576872
2912702499172
1826075773284
1744471394660
2843983022436
1486773356900
2586284984676
1761651263844
2861162891620
1469576776356
2569088404132
2568765377188
1744131656356
2843643284132
1830367659368
1808892758696
1465294064292
2564805692068
1740171971236
2839683599012
1761567114644
2861078742420
1551130560084
2650642187860
1761378437732
2860890065508
1826008467028
2925520094804
1826005321108
2925516948884
1482406824548
2581918452324
1757284731492
2856796359268
1538241399396
2637753027172
1813119306340
2912630934116
1482457483876
2581969111652
1757335390820
2856847018596
1826009450072
1555476908456
1761382827412
2860894455188
1469325051284
2568836679060
1744202958228
2843714586004
1538044528020
2637556155796
2912434062740
2654736024980
1744454420116
2843966047892
1744451536232
2650369821336
1825736100504
2925247728280
1486706313812
1550862387796
2650374015572
1464963041876
2564474669652
1739840948820
2839352576596
1551130823252
2650642451028
1550913504680
2650425132456
2586000623016
1469309126056
1744187033000
1812906509736
1486488995240
1469253486228
2568765114004
1761311262356
2860822890132
1537972962964
1808811755876
1761568425300
2861080053076
2929609803432
1550925301416
2650436929192
1465025955496
2564537583272
1739903862440
2839415490216
1533745432232
1808623339176
2908134966952
2856578516308
1534017996116
2633529623892
1482411346520
1757289253464
1830035262040
1808560425560
2908072053336
2856532445784
2856800881240
2929546889816
2654937418328
1830303697496
2908319515988
1482457483668
2581969111444
1757335390612
2856847018388
2929866442088
1761635337576
2861146965352
1744399828564
2843911456340
1538241398356
2637753026132
1813119305300
2912630933076
1486701790804
2586213418580
1761579697748
2861091325524
1486504724116
2586016351892
1465029887636
2564541515412
1739907794580
2839419422356
2633172912532
1486416644500
1808539191700
2908050819476
1482121677204
2581633304980
2585928272276
1761294551444
2637467879828
1812834158996
2856851211940
1740172297832
2839683925608
1808891774568
2908403402344
2908139096488
2925248447848
1826058799784
1830031787368
2925570427560
2843966048936
1469254534504
2568766162280
1537974011240
2637485639016
2912363545960
1830036245140
2929547872916
1469258992276
2568770620052
1486438861460
2585950489236
1533930702436
2633442330212
1757070820968
2856582448744
1550912390760
2650424018536
1825790297704
2925301925480
2860877416040
1465013044840
2564524672616
1739890951784
1464942070168
2564453697944
1739819977112
2839331604888
1830015339096
1761382631064
2586284787352
1744471197336
2843982825112
1486773159576
1533677996712
2633189624488
1486433356456
2585944984232
1761311263400
2860822891176
1812850870952
2912362498728
2839402842724
1482192913764
2581704541540
1757070820708
2856582448484
1740093392536
2839605020312
1482408200852
2581906982232
2929613932884
2650440796772
1813102594388
2912614222164
1465210243412
2564721871188
1740088150356
2839599778132
1533929720148
2633441347924
1808807627092
2908319254868
2856864777576
2929816046180
1830085593700
1550926087572
2650437715348
1825803994516
2925315622292
1464943052196
2564454679972
1739820959140
2839332586916
1808540435876
2908052063652
1482122921380
2581634549156
1469593487720
2569105115496
1744471394664
2843983022440
1538312964456
1813190871400
1486773356904
2581973043620
2569039055444
1538246904404
2637758532180
1486707296852
2586218924628
1761585203796
2861096831572
1486422084008
2585933711784
1464963041892
2564474669668
1739840948836
1533682518628
2633194146404
2908072053348
1482142911076
2581654538852
1486685079208
1830299175528
1813119306344
2912630934120
2581918452328
1757284731496
2856796359272
2654934009240
2912435112548
1469593290328
2569104918104
1533732849316
1744471197272
1533951674020
2843982825048
1486768899748
1744136898980
2843648526756
1757087860120
2856599487896
1550929429912
2929526703444
2650441057688
1825807336856
2925318964632
1744454420120
2843966047896
1555137168724
2654648796500
1830015075668
1465299306916
2564810934692
1740177213860
2839688841636
1482391356772
2581902984548
1757269263716
1551110833508
2650622461284
1825988740452
2925500368228
1555405800804
2654917428580
1830283707748
2860827413096
1486706313832
2586217941608
1761584220776
2861095848552
1482142911080
2581654538856
1757020818024
2856532445800
1550862387816
1469304145576
2654938139028
2929597221268
2568765114008
1537972962968
2637484590744
1812850869912
2912362497688
1830304418196
2929816045972
1555207686548
2654719314324
2585932466776
2839331277480
1550924974484
2650436602260
1825802881428
2925314509204
2843894942372
1486685276836
2586196904612
2581705918052
1757072197220
2856583824996
2637820134740
1813186413908
2912698041684
1538224884388
2856779647384
2856596145572
2568836482724
1469324854948
1744202761892
2843982825124
2843714389668
1486773159588
2586284787364
1761651066532
2861162694308
1538044331684
1538246968664
2843647280740
1761315522148
2860827149924
1812855129700
2912366757476
1830034998884
2929546626660
1465298519384
1826058995112
2564810147160
1740176426328
2839688054104
2925570622888
2650625345108
1533745431896
1538045577620
2637557205396
1812923484564
2912435112340
1740110170728
2581654473112
2650639304040
1464947313000
2564458940776
1739825219944
2839336847720
1469521921624
2569033549400
1486701790808
2586213418584
1761579697752
2861091325528
1533733833044
1469309323604
1744187230548
2568820951380
2843698858324
1538028800340
2637540428116
1812906707284
2912418335060
1486489192788
2586016351912
1761382631080
2860894258856
2860806179224
1761651066536
2861162694312
1812922238632
2912433866408
2564541515432
1739907794600
1464941808024
1464964024984
2564475652760
1482143894168
2581655521944
1537978469016
2637490096792
1486438861464
1761584154004
2861095781780
1486686389656
2586198017432
1482391161444
1486685276776
2586196904552
1761563183720
2861074811496
2581902789220
1757269068388
1469309323608
2568820951384
1744187230552
1486489192792
2637808863576
1813175142744
2912686770520
2929866639704
1469577759064
2569089386840
1555204278884
2654715906660
1538024409700
2637536037476
1812902316644
1533729442404
2633241070180
1808607349348
2908118977124
1469304932964
1538245855576
1538224883348
1813102790292
2912614418068
1830015011480
2929526639256
1538309883476
2654714791512
2925499124056
1465210243416
2564721871192
1740088150360
2839599778136
1533929720152
2633441347928
1808807627096
1469523297684
2569034925460
1744401204628
2843912832404
1482126853524
2581638481300
1757004760468
2856516388244
1482395288980
2581906916756
1757273195924
2856784823700
1555409733012
1550842398120
2925231932840
2568749647272
1551131806296
2650643434072
1469527427672
2569039055448
1538246904408
2637758532184
1813124811352
2912636439128
1761585203800
2861096831576
2843626310292
2912631981668
2912351226280
1761299727768
2860811355544
1825724237208
1465215419800
2564727047576
1740093326744
1555408684632
2637820396964
1482193176980
1486501774756
2586013402532
2581704804756
1550845282904
1555153880680
2654665508456
1830031787624
2569088337236
2650356910680
1551198653076
2650710280852
1739904911764
2839416539540
1808624388500
2908136016276
2929795335528
1826076560020
1740089394536
2650622461544
2839601022312
1740109382996
1482391356776
1812918307172
2912429934948
2839621010772
1465231476052
2564743103828
2581634352788
1757000631956
2856512259732
1482461612628
2585996428884
1761362708052
2860874335828
1465009964628
2564521592404
1739887871572
2839399499348
1533729441364
2633241069140
1808607348308
1830102305448
1551109786280
2569017035432
1744383314600
2843894942376
1538224884392
2637736512168
1813102791336
2912614419112
1469527229860
2569038857636
1808606300820
2839403891044
2929598204260
1538028800356
1812906707300
1469309323620
2568820951396
1744187230564
2843698858340
2637540428132
1469253748372
2568765376148
1744131655316
2843643283092
2633193817704
1469257746024
2568769373800
1537977222760
1812855129704
2912366757480
1761315522152
2860827149928
1469573301668
2569084929444
1486753170852
2586264798628
1761631077796
2861142705572
2581974025620
1551177680292
2650689308068
1826055587236
1465026676136
2564538303912
1739904583080
2839416210856
1761648183636
2861159811412
1469590407508
2569102035284
1830367660372
1538309884244
2637821512020
1813187791188
2912699418964
1826072693076
1830030804372
2929542432148
1482194225512
2581705853288
1808611740008
2908123367784
1469577759080
2569089386856
1550913702248
2581970093656
1830086314324
2929597942100
1469309061460
2568820689236
1538028538196
2637540165972
2843698596180
1744186968404
1486488930644
2586000558420
2633529362088
2843626308964
2860810634916
1482126132900
1757004039844
1469320858196
2568832485972
1465027003748
2564538631524
1465025890900
2564537518676
1739903797844
2839415425620
1533745367636
2633256995412
1538313815444
2929530832292
1538229863844
2637741491620
1813107770788
2912619398564
1551114765732
1761299727780
1537961428388
1482126853540
2581638481316
1482211002024
1469304932968
2568816560744
1744182839912
2843694467688
1538024409704
2637536037480
1812902316648
2912413944424
1486484802152
2564525787556
1739892066724
2839403694500
1465014159780
2843978564964
1808627534440
2908139162216
2637741491556
2637758269784
1486421820840
2585933448616
1465215419816
2564727047592
1740093326760
2839604954536
1533934896552
2633446524328
1555141297576
2654652925352
2839668132520
2581700610408
1757066889576
1761635273044
1551114045028
2650625672804
1465214699108
2564726326884
1533934175844
2633445803620
2586201163364
1482394568292
2581906196068
1761299990120
2860811617896
1486422083176
2585933710952
1538023359828
2637534987604
1812901266772
2912412894548
2581903051432
2908324431208
1744136899236
2633445803604
2861141656936
2843917026664
2586202213032
1813190609300
2912702237076
1486757366436
2839688841880
1482479176344
2581990804120
1757357083288
2856868711064
1761652050584
1469308078420
1486487947604
2585999575380
1761365854548
2860877482324
1550912457044
2650424084820
1825790363988
2925301991764
1465013111124
1533749627288
1534001219220
2633512846996
1808879126164
2908390753940
2654715905624
2650420938328
1825787217496
2925298845272
1808607348312
2908118976088
1482189833816
2581701461592
1757067740760
1465009964632
1830354815656
2581655325028
2564454418004
1739820697172
2839332324948
1812835141204
2912346768980
1469237757524
2568749385300
1744115664468
2843627292244
1486417626708
2581919828580
1757286107748
2856797735524
1813191919956
2912703547732
2856801928532
1757290300756
1555158402388
2654670030164
1830036309332
1486487947608
2585999575384
1761365854552
1744454420824
2929547937108
1550912457048
2650424084824
1825790363992
2925301991768
1465013111128
2912682313128
1486753170856
1482462397848
2586264798632
1739840948884
2839352576660
1808560425620
2908072053396
1482142911124
2581654538900
2861095848596
2856800881300
1551130823316
2650642451092
1551193475732
2929598007656
1551194786136
1555489753432
1550926088616
1825803995560
2569102035288
2843979942232
1538309884248
1813187791192
1486770276696
2650437716392
2925315623336
1757087663464
1555492636328
2655004264104
2929882171048
2929526638168
1469237757528
2568749385304
1744115664472
1761563969112
2861075596888
1812835141208
2912346768984
1740089132632
2839600760408
1550913440088
1825791347032
1555208407384
2654720035160
1830086314328
2929597942104
1469309061464
1744186968408
2843698596184
1555426837848
1830304744792
2564744152408
2839622059352
1555158402392
1830036309336
2654670030168
2929547937112
1486438925656
1533929720228
2633441348004
1739823908248
2839335536024
1808807627172
2908319254948
1830370543192
2856800881304
2860827413144
2908072053400
1482142911128
2581654538904
1757020818072
2856532445848
2929546889880
1761584220824
2637472335528
1812838614696
2912350242472
1830018483880
1464946263720
2564457891496
1739824170664
2839335798440
2929609738840
1465025890904
2564537518680
1739903797848
2839415425624
1533745367640
2633256995416
1808623274584
2908134902360
2925503514980
2586013468260
2586196970072
1486768899492
1757004761492
2856516389268
1482474194584
2581985822360
1757352101528
2856863729304
1469237037460
2564726326888
1740092606056
2839604233832
1533934175848
2633445803624
1808812082792
1465277352340
2564788980116
1740155259284
2839666887060
1469308078436
2568819706212
1744185985380
1486487947620
2585999575396
1761365854564
2860877482340
2843966048612
2650424084836
2908118911588
2637485966740
1486770210148
2586281837924
1761648117092
2861159744868
1739891279460
1826005321124
1465228068260
2564739696036
1740105975204
2839617602980
1808825451940
2908337079716
2925516948900
1757021537636
2856533165412
1538308573864
2637820201640
1813186480808
1757269067348
1757071083092
2856582710868
2856780695124
2654917166692
1482122659428
2581634287204
2568836679076
1744202958244
2843714586020
1757000566372
2856512194148
1482457220456
1550929429924
1757335127400
1825807336868
1744454420132
1469576513188
1555475859108
2929883481496
2586268993956
1761635273124
1757021865316
2856533493092
2912368067940
1808878930280
2908390558056
1830085331304
1761365854568
2860877482344
1757070887272
2856582515048
1740159453544
2839671081320
1761634290024
2856801667492
2581974353236
1537978272084
2637489899860
1469258009252
2568769637028
1744135916196
2843647543972
1550862387876
2650374015652
1551130823332
2650642451108
2925520358052
1486437878436
1740156569940
2839668197716
1465278662996
2564790290772
1830030739108
2929542366884
2843643020964
1469253486244
2568765114020
1744131393188
1761311262372
2860822890148
1465294128484
2569089451368
1744455730536
2843967358312
2564805756260
1740172035428
2839683663204
1469237757544
1482391094888
2581902722664
1757269001832
2856780629608
2637758596456
1813124875624
2912636503400
1550863435112
2650375062888
1740110431592
2839622059368
1469259056488
2568770684264
1482412393832
1812906445416
2912418073192
2929542432100
1533997024664
1826008730280
2925520358056
1761315785384
1465231477416
2564743105192
1533950954152
2633462581928
1830035262120
2929546889896
2581990016356
1808561212008
2908072839784
1757356295524
2856867923300
1465299569300
2564811197076
1740177476244
2839689104020
2925231999656
2843911456356
1486701790820
2586213418596
1761579697764
2861091325540
2929810802276
1555476055460
2654987683236
1830353962404
1756999584164
2856511211940
2581633304996
1464941808036
2564453435812
1482121677220
1551130822052
2650642449828
1826008728996
2925520356772
2861096830612
1757021801124
2856533428900
2925252905636
1464964024996
2564475652772
1739841931940
1555158338212
2843962115432
1464959568228
2564471196004
1538028800404
2637540428180
1812906707348
2912418335124
1555208669588
2654720297364
1830086576532
2929598204308
1469309323668
1744187230612
2843915650660
1538293106084
2637804733860
1812906445208
2912418072984
1813171013028
1469308274280
2568819902056
1744186181224
2654921427284
1555409799508
1830287706452
2929799334228
2843697809000
1550908262740
2650419890516
1825786169684
2925297797460
1825987496292
2925499124068
1465210243428
2564721871204
1533929720164
2633441347940
2908390491560
2861147162024
2654735763812
1469309323672
2568820951448
1469577759128
2569089386904
1744455666072
2843967293848
2839403891096
1533733833112
2633245460888
1808611740056
1538246904420
2637758532196
1813124811364
2912636439140
1555426773604
2861096831588
1469527427684
2569039055460
1744405334628
2912418400596
1813190609304
1482457483880
2581969111656
2908135688532
2654934009256
1830300288424
2568748402068
1537956251028
2633172911508
1808539190676
1555136120212
1744114681236
2860806178196
1830014027156
2929525654932
1555224397224
2654736025000
2912685524648
1551180891816
1830102304168
2929613931944
2586268010152
2861145917096
2925570426536
2908139095464
1469576513192
2569088140968
1550863369876
2650374997652
1825741276820
2925252904596
1464964023956
2564475651732
1739841930900
2839353558676
1533683500692
1469506258328
2569017886104
1744384165272
2843895793048
1808544695956
2843894680168
1761316571480
2637489899864
2585950292312
2912367806808
2650374801752
1825741080920
2925252708696
1464963828056
2564475455832
1739841735000
1808543320484
2908054948260
2843643020968
2637551962776
1812918241944
2912429869720
2637468075348
2843626505556
2912345982292
2654647944532
2929525851476
1469236970836
2568748598612
2585928467796
1761294746964
2860806374740
1555421596244
2654933224020
1555154209128
2654665836904
1830032116072
2929543743848
2581637434004
1830282462548
2929794090324
1469505209684
2569016837460
1813102593364
2912614221140
1551194524008
2650706151784
1826072430952
2925584058728
1533679306408
2633190934184
1808557213352
2908068841128
1482143893908
2581655521684
2585995380132
1761361659300
1825736100260
1482478388584
2581990016360
1757356295528
1482457483672
2654938400340
1830304679508
2929816307284
1533951936084
2633463563860
1808829843028
2908341470804
1551131805268
1465232459348
2564744087124
1830019533204
2929531160980
1757284796052
2856796423828
1486416840024
2585928467800
1761294746968
2860806374744
2581633500504
1756999779672
2856511407448
1464942003544
2564453631320
1739819910488
1465214436696
1808544631140
2908056258916
2564726064472
1740092343640
2839603971416
1538028800420
2637540428196
1812906707364
2912418335140
1555208669604
2654720297380
1830086576548
1486701790824
2586213418600
2654932895336
2654647749032
1830014028200
2929525655976
2586269058724
1486769161880
2843917026964
1761316768424
1550863370920
2860828396200
1469258992296
2568770620072
2843648527016
1537978469032
2637490096808
1812856375976
1757286041188
2929598204328
1555208669608
2654720297384
1469309323688
2568820951464
1538028800424
2637540428200
1486489192872
2586000820648
1469577759144
2637741820244
1551115094356
1757286106708
2856797734484
2650626722132
1825993001300
2925504629076
1486690584916
2586202212692
1482192913768
2581704541544
1808879127208
2908390754984
1486774405540
2586286033316
1761652312484
2861163940260
1808807823012
2908319450788
1469505472852
2569017100628
1744383379796
2650625345192
2843895007572
1555404556648
2654916184424
2929794091368
2633441347944
2908319254888
1482395355796
2581906983572
1757273262740
2856784890516
2569039055464
1761585203816
2860810570324
1486421035604
2585932663380
2925235079764
2856515603028
1482126068308
1464946199124
2564457826900
2581637696084
1533665675860
1469258008996
2568769636772
1465298323876
2564809951652
1740176230820
2839687858596
2650352780696
1825719059864
2925230687640
1469236774296
1464941807000
2564453434776
1739819713944
2839331341720
2568748402072
1744114681240
2633525168532
1761361856868
1555137168728
2908319450468
2569017034084
1761294746980
2856511407460
1550841349476
1825719256420
2925230884196
2860806374756
1830015075672
2929794286948
1482138716516
2581650344292
1757016623460
1465029887652
2564541515428
1739907794596
2839419422372
1757021800088
2856533427864
2569089451364
1757268281000
1534018783908
1808896690852
1808875981396
2908387609172
1486484998740
2585996626516
1533998074452
1465278597716
2564790225492
2925567478356
1757336373844
1555207686552
2654719314328
1830085593496
2929597221272
2912349914708
1550924974488
2650436602264
1550909310564
2650420938340
1825787217508
2925298845284
1482189833828
2581701461604
1533929915752
2925230884200
2925499319656
1761294746984
2856511407464
1830282659176
1465210439016
2564722066792
1761563182440
2654916380008
1465299634532
2564811262308
1740177541476
1469505209688
1744383116632
1830282462552
2569016837464
2843894744408
2929794090328
1551115028120
2650626655896
1825992935064
2925504562840
2581637498276
1826058799508
2925570427284
1761631341144
1761362905688
2860874533464
1533729639000
2633241266776
1482190031448
1757067938392
2564793435812
1830031001944
1551131805272
2650643433048
1757290235480
1826009712216
2925521339992
1533951936088
2633463563864
2856801863256
1482412328536
1808561472932
1825724565912
2925236193688
1469590407524
2569102035300
1744468314468
2843979942244
2908073100708
1464947313048
2564458940824
1813103576724
2912615204500
1757000566420
2856512194196
1469237757588
1830015010452
2929526638228
1469506193044
2569017820820
1744384099988
2650437912920
1825804192088
2925315819864
1550909506916
2650421134692
1825787413860
2925299041636
1486757365140
2586268992916
1761635272084
1830304744852
2929816372628
1482143958420
2925570427288
1550912457112
1825790364056
1739891018136
2839402645912
1533732587928
2633244215704
1808610494872
2564721804888
1555221055908
1830098962852
2929610590628
2929878960788
2861163677332
1469594273428
1812919354772
2912430982548
2586012355172
1761378634340
2860890262116
1555221317012
2654732944788
1757084779924
2856596407700
2908319451476
1555405538968
2654917166744
2843895727768
1538225669784
2637737297560
1813103576728
2912615204504
1486686062232
2586197690008
2633173894808
1533934962020
2856785152344
1555410061656
2654921689432
1830287968600
1551115094360
1825993001304
1555426837912
2654938465688
1486438925720
2585950553496
1469527491992
2569039119768
1744405398936
1739909105044
2839420732820
1469523297688
2581902788968
2569034925464
1744401204632
2908408646292
1761298745700
2925251856728
1537960643160
1551194785108
1826072692052
2650706412884
2637472270936
1812838550104
1538309883220
1555489752404
2925584319828
1465295439188
2564807066964
1482122659160
1740160502164
2839672129940
1482462464404
2581974092180
1757340371348
2856851999124
1761362905700
2860874533476
1550909508196
2650421135972
1825787415140
2925299042916
2650689571428
2925567478372
2839399696996
2586280789604
2856867661140
2839684711764
2568816494180
1551177747032
2650689374808
1826055653976
2925567281752
1761567115860
1825791346004
2650425066836
1555208406356
2654720034132
1533733569876
2633245197652
2564525720916
1486769161876
1830366612116
2929878239892
1469589359252
2569100987028
1744467266196
2843978893972
1761647135380
2861158763156
1538308835988
2637820463764
1469576709464
1486434404756
2585946032532
1761312311700
2860823939476
1757017344404
2856528972180
1830287903396
1486433356116
2585944983892
1761311263060
2860822890836
2650369493332
1825735772500
2925247400276
2650637928788
2929542367572
1482205759060
2581717386836
1757083666004
2856595293780
1555220203092
2654731830868
1830098110036
2929609737812
1538040333908
2637551961684
1482122725016
2581634352792
2908408318632
1555493620392
2843711506856
2564524673684
1739890952852
1757070887332
2856582515108
1465013111204
2564524738980
1739891018148
2839402645924
1533732587940
2633244215716
1550909508200
2650421135976
1469522184600
2569033812376
1482189833832
2581701461608
1757067740776
1550909310568
2650420938344
1825787217512
2925298845288
1469527229864
1486752187748
2586263815524
1761630094692
2861141722468
1551126301016
2650637928792
1826004207960
2925515835736
1555137103524
2654648731300
1830015010468
2929526638244
2856527923544
2650369493336
1744384100004
2650353764004
2586264798568
1813124875684
1537978533284
2637490161060
1812856440228
2912368068004
1830085331368
1533732587944
2633244215720
1808610494888
2908122122664
1550912457128
2650424084904
1825790364072
1533682452904
2860878793124
2929542432152
2581969110616
1757335389784
2856847017560
2861159811432
1469576448596
1486757628564
1761361922388
2860873550164
1555203492180
1830081399124
2929593026900
1761635535508
2861147163284
2586269256340
1482206546340
2581718174116
1830015010472
2929526638248
2843627292328
1744384100008
2637737297576
2912615204520
1757269001896
2856780629672
1482122659496
2581634287272
2839687793316
1744186968424
2843698596200
1555158402472
1555426837928
2654938465704
1830304744872
2929816372648
2860828460456
1757021865384
2856533493160
1744136963496
2843894679128
1830300550548
2908122319252
1482395616932
2637825443224
1813191722392
2912703350168
2569105901208
2925297796452
2839416538520
1533746480536
2839415425640
1533745367656
2633256995432
2633258108312
1808624387480
2908136015256
1808623274600
2908134902376
2843915651496
1830299437668
1830032115032
2586012354964
1486504987236
1465008917076
2564520544852
1739886824020
2839398451796
1533728393812
2633240021588
1761630095956
2861141723732
1812901268052
2912412895828
2637556156756
1469526444388
1538023359832
1812901266776
2637534987608
1551126301028
2650637928804
1826004207972
2925515835748
2843643021668
2564738582884
1533946431844
1813187790168
1551194785112
2633458059620
1555489752408
1830367659352
2650706412888
2925584319832
1465295439192
2564807066968
2568837532244
1469527427432
1740160502168
2839672129944
1808879978904
1482462464408
2581974092184
1757087926888
2637534987684
2908337342036
1533947807316
1551127676500
2650639304276
1744132769364
1486752189016
2586263816792
1761630095960
2861141723736
1555203230296
2654714858072
1538291796568
2637803424344
2912681331288
1550913439064
2650425066840
1482193962328
1761647135384
1744467266200
2843978893976
1813186742936
2912698370712
1486769228440
2586280856216
2861158763160
1555488705176
1830366612120
1555153881496
2654665509272
1757017344408
2856528972184
1550858914200
2650370541976
1825736821144
2925248448920
1464959568280
2564471196056
1826004207976
1551126301032
2650637928808
1465226955112
2564738582888
1740104862056
2839616489832
1533946431848
2633458059624
2908134901336
1538040333912
2637551961688
1812918240856
2633256994392
1555220203096
2654731830872
1830098110040
2929609737816
2912429868632
1757353151144
1744185920152
2843697547928
1538027489944
2637539117720
1812905396888
2912417024664
1465013045912
2564524673688
1739890952856
2839402580632
1551127676504
2650639304280
1550859241048
2860828199268
1825737147992
1465228330584
2856797734488
1482408199768
2581919827544
1757286106712
1757021604196
1537978272100
2637489899876
2908337015380
2856850949528
2650425330084
1825791609252
2925303237028
2581919828584
1757286107752
1482126854760
2581638482536
2856797735528
2912703547736
1538044593748
2637556221524
1812922500692
2912434128468
1533952001380
2633463629156
1808829908324
2908341536100
1465228003672
2564739631448
1740105910616
1551193475736
2650705103512
1826071382680
2925583010456
2633172845928
1830353701464
2929865329240
1744454355544
2843965983320
1830350620308
1534000958040
2633512585816
1808878864984
2908390492760
1538295925336
2856779842964
2843626505620
1469236970900
2568748598676
2633173108116
1808539387284
2908051015060
2925230884244
1464942003604
2564453631380
1808828795236
2839666887272
2655001119076
1830367398244
2929879026020
1486505772376
1761383679320
2586017400152
1757340632408
1482462725464
2581901739348
2856511210836
2925515900244
2650637993300
1757284795732
2856796423508
1486752450964
2586264078740
1761630357908
2861141985684
2929593812308
1550912457300
2650424085076
1533929719128
2633441346904
1808807626072
2908319253848
1482390111576
2581901739352
2564738647384
1740104926552
1555203230308
1813169703524
2912681331300
1551176698468
2650688326244
1538023361124
2581637499284
2581633500568
2856511407512
1550841349528
2650352977304
1825719256472
2925230884248
1482390308248
2581901936024
1757268215192
2856779842968
1464963827028
2843648329044
1486438663508
2585950291284
1469258794324
2568770422100
1761316570452
2860828198228
1744136701268
2925235078760
1537973028196
2637484655972
1812850935140
2912362562916
1465227019620
1465210242404
2564721870180
1740088149348
2839599777124
1555489753684
1538241464916
2637753092692
1813119371860
2912630999636
1739819713896
2839331341672
1808539190632
2908050818408
1482121676136
1551197668712
1465210242408
2564721870184
1812851984744
2912363612520
2912615204452
1825737148004
2925248775780
2912632309348
1744135654036
2843647281812
1812901268072
2912412895848
2654714858088
1486437616276
2585949244052
1761315523220
2860827150996
1538291796584
2637803424360
1830349572712
1744114944408
2843626572184
1469321905812
2568833533588
1744199812756
2843711440532
1761382566232
2586016287064
1469510452888
2569022080664
2633441609048
1482142647652
1482408199784
2581919827560
1757286106728
2856797734504
1555154208360
1808825714280
2908337342056
1551127676520
2650639304296
1537956251044
1482121676196
2581633303972
2581902788184
1812834157988
2912345785764
1555136120228
2654647748004
1830014027172
2929525654948
1482411084372
2581922712148
1538245659220
1469321709912
2568833337688
1744199616856
2843711244632
2856801667496
2585950488228
1808561407652
2908073035428
1537978468004
2637490095780
1812856374948
1464964023972
2564475651748
2839668197720
1825741080936
2908050818452
1482121676180
2856511210900
1464941806996
2564453434772
1739819713940
1808539190680
2908050818456
1756999583128
1761634289048
2861145916824
1538224686488
1808539387300
2650621412772
1465010226776
1825987691940
2925499319716
2908051015076
1482121872804
2564521854552
1739888133720
2839399761496
2633173109352
1808539388520
2908051016296
1744387246744
2568837465764
1555404555620
2654916183396
1830282462564
1757268018532
2856779646308
2843715372708
2843898874520
2929794090340
1813102593380
1482458466964
2581970094740
1482473997732
1550841152932
2650352780708
1808539190692
2908050818468
2564457629092
2912412894628
2929879222952
1757352888676
2856864516452
1486768899416
1555488441768
2655000069544
1830366348712
2929877976488
2581633303976
2860827149736
1551130559912
2650642187688
2860878792292
1551113783908
1757290235492
2856801863268
1482390308264
2581901936040
1757268215208
2856779842984
1551109785000
2650621412776
1825987691944
1825719256488
2925230884264
1812839664036
2912351291812
1555141626276
2654653254052
1482209757524
1550908458644
2650420086420
1825786365588
2925297993364
1739888069272
2839399697048
1533729639064
2633241266840
1808607546008
2908119173784
1482190031512
2581701659288
2564790225560
2581970094744
1744387574356
2843899202132
2861158697640
2843895990680
1813103839640
2912615467416
1486686325144
2586197952920
1761564232088
2861075859864
2843648329048
1812856178008
1486438663512
2912367805784
1555409799512
2654921427288
1830287706456
1533933913748
2633445541524
2568815512228
2929799596388
1813108099428
1744388622692
1486690584932
2586202212708
2843900250468
1486504987028
1825786169688
2925297797464
2581654276760
1757020555928
2856532183704
1550862125720
1555221318292
2654732946068
1830099225236
2929610853012
1757087926680
1739909039524
1538028865880
1812906772824
1761300055444
2860811683220
1744119073380
2843630701156
2860810570340
1486421035620
2585932663396
1537961756052
2637473383828
1464947312020
1550845545060
2650357172836
1538044331368
2637555959144
2637825640868
2650424018596
1825790297764
2925301925540
2633446852180
1808813131348
2908324759124
1808879191400
1534001284456
2633189885288
1808556164456
2908067792232
1744114681256
2586269320856
2843626309032
1537956251048
2637467878824
2912345785768
1551194719912
1826072626856
2650706347688
2925521078948
1830354028180
2564742842968
1740109122136
2839620749912
1533950691928
2633462319704
1808828598872
2908340226648
1808543385176
2839353558696
1533683500712
2633195128488
1808561407656
2908073035432
1555158337192
2654669964968
1830036244136
2929547871912
1550863369896
2637804669604
1813170948772
2912682576548
2581701659300
1757067938468
1550909508260
2650421136036
1482458466980
2581970094756
2633177041320
1808543320488
2908054948264
2650626721108
1825993000276
2925504628052
1757273523540
2856785151316
1551115093332
1482395616596
2581907244372
1465215747412
2564727375188
2650692781476
2633530672548
2654735828388
2568765114772
1482406824340
2581918452116
1757284731284
2856796359060
2843643021716
2908335966612
2650637928852
1826004208020
2925515835796
2585929320084
1761295599252
2860807227028
2856516650404
1757268018536
2856779646312
1551109588328
2650621216104
1825987495272
2925499123048
1469505209704
2569016837480
1744383116648
2843894744424
2929798548116
1486689536660
2586201164436
2861141657240
1465010162344
2843963099816
1825787415208
1533998074536
1808875981480
2908387609256
1533729639080
2633241266856
2912366692948
1465232459368
2564744087144
1740110366312
1555140511316
1830018418260
2929530046036
2908323646036
1533934111316
2633445739092
1533666724200
2581638810024
1757005089192
2856516716968
2633178351976
1808544631144
2908056258920
1550846658984
2650358286760
1825724565928
1757284731288
2856796359064
1761579698584
2861091326360
1551126301080
2650637928856
2908122121560
2843978565268
1761630357076
2861141984852
1486752450132
2586264077908
1757273196888
1761362969960
2860874597736
2581637498452
1757003777620
2856515405396
2637825377956
2912703284900
1486501840292
2586013468068
1538041447844
2637553075620
2912430982564
2650710279844
1533666790056
2633178417832
1808544697000
2908056324776
2929815063144
1486416579220
2585928206996
2843900250472
1813108099432
2912619727208
1486690584936
2586202212712
1761568491880
2861080119656
2912417352356
1744383379800
1486504986276
2586016614052
1761382893220
2860894520996
2839403891032
2843967031956
1744183100760
1550846657944
2650358285720
2843630701160
1486421035624
2585932663400
1761298942568
2860810570344
2861159810404
2569102034276
1538309883236
2843979941220
1551194785124
1740110170772
1739887871316
2839399499092
1533729441108
2633241068884
2843962901844
2586269059492
1761635338660
1825787217236
2925298845012
2581924022676
1465298323880
2564809951656
1740176230824
2839687858600
1469572319892
2569083947668
1486752189076
2586263816852
1761630096020
1812901268116
2912412895892
1739886824084
1555203230356
2654714858132
2564458613080
1825791346020
2912418071908
2925302973796
1486756382308
1761634289252
2586268010084
2586284788312
2861145917028
2861162695256
2655000332964
1830366612132
2929878239908
1744467266212
2843978893988
1538308836004
2637820463780
1813186742948
2912698370724
1826071644836
1469254535588
1757284731300
2856796359076
2843644070308
1486434404772
2585946032548
1464958519716
2564470147492
1739836426660
2654937155156
2929815062100
2650436863588
1825803142756
2925314770532
1538040333924
2637551961700
1812918240868
1744181790296
1464941807192
1551176697432
2650688325208
1538291795544
1761579763288
1808828597848
2908340225624
1469304931672
1482192915108
2581704542884
2650420938072
1825787217240
2925298845016
2908122057380
1538027489956
2637539117732
1744404023972
1757286106772
2856797734548
1464959895188
2564471522964
1739837802132
1761361660568
2860873288344
1486752189080
2586263816856
1830081137304
2929592765080
1808874736280
1469303884440
2568815512216
1744181791384
2925504628056
1465215747416
2564727375192
1482395616600
1757273523544
2856785151320
2586284721572
1469594273380
2569105901156
1464941808212
2564453435988
1739819715156
2839331342932
2929542432356
2860822955620
1482390111844
2581901739620
1757268018788
2856779646564
1464941807204
2564453434980
1739819714148
2839331341924
1482406824360
2581918452136
1757284731304
2856796359080
1550857865640
1482138388904
2581650016680
1551126301096
2925314573972
2912635192936
1555152897640
2654664525416
2908319254120
1739819714152
2839331341928
1469509667480
2569021295256
1744387574424
2843899202200
1538229144216
2637740771992
1813107051160
2912618678936
1486702840164
2586214467940
1761580747108
2861092374884
1465228003684
2564739631460
1740105910628
1533947480420
2633459108196
1757017671320
2856529299096
1465228330648
2564739958424
1740106237592
2839617865368
1482126067288
2581637695064
1757003974232
2856515602008
1464946984532
1739824891476
1825992672852
2925504300628
1555140511320
1550925302104
1469510387284
2569022015060
1761568163412
2861079791188
1826059847060
2925571474836
1830354814356
1761581075044
1486703168100
2586214795876
2861092702820
1761299728996
1555475794532
2654987422308
1465009178980
2581654472280
1555488443028
2655000070804
1830366349972
2929877977748
1534013867668
2633525495444
1538308834964
2637820462740
1813186741908
2912698369684
1757017343380
2856528971156
1469254534548
1537974011284
1830031787412
2929543415188
1812851918228
2912363546004
1486434403732
2585946031508
1555489426072
2655001053848
1830367333016
2929878960792
1757273196120
2856784823896
1825992672856
1551127414436
2650639042212
1469594273172
2569105900948
1551198652072
2650710279848
1739904910760
1761365788308
2839416538536
1533746480552
2633258108328
2860877416084
1538041447848
2856582448788
2569084930664
1744451209832
2843962837608
1486757692756
2586269320532
1761635599700
2861147227476
2839353625236
1538225670568
2581985625748
1464941807252
2564453435028
1739819714196
1533661283988
2633172911764
1825740031636
1555204277604
2654715905380
1830082184548
2929593812324
1482458269028
2581969896804
1533729441124
2633241068900
2908118975844
2633172911768
1808539190936
2908050818712
1482121676440
2908323448472
1761579763352
1555203230372
1469572319908
2569083947684
1486752189092
2586263816868
1761630096036
2861141723812
1812901268132
2929879288404
1555208407636
2654720035412
1533746480804
1808624387748
2908136015524
1486773356948
1757285778772
2856797406548
1830300222804
2929811850580
1761580746068
2861092373844
1533947479380
2633459107156
1808825386324
2908337014100
1825741081172
2925252708948
1550929233572
2650440861348
1830102107812
2929613735588
2581721384612
1465281545892
2564793173668
1740159452836
2839671080612
1486756316756
1761634223700
1486770275688
2586281903464
1761648182632
2856864843112
1538309883240
1826058733140
1555157092008
2654668719784
1465231214248
2564742842024
1740109121192
2839620748968
1533933913768
2633445541544
1757336175976
2856847803752
1482189833576
1486701791892
2586213419668
1761579698836
2861091326612
2581701461352
1826004208276
2925515836052
1465226955412
2581919827620
1757286106788
2856797734564
1464959895204
2564471522980
1761361660584
1486752189096
1761630096040
2929592765096
2839403627880
2908123104616
1830287903400
1555409996456
2654921624232
2929799531176
1744467266216
2843978893992
1813186742952
2586280856232
2861158763176
2929529783700
1482139437480
2581651065256
1757017344424
1550858914216
2650370541992
1825736821160
2654665509288
1825803142760
1469320857192
2568832484968
1538040333928
2637551961704
1486500726376
2586012354152
1761378633320
2860890261096
2843697547944
1739890952872
2839402580648
2633244150440
1808610429608
2912636439204
1757017671336
2856529299112
1551127676584
1486434731688
2585946359464
1486686127700
1486488143444
2585999771220
1761366050388
2860877678164
2856784823908
1482395289188
2650626393700
1825992672868
2925504300644
1482412329304
2581923957080
1757290236248
2856801864024
2861141722472
1482142910036
2581654537812
1486756645524
1830300223848
2581633239380
1756999518548
2856511146324
2633526282580
2929811851624
1465228003688
2564739631464
1830013962580
1537956186452
2637467814228
1825991886500
1757351840404
2856863468180
1486757628568
2586269256344
1761635535512
2861147163288
1469305194068
1482395289192
2581906916968
1757273196136
2856784823912
1551114765928
1825992672872
1534000958056
2633512585832
2585995643240
1808878865000
2908390492776
1538023623016
2637535250792
2912413157736
1551180827240
2650692455016
2568749714004
1744115993172
2843627620948
1825720371796
2925231999572
1464943118932
2564454746708
1757000895060
2929795074392
1761647134360
2861158762136
1830366611096
2929878238872
1465294390936
2564806018712
1740172297880
2839683925656
1534013867672
2633525495448
1469594536596
2569106164372
1744472443540
2843984071316
1469254534552
2568766162328
1744132441496
2843644069272
1537974011288
2637485639064
1812851918232
2912363546008
1486434403736
2585946031512
1486485063060
1761564232100
2586197952932
1538027488920
2637539116696
2912417023640
1830015076008
2929596892824
1808610428568
2908122056344
1761651328612
2861162956388
2929547674980
1739841733988
2839353361764
1744136701284
2843648329060
2860828198244
2586286032488
2650370803348
1486437550756
1761315457700
2860827085476
1825737082516
2925248710292
2581654276772
1757020555940
2856532183716
2843895793000
2586284984728
1761580746072
2861092373848
2650643432868
1469526444392
2569038072168
1744404351336
2843915979112
1813123828068
1812834355604
2912345983380
1830015011172
2568820754020
1744187033188
2843698660964
1551180826200
1826058733144
2654715118936
2929593025880
1825786430808
1550908523864
1808878863960
2908390491736
1464943052388
2564454680164
1739820959332
2839332587108
2860823152996
2856863467876
1465226955416
2564738583192
1740104862360
2839616490136
1533946432152
2633458059928
1808824339096
2908335966872
1482406824600
2581918452376
2581919499924
2633178416792
1808544695960
2908056323736
1486438861412
2585950489188
1761316768356
2860828396132
2925566166376
2908340226660
2650642188900
1757269263764
2856780891540
1533930964372
2633442592148
1486774404504
1740089394580
2839601022356
1482475244200
1757003778664
1555489687204
2655001314980
1830367594148
2929879221924
1761298746004
1555136382632
2654648010408
1830014289576
1744187032980
2843698660756
1744185920100
2843697547876
1464962778772
2564474406548
1533952001384
2633463629160
1808829908328
2908341536104
1744135653012
2843647280788
2564743891304
1808811820692
1537956186456
1555136055640
1830013962584
2654647683416
2929525590360
1812834093400
2568748337496
2839617538708
1486689469780
2586201097556
1812838548820
1555408946516
2654920574292
1830286853460
2929798481236
2912632244648
2564475390568
1739841669736
2839353297512
1812851197604
2912362825380
1538246642020
2581634615896
1757000895064
2856512522840
1550842464856
1464943118936
2564454746712
1739821025880
1486417955416
2585929583192
1761295862360
1534013605540
2633525233316
1486689469784
2637472269656
1812838548824
2912350176600
2586201097560
1555408946520
1486706050644
2586217678420
1761583957588
1555425527380
1482125871512
1757003778456
2650622462376
1825988741544
2925500369320
1486702839448
2586214467224
1761564232104
1486686325160
2586197952936
2564739892564
1469308012948
2568819640724
1825741079912
2925252707688
2654715906708
1469304933012
1744136701288
2843648329064
1538241464920
1813119371864
2912630999640
1538224686692
2637736314468
1813102593636
2912614221412
2908067530132
1739840686484
2839352314260
2633245197924
1808611477092
2908123104868
1533733570148
1761568164180
2861079791956
2908055997028
1537977223848
2637488851624
1812855130792
2564474407592
1555137431892
2654649059668
1830015338836
2929526966612
2908320565588
1486417955156
1830283774292
2929795402068
1555405867348
2654917495124
2637473385124
1812839664292
2912351292068
2929795402340
1533679045284
2633190673060
2654917495396
1482142647656
2581654275432
1757020554600
2856532182376
1469242279332
2568753907108
1744120186276
2843631814052
1486422148516
2585933776292
1761300055460
2860811683236
2860891310420
2637553011028
1812919290196
2912430917972
1555472714324
2654984342100
1830350621268
2929862249044
1482206808404
2581718436180
1469573368404
2569084996180
1486756383144
1761634290088
2908391540120
2861145917864
1826054802024
2925566429800
2912347097432
2929795402072
2654649059672
1757269330264
1555137431896
1813103905112
1537957562712
2637469190488
1812835469656
1740089461080
1757066693268
2856578321044
1482188786324
2581700414100
1486487946920
2585999574696
1538224686484
2637736314260
1538245659240
2637757287016
1555405800856
2654917428632
1830283707800
2929795335576
1555425528424
2839601022360
1808808871320
1830098110808
1555472713108
2654984340884
1830350620052
2929862247828
1486484800916
2585996428692
1757067740564
2856579368340
1482458269076
2581969896852
1825991886180
2568752792932
1744119072100
2843630699876
1486421034340
2585932662116
1555140511076
1533682451864
2633194079640
1808560358808
2908071986584
1555220268436
2586202211684
1761568490852
2861080118628
2925504628068
1533935224164
2633446851940
1482395616612
1486757693800
1469309323860
2568820951636
1761367099988
2860878727764
1830086576724
2929598204500
1744187230804
1744135653016
2843647280792
1739836688036
1757068003924
2856579631700
1555472713112
2654984340888
1830350620056
1825787217304
2650420938136
2925298845080
1757336176024
2856847803800
1550909310360
1551177745816
1469509667492
2585932662120
1761298941288
2860810569064
1464946197864
1469241165160
2568752792936
1744119072104
2843630699880
1537960641896
2929531159976
2568766163624
1812838549092
2912350176868
1830018418276
2929530046052
1744119072356
2843630700132
1826060044888
2925571672664
1486489193048
2586000820824
1761367099992
2860878727768
1761635535448
2861147163224
1469309323864
2568820951640
2908122384036
2908341208740
2929547938148
1757288990296
1482411083352
1813123565144
2912635192920
1555425527384
2929815062104
1830303434328
2654937155160
2843915716184
1740093326996
2839604954772
1533666461332
2633178089108
1537957562724
2912347097444
1533745366676
2633256994452
1808623273620
2908134901396
1830099159384
2843694467736
1761362709144
1464947247780
1486707099028
2586218726804
2637753353816
1482205562260
2581717190036
1757083469204
2856595096980
1482194029156
2581705656932
1757071936100
2856583563876
2912614418772
1555409733272
2654921361048
1757273196184
2856784823960
1757269330280
1825720371560
2861079070356
1740092606100
2839604233876
1533934175892
2633445803668
2856784103060
2569034664548
2843714587236
2585933776296
2839336846760
1533666788776
1808544695720
2908056323496
2581969896868
1757336176036
2856847803812
1486753236388
2586264864164
1761631143332
2861142771108
1757067740580
2856579368356
2654984340900
1482458270296
2581969898072
1757336177240
1744183102056
2843694729832
2908324759128
1486416643412
2585928271188
1761294550356
2860806178132
2843917026916
2929882106452
1465282792036
2564794419812
1469577759332
2569089387108
1538297236068
2637808863844
1555477105252
2654988733028
1830355012196
2929866639972
2654988536232
1482411017816
1551177745832
1826055652776
1555472713128
2654984340904
1482458269096
2581969896872
1757336176040
1551131543140
1555404818024
2654916445800
1830282724968
2929794352744
2925319031384
2650643170916
1469254534484
2568766162260
1744132441428
2843644069204
2908340160852
2843647215956
1761315457364
1469526116692
2569037744468
2843915651412
2585949178196
2860827085140
1830034934100
1486437550420
2925303236200
2637741819240
1482394502804
2581906130580
1757272409748
2856784037524
2856600536740
1551182137960
2843967294056
1486757628520
2586269256296
1761635535464
2861147163240
1555208669800
2843714587028
1538241726052
1813119632996
2912631260772
2637472007780
1812838286948
1825991953064
2650625673896
2925503580840
1550859176616
2650370804392
2908323646040
2637754336872
1469257681240
2929546561880
2564727047844
1740093327012
2839604954788
2650357958308
2925235865252
1739824105064
2839335732840
1533665674856
2633177302632
1808543581800
1825723450984
2637740509860
1757340370340
2856851998116
1538297038244
2637808666020
1813174945188
2912686572964
1555476907428
1830354814372
1538229865128
1813107772072
2912619399848
2650638191204
1761630357080
2861141984856
1744467265188
2843978892964
1486769227428
2586280855204
1761647134372
2861158762148
1551193736868
2650705364644
1826071643812
2925583271588
1739837474212
2839349101988
2856528971172
1533679044004
2633190671780
1808556950948
1812851918244
1830031787428
2929543415204
1469254534564
2856515405400
1464946984616
2564458612392
1739824891560
1555409733288
1830287640232
2654921361064
2586196706984
2929799268008
2568815773352
2843697546916
1486487881380
2585999509156
1761365788324
2860877416100
1482192914084
2581704541860
1757070821028
2856582448804
1550912390820
2585928207000
1826060109416
1825737082472
1761382894164
2860894521940
1550929496660
2650441124436
1482210019924
2839621732696
2581721647700
1757087926868
2856599554644
2637753353620
2637472007572
1538241725844
1538230192740
2637741820516
1465281808036
1533750609300
2633262237076
1533947480676
2633459108452
1761365853528
1465214699160
2564726326936
1740092606104
2839604233880
2908323710616
1555409012376
2654920640152
2650352715092
1825718994260
2925230622036
2581919499620
1808825386340
2908337014116
1555422315876
2654933943652
1830300222820
2929811850596
1469522969956
2843967031960
1740110170776
1469509600936
2569021228712
1744387507880
2843899135656
2839621798552
1830353766996
2929865394772
1465013111380
1739891018324
2839402646100
1482192980564
2908118189412
1551180826212
2650692453988
1826058733156
2925570360932
1830081398116
1555475793508
2586213419684
1761579698852
1551126301348
2650637929124
1826004208292
2925515836068
2839616490148
1757336111704
1482406824612
2581918452388
1551130495332
1826008402276
2925520030052
1469257681252
2568769309028
1744135588196
2843647215972
1551110572440
2650622200216
1538044528980
2856851999128
2856779843176
2856512193956
2908391540052
1534002005332
2633513633108
1808879912276
2568770684500
2929816372820
1761316832852
2860828460628
1555158402644
1465013111384
2564524739160
1739891018328
2839402646104
1533732588120
2633244215896
1808610495064
2908122122840
1482192980568
2581704608344
2925570688676
2925247661732
1533947480468
2633459108244
1740105123428
1744472180328
1464941808216
2564453435992
1739819715160
2839331342936
2843983808104
1551130495336
2650642123112
2654937090408
1469257681256
2568769309032
1744135588200
1537977157992
2637488785768
1812855064936
1469526116712
1550926023060
2650622527828
1486438925912
1761316832856
1551126365540
2650637993316
1826004272484
2925515900260
1537978533464
2637490161240
1812856440408
2912368068184
2654921688424
1486773355924
2586284983700
1761651262868
2861162890644
1551197865364
2650709493140
1826075772308
2925587400084
2908050753892
1469236709732
1744114616676
2843626244452
1537956186468
2637467814244
1812834093412
2912345721188
1757340370344
2856851998120
1826059847080
2925571474856
2843967096232
2908335965844
1538241398420
1555421267604
2654932895380
1744115993188
2843627620964
1757000895076
2856512522852
1551181153700
1469593290132
2569104917908
1761647134376
2861158762152
1465294390952
2564806018728
1740172297896
2839683925672
1808891774632
2908403402408
1825991886228
2925503514004
1551113979284
1486421034388
2585932662164
1761298941332
2860810569108
1812838548884
2912350176660
1830018418068
1469254534568
2568766162344
1744132441512
1464959567272
2585945310548
2581704541864
1757070821032
2856582448808
1550912390824
2650424018600
1825790297768
2925301925544
1482473997652
2581985625428
2586269320536
1761382894168
2860894521944
1808627534424
2908139162200
1482210019928
2581721647704
2856599554648
1550929496664
2650441124440
1825807403608
2650643171988
2569088141924
1744454421092
2843966048868
1538295990884
2637807618660
1813173897828
2912685525604
1555475860068
1830353767012
2929865394788
1486420838804
2585932466580
1761298745748
2860810373524
2637741820504
1808812017048
1551113979288
2650625607064
1825991886232
2925503514008
1464946197912
2564457825688
1739824104856
2839335732632
1538224687508
2637736315284
1813102594452
2912614222228
1761562986900
1825987496340
2925499124116
1486703167896
2586214795672
1465210243476
2860811356568
1761581074840
2861092702616
1808812018260
2564471458216
1469594600788
2569106228564
1744472507732
1469593487784
2856797406568
1533947479400
2633459107176
1486416577876
2585928205652
1761294484820
1808825386344
2908337014120
1826005255528
2925516883304
2633463564948
1808829844116
1482412329620
2581923957396
2908341471892
1538246904468
2637758532244
1813124811412
2912636439188
1555426773652
1808829908580
2908341536356
2650643498596
1826009777764
2925521405540
2843966048872
1538295990888
2637807618664
1808878930536
1830353767016
2929865394792
1757066954088
2925298058600
1830085331560
2637807552104
1550908523880
1825786430824
1469238085204
2568749712980
1537957561940
2912630934184
1740104862376
2839616490152
1533946432168
2633458059944
1808824339112
2908335966888
1830299175592
2929810803368
1465215682964
2564727310740
1740093589908
2839605217684
2581903051156
1486686390676
1830015338900
2929526966676
2654917495188
2929795402132
1464943118740
2564454746516
1825720371604
2925231999380
1757286107796
2925318703716
2581651065172
2856528972116
2585995642260
1550863435368
2650375063144
1825741342312
2925252970088
1551131870824
2650643498600
1826009777768
2925521405544
2861075858852
1486438925928
1740089394596
1830350882196
2929862509972
1555471862372
2654983490148
1486686127704
2586197755480
1761564034648
1482395551080
2581907178856
1757273458024
1464943118744
2564454746520
1739821025688
2839332653464
1808540502424
2908052130200
1555405867416
2654917495192
1830283774360
2929795402136
1555493685864
2655005313640
1551126628964
2650638256740
1826004535908
1482142910040
2581654537816
1486707100072
1761585007016
2586218727848
2861096634792
1808610756260
1808829580964
1761646806692
1537977222820
2637488850596
1812855129764
2568769373860
2843647280804
1482478388632
1555492832664
1830370739608
1757356295576
2856867923352
2655004460440
1537977419156
1812855326100
2912366953876
1550845543844
2650357171620
1825723450788
1464941742440
2564453370216
1739819649384
2839331277160
1825991886244
2925503514020
2925235078564
1469236709736
2568748337512
1469305194072
2568816821848
1744183101016
1534017734036
2633529361812
2637468076648
1812834355816
2912345983592
1757284730520
2856796358296
2929810802328
1469521921688
2569033549464
2908052130408
2581634615912
1808880175764
2908391803540
1551182138004
2650693765780
1826060044948
2925571672724
1744187230868
1551181153620
2650692781396
1826059060564
1825736033620
2637820201304
2654983489940
1830349769108
2929861396884
1464946197928
2564457825704
1469241165224
2568752793000
1744119072168
2843630699944
2861079004584
1486689469864
1482411083364
2581922711140
1830303434340
2929815062116
1469526181476
2569037809252
1744404088420
2654988535204
2650638256532
1826004535700
2925516163476
2650425330328
1825791609496
2925303237272
1761367100056
2860878727832
2568820951704
1486489193112
2586000820888
1538297236120
2637808863896
2856532380056
1534019044692
2633530672468
1808896951636
2908408579412
2839399500452
1482189834916
1533729442468
2633241070244
1808607349412
2908118977188
2843694467748
2569037809236
2633262302628
1465210243480
2564721871256
1740088150424
2839599778200
1533929720216
2633441347992
1808807627160
2908319254936
1555404556696
2654916184472
2843693615704
2564723181988
1740089461156
2654649059748
1830015338916
2929526966692
1486417955236
2585929583012
1761295862180
2860807489956
2839332653476
2843698660968
1744114615640
2843626243416
1486416577880
2908050752856
1482121610584
1813106787988
2912618415764
2581923957400
2908341471896
2581633238360
1469527427736
2569039055512
1538246904472
2637758532248
1555488638308
2655000266084
2908408645268
1538230125924
1537957561944
2637469189720
1812835468888
2912347096664
2843627619928
1486501512596
2586013140372
1469321906532
2568833534308
1761631144548
1533997877860
2633509505636
2839667935844
1744199813476
2843711441252
1482458270308
2581969898084
1757336177252
2856847805028
1486437878372
2585949506148
2637469190568
1812835469736
2912347097512
1744383313492
1812834354772
2912345982548
1739819910740
2912615532968
2564453631572
2839331538516
1533661480532
2633173108308
2654987422116
1482478193252
1761316768360
2581989821028
1757356100196
1826008467876
2925520095652
1482479176296
2581990804072
1757357083240
2856868711016
1757269263784
2856780891560
1830102043288
2929613671064
1813174158696
2568816559764
1744182838932
2843694466708
1486484801172
2585996428948
2908118976148
2650420938388
1465009964692
1533728654932
2633240282708
1482121872984
2581633500760
1756999779928
2856511407704
2585928468056
1761294747224
2860806375000
1464942003800
2633173108312
1739819976084
2839331603860
1486422083928
2581638744408
1757005023576
2856516651352
1830019467608
2856852196004
2925303237284
1808880175780
2908391803556
1551182138020
2650693765796
1826060044964
2925571672740
2568820951716
1744187230884
1486437615272
2585949243048
2839349364324
1533750610344
2633262238120
1808628517288
1533998140056
2633509767832
1808876047000
2908387674776
1486437878164
2585949505940
2581986937236
2856864844180
1538309884308
2637821512084
1813187791252
2912699419028
1555489753492
2655001381268
1551130495380
1826008402324
2650642123156
2925520030100
1469257681300
2568769309076
1744135588244
2843647216020
1537977158036
2637488785812
1534013605544
1757356099988
2856867727764
2633525233320
1761299989924
2860811617700
1830031002196
1757339519572
1482206807380
2581718435156
1808875783764
2908387411540
1538292844116
2581974289064
1757340568232
2856852196008
2650425330344
1825791609512
2925303237288
1469573367380
2633245198740
1812906445204
1555208407444
2654720035220
1830086314388
2929597942164
1465026741588
2564538369364
2581922907560
1757289186728
2856800814504
1550846593444
2908071724648
1537961691496
2637473319272
1469320858260
2568832486036
1744198765204
2843710392980
2586012355220
1465025890964
2564537518740
1739903797908
2650642123160
1826008402328
2925520030104
1486437550488
1761315457432
2860827085208
1469257681304
2568769309080
1744135588248
2633172847256
2650352781992
2925230688936
1469572580772
1744450487716
2843962115492
1538224686696
2637736314472
1813102593640
2912614221416
2568816560808
2843694467752
1761362709160
1533733570152
2633245197928
2856869038420
1808611477096
2908123104872
1761648117348
1465228330408
2564739958184
1739824891304
2839336519080
1812918045012
2912429672788
1551109589332
2650621217108
2633458125140
1533745170772
2633256798548
1808623077716
1537961757352
2637473385128
1812839664296
2912351292072
2650436602468
2843710196056
2908319254872
2912630999384
2912362563928
1538224687448
1469505210712
1761361660248
1744114878052
2843626505828
1537956447844
2637468075620
1812834354788
2912345982564
1555136317028
1550863435156
2650375062932
1825741342100
1744387573412
2843899201188
2861079070372
1808812082852
2908323710628
1761647069780
1550862322276
2650373950052
1825740229220
1808891710036
2929878174292
2569038793044
2586280790612
2861158697556
1739903535444
2839415163220
1830282463588
2929794091364
1469505210724
2569016838500
2585928272228
1469320661348
2568832289124
1744198568292
2581704608104
1469505210728
2569016838504
1538224687464
2585928272232
1761294551400
2860806179176
2929882171752
2839667935848
1482458270312
2581969898088
1757336177256
1482188786328
1757066693272
2908051015272
1482121873000
2581633500776
1756999779944
1550841349736
2650352977512
1486685275752
2586196903528
1555136317032
2654647944808
2912619398500
2912636176728
2633245263188
1808879977812
1534002070868
2633513698644
2908391605588
1538028602708
2637540230484
1812906509652
2912418137428
1830086378836
1534014915992
2633526543768
1808892822936
2908404450712
1469308078740
2568819706516
1744185985684
2843697613460
2908390558356
1761634290324
1486487947924
1538295990932
1813173897876
2912685525652
1551114831188
2585996429668
1761362708836
1761362708120
2860874335896
1555204277912
1830082184856
2633530476888
2568836482728
1744202761896
2843714389672
1555405539732
2654917167508
1830098962772
1808828533156
2908340160932
2654668655012
1551130495396
2650642123172
1826008402340
2925520030116
1812855064996
2912366692772
1555157027236
1757087861332
2856599489108
1465281808040
2564793435816
1740159714984
2908323710548
2586218727016
2633245263192
1808611542360
1808879977816
2908391605592
1469309125976
2568820753752
1538028602712
1812906509656
2637540230488
2912418137432
1555158402708
1465013111448
2564524739224
1739891018392
2839402646168
1482192980632
2581704608408
2569088141976
1486756383384
2586268011160
1812905462424
1469590407576
2569102035352
1744468314520
2843979942296
1538309884312
2637821512088
1813187791256
2912699419032
2843984136552
1757070887316
2856582515092
2650424084884
1469308078484
2568819706260
1744185985428
2843697613204
1465013111192
2564524738968
1830303435160
1744383117720
2843894745496
1538224687512
2637736315288
2569084995160
1744451274328
2843962902104
1533997876824
2633509504600
1555208407448
1465014094232
2564525722008
2654720035224
1469309061528
2568820689304
1744186968472
2843698596248
1538028538264
2637540166040
2856533231972
2908386559396
1551131870872
2650643498648
1469259056792
2568770684568
1469236775332
2568748403108
1744114682276
2843626310052
1486416644516
2585928272292
1761294551460
2860806179236
2925314771608
1465025890968
2564537518744
1739903797912
2839415425688
2654664526248
1830030805416
2929542433192
1469236775336
2568748403112
1744114682280
2843626310056
1537956252072
2637467879848
1812834159016
2650638255700
1757087926884
1550929496676
2650441124452
1825807403620
1739908057700
2839419685476
1533930768724
2633442396500
1808808675668
2908320303444
2654988470616
1555476842840
2633441281688
2633240020328
2908117927272
1761567442600
2861079070376
1740092606120
2839604233896
1808812082856
1761579698772
2861091326548
1537972963924
2637484591700
1830030740052
2929542367828
2581650016852
1550857865812
2912418072996
1744400943720
1757340370276
2856851998052
2861146965348
1825791411556
2568820753764
1761366902116
2860878529892
1538028602724
2637540230500
2929866442084
1830353767076
2929865394852
2585999575716
1469308078756
1744454421156
2843966048932
2860891375204
1533732850324
2633244478100
1808610757268
2908122385044
1533733833368
1808611740312
2908123368088
2654987421284
1830353700452
2929865328228
1830030740056
2929542367832
1550857865816
1482406824536
2581918452312
2650369493592
2929810803288
1551126301272
2650637929048
1826008467044
2581974091112
1757340370280
2856851998056
1761366902120
1551181940072
2650693567848
2925571474792
1830354814312
2586000622952
2908341536420
2585950553764
1555158402724
2633244215976
1808610495144
1469576514216
2569088141992
1744454421160
2908390558376
1812905462440
2912417090216
1830085331624
1550912718440
1744136702356
2843648330132
1757021604244
1533749626452
2633261254228
1808627533396
2908139161172
1757087925844
2856599553620
1830102369876
2929613997652
1469325117012
2568836744788
2912363873684
1744384165284
2843895793060
2839349364116
1538241726056
2637753353832
1813119633000
2912631260776
1482412394152
2581924021928
1757290301096
2856801928872
1808829908648
2908341536424
1551131870888
2650643498664
1826009777832
2925521405608
1740089133716
2912685787748
1808628516456
2908140144232
1744471393700
2843983021476
1486773355940
2586284983716
1761651262884
2861162890660
1808895903140
2908407530916
1482478388644
2581990016420
2860827412052
2843916765524
1533951740244
2633463368020
1551131609428
2650643237204
2564743891284
1761378437540
2860890065316
1482406823588
2581918451364
1757284730532
1538241398436
2637753026212
1813119305380
2912630933156
1555421267620
2654932895396
1469521921700
1744119925076
2843631552852
1469242018132
1486768900756
2568753645908
1486501513640
2586013141416
2568836417192
1744387311268
1757336373672
2856848001448
2925566167656
2860877417064
2929546562132
1555157027412
2654668655188
1464962714196
2564474341972
1486437550676
1482142583380
2585949178452
2581918713240
2929810803300
1761579698788
2861091326564
2929542367844
1464958519908
2564470147684
1739836426852
2839348054628
1465226955364
1538241725848
1813119632792
2912631260568
2912619727464
1555477103956
2839419685480
1830355010900
2654988731732
2633261255272
1465295374756
2564807002532
1740173281700
2839684909476
2908118190696
1739819977128
2839331604904
1744383117732
2843894745508
1757268019620
2856779647396
1465210243492
2564721871268
1740088150436
2839599778212
1825718994264
1813106985300
1464958519912
2564470147688
1744399829608
2843911457384
1486701791848
2586213419624
1761579698792
2861091326568
1830030740072
2929542367848
1464941741412
2564453369188
2856801864356
1830304680612
2929816308388
1538246904484
1813124811428
1830355076756
2929866704532
1555137431140
1486417954404
2585929582180
2839332652644
1534002005336
2633513633112
2633459370340
1486753172132
2564806740568
1740173019736
2839684647512
1761579960664
1812856179096
1533947480472
2633459108248
1555158141336
1533728655768
2633240283544
2912367806872
1533930702244
2633442330020
1826008664404
1555137168740
2654648796516
1830015075684
2929526703460
1533678061204
2633189688980
1808555968148
2843714651736
1830102369880
2860894520920
2637556221528
1538044593752
1555224462936
2654736090712
1761382893144
2912434128472
2929613997656
1756999779988
2856511407764
1550841349780
2650352977556
1825719256724
2925230884500
1825988807000
2650622527832
2650373949012
1825740228180
2925251855956
1550862321236
1465210242452
2564721870228
2650358221156
1825724500324
2925236128100
1486422083940
2585933711716
1761299990884
2860811618660
1740088149396
1482127116644
2581638744420
1555207686564
2654719314340
1555426511268
2654938139044
1830304418212
1486706051668
2586217679444
1744404089428
1813123566164
2912635193940
2843915717204
1555425528404
2654937156180
1469526182484
2569037810260
1550924974500
2908407530920
1555492832680
1830370739624
2929882367400
2650436602276
1482478193240
2581989821016
1757356100184
2856867727960
2654916184664
1469526182488
2569037810264
1744404089432
2843915717208
1744405333652
2843916961428
2581923956372
2912698041700
2856779843224
2912636242264
2908341274968
1465232263512
2564743891288
1740110170456
2839621798232
1533951740248
2633463368024
1808829647192
1551131806360
2569033549480
1744399828648
2843911456424
1538241398440
1551126300328
2912635193956
1830303435364
1555425528420
1465281546852
2564793174628
1740159453796
2839671081572
1469576514148
2637557205412
1812923484580
2912435112356
1469258730088
2568770357864
1744136637032
1551130561128
2650642188904
1826008468072
1469257747048
2568769374824
2856867727976
1486416644712
1813171014292
2856515340948
1465227216280
2564738844056
1740105123224
2839616751000
1761311589720
1537960643224
2637472271000
1757020490328
2856532118104
1486437550680
1812855065176
2912366692952
1830034934360
2929546562136
1469257681496
1482473997656
2581985625432
1757351904600
2925504366952
2569022343572
2843900250516
1538230192532
2637741820308
1813108099476
1555410061716
1830287968660
2929799596436
1757273524628
1482194290084
2581705917860
1533666723156
2564458874196
2839336781140
1812839597396
2912351225172
1830019466580
1813174880612
2569106228568
2843984135512
1740088150440
2839599778216
1533929720232
2633441348008
1808807627176
2908319254952
2861146965668
1533951740260
2633463368036
1550841087336
1825718994280
1486416577896
2585928205672
1761294484840
2860806112616
2650352715112
1482412329640
2581923957416
2925230622056
1757003975316
1550845545108
2650357172884
1825723452052
2925235079828
1551131806376
2650643434152
1533733898600
1808611805544
2585932663444
2568753579428
1486483687764
1761361594708
2585995315540
2856516716884
2856785152340
1482395617620
2581907245396
1537961757012
2637473384788
1744120187220
2843631814996
1761568491860
2861080119636
1537977223828
2637488851604
1812855130772
1469576514196
2569088141972
1744454421140
2843966048916
1830353767060
2929865394836
1486756383380
2856527989076
1761300056408
2585933777240
2860811684184
1757016361300
1555136121496
2654647749272
1830014028440
2929525656216
2843647281816
1812855130776
1555136317092
2654647944868
1830014224036
2929525851812
1808539387556
2908051015332
2925503252136
1465029888660
1555492832660
2654668720804
2929546627748
1826058799780
1465215748440
2564727376216
1740093655384
2839605283160
1533935225176
2633446852952
1808813132120
1482395617624
2581907245400
2839415228756
1486483753620
2929865394856
1469257747112
2568769374888
1744135654056
2843647281832
1465013111464
2564524739240
1739891018408
2839402646184
1533732588200
2929798482516
1538229078612
1486689471060
2839688907092
1465299372372
2586280593748
1550909310628
2650420938404
1739887871652
2839399499428
1830282659496
1761563182760
2861074810536
1812834354856
1555136317096
2654647944872
2929794287272
1808807823016
1550841349800
2581634352804
1757000631972
2856512259748
1757268018584
2856779646360
1550846593384
2650358221160
1825724500328
1469242214760
2568753842536
1761299990888
2860811618664
1465232459112
2564744086888
2912362760596
1482478388900
1469505210020
1537977419160
2637489046936
1812855326104
2912366953880
1761585202840
2861096830616
1826009712280
2650643433112
2925521340056
1740110366360
2839621994136
2633463563928
1555426772632
2654938400408
2637758597524
1761379486308
2564790225556
1740156504724
2839668132500
1555489753508
2655001381284
1830367660452
2929879288228
2843966310052
1826059060568
2925570688344
1465294063268
2564805691044
2581721580900
1757340370328
2856851998104
2654732879204
1830099158372
2929610786148
1550913504664
2650425132440
1757084714340
1826059847064
2925571474840
1538041382244
1555221251428
1808875783780
2908387411556
1744186968484
1486488930724
2586000558500
1761366837668
2860878465444
1555208407460
1830086314404
2929597942180
2843698596260
1830299174548
2929810802324
1465025890980
2564537518756
1739903797924
2839415425700
1533745367716
2633256995492
1808623274660
2908134902436
1550925236900
1808896951640
2908408579416
1551115094424
2650626722200
1757273524580
2856785152356
1469242280292
1744120187236
2843631815012
1486422149476
2929531094360
2925236127064
1808540240280
2908051868056
1482462398820
2581974026596
1757340305764
2856851933540
2861146900836
1744455403876
1830354749796
2843967031652
1538296973668
2637808601444
1830032115044
2929543742820
2839599711832
1830300485204
2929812112980
1830366545256
2929878173032
2585932663448
1551194785172
2650706412948
1826072692116
2925584319892
1482475308436
2581986936212
1757353215380
2856864843156
1486770275732
2586281903508
2581985823332
1469589293668
1550862058856
2650373686632
1486501512600
2586013140376
1757273524584
2856785152360
1551115094376
2650626722152
1825993001320
2925504629096
1469242280296
2568753908072
1744120187240
1555409734292
2654921362068
2861095782820
2654987422120
1830353701288
2929865329064
1469309060500
2568820688276
2856583497108
1550913439124
1482193962388
2581705590164
1757071869332
1830086313364
2929597941140
1812901266788
1739837474132
1740105909588
2856528971092
1757017343316
2839617537364
1808825714088
1761311263380
1533946432148
1808824339092
1538241399444
2637753027220
1813119306388
2912630934164
1551126301332
2843911457428
1555488704168
2655000331944
1551181940132
2650693567908
2929866442148
1555220203156
2654731830932
1830098110100
2908336031316
1813190609316
1812918045016
1538040138072
1486500530520
2637551765848
2912429672792
2912702237092
2908118189656
1486689471064
2586201098840
1761567378008
1465214634584
2564726262360
1740092541528
2839604169304
1533934111320
2633445739096
1808812018264
1830082184872
1555153095012
1469254534488
1761312310616
2860823938392
1830031787352
1555153880408
2654665508184
1533683567252
1469521922712
2569033550488
1538241399448
2637753027224
2912630934168
1486701791896
2586213419672
1464958519960
2564470147736
1739836426904
1555476841812
1551193409892
2564794221992
1740160501160
2839672128936
1534002070952
2633513698728
1830354814376
2929866442152
2929597220452
2654933944724
2929811851668
1469522971028
2569034598804
1551127349652
2650638977428
1826005256596
2925516884372
1744400877972
1486437878168
2585949505944
2912698304084
1465294325332
2564805953108
1740172232276
1482474194516
1761647068756
2861158696532
1830366545492
2929878173268
1538308769364
1486689470100
2586201097876
1482475309480
1830353701524
2929865329300
1486756317844
1761634224788
1740159388308
2839671016084
2586267945620
2581986937256
1757353216424
1538295925396
1757066955156
2856578582932
1486757366356
2586013402472
1469321905512
2568833533288
1744199812456
2843711440232
2637553010024
2929543678632
2912430916968
1813170751080
2912682378856
2654984341096
1555208407464
2654720035240
2929597942184
2860890262184
1465025890984
2564537518760
1739903797928
2839415425704
1533745367720
2633256995496
1808623274664
2908134902440
1555220204200
1757357410648
2637557007704
1482462725476
1757340632420
2586264078676
2861141985620
2637803686228
2650688588116
1826054867284
2925566495060
2856847018324
2839603906200
1825787217492
2925298845268
1555204277844
2654715905620
1830082184788
1469577496936
2569089124712
1538296973672
2637808601448
1486757366120
2586268993896
1482408200612
1757286107556
2568749450920
1826005321380
1551127348580
2650638976356
1826005255524
2925516883300
1465228002660
2564739630436
1740105909604
1482407871844
1744405072216
2569038793048
1744186247512
1757273523876
2581990869332
1555152833188
2654664460964
1830030740132
2929542367908
2908335966884
1538241399460
2637753027236
2861091326628
2568769373780
1744135652948
2843647280724
1465295439256
2564807067032
2925583207016
2839415163224
1465025628504
2564726326868
1740092606036
2839604233812
2650688588452
2912682378840
1486753236568
2860874335832
1538024408664
2637536036440
1812902315608
2912413943384
1469573367384
2860890261908
1550913439128
2650425066904
1825791346072
1761366836632
2860878464408
2929525589332
1482193962392
2581705590168
1757071869336
1465277352356
2564788980132
1740155259300
2839666887076
1465228002664
2564739630440
1740105909608
1830300222824
2929811850600
2839617537384
1482407871848
2581919499624
1757285778792
1550926284116
2650437911892
2586016287076
1761382566244
2860894194020
1761382894180
1469521922728
2569033550504
1744399829672
2843911457448
1826004208296
2925515836072
1464958519976
2564470147752
1533745366680
2633256994456
1808623273624
2908134901400
1482205759128
2581717386904
2860890261144
1482461612388
2581973240164
1551114831192
1550863108708
2856533232036
1486438664612
2585950292388
1761316571556
2860828199332
1550863174052
1825741080996
2650374801828
1808561211812
2908072839588
2586016613988
1761382893156
2860894520932
1482210018916
2581721646692
2633261254244
1550926349972
2650437977748
1825804256916
2925315884692
1486757365080
2586268992856
2569089123672
1744455402840
2843967030616
1744467987028
2843979614804
2856851146088
1465278663012
2564790290788
1740156569956
2839668197732
1482461678244
2581973306020
1757339585188
2856851212964
1551127349656
2650638977432
1826005256600
2925516884376
1761580747160
2861092374936
1538023623060
2637535250836
1812901530004
2912413157780
2655000266328
1830366545496
2861158696536
1469589292632
2569100920408
1744467199576
2843978827352
2912681264788
1808878865048
2908390492824
2585995643288
1761361922456
2860873550232
1757066955160
1825786431896
1744454355608
1555203492248
2654715120024
2637808666260
1812851918484
2912363546260
2581923760484
1757290039652
2856801667428
1486707100004
1761585006948
2861096634724
1465232263524
2564743891300
2633442592404
2650706413204
1825991625048
2925503252824
1740177476260
2839689104036
1757336176228
2856847804004
1486753236580
2586264864356
1761631143524
2861142771300
1486484801124
2585996428900
1757067740772
2856579368548
1761563182488
2861074810264
2654938401428
2856533230996
2912367805844
1464962714212
2564474341988
1739840621156
2839352248932
1550925236884
1808560097892
1482142583396
2581654211172
1465277614424
2564789242200
2637820397140
1813186676308
1533997091160
2633508718936
1533930768728
2633442396504
1808808675672
1550930282148
2650441909924
1744451274344
2843962902120
1551177746024
2650689373800
1826055652968
2925567280744
1761362708072
1486753236584
2654715905640
1830082184808
1533662332504
2633173960280
1808540239448
1482189047124
2581700674900
1465277613396
2564789241172
1740155520340
2839667148116
1469320922452
1533997090132
2633508717908
1551176959316
2637807553172
2908403337816
2650420151640
2925298058584
2569038071128
2843915978072
2860890326360
1538241725784
2569017099608
1465025955160
2564537582936
1465277613400
2908340226708
1555409799524
2654921427300
1830287706468
2861078742628
1761585005908
2861096633684
1555426575700
2654938203476
1830304482644
2929816110420
1538246706516
2912636241236
2925521143124
1551131608404
1757066954084
2856578581860
1825786430820
2925298058596
1465009177956
2929593025892
1830086314580
1555157353832
1739887084904
2839398712680
1533728654696
2633240282472
1808606561640
2908118189416
1482189047144
2581700674920
2925520094824
1469526182548
1744404089492
2843915717268
1551130561172
1826008468116
2564742843028
1808828598932
1808811755880
1538028865892
1465210504536
2633257781604
1808624060772
2564722132312
1550862059092
1761315456596
2860827084372
1739825219988
2839336847764
2633178417556
2908056324500
2912351291796
1555141626260
2654653254036
2650374801832
2925252708776
1482143697320
2581655325096
1757021604264
1555158141352
2654669769128
2839419684456
1533749626472
2633261254248
1808627533416
2908139161192
1482210018920
2581721646696
2860894520936
1744203023976
2843714651752
1744384165288
2843895793064
1761631078824
1761562985892
2861074613668
1538224686500
2569016837540
1825987495332
1555410061720
2654921689496
1537961757080
2637473384856
1538230192536
2637741820312
1486690584984
1757005089176
2856516716952
1550846658968
1486707295908
2586218923684
1761585202852
2861096830628
2843916961444
2581923956388
1465232459428
2585946098324
1757290039656
1482478454164
2581990081940
2929811129748
1757268280724
2856779908500
1533728654740
2633240282516
2856578581908
1825786430868
2912698108580
1482391423636
1486768900760
2586280528536
1761646807704
2861158435480
1555404817816
2654916445592
1464942069144
2564453696920
1739819976088
2839331603864
1533661545880
1808539452824
2908051080600
1550909246036
2650420873812
1482406889124
1757284796068
1482189769300
2581701397076
2581924021604
1757067676244
2856579304020
1825787152980
2581918516900
2856796423844
2856511146600
1465210504612
2564722132388
1740088411556
2839600039332
1533929981348
2581655324056
1830036047256
2861091653032
1551130822056
1826008729000
2908336293288
1739887084968
2839398712744
1813169964372
2912681592148
1555471926612
1739887084884
1555203491156
2654715118932
2568815773012
1744182052180
1533728654676
2654921689508
2929799596452
1482395617700
2581907245476
1757273524644
2856785152420
2925521405272
1757273196900
2856784824676
2839415490212
2929531094372
1486422082916
2585933710692
1761299989860
2860811617636
1464947246436
2564458874212
1739825153380
2839336781156
1482127115620
2929795335588
1551113782952
2908337342804
1533678061908
2637472335192
2912350242136
1761648118100
2861159745876
1533746415956
2564789241176
1740155520344
1533997090136
2633508717912
1538309818708
2637821446484
1465009177944
2908118189400
1555203491160
1550926087592
2929530047140
1486421035684
2585932663460
2581923759448
2637758334296
1482412131672
1538246706520
2569038857560
1482395355812
2581906983588
1757273262756
2856784890532
2908324759972
1551115094436
2650626722212
1825993001380
2925504629156
2839336847780
1744388622756
2843900250532
1534017997416
2637825705620
2856863532692
1826008468120
2925520095896
1761583958680
2861095586456
1465231215256
2564742843032
1482411084440
2581922712216
1551181875540
2650693503316
2637821446488
1550926285144
1538309818712
1555489687896
2655001315672
2586281838936
2925584255320
2569038006948
1744404286116
1533930702248
2650626459284
1555404555860
2654916183636
1830282462804
2929794090580
2585949177432
1464962713176
1808560096856
1830034933336
1551130757464
2650642385240
1826008664408
1465215748520
2564727376296
1740093655464
1825993001384
1550845544020
2650357171796
1825723450964
2925235078740
1482126067284
2581637695060
1464946198100
2564457825876
2586012158308
2908134705508
1551194785364
2650425067092
1482395616660
2581907244436
1469509601892
2569021229668
1744387508836
2843899136612
1465215747476
2564727375252
1533934111332
2633445739108
2925248447892
2633190671764
1464959567252
2564471195028
1739837474196
1826005255572
2925516883348
1825740228184
1555141626516
1830019533460
2929531161236
2929816045992
1808543385940
2908055013716
1826059848340
2581901739432
1757268018600
2856779646376
1744383116712
2861147227800
2912614221224
1808807626152
1551109588392
2650621216168
1825987495336
1538023622228
2637535250004
1812901529172
2912413156948
1813186413928
2912698041704
1550845544024
2650357171800
1825723450968
2925235078744
1464946198104
2839604168280
1808812017240
2908323645016
1555158075048
1744405333672
2843916961448
1486707295912
1761585202856
1465232459432
2564744087208
1825736820120
2925248447896
1740105909656
2839617537432
1533947479448
2633459107224
1808825386392
2908337014168
1464942791268
2564454419044
2912349981016
2860810373464
1537960446296
1812838353240
1538312964756
2637824592532
2585996428632
1465277613412
2564789241188
1740155520356
2839667148132
1533997090148
2564520805732
1739887084900
2839398712676
2581701397080
1757067676248
2856579304024
1830082120280
2929593748056
1533745170068
1533951936164
1808829843108
2908341470884
2654670030436
1486686390868
2908052130388
1533662595668
2633174223444
1808540502612
2637469190740
2843896056404
1469506521684
1744198567252
1757290038692
1825991886420
1555408946772
2654920574548
2650437912932
1555203491176
2929593025896
2569101969764
1482475243876
2581986871652
1757353150820
1465277613416
2564789241192
1740155520360
1555410061736
2654921689512
2929799596456
2925504629160
1830367333028
1464947246440
2564458874216
1739825153384
2839336781160
1808544630120
2908056257896
1482127115624
1812835469912
2912347097688
2839332653656
1808540502616
2908052130392
1482122988120
2908390820440
1808539387492
2908051015268
1469590341992
2569101969768
1534014851432
2633526479208
2860873222488
1761379682664
2569102034340
1744468313508
2843979941284
1486770275748
1465295439268
2564807067044
1482458269332
2581969897108
1757336176276
2856847804052
2925567280788
1825723450980
1551113979492
2654920574564
2839335732836
1482126067300
1533665674852
2633177302628
1808543581796
1464946263704
2564457891480
1482390046292
2581901674068
1757267953236
2856779581012
1486488929700
2586000557476
1761366836644
2860878464420
2581705590180
2908068578724
1464959567268
2564471195044
1465228002724
2564739630500
1740105909668
2839617537444
1551197604452
2650709232228
1555137432168
2654649059944
1830015339112
2929526966888
1482211068244
2581722696020
1469320595796
1744198502740
2568832223572
1551177747048
2650689374824
1826055653992
2925567281768
2908134901412
1486500726436
2586012354212
1761378633380
1469320857252
1538040333988
2637551961764
1812918240932
2912429868708
1486769161892
2585996428952
1465009964696
2564521592472
1739887871640
2839399499416
1533729441432
2633241069208
1808607348376
2908118976152
1744388556372
1830018418280
2912618612328
1555408946792
2654920574568
2568832289128
1469254601300
2568766229076
2860824005204
1744387508840
2843899136616
1486689471080
2586201098856
1761567378024
1739887019604
2839398647380
1465214634600
1482209690980
1465009112660
2564520740436
1550858913192
2650370540968
1538242446760
2637754074536
1813120353704
2912631981480
2654921426260
1830287705428
2929799333204
2843710196372
2839336520024
2929866376548
1826059781476
2925571409252
2861146899812
1469577495908
2569089123684
1808825387428
1551127349668
2650638977444
2581919500708
2925571476136
1465030149716
1550929495636
1825807402580
2925319030356
1482210018900
2581721646676
1465278597784
1482126067352
2581637695128
2581985822308
1830015339108
2929526966884
1744467265112
2569100985944
2843978892888
2564793109156
1740159388324
2839671016100
2861145852580
2925298059684
1465009179044
1469304146340
2568815774116
1744182053284
2581655520868
2861147163300
1825987757668
2925499385444
1555409012324
1744387573348
2843899201124
1486689535588
1550912718436
2650424346212
1825790625380
2925302253156
1482205563220
2581717190996
1555220007252
2654731635028
1469509666408
2569021294184
1744387573352
2843899201128
1538229143144
2637740770920
1813107050088
1551109850728
2650621478504
1825987757672
2843627620968
2637469190760
1550842464872
1825720371816
2925231999592
1464943118952
2564454746728
1808540502632
2925314573656
1469320660312
2568832288088
1744198567256
1812918043992
2586012157272
2839683925604
1739903599960
1465013044836
2564524672612
1739890951780
2839402579556
1533997091172
2633508718948
1826054867300
2856532379224
2925314574680
2908134705496
1739903600984
2839415228760
1533745170776
2633256798552
1808623077720
1465025694040
2564537321816
2929811129940
1555421595220
2654933222996
1555140249172
2654651876948
1830018156116
2929529783892
2839671081636
2564470147748
2581633501540
1757339323048
1555422315924
2654933943700
1830300222868
1482121939556
2581633567332
1756999846500
2929879287208
1551180826260
1465295439272
2568815773076
1469304145300
1482189047188
1486484014484
1551198980756
2650710608532
1826076887700
2925588515476
1808607348392
2908118976168
1486753236648
2569084995240
2925298845352
1465278400168
2637468927572
1812835206740
2912346834516
1808544630116
2908056257892
1533683501400
2650419825304
1825786104472
2925297732248
2633195129176
1482411018836
2581922646612
1757288925780
1555488704148
2655000331924
1830366611092
2929878238868
1486769227412
1469589358228
2569100986004
1744467265172
2843978892948
1538229143188
2586000557480
1469589358232
2569100986008
1744467265176
2843978892952
1538308834968
2637820462744
1813186741912
2912698369688
1469509666456
2569021294232
1757088975192
1486500726440
2586012354216
1469241231012
1744119137956
1830018483876
2929530111652
2568752858788
2843630765732
1538308834980
2637820462756
1813186741924
2912698369700
2650370607704
1825736886872
2925248514648
2856800553560
1744135588440
2581654211160
1469241231016
2568752858792
1744119137960
2843630765736
1537960707752
1761382893224
2860894521000
2650638977620
1826005256788
2925516884564
1551127349844
1482121939348
2581633567124
1756999846292
2856511474068
1555207685736
2654719313512
1830085592680
2929597220456
1830035261860
1465282528616
2564794156392
1740160435560
2839672063336
1534002005352
2633513633128
1808879912296
2908391540072
1739837802916
1538242447784
2637754075560
1813120354728
1465025694052
2564537321828
1739903600996
2839415228772
1757339321768
2856850949544
2843963165336
2856863729256
1469589292648
1551193671272
2650705299048
1826071578216
2569088076456
1534000958120
2654715120040
2929593026984
1761361922472
2860873550248
1812922500708
2912434128484
1482189048232
2581700676008
2637469190804
1533662595732
1808540502676
2908052130452
2581634615956
2650705103528
1825791675028
2925314574696
1761646872936
1830366349672
2929877977448
2861158500712
1469320661352
2564470474132
1486773159508
1761651066452
2861162694228
1813191985832
1465210243732
2912703613608
1757084519012
2650621151572
1825987430740
1830282398036
2929794025812
2856796620372
1813102528852
2912614156628
1555404491092
2654916118868
2586285770328
1482462725480
1482139698536
2581651326312
1757017605480
2856529233256
2654669768100
1744136701348
2839353361828
1808561210788
2908072838564
1486438663588
2585950291364
1469258794404
2568770422180
1537978271140
2569018149460
1761564297812
2861075925588
1830283774548
2929795402324
1482394241684
2581905869460
1486484014756
2585995642532
1757272148628
1469510387048
2569022014824
2908071725668
1482411018852
2581922646628
2843647216228
1538245593700
2637757221476
1813123500644
1482407871896
1469522970008
2568837531032
2925298058644
2581700674964
2839667148180
1808874997140
2908386624916
1555203491220
2654715118996
2654715119000
1813169964436
1469304145304
2568815773080
1469237037480
1744114944424
2654647682392
2586218726756
1555426575716
1465211292308
1533682190952
2633193818728
1808560097896
1830034934376
2929546562152
2637757221480
1555425462888
1486504659304
2856596343188
1486501775764
2586013403540
1808606561688
1757066954136
1825786430872
2637535249816
2925521339812
2654649060008
1826072693144
2925584320920
2925302974872
1482391160424
1757071083112
2856582710888
2637808600408
1555136120472
1551176959320
2650688587096
2633261255064
1550926349976
2650437977752
1538241464724
2637753092500
1813119371668
1744467987032
2843979614808
1465278663016
2564790290792
1740156569960
2839668197736
1757339585192
2581986871704
1550926285208
1534014851480
2633526479256
1808892758424
2908404386200
1757353150872
1551194720664
1826072627608
2856864778648
1533682451876
2633194079652
2929525590424
1808560358820
2908071986596
1469236709784
2568748337560
2843626244504
2912345721240
2581637695124
1757003974292
2856515602068
1550845544084
2650357171860
1537974011544
2637485639320
2654932960616
1830299239784
2929810867560
1744387246760
2843898874536
1808540502680
2908052130456
1482122988184
2581634615960
1757000895128
2856512522904
2585929583256
2637825705560
1465299569320
1537960446308
1555140315492
2654651943268
1550845348196
2650356975972
1825723255140
2925234882916
1469240969572
2568752597348
1744118876516
2860874271332
2839620748948
1533950690964
2633462318740
1808828597908
2908340225684
1813123565204
2912635192980
1830303434388
2929799530148
1486685014360
1761562921304
2637736249688
2586196642136
1550925236888
2650436864664
1825803143832
1469505145176
1744383052120
2654669768104
1830036047272
1744136701352
2843648329128
1537978271144
2637489898920
1812856178088
2912367805864
1486438663592
2585950291368
1465030083988
2564541711764
2839419618708
1465009178020
1533728654756
2633240282532
1808606561700
1533997090212
1469506521688
2569018149464
1744384428632
2843896056408
1538225998424
2637737626200
1486686390872
2586198018648
2650622528088
1825988807256
1740089198948
2654649059988
2843896056468
2856780958356
1808811820708
2908323448484
2650642122340
1550908262760
2650419890536
2839617799508
2633178417560
2633240282536
1808606561704
2908118189480
1757066954152
1465277613480
2564789241256
1761379682708
2860891310484
2925315819924
1486753237652
2586264865428
1761631144596
2861142772372
1465281480020
2564793107796
2637758335332
1486417955480
1739821025944
2839332653720
1813174159956
2912685787732
1812851133012
1830082119252
2929593747028
1469304866388
2568816494164
1538024343124
2637535970900
1555204212308
2654715840084
1482189768276
2581701396052
1812856178276
2912367806052
1533950692008
2633462319784
1808828598952
2908135950760
1744199813544
1482475243944
1812919290280
1534014851496
2586264013464
1533935224420
2633446852196
1808813131364
2908324759140
2860827084392
1464946198180
2564457825956
1739824105124
2839335732900
1533665674916
2633177302692
1808543581860
2908055209636
1482126067364
1757268281684
2856779909460
2654921426324
1465014158760
2564525786536
1739892065704
2839403693480
1813108098468
2912619726244
1555410060708
2654921688484
1744388621732
2843900249508
1744468248916
2843979876692
1813187725652
2912699353428
1826072627540
2925584255316
1534014851412
2633526479188
1808892758356
2908404386132
1555472714340
2654984342116
2581718239844
1761564035492
2861075663268
1469594339668
1812838549160
2912350176936
1555140511400
2912618612392
2564457825960
1739824105128
2839335732904
1533665674920
1830370544280
2860807227044
1482143893928
2581655521704
1757003974308
2856515602084
1486421034660
2585932662436
1761298941604
2860810569380
1537960642212
2637472269988
1812838549156
2912350176932
1744405333352
2843916961128
1482391423640
2581903051416
1537978271124
2637489898900
2912349981032
1550845348200
2650356975976
1825723255144
2925234882920
1830098175380
1482210019992
1808813131156
2908324758932
1808812018276
2908323646052
1761362643560
2860874271336
1808607283816
1744451472020
2843963099796
2839399434856
1469526181528
2569037809304
1744404088472
2843915716248
1538245658264
2637757286040
1533661219176
1550858978644
2650370606420
1825736885588
2925248513364
1744466937508
2843978565284
1761295862436
2860807490212
2637737626276
2912615533220
1469506521764
1537957563044
2637469190820
1465013045672
1550925038948
2650436666724
1469320660324
2564537320804
1739903599972
1761647135320
2581906130532
1757272409700
1486689470052
2586201097828
2650441124244
1825807403412
2925319031188
1465025694100
2564537321876
1739903601044
2839415228820
1808623077780
2908134705556
1761646872980
2861158500756
1825791608228
2925303236004
2912615533224
2633174223528
1808540502696
2908052130472
1482122988200
1757000895144
1744115993256
1761294486180
2637484853656
2564793371220
2843979875940
1740159650388
2839671278164
1465014356328
2564525984104
1739892263272
2839403891048
2839415228824
1533745170840
1808623077784
2908134705560
2586280593816
2654731635096
1830097914264
2929609542040
1486501775768
2586013403544
1464946001240
2564457629016
1482189768280
1469304866392
2568816494168
1761362642520
1538024343128
2637535970904
1555204212312
1533729375832
2633241003608
1830082119256
2581722696036
2929794090584
2856600602980
1550930544996
1825808451940
1830282462808
1482125870484
2581637498260
1551194785368
2586284788328
2925584320088
1813186676132
1812856112468
2637489833300
2843648263508
2912367740244
2568770356564
1744136635732
2585950225748
1537978205524
1486438597972
1482126853528
2581918714472
1757284993640
1464962714260
2564474342036
1739840621204
2839352248980
1808560097940
2908071725716
1740109056660
2839620684436
2637485705828
1812851984996
2912363612772
1465295374680
2564807002456
1555421595044
2912413156952
2637535250008
1812901529176
1469527164248
1761316504920
2637489833304
1469258728792
1830035981656
2860828132696
1757020490392
2856532118168
1550862060184
2650373687960
1825739967128
2925251594904
1465231149720
1830034934424
2929546562200
2633177302696
1808543581864
2908055209640
1482126067368
2581637695144
1550845544104
1486421034664
1757288924760
2650370542168
1830097847908
2929609475684
2564789242456
1757336111508
2856847739284
1465025694116
2564537321892
1739903601060
2861146899880
1555488443044
2655000070820
1830366349988
2929877977764
1813107837524
2912619465300
2586012157288
1465025693032
2564537320808
1739903599976
2839415227752
1533745169768
2633256797544
1808623076712
2908134704488
1739908057748
2650370606676
1469325118100
2568836745876
1482210019988
2581721647764
2564541778580
2581906130536
1533929916776
2633441544552
1808807823720
2908319451496
2843983807908
1486768966056
2586280593832
2650705103272
1813186480552
2912698108328
1830097914280
1538027554408
2637539182184
2912417089128
2581651326292
2586286098776
2861147227492
2564542825896
1739909105064
2839420732840
1533947479460
1808825386404
2908337014180
1761580746148
2861092373924
1538242446756
1555422315940
2654933943716
1830300222884
1757352887652
2856864515428
1482474980708
2581986608484
2650693568084
1465282594388
2564794222164
1744455468628
2843967096404
2569089189460
1555208407652
2654720035428
1830086314596
2929597942372
1538295924388
2637807552164
1555203491236
2654715119012
1830081398180
2929593025956
1469304145316
2568815773092
1744182052260
2843693680036
1551176893844
2650688521620
1826054800788
1482390046296
1757267953240
2856779581016
1830304417124
2929816044900
1826075839060
2585995642196
1808561146196
2908072773972
1537978206548
2856532118180
1464962714276
2564474342052
1739840621220
2839352248996
1808560097956
1740109056676
1465231149732
2839332653396
2568832223576
2861162891940
2860895570280
2586269058648
1812906509912
2912418137688
1482127116952
2581638744728
1757005023896
2569022277208
1744388556376
1469510649432
1739837474152
2585933515428
1533683238248
2633194866024
1469258728808
2568770356584
1486437550760
2585949178536
1464962714280
2564474342056
1739840621224
2839352249000
1808560097960
2908071725736
2586268207460
2929799333208
1744450487652
1555409798488
1830287705432
2654921426264
1812922435924
1813120420180
1486504921688
2586016549464
1486488143460
2585999771236
1761366050404
2860877678180
2654647683492
1482121611684
2637467814308
2908050753956
1482142845268
1812835469988
1486417955492
2585929583268
1808540502692
2908052130468
1482473933476
2581985561252
1740093327956
2839604955732
1555425462948
1825803930004
2929615045976
1538045642072
1550930543960
2650442171736
1808875783588
2908387411364
2839402579560
2843984071332
1469594536612
2569106164388
1538224621924
2637736249700
1830282398052
2929794025828
1825987430756
2925499058532
1744472443556
2568836745880
1551181940324
2650693568100
1826059847268
2925571475044
2586269058660
1486757430884
2637540230756
1812906509924
2912418137700
2581918713492
2860877677972
2929529783896
1555405867620
1830283774564
1486686390884
1551110900324
2650622528100
1825988807268
2925500435044
1757269330532
2856780958308
1740089461348
1757353151076
2856864778852
1482475244132
2581986871908
2925252708772
1808896951716
1555422315944
2654933943720
1830300222888
2929811850664
2569034597800
1744400876968
2929614784164
1761580746152
2586214466984
2861092373928
1757071935080
2856583562856
1550913504872
2650425132648
1825791411816
2925303039592
1761366902376
2860878530152
1465282594408
2564794222184
1555493882264
2637821249956
2843694728596
1555475793576
2654987421352
1469304145320
1533934110292
2633445738068
2568815708772
1739821024916
2839332652692
2861162957400
1533662594708
1830370806360
2929882434136
1808624323236
1739836754532
2839348382308
1744136636760
2564475390296
1739841669464
1830035982680
2843648264536
1537978206552
1550863108440
1756999845284
1482390046036
2929794024788
1830287968856
2839667148136
1533997090152
2633508717928
1808874997096
2908386624872
2929861461352
1555471926632
2654983554408
2586286032296
1744455469672
2912615532116
1486686389844
2586198017620
1761564296788
2861075924564
1538225997396
1740110103892
1469505471832
2839621731668
2839402906964
2637473319316
1812839598484
2912351226260
1469242214804
2568753842580
1808544631188
2908056258964
2856516651412
2929613671076
1826058996388
2925570624164
1482395354776
2581906982552
1469236709800
2568748337576
1464941742504
2860873549204
2564453370280
1739819649448
2839331277224
1533661219240
1469309126052
2568820753828
1744187032996
2843698660772
2637556221544
1812922500712
2912434128488
1812835469992
1486417955496
1464943119016
2564454746792
1739821025960
1761295862440
1761648118184
1761361855848
2860873483624
2861162694232
1555225447012
2856800618148
2586217678500
2861095585444
1830303434404
2843915716260
1538245658276
1813123565220
2912635192996
1482479176100
2581990803876
1757357083044
2856868710820
2908319189352
1555404491112
1830282398056
2929794025832
1757267954024
2856779581800
1482125871528
2581637499304
1486484014760
1744384428648
2843896056424
1813103905384
1486686390888
2586198018664
1825988807272
1761564297832
2861075925608
1739819714132
2839331341908
2564454418008
1739820697176
2839332324952
1555488376148
2912698108248
2655000003924
1830366283092
2929877910868
1550912718164
2650424345940
1555207685460
2654719313236
1812905723220
2912417350996
1486488208724
2654647682456
2912345720216
2929525589400
1538297038228
2861079791972
1465211292312
2564722920088
1555225446804
1744115992216
1812835468952
2912347096728
2581638809960
1486501775780
2586013403556
1808543384932
2908055012708
1744451275428
2650356974948
1825723254116
2925234881892
2654984342180
2637472073060
1550912718168
2650424345944
1555207685464
2843697874264
2654719313240
2654715840100
2564521526884
1739887806052
2839399433828
1486484735588
2585996363364
1761362642532
1538024343140
2637535970916
1555204212324
1761562920280
2925499057496
1465210176856
2912614155608
1482188786340
2581700414116
1757267952984
2856779580760
1469589097048
2569100724824
1761316571540
1825808386392
2925320014168
1808628517208
2908140144984
1808896952664
2908408580440
1808892822948
2908404450724
2856864778596
1486770211172
2586281838948
2925584255332
1538309818724
2637821446500
2655001315684
2654937352536
1537978205588
1486501774740
2586013402516
1533997876884
2633509504660
1808875783828
1551177746068
2650689373844
1465278400148
2564790027924
2843900184920
1469572318612
2569083946388
1555426510232
2564475389336
1533683238296
2633194866072
1469526181544
2569037809320
1744404088488
2843915716264
1538245658280
2637757286056
1813123565224
2912635193000
1808828597928
2650420086440
1825786365608
2581985625752
2925566167700
2586268206420
2912417351012
1555207685476
2654719313252
1830085592420
2929597220196
1812905723236
1555476120932
2856800879956
1757289252180
2650420152980
1538309817684
2637821445460
1757005089364
2856516717140
1464947313236
2564458941012
1825724566100
2925236193876
1739825220180
2839336847956
1533745366692
2633256994468
1469577496980
2569089124756
1744455403924
2843967031700
1486757366164
1538296973716
2637808601492
1813174880660
2925517145700
1550930479460
2650442107236
1465013372264
2564525000040
1739891279208
2839402906984
1533732849000
2633244476776
1808610755944
2908122383720
2585999836520
2650705300116
1826071579284
2925583207060
1469589293716
2569100921492
1757352102548
2856863730324
2564805954196
1534013803156
2633525430932
2908050754200
2856516717144
2650358286936
1825724566104
2925236193880
1533935225432
1538246707560
1469237758356
2568749386132
2912430918056
2586013403560
2843711441320
1482458270376
2581969898152
1757336177320
2856847805096
1486420837736
2585932465512
1761298744680
2860810372456
1464946001256
1551198914920
2650710542696
1826076821864
2925588449640
2654715119956
1469304146260
2568815774036
1744182053204
2843693680980
2585995643220
2654731897172
1830098176340
2929609804116
1538024343144
1812902250088
1465226955160
2564738582936
1740104862104
2839616489880
1826059847316
1744187033236
1534002071188
2633513698964
2860873550168
2929593026904
1538023623000
2637535250776
2654715119960
2843697875288
1486500792664
1761563248984
2856780696164
2633245461156
1808611740324
2908123368100
1538225932968
2655005312404
1537978205604
2637489833380
1812856112548
2912367740324
1555158074788
2654669702564
1830035981732
2860828132772
1469258728868
1830370478692
2929882106468
2856528251236
1812901529956
1813169965412
2912681593188
1830349834596
2929861462372
1830299502952
1538040400232
2637552028008
1761567443304
2861079071080
2843693681000
1757016623464
1551181154664
2650692782440
1757071935908
2856583563684
1808879978136
2908391605912
1825791411864
2925303039640
2654988535448
2929866442392
1555137430868
1555208472216
2654720099992
2843983874392
1464945936724
2564457564500
1739823843668
2839335471444
2633508652440
1464963761576
2564475389352
1739841668520
2839353296296
1533683238312
2633194866088
1808561145256
2908072773032
1482143630760
1555426510248
1813102593428
2568819903140
1469321905560
2568833533336
2569084995224
1744451274392
2843962902168
1538292844184
1533997876888
2633509504664
1808875783832
2908387411608
1551177746072
2650689373848
1825720371812
1744451472024
2843963099800
2925504629348
2925236193892
1464947313252
2564458941028
1739825220196
2839336847972
1830370478484
2929882106260
2650442171748
1465031198052
2654737139044
1830103418212
2929615045988
2564542825828
2912702302548
1744114944404
2843626572180
1757020817812
2856532445588
1533728655764
2633240283540
1808606562708
2908118190484
1469304146324
1808875980116
2908387607892
1486504987300
2586016615076
1761382894244
1482210020004
2581721647780
1757087926948
2856599554724
1538044594584
2637556222360
1830081399192
2929546889624
1744467265944
2843978893720
1469304146328
2568815774104
1825993001576
2925504629352
2929799596648
1486422149736
2585933777512
2843900250728
2650441057700
1469577496984
2569089124760
2925571410328
2581907244452
1744202697304
2843714325080
1551127348820
2650638976596
1469254534740
2568766162516
2585946031700
1761312310868
1537974011476
1813119632804
2912631260580
1538241725860
1482457483684
1469237037476
1744114944420
2843626572196
2860873550244
1538023623076
2637535250852
1812901530020
1744467200664
2843978828440
1486769162904
2586280790680
1830371789140
1757356099928
1825987758504
1761299007912
1761651329448
2925302253992
1469304146344
2568815774120
1744182053288
1486438860180
2585950487956
2925587466852
1826075839076
2861162957412
1551197932132
2650709559908
1464959567448
2633194867044
1808561146212
2908072773988
2581655259492
2564471195224
2925516883544
2843644069464
1740160501416
2861146965672
1757071935144
2856583562920
1825791411880
2925303039656
1465282594472
2839672129192
2856515405208
1482125870488
2581637498264
1757003777432
2929816110744
2925314573976
1808895707476
2908407335252
2908319188632
1537961690468
2637473318244
1812839597412
2912351225188
2856801601176
1534002005348
2633513633124
1533749626516
1808627533460
2633261254292
2908118124888
1830031853924
2929543481700
1538296186536
2637807814312
1813174093480
2912685721256
1486416906644
1761294813588
2654938465892
2860806441364
1830370805332
2581990082132
1486773421652
1761651328596
1830370543972
1469593291108
2569104918884
1744471198052
2843982825828
1555158074708
1757021537620
1550863107412
2650374735188
1464963761492
1550930543976
1551131806372
2650643434148
1826009713316
2925521341092
1469577824660
2569089452436
1538229930584
2637741558360
1813107837528
2912619465304
1486434403940
1826005255780
1465228002916
2564739630692
1537977158292
2637488786068
1812855065236
2912366693012
1830034934420
2860807423380
1740173019540
1533728393816
2633240021592
1486501579092
1555224201576
2929613736296
1465029888360
2564541516136
1740105123236
1469325118120
2568836745896
2586016615080
1761382894248
2860894522024
1757087926952
1757336439124
2856848066900
2581985625444
1486434665832
2585946293608
1757351904612
2856863532388
1533947479656
2633459107432
1808825386600
2908337014376
2856528971368
1482474980712
2581986608488
2860810373540
1464941741476
2564453369252
1739819648420
1808539125156
1469506193748
2569017821524
2908050752932
1744384100692
1486689208980
2586200836756
1761567115924
2861078743700
2843895728468
2856800553556
1830303369812
2929814997588
1744131721556
1744404023892
2843915651668
1825736100180
2843984135524
1744472507748
1739840883028
2839352510804
1757357345428
2856868973204
2650354091684
2925587466856
1744471460456
2843983088232
1486773422696
2586285050472
1744181724520
2843693352296
1555492899432
2654669703528
1744454682004
2843966309780
1486756644244
2586268272020
1538027816340
2637539444116
2912417351060
1555207685524
1534013801876
2633525429652
2569017887380
1744384166548
1551109522788
2650621150564
1825987429732
1757267952996
2856779580772
1555224463000
2654736090776
1830102369944
1825808386452
2925320014228
1482193241496
2581704869272
1486488208792
2585999836568
2856851211672
2929865655704
1740089460324
1533931030116
2633442657892
1813103904356
1482391422564
2581903050340
1808544631204
2908056258980
2925236128164
2581638744484
1757005023652
1482194028132
2581705655908
1757071935076
2856583562852
2856516651428
1825724302756
2925235930532
1482142910056
2581654537832
1757020817000
2856532444776
1825992672916
2925504300692
1551131609496
2633530673560
1808896952728
2908408580504
1465299569048
2564811196824
1740177475992
1808895968856
1551197931096
1813190936152
2912702563928
1482478454360
2581990082136
1486773421656
2655004526168
2586285049432
1469593552472
1537977419172
2637489046948
1812855326116
1744136635736
1555158074712
2568770356568
2843648263512
1537978205528
2654669702488
2929547609432
1550926022996
2843983088292
1744471460516
2925504563556
1813108033892
1469510650212
2569022277988
2912619661668
1465215682916
2564727310692
1740093589860
2839605217636
1533935159652
1533997876648
2633509504424
1744203024980
2843714652756
1538044594772
2637556222548
1812922501716
2912434129492
1555224463956
2654736091732
1830102370900
2929613998676
1464962714264
2564474342040
1739840621208
2839352248984
1808560097944
2908071725720
1826004535896
2925516163672
1826059061848
1744203024984
2843714652760
1812922501720
1825807402584
1486685014632
2586196642408
1825723189668
2925234817444
1813123500376
2912618349924
1812839597460
2912351225236
1826008730212
2925520357988
1555425790564
1830303697508
2929815325284
1538044594788
2637556222564
2912434129508
1469325118052
2654664721748
1744400090452
2843911718228
2912362759508
1555207686760
1469325118056
1761366115748
2860877743524
1555476120996
1533665740136
2633177367912
2860806112680
1808543647080
2908055274856
2564453369256
1739819648424
2839331276200
1830303369816
1555425462872
2654937090648
2929814997592
1486705986136
2586217613912
2861095520856
1808813132436
2908324760212
1464947313300
2564458941076
1739825220244
2839336848020
1808544696980
2908056324756
2581634614952
1744400090456
1486702052696
2929811064152
1538241660248
1555421529432
2654933157208
1830299436376
1469522183512
2637753288024
1757272212824
2856783840600
2929592764776
1550930479524
2929597220264
1486488208808
2843697874344
1744388556116
1486690518356
2586202146132
1555409995092
2654921622868
1830287902036
2929799529812
2839332652372
1757070821780
2856582449556
1761379419556
2860891047332
1744454354260
1486707361428
2586218989204
2861096896148
1812918045076
2912429672852
1830097914260
2929609542036
2908319188328
1830282397032
1744383051112
2843894678888
1486685013352
2586196641128
2839604169364
1808812018324
2908323646100
1744387508884
2564743039400
2839617538712
1465013372248
2564525000024
1739891279192
2839402906968
1825808386472
2925320014248
2908140145064
2925247728276
1465294391956
2564806019732
1740172298900
2839683926676
1534013868692
2633525496468
1808891775636
2908403403412
1482474261140
2637737625192
1757005023656
1739825154472
2839336782248
1808560425624
1465294391960
1740172298904
2839683926680
1808891775640
2581922974360
1761634552472
1482188981588
2581700609364
1757066888532
2569105114452
2843983021396
2637824591188
1486773355860
2586284983636
1555492832600
2655004460376
1830370739544
2929882367320
1486773355864
2637553010008
2637468141160
1482458203496
2581969831272
1555409732964
2654921360740
2856516388200
2564453696932
1739819976100
1739903863460
2839415491236
1740109384356
2839621012132
1808828861092
1482411346596
2581922974372
2856863795876
1551114046116
2650625673892
1533930702228
2633442330004
1555203163544
2654714791320
1465278334360
2564789962136
1533997811096
2633509438872
1808875718040
2908387345816
1808891775656
1465214700200
1761379681700
1482473932200
2581985559976
2637469124008
2586264864420
1761631143588
2861142771364
1538292844196
2650420151892
1825786431060
2925298058836
1757066954324
2860827412900
1761315785124
1486437878180
1761568426344
2861080054120
1465215682920
2564727310696
1740093589864
2839605217640
1533935159656
2633446787432
1808813066600
2908324694376
1757284992356
2856796620132
1555153093988
2654664721764
2929542628708
1757356295844
1482194029140
1482209756836
2586280592792
2654647683748
2912636504468
1757353151060
2856578582104
2633240282712
1533728654936
1550908524120
2650420151896
1825786431064
2564520805976
1757066954328
2586280594084
1469523298964
2569034926740
1744401205908
1464947313316
2564458941092
1739825220260
2839336848036
1757353149796
2856864777572
1465295373668
2564807001444
1740173280612
2839684908388
1808892757348
2908404385124
2929542628712
1538296973732
1482462398884
2637808601508
1486757366180
1757284730452
2856796358228
1826004207188
2925515834964
1465226954324
2564738582100
2564738582104
1740104861272
1482406823512
1757284730456
1486690257256
2586201885032
1469308012132
2568819639908
1744185919076
2843697546852
1486487881316
2585999509092
1761365788260
2860877416036
1555220203112
2654731830888
1469308012136
2568819639912
2585932465764
1469593291156
2569104918932
1744471198100
2843982825876
2637553011288
1812919290456
2912430918232
1555221252696
2654732880472
1812922239380
2564805954212
1830103353752
2929614981528
1757016295060
2856527922836
1550857864852
1825735771796
1761563182740
2861074810516
1761647855256
1555224397464
2654736025240
1550863435172
1739836425892
2839348053668
2581722629800
1757088908968
2856600536744
2633189623460
1469505406632
2569017034408
2843894941352
1538224883368
1551131805332
2650643433108
1469527165284
1739837474452
2839349102228
1808556951188
2908068578964
1482139436692
2581651064468
1757285779092
2856797406868
1808825386644
2908337014420
1486690518360
2586202146136
1469510649176
1538230125912
2637741753688
1813108032856
1761568230056
1551115027800
2861162695064
1465029888408
2564541516184
1739907795352
2839419423128
1533749365144
2633260992920
1808627272088
1740093589092
1465025694104
2564537321880
1465214634648
2564726262424
1740092541592
2839604169368
1533934111384
2633445739160
1808812018328
2908323646104
2654920575640
1534014851752
1757017343640
1550858913432
2925248448152
2929543415448
2650638976664
1761312310936
2860823938712
1551131609432
1486420837780
1555476841876
2654988469652
2861146899860
1830354748820
1534002005396
2633513633172
1808879912340
2908391540116
1538023557476
1465009113444
1550908524132
2650420151908
1465009178212
2564520805988
1739887085156
2839398712932
2633240282724
2925298058852
1482189047396
1757088974228
2856600602004
1486703166872
2586214794648
2912703285588
1555221252776
1808891709076
2908403336852
2912698304148
1555488638612
2655000266388
1830366545556
2929878173332
1482474194580
2581985822356
1465294129496
2564805757272
1740172036440
2839683664216
1534013606232
2650705103192
1813186480472
2564790027944
1555472713384
1464959829412
1830367595108
2929879222884
1757066954344
2856578582120
1550908524136
2650420151912
1825786431080
2650637928104
1808557279652
2908068907428
1761634485592
2861146113368
1825991625060
2925503252836
1482411345240
1757289252184
1469324855716
2568836483492
1761579960728
2861091588504
1486702053784
2586213681560
2650373687896
1555489686888
2655001314664
1830367593832
1808606496084
2929879221608
1465009112404
1740160436648
2839672064424
2929866377640
2861146900904
1744455403944
2843967031720
2912686508456
1486757366184
2843963163992
1486756644504
2586268272280
1761634551448
1551178009172
1550858913444
2650370541220
1739837474468
2839349102244
1808556951204
2908068578980
2633459107492
1808825386660
1465228002980
2564739630756
2908138899880
2912434914648
2860827347540
2908408579432
2925248448168
1757017343656
2856528971432
1550858913448
2650370541224
1825736820392
1465228002984
1533947479720
2633459107496
1808825386664
1533732850340
2633244478116
1808610757284
2908122385060
1486685013592
2586196641368
1761562920536
2856868776276
2843697613140
1551126627732
2650638255508
1555493684632
2655005312408
1830371591576
2929883219352
1830370478696
1551127610776
2650639238552
1826005517720
2925517145496
1761583892904
2861095520680
2925566495396
2908404386468
1538044593828
1812922500772
2912434128548
1555224463012
2654736090788
1830102369956
2929613997732
1482210018980
1469325117092
1761294486168
2637808600472
1813174879640
1465282528664
2564794156440
1825786366312
1757290300772
1550926285140
2650437912916
1825804192084
2925315819860
2564525721940
2581705591124
1740176427364
2839688055140
1808895904100
2908407531876
1744405334376
1812902250856
2912413878632
1534017997160
2633529624936
1808895904104
2908407531880
1469523036584
2569034664360
2586217941348
1740177214100
2839688841876
2581923760548
1465232263588
2839415163284
1465295374740
2654720297368
1830086576536
2861074811288
1555492833688
1740173281688
2839684909464
1761585203560
2633194080676
1757084453284
2856596081060
1826058733988
1808874932648
2908386560424
1486689208744
2586200836520
2843648526760
1761635273128
1486438597988
2585950225764
2860828132708
1757351905880
2856863533656
1482205563480
2581717191256
1465294129752
2564805757528
2908403141208
1551115094420
2650626722196
1812918043988
2568753645924
1744119925092
2843631552868
1550846658196
2650358285972
1812855065252
2912366693028
1830034934436
2929546562212
1482142583460
2581654211236
1757020490404
1533998073176
2633509700952
2586264078744
1761630357912
2861141985688
1465277614488
2564789242264
1550908458328
2650420086104
1825786365272
2925297993048
1464947313240
2912631981716
2929883416920
2637552813720
1465232460372
2564744088148
1533951937108
2633463564884
1482412329556
2581923957332
2586285771348
1761652050516
2861163678292
2564744088152
1533951937112
2633463564888
1555471862360
1469521922660
2569033550436
1486701791844
2586213419620
1761379420776
2860891048552
2654932896360
1555475794536
2654987422312
1830353701480
2929865329256
1538246706580
2637758334356
1555426575764
1825736100196
2925247727972
2654938203540
1555425462884
1830303369828
1761311590756
2860823218532
1464964024980
2564475652756
1739841931924
2839353559700
1740092279448
2839603907224
2856801602200
1486433356452
2585944984228
1555207359144
2654718986920
1469253487272
2568765115048
1744131394216
2843643021992
1533662529876
2633174157652
2637740705364
2633529428312
1808895707480
1533677995364
1537961690472
2637473318248
1812839597416
2912351225192
2633189623140
1808555902308
2908407335256
1825739966100
2925251593876
1740172036708
1465294129764
2564805757540
1808891513444
1464958780824
2564470408600
1739836687768
2839348315544
1533678257560
2633189885336
1808556164504
2908067792280
2633513961044
1482210018984
2581721646760
1757087925928
2856599553704
1825807402664
1469325117096
2568836744872
1744203024040
1538040072856
2637551700632
1555421334100
2654932961876
1551130757476
2585929517656
2860807424600
2912347032152
1555137366616
1830015273560
1812835404376
1808874932888
1555153946984
1757351905896
1465294129768
2564805757544
1740172036712
2839683664488
1808891513448
2908403141224
1808556951208
2908068578984
1486416906648
2585928534424
1469527164244
1469308339540
1486501774996
2586013402772
2861095519828
2650642122324
2925520029268
1464958846292
1533678323028
1465231148628
2564742776404
1486433682772
1533951740328
1739823909268
2839335537044
2633463368104
1808829647272
2908341275048
1538040400468
2839688119912
1538313029224
2637824657000
2912702563944
2633529689704
1808895968872
1808561145192
2908072772968
1537978205544
2637489833320
1469577823896
1744132704664
2843644332440
1533679371876
2633190999652
1469527230100
2569038857876
1744405137044
2860824266088
1740173019544
1826009450084
1812855065256
2860827085480
1830034934440
2929546562216
1744135588520
1757269002580
2581902723412
1482122660180
2581634287956
1740089133396
1740105123240
2586264798804
2839616751016
2856578582164
1482189047444
2581700675220
1757335389844
2856847017620
2925298058900
2637803685524
1555471926932
2581919565396
1761567181140
2861078808916
1482473997672
2581985625448
1486702053976
2633512585896
2908390492840
1486774143396
2586285771172
1761652050340
2861163678116
1550862321044
1538241660324
2637753288100
1551126562212
2650638189988
1826004469156
2925516096932
1812839597476
2912351225252
1761631078996
2581969832532
1757336111700
2856847739476
1808875719252
2908387347028
1482458204756
1551177681492
2650689309268
1538292779604
1486420838824
2585932466600
2843895728472
1469506193752
1465211226456
2581902723416
2856780630360
2564454418776
1739820697944
2908051802456
1482391095640
1757269002584
2586017334948
1761383614116
2860895241892
1534014851732
2633526479508
1808892758676
2908404386452
1538309819028
2637821446804
1813187725972
1555489688212
2655001315988
1469590342292
1757335389848
2856847017624
2856578582168
2839335732580
2856868973208
1469594600808
2569106228584
1469527229848
2650643236248
1482411018856
1550858193256
2650369821032
1825736100200
2925247727976
2581922646632
1757288925800
2856800553576
1486433683816
2585945311592
2843911522708
1534001285732
2633512913508
1533678258788
2633189886564
1469526117012
2569037744788
1744404023956
2843915651732
1486483687780
2585995315556
1757273458020
2856785085796
1830287902052
1465026939544
2564538567320
2569101970072
1469321906840
1825991689896
1486422149480
2585933777256
2633193817752
2908071724696
1761315456664
1757020489368
2856532117144
2650373686936
1825739966104
1551181941348
1550858914404
1808555968852
2929609542052
1739825153704
2839336781480
1744198568356
2843710196132
1757272410788
2856784038564
1757087664804
1465299372388
2564811000164
2861162629476
1555476056680
2564742776408
1740109055576
1537973290328
2637484918104
1812851197272
1744131720536
2568765441368
2843643348312
1465294129508
2564805757284
1534013606244
2633525234020
1538308573540
1740089133412
2839600761188
1482391095652
2839332325732
1825988479332
1808610756244
2908122384020
1830086642008
1482189769368
2581701397144
1550909246104
2650420873880
2564790225572
1744471460520
2843983088296
1550925038996
2650436666772
1482391095656
1465211226472
1533930703208
2633442330984
1808808610152
2908320237928
1740092540564
1808812017300
1813187725988
2912699353764
1808892758692
1550845282728
2650356910504
1761567181144
2929592960680
2633530672792
1534019044712
2633530672488
1808896951656
1555141559720
2654653187496
1830019466664
2929531094440
1464947246504
2564458874280
1739825153448
2839336781224
2861142706776
2908387347032
1551177681496
2650689309272
1826055588440
2925567216216
1482458204760
2581969832536
1465278335576
1808623077012
2633441348244
1744199813800
1739904846504
1533662333352
1830034934356
2908403139924
1551193474388
1486768964948
2586280592724
1761646871892
2861158499668
2925583009108
1465294128468
2925503515220
1551113980500
2650625608276
1825991887444
2912367805780
1761646806676
2861158434452
2581969110436
1550930545044
1465215681896
2564727309672
1740093588840
2839605216616
1830287902056
2929799529832
1812906509908
2912418137684
1830086379092
2929598006868
1538040138088
2637551765864
2912429672808
2929609542056
1533931031124
2633442658900
1808808938068
2908320565844
1555153947284
2654665575060
2925503515304
1757017410196
2856529037972
1486434470548
1469521922456
2569033550232
1744399829400
2843911457176
1486685342040
2586196969816
2569089123748
1486757365156
2586268992932
1538296972708
1469577495972
2843984136532
1486774470996
2586286098772
1761652377940
2861164005716
1538314078548
1826076887380
2925588515156
1757357410644
2929812112788
2633525429924
2912698304164
2655000266404
1830366545572
1482474194596
1469589292708
2569100920484
1744467199652
2843978631528
1538308573544
2637820201320
1813186480488
2912698108264
2586268994196
1761635273364
2861146901140
1555422382676
2654934010452
2586214533716
1486702905940
2861092440660
1830300289620
2929811917396
1808892560724
2908404188500
1826072429908
1739904648532
2839416276308
1744199615828
2912430720340
1757083470484
1825802947220
2650705103508
1826071382676
2925583010452
1465294129812
2564805757588
1740172036756
1538044529236
2633442330008
2581705917848
2564805756500
1830102042968
1538230191512
2637741819288
1813108098456
2912619726232
2637740706408
1813106985576
1555220006296
2654731634072
1533934110360
1825803994456
2925315622232
1555221054808
2654732682584
1830098961752
2929610589528
2912699155800
1761379485016
2843631487640
2861141985700
2856847018404
1555488443032
1830366349976
2655000070808
1757083470488
2856595098264
1550925040280
2650436668056
1825802947224
2925314575000
2929877977752
2586200901992
2564457891172
2843693614436
1533728589156
1486483948900
2585995576676
1761361855844
2860873483620
1469304079716
2568815707492
1744181986660
2912413091172
1486768964952
1813186479448
1808891512152
2908403139928
1551193474392
2650705102168
1534013605208
2633525232984
2637820200280
2925521077844
1555426510420
2654938138196
2568770356820
1761316505172
1537978205780
2637489833556
1830304417364
1813124548180
1486506035608
2586017663384
1555158074968
2654669702744
1464963761752
2564475389528
1739841668696
2856801601112
2637485705880
2654665575064
1482462397864
2581974025640
1538296972712
2637808600488
1534002005416
1825803994468
2925315622244
1555221054820
2654732682596
1757084517732
2581718238564
1830098961764
2929610589540
1486501578084
2586013205860
1533662530148
2633174157924
2929526901348
2650710608216
2925588515160
1551198980440
1486774471000
1813191985496
1826076887384
2654731635364
1830097914532
2908403141284
1808891513508
1538308573860
2637820201636
1813186480804
1757083470500
2856595098276
1551193475748
1538308769448
1813186676392
2912698304168
2654934010456
1551127415384
2650639043160
1826005322328
2925516950104
2925315622248
1808624125288
2908135753064
1482206610792
1469321708904
2568833336680
1538041185640
2637552813416
1830098961768
1555489490280
1469325052504
2568836680280
1538044529240
2637556157016
1757083470504
2856595098280
1482205563560
2581717191336
1465294129832
2564805757608
1740172036776
2839683664552
1761378437800
1482473999016
1551109523860
1533931031188
2633442658964
1808808938132
2908320565908
2581903051412
1551110900372
2650622528148
2925500435092
2929795402388
1555158074980
2654669702756
1830035981924
2929547609700
1469258729060
2568770356836
1537978205796
1533728589160
2637489833572
1757021537892
1469304079720
2568815707496
1744181986664
1538023556456
2637535184232
1830081332584
2654715053416
1533662529108
2633174156884
1757000828500
1830015272532
2633442331028
1551110572436
2650622200212
1825988479380
2925500107156
1465211226516
2564722854292
1482391095700
2581902723476
1533930703252
1744186246756
1555426575780
2654938203556
1830304482724
2929816110500
2856801601128
1761316505192
2860828132968
1830035981928
2929547609704
1813103577496
2637737298328
2912615205272
1555405539736
2654917167512
1482391095704
2581902723480
1533930703256
2633442331032
1808808610200
2843647215268
2929546561188
1830034933412
2564474341028
2637488785060
2912366692004
2633462253156
1808828532324
1830303368804
2925520029284
2912635127396
1538245592676
2637757220452
1813123499620
2654651943332
1830018222500
2929529850276
1469240969636
2568752597412
1486420838820
2585932466596
1761298745764
1537960446372
2637472074148
1550909246116
2654916118936
2929794025880
1482390047128
2581901674904
2569016773016
2925500107172
2856780630436
1757269002660
1482391095716
2581902723492
2637468862884
2568749386148
1744115665316
2843627293092
1555405539748
2843899987604
1533931031192
2633442658968
1808808938136
2908320565912
2650622528152
2925503318372
1482394306916
2581905934692
1757272213860
2856783841636
2912618416484
1551193408868
1825720305240
2925231933016
1761295795800
2581634549336
2856512456280
1812835403352
2912347031128
2568749647448
1465278335588
2637804407396
1555405539752
2654917167528
1830283446696
1761563969960
2586197690792
1808808610216
2568749386152
2908320237992
1482391095720
2581902723496
1482411279700
2581922907476
1555425723732
2654937351508
1813123761492
2912635389268
2912703546724
2569038857640
1744405136808
2843916764584
2585932465556
1555140314516
1533665478036
1808543384980
2908055012756
1830018221460
1744118875540
2843630503316
1482189768340
2581701396116
2925520291160
1538245854552
1761315456680
1538314077860
1538023294632
1551113782612
2650625410388
2564739959124
1482408200532
1537974339924
2637485967700
2912363874644
1812852246868
2585946360148
1555154209108
2654665836884
1551127677268
1744404022888
2586217612904
1808556229992
1812851197288
2912362825064
1538245592680
2637757220456
1813123499624
1761298745768
2860810373544
2650356976040
1825723255208
2925234882984
1550859241816
1555154209112
2633459435864
2908337342808
1469254863192
1537974339928
2568766490968
2637485967704
1808825715032
1465228331352
1534001284692
2633512912468
2908390819412
1812905723476
2912417351252
2861146179156
1555207685716
2654719313492
2843697874516
1469308339796
1469590144404
2569101772180
1538041185684
2637552813460
2564806804884
1740173084052
2839684711828
2908404188564
1469321708948
2568833336724
1830035195236
1826008663396
1757289186660
2856800814436
2912366953828
1761315718500
2860827346276
1761567181160
2861078808936
1482394306920
2581905934696
1538045577812
2637557205588
1538314013268
1533732849240
2633244477016
2569088403032
2843966309976
1538027816536
1812905723480
1469308339800
1465013372504
2564525000280
1739891279448
1469321708952
2568833336728
1744199615896
2843711243672
1812919092632
2912430720408
1486501578136
2586013205912
1469590144408
2569101772184
1740109317480
2839620945256
2633462515048
1808828794216
1808543384984
1812838352280
2912349980056
1551193474404
2650705102180
1808891512164
2908390820456
2912698107236
1813186479460
1465299569240
2564811197016
1469326101080
2568837728856
1486774405720
2586286033496
2860874270360
1757067675288
2856579303064
1550909245080
1757088975268
1550930545060
2650442172836
1825808452004
2925320079780
2633194866324
1551131543188
1555426510484
2654938138260
1550859241828
2650370869604
2856797735268
1486703167844
1537974339940
2637485967716
1744401205604
1826005584228
2925517212004
2843644397924
2843644136100
1486434470564
2581651131044
1482394305880
2581905933656
1808811820376
1482143631000
1551131543192
2650643170968
1826009450136
1469258729112
1464959895912
2564471523688
1739837802856
1744132770152
2843644397928
1469254863208
2839349430632
2860824267112
2633244477028
2908122383972
2861146179172
1533732849252
1826059060836
1486488208996
1469576775268
2569088403044
1744454682212
2843966309988
2650639043172
1826005322340
2925516950116
2654934010468
2929811917412
1808825453156
2908337080932
1482206610852
2581718238628
1533746218404
2633257846180
1808624125348
2908135753124
1550926087588
2650437715364
1812919092644
2912430720420
2654668917156
1469326165396
1482211067284
1825807338084
2925318965860
2581722695060
2633262302612
1486774405732
2586286033508
1761652312676
2564793435752
1740159714920
2839671342696
1830371789412
2929883417188
2925570688616
1465013372520
2564525000296
1739891279464
2839402907240
1555153946260
2654665574036
1830031853204
1465295177128
2564806804904
2650437715368
1825803994536
2925315622312
1534014653864
2633526281640
1744199615912
2843711243688
2860891112872
2654737074792
1830371789416
2929883417192
1808628517480
2650442106468
2650705102184
1465294128488
2564805756264
1740172035432
2839683663208
2586280592744
1808891512168
1826009450148
2564743825060
2925521077924
1757289973412
1469527164580
2839621732004
1744136636068
2843648263844
2637489833636
1812856112804
1538242512468
2637754140244
2908337342888
2650441057876
1830102304340
1482209953364
1551198980772
2650710608548
1538028602984
1812906509928
2912418137704
1464963761832
2564475389608
1825741014696
1533951674024
2633463301800
1808829580968
2650374735528
1469258729128
1830035981992
1555426510504
2856529037992
2654938138964
2929799596644
1538314078568
2637825706344
1813191985512
2912703613288
1465298324052
2564809951828
1757356100180
2856867727956
2585928272468
2860806179412
1830014028372
2929525656148
1469236775508
2568748403284
1744114682452
2843626310228
1486416644692
1808627468904
1744202959464
2843714587240
1740088084900
2839599712676
1813102528932
2912614156708
1744383052196
1486685014436
2586196642212
1761562921380
2861074549156
1538224621988
1465029888600
1486504725080
1550858978968
1757087664728
1830370544216
1808895707736
2908407335512
1808808938148
2908320565924
1757000828516
2856512456292
1533662529124
2633174156900
1739836492372
2655000003944
2581990083224
1482209953368
1486706247060
2650373948820
1555157288340
2654668916116
1826008663444
2925520291220
1830303630740
1555425723796
2654937351572
2929815258516
1812850869604
1813103904404
2912615532180
2912362497380
1469506520724
2569018148500
1761564296852
2861075924628
2633260993124
1808627272292
1808895707748
2908407335524
2585949439384
2569038005656
2586217874840
1761584154008
2861095781784
2654668916120
2650373948824
1830303630744
2925520291224
1482411279768
1757071149400
2856582777176
2650440862312
2585928272472
1808539191896
1469236775512
2568748403288
1744114682456
2843626310232
1537956252248
2637467880024
1486773160552
1744388557204
2843900184980
1555409996180
1830287903124
2929799530900
1808813066644
2908324694420
1813108033940
2912619661716
1465228331412
2564739959188
1740106238356
2839617866132
1469523298708
2569034926484
1808825715092
2929543743892
1482408200596
2581919828372
2912614156712
1555404491176
2654916118952
1830282398120
1761562921384
1482390047144
2581901674920
2856779581864
2861074549160
2564723182248
1740089461416
1761312639384
1465228331416
1464959895960
2564471523736
1533679372696
2581919828376
2856797735320
1555154209176
2654665836952
1740106238360
1757004761428
2856516389204
1757273196884
1469510388052
2569022015828
1744388294996
2843899922772
2843627554408
1537957496424
2637469124200
1812835403368
2912347031144
1744454682260
1825790625428
1812905723540
2912417351316
1486756644500
2586268272276
1761634551444
2929597220500
1533996763796
1486437811620
2585949439396
2912366953892
1555157288356
1464962975140
2564474602916
1739840882084
2839352509860
2860810372516
2908055012772
1739823908260
2839335536036
2912349980068
1744118875556
2843630503332
1486420837796
1486421821784
2585933449560
1744204008084
2843715635860
1482211003028
2581722630804
1486505970324
2586017598100
1486774405780
2586286033556
1761652312724
2861163940500
1830354028184
1739891279512
2839402907288
2585996363428
1761362642596
2860874270372
2925298779812
1465009899172
1538024343204
1550926350932
2650437978708
2581718501972
1830099225172
2929610852948
1744199879252
2908136016468
1812852245908
2856532379048
1486437811624
2637489046952
2912366953896
1486706247080
1555157288360
2654668916136
2912635389352
2569022278056
1486505970328
2586017598104
2929614981784
1761652312728
2586286033560
2861163940504
1486774405784
2654737074840
1830103354008
1465031133848
1534014851492
1486689273188
2861078807908
1550845609304
2650357237080
1825723516248
2925235144024
2856847738468
1761631077988
2861142705764
1465278334564
2564789962340
1533997811300
2633509439076
1482458203748
2581969831524
1538292778596
1465228331428
2564739959204
1761312639396
2860824267172
1469523298724
2569034926500
1744401205668
2925248776612
2843900184984
1813108033944
1482408200616
2581919828392
1757286107560
2856797735336
1533678257748
2633189885524
1757284992596
1808556164692
2908067792468
1469253748308
1744131655252
2843643283028
2856528184916
1761311524436
2839604955492
1465215420772
2564727048548
1740093327716
1533934897508
2568753580388
1538229864804
2637741492580
1813107771748
2912619399524
2581973304996
1482461677220
1744186246820
1469308339876
2929865655972
1550912718500
1830085592740
2929597220516
2843697874596
2861146179236
2586281837972
1551193408872
2633189885528
1808556164696
2908067792472
1469253748312
2568765376088
1744131655256
2843643283032
1482138650200
2585945245272
1761311524440
2861079791976
1482126854504
2581638482280
1465215420776
2564727048552
1740093327720
2839604955496
1757273196904
2856784824680
1757004761448
2925588449956
1826076822180
1555493882532
2925570688680
2655005510308
1830371789476
2929883417252
1739891279528
2860895505060
1469326101156
1465013372584
1482461677224
2581973305000
2929609476440
1808623012184
1739903535448
2637551700312
2569106164392
1555493882536
2655005510312
2908408580776
1486774405800
2586286033576
1469594536616
1825808386728
1538024343208
2637535970984
2856579303080
1486484735656
2585996363432
1482189768360
2581701396136
1761362642600
2912413877928
1830099225176
2929610852952
1813191984808
2912703612584
2861158762904
2564807002536
1482394305896
2581905933672
1757272212840
2856847738472
1830019533480
2929531161256
1551126562404
2650638190180
1825736033892
2925247661668
1533678257764
2633189885540
2929542628964
1830031001188
1739836687972
1744400090724
2912417088856
1465211291284
1469253748328
2568765376104
1537973225064
2637484852840
1813119567464
2912631195240
1486506034596
2860823152232
1739836687976
2839348315752
1538045642148
1813191722324
2839420470612
1808628319572
2908139947348
1825808188756
1482479240532
2843715437908
2925319816532
1739908842836
1830103156052
1534017800852
2633529428628
1465298324116
2564809951892
2633190737572
1482139502244
2581651130020
1550858978980
2650370606756
1825736885924
1537974077092
2637485704868
2912363611812
2655001314712
1830367593880
2929879221656
1538313815384
2637825443160
2655005312344
1555493684568
1812923286872
1555225249112
1757088712024
2856600339800
1465030935896
2564542563672
1808897017188
2908408644964
1486774469988
2586286097764
1761652376932
2908407335576
2581989821080
1550929234584
1808895707800
1486773422756
1482478455460
2581990083236
1757356362404
2856867990180
1537978206628
2637489834404
1482143631780
1538044528228
2637556156004
1812922435172
2912434062948
2908139095652
2581721581156
2856599488100
2581721384296
2650643171684
1555426511204
2654938138980
2929816045924
1486707034468
2586218662244
1825808188772
2925319816548
2654736876900
2929614783844
1757357147492
2856868775268
1757088712036
2856600339812
1551198717284
2650710345060
2633529689748
2929546824104
1757356100260
1534017800868
2633529428644
1808895707812
2839419423396
2581989821092
2925318769316
1739907795620
2908138900132
1551197670052
1486416644708
2585928272484
1469236775524
2568748403300
1537956252260
2637467880036
1830014028388
2929525656164
2929610852004
1555225511336
2654737139112
1469326165416
1533750674856
2633262302632
2569022277016
1486505772392
1761383679336
1486774207848
2586285835624
2912434914664
1825808188776
2654736876904
1555493684584
2655005312360
2581990868328
2908407335592
1534017800872
2633529428648
1808895707816
2637824395944
1813190675112
2912702302888
1551197670056
2650709297832
2856529036968
1486434469544
2585946097320
1761366115668
1533732848980
2585945311636
1740176493224
2839688121000
1482478455464
2581990083240
1757356362408
2856867990184
1538229864852
2637741492628
1551114766740
2650626394516
2925504301460
1555409734036
2654921361812
1812839336340
2912350964116
1486421821844
2861091653972
1740093327768
1469510388120
2569022015896
1744388295064
2843899922840
1538229864856
2839604955544
2637741492632
2856801601896
1486707034472
2586218662248
1744118810964
2843630438740
2633177041236
2908054948180
1830019533396
2929531161172
2843631815252
1482127182420
2581638810196
1486422149716
2585933777492
1761300056660
1761651328664
2861162956440
2843982826132
1555203163476
1757335061844
2856846689620
1812901201236
2912412829012
1744181724500
2843693352276
1830287903140
2929799530916
1469510650276
2569022278052
1744388557220
1486690519460
1808874669400
1486483686744
1830349505880
2908386297176
2650419823960
1482407085716
1551126562452
2650638190228
1826004469396
1757284992660
1761579959956
2912631195284
2856796620436
2929542629012
1469522183828
1551114766756
1482395290020
1744119859620
2908134967700
1482193241432
2581704869208
2856582776152
1739836492376
2839348120152
2925516097176
1761579959960
2861091587736
2564453434968
1533661283928
2633172911704
1482395290024
2581906917800
1757273196968
1830097848676
1550924974436
1757273458068
2856785085844
1465215681940
2564727309716
1533935158676
1482395551124
2581907178900
1538230125972
2637741753748
1551115027860
1812919356004
2912430983780
2925315885668
1757084781156
2856596408932
1761379748452
2856780957352
1533665413464
2633177041240
1808543320408
1740155192676
1825786103140
2925297730916
2650688259428
1826054538596
1757066626404
2856578254180
2860873221476
2908056324696
1482127182424
2581638810200
1757005089368
1486422149720
2585933777496
2586280593812
1486417627732
2585929255508
1537957235284
2637468863060
1825720044116
1551110572628
2650622200404
1757269002836
2581902723668
2925231671892
1486438926676
2585950554452
1465232525652
2856533494100
1830036310356
2929547938132
2568770685268
2860828461396
1469259057492
1537978534228
2929861133672
1465008850280
1555471598952
1757066626408
1757335061864
1482188719464
2581700347240
1555476908708
1830354815652
2929866443428
2908067792548
2856796620452
1533678257828
2633189885604
1808556164772
1550926349908
2650437977684
1465027003988
1739904910932
2839416538708
1533746480724
1482206873172
2581718500948
2564525787796
1469309127316
1761366903444
1740089133656
1808540174936
2908051802712
1551110572632
1825988479576
2925500107352
1465211226712
1482391095896
2581902723672
2839600761432
2654670031192
2843648592216
2586218989912
1761585269080
2581655587160
1555426838872
2908341537112
1550863436120
2650375063896
2585950554456
1808892757412
2908404385188
2581918713512
1757284992680
2856796620456
1486433617576
2585945245352
1469325903252
2568837531028
2856868775316
1744203810196
2843715437972
1533750610260
1757088909652
2564794223188
1740160502356
1761383876948
2633262238036
2856600537428
1482205497704
1537974012500
2637485640276
1538045379992
2637557007768
1469325903256
1486434404948
2585946032724
2861080053144
1757088712088
1486774207896
2586285835672
1465281480040
2564793107816
1740159386984
2654648732260
1830015011428
2929526639204
1744115665508
2843627293284
2843895728740
1469506194020
2569017821796
1486686063204
2586197690980
1808606497188
2908118124964
1486438926692
1482143959396
1537978534244
2637490162020
1757021866340
2856533494116
2585950554468
1486422084260
2585933712036
1761299991204
2860811618980
2925588514456
1551110572648
2860807162472
2581634288232
1757000567400
1550842137192
2650353764968
1465211226728
2564722854504
2929526639208
1469237758568
1555158403432
1830036310376
2568770685288
1551131871592
1761316833640
2650643499368
1550863436136
2650375063912
2856801929576
1482412394856
1813169899876
1482457418084
2581969045860
2856846952804
2586264013156
1813124548248
2912636176024
2564538631768
1739904910936
1538028604056
1739823909540
2839335537316
1464946002596
1757357147556
2637557007780
2929614783908
1469325903268
2568837531044
1761383679396
2860895307172
1465030935972
2564542563748
1739908842916
1465009112468
1830081332628
2929592960404
2912434914728
1555225249192
1551198717352
2650710345128
1826076624296
2925588252072
2843715437992
1486505772456
2586017400232
1757088712104
2569105901988
1482211002712
2581722630488
1757088909656
2856600537432
2564794223192
1740160502360
2861146966616
2654983488852
2929861395796
2861141919060
1761630291284
2581969044820
1482205562516
2929883482788
1555221055060
2839684712020
1534014654036
2633526281812
1808892560980
1486770013780
2586281641556
1555489490516
1465295177300
1555404753236
1464942004564
1739819911508
2839331539284
2654916381012
1808539388244
2908051016020
2856511408468
2654647945556
2929525852500
1465211291288
2564722919064
1744468051544
1465295177304
2564806805080
1534014654040
1830367397464
2929879025240
2655004526244
2568833336920
2929882433188
1482143630756
2581655258532
2908386362776
2564722067800
1744383314264
1739819911512
2654647945560
2569017035096
2843894942040
2929794287960
1538224884056
1465210440024
1533929916760
1482457154964
2912631195992
1538023294360
1812901201304
2912412829080
1486483686808
2585995314584
2861159548516
2839684712036
1465295177316
1740173084260
1757084517988
2856596145764
2655001118308
1482121873764
1740088346980
1756999780708
2569017035108
2839599974756
1808807823716
2908319451492
1482390309220
2861091653988
1486702119268
2568749648536
1744115927704
2843627555480
1486417889944
2929610589800
1469321709160
2568833336936
1538041185896
1486501578344
2569101772392
1739823843684
2839335471460
2564742776468
1740109055636
2912362825108
1739836753300
2839620683412
1465231148692
1555425461908
1830282660200
2581922645652
1812839664228
1744131720596
1464958846356
2856516717156
1482478454440
2581990082216
2856867989160
1812856112552
2912367740328
2581655258536
1757021537704
2839603972708
2633442331284
1813103577748
2912615205524
1739820698260
2839332326036
1808540174996
2908051802772
1482122660500
2581634288276
1808808610452
2654938466708
2861096896916
1538246969748
1813124876692
1533952002452
2633463630228
1551131871636
1482394306964
2581905934740
1830286657940
2929798285716
2861078808980
1744387312020
2843898939796
1486689274260
2586200902036
1761567181204
1469303817640
2568815445416
1538023294376
2637534922152
1486483686824
1555203163560
2654714791336
1555140248916
1550842137240
2650353765016
1761295534744
2860807162520
2925231671960
1465211226776
1533930703512
2633442331288
1808808610456
2908320238232
1808829909400
1551131871640
1826009778584
2860811683412
1813123500712
2912635128488
1555425462952
1740109056680
1744114681448
2843900183972
1465215681956
2564727309732
1740093588900
2839605216676
2839336519320
1482474259796
2581985887572
1757352166740
1551193736532
2650705364308
1826071643476
1555488703828
2655000331604
1808623338836
2908134966612
1537960380776
2912349915496
1486420773224
2585932401000
1464945936744
2564457564520
1739823843688
2839335471464
2925234817384
1533665413480
2839620683416
1482411017880
2856800552600
1533950625432
2633462253208
1808828532376
2908340160152
1830031066520
2564458941032
1739825220200
2839336847976
1744131720600
1465294390616
2564806018392
1482474259800
2581985887576
2856780630692
1808808610468
2908320238244
1465211226788
2564722854564
1740089133732
2839600761508
1825988479652
2925500107428
1533930703524
2856801929636
1551131871652
2650643499428
1826009778596
2925521406372
1465232525732
2564744153508
1740110432676
2839622060452
1533952002468
1486500463972
2586012091748
1761378370916
2860889998692
1812917978468
2912429606244
1555219940708
1482205496676
2568820755108
1739892066980
2839403694756
1740089133736
2839600761512
1533930703528
2633442331304
1808808610472
2908320238248
1482391095976
2581902723752
1830283446952
1551110572712
2633458386264
1808824665432
2650638255448
2925516162392
1757285057880
2581918778712
1482407150936
1826009778600
2925521406376
1761585269160
2586218989992
1813123761748
2912635389524
1465232525736
2564744153512
1744135849556
2843647477332
1464962975316
1482394306968
1486689274264
2586200902040
1761567181208
1469240903000
1744135587172
1482127181400
2581638809176
1757005088344
1808544695896
2908056323672
1812839663192
2912351290968
2912635389528
1813123761752
2839352510040
2633194079832
2843647477336
1808560359000
2908408383128
2564805756308
1740172035476
2839683663252
1482473997716
2581985625492
1744204007780
1538297039460
2637808667236
1813174946404
2912686574180
1555476908644
2654988536420
1830354815588
1482462464612
2569100985700
2654921622952
1830287902120
2929799529896
2843978892644
1757083731300
2925314835812
1744132442724
2843644070500
1464959568484
1808813065640
1469577823636
2586000623252
1761366902420
2637540230804
1555208472212
1469576710756
2569088338532
1744454617700
2843644398164
1469523298900
1538242775636
2637754403412
1813120682580
2633459436116
1808825715284
1538309884564
2637821512340
1813187791508
2912699419284
2861158761832
1486500791656
2586012419432
1761378698600
1465294390632
2564806018408
1534013867368
2633525495144
1744472508820
1808897018260
1761652378004
2586286098836
1465299634580
2843984136596
2861164005780
2654719051364
1830085330532
2929596958308
1555422644824
2654934272600
1469523298904
2569034926680
1744401205848
1830032116312
2929543744088
1464959896152
2856600536404
1757088908628
1533750609236
2568837727572
1538041185940
2637552813716
1744468051604
2843979679380
1486770013844
2586281641620
1761647920788
2861159548564
2856864581268
1551194523284
1555219940712
2633194079844
2908340422244
1482411279972
2581922907748
1551130756708
2650642384484
1465231410788
1740109317732
2839620945508
2839419619988
1533749562004
2586016549524
1761382828692
2860894456468
2581721582228
2650441058964
2860806375828
2564722067860
1740088347028
2839599974804
1533929916820
2633441544596
1808807823764
2908319451540
1533733636776
2633245264552
1808611543720
1538028604072
2637540231848
1744199616152
2843711243928
1538041185944
1812919092888
1555489490584
1830367397528
2929879025304
1486770013848
2586281641624
2564520740260
1486483948964
2585995576740
1761361855908
2860873483684
2856779843992
1757268216216
2650621413784
1825987692952
2856867924564
1465298520660
2564810148436
2843983022676
1830282660248
1761651264084
2861162891860
2569105115732
1486417693012
2650353830228
1825720109396
2925231737172
1482122725716
1757000632660
1465294128536
2564805756312
1740172035480
2839683663256
2839672130152
1482462464616
2581974092392
1757340371560
2856851999336
2843967097448
1534002072168
2633513699944
1808879979112
1465282595432
2929543744100
2908068907620
2581651393124
1757017672292
2856529300068
1469505145492
2568766163560
1744132442728
2843644070504
2929861395812
1744450422116
2843962049892
1761630291300
1757335324004
2637754403432
2912632310376
1555422644840
1830300551784
2929812179560
1464959896168
2564471523944
1739837803112
2839349430888
1813187528356
1538309621412
1482206611108
2581718238884
2912699156132
2929879025316
1486501578404
1537957497508
2637469125284
2581634550436
1464943053476
2564454681252
2581991131544
1482122922660
2860807424676
2856600536408
1808628516184
2908140143960
1469326099800
2568837727576
2929794288036
1486685276580
1761563183524
2861074811300
2925499320740
2655001118376
1830367397544
1761647920808
2861159548584
1465026741928
2564538369704
1739904648872
2839416276648
1533746218664
2633257846440
1830102305432
2929613933208
1469325052568
1465299307172
2564810934948
1740177214116
2839688841892
2929795336804
2586197953124
1469506456164
2569018083940
2908320500324
1486686325348
1739823909544
2861074811304
1830282660264
2929794288040
2655004199336
1830370478504
2912702499416
1555492833880
2655004461656
1469593487960
2569105115736
1744471394904
2843983022680
1538312964696
2637824592472
1813190871640
2586197951832
1761630291304
2861141919080
2843962049896
2839601022548
1482391357012
2581902984788
1757269263956
1533930964564
2654917428820
1830283707988
2929795335764
1830015273640
2929526901416
1469238020776
2568749648552
1744115927720
2843627555496
1486417889960
2585929517736
1465231148696
2564742776472
1830303631780
1826008401572
2925520029348
1555425461924
2654937089700
1830303368868
2929814996644
1465231148708
2564742776484
1740172297620
2839683925396
1808891774356
1825803208084
2925314835860
1465211488872
2564723116648
1740089395816
2839601023592
1533930965608
2633442593384
1808808872552
2908320500328
1486686325352
2586197953128
2839683925400
1808891774360
2908403402136
2586012419480
1757352166808
1757083731352
2856595359128
1465013044564
2564524672340
1739890951508
2839402579284
2912417023316
2908390491476
1533732521300
2633244149076
1808610428244
1534000956756
1555421594980
2654933222756
1761567181220
2861078808996
1757272213924
2856783841700
2912618416548
2856512456344
1550842398360
2929862183588
1808543319396
1537960379748
2929529783652
1555140248932
2654651876708
1830018155876
2637472007524
1469240903012
2839402579288
1808610428248
2908122056024
1761365787992
1465281480024
2564793107800
1740159386968
2839671014744
1740109317780
1533950887572
2908340422292
1482411280020
2581922907796
1551130756756
2650642384532
2929546823316
1825724565092
2925236192868
2860811683428
1812918307220
2912429934996
1469253552728
2568765180504
2586197952088
1761564231256
2861075859032
1740089394776
2839601022552
2650622461528
1482391357016
2581902984792
1465211487832
2564723115608
1761584154264
2861095782040
2908340422296
2633509505364
1808875784532
2908387412308
1813170751828
2912682379604
1469573368148
2569084995924
1744451275092
2843962902868
1825787218260
1465014160036
2564525787812
1538228880788
2637740508564
1555408749972
2569021031828
1551113782676
2650625410452
1744387310996
2843898938772
1761378698660
2860890326436
2912698369444
1538308834724
1761647134116
2861158761892
1757352166820
2856863794596
1482205824420
2581717452196
2586264798868
1538292778644
2637804406420
1813170685588
2912682313364
1761631078036
1555472647828
2654984275604
1469573301908
2569084929684
1761631144280
2861142772056
1830350621016
2929862248792
1469573368152
1744451275096
2843962902872
1813170751832
2912682379608
1482189834584
1555154209428
2654665837204
1830032116372
2929543744148
2586214795924
1808557279892
2908068907668
1486703168148
2633462253224
1808828532392
2912362825128
2908340160168
1551130494632
2650642122408
2929542694312
1465231148712
2564742776488
1744131720616
2843643348392
2650436928936
1757083731368
2856595359144
1550925301160
1739890951524
2839402579300
1808610428260
2586267944292
2564793107812
1740159386980
2839671014756
2581651393176
1830032116376
2929543744152
1469254863512
1486434732696
2585946360472
2856797735576
1757286107800
1744119859796
2843631487572
1761299728980
2860811356756
1830019205716
1830287641172
2929799268948
2654921362004
2912685458792
2650424018280
2839402579304
1538241725800
2925251856036
2861095782052
1482394306984
2581905934760
1537961429592
2637473057368
1551114766936
2650626394712
1825992673880
2925504301656
2912619399768
1555409734232
2654921362008
1830287641176
1537960379752
2637472007528
1812838286696
2912349914472
1555140248936
2654651876712
1830018155880
2929529783656
1825740228264
2860827346600
2586217875112
2861095782056
1825724565096
2925236192872
2650358285928
2925251856040
1550862321320
1739825219176
2929593813348
1486484801892
2861142772068
1469573368164
2569084995940
1757336176996
2856847804772
1744451275108
2843962902884
1486753237348
1808891512228
2908403140004
2569100723620
2908138899796
1533749365076
2633260992852
1808627272020
1550929234260
2650440862036
1538044332372
2637555960148
1465029888340
2564541516116
2856579369320
1825787218280
2925298846056
1744451275112
2843962902888
1555472714088
2654984341864
1555204278632
2654715906408
1538028603044
2637540230820
1550913504932
2650425132708
1486434732708
2585946360484
1812852247204
2650370869924
1555422644900
2654934272676
1830300551844
1813120682660
2569088075112
2843965982056
2843962836632
1538292778648
1813170685592
2586264798872
1761631078040
2839419357604
1555493881176
2655005508952
1808897018276
2908408646052
1534019111332
1537974340264
2637485968040
2925248776872
1469523298984
2569034926760
1744401205928
1464959896232
1537961429604
2637473057380
1812839336548
2912350964324
1555141298788
1830019205732
2654921362020
2586201885284
1533934897764
2929799268964
1812923483492
1830103352676
2929614980452
1825808385380
2925320013156
2843715634532
1761383875940
2860895503716
1739909039460
2861092440740
1830300289700
2654934010532
2929811917476
1761580812964
1744400943780
2843912571556
2586214533796
1533662528852
1744202959524
2843714587300
1808540435796
2633174156628
2908052063572
2912367019352
1469241952872
2568753580648
1744119859816
1757273197160
1555409734248
2654921362024
1830287641192
2929799268968
2564727048808
1550846331496
1744401140072
1830036244820
2912703612308
1465298520676
2569105115748
1744471394916
2843983022692
2586284984932
2861162891876
2564810148452
1740176427620
2839688055396
1469593487972
2585929320804
1533947545236
2633459173012
1551127414420
2650639042196
1538242512532
2637754140308
1813120419476
2912632047252
2843643348372
1555224201560
2654735829336
1465029888344
2564541516120
2568836483416
1744132703640
2843644331416
1465282595428
2564794223204
2564471196260
1761584941460
2861096569236
1830370739796
2929882367572
2839688054356
1469593486932
2581991131560
1757357410728
2843984136616
1486417691988
2585929319764
1825790626196
2925302253972
1757071149460
1739820762452
2839332390228
1465013373332
1739891280276
2568749450580
1825808385384
1757088908648
2569089189480
1740160501352
1555225249364
2654736877140
1808628319828
1812923287124
2912434914900
1465299371604
2564810999380
1740177278548
2586214533800
2839617604264
1482407938728
2581919566504
1757285845672
2856797473448
2564453436052
1739819715220
2908390819428
1744404022932
2843915650708
1808543582548
1469325052584
1465214634324
2568836680360
1744202959528
2843714587304
2856599489192
1465215681960
2564727309736
1740093588904
2839605216680
1739908843096
2839420470872
1538045380184
1465299371608
2564810999384
1740177278552
2839688906328
1534018848344
2633530476120
1808896755288
1534001285460
2633512913236
2925503514968
1482394503512
2929798482264
2839604169048
1465214634328
1740092541272
1538224687700
2637736315476
1757268019796
2856779647572
1469505210964
2569016838740
2581919762772
1825720305316
2925231933092
2564454680228
1464943052452
1555492833896
2655004461672
2633529625192
1740176427624
2839688055400
2839332391272
1825720109416
1757000632680
2585929320808
1550912390548
1808878863764
2908390491540
1812905395604
2912417023380
1465228068504
2564739696280
1740105975448
2839617603224
1533947545240
2633459173016
1482407937688
2581919565464
1761580811928
1486702904984
2839402580628
2929613932184
2581906917972
1757273197140
1761365788056
2860877415832
2843965982104
1740159387032
2839671014808
1808878863768
2908390491544
1740089394788
2839601022564
1482391357028
2586197952100
1761564231268
2861075859044
2929877910888
1757088712292
2908408383076
1486774208100
2581722433124
2843983021656
2929882367576
1813190870616
2564810147416
1486484801940
2585996429716
1761362708884
1551177746836
1482189834644
2856582777240
2564454483288
2586201098596
1830018419044
2929530046820
1533934111076
2633445738852
1482394503524
2581906131300
1551113980260
2650625608036
1825991887204
2908408383080
1740177278568
2839688906344
2564810999400
1465298324132
2564809951908
2912345787032
1464941808280
2564453436056
1465299307176
1740177214120
2839688841896
1555204278680
1744451275160
2843962902936
1813170751896
2912682379672
1486753237400
1555472714136
2929862248856
1825991887208
2650625608040
1830286854504
2929798482280
1482394503528
2581906131304
1757272410472
2856784038248
1744387508584
2843899136360
1808879192408
2908390820184
1465281808728
2564793436504
1808561407332
1538027488676
2637539116452
1761365788068
2860877415844
1551180826020
1486756316580
2586267944356
1825790297508
2925301925284
2929542629720
1808556165464
2569016838744
2564721871448
1533929720408
2633441348184
1551109589592
2650621217368
2925499124312
2908067793240
1465210243672
1469505210968
2568753580692
1486421822100
1551114766996
2650626394772
1825992673940
2925504301716
1538229865108
2637741492884
1550846331540
1469510388372
1744115926696
1537957496488
2637469124264
1465013044648
2564524672424
1739890951592
2839402579368
1533732521384
1808610428328
1465281480104
2564793107880
1761365788072
1486757365396
2586268993172
1761635272340
2861146900116
1482205497748
1555141298840
2654652926616
1744119859864
1469510388376
2569022016152
1538229865112
2912619399832
1486421822104
1761299729048
2860811356824
1739904912020
2839416539796
1808624388756
2908136016532
1740089394792
1533930964584
2633442592360
1808808871528
2908320499304
2843895989864
2586197952104
1555204278692
2654715906468
1744182839716
2843694467492
2585996429732
1486753237412
2586264865188
1813170751908
2912682379684
1812902316452
1808874670740
2569100659028
1757351840084
2908403075412
2839683598676
1534013540692
2633525168468
1808891447636
1465294063956
2564805691732
1740171970900
1465278334628
2564789962404
1486484801960
2637536037288
1812902316456
1469304932776
2912412829268
1533728327252
2633239955028
2568816560552
1744182839720
2843694467496
2843961787988
1744450160212
1757335062100
2856846689876
1469590407764
2569102035540
1538309884500
2637821512276
2861159811668
1830367660628
2586281904724
1486770276948
2843714651476
2839688119636
2637556221268
1812922500436
1486504985940
2586016613716
1744181724760
1739886757464
1761630029400
1538291730008
1813169636952
2908117861976
2861141657176
2637534922328
1812901201496
2912412829272
2912434128216
1538044593496
1812922500440
2637556221272
1830019205796
2908324432548
1551114767012
1465030149464
2912619399844
1555409734308
2654921362084
1482395290276
2650626394788
1744388295332
1808812804776
2843899923112
1740093328040
1555409734312
2654921362088
1551114767016
2650626394792
1486690257576
2586201885352
1555141298856
1465281481300
2564793109076
1740159388244
1830097848728
1486500465048
1555219941784
1533946758804
2633458386580
1808824665748
2929610853016
2843714390372
1538291730020
2637803357796
1813169636964
2912681264740
2654983226980
1469572253284
2569083881060
1744450160228
2586263750244
1761630029412
1486504985956
2912702563684
1813190935908
1555492898148
1486773421412
1469589031256
1744466938200
1538308507992
2637820135768
2861158435160
1808891447640
2908403075416
1465294063960
2564805691736
1740171970904
1533950625124
2633462252900
1808561474132
2908073101908
1533683567188
2633195194964
2585950554708
2564744153684
1740110432852
2839622060628
1533952002644
2633463630420
1482458203816
2581969831592
1757336110760
2856847738536
1740156241576
2839667869352
1533997811368
2633509439144
1761630029416
2861141657192
1469572253288
2569083881064
1538291730024
2637803357800
1465008850536
2564520478312
1739886757480
1813187791448
2912699419224
1482475309656
2581986937432
1830367660632
2929879288408
1551194786392
1469593552232
1538313028968
2637824656744
1813190935912
2912702563688
1533749626216
2633261253992
1830086314584
1761366837848
2860878465624
1469309061720
2568820689496
2929597942360
1482193963608
2839353625176
1533683567192
1808561474136
2908073101912
1555426839128
2654938466904
1830304746072
2929816373848
1808829909592
2860894258516
1830102107476
2929613735252
1744472245908
2843983873684
1757357147796
2856868775572
1826076624532
2650710345364
2925588252308
2912350177684
1533665675668
1537960642964
2637472270740
1812838549908
1825991887252
2925503515028
1761567377812
1744387508628
2843899136404
1808628319896
1761652115096
2633530476184
1830371591832
1486774470052
2586286097828
2861164004772
2929883481508
1534019110308
1465299633572
2564811261348
2839689168292
1533665675672
1808543582616
2908055210392
2564457826712
1739824105880
2839335733656
2929798482328
1830286854552
2564726262168
1538242512548
2637754140324
2861092439716
1555422381732
1482407937700
1757285844644
2581919565476
2856797472420
1533947545252
2633459173028
1757087860388
2856599488164
1550929430180
2650441057956
1825807337124
2925318964900
2568836679332
1744202958500
2843714586276
1486504920740
2843648592484
1464964090468
2564475718244
1739841997412
2839353625188
1808561474148
2908073101924
1482412395108
2860894259560
2925521078692
2839353625192
1533683567208
1808561474152
2908073101928
1464964090472
1482412395112
2581924022888
1757290302056
2856801929832
2585999837604
1761366116772
2860877744548
1757071149476
1830085593508
1739891280292
2650353829220
1464942855524
2564454483300
1744115729764
2843627357540
1830098962068
1533750412964
2633262040740
1555225249444
2654736877220
1830103156388
2929883219620
1465030936228
2564542564004
1739908843172
2839420470948
1808539452756
1808539191972
2908050819748
1555136121508
2654647749284
1830014028452
2929525656228
1537956252324
1551176894872
2925566429592
2586201098660
1761567377828
2861079005604
2633445738916
2908323645860
2650625608100
1482394503588
2581906131364
1757272410532
1465030936232
2564542564008
1739908843176
2839420470952
1533750412968
2633262040744
1808628319912
2908139947688
1555225249448
2654736877224
2586201098664
2650625608104
2925503515048
1482394503592
2581906131368
1761567377832
1551113980328
1813106985384
1825991887272
2654664722788
1757016557924
2856528185700
1761311525220
2929883481512
1465299633576
2564811261352
2568819967380
1830371853736
1482193241492
2581704869268
1486488208788
2585999836564
1761366115732
1551127414440
1826005321384
2861092439720
1761580811944
2843643348376
1533749561000
2633261188776
2856599488168
2925318964904
1550929430184
2650441057960
1825807337128
2564541712040
2564794223208
1740160502376
2856851211604
2925570688340
1555421596052
2654933223828
2929811130772
1482407152020
2581918779796
1551126628756
1555136318036
1830014224980
2569016837716
1482390111828
1757268018772
2856779646548
1555426511272
2654938139048
2568752531860
1830304418216
1744118811028
2843630438804
2860810307988
1825790626216
2568819968424
1469308340648
1464942855528
2564454483304
1739820762472
2839332390248
2908051866984
1825724566164
2925236193940
1469242280596
2856516717204
1486422149780
1555136318040
1830014224984
2586196904536
2654916381272
2856779844184
1482121874008
2581633501784
1825987693144
2861164004708
2654647749288
2929525656232
1537956252328
1486483687060
2585995314836
1744450160276
2843961788052
1538291730068
1469303817876
2568815445652
1555203163796
2654714791572
1744203023764
2843714651540
1555224462740
2654736090516
1830102369684
2929613997460
1761651328404
1813190935956
1808813132372
2908324760148
1744388622932
2843900250708
1538230192724
2637741820500
1533935225428
2633446853204
2637740706132
1469510715988
1813169637016
2912681264792
1465008850584
2564520478360
1739886757528
2839398385304
1555224462744
2654736090520
1830102369688
2929613997464
2569105180056
1538313029016
2655004525976
2586265127272
1761631406440
2861143034216
2925230885476
1537956448868
1808807823972
1825987693156
2925499320932
1761563183716
2861074811492
1555136318052
2654647945828
1486501841572
2929610853028
2856596408996
1761634551128
1757339583832
2581973304664
2856851211608
1551181153624
2650692781400
1486756644184
2633458387352
1808824666520
2908336294296
2569033877912
1830299503000
2581918779800
2929811130776
2843894942312
1551109786216
2650621413992
1756999780968
1551109588568
2650621216344
2654916183640
1757268018776
1739892066644
1808611543380
2925303040340
1826059848020
2925571475796
1813174946132
2912686573908
1555476908372
1830018156952
1830366284132
2929877911908
1744466938212
1469589031268
2569100659044
2843978565988
1538308508004
2637820135780
2925582944612
1826071316836
2856578254500
1808874669732
2908386297508
1744450160292
2843961788068
1482127182488
2581638810264
2586285049252
2637824656804
1469325116836
2568836744612
1813190935972
1486488996184
2633513699672
2856851999064
1744455469400
2925571475800
1761635338584
1465282595160
2564794222936
2585950554772
1808829909652
1482412395156
2581924022932
2908341537428
1551131871892
1533733571172
1813124876948
2912636504724
1744186968676
2843698596452
1486488930916
1486483687080
1813169637032
2912681264808
1550908196520
2650419824296
2585995314856
1740092279128
2839603906904
2633445476696
1808811755864
1486504986024
1757087925672
2856599553448
1739904910996
2586016613800
2633446853208
1486690585176
2912619727448
1555410061912
2654921689688
1469510715992
2569022343768
1808561474200
2908073101976
2856801929880
2654670031512
1830036310680
1555426839192
2654938466968
1830304746136
2929816373912
2637556222616
1812922501784
2912434129560
2633463630248
1808829909416
2908341537192
2650705036628
1465294062932
2564805690708
1740171969876
1469589030228
2569100658004
1757351839060
1555410060900
2654921688676
1830287967844
2929799595620
1465295439444
2564807067220
1761648182868
2861159810644
1761383877012
2860895504788
1830103353748
2929614981524
2650693569172
1482462464660
2581974092436
1757340371604
1744455469716
2843967097492
2925571476116
1761635338900
1486757365400
2586268993176
2925302974036
2568832223656
1825736821396
2925248449172
1486434405012
2585946032788
1761312311956
1812851919508
2912363547284
1555153881748
2654665509524
1830031788692
1757083731540
1486500791892
2586012419668
1761378698836
1534013867604
2633525495380
1826071643732
2925583271508
1482474260052
1757352166996
1757340371300
2856851999076
2912686573924
1555476908388
2929866443108
1808879978852
1486501841576
2586013469352
1469321972392
1538041449128
1534019045716
2633530673492
1808896952660
2908408580436
2650710542676
1469594536276
2856596145508
1465299568980
2564811196756
1740177475924
1808623339096
2908134966872
1555220268632
1744198829656
1830098175576
1740172297816
2839683925592
1551193736792
2650705364568
1757352167000
1465014159720
1555476908392
1465282595176
1808879978856
2908391606632
2654988536168
1551181941096
2581985560936
1469589031272
2569100659048
1538308508008
2861096897188
1808561474212
2908073101988
1813120354900
2912631982676
2564807068264
2908404451944
1555489753704
1744120186456
2843631814232
1761366837864
2860878465640
2564525722216
2856801929896
1551131871912
2929816373928
1744199878296
2843711506072
1538041448088
1812919355032
2912430982808
1482206873240
2581718501016
1757084780184
1761382630756
1538044331364
2637555959140
1812835403092
2912347030868
1813186413912
2912698041688
1830366283096
1808891446616
2650705036632
1465294062936
2569085258324
2843963165268
1486489258664
1826071643748
2925583271524
1555220268644
2654731896420
1830098175588
2564807067224
2586281903704
1482475308632
1813174946456
2654665509528
1830031788696
2929543416472
1744132442776
2843644070552
1812851919512
2912681526676
1482457417108
2581969044884
1740155454868
1550925301352
2650436929128
1825803208296
2925314836072
1808623339112
1830098175592
2929609803368
1555488704104
1555493882200
2655005509976
1830371789144
1469594536280
1469577562724
2569089190500
1744455469668
2843967097444
1469254535780
2568766163556
1533950625128
1555422317144
2654933944920
1830300224088
2586214468184
2564454679892
1469238019412
1486417888596
1465211487572
2564723115348
1551109786260
2581901937300
1537956448916
2637468076692
2654917428568
1744384361816
1533662528856
2633174156632
1808540435800
2908052063576
1812835403096
2637468076696
1761294748312
2860806376088
1469236972184
2856599291240
2568748599960
1761382630760
2860894258536
2860828198484
2839353362004
1482143696468
2581655324244
1813174158948
1469510649256
2569022277032
1830304417188
2929816044964
2908140145316
1486483949144
2585995576920
1761361856088
2860873483864
2843697874340
1756999583396
2856511211172
1825719060132
2925230687908
2637803619736
1813169898904
1469572515224
2569084143000
1744450422168
1538291991960
2843697547924
2929795335524
1538225931620
2569018082660
1486686324068
2586197951844
1761564231012
1808540435812
2908052063588
1464943052132
2861075858788
1469505407652
2569017035428
1744400157092
2637804668260
1744131655012
1533929719396
2564721870436
1740088149604
2839599777380
2564457564580
1739823843748
2839335471524
1550845282724
2650356910500
2912615466344
1469506454888
2569018082664
1744384361832
2843895989608
1538225931624
1830015272296
1550842398056
2586197951848
2585928469160
1761294748328
2860806376104
1533661481640
2633173109416
1808539388584
2908051016360
1486685276840
2929531161252
2633173173592
1808539452760
2908051080536
1533661545816
1482194028948
2581705656724
2856583563668
1550913505684
1761635338644
1555140576612
2654652204388
1830018483556
1469593291428
1830286592356
2929798220132
2861078743396
1469509339492
1757272148324
2856783776100
1740092279140
2839603906916
2569020967268
1482143696472
2581655324248
1757021603416
1469254600020
2568766227796
1744132506964
2637754139988
1808557016404
2908068644180
2929614783828
1830036047188
1757340371352
1550913505688
2929866443160
2843967097240
1813174946200
2912686573976
1534018848088
2633530475864
2564743890264
1551131608408
1757021603160
2856533230936
1744136701272
1739841733976
2654933222804
1808813132388
2908324760164
1825993001572
1469510716004
1761568492132
2861080119908
1830287968868
1482462463332
2929543480676
1464959632740
2564471260516
1555422381412
2654934009188
1757285844324
2856797472100
1534002070888
2633513698664
1482462463336
1830036047208
1555153945960
2654665573736
1830031852904
2929543480680
2929525654868
2843626308948
1550841152852
1825719059796
2925230687572
2908050818388
1808807626068
2908319253844
1465281807720
2564793435496
2912619726420
2861080118868
1555410060884
1465215747668
2564727375444
1757273523796
2861091654056
1486702840148
2925230687576
1744114681176
2843626308952
1486416643416
2585928271192
1761294550360
2925314836116
1482205824660
2581717452436
1555220268692
2654731896468
2586280855188
1538040399508
2637552027284
1812918306452
2912429934228
1551181941156
1812906510756
2912418138532
1830371591572
1538242512276
2637485704596
1812851983764
2912363611540
1537974076820
1555153946004
2564721870440
1740088149608
2637472008616
1812838287784
2912349915560
1813120419224
2912632047000
1555476907416
1808896755096
2908408382872
1482479240600
1761580811672
2861092439448
2569034598744
2912363546968
1465014158756
2564525786532
1555153946020
2654665573796
1830031852964
2929543480740
2925588252068
1808891774616
2860806178388
2637808667048
1813174946216
2908123171240
2908390491732
1555153946024
2654665573800
1538313815464
2860811421096
1482143696296
1830097847716
2929609475492
1551113718120
2650625345896
1825991625064
1469509339496
2569020967272
1486689208680
1757272148328
2908323383656
1740092279144
2839603906920
1761379747492
1830099224228
1812919355044
1744454354520
2843965982296
2843911783832
2586202212968
1761568492136
2861080119912
1538230192744
2929877910884
1538308506980
1813186413924
1465294062948
2564805690724
1740171969892
2839683597668
1550912652628
2650424280404
1550841152868
1825719059812
1486416643428
2585928271204
1761294550372
2860806178148
1533929719140
2633441346916
2856511210852
1739825219224
2912699418212
1465295439460
2564807067236
1740173346404
2839684974180
1486484802132
2568816560724
1744182839892
1808875784788
2908387412564
2839667935828
1465278401108
2564790028884
1740156308052
2856847805012
1538028537444
2637540165220
1555208406628
2929525654888
1486416643432
2585928271208
2860806178152
1740088149352
1533929719144
1825803208356
2633525495460
1808891774628
2908403402404
1555488704164
2655000331940
1830366611108
2929878238884
1537974012580
2637485640356
1486689207640
1533997877848
2633509505624
1808875784792
2908387412568
1538024409688
2637536037464
1812902316632
1808607349336
2908118977112
1740156308056
2650626721368
2925504628312
1482395616856
2929799595608
1465215747672
1740093654616
2581907244632
2564727375448
2839605282392
1533935224408
1538241726100
2637753353876
2929883416932
1826076821860
2650710542692
2925588449636
2839349102952
1469589358248
1538308834984
2586280855208
1830366611112
2581985887912
1757352167080
2856863794856
1555207358052
1808878863972
2908390491748
1486756316772
2586267944548
2912631982692
1551127349860
2650638977636
1465228003940
2564739631716
2581721320036
2654737073556
1482211001748
1830354814612
2929866442388
2908391605908
1469577561748
2569089189524
1486757430932
1830081399396
2929593027172
2843693681252
1744182053476
1551180826216
1826058733160
2650692453992
2925570360936
1486756316776
2586267944552
1761634223720
1830085265000
2650370541204
1761312310932
2860823938708
1555137365396
2654917428628
1830283707796
2929795335572
1469238019476
1744115926420
2564454679956
1739820959124
2839332586900
1465026742884
2564538370660
2586286032212
1830371788116
1486774404436
2912636176040
1813170752100
2912682379876
1465278401124
1551177747044
2650689374820
1830350621284
2929862249060
2912413944420
1551110833560
2650622461336
1825988740504
2925500368280
1744384361880
2908320499096
1830015272344
2929526900120
2843895989656
1813103838616
1469593224532
2569104852308
1465294062952
2564805690728
1740171969896
2839683597672
1808891446632
2908403074408
1482473932136
2581985559912
2929882368660
1469593488020
2569105115796
1555492833940
2655004461716
2912702499476
1469304145492
2568815773268
1744182052436
2860873549396
1482189047380
2581700675156
2861146966696
1813174946472
2843967097512
2839672130216
1533997877864
2633509505640
1808875784808
1465278401128
1830350621288
2929862249064
1739887872616
2839403628136
1555208406632
1744186967656
1538291991972
2637803619748
2912681526692
1465277547940
2564789175716
2650622265684
1486686128468
2586197756244
1761564035412
2861075663188
1465211291988
2564722919764
2929593812564
1469242017364
2908118976084
2564806805076
1740173084244
1482122724948
2581634352724
1469510452820
2569022080596
2929593812568
1744182838872
2843694466648
1486421886552
2585933514328
2637468927576
1830283511384
2654933944936
2929811851880
1469242017380
1555208472164
2654720099940
1830086379108
1830015272356
2929526900132
1538225931684
2637737559460
2654737073560
1469326099864
2586013206120
2860811421288
1830086379112
2929598006888
1744468051560
2843979679336
1469254600296
2568766228072
2637485704808
1739887086184
1740109055652
1469254534808
2585929516456
1761295795624
1469506454952
1744384361896
2843895989672
1761564231080
1830015272360
1813103838632
1830283707816
2839601023652
2929795336868
1537956513108
2637468140884
2908386362708
1538314011992
2637825639768
1813191918936
2912703546712
1830370740888
1469523035796
1538246706836
2637758334612
1482462463636
2856851998356
1757084518036
1486501578388
2586013206164
2908139947672
2637758334616
1482206611096
2654732682904
1469321709208
1465009178200
1538045380260
2637557008036
1469577561764
1744455468708
1551114831524
2650626459300
1825992738468
2650437715620
2586201949864
1812839401128
1538229929640
1482206611112
2581718238888
1555221055144
1555471861160
2654983488936
1469572515240
2569084143016
1744450422184
1744182053208
2843693680984
1469577562728
2569089190504
2633441346964
2908319253908
1812834157972
2925499123092
2585928271252
2912614221204
2839599777172
1469505209748
2569016837524
1555136055896
2929525590616
1533661219416
1533996763800
1808874670744
2633172847192
1825723451988
2843899136596
1486702840212
2586214467988
2637467878808
1538242447764
2637754075540
1813120354708
2912631982484
1555422316948
2637736314264
1813102593432
2839599777176
1533929719192
1469308077396
2568819705172
1550845545048
2569021229656
1538229078616
1808607611240
1761564232360
2569018084008
2633241332072
2925521078952
1744384363176
2843895990952
1555422316952
1830300223896
2929811851672
1744400877976
2843912505752
1538242447768
2637754075544
1813120354712
2912631982488
1486702840216
1825790297748
2568819639956
1761634223764
2861145851540
2569084209508
2925566495076
1830353700500
1830299501988
2654933222820
1465227281828
2564738909604
1533946758564
2929811129764
1538241727144
2655000266132
2929878173076
1464945935780
2564457563556
1486420772260
2585932400036
2860810306980
1830018155940
2929529783716
1533665412516
1555157354836
1469308012184
2568819639960
1486422148772
2585933776548
1533666789028
1744199813716
2843711441492
1464945935716
1555221252692
2654732880468
2564457563492
1739823842660
2839335470436
2564721870244
1740088149412
2839599777188
1757268018596
1486685078948
1486416643492
2585928271268
1757269264024
2856780891800
1830286591332
1465214371172
2564725998948
1761567114596
2861078742372
1813106722148
1744451275412
2843962903188
1482458270356
2581969898132
1538229078628
2637740706404
1813106985572
2912618613348
1555408947812
2654920575588
2637741819492
1551115093604
2650626721380
1825993000548
2925504628324
2925521406356
1538242447780
2637754075556
1813120354724
2925499123112
2912631982500
1761562985896
1482390111656
1486416643496
2585928271272
2929862249112
1482458270360
2581969898136
1551177747096
2650689374872
1826055654040
2925235079784
1825723452008
1830286854760
1469509601896
2569021229672
1533934111336
2633445739112
2912631982504
1744400877992
2843912505768
1830300223912
1482461349540
1486756316836
2586267944612
2929865328292
1551180826276
1555475793572
2654987421348
1830371788132
2929883415908
1469593291432
2569104919208
1826058798440
2925570426216
1813173831336
2912685459112
2586267944616
1486756316840
1761365788328
1744454354600
2843965982376
1469522249128
2569033876904
1538241725864
2637753353640
2929883481764
2564457563560
1739823842728
2839335470504
1808543319464
2585932400040
1761298679208
2860810306984
2654668982616
1812855392600
1744135915864
2585949505880
2912367020376
1555157354840
2843647543640
1538246969768
2637758597544
1813124876712
2912636504488
1486753237668
2586264865444
1538292845220
2637804472996
2861142772388
1465278401188
2564790028964
1469573368484
2569084996260
2581969898148
1761567114600
1555472714408
2908118977192
1533683239268
2912702563924
2564810212948
2856867989076
1551197931092
1469593552468
1744471459412
1744388621928
2650626721384
1825993000552
1538230191720
2925504628328
1482395616872
2581907244648
2925587204436
1830370543956
2929882171732
1482457156244
2861162694996
1744471459416
1555492898392
2650441123416
1465298585176
2564810212952
1740176492120
1534018061912
2633529689688
1538313029208
2839420667300
1469326099876
1538297038500
2637808666276
1555476907684
1551181940388
2650693568164
1826059847332
2654988535460
2569089189540
2843967096484
2581974091428
2925248775576
2637825639780
1813191918948
1551198913892
2650710541668
1538314012004
2637824592548
1813190871716
1555492833956
2655004461732
1830370740900
1551197866660
1826075773604
1740176492132
2839688119908
1744471459428
2843983087204
1757356361316
2856867989092
1813190936164
1550908524948
1825786431892
2925298059668
2568815774100
1744182053268
2843693681044
1826054867348
2925566495124
1533997091220
2633508718996
1808880174500
2908391802276
2637753353880
2929613997672
1550929495656
2650441123432
1825807402600
2564810212968
1740176492136
1830102369896
1538023623064
1486484015512
1486752450968
2929593026968
1555471927704
2654983555480
1830349834648
2929861462424
1813190870676
2912702498452
1830370739860
2929882367636
2925587400340
1826075576664
2564809951576
1740176230744
2839687858520
2856867727704
2925587204440
1534017800536
1813108032852
2843900183892
2912619660628
2929531094356
2586201098900
2929543415464
1482126068372
2654987749780
2925570689428
2912619660632
1555409995096
2654921622872
1757357344104
2856868971880
1533732783444
1825790559572
2925302187348
1825723452056
2925235079832
2650625608344
1538024671588
1812902578532
2908319255188
1551109589652
2650621217428
1813102594708
2912614222484
1555404556948
2654916184724
1830282463892
2929794091668
1740088150676
1551197866664
2650709494440
1826075773608
2925587401384
1469593488040
1486773357224
2586284985000
1555492833960
2655004461736
1555137169832
2650353830312
1486484015524
2585995643300
1761361922468
1740155521444
2912413157796
1761630357924
2581700676004
1757066955172
1550908524964
2650420152740
2839398712936
2856797669716
2856578582952
1550908524968
2925298059688
1812901530024
1486484015528
2585995643304
2569084209576
2843895989924
1830081399208
1825988740772
2925500368548
1813103838884
2912615466660
1551110637928
2650622265704
2925500172648
1469506259304
2569017887080
2860811618900
1486422084180
2585933711956
1464947247700
1812839598676
2912351226452
1555141560916
1537961691732
1830019466596
2581638743396
1550846592356
2650358220132
1740093588836
2839605216612
2637741753700
2912619660644
1551115027812
1538229078692
2908050754152
2637740706468
1813106985636
1757016361556
2856527989332
2581638743400
2860811617640
1486422082920
2585933710696
1830019466600
2929531094376
1550846592360
2650358220136
1830018419368
2856784038568
1825991887528
2586201098920
2860810570408
1482394503848
2581906131624
1757272410792
2637468140888
1812834420056
2912346047832
1486686127448
1825987496600
2925499124376
1744383117976
1830030738788
1555152831844
2650437913188
1465026939492
1482206808676
2581718436452
2925516097880
2843911719256
1551110833832
2650622461608
2569018082984
2650358221400
1825724500568
2925236128344
1744120121944
2637473319512
1830019467864
2929531095640
2564805691796
2839683598740
1830032115300
2929543743076
1830286656856
2654920377688
2650625410392
2861159811732
1761648183956
1486770277012
1825991689560
2908072052052
1534014917268
2633526545044
2856532444500
1534018061972
1486773421716
2843711440468
1538041382484
1812919289428
1555221251668
2654732879444
2856801601880
1551131543896
2650643171672
2925521078616
2843714651800
1486504986264
2912702563992
1486773421720
2650705037924
1826071317092
2925582944868
1808879913556
2908391541332
1757340306004
1830354750036
2929866377812
2654988470868
1551181875796
1826059782740
1464945935720
2564457563496
1739823842664
2839335470440
1830286656868
2929798284644
1744118875492
1757003777380
1486420837732
2581905933668
1757272212836
2856783840612
2908323448164
2929529849188
1825740293460
2861146966612
1744455469652
1464963762532
2564475390308
2564457629032
1739823908200
2839335535976
2856783840616
2581923694948
1808543384936
1551197931172
2650709558948
1826075838116
2925587465892
1555492898468
1830370805412
2861162956452
1744203024036
2843714651812
1757087925924
1825802880660
2843967097432
1761635338840
2912686574168
1744455469656
1744405072232
1538246642024
1469527165288
2569038793064
2908072052056
2633194145112
2650706414232
1826072693400
1808560424280
2637824657064
2843714651816
1555492898472
2655004526248
1830370805416
2929882433192
1538313029288
2564541777576
1465030149800
1813190674788
2912702302564
1555492637028
1465298323812
2912430917208
1830371788136
2581651326356
1825991887268
2925318768020
1550929233300
2650440861076
1825807140244
1486504723860
2586016351636
1551194786452
2650706414228
1555493947048
2655005574824
1469242213780
2568753841556
1757005022612
2856516650388
1825992934804
2925504562580
1469510649236
2569022277012
1469577497176
1486757366360
2586268994136
1538296973912
2929594075480
1538024671576
2637536299352
1812902578520
2912414206296
1538308508072
1534002072164
2633513699940
1808879979108
2908391606884
1538292844884
2637804472660
1826076625236
1812856179028
2912367806804
1538230125976
2637741753752
2912619660696
1555409995160
2654921622936
1830287902104
2929799529880
1464947246488
1482391161176
1465030936920
2929795139928
2586197756248
2861075663192
1555204278616
1469237823844
2568749451620
2586197756260
1826059848296
2925571476072
1830354815592
2839403694696
2912615270760
1537957300584
1486417693032
1830370740904
1744199616916
1469253813668
2568765441444
1744131720612
2843643348388
1808895903396
1813190870692
1555137168804
2654648796580
2929526703524
1739820762532
2839332390308
2633173960100
1739907795284
2839419423060
1533935158692
1538230125988
2637741753764
1469510649252
1744388556196
2568833337748
2843711244692
2929614784916
2861075663252
1482122725784
2581634353560
1813103643032
2912615270808
1761382630808
1555224200600
1744404022948
1538296252836
2637807880612
2569037743780
2843915650724
2908337080740
1555208472996
1538309622180
1761312311892
2860823939668
2908324693416
1538230125992
2637741753768
1813108032936
2912619660712
1555409995176
1826005322152
2925516949928
1465298322776
2564809950552
1740176229720
2839687857496
2637807880532
1830085593428
1757071149396
2654719314260
1761366116692
2860877744468
1465013045924
1739890952868
2929865655700
1808879191444
2908390819220
2860807423572
2856512456276
1825720305236
2925231933012
1465211487828
2564723115604
1761568425368
2564807002792
1830018157204
1486488209752
2585999837528
1740159715672
2839671343448
2581650277780
2856528184724
2633189885332
1808556164500
2908067792276
1739836687764
1812851131796
2650442107540
1550858126740
2650369754516
2650358221412
1744120121956
1486422084196
1813190870696
1757356295848
1464946001300
1808808871512
2908320499288
1469238019672
1486417888856
1486420837784
2585932465560
1464946001304
2564457629080
1757272148372
2856783776148
1465214372244
1812902578536
2912414206312
1757071082856
2856582710632
2908055013972
1533665479252
2633177107028
2581650278824
2856851212644
1761634552164
2861146179940
2929865656676
1482122921572
2581634549348
1808808871524
2908320499300
1825988740708
1465211487844
2564723115620
1826059061608
2925570689384
1482461677928
1757339584872
2856851212648
1486773160596
1533946693992
2633458321768
1808824600936
2908336228712
2568752530788
1830097847636
2929609475412
1744466937172
1469320594772
2568832222548
1744198501716
1486500530772
2586012158548
1482205563476
2581717191252
1550925040212
2650436667988
2925570688408
1555140314532
1830018221476
2929529849252
1555405801064
2654917428840
2581634549352
2585932465572
1740177541540
1555153094040
2654664721816
1830031000984
2929542628760
1808879979156
2908391606932
1830086380180
2856851999380
1551181941396
1538308508068
2637820135844
1813186415012
2912698042788
2655000005028
2912429606232
2860889998680
1825802880344
1812917978456
2843710129496
2564805690712
2861158434136
2929877910872
2839420733092
1464946001320
2564457629096
1808543385000
2908055012776
1486420837800
2585932465576
1826009450916
1812838352296
2569102035620
1469590407844
2586281904804
1761648183972
1486770277028
1538309884580
2637821512356
2856532444516
1808879979092
2908391606868
1808892562004
2908404189780
1757352954452
2856864582228
1551194524244
2650706152020
1826059848344
2925571476120
2654988536472
1486690323032
1550846397016
1825724303960
1813187724632
1551131543976
2650643171752
2861096569256
1538246642088
1740093393508
2839605021284
1486690323048
2929614785128
1469254601320
2568766229096
1830353765736
2856516650584
2654653187672
1830366283156
2929877910932
2843967031908
2861146901092
1761635273316
1486757366372
2912686508644
1538296973924
1813174880868
2637808601700
2633513634404
2637536299364
1486485064036
1486685079124
2586196706900
1761294550612
1464941807188
2564453434964
1465210242644
2564721870420
1813190673764
1486768899428
2586280527204
1761646806372
2861158434148
1830097847652
2929609475428
1808825387604
2637736314456
1744114681432
2843626309208
2912345785944
2929543416404
1533929719384
2633441347160
2839671016036
1533733636772
2633245264548
1808611543716
1813187529364
1825736886932
2569101773460
1826072431252
1757269068436
1757000893780
2586280527208
1486768899432
2637551699304
1812917978472
2856596146840
1825803995800
2925315623576
1761379486360
2860891114136
2912703547796
2908408580500
1465299569044
2564811196820
1740177475988
2839689103764
1534019045780
2633530673556
1551198914964
2650710542740
1482407873112
2581919500888
1757285780056
1761580747352
2856851999396
1757340371620
1465026742948
1739904649892
2839416277668
2586269059748
2861146966692
1534002005588
2633513633364
1830354749012
1826059848360
1482462464680
1757340371624
1469589031336
2569100659112
2654933944980
2633459108500
2912699419304
2843979942568
1486770277032
2586281904808
1761648183976
2861159811752
2839684975272
1830367660712
2637535251092
1555221251688
2654732879464
2929877911892
1555404555876
2654916183652
2929794090596
2569016837732
1744383116900
1830282462820
1555471927892
2654983555668
1538292058708
1813169965652
2912681593428
1550842136916
1744115665236
2843627293012
2912346769748
1555488376216
2655000003992
1830366283160
2929877910936
1486757366376
2586268994152
2861146901096
2908391541352
1538296973928
2637808601704
1813174880872
2912686508648
1808879913576
1551181875816
1537974012516
2637485640292
1812851919460
2912363547236
1555404555880
2654916183656
1830282462824
2586284787044
1761651066212
2861162693988
1808895706468
2908407334244
2581989819748
1533679045224
2633190673000
1808556952168
2581651065448
1739837475432
2839349103208
1533947480680
1465228003944
2564739631720
1469254535784
1761630358180
1761634552212
2586268273044
2861146179988
1830085593492
2568819968404
1744186247572
2912686769572
1826059781720
2925571409496
1813174879832
2586214468248
1757285780120
1551127349912
2650638977688
1533662529172
1464943052436
1555137365652
2654648993428
1830015272596
2929526900372
1486417888916
2585929516692
2860807423636
1533728656024
2633240283800
1538023623320
2637535251096
1812901530264
2654715120280
1744186247576
2843697875352
1486488209816
1555476122008
1830354028952
1534001285528
2633512913304
1739891280280
2839402908056
1757071149464
2650354026136
2925231933080
2581634549400
1482391357080
2581902984856
2929795335832
1744115926680
1537957496472
1538225931928
2637737559704
2925584321176
2568770422420
1744136701588
2843648329364
2839353362068
2637803686488
1555471927896
2654983555672
1830349834840
2929861462616
1482457483864
2581969111640
1551176960600
2650688588376
1550842136920
2650353764696
2908407334248
1482478191976
2861162693992
2843982824808
1486773159272
2586284787048
1830370542952
2929882170728
2912636241492
1486433618260
1486756645284
1538027817380
2637539445156
2568819968420
1486488209828
1555153095000
1813119568216
2654664722776
1486488209832
1761366116776
2860877744552
1830354028968
2856582777256
1550912719272
2650424347048
2839683597716
2925582943636
1534013539732
1808891446676
2908403074452
1465294062996
2564805690772
1825720305320
2925231933096
1761295795880
2860807423656
1830283708072
2929795335848
1757290039912
1744118876756
1812838353492
2912349981268
1830018222676
2929529850452
1808543386196
2839683597720
1808891446680
2908403074456
1761378370968
2860889998744
1830018221396
2929529849172
1465227216228
1826004469092
2925516096868
1830286592420
2929798220196
1812856178328
2912367806104
1555158140568
1469572581972
2569084209748
1744450488916
2843962116692
1739887086164
2908324760228
2839605283492
1533935225508
2633446853284
1825993001636
1469510716068
1538230192804
2637741820580
2585945246052
2929531094628
2633508719192
1538246968660
2637758596436
2925571736916
1830371853652
2929883481428
1469523297620
1830350882132
2856512521556
2585929581908
2860807488852
2929883481432
1830371853656
2929862509912
2860807488856
1555137430872
1469238084952
1830015337816
2929526965592
1486433618280
2585945246056
1740105124200
2839616751976
2654647748244
1744383116948
2843894744724
1740088149652
1469505210004
2569016837780
1538246968676
2637758596452
1469527491940
1761585268068
2637557269860
1533683565924
2633195193700
1808561472868
1486500464036
2586012091812
1761378370980
2860889998756
1538040071588
2637551699364
1555219940772
2654731568548
1744472507752
1469527491944
2569039119720
1740106237288
1555493946728
1757072196968
1465281807784
1826059060648
2925570688424
2912619726484
1830287967892
2929799595668
1469510715028
2569022342804
1744388621972
2843900249748
1830018157208
2843912506004
1757285780116
2856797407892
2843626309272
1537956251288
2637467879064
2912345786008
2564471196308
1757017344660
2856528972436
2839331341976
1825791608484
2925303236260
1533929719464
1830097847720
2929609475496
1469320594856
2925314508200
2912363547288
1555153881752
1482407873176
2581919500952
2856528972440
1482139437720
2581651065496
1757017344664
1808825387672
2908337015448
1555140315736
1830018222680
2839335537240
1533665479256
1808543386200
2908055013976
1739887086180
2839398713956
1469510714772
2581655586196
1537978533268
2637490161044
1464964089240
2564475717016
1739841996184
2839353623960
1469254862232
2568766490008
2654731634260
2564537321044
1739903600212
1533745170004
2633256797780
1550925039188
2650436666964
1744388623016
2839402908052
1486434731428
1486438925732
2585950553508
1761316832676
2860828460452
1830036309412
2929547937188
2843648591272
1486438925736
2585950553512
1830036309416
1464964089256
2564475717032
2929547937192
1486707361192
1465232524712
2929877910948
2569016837796
2633260927316
2586016287060
1486504659284
2929597941412
1465014093476
1533733570212
2633245197988
1825736821412
2925248449188
2929543416484
1469236774568
2568748402344
1744114681512
1537956251304
1830031788708
2633441347240
2925230687912
1482211068500
2581722696276
1465031199316
1469240903016
2568752530792
1744118809960
2843630437736
2564727375512
1533935224472
2925504628376
1757357345188
1465299569060
2564811196836
1740177476004
1534019045796
2843644070568
1757017344680
2856528972456
1555153881768
2654665509544
1812851919528
2912363547304
1813120354984
2912631982760
2585946032808
2925299107172
1761362969956
1825787479396
2633513633380
1830082446692
2929594074468
1555422317220
2654933944996
1757285780132
2856797407908
2654715120292
2843693681316
1538023623332
1533728656036
2650420152996
1761635599764
2861147227540
1761312572820
1744472442260
2843984070036
2860824200596
2860807162212
1537957235044
2637468862820
1830367660692
2929879288468
2650638976660
1744468313768
2839419357528
2633260927320
2925318703448
2568836417880
2860894194008
1486504659288
2637555894616
2654735763800
2929613670744
1555224136024
2654720034472
1465014093480
1533665412776
2633177040552
1812851132820
2860823153044
1744131656084
1830031002004
2929542629780
1550858127764
2650369755540
1761311525268
2912346768724
2839332324692
1464942789972
2564454417748
1533662266708
2633173894484
1808540173652
2908051801428
1550909572456
1757285780136
2856797407912
1826005256872
2925516884648
1761311525272
2860823153048
1830031002008
1533678258584
2633189886360
1808556165528
2908067793304
1740105124248
2839616752024
2633258108500
1808624387668
1555204539988
1486485063252
1538028865108
1740160763476
2839672391252
2633512847700
1469527492184
2569039119960
2586214794840
2861092701784
1555422643800
1830355076696
2929866704472
2861147227736
2912686835288
2581986871956
1469510714980
2569022342756
1826055915108
2925567542884
1537978271396
1534019044760
2633530672536
2633446852200
2929598269032
1469309388392
1812835141992
2912346769768
1830015011176
1538041121380
2637552749156
2569034598040
1744400877208
2843912504984
2908056257944
1538242447000
2637754074776
1813120353944
2654984602964
1486753498452
2586265126228
1533729703252
2564521854292
1482458531156
2654716167508
1761631405396
1739887086228
2856578583188
2564520807060
1808606562964
2908118190740
2585945246116
1550858127780
2650369755556
1757016557988
2856528185764
1555421530532
2654933158308
2861143033176
1486438861476
2585950489252
2860828396196
1482189048472
2581700676248
1808606562968
2908118190744
2856578583192
1482479176356
1757357083300
1757005088404
2856516716180
1830283773592
1469253749160
1486433618344
1550858127784
1813175141800
2912686769576
1739888133796
2839399761572
2633241331364
1808607610532
2908119238308
2843984135844
2856516650580
2654737139368
1761635600040
1469594601128
2908387673768
2925234883172
1486420839012
2585932466788
1761298745956
2860810373732
2925570623832
2860811617880
1555141559896
1761299990104
2564811261336
1744451536228
1537978271400
1555203492516
2568819967588
1550913768024
2650425395800
1825791674968
2925299107176
1486485063016
1761315785108
2860827412884
1744199813780
2843711441556
2564538567316
1486420837972
2585932465748
1555140314708
1808628582996
2908140210772
1550845347412
2650356975188
1761299990116
2860811617892
1486690518628
2586202146404
1761568425572
2861080053348
1757083403620
2856595031396
1486433683876
2585945311652
1538230191780
2637741819556
1555410060964
1830287967908
2929799595684
2925504628388
1486770211412
2586281839188
2637821446740
1826072627796
2633529361748
1808895640916
2908407268692
1551197603156
2650709230932
1826075510100
2925587137876
1740176164180
1486690518632
2586202146408
1465298257240
1740176164184
2569104852312
1830102041944
2843714323800
1812922172760
1813190608216
2637824329048
2912702235992
1744471131480
2856515406440
1550845348456
2650356976232
1486420839016
1469326165668
1555220269460
2654731897236
1830098176404
2929609804180
1825802946148
2586013206868
2654732683604
1812922173796
1486504659300
2912349980244
2654651942484
1482125870676
1550929168740
2637555893604
1808895640932
2908407268708
1465298257252
2564809885028
2925318702436
2568836416868
2860894192996
2637557271140
1812923550308
2912435178084
2581722696292
2856800880984
1740110105172
2839621732948
1533951674964
2839335536216
1555140314712
1469240968792
2568752596568
1482394306136
2581905933912
1757273523880
1551115093672
2650626721448
1757353151064
2856864778840
1534014851672
2633526479448
1808892758616
2908404386392
1826072627800
2925584255576
2650440795496
1757087597928
1469324789096
2568836416872
1538044265832
2637555893608
2637824329064
2633530673572
1808896952740
1465232198248
2564743826024
2861096569432
1464963762776
2564475390552
1533683239512
2633194867288
2586284788116
1761651067284
1813190674836
2912702302612
1555492637076
2655004264852
1551197669780
2912433800532
1812922172756
1465029821780
2564541449556
1739907728724
2839419356500
1533749298516
2633260926292
1808627205460
2586013206884
1555221055844
2654732683620
1486501579108
1464942855512
2929609541224
2585928468820
1482475047272
2581986675048
2908408579492
1469594535332
2569106163108
2843984070052
1486756316520
2586267944296
2925503317604
1830286657124
2856783840868
1465214436964
2564726064740
1482209692068
1757087599012
2856599226788
1469527165540
2856533166692
2650374736484
2929798284904
1465214436968
2564726064744
1740110105188
2839621732964
1469509404264
1533951674980
1482143631956
2581655259732
1533683239508
2912682640788
1812923550312
2912435178088
1830103419496
2929615047272
1825808452200
1533951674984
2633463302760
1486438599272
2585950227048
1761316506216
1482211002724
2581722630500
2586264077924
1555471926884
1555207621028
2654719248804
1808610691492
2564790289816
1740156568984
2839668196760
2929525590692
2912433800536
2860894192984
1469324789080
2839419356504
1808627205464
2908138833240
2637741754004
1813108033172
1550846592660
2650358220436
2581907179156
1812839597716
1739909105240
2839420733016
1533750675032
2633262302808
1808628581976
2569016773220
1538224622180
2637736249956
2912614156900
2581974092388
1757340371556
1482139437668
1757017344612
2856528972388
2856851999332
2908324693656
1550846592664
2650358220440
1486422083224
1534019044776
2633530672552
1808896951720
1486690518680
2586202146456
2925588448680
1555489753752
1830367660696
2655001381528
2929879288472
2856579630500
2650374736472
1486756578644
1534001218900
2633512846676
1469522184596
2569033812372
1808824600980
2908336228756
1538241661332
2925299107240
1465278662056
2564790289832
2650692781668
1486705985172
2586217612948
1830303631700
2861074548308
1813102528084
1533929653844
2633441281620
1808807560788
2908319188564
2912614155860
1551109523028
1538225736104
2637737363880
1469506259368
1533997090408
2633508718184
1825724500628
2925236128404
1761584154968
2839336781476
2650352716456
1486416579240
2585928207016
1537956186792
2564538370388
1533746219348
2633257847124
1469242214056
2568753841832
1744120121000
2843631748776
1555409995432
2654921623208
2856516650664
1825992936020
2925504563796
2650626656852
1739836688728
2839348316504
1469505145448
2569016773224
1538224622184
1830370477464
2929882105240
1808895640984
1761382565272
2908407268760
1744399829652
1744455469480
1482478127460
2581989755236
1555221055892
2654732683668
2925520292196
1469257943396
2650373686692
2568833534628
1538041383588
2637553011364
1812919290532
2912430918308
2925570622808
2856867728036
1808824600984
2908336228760
1551126563224
2650638191000
1538241661336
2581990804136
1757084518808
2925499057752
2839335536276
1537960445588
1550846593688
1825724500632
2925236128408
1551197603236
2650709231012
2908407268772
1757021538964
2568752596632
1744118875800
2843630503576
1555140314776
2654651942552
1537977484692
1812855391636
2912367019412
2637472073368
1550926284436
2650437912212
2650709231016
1486504658344
2586016286120
1538041382548
2637553010324
1812919289492
1830287903320
1551115029080
2650626656856
2861080054360
1825992936024
2925504563800
2654938139288
1482143632024
2581655259800
1757021538968
2856533166744
2581923695256
1813174159972
1550926088612
2650437716388
1465026742692
2564538370468
1830367594068
2843627357524
1744115729748
2633241332116
1808607611284
2654719314536
1555476122216
2654987749992
2568769636776
2637489113512
1830098962856
1551193409108
1757084715688
2925234882212
2650625410724
1482205496680
2581717124456
1555488376408
2839683597912
1533745104472
1830035983012
2929547610788
1533665478312
2650625410728
2569105114708
1744471393876
2843983021652
1757289974440
2856801602216
1482143632040
2581655259816
1757021538984
2843982825892
2637824395684
1813190674852
1808895707556
1830102041956
2929613669732
1538044265828
1465029821796
2925234816660
2912635454808
2861095847256
1533950952792
1808828859736
2908340487512
1761646806628
2908403074660
2861158434404
1813174880920
2839687857556
1465298322836
1534017799572
1808895706516
2908407334292
1830370542996
2929882170772
1469589030504
1808891446888
2856863467112
1826071316072
2637489834596
1825741015652
1464963762788
2564475390564
1739841669732
2839353297508
1533683239524
2633194867300
1808561146468
1482143631972
2564790290776
1740156569944
1533998139736
2633509767512
1808876046680
2908387674456
1533746481492
2633258109268
2655001381208
1482479503704
1486506035544
2586017663320
1761383942488
2564520741464
1739887020632
2839398648408
2929615047016
1469257943444
2568769571220
2586217875860
2564474603924
1464962976148
1486437812628
1825804257636
2650626722148
1486506035556
2586017663332
1761383942500
2839622060392
1757084780904
2856596408680
1825804257640
1830367660392
1465027004776
2633463368340
1482210805160
1812922172776
2912433800552
1830102041960
2929613669736
2860894193000
1465029821800
2564541449576
1757020752280
1808560359832
2908071987608
2568769571224
1537977420184
2637489047960
1486437812632
2585949440408
1534002005608
2633513633384
2908320302500
1486686127524
1825988543908
2925500171684
1533732783524
1744454682964
1825804257684
2925315885460
2856533494168
1813175208344
1808624388504
2908136016280
1533952002456
2633463630232
1740176229784
2839687857560
1808895706520
2908407334296
1486773159320
1469593290136
2569104917912
1812839597464
2912351225240
2650437978532
1482462725460
1465282856276
2564794484052
2908123432276
2650425394516
1550913766740
2586017663400
2585950554536
1465227217316
1486702053796
2650638191012
1740173019800
2839684647576
1761315719588
1761584155044
1465231411620
2564743039396
2925251856804
2856800815524
1830035196324
1533950888356
2633462516132
2861074548324
1538224621156
2637736248932
1813102528100
2912614155876
1757267953252
1465210177124
2564721804900
1740088084068
2839599711844
2654720361816
1486757692760
1555208734040
1538027817624
2637539445400
2654719314584
2564458875556
1739825154724
2839336782500
2908056259236
1808544631460
1555157289384
1465231411624
1740109318568
1533950888360
2633462516136
1551130757544
2650642385320
1826008664488
2925520292264
1469321709924
2568833337700
2637552814436
1465215683172
2564727310948
2839605217892
1469510650468
2569022278244
2929799531108
1482473997720
2581985625496
1757269067176
2856780694952
2912351225492
1486702053972
1830355076452
1830086640996
2929598268772
1761367164260
2843967358308
1486757692772
1830085593764
2925302254244
1825790626468
2637540165284
1761579960920
2861091588696
1830299437656
2929811065432
1465282856296
1808880239976
1757340632424
1469309388136
2908135753044
1533746218324
2633257846100
1808624125268
2569033812392
2912631196072
2637820135060
1534013539988
2925314508436
1555219941012
2654731568788
1744198502036
2586012092052
1469589030548
2569100658324
1465025627796
1830097914516
1812918045332
1482390046312
2581901674088
1533929653864
2633441281640
1808807560808
1812917978776
2912429606552
1830097847960
2929609475736
1739903534744
2839415162520
1808623011480
2908134639256
1537977484708
2637489112484
1812855391652
2912367019428
1830366349908
2929877977684
1757351905876
2856863533652
1808891513428
2908403141204
1538041382564
2637553010340
1469522183576
2569033811352
1826004470372
2929811065444
1808896951704
2908408579480
2586217940324
1486434732628
2585946360404
1761312639572
2860824267348
1757336439380
2568748664164
1482139765336
2581651393112
1465211554392
1555476843172
1486485064100
2585996691876
1538296973988
1486753499748
2586265127524
1757273524836
2856785152612
1830032116324
2586280527524
1555219941028
2654731568804
1825802880676
2925314508452
1555472976488
2654984604264
1830350883432
2929862511208
1469254863464
2568766491240
1486434732648
1757356100264
2908135753048
2564542564696
2633262041432
1761646806696
1555219941032
2654731568808
1830097847976
2929609475752
2861158434472
2564805691048
1486500464296
1825740293476
2925251921252
1555476842132
2654988469908
1469577496212
2569089123988
2912686507668
1808812804436
2908324432212
1533934897492
2633446525268
1551131871656
2650643499432
1482462726804
2581974354580
1551182203540
2650693831316
2637489112488
1812855391656
2912367019432
1761315784104
1757336439448
2856848067224
1486770277016
1761379681960
2860891309736
2637557204644
1740177541796
2581974354596
2581705919140
1551182203556
2650693831332
1486757694116
1486422149800
2585933777576
2564790291112
1740156570280
1757336439464
2856848067240
1486774471336
2586286099112
1761652378280
2568837532004
2637557008740
1813169965716
2912681593492
1744115729752
1465295373928
2585995576916
1761361856084
2860873483860
1469304079956
1744181986900
2843693614676
1486483949140
2633240217172
1808606496340
2908118124116
1465282529960
2564794157736
1761362971048
2860874598824
2925500107092
2856780630356
1538293107048
1551182202260
2650693830036
1469577496216
1830015272276
2929526900052
2908118125160
1469304081000
2568815708776
1486505970020
2586017597796
1761631406676
2856533165668
2912681593496
2908118124120
2581700609624
2843693353300
2929592699220
1825786365528
1739887019608
1486757431908
2586269059684
1761635338852
2861146966628
1464947050852
2564458678628
1537961494884
2637473122660
1812839401828
2912351029604
1469242018148
1761585006228
1482412131988
2581923759764
1533951739540
2633463367316
1757017605460
1464959829332
1465008851288
1744181725528
2839666821464
1551126563476
2650638191252
1555421530772
2654933158548
2861075597656
2564722854232
1740089133400
2839600761176
2633442330968
1551182202276
2581974353316
1761312572760
2860824200536
1830299437720
2654933158552
2929811065496
2564794484136
1550846395732
2912351028564
1486421886292
2585933514068
1761299793236
1533666526548
1808544433492
2860810373780
2908055014036
1482125871764
2925252643428
1813169637732
2912681265508
2650688260452
2856796620196
1555153094036
2654664721812
2912414205524
2585996691028
2654716167764
2568816821844
1744183101012
1551178008148
1826055915092
1465010226772
1538024670804
2637536298580
2650693503588
1808811821652
2908323449428
2929543677284
1808557213028
2908068840804
1825786104168
1486483687784
2585995315560
1761361594728
2860873222504
1551126563492
2650638191268
1555421530788
2586213681828
1537973226148
2637484853924
2839683598680
1555141364072
2654652991848
1550909572696
2650421200472
2581701723736
1761631405656
2569038857880
2843916764824
1469527230104
1761585006232
1533951739544
2633463367320
1808829646488
2908341274264
2861096634008
2564471457128
1739837736296
2839349364072
1486702054056
2650353042776
1825719321944
2925230949720
1550926087524
2650437715300
2925504562788
1830287902308
1465215682148
2564727309924
2843710196388
1486500530852
1812918045348
2861162695332
1486773160612
2650441910680
2925319817624
2654652990808
1486421886296
2637473121624
2585933514072
2908055014040
2581970159204
2650356974952
1825723254120
2925234881896
1550845347176
1830304745892
2929816373668
1761579959720
1486433420628
2633256797844
1550925039252
2860890064532
1555220006548
1830097913492
2908134704788
1486433420632
2585945048408
1555225250212
2654736877988
1830103157156
2929614784932
1486505773476
2586017401252
1538308572756
2637820200532
2650705102420
1739907729812
2839419357588
2581718238568
2856596145512
1550926087528
1825803994472
2581722433960
1757088713128
1465029822036
2564541449812
1465298257492
2568832223636
1482478127444
2655004198488
1740176164440
2839687792216
2586284721752
2654988469924
2929866376868
1813174879908
1551181874852
2650693502628
1534002005668
2633513633444
1482462398116
2581974025892
1761635272356
2912703613524
2655005575764
1538314078804
2637825706580
1551198980692
1482479503956
2581991131732
1757290236324
2908336031076
2929610590804
2861143033188
1826004272488
2925515900264
1486500529816
1830097913496
2929609541272
1482205562520
2581717190296
1830349834916
2929861462692
2637535184484
1825786365540
1830081332836
2929592960612
2568815707748
2843962903124
2637555893860
2929882105444
1555224135268
2654735763044
1761651000932
2912702236260
1533749299608
2925500107108
2564722854244
2912435178136
1744471131752
1826059781716
2925571409492
2861092636052
1555422578068
2654934205844
1808557213076
2908068840852
1533679306132
1812852180372
2912363808148
2650370803092
1465298258264
2564809886040
2637824330072
1761651001688
1744471132504
2843982760280
2569104853336
1813190609240
1808897018456
1486703101336
2586214729112
1533679306136
2633190933912
1808557213080
2908068840856
1464959829400
2564471457176
2564790289768
1740156568936
2839668196712
1808876045672
2843894680212
1761562921620
2861074549396
1465299371672
1482188720548
2581700348324
1744181725604
2843693353380
1555203425896
2654715053672
2585995576936
1744181986920
2843693614696
1812901463656
2912413091432
2843694728852
1533679306148
2633190933924
1825737082276
2925248710052
2568766424484
1761585006244
2861096634020
2569017821544
1538225670504
1533729703576
2633241331352
1808557213096
2908068840872
2654934205864
1830300485032
2929812112808
1464959829416
2564471457192
1739837736360
2839349364136
2586264077976
2586265127512
1812839400804
2912351028580
2929530897764
1464947049828
1739824956772
2839336584548
1744119924068
2843631551844
2654664787556
1825736099428
2925247727204
2843630504612
1486420839076
2564457630372
1538242775444
2637754403220
1533929654936
2569016773272
1551178008228
2650689636004
1830350882468
2929862510244
2843694728868
1740092344932
2581923956116
1486768965016
1757290235284
2856801863060
1482406888852
2929810867604
2654932960660
1550857930132
2650369557908
1486433420692
2585945048468
1469253551508
2568765179284
2925520292436
1469526379092
2569038006868
2843915913812
1538245855828
2637757483604
1826008664660
1744404286036
1469527230120
2569038857896
1744405137064
2861096634024
2843916764840
1761585006248
2912636242340
1533946496408
2633458124184
1808824403352
2908336031128
1464958584216
2564470211992
1739836491160
2839348118936
1534013541012
2843697874532
2633525168788
1551176960596
1744468249236
1486770211476
2586281839252
1830367595156
2929879222932
1551197603476
2650709231252
2581989754516
1538312701588
2637824329364
1830098176356
2654651878056
1830018157224
2929529785000
2929811131048
1830019269992
1761299793256
2860811421032
1469242017128
2568753644904
1744119924072
2843631551848
1537961493864
2637473121640
1812839400808
1538312701592
2637824329368
2839335537320
1808543386280
1464946002600
2564457630376
2908336031140
2912630998436
1533946496420
2633458124196
1744131458468
2843643086244
2650693503592
2637821250196
2912699157140
2650437716628
1825803995796
1465231411812
2564743039588
1464958584232
2564470212008
1739836491176
2839348118952
1808555967912
2908067595688
1538309622424
2637821250200
1813187529368
2912699157144
1744468052632
2569101773464
2843979680408
1744135850600
2843647478376
2929815259752
2581985625700
2650705102436
1551193474660
1826071381604
1482473997924
1486504659364
2586016287140
1469593224868
2586284721828
1757356033700
2856867661476
2564809885348
2569104852644
1757087598244
2856599226020
2581721319076
1482209691300
1555225512612
1830103419556
2839420734116
2633262303908
1761648118424
2861159746200
1469590342296
1757353151128
2654920377944
2856867661480
1550929168040
1825807074984
2925318702760
1486773094756
2586284722532
1761651001700
1551197668708
1830371854948
2929883482724
1830283773528
1830304745896
2654938466728
1555426838952
1808624126628
2908135754404
1550926088868
2912699157156
2655001119396
2843715700372
2564789176936
1744468052648
2843979680424
2633240021652
2908404189864
2564538370728
1739904649896
2839416277672
1465298257236
2564809885012
1757356033364
1486773093716
2586284721492
1830370477396
2650374736228
2654732879460
2581991130708
1551198979668
1826076886612
1469594601044
2655001381540
1830367660708
2929879288484
2912698107496
1486504659368
2586016287144
1469324790184
1739907729832
2839353297556
1550863108756
2650374736532
2925252643476
1555158076052
2654669703828
2908407269736
2633463302740
1808829581908
2908341209684
2856801602132
1465232198228
2564743826004
2650419889560
2861164005992
1555493948008
1830371854952
2929883482728
1465299634792
2564811262568
2637737297252
2839600760164
1469505145508
2569016773284
2564721805988
1486500792724
2586012420500
2912698370452
1551182136740
2650693764516
2564809885016
1469593225812
1761652377176
2861164004952
1465299633752
1740177540696
2586012420504
1469576448340
2581972978004
2856850884948
1533732522324
1486438599320
2585950227096
1761316506264
2860828134040
1830035983000
2843966244244
2912417024344
1744404286100
2843915913876
1533950888596
2633462516372
1813123762836
2912635390612
2633508718248
1744405072472
2843916700248
1761378436756
2861095783064
1830303632024
1761584155288
2912429935012
1482206611860
2581718239636
2637552028072
1469320923560
1830085265764
2929596893540
1761365789028
1744185919844
2912417024356
2843697547620
1538027489636
1555475794276
2654987422052
1808880240212
2908391867988
1555476843108
2654988470884
1830354750052
2929866377828
2908073035108
1757021799780
1739890952552
2839402580328
1808610429288
1469576448360
2569088076136
1469526379172
1761584155300
2861095783076
1825740229284
2925251857060
1812855327396
2912366955172
1555157289636
2654668917412
1761635599960
2912418399832
2568832223828
2637551700564
1808561407336
2908073035112
1808829842792
2908341470568
1744136897896
2843648525672
1486438860136
2585950487912
1812856374632
2912368002408
1555425725096
2654937352872
2569038006952
1469526444452
2569038072228
1482411346340
1555425790372
1830367595172
1757272213092
2929798284900
1813106787940
1550926088600
2650437716376
1825803995544
2925315623320
1761367164516
1830018221416
2929529849192
2654937417108
1830303696276
2929815324052
1555425527124
2568821016168
1465014421096
2564526048872
1739892328040
1830355076712
1761635599976
2861147227752
1744451536276
2586217678168
2564457629352
1482125870760
2633508391572
1808891447960
2908403075736
1744404351400
2843915979176
1469526444456
2569038072232
2633240218260
2908118125204
1469304081044
2568815708820
1744181987988
2843693615764
1486689273448
2586200901224
2839601022372
1486752385620
2925248513432
2568837793444
2925320079012
1808628582052
2908140209828
1830103157332
2929614785108
1812923288148
1830370477412
2929882105188
1469593224548
2569104852324
2929866376788
2908073035156
1469258990996
1744136897940
2843648525716
1537978467732
1533732522392
2633463302756
1808829581924
2569038793316
1744405072484
2843916700260
2908341209700
2908117862744
2925521339800
1465232459160
1533951935896
2581923956120
2650643432856
2856801863064
1757290235288
1469258729108
1537978205844
2568770356884
2585950226068
1482457418328
2581969046104
1757335325272
2856846953048
1551176895064
2650688522840
1826054802008
2925566429784
1761630292568
1830349769304
1486506034856
2581722695336
1486773093736
2586284721512
1761651000680
2564809885032
1761312638292
2860824266068
1830032115028
2929543742804
1486434731348
2585946359124
1744186246740
2568819967572
2929879288488
1761365789092
1469308012964
2568819640740
2856528251540
1555208734356
2654720362132
2856533166760
1744136637096
2843648264872
1486438599336
2585950227112
2569088337316
2925570622884
1757021799844
2839353558436
1533683500452
1808561407396
2908073035172
2856533427620
2843648525732
1551131805092
2568819640744
1482192914856
2581704542632
1757070821800
2856582449576
1533929653924
2581974092196
1486757693080
2912686835352
1555477169816
2654988797592
2633195128232
1825741276584
2925252904360
1808561407400
2908073035176
1465232459176
1533951935912
2856533427624
1486438860200
2654651877972
1830018157140
1482125806164
1464945936980
2564457564756
2929529784916
2843697875560
1812905724520
2860828133016
2929547609752
1739904649636
2839416277412
1808624126372
2908135754148
1533996763732
2633508391508
1808874670676
2908386298452
1551176632916
2650688260692
1465277286996
2569083882068
1486690519716
2654921624228
1761568426660
2861080054436
1555409996452
2843714652500
1812922501460
1757070822052
2856582449828
2925248710228
1550859175508
2650370803284
1825737082452
1538242709076
2637754336852
2633508391512
1808874670680
2908386298456
2581968783960
1551176632920
2650688260696
1830349507160
1761312638296
1761382893912
2861147227812
1538297300644
1551194524004
2650706151780
2637539444312
1555493881428
2655005509204
1550858193560
1486437614996
2585949242772
2925248710232
1555154142808
2654665770584
2585946293848
1744455730856
2843967358632
1486501578132
2839671276968
1465281742248
2929861135000
1555471600280
1830349507224
1744404088216
2843915715992
1538245658008
1740109120916
2856779581096
1486420773464
2912699155796
2585932401240
2654716168552
2633508391524
1808874670692
2908386298468
1469589097108
2569100724884
2839683664532
1808891513492
1757351905940
2856863533716
2908403141268
1830097847892
2929609475668
1744199616936
1465026742696
2564538370472
2564788914792
1465277287016
1813169637992
2637803358824
1486690519720
1486420772196
2585932399972
1537977222564
2637488850340
1555157091748
2654668719524
1830034998692
2929546626468
2568769373604
1486437615012
1555476843112
2654988470888
1830354750056
2929866377832
1482479503780
2581991131556
1744204008020
2843715635796
1482211002964
2929614981716
2860895504980
2908071789992
2585949242792
1555157091752
1830034998696
2929546626472
2581654275496
1464962778536
2564474406312
1739840685480
2839352313256
1538313816728
2637825444504
1813191723672
2912703351448
1555489686872
1830367593816
2929879221592
1538023557796
1744468051288
2843979679064
1813187528024
1550857930324
2569100724888
1465294129816
2564805757592
1740172036760
2839683664536
1482473999000
1757351905944
2856863533720
1830370542948
2929882170724
2633256732248
1808623011416
2908134639192
1538293106068
2637804733844
1465278662036
2581969046116
1808555968088
2908067595864
1482138453592
1550857930328
2581650081368
2839348119128
1482461350500
2581972978276
1757339257444
2856850885220
1744472246948
2843983874724
1757357148836
2856868776612
2861163743908
2586285836964
1761652116132
1486483753304
1465008916824
2564520544600
1830103157416
2929614785192
1744472246952
2908408384168
1813191723688
1555493685928
2655005313704
2586197690772
2839667082836
1808874931796
2908386559572
1744115992980
1486701856356
1465227282840
2564738910616
1740105189784
2839616817560
1465009113768
1486686324312
1830299240040
2929810867816
2650637993576
1486706313636
2586217941412
2654669702820
2929547609764
1486438598308
2585950226084
1761316505252
1533683238564
1744450423400
2843962051176
1808876045720
2908387673496
1740155456104
2839667083880
1465277549160
1469573301588
2586263751316
2568766489956
1469254862180
1830355010980
2929866638756
1486434731364
2564525000292
2839402907236
1465013372516
1538027816548
2637539444324
1812905723492
2912417351268
2585999836772
2654719313508
1555207685732
1486753170776
2586264798552
1555154142868
1830032049812
1757017605780
2856529233556
1550859175572
1740171970916
2839683598692
1469506193816
1744384100760
2843895728536
1486686063000
2568836745624
1469308339812
1808874931800
2637741558116
1808812869988
1830032049816
2856529233560
2929543677592
1761581008536
2861092636312
1813120616088
1830300485272
2581717190292
2856867924580
1551130757540
1826008664484
2925520292260
1469242017172
2912349915748
1486420773476
2908054948452
1464945936996
1757003713124
2654664787604
2929542694548
1465014094436
2564525722212
2908386298532
1465277287076
2564788914852
1740155194020
2839666821796
1808874670756
2839605019988
1486484800932
2585996428708
2843962836328
1486753170792
1469573301608
2569084929384
2843644331684
1812852180644
2912363808420
1469254796964
2925297732264
2908139162024
2637556222376
1812922501544
1808543319636
2568753645992
1533732849256
2633244477032
1808610756200
2908122383976
1482193241704
1825790625384
2650424346216
2581704869480
1469308339816
2568819967592
1555153160872
2839416538772
1744132703912
1812852180648
1555154142888
1744401139368
1551130757460
2650642385236
2929609803160
1555409995428
2654921623204
2637741558120
2912619465064
1555409799528
2654921427304
1757273262440
2856784890216
1551114832232
2650626460008
2581974092200
2856851999144
1812838287976
2929529784936
1482138715800
2581650343576
1538040400472
2637552028248
1469320595044
1469510453604
2569022081380
1825735837332
2925247465108
1740093392216
2925504365912
2633189688984
1464958584472
2564470212248
1533678061208
1761298679384
2860810307160
2650705102484
2861158499988
1551193474708
2908403140244
2925583009428
2650442107492
1465031133796
2564542761572
1486505970276
2912635390296
2568753644948
2654731897444
1482122724692
2581634352468
2633240020308
2564811262612
1551110899304
2650622527080
1482138453668
2581650081444
1757016360612
2856527988388
1830103352916
2929614980692
1744204006996
2637557204564
2912435111508
1744400157076
2843911784852
1551193475752
2929877977768
1744384361892
2843895989668
2650622462292
2908336031400
1825735837352
2856527988392
1826004272808
2925515900584
1486420772200
2585932399976
1555405801816
1830283708760
2568769308004
1486768965272
1761646872216
2861158499992
2929877976728
1469527165352
2569038793128
2843647214948
2843962050148
1808874931812
1744450422372
2839667082852
1812902249880
2912413877656
2581989755288
1465299634840
1825988478356
2925500106132
2564722853268
2912615467368
1486686325096
2586197952872
1555472647588
1830350554532
2929862182308
2856583825752
1538291992168
2637803619944
1555471861352
1739819714900
1482121677140
1482390112596
2581901740372
1550841153876
1537961493924
2843711179092
2650437650772
1825803929940
2633258108244
2929879287124
1761366902436
1830367659348
1808624387412
2908136015188
2861074614616
2637736315224
1757352168084
1465211225496
2564722853272
1740089132440
1808561407380
1555221316952
2861159810392
2929879287128
2908134967960
2925570361940
2569088076372
1744454355540
1469257943460
2908323449508
1830355010984
2929866638760
2860877417124
1482143893076
1555158337108
2581655520852
2929596893784
2654718986840
1469526378852
2569038006628
1812919354724
2912430982500
1739904910692
2861074614632
1825807141524
2908391867752
1808557213032
1465295439208
2564807066984
2568833598824
1761647135400
1534000958052
1808878864996
2908390492772
1813173832292
1551180827236
2650692455012
1469576448616
2569088076392
2860827347368
2908323449512
1538228882088
2637740509864
1813106789032
2912618416808
1551110834580
2925500369300
2586197952916
1465278662052
2564790289828
2908054947432
1550845281896
2908387608916
1830350817620
2929862445396
2654984538452
2929877976740
1469589096100
2569100723876
1761646872228
2861158500004
2856780892568
2650622462360
1825988741528
2564743039336
1761383941796
2860895569572
1469257942424
2568769570200
1808895642020
2843982760356
2586264013396
1761630292564
2861141920340
2581637433940
2839689169572
1826076887716
2925588515492
1830371855012
2843715634788
1465031132772
2564542760548
1757088908900
2856600536676
1465014421860
2564526049636
2586267945572
1555405801896
2654917429672
1830283708840
2929795336616
2925588514452
1482479502996
2581991130772
1830350817624
2843963099480
2929862445400
1813170948440
1761631340888
1533750609316
1761646872232
2861158500008
2650705102504
2633194146212
1482122724696
2581634352472
1757000631640
1761651001768
1469593225640
2569104853416
1744471132584
1538312702376
1757289974420
2856801602196
2633191000468
1533951675028
1812852246932
1465232198292
2564743826068
2925520094820
2655005575848
1830371855016
2929883482792
1534019111592
2633530739368
1808897018536
1465299634856
2564811262632
2929794091412
1469505210772
2569016838548
1555425527400
1486706050664
1830019466644
1813102594456
1486685079960
2586196707736
1825724238164
1537961429332
1830086642024
1465014421864
2564526049640
2839348316756
2925247662676
2569016837720
2650710607512
1826076886680
1813174879572
2925302973780
2585929321064
1482461350548
2861145852564
1808610429588
1813174879576
2568820688216
2860828395156
1482143893140
2581655520916
2650692455064
1826058734232
2929865329304
2654987422360
1830353701528
1465281481368
2564793109144
1757273459364
2856785087140
1813102594468
2912614222244
1551131544216
1469589097124
2569100724900
2912346834520
2860807226968
1757000631896
2856512259672
2908051867224
2650688324964
1739820762712
2650437650788
2654732944804
1469321971108
2568833598884
2929815259556
1469505210792
2569016838568
1744383117736
2843894745512
2929530833240
1482461350564
2581972978340
1486756317860
2586267945636
1812905396900
1830085266084
1538296972648
2633195128484
1555158337188
2654669964964
2568770619044
1486438860452
1826058734248
1465281481384
2564793109160
2637807553192
1538040072852
1830097848980
2929609476756
2912417285732
1744199878292
1830304679592
2929816307368
2843711506068
2564475651752
1550862321060
2650373948836
1744135849380
2843647477156
2581654472100
2637820136020
1465294064212
2564805691988
2568837531300
2912434129496
1739908057688
2839419685464
1533749627480
2925520094868
1808560162452
1469509601620
1550862321064
2650373948840
1482142844328
2581654472104
1757020751272
2633525168728
2908386298516
1534018783652
2633530411428
2650370804068
1486752385684
1486706050724
1826054802068
2925566429844
1465231214244
2564742842020
1740109121188
2839620748964
1808828597924
1830303434408
2929815062184
1812855129768
2912366757544
1761651263060
2861162890836
2929794288232
1469510649512
2569022277288
1830099158436
1555221251492
2654732879268
2637753289108
1486752385688
2633446787428
1808813066596
2908324694372
2929799530852
2843966311012
2650421200232
1825787479400
1537961429348
1469510650216
2569022277992
1744388557160
2843900184936
1538230126952
2637741754728
1813108033896
2654921623912
1830287903080
2929799530856
1826009450132
2925521077908
1486707033748
1761584940692
2861096568468
2650441123492
1825807402660
1757340304804
1808879912360
2860878530212
1538028864872
1808611804520
2860823152212
1825737148840
2925248776616
1486756645204
2586268272980
1486484735572
2585996363348
2925567215188
1813170685524
2912682313300
1744451208788
2843962836564
1486753171028
1465299633492
1739909104980
2843982826148
1757352888984
2856516389224
1555141298536
1555472647768
2654984275544
1486484735576
2585996363352
2912682313304
2586286097752
1482211067224
2856869037400
2856529298840
1550859240856
2650370868632
1825737147800
1537974338968
2908122384024
1482193241752
2581704869528
1757071148696
2856582776472
1761567181156
1551113783652
2650625411428
1825991690596
1830367593828
2929879221604
1739836687960
1550858126936
1538309621140
1551193410148
1550909245028
1486774470040
1830371853668
1555408750952
1830286657896
2929798285672
1744387311976
2843898939752
1813106788712
2912618416488
1486689274216
2861162957476
1830370806436
1761651329700
2564537255572
1739903534740
2839415162516
1533745104532
2633256732308
1808623011476
1757083403924
2856595031700
1464943117716
2564454745492
1739821024660
2650710607208
1465299633512
2564811261288
1830286592600
1744186968680
2650709559976
2925587466920
1486773422760
2586285050536
1830349505876
2929861133652
2843894678868
1465277285720
2564788913496
2925230622040
1830366283348
2564470146404
1555471598948
2912430654824
2650437649768
1550930479764
1756999517544
2856511145320
1813169636712
1830349505896
1469510650260
2569022278036
2586202147220
1469320596136
1808874735956
1465215682968
2564727310744
1740093589912
2839605217688
1808813066648
2908324694424
1465299569236
1486774405716
2586286033492
1555489490328
2564788913556
1830013961620
2929525589396
2585928205720
1830013961624
2908323382680
1830018155928
1830350816612
2929862444388
2925566428500
1826054800724
1486420773460
2585932401236
2637534922148
2912412829092
2929592698276
2908117861796
1486420772264
2908054947240
2912433866340
2861080054180
2839420668568
1533750610584
2633262238360
1808628517528
2929799530920
2843900185000
1830287903144
2861080054184
2633446787496
1555493882276
2585999837800
1486752188760
1537977485732
2637489113508
2860807226712
1551126563412
2650638191188
1808808872532
1555405802068
1830015273556
2929526901332
1486417889876
2585929517652
2633509700968
1533998073192
2912619399528
1533997025960
2633508653736
1808874932904
1555408750996
2912615467608
1464943053400
2564454681176
1808540437080
2908052064856
2861078808984
2654920378776
1830286657944
2581905934744
1757272213912
2856783841688
2633463301796
1469573301912
2569084929688
2586286097816
1761652376984
2861164004760
1830371853720
2839352510884
1808808872548
1538225932900
2637737560676
1464943053412
2564454681188
1808540437092
2908052064868
1830283709028
2586202147492
2929794025048
2650354027112
1825720306280
2929526901352
1486417889896
2585929517672
1555405802088
1538225932904
2637753289112
2912631196056
2843982759524
2581989754472
1757356033640
2861074548328
2564726065828
1740092344996
2839603972772
2654737139108
1533750674852
1761567181224
2861078809000
1757272213928
2856783841704
1538229929364
1538228816484
2637740444260
2637741557140
1551177680552
2650689308328
1826055587496
2925567215272
2568816494248
2568837793192
1744204072360
2843715700136
1538045642152
2637557269928
1812923549096
2912435176872
2839621732008
1813124548264
1825723188884
2637757221288
1757087598228
2856599226004
1469320595096
2568832222872
1537960380056
2654651877016
2908319255124
2650621217364
1551109589588
1756999584340
2856511212116
1825719061076
1830102042276
2929613670052
1486504658596
2586016286372
1761382565540
2860894193316
2581905868372
1555408684628
2912433800872
1482209691304
2581721319080
1757087598248
1813186414948
2654983228072
2929861135016
1808544367976
2908055995752
1534014916180
2633526543956
1825719061080
2925230688856
2908050819672
1486416644696
1808556164712
2908067792488
2908403075432
2581717125480
2856595032424
2633256733032
1465025628520
2564537256296
1533745105256
1534014916184
2633526543960
1465295439448
2650441910612
2637741557144
1825719061092
2856779647588
1825987496548
2925499124324
2568837728932
1550930479780
2650442107556
2564743039332
1534014916196
2633526543972
2585928272488
1551109589608
2650621217384
1757268019816
2929525917016
1830286591576
2860806440280
2569083947364
1812901266836
2581722629780
1550930478740
2650442106516
1533750413656
1533728589220
2633240216996
2856578516388
1830015273620
2929526901396
2568749648532
2929795336852
2912681330004
1808874734932
1486500465044
2586012092820
2908118123944
1465009112488
2569106163284
1825791674772
2633174157976
1808540437144
2908052064920
1739820960408
2925582943848
2637468928660
1464942856852
2564454484628
1739820763796
2925320014504
1744450226536
2843961854312
1739891214932
2929526901412
1486753237588
2586264865364
1550930478744
2650442106520
1825808385688
1808623012244
2637737560744
2908134640024
1465025628568
2564537256344
1739903535512
2839415163288
1808623012248
1825791674776
2925303302552
2839599777384
1830082446696
1808880240984
1740160764248
2839672392024
2581651327320
2908051866964
2637468927316
1812835206484
2912346834260
1537957299540
1469237822804
1761295598932
2860807226708
2929597155928
1482390112916
2581901740692
2633172912788
1808539191956
1830014028436
2929525656212
2908134640036
1808891447716
1534013540772
2633525168548
2908403075492
2586197755224
2637468927320
1537957299544
1761295598936
1486417691992
2908136015508
1757268019864
2856779647640
1469320595880
2564538631832
1739904911000
2839416538776
1825804256920
2925315884696
1808624387736
2908136015512
1482395354532
2586201949604
1761568228772
1813107836324
1740160435796
1486768966292
2586280594068
2856851932760
2564525721176
2929543677268
1812835206500
2839332390244
1739820762468
2912635390372
1482390112932
1757268019876
2856779647652
1486416644772
2585928272548
1740088150692
2839599778468
1555422644628
1825991624292
2856783775332
1555137168744
2568749450600
2650622264680
2650437977764
1465210243752
1808539191976
2908050819752
1761568426664
2861080054440
1813187790504
2925302974052
2856583497316
1486488929892
1465014093412
2564525721188
2839605020072
1826071317140
1486488929896
2586000557672
1465014093416
2564525721192
1739892000360
1761584155048
1486706248104
2586217875880
2912635390376
1555425724840
2654937352616
1830303631784
2929815259560
1555224201876
2654735829652
1830102108820
2908323382888
1486689207912
2925318769300
1465214371432
2564725999208
1538028602980
1482122724708
2655004525972
1555493881240
2655005509016
1830371788184
1830370544212
2929882171988
1482412067236
1757289974180
2856801601956
1555225446052
2654737073828
1830103352996
2929614980772
1486505969316
2586017597092
1761383876260
2860895504036
1469326100132
1808540435860
2908052063636
2569083946340
1482457220452
1744399895128
2843911522904
2843715437912
1808607611220
2908119238996
1825787480404
2912682641748
1830102108824
2929613736600
2581704804964
1812905658980
2912417286756
1808607611224
2908119239000
2654984603992
2929526703764
1812835206804
1555405604244
2633262237352
2586017597096
1761383876264
2860895504040
1533666724436
1808544631380
2908056259156
1826005584276
2925517212052
2654934272404
1830300551572
2929812179348
1744115729816
2925231736216
2912615269784
1757269067160
1826054604136
1465277351272
1486434665812
1830032049492
2585933449620
1761299728788
2860811356564
1808544631384
1464947247704
2564458875480
2908056259160
1555208735144
1830086642088
1761367165352
2586000886184
2860878793128
1744455403156
1830082447716
1469308012884
1538027489624
2568816822632
1538024671592
2581906918036
1744202697060
2908054948196
2908323383652
1826058733924
2925570361700
2856783776104
1555405604260
2586197755300
1825720108452
2925231736228
1808540239268
1757269067172
2856780694948
2564458875492
1739825154660
2839336782436
2581638744676
2908056259172
1808544631396
1464947247716
2637468927640
2856512259736
1739820762776
2633173960104
1550842201512
1825720108456
2581902788008
2581923694180
1757071148644
1757289973348
1555224136020
2633178352232
1808544631400
2908056259176
2861080054376
2929531095656
1464947247720
2564458875496
1739825154664
2637754403224
1826054539668
1482457155988
1739892000420
1486769949028
1482193176152
1465299634852
1826054539684
2925566167460
1808623012260
1469308012968
1830354749096
1826059781800
1482462398120
2581974025896
1757340305064
2856851932840
2637741492568
1486690257240
2654920378964
1464946002516
2564457630292
1551197604196
1551193410196
1808891447956
2908403075732
2586280528532
1761646807700
2861158435476
2912698043028
1761652377172
2861164004948
2569106228820
2564457630296
1486420839000
1744199551400
1469593225576
2839689168472
1465008851284
2564520479060
1486768966296
2586280594072
1533935159908
1808813066852
1465281481364
2564793109140
2908323449444
1813106788964
2912618416740
2650625411684
1830018222692
2929529850468
1808811821668
1486505772388
2581721385636
2912433867428
1550929234596
2908055013992
1482125871720
2581637499496
2861078809192
1465010227604
2564521855380
2569100659352
1744466938520
2843978566296
1538308508312
1826071317144
2568837793384
1830370478676
2839687793240
2908117863000
2925582944920
2637536298584
2912414205528
1812901202264
1808606234968
1808895642212
2569100659300
1756999518824
1757269263780
2564727311000
1808544631448
2908056259224
1486422084248
2585933712024
1555204540836
2654716168612
2908138900136
1482209757864
2581721385640
1757087664808
2856599292584
2564809886360
1744471132824
2843982760600
2908340423332
1757068003752
1825786365524
2925297993300
2856578516564
1555203425876
2654715053652
1830081332820
2929592960596
1812901463636
2860894194340
2843643087188
1551198653032
2650440796840
2908403075752
1482412067240
2581923695016
1533998073240
2633509701016
1808875980184
2908387607960
2586265060760
2925297993304
1830081332824
1555203425880
2908386559576
1808606496344
1482127116964
2581638744740
2586269320548
2929866704228
1761635599716
1465278663320
2564790291096
1486489192036
2586000819812
1761367098980
2860878726756
1469593225620
1830019466660
2929531094436
2843631487396
1761299728804
2860811356580
2912350964132
1812839336356
2564727311016
1465215683240
2925236128424
1464947247784
2564458875560
1555207620196
1830085527140
2929597154916
2839402841700
1812905657956
1469253749412
1744387508820
1538308835736
1808543384996
1469510388068
2569022015844
1808812804452
2908324432228
1744388295012
2843899922788
1757072197032
2856583824808
2569084143208
1808812868948
2908324496724
1830018222740
2929529850516
2637740509844
1486420839060
2585932466836
2908138834340
1482395354456
2908324496728
1744118876824
1486420839064
2568836417960
1482193176168
2581704803944
1812905657960
2912417285736
1550912652904
2650424280680
1825790559848
1825987758420
2925499386196
1482390374740
2581902002516
1486685342036
1551109851476
2650621479252
1533934897512
2633446525288
1808812804456
2908324432232
2586016548516
1808544433508
2908056061284
1550846395748
2650358023524
2925235930468
1482126919012
2581638546788
1537961493860
2637473121636
2654647747928
1830014027096
2929525654872
2908403075672
1465294064216
2564805691992
1533666526568
1464947049832
2564458677608
2912351028584
2585933514088
2929530897768
2633178154344
1555141363048
2654652990824
1761652377252
2861164005028
1538045642404
2637825705636
1813191984804
2912703612580
1757071148648
1830035261028
2929546888804
1550862386788
2650374014564
1744400090712
2843911718488
1813119567448
1739909105320
1469509405352
2569021033128
1830366284436
2929877912212
2637736577368
1533929982296
2633441610072
2564722133336
2843961789028
1808891447908
2908403075684
1757268215124
2912345982296
1808543581540
2908055209316
1537960641892
1550908196180
1538309555560
1533665674600
2633177302376
1812902577748
2564521854548
1739888133716
2839399761492
1533729703508
2633241331284
1808607610452
1808891447976
1534014589528
2633526217304
1808560424552
2585949505128
1761584941476
2861096569252
2929592699240
1761634485668
2843647477160
1812855326120
2586263816600
2861141723544
1465299569304
1830081071444
1555208735060
2908119238232
2633241331288
1808607610456
1482194291032
2839668131240
1469573563816
1486753433000
2586265060776
1465278596520
2843899987348
1830102107816
1469324854952
1465025693332
2908056061336
1744388359576
2843899987352
1538229929368
2585995576984
1486489258340
2586000886116
2585946359140
1830354028196
2929598269800
1555220989268
2650705037972
1465294064276
2564805692052
1469589031572
2569100659348
1486690321828
2633178154404
2925504365988
1757004826020
2856516453796
2586013140312
1757352887640
1465294064280
2564805692056
1740171971224
2839683599000
2637820136088
1469589031576
2929530897832
1757004826024
1744388359592
2843899987368
1812901463640
2912413091416
1469589292644
1812856374692
2912368002468
1464942855764
2564454483540
2856512259668
1830015075924
1808540239444
1757000631892
2908135687524
2564538303844
2839416210788
1744466938532
1830366284452
2929877912228
1808891447972
2908403075748
1744204006804
2650436863636
2586012354200
1465025889944
1465026676072
1813186415272
1486768900776
2586280528552
1465294064296
2650638190248
2929526703716
1808540239460
2908051867236
1486504920744
2586016548520
1538230127204
2581634352744
2908051867240
1744115730024
2637741754980
1830015075944
2843627357800
1739886757220
1486483686756
2585995314532
1761361593700
1486774405796
2586286033572
1757357345444
2856868973220
1808896952996
2908408580772
1465299569316
2564811197092
1551109850456
1555208735124
2654720362900
1757072198036
2856583825812
2581722433944
1757088713112
2861141722516
1808611740004
2908123367780
2929877912216
1551182203284
2650693831060
2654988798356
1825786103144
2929866705316
1538314013352
2856868973224
2564811197096
2912635390628
1482139699544
1538245855908
2637757483684
1486489258408
1538296186452
2637807814228
2585933777556
1761584941480
1465277351320
2564788979096
2929883416216
1533998139988
2633509767764
2637804735060
1813171014228
1465278663252
2564790291028
1533998139992
2633509767768
1808876046936
1465278663256
2564790291032
1830081071448
1555405604500
1830015075988
1744454616676
2843966244452
1761634485860
2585950553492
1744115730072
2860807227032
1465278663268
2564790291044
1740156570212
2839668197988
1551131871908
2586265127528
2581986609816
1826004273496
1740092278436
1744405072532
1744383378788
1534017735256
1465298258520
2564809886296
1761651001944
1808895642200
2908407269976
1830371788196
2929883415972
1486488209000
2585999836776
1744472509096
2843984136872
1761383679380
2908407269988
1465298258532
1533929981332
1808825649556
2908337277332
2650441910696
2925319817640
1551127611800
2650639239576
1826005518744
2925517146520
1757017606552
2856529234328
1469308274324
2568819902100
1482193176212
2564788979108
1538291795364
2637803423140
1813169702308
2912681330084
1830349571492
2929861199268
2581991065252
1744383378852
2843895006628
2581974354340
1551182203300
2650693831076
1808807888296
2568766425508
1808878863700
1469594338648
2569105966424
1538242709928
2637754337704
1486757692820
2586269320596
1740159650404
1482461612644
2581973240420
1761630094760
1464959829396
2564471457172
1469254796692
1486434665876
2585946293652
2581704803988
2586265127588
1486753499812
2861091391892
1464958585236
2564470213012
2929810868628
1813174093396
2912685721172
2654988798376
1486702054036
2586213681812
1830350883496
1757284796824
2856796424600
1551126366616
2650637994392
2925515901336
1555421333912
2654932961688
1538224884052
2637736511828
1808807823700
1761630292308
2861141920084
1813102791000
2637736511832
2912614418776
1739887020376
2839398648152
2586196706904
1555220203876
1486706248036
1555136317780
1551181089384
1482139698584
2581651326360
1757017605528
2856529233304
1486434665880
2585946293656
1830036309348
2929547937124
1761579764132
2861091391908
1740104927652
2839616555428
1808824404388
2908336032164
2581985823320
1826004273576
2925515901352
1740159649368
2839671277144
2586012157588
1555493619044
2655005246820
1482478127780
2581989755556
1830370478756
2929882106532
1465298258596
1740176165540
2564809886372
1465298258600
1744471132840
2586284722856
2861162629800
1555492571816
1813190609576
2912702237352
1808895642280
1830370478760
1486501840532
2586013468308
1486485064340
2585996692116
1830019270244
1469573630548
2861143034452
1486753499732
2586265127508
1808876046932
2908387674708
2860895307428
1830019270248
2929530898024
1744119924328
2843631552104
2637473121896
1533678324324
2908407335588
1813190675108
2912702302884
1761651067556
1830370544292
1830371788200
1538044266084
2861158697572
1740159650408
1482458532440
2581970160216
1744451537496
2908387674712
2650689636952
1486753499736
1550908197220
1486707296596
1555426773332
2654938401108
1830370544296
1465298324136
2564809951912
1486773160616
2586284788392
2929882172072
1538296187540
2637807815316
1551181089428
2569088338580
1482457418388
2581969046164
1469572516504
2569084144280
2637820398232
1555471862424
1551131806040
1482462725540
1486757692836
2586269320612
2637736512164
1830303632036
1830349769380
1808895969960
2564471457188
2860811422292
1808880241236
2908391869012
2654933158292
2925570623076
1482461611620
2581918714532
1740105124516
1533951936872
2925515901272
1826060110436
2925571738212
2654988798564
1830355077732
2929866705508
1465282857572
2564794485348
2856511407444
2564794485352
1534002334312
1808880241256
1486757694056
2586269321832
1830036243860
1538297301604
2637808929380
2856779909528
1825740293800
2637490096532
1465008851368
1761630030184
2908323710372
2586269321876
2569021293992
1808812082600
2908323710376
1830304680360
2929816308136
1465232460200
2564744087976
1740110367144
2856801864104
2908067595624
2856515405160
2839672128872
2925588252052
1744400942488
2843912570264
1740092605864
2839604233640
1486421887588
2585933515364
1538041185876
2637552813652
1812919092820
2912430720596
1469321709140
1538041185880
1469321709144
1550913504868
2650425132644
1825791411812
2925303039588
1830300486232
2929812114008
1830304745108
2861095586200
2912362564008
1469321643672
2568833271448
2843626571364
1744401140324
1808555967896
2908067595672
1761311327640
1740109121956
2839620749732
1808828598692
2908340226468
1465231215016
1740109121960
2839620749736
2633462319528
1808828598696
2908340226472
2586000886100
1757339584868
1757288991128
2856800618904
1551130560920
2650642188696
1761583958424
2929815062952
2861095586216
1808555969112
1555152898648
2654664526424
1830030805592
2929542433368
1486701857368
1482142911060
1551126366808
2650637994584
1826004273752
2925515901528
1486433421912
2585945049688
2839672392296
1465282857576
1830350883428
2929862511204
1808556231272
2908067859048
2585929319768
1465282857624
2564811262628
1555152898660
2654664526436
1830030805604
2929542433380
1812850936424
1486701857384
2586213485160
1555421334120
2654932961896
1830030805608
2929542433384
1486434667156
2633459370644
2569017099928
2586196969112
1555404818072
1830370478680
1761312574104
2637736576680
1808824403300
2861092637352
2650639239848
2585946294952
1808555969172
2908067596948
1830030805652
2929542433428
1533947544920
2633459172696
1469521988248
2908319516068
1826005321060
2925516948836
1486433421988
2585945049764
1744472245652
1761378699620
2908319516072
2654665573780
1739837539732
2633190737300
1825736885652
1486438861396
2585950489172
2929547872852
1537974076824
2637485704600
1812851983768
2912363611544
1555153946008
2654665573784
2929543480728
1757017408920
2856529036696
2564475652696
1739841931864
1808561408600
2908073036376
2843966245544
1744383314260
2843894942036
1813102790996
1830300288420
1469259056548
2568770684324
2843648591268
1464964024932
2564475652708
1739841931876
2839353559652
1757017408936
2856529036712
1825736885672
1486438861416
2585950489192
1826076559012
1464962779732
2929546627672
1465278663316
2564790291092
1830082381396
2929594009172
1555224135332
2654735763108
2585949244004
1537977223780
1550862125668
2650373753444
1555157092968
2654668720744
1830034999912
2929546627688
1808560163432
2908071791208
1465027004820
2564538632596
1486484997720
2585996625496
1808878863716
1538044266152
2637555893928
1812922173096
2843714324136
1469324789416
2564738648468
1812919355812
2912430983588
2581985822292
1551193671252
2650705299028
2843698596196
2912618677924
1740092606116
2839604233892
2839617799588
1486488930664
2586000558440
1761299007144
1464964025000
2564475652776
1808557279848
2908068907624
2856596145812
1825803994772
2925315622548
2654732682900
2912366758552
1486437616280
2585949244056
1486437616292
2585949244068
1486437616296
2585949244072
1533682256552
2633193884328
1808560163496
2908071791272
2586013206168
2912430720664
1739904648856
1830350883492
2929862511268
2908123105684
1757071870356
1744186968468
2843698596244
2860806112596
2908050752852
2633172845908
2564453369172
1537956185428
2637467813204
1464941741400
2564453369176
1537956185432
2637467813208
2585928205656
1830013961560
1465025889940
2564537517716
1469320857236
2568832485012
1538040333972
2637551961748
2564537517720
2585944982884
1469573302868
2569084930644
1464941741416
2564453369192
1486753172056
2586264799832
2856847739480
2564789963352
1740156242520
1761362643556
1808875719272
1482143696292
2581655324068
1550863173028
2650374800804
1813123762772
2912635390548
2581655324072
1757021603240
1550863173032
2912636241320
1555158336932
2654669964708
1830036243876
2929547871652
1761312376404
2860824004180
1808557016660
2908068644436
2839349167700
2908118124884
1808606497112
2650419889748
1830081136212
2929592763988
2912681527652
1486416577956
2585928205732
1761294484900
2860806112676
1761631079060
2861142706836
1486416577960
2585928205736
1830350555800
2581700413016
2585995380312
2860873287256
1555203229272
2637807551844
1813173831012
1486506035620
2586017663396
2633509440168
1808607283880
2908118911656
1533997812392
1465278335656
1813124876708
1808543320424
1808895642276
2908407270052
2861142968920
1808875981400
2908387609176
1830350817880
2929862445656
1812851197336
1825991624020
2860810306900
1830018155860
2929529783636
2568752530776
1830018155864
2929529783640
2929882106536
2843982760616
1486773095080
2637737363796
1830283512148
2929795139924
1555405605204
2581974287780
1551110637912
2650622265688
1469506259288
1555405605208
1830283512152
2654917232984
2581902788952
1465295440532
2564807068308
1469590407828
2569102035604
1808892824212
2908404451988
1830085265768
2929596893544
2585999509864
1744387245412
2843898873188
2908054947172
1465295440536
1551194786456
1808892824216
2908404451992
2929613932196
2908391541336
1465282790824
1744455665064
2843967292840
1534014917284
1808627206564
2908404452008
2586268994148
1465282529892
2564794157668
1744455404132
2925584059028
1464943052116
2633513634408
1469577497192
2569089124968
2843967031912
1812852180376
2912363808152
1813123761764
2912635389540
1825741080148
2925252707924
1465281743188
2564793370964
2654719248728
2929597155672
1486420772244
1464945935764
1826009515620
1830283512212
2929795139988
1555207620964
2633442396568
1533930768792
1551114045800
1486753434216
2586265061992
1830350817896
2929862445672
2633177040292
1808543319460
2908054947236
1830354750100
2929866377876
1469577497236
1830018155944
2929529783720
1464945935784
1740160436888
2839672064664
1744455404184
1486757366424
1761635273368
2861146901144
1812906772068
2912418399844
1555208734308
2654720362084
1830086641252
1469309388388
2633189623188
1808555902356
1550857864596
2650369492372
1486433355156
1761311262100
1555471664532
2586286099048
2843961854548
1486752189012
2586263816788
1465277352532
2564788980308
1808874736212
2908386363988
2925566233172
1551176698452
2856846953044
1551176895060
2925566429780
2650688522836
1826054802004
1740155456088
2839667083864
2633508653656
1808874932824
1813103576404
1744186967384
1469241951588
2568753579364
2860811355492
1825724237160
2925235864936
1469241951592
1757017343336
2856528971112
1482457221720
2581968849496
1533996829272
2633508457048
1808874736216
2908386363992
1761315784100
2856532444580
2581905934948
2843647542696
2908408646312
1808828795540
2908340423316
1550858192484
1825808190036
2925319817812
1757289973352
1826009450088
1761631339860
2861142967636
1757335325332
2856846953108
1830349769364
1482457418392
1469594273432
2564790224228
2564789177000
2908386364008
1812851197608
2912362825384
1464964023716
2564475651492
1486438860196
2585950487972
1830015076964
2929526704740
1761295600228
2654648797800
2585950487976
1464964023720
2564475651496
1739841930664
1825787413924
2925299041700
1744114943316
2843626571092
2908387609236
1465278597780
1538224949588
2637736577364
1482390374744
2581902002520
1830349571476
2929861199252
2586263815572
1486752187796
1469321644440
1486753434264
2586265062040
1551109851492
2650621479268
1740160764516
2839672392292
2586269321828
1808880241252
2908391869028
2929529783960
2650621479272
1486685342056
2586196969832
2633512584532
1830349571496
1808878863704
1464962778516
2564474406292
1482474981992
2581986609768
1830082120084
2929593747860
1761315521944
2860827149720
1830034998680
2929546626456
2856515601764
2912366758548
1744114943320
2843626571096
2929862183512
1808543319400
2908054947176
2650358024788
1825724303956
2925235931732
1830019271252
1830015337812
1739821024596
1482126920280
2581638548056
2908071789988
2585949242788
1808880174488
2908391802264
2586269255064
1826060043684
1469257745832
1486437615016
1808880174504
2908391802280
2908117861972
1469303817812
2568815445588
1744181724756
1538023294548
2637534922324
1538024605268
2637536233044
1812902512212
2912414139988
1555204474452
2654716102228
1486756382100
1808878929300
2908390557076
2586268009876
1486756382104
1486689536356
2586201164132
1555409013092
2654920640868
2929798547812
1808606234200
2843693352536
1761361593944
1830081070680
2839398385240
2586269255012
1469509667176
2569021294952
1486756382116
2843694663272
2586268009896
1486756382120
1813120615832
2912632243608
1538242708900
1757066692180
2856578319956
1550908261972
1538246904228
1469527427492
2581923957156
2856512521576
1757000893800
1469305128596
1744183035476
1538024605272
1812902512216
2912414139992
1555204474456
2654716102232
2925299041880
2568816756312
2843694663256
1550909507176
1825787414120
1808829843096
1555409995416
1739836425620
2860822889876
1830030738836
2929542366612
1555152831896
2654664459672
1830030738840
2929542366616
1486433355160
2585944982936
2654731831652
1486500727144
1486433355172
2585944982948
1744467987092
1486769949332
2586281577108
1761647856276
1830030738856
2929542366632
1826072365720
2925583993496
1744467987096
2843979614872
1761647856280
2861159484056
1813187463832
1538224949860
1744467987108
2929878960808
2843979614888
1813187463848
2912699091624
1740173019816
2564806740648
1744467987112
2861159484052
1555489426068
2655001053844
1830367333012
1757352888980
2856864516756
1830032049556
2929543677332
2586281904788
2912699091608
1482474982040
2564806740632
1808540501332
2908052129108
1486417954132
2929526965588
2581634614616
1486417954136
2585929581912
1464943117668
2564454745444
2585929581924
1830015337828
2929526965604
2929526965608
1486417954152
1486434667172
2585946294948
1757072131684
2856583759460
1550913701476
2650425329252
1464962712920
2843979614884
1464943117720
2564454745496
1808540501400
2908052129176
2581634614680
1813175142036
2912686769812
2564788914772
1486752123476
2586263751252
2586281904792
1482408135064
2581919762840
1555422579096
2654934206872
1757286042008
2856797669784
1808540501412
2908052129188
1486417954212
2585929581988
2569039055268
1486707296680
1761585203624
2861096831400
2839403891112
1464943117736
2564454745512
1739821024680
2839332652456
2585929581992
2564788914776
1740155193944
1482457156184
1465277287000
2581654209956
1830300289432
2654934010264
2929811917208
2860877481620
1830034933156
2929546560932
1469257680292
1744135587236
1813191658132
1830034933160
2929546560936
1464962713000
1830350817892
2912703285924
1555493620388
2925588187812
2843983809188
1533947742868
2929883417236
1830371789464
2637754337960
2654934207144
1830300486312
1486438861480
1486417954200
2585929581976
2929526965656
1486752123492
2586263751268
1812839662948
2912351290724
1550846657896
1469242279272
2568753907048
1464947311976
2564458939752
1533666788756
2633178416532
1808544695700
2908056323476
1830350883412
2929862511188
1486422148504
2585933776280
1761300055448
1830019532184
2929531159960
2839667934628
1464947312036
2908056323492
1486422148520
1464947312040
2925583207076
2929882172068
1757003777384
2581637498216
2564743891364
1740110170532
2839621798308
1744405137828
1808829647268
2908341275044
2568821016164
1744187295332
1550858979924
2650370607700
2925248514644
1761312377444
2860824005220
1537974078056
1813191723684
2912703351460
2929883220644
1826076625572
2925588253348
1486768965012
2586280592788
1465294128532
1808891512216
2908403139992
1830366348708
2929877976484
2929812113044
1830300485268
2929865394776
1464962712996
2564474340772
1739840619940
2839352247716
1808560096676
2908071724452
2929812113048
2925231932760
2637469123928
1464943052120
2564454679896
2564474340776
1739840619944
2839352247720
1808560096680
2908071724456
1538228816228
2637740444004
2929798220136
2925503252840
2929882368680
2861162891944
1808895904424
1486701857428
1555421334164
2929810868884
1534001023592
2633512651368
1813173897832
1551180892776
1830036048468
2929547676244
2856533232216
1739841735256
2839353363032
2654653253268
1825724565140
2929883415976
2581638809252
1550846658212
2564809950612
1757005088424
1465298322840
2564809950616
1812834157912
1739820696916
1469237757268
2568749385044
1744115664212
2843627291988
1537957234004
1812835140948
1812835140952
2912346768728
1469237757272
2843627291992
1739820696920
2839332324696
2633173894488
1808540173656
1757289187748
2925520357796
1761295533416
1830015010152
2839415228052
1486500529812
1469320660628
2568832288404
1757083469464
2856595097240
1761295533460
1537957234068
1825720042900
1830014027112
1486505707172
2908068906324
1757083731604
2856595359380
1550925301396
2650436929172
1825803208340
1812905723496
2564471522660
1555220268696
2654731896472
1482205824664
2581717452440
1757083731608
2856595359384
2585929516436
1830019532132
2929531159908
1464947311972
2564458939748
1739825218916
2839336846692
1808544695652
2908056323428
1757356099172
1808895706724
1740176229988
2839687857764
1757017671060
1830032115092
2929543742868
1808557278612
2908068906388
1486434731416
2585946359192
1830032115096
2929543742872
1808543320724
2908054948500
1739825218920
2839336846696
1808544695656
2908056323432
1830019532136
2908068906404
1808557278628
1808557278632
2908068906408
1537961428324
2925235864932
1825724237156
1482126853476
2856516388196
1486421820776
1761299727720
2860811355496
2564458612072
1533666461032
2633178088808
2637555959460
1538044331688
2637555959464
1744383117656
2637473056148
1537961428372
2564475716964
2564475716968
2929883155108
1830350817876
2929862445652
1465278597720
2564790225496
1740156504664
2839668132440
2586265061976
1486770275668
2586281903444
2929862445668
1830349572692
2929861200468
1830349572696
2929861200472
1830014027092
1464946001236
2564457629012
1808874736228
2908386364004
2564788980328
1740155259496
1808874736232
1464958584212
2564470211988
2860822955416
1830030804376
2586268009880
1808875981460
1808560162216
1482188785236
2581700413012
2925297796696
2650419889752
1825786168920
1830353701476
2929865329252
1486756317796
1465281481316
2564793109092
1739903600276
1550925039256
2650436667032
1825802946200
1761581074836
2861092702612
1465281481320
2564793109096
1486756317800
2586267945576
1533997877844
2633509505620
1465278401112
1486757628516
2586269256292
1808880175720
2908391803496
1813175143016
2912686770792
1830355012200
2929866639976
1808897018532
2908408646308
1808878930532
2908390558308
1830013961556
2908390558312
2564793174632
1465281546856
1830355012248
2586284788388
1830082184792
1761362708056
1830304679588
2929816307364
1825740293540
1757017343384
2856528971160
1550858913176
2650370540952
1482139436440
2581651064216
2568766162340
1486488995432
2586000623208
2908340225700
2929815062180
2585932465508
1761298744676
2860810372452
1830018221412
2908055012712
1469240968552
1550863107496
1761568164200
2581721646756
2856599553700
1739908056740
2839419684516
1744181986904
2843693614680
1538044593832
1812922500776
2912434128552
1550929495720
2564807002772
1465295374996
2929879222936
2637821446808
2564807002776
1465295375000
1830367595160
1486770211480
2586281839256
1808891513496
2908403141272
