1460642600276
1546827164008
2646338791784
1821705070952
2921216698728
1735604397396
2835116025172
2646137464148
2921015371092
1460979537256
2560491165032
1735857444200
2835369071976
1529699013992
1821688293972
2921199921748
1460911041108
2560422668884
1735788948052
2835300575828
1529630517844
2629142145620
1804508424788
2904020052564
2646122015124
1821488294292
2920999922068
2646390445668
2921268352612
1546895596120
2646407223896
1529630530196
2629142157972
2904020064916
1478090922644
2577602550420
1752986917272
2852498545048
2921285183080
2577687553448
1753053832616
2852565460392
1460928161384
2560439789160
1735806068328
2835317696104
1529647638120
2629159265896
1804525545064
2904037172840
1478108030568
2577619658344
1804241054356
1546827229864
1460727801428
2560239429204
1735605708372
2835117336148
1529447278164
2628958905940
1804325185108
2903836812884
1753054013012
2852565640788
2852212009560
1546541951576
2646053579352
1821419858520
2920931486296
1529379199576
2628890827352
1546542295444
2646053923220
1821420202388
2920931830164
1460911384980
2560423012756
1735789291924
2835300919700
1529630861716
2629142489492
1753054012836
2852565640612
1821437962664
1546878822740
2646390450516
1821756729684
2921268357460
1460979476820
2560491104596
2577670973780
1753037252948
2852548880724
1478159346004
2835367946920
1477823600228
2577335228004
1529631643236
1821773489752
1735605708376
2835117336152
1529447278168
2628958905944
1804325185112
2903836812888
1477907670616
2577419298392
1460996236888
2577335227752
1752701506920
1546827486628
2646339114404
1821705393572
2921217021348
1460659705252
2560171333028
1735537612196
2835049239972
1529379181988
2628890809764
2921016502884
1752700725656
2852212353432
1546542295448
1753053029992
1529363453604
2628875081380
2903752988324
1477823846052
2577335473828
1546895645332
2646407273108
2921285180052
2835117398676
2852297267860
1477907733140
2577419360916
1460996299412
2560507927188
2577686489752
1753052768920
2852564396696
1460710053460
2560221681236
1735587960404
2835099588180
1752701507176
2852213134952
1546543076968
2646054704744
1460978488984
2560490116760
1735856395928
2835368023704
1529697965720
2629209593496
1804575872664
2904087500440
1478158358168
2577669985944
1460659705256
2560171333032
1735537612200
2835049239976
1529379181992
2628890809768
1804257088936
2903768716712
1477839574440
2577351202216
2646070682980
1529647355288
2629158983064
1804525262232
2904036890008
1752969160360
1460727863960
2560239491736
2835117398680
1529447340696
2628958968472
2903836875416
2852279199076
1460709795172
1752785377636
2852297005412
1460995974820
2560507602596
1546811758180
1821689665124
2852279380388
1478092281444
2577603909220
1752970188388
2852481816164
1460709976484
2560221604260
1735587883428
2835099511204
2904021363096
1529697625768
1478176123240
2577687751016
1753054030184
2852565657960
1804508424804
1478090910308
1460911041124
2560422668900
1752968817252
2629142145636
2904020052580
2577602538084
1735788948068
2835300575844
1546609383828
2904087483752
1752700443224
2852212071000
1460659721828
2560171349604
1735537628772
2835049256548
1529379198564
2628890826340
1804257105508
2903768733284
1477839591012
2577351218788
1546828540312
2646340168088
1821706447256
2921218075032
1804325000532
2903836628308
2560506620312
1735872899480
2835384527256
1804592376216
2904104003992
2920949638808
2903768721764
2852295894360
1546625836376
1821503743320
1546558745192
1477907670628
2577419298404
1752785577572
2852297205348
1546627147364
2646138775140
1546895582820
2646407210596
1821773489764
2921285117540
1529430518168
2628942145944
1804308425112
2903820052888
1477890910616
2577402538392
1478176189096
2577687816872
1460911053464
1821688637860
2921200265636
2852212353444
1546542295460
2646053923236
1821420202404
2920931830180
1460911384996
2560423012772
1735789291940
1753036188004
2852547815780
1804575599000
2904087226776
1821688621736
1804526512808
1752717159080
2646053574056
2577686484392
1529630583464
1460727801448
2560239429224
1735605708392
2835117336168
1529447278184
2628958905960
1804325185128
1546811450728
2646323078504
2921200985448
1460642949544
2560154577320
1460996236712
2560507864488
1735874143656
2835385771432
1529715713448
2629227341224
1804593620392
2852498609576
2904105248168
1478176105896
2921284147560
2835048978792
1753037252952
2852548880728
1821756729688
2904105310884
1752785640100
2852297267876
1546627209892
2646138837668
2921016744612
1460996299428
2560507927204
1804508681572
2904020309348
2904037087576
1546609138328
2646120766104
1821487045272
2920998673048
2629209531988
1804575811156
2904087438932
1529714468200
2921200183896
2629226095976
1804592375144
2904104002920
1546811516584
2646323144360
1821689423528
2921201051304
1477823846056
2852213380776
1546543322792
2646054950568
2920932857512
2852481505704
1735873108584
2835384736360
1460727863976
2560239491752
2835117398696
1529447340712
1529699019176
2629210646952
1804576926120
2904088553896
2628958968488
1529647618712
2629159246488
1804525525656
2904037153432
1529447029400
2628958657176
2903836564120
1546894350696
2646405978472
1821772257640
2921283885416
2903835564436
1477906422164
2577418049940
1546810387032
2646322014808
1821688293976
2921199921752
1752718547304
1546878604904
2646390232680
1821756511848
2921268139624
2904020325992
1546828486996
2646340114772
2577620638036
1752986917204
1460929141076
2560440768852
1735807048020
2835318675796
1529648617812
2629160245588
2903818806632
1477889664360
1478092019112
1752701511252
2852213139028
1546543081044
2646054708820
1821420987988
2920932615764
1529697904280
1460912412264
2560424040040
1735790319208
2560221604264
2560155544212
1735521823380
2835033451156
1529363393172
2628875020948
1804241300116
1478159148696
2577670776472
1753037055640
2852548683416
1821689408088
1546626095784
2646137723560
1821504002728
2921015630504
1477839591016
2577351218792
1752717497960
2852229125736
1546559067752
2646070695528
1821436974696
2920948602472
1753054091688
2577335167316
1529648617816
2852498544984
1460660705624
2560172333400
1735538612568
2835050240344
1529380182360
2628891810136
1804258089304
2903769717080
2835384523092
1460727797156
2560239424932
1735605704100
2835117331876
1529447273892
2628958901668
1804325180836
1546827438504
2921285184164
1460711037268
2560222665044
1735588944212
2835100571988
1529430514004
2628942141780
1804308420948
1477890906452
2577402534228
1460978411880
1546811697748
2646323325524
2560239179156
1735605458324
2835117086100
1529447028116
2628958655892
1804324935060
2903836562836
1460727551380
2629227091348
1546811714152
2852229896808
2646323341928
1460726557012
1821689621096
2921201248872
2852279200168
1460659661396
2560171289172
1735537568340
2835049196116
1529379138132
2628890765908
1478176106152
2577687733928
1753054013096
2852565640872
1529715512724
2629227140500
2904105047444
1460727551384
2904103934564
2921285113188
1753054008676
2852565636452
2560239179160
1735605458328
2835117086104
1529447028120
2628958655896
1529714731624
2629226359400
1804592638568
2904104266344
2852565441192
1460928145832
2560439773608
1735806052776
2835317680552
1478092216680
2577603844456
1752970123624
2852481751400
2577670974040
1753037253208
2852548880984
2903751681636
1477822539364
2577334167140
1752700446308
2852212074084
1546542016100
2646053643876
1821419923044
2920931550820
1546877491608
2646389119384
1821755398552
1752718481764
2852230109540
1546560051556
2646071679332
1821437958500
2920949586276
1460929141092
2560440768868
1735807048036
2835318675812
1546827179432
2646338807208
1821705086376
2921216714152
1546609055384
2646120683160
1821486962328
2920998590104
1752784329112
2852295956888
1546625898904
2646137526680
1821503805848
2921015433624
1478092282536
2577603910312
2852481817256
1804526528916
2904038156692
2852564329896
1804509731496
1460660705640
2560172333416
1735538612584
2835050240360
1529380182376
2628891810152
1804258089320
2903769717096
1735521642072
2835033269848
1529363211864
2628874839640
1804241118808
2903752746584
2904088470952
1529631643284
2629143271060
1804509550228
2904021178004
1546543077012
2646054704788
1821420983956
2920932611732
1460912166548
2560423794324
1821487225188
2920998852964
1477889841508
1546828207700
2646339835476
1821706114644
2921217742420
1546894267752
2646405895528
2921283802472
2921283802776
2560239179172
1735605458340
2835117086116
1529447028132
2628958655908
1804324935076
2903836562852
1477907420580
2577419048356
1752785327524
1735805986152
1460659709332
2560171337108
1735537616276
2835049244052
1529379186068
2628890813844
1804257093012
2903768720788
1478174811544
2577686485336
1753052764504
1821772241240
1546894334296
1753052718488
1546878818728
2646390446504
1821756725672
2577335228056
1752701507224
2852213135000
1546543077016
2646054704792
1821420983960
2920932611736
1460912166552
2560423794328
1735790073496
2903769524568
1546610383192
2646122010968
1821488290136
2920999917912
1460711037272
2560222665048
2852280441176
1752768813400
1460912351832
2560423979608
1735790258776
2835301886552
1529631828568
2629143456344
1804509735512
2904021363288
1478092221016
2577603848792
1460727551400
2560239179176
1735605458344
2835117086120
1529447028136
2628958655912
1804324935080
1804257045080
2903768672856
1477839530584
2577351158360
1752717437528
2852229065304
1546559007320
2646070635096
1821436914264
2920948542040
1460996057492
1735873964436
2835385592212
2646339118420
2921217025364
1478175926676
2577687554452
2904020052628
2852480445076
1546810387092
2646322014868
2921199921812
1477822485848
2577334113624
1546878544468
2646390172244
1478175860136
1477907424596
2577419052372
2852296959316
1460996232552
2560507860328
1752969865620
2921216760472
1735874139496
2835385767272
1546877573720
2646389201496
1821755480664
1752968894872
1477889582504
2577401210280
1752767489448
2852279117224
2921016682132
2628958906004
1804325185172
2903836812948
1477907670676
2577419298452
1752785577620
2852297205396
1546627147412
2646138775188
2577334102680
2852212009624
1546541951640
2646053579416
2560507681432
2628873775700
1804240054868
1546827442856
2646339070632
1821705349800
2921216977576
1477822539368
2577334167144
1752700446312
2852212074088
1546542016104
2646053643880
2560154555796
1821419923048
2920931550824
2904088553064
1460643731108
2560155358884
1735521638052
2835033265828
1529363207844
2628874835620
1804241114788
2903752742564
1477823600292
2629143271076
1460727801496
2560239429272
1735605708440
1753036265124
2852547892900
1752985671016
2852497298792
1546810647956
2646322275732
1821688554900
2921200182676
2852564608408
1546895644056
2646407271832
2921285178776
1546894531176
2646406158952
1821772438120
2921284065896
1460709972328
2560221600104
1735587879272
1529429449064
2628941076840
1804307356008
2903818983784
1477889841512
2577401469288
1478107945384
1752701688404
2852213316180
2577619573160
1460727801188
2560239428964
1735605708132
2835117335908
1478175074968
2577686702744
1753052981912
2852564609688
1460995184280
2560506812056
1735873091224
2835384719000
1529714661016
2629226288792
1804592567960
2904104195736
1478175053464
2577686681240
1477839578520
2577351206296
1752717485464
2852229113240
1546559055256
2646070683032
1821436962200
2920948589976
1478174861732
2577686489508
1753052768676
2852564396452
1529647568280
2629159196056
1804525475224
2852212009636
1546541951652
2920931486372
1460911041188
2560422668964
2560222669220
1735588948388
2835100576164
1529430518180
2628942145956
1752968829604
2852480457380
1478158100840
2577669728616
1753036007784
2852547635560
1752767571560
2852279199336
2835317679448
2577619641688
2852497548632
1460996057496
2560507685272
1735873964440
2835385592216
1529715534232
2629227162008
1804593441176
1804325185188
1546627147428
1460996236964
2560507864740
1735874143908
1529715713700
1804593620644
1752700381864
2852212009640
1546541951656
2646053579432
1546810402456
2646322030232
2921199937176
1460727555416
2560239183192
2835117090136
1529447032152
2628958659928
2903836566872
2852498597272
2921268357476
1753037252964
2852548880740
2852547548584
1804526315928
2904037943704
2904087439768
2904104211880
1460727801512
2560239429288
1735605708456
2835117336232
1529447278248
2628958906024
1804325185192
2903836812968
1477907670696
2577419298472
2903769507480
1821773293976
1460996057768
2560507685544
1735873964712
2835385592488
2852498532964
2577620626020
2921218021736
1478090904984
2577602532760
1752968811928
2852480439704
1478108027496
2577619655272
1752985934440
2852497562216
1546626886056
2646138513832
1821504793000
2921016420776
1460978489000
1735856395944
1529697965736
2629209593512
1804575872680
2904087500456
1478158358184
2577669985960
1546559855256
2646071483032
1821437762200
2920949389976
2629160248916
1804526528084
2904038155860
1529648621140
1529714681192
2629226308968
1804592588136
2904104215912
1460979262868
2560490890644
1735857169812
2835368797588
1804308404564
1752701688148
1735521818964
2835033446740
1529363388756
2628875016532
2835100555604
2852498528596
2852280424788
1821488273748
2835367684708
2852497484392
1735521818968
2835033446744
1529363388760
1478108993880
2577620621656
1752986900824
2852498528600
1821421164888
1546895579480
1804593436072
1478091232596
2646071405144
1460643912280
2560155540056
1735521819224
2835033447000
1529363389016
2628875016792
1804241295960
2903752923736
1477823781464
1477890975064
1752768882008
1477823781220
2577335408996
1546878802276
2646390430052
1821756709220
1804593617252
2904105245028
1752986900836
2852498528612
1546895579492
1804509472408
1460643912040
2560155539816
1735521818984
2835033446760
1752785394068
1460727617940
2646071679380
1821437958548
2920949586324
1735538612628
2835050240404
1529380182420
2628891810196
1804258089364
2903769717140
1477840574868
2920931813976
1546878817896
2646390445672
1460929123668
2560440751444
1735807030612
2835318658388
1821756724840
2921268352616
1752784266600
2852295894376
1546625836392
2646137464168
2921015371112
1821437683284
2920949311060
2903820052904
1477890910632
2577402538408
1752768817576
2904021363044
2852280445352
1546610387368
1529379137892
2628890765668
1804257044836
2903768672612
2646407228068
2921285135012
1460911053480
2560422681256
2835300588200
1529630530216
2629142157992
2904020064936
1529630857576
2629142485352
2904020392296
1460660705688
2560172333464
2835050240408
1529380182424
2628891810200
1804258089368
2903769717144
1477840574872
2577352202648
2904021423784
1735857117608
2577619331412
1752985610580
2852497238356
2646407027028
1821773306196
2921284933972
1460995249576
2560506877352
1735873156520
2835384784296
1478091957844
1478158017896
2577669645672
1753035924840
2852547552616
1460979476840
2560491104616
1735857383784
2835369011560
1546877834644
1821755741588
2921267369364
1529698953576
2629210581352
1821487311512
1821706136216
1821421181540
2920932809316
1735521819028
2835033446804
1529363388820
2628875016596
2903752923540
1477823781268
2577335409044
1460996233620
2560507861396
2835301706404
1460643912088
2560155539864
1735521819032
2835033446808
1529363388824
2628875016600
1804241295768
2903752923544
1477823781272
2577335409048
1477840382376
2577352010152
1752718289320
2852229917096
2560507861412
2835385768356
1529715710372
2629227338148
1804593617316
2904105245092
1478176102820
1546610366884
2904105260436
1460643912104
2560155539880
1735521819048
2835033446824
1529363388840
2628875016616
1804241295784
2903752923560
1477823781288
2577335409064
1529631582824
2629143210600
1804509489768
2904021117544
1546625898916
2646137526692
1821503805860
2921015433636
2921267288472
2577686485588
1752785377640
2852297005416
2560507602600
2852498548372
2835385509544
2628891810212
1804258089380
2903769717156
1477840574884
2577352202660
1546560051620
2646071679396
1821437958564
2920949586340
1477823604324
2577335232100
1752701511268
2852213139044
1546543081060
2646054708836
1821420988004
2920932615780
1546828208536
2646339836312
1821706115480
2835033451172
1529363393188
2628875020964
1804241300132
2903752927908
1478107944552
2577619572328
1752985851496
2852497479272
1546811762088
2646323389864
1821689669032
2921201296808
1546559772312
2646071400088
1821437679256
2920949307032
2921015453332
2835301620072
2920948585816
1460659705176
2560171332952
1735537612120
2835049239896
1735605524888
2835117152664
1529447094680
2628958722456
1804325001624
1460978428568
1460928932504
2560440560280
1735806839448
2835318467224
1529648409240
2629160037016
1804526316184
2921283869028
2577686485348
1753052764516
2852279379368
2921216976296
1821772438184
1546828536148
1460660430424
2560172058200
1735538337368
2835049965144
1529379907160
2628891534936
1546610370900
2646121998676
2835368995156
1529698937172
2629210564948
1804576844116
2904088471892
2903820036436
2835100559700
1529430501716
1460711037284
2560222665060
1735588944228
2835100572004
1529430514020
2628942141796
1804308420964
2903820048740
1477890906468
2577402534244
1821689604708
2921201232484
1460912351844
2560423979620
1735790258788
2835301886564
1478159062420
2577670690196
1753036969364
2852548597140
2577417999764
1477906371988
2560507877012
1735874156180
2835385783956
1753054025364
1478176118420
2852565719652
2577687746196
1460660774292
2560172402068
1735538681236
2835050309012
1529380251028
2920949654932
1460659661412
2560171289188
1735537568356
2835049196132
1529379138148
2628890765924
2560507681112
2577687550296
1478158281320
2577669909096
1753036188264
2852547816040
1478159329624
2577670957400
1753037236568
2852548864344
1752768801112
2852280428888
1546610370904
2646121998680
1821488277848
2920999905624
1529630774632
2629142402408
1804508681576
2904020309352
1546894546600
2646406174376
1821772453544
2921284081320
1529648408152
2629160035928
1821504088472
1529698687400
2629210315176
1804576594344
1546828555604
2646340183380
1460929209684
2560440837460
1735807116628
2835318744404
1478109078868
2577620706644
1752986985812
2852498613588
1546895321448
2646406949224
2921284856168
1529630840488
2629142468264
2904020375208
2628941878952
1804308158120
2903819785896
2646323140196
2921201047140
1546828290648
2646339918424
1821706197592
2921217825368
1735872914772
2835384542548
1477840299432
2577351927208
1752718206376
2852229834152
1752784329128
2852295956904
2646120962708
1821487241876
2920998869652
1546625898920
2646137526696
1821503805864
2835367941464
2921015433640
2629209515624
1546895387304
2646407015080
1821773294248
2921284922024
1546543081064
2646054708840
2920932797096
1752969882024
1478159329636
2577670957412
1753037236580
2852548864356
1752768801124
1546610370916
1460979460452
2560491088228
1735857367396
1735604659860
2835116287636
1804526310740
1752701446488
2852213074264
2835368007320
1546559055268
2646070683044
1821436962212
2920948589988
1752717485476
2852229113252
2646121031336
1460994988392
2560506616168
2560490052180
1735856331348
2835367959124
1529697901140
2852547828308
1735872895336
2835384523112
1477889664596
2577401292372
1752767571540
2852279199316
1546609141332
2646120769108
1460709795412
2560221423188
1735587702356
2835099330132
1546542295380
2921217808980
2852212353364
1460642949460
2921283873384
1460711025000
2560222652776
1735588931944
2835100559720
1529430501736
2628942129512
1804308408680
2903820036456
1477890894184
2577402521960
1752784542356
2852296170132
1804308420968
2903820048744
1477890906472
2577402534248
1752768813416
2852280441192
1821488290152
1460912351848
2560423979624
1735790258792
2835301886568
1529631828584
2629143456360
1804509735528
2904021363304
1478092221032
2577603848808
1460996249240
2560507877016
1735874156184
2835385783960
1529715725976
2629227353752
1804593632920
2904105260696
1478176118424
2577687746200
1752767571544
2560489858648
1477889664600
1821755483736
1460709795416
2560221423192
1735587702360
2835099330136
1529429272152
2628940899928
1752718550424
2852230178200
1546560120216
2646071747992
1804257045096
2903768672872
1460996057508
2560507685284
2835385592228
1752985920868
1478175926692
2577687554468
1753053833636
2852565461412
1529714399848
2629226027624
1804592306792
2904103934568
2852564593320
2921200003752
1460643912276
2560155540052
1735521819220
2835033446996
1529363389012
2628875016788
1804241295956
1821756709460
2921268337236
2921016436068
1460727555428
2560239183204
2835117090148
1752785331556
2904087156308
2646071663192
2852565637720
1460912347736
2560423975512
1735790254680
2835301882456
1529631824472
2629143452248
1804509731416
2904021359192
2852565707416
1752986724712
2852498352488
1804575791700
1752767748692
2852279376468
1821487225428
1460709972564
2560221600340
1735587879508
2904087419476
1529429449300
2628941077076
2852280228440
1546810730904
2646322358680
1821688637848
2921200265624
1529363389028
2628875016804
1804241295972
2903752923748
1477823781476
2577335409252
1821505051236
1529631824484
2629143452260
1752718288488
2852498613592
1478109078872
1752986985816
2852229916264
2577619573416
1460643912296
2560155540072
1735521819240
2835033447016
1529363389032
2628875016808
1804241295976
2903752923752
1477823781480
2629226026344
1821688292708
1460995271252
2560506899028
2835384805972
2628941077080
1804307356248
2903818984024
1477889841752
2577401469528
1752767748696
2852279376472
1546609318488
2646120946264
1821487225432
2921200194984
1753053817512
1477889858200
2577401485976
1752767765144
2852279392920
1546609334936
2646120962712
1821487241880
2920998869656
1460660492952
2560172120728
1735538399896
2835050027672
1529379969688
2628891597464
1804257876632
1821755725204
2921267352980
2903769504408
1821705082212
2646338803044
2921216709988
1529380185752
2628891813528
1804258092696
2903769720472
1752985851476
1546827507048
2646339134824
1821705413992
2921217041768
1735856137828
2835367765604
2577401292388
1752767571556
2852279199332
1546609141348
2646120769124
1821487048292
2920998676068
1460978230884
1821773288808
2577602603620
2646339835480
2852480510564
2921217742424
1821706114648
1753036973716
2852548601492
2852213316196
1546543258212
2646054885988
1821421165156
2920932792932
1546626165396
2646137793172
1477840627028
2577352254804
1821438010708
2920949638484
1460660757844
2560172385620
1735538664788
2835050292564
1529380234580
2628891862356
1460726507156
2560238134932
2835116041876
1529445983892
2628957611668
2903835518612
1477906376340
2577418004116
2628875016852
1804241296020
2903752923796
2577335409300
2560507861652
1735874140820
2835385768596
2646340098708
1804257093032
1477839578536
1460978424408
2560490052184
1735856331352
2835367959128
1529697901144
2629209528920
1804575808088
2904087435864
1478158293592
2646339902040
1821706181208
1546828274264
2560440556120
2646053923160
2920931830104
2835318463064
2921217808984
2628874053976
2903751960920
1477822818648
2921284151896
2852565379672
1735807100248
1735521819300
2835033447076
1529363389092
2628875016868
2646054886052
1821421165220
2920932792996
1478159325860
1460643912360
2560155540136
1735521819304
2835033447080
1529363389096
2628875016872
1804241296040
2903752923816
1477823781544
1460911036820
2560422664596
1735788943764
2835300571540
2577401223592
1546558724456
2904103954004
1478174811732
1460978408036
2560490035812
1735856314980
2835367942756
2903818984036
2577669904996
2852547811940
1477889841764
1546609318500
2560172397908
1735538677076
2835050304852
1529380246868
2628891874644
1804258153812
2903769781588
1477840639316
2577352267092
1752718546260
1546878544472
2577603586456
1752969865624
2852481493400
1477822490020
2577334117796
2835117090152
1529447032168
2628958659944
2903836566888
1477907424616
2577419052392
2852296959336
1546626901352
2560506833560
1460709972584
2560221600360
1735587879528
2835099507304
1529429449320
2628941077096
1804307356264
2903818984040
1477889841768
2577401469544
1546558790312
2646070418088
1821436697256
2921284130472
2577603914068
2852481821012
2904088221288
1529715468964
1804593375908
2904105003684
2577602865492
1752986641768
2646323074728
1821706458516
2921218086292
1546810647960
2646322275736
2921200182680
1752718533988
2852230161764
1546560103780
2646071731556
1821438010724
2920949638500
1460929193316
2560440821092
1735807100260
2835318728036
1460978472344
2560490100120
1735856379288
2835368007064
2629209576856
1460979197592
2560490825368
1735857104536
2835368732312
1529698674328
2629210302104
1804576581272
2904088209048
1478159066776
1529697703316
2629209331092
1478158296744
2577669924520
2920932792936
1460660757864
2560172385640
1735538664808
2835050292584
1529380234600
2920999920980
1821488293204
2852295911064
1546625853080
2646137480856
2921015387800
2921016498856
1735788944024
2835300571800
1804325001636
2903836629412
1546626963876
2646138591652
1821504870820
2921016498596
2835367963300
1460727617956
2560239245732
1821755681444
2921267309220
2904087440036
2852498336420
1478092040792
2577603668568
1752969947736
2852481575512
1460660430436
2560172058212
1735538337380
2835049965156
1804257814116
2903769441892
1477840299620
2577351927396
1821421229476
2920932857252
2577418266964
1546626115924
2646137743700
1752784546132
2852296173908
1821504022868
2921015650644
1460995205460
2560506833236
1735873112404
1735788943768
2835300571544
1529630513560
2629142141336
1804508420504
1821772195416
2921283823192
2646405916248
1735789271636
1546878622312
1460660770136
2560172397912
1735538677080
2835050304856
1529380246872
2628891874648
1804258153816
2903769781592
2577352267096
1529379182164
2628890809940
1804257089108
2903768716884
1477839574612
2577351202388
1460928140884
1752768801172
2903820036500
1477890894228
2577402522004
1735857367444
2835368995220
1460979460500
2560491088276
2560507681124
2852481574312
1753037036200
1804593699496
2577418266968
1752784546136
2852296173912
1546894551384
1735604676952
2835116304728
1529446246744
2628957874520
1804324153688
2903835781464
1529631630760
2629143258536
1821437696408
1546543011176
2646054638952
2920932545896
2646339114584
1477839574616
1752717481560
1546559051352
1546810730072
1821688637016
2646322357848
2921200264792
1804257043816
1752986905192
2852498532968
1546811513256
2646323141032
1821689420200
2921201047976
1460710758036
2560222385812
1735588664980
2835100292756
2628941862548
1804308141716
1546894273176
2646405900952
2921283807896
2835367684712
1477839512916
2904087501460
1752969139544
2852480767320
2646406228564
2921284135508
1546627213672
2646138841448
2921016748392
2904088204884
1546810731092
2646322358868
1529362426452
2628874054228
2577334446676
1752700725844
2852212353620
1460643718484
2560155346260
1735521625428
2835033253204
1529363195220
2628874822996
1804241102164
2646053575256
1478159145368
2577670773144
1804323886676
2903835514452
1477906639204
2577418266980
1752784546148
2852296173924
1460995205476
1804257088872
2577351202152
2852229109096
1546559051112
2646070678888
1821436958056
1460978428584
1460928932520
2560440560296
1735806839464
2835318467240
1529648409256
2629160037032
1804526316200
2904037943976
1478108801704
2577620429480
1546827486820
1821705393764
1752717481572
2852229109348
1546559051364
2646070679140
1821436958308
2577402522020
2852280428964
2560491088292
2835368995236
1460660430440
2560172058216
1735538337384
2835049965160
2852212087396
1752968882600
1460726770024
2560238397800
1735604676968
2835116304744
1529446246760
2628957874536
1804324153704
2903835781480
1477906639208
1752985605544
1752767571604
2852279199380
1546609141396
2646120769172
1821487048340
2920998676116
1460978230932
2560489858708
1735856137876
2835367765652
1546895595172
2646407222948
1821773502116
2921285129892
1460996249252
2560172402084
1735538681252
2835050309028
1529380251044
2628891878820
2921268356504
1460659705448
1478175921512
2577687549288
1753053828456
2852565456232
1546878805396
2646390433172
1821756712340
2921268340116
1804526246552
1460711025064
2560222652840
1752717420884
1752969864792
2577603585624
2852481492568
2852229048660
1546558990676
2646070618452
2921217747560
1546877834648
2646389462424
1821755741592
2921267369368
1546827225704
2646338853480
1821705132648
2921216760424
1546543274600
2646054902376
1821421181544
2920932809320
1753054009768
2852565637544
1460709795480
1735587702424
1529429272216
2628940899992
1804307179160
2903818806936
1477889664664
1478107769496
2577619397272
1752985676440
2852497304216
1460979276440
1546828555620
1821706462564
2646340183396
2921218090340
1752986985828
2852498613604
1529715725720
2629227353496
1804593632664
2904105260440
2904036895400
2560222385816
1735588664984
2835100292760
1529430234776
2628941862552
1804308141720
2903819769496
1477890627224
2577402255000
1752768534168
2646389381780
1821755660948
2921267288724
1804575791764
1752767748756
2852279376532
1460978408084
2560490035860
1735806789284
1460979526296
2560491154072
1735857433240
2921201314200
2577602538152
1752986707352
2628874054244
1804240333412
2903751961188
1477822818916
2577334446692
1752700725860
1460642949732
2852480789092
1753052764760
2577402534488
1752768813656
2852280441432
2852548662632
1546609334948
2646120962724
1821487241892
2920998869668
2903819000484
1460709989028
2560221616804
1735587895972
2835099523748
1546559838884
2646071466660
1821437745828
2920949373604
2852229896868
1546811430312
2646323058088
1821689337256
2921200965032
1460709972632
2560221600408
1735587879576
2835099507352
1529429449368
2628941077144
1804307356312
1529362097496
2628873725272
2903818984088
1546878559896
1821756466840
2921268094616
1546878539352
1821756446296
2646390167128
2921268074072
1460995005080
2560506632856
1735872912024
2835384539800
1529714481816
2629226109592
2628874054248
1546625848920
2646137476696
1821503755864
2921015383640
1460726503000
2560238130776
1735604409944
2835116037720
1529445979736
1752784279128
1804575615656
1753036200548
2629209528932
2560221423268
1735587702436
2835099330212
1529429272228
2904087435876
2577669921380
1752986704484
1529648405092
2629160032868
2904037939812
1546828274276
2646339902052
1735806835300
1804240333156
2903751960932
1477822818660
2577334446436
1546560103828
1752718534036
2852230161812
1821438010772
2920949638548
2646071731604
1478109062548
1752969095780
1478091188836
2904104216216
1753036969368
2852548597144
1753054091880
2852565719656
2646120704424
1821486983592
2920998611368
1460996249256
2560507877032
1735874156200
2835385783976
1529715725992
2629227353768
1804593632936
1804258157992
2903769785768
1477840643496
2577352271272
1752718550440
2852230178216
1546560120232
2646071748008
1821438027176
2920949654952
2577351141720
2852229048664
1546558990680
1821436897624
2646070618456
1460660757912
2560172385688
1735538664856
2835050292632
1529380234648
1804258141592
1477840627096
2577352254872
1478159390036
2577671017812
1529647557032
2629159184808
1804525463976
2904037091752
1804307356324
1546877754020
1821755660964
2903818984100
1477889841828
2577401469604
1752767748772
2852279376548
1546609404260
1821487311204
2646121032036
2920998938980
1735790008724
2835301636500
1546610104916
2646121732692
1477823519124
1546610436696
2646122064472
1821488343640
2920999971416
1735807116648
2835318744424
1529648686440
2629160314216
1546811512424
2646323140200
1821689419368
2921201047144
1477907737236
2577419365012
1752985593496
1529699015016
2629210642792
1804576921960
2904088549736
1546811693736
1546895332948
2646406960724
1821773239892
1477907420756
2577419048532
1752785327700
2852296955476
1460995987028
2560507614804
2920948538024
2628941093544
2903819000488
1477889858216
2577401485992
1752767765160
2852279392936
1546609334952
2646120962728
1529379969704
2628891597480
1804257876648
2903769504424
1477840362152
1752718269096
1753036248484
2852547876260
2852229896872
2921218004648
1478175861076
2577687488852
2835300652712
2628958988964
2903836895908
1753036973732
2852548601508
1478108014164
2577619641940
1752985921108
1752785331796
2921285184084
2904105314900
2577687483992
2921016432216
2577419048536
1546895332952
2852565390936
2646340167076
2921218074020
1804258141604
2903769769380
1460726507172
2560238134948
2835116041892
1529445983908
2628957611684
2903835518628
2646137529752
1821503808920
2921015436696
1735857121944
2920948275816
1735857444248
2835369072024
1529699014040
2629210641816
1478159406488
1460978424424
2560440556136
2835318463080
1529648405096
2646053923176
2920931830120
2629160032872
1752986965672
1735520770392
1753037232792
2852548860568
1478092040856
2852296170136
1478109013672
1460660757928
2560172385704
2835050292648
1529380234664
1460928161432
2560439789208
1735806068376
2835317696152
1529647638168
2629159265944
1804525545112
2904037172888
1478108030616
2577619658392
1529647639144
1529630513572
2629142141348
1804508420516
2904020048292
1546810382756
2646322010532
1821688289700
2921199917476
1478090906020
2577602533796
1821756724904
2921283820200
2920998655316
1477889643860
2577401271636
1752767550804
1546877556052
2646389183828
1821755462996
2921267090772
2852279178580
1529429251412
2852564346468
2577686439524
1735872849508
1546894288484
1821772195428
1460660770148
2560172397924
1735538677092
2835050304868
1529380246884
2628891874660
1804258153828
1546894551444
2646406179220
1821772458388
2921284086164
1752784546196
1460995205524
2560506833300
1735873112468
2835384740244
1529714682260
1546810399128
2646322026904
1821688306072
2921199933848
1478176101992
2577687729768
1753054008936
2852565636712
1529630844244
2629142472020
2904020378964
1546877556056
2646389183832
1821755463000
2921267090776
2835099309400
1529429251416
2628940879192
1804307158360
2903818786136
1477889643864
1460912101784
2560423729560
1735790008728
2835301636504
1546827486868
2646339114644
1821705393812
2921217021588
1752717481620
2852229109396
1546559051412
2646070679188
1821436958356
2920948586132
1821419869848
1804593370724
1753053763172
2852296955492
1546626897508
2646138525284
1821504804452
2921016432228
1460995987044
1752985605476
1460726770072
2560238397848
1735604677016
2835116304792
1529446246808
1477906639256
2577418267032
1804241098148
1735537612392
2835049240168
2835117402776
1529447344792
2628958972568
2903836879512
1477907737240
2577419365016
2852297271960
1546627213976
1460659705496
2560171333272
1735537612440
2835049240216
1546626099544
2921015634264
2646120949092
1529379182232
2628890810008
1804257089176
2577602880936
1546827175272
2646338803048
1821705082216
2921216709992
2560239245992
1735605525160
2835117152936
1477840558692
2577352186468
1460709795220
2560221422996
1735587702164
2835099329940
1529429271956
2628940899732
1804307178900
2903818806676
2904087434904
1752985937256
1478090975848
2577602603624
1752968882792
2852480510568
1478175135140
2560490825384
1735857104552
2835368732328
1529698674344
1804576581288
1804593440100
2629227160932
1460659721876
2560171349652
1735537628820
2835049256596
1529379198612
2628890826388
1804257105556
1477839591060
2577351218836
1460996303448
1735874210392
2835385838168
1804593687128
2904105314904
1529698932072
2629210559848
1804576839016
2904088466792
1546827241128
2646338868904
1821705148072
2921216775848
1546625853096
2904087423400
1529697686884
2646389183844
1821755463012
2921267090788
1460709774692
2560221402468
1735587681636
1804575593828
2835099309412
2835367765332
1529714743720
2629226371496
1804592650664
2904104278440
1735520856724
1546810731156
2646322358932
2921200265876
1529630780056
2629142407832
1804508687000
2904020314776
1546877512040
2646389139816
1821755418984
2921267046760
2629210625704
2904088532648
1529446307496
2628957935272
2903835842216
1546894551460
2646406179236
1821772458404
1804324153764
1460995205540
2560506833316
1735873112484
2835384740260
1529714682276
1735805785752
1460911036840
2560422664616
1735788943784
2835300571560
2629142141352
2904020048296
1478090906024
2577602533800
2921268160104
2835317353128
1460709774696
2560221402472
1735587681640
2835099309416
1529429251432
2628940879208
1804307158376
2903818786152
1477889643880
2577401271656
1546827486884
2646339114660
1821705393828
2921217021604
1752717481636
2852229109412
1546559051428
2646070679204
1821436958372
2920948586148
1460911101272
2560422729048
1735789008216
2835300635992
1753052780184
1546627160740
2646138788516
1821505067684
2921016695460
2852564407960
1529714469460
2629226097236
1460726770088
2560238397864
1735604677032
2835116304808
1529446246824
2628957874600
1477906639272
2577418267048
1529647556200
2629159183976
1804525463144
2904037090920
1478091954516
2577603582292
2852228798804
1460659705512
2560171333288
1735537612456
2835049240232
1529379182248
2628890810024
1804257089192
2903768716968
1477839574696
2852279113064
1529715468968
2629227096744
2904105003688
1460660709716
2560172337492
1735538616660
2835050244436
1529380186452
2628891814228
1804258093396
2903769721172
2646121731748
2920999638692
1460710758052
2560222385828
1735588664996
2835100292772
1529430234788
1804308141732
1546828551576
2646340179352
1821706458520
2921218086296
2646339066472
2921216973416
2628958968404
2577603648148
1804325247572
2903836875348
1460727863892
1478158080424
2577669708200
1753035987368
2852547615144
2560221423000
2835099329944
1529429271960
2628940899736
2577401292184
2835301947032
1529631889048
2629143516824
2904021423768
1478092281496
2577603909272
2852481816216
2921268341416
1529697703320
2629209331096
1804575610264
2904087238040
2852481837736
1460995971496
2560507599272
1735537628824
2835049256600
1529379198616
2560154577572
2835032484516
1529362426532
1546810731172
2646322358948
2921200265892
2628874054308
2629226109604
2904104016548
1460643718500
2560155346276
1735521625444
2835033253220
1529363195236
2628874823012
1804241102180
2903752729956
1477823587684
1529714468520
2629210303144
2921015383652
1460726503012
2560238130788
1735604409956
2835116037732
1529445979748
2628957607524
1478175070808
2577686698584
1753052977752
2852564605528
2577603909204
1546878888344
2646390516120
1821756795288
2921268423064
2921267111256
2852547634520
1460978411928
2560490039704
1735856318872
2835367946648
1529697888664
2629209516440
1804575795608
2904087423384
1478158281112
2577669908888
1752700725928
2852212353704
1546542295720
2646053923496
2920931830440
1460911385256
2560423013032
2835300919976
1546610452120
2646122079896
1821488359064
2920999986840
2852497561176
1529714660776
2629226288552
1804592567720
2904104195496
1546895578516
2646407206292
2852498331048
2646070416808
1460659644772
2560171272548
1735537551716
2835049179492
1529379121508
2628890749284
2920948525412
1546895664488
2646407292264
2921285199208
2921199933016
2835368008040
1752969155944
1546559793576
2646071421352
1752700446356
2852212074132
1546542016148
2646053643924
1821419923092
2920931550868
2921217026648
2920949590360
2560172337496
1752718482004
2852230109780
1546560051796
1821437958740
2920949586516
1546828487252
1821706394196
2835301705108
2560222385832
1735588665000
2835100292776
1529430234792
2628941862568
1804308141736
2903819769512
2577402255016
1752785640024
2852297267800
1546627209816
2646138837592
1821505116760
2921016744536
1546560121188
1546626881896
1460660705880
2560172333656
1735538612824
2835050240600
1529380182616
1477889660244
2577401288020
1478107683220
2577619310996
1546609136980
2646120764756
1821487043924
2920998671700
1460911105620
2921267357284
1460709972372
2560221600148
1735587879316
2835099507092
1752985921944
2852497549720
2577402275236
1477907425688
2577419053464
1752785332632
2852296960408
2852228781716
1460979193448
2560490821224
1735857100392
2835368728168
1804576577128
2904088204904
1478159062632
2577670690408
1460995005096
2560506632872
1735872912040
2835384539816
1752785327764
2852296955540
1546626897556
2921016432276
1460995987092
2560507614868
2835385521812
2629210581656
2903835514472
1477906372200
2577417999976
1752784279144
2852295906920
1546625848936
2646137476712
1821503755880
2921015383656
1821755746904
1546626947752
2646138575528
1821504854696
1529714742888
2629226370664
1804592649832
2904104277608
1752785660244
2852297288020
2835367942484
2577669904724
2852547811668
1753036183892
1546877753684
2904020375892
2577602861396
2852480768340
1477822798164
1752700705108
1546810710356
1821688617300
2852212332884
1546542274900
1460727551640
2560239179416
2835117086360
1529447028376
2921217042084
1546827507364
2646339135140
1821705414308
1478090925416
2577602553192
2852480460136
2646390433176
2921268340120
2852548926056
1460996232600
2560507860376
1735874139544
2577401211540
1752767490708
2852279118484
2920931813780
2835385767320
2903751940440
1477822798168
2577334425944
2852212332888
1546542274904
2646053902680
2920931809624
1460911364440
1752717420904
2852229048680
1546558990696
2646070618472
1460927882836
2560439510612
1735805789780
1804258089572
2903769717348
2921218021988
1546560051812
2646071679588
1821437958756
2920949586532
1804526525028
1478109010532
1752986917476
1478090991272
1752968898216
1529362077076
2628873704852
1804239984020
2903751611796
2852480525992
2646120748436
1735587681684
2835099309460
1529429251476
2628940879252
1804307158420
2903818786196
2852279178644
1477889643924
2577401271700
2920949373608
2560490121640
1735856400808
2835368028584
1752985672276
1460660705896
1735538612840
1529380182632
2628891810408
1804258089576
2903769717352
1821421169044
2920932796820
1460709774744
1735587681688
2835099309464
1529429251480
2628940879256
1804307158424
1460727868068
2560239495844
2835117402788
1529447344804
2628958972580
2904021116264
1478158079592
2577669707368
1753035986536
2852547614312
1529714419028
2904103953748
1477907420836
2577419048612
1753053763236
2852565391012
2852296955556
1546626897572
2646138525348
2921016432292
1477890643352
2577401288024
2646120764760
2920998671704
1752767567192
2852279194968
1529630582360
2560422733400
2835300640344
1804307356056
2903818983832
1804526574248
1821488093864
1752700705124
2852212332900
1546542274916
2646053902692
2920931809636
1460911364452
2560422992228
1460642928996
2560154556772
1460727551656
2852565707364
2835117086376
1804575790744
2904087418520
1821756462676
2921268090452
1546811757928
2646323385704
2921201292648
1478092217000
1546625836436
1460726490516
2560238118292
1735604397460
2835116025236
2903835501972
1460979537320
2560491165096
1735857444264
2835369072040
1529699014056
2629210641832
1804576921000
2904088548776
1752970208664
2852481836440
1735788963176
1478091188840
2577602816616
1752969095784
1529630595412
2629142223188
1804508502356
2904020130132
2577334425960
2852212332904
1546542274920
2646053902696
2920931809640
1460928161448
2560439789224
1735806068392
2835317696168
1529647638184
2629159265960
1804525545128
2904037172904
1478108030632
2577619658408
2921016682920
1753035986340
2852547614116
2920998655396
1546609120676
2646120748452
1821487027620
1735587681700
2835099309476
1821486982568
1546878822804
1821756729748
1753037296984
2852548924760
1804307162788
2646339856744
1546609404264
2646121032040
1821487311208
2920998938984
1753037231768
1477889643944
1460912101800
2560423729576
1735790008744
2835301636520
1529631578536
2629143206312
2904021113256
1478091970984
2577603598760
1546559792744
2646071420520
1821437699688
2920949327464
1477822535252
2577334163028
2852212069972
1546542011988
2646053639764
2920931546708
2904037087588
1546828294824
2646339922600
1821706201768
2921217829544
1477907737256
2577419365032
2852297271976
1546627213992
1529379116644
2628890744420
1804257023588
2903768651364
2646138841768
2852547880616
2577335474516
2852213381460
1460978410920
1735856317864
2835367945640
1804324936356
2903836564132
2920998675876
2560221423012
2835099329956
1529429271972
1804307178916
1546811758244
2646323386020
2921201292964
1529631889060
2904021423780
1804509796004
2577619641944
2852497548888
1752717498020
2852229125796
1546559067812
2646070695588
1821436974756
2920948602532
1546895383144
2646407010920
1821773290088
2921284917864
1460996303464
1735874210408
2852481768084
1752969881192
2835385838184
2629227407976
1804593687144
2904105314920
2577620425128
1753036200360
2852547828136
2920948589924
1478175926936
2577687554712
1753053833880
2852565461656
1752784266648
2852295894424
1546625836440
2646137464216
1821503743384
2921015371160
1477889857192
1529430566292
2577401484968
1752767764136
2852279391912
2903818988132
2560155346520
1735521625688
2835033253464
1804575532712
1529647307368
2629158935144
1804525214312
1546625897812
1821503804756
1460995250836
2560506878612
2852280249000
1752985933412
2852497561188
1546827503204
1821705410148
2852548680020
1752768538984
2852280166760
1821689342568
2904103937368
1546894271832
2646405899608
2921283806552
1478174795096
1753052702040
1735857383832
2835369011608
1529698953624
2629210581400
1804576860568
2904088488344
1478159346072
2577670973848
1546827486632
2646339114408
1821705393576
1546894616216
2646406243992
2921284150936
1477890697896
2577402325672
1752768604840
2852280232616
2920931481000
2904088291736
1804508490408
1546542011992
1821419918936
2646053639768
2835032200792
1821488027988
2920999655764
1460979210580
2560490838356
2577670707540
1753036986708
1477890644308
2577402272084
1460710775124
1804241098152
2903752725928
1546560055652
1821437962596
2646071683428
2920949590372
1460660709732
1735538616676
1529380186468
2577686697384
1546626181800
1529630796456
2560239491684
1735605770852
2835117398628
1804325247588
2903836875364
1477907733092
1478175118744
2577686746520
1753053025688
2852564653464
1477840558696
2577352186472
1752718465640
1753036986712
2852548614488
1821488027992
2646390184280
2835100309848
1529430251864
2628941879640
1804308158808
2903819786584
1546877823400
2646389451176
1821755730344
2921267358120
2903769717396
1477840575124
2577352202900
2835318676116
1478109010580
2577620638356
2629160245592
1546543081108
2646054708884
1821420988052
2920932615828
1546625833624
2646137461400
2921015368344
1546828211880
2646339839656
1821706118824
1546609387176
2646121014952
1821487294120
2920998921896
1804257105576
2903768733352
1477839591080
2577351218856
1546559067816
2646070695592
1821436974760
2920948602536
1460911301972
2560422929748
1735789208916
2835300836692
2920931747156
2628873971028
1804240250196
2903751877972
1804509812388
2904021440164
1529648683672
2629160311448
1478175921576
1821503739220
2921015366996
1460726486356
2560238114132
2835116021076
1460978230632
2560489858408
1735856137576
2629209335144
1804575614312
2904087242088
1546828539492
2577402534292
2629143275092
2904021182036
2920999917972
1546811697812
2646323325588
1821689604756
2921201232532
2577686439332
2903751877976
1477822735704
2577334363480
1752700642648
2852212270424
2646322275672
2921200182616
2920931747160
1735806064232
2835317692008
1529647634024
2629159261800
1460659661460
2560171289236
1735537568404
2835049196180
1529379138196
2628890765972
1477839530644
2577351158420
1753053750936
2646138788520
1821505067688
2903751940500
1477822798228
2577334426004
1752700705172
1546542274964
2646053902740
1821420181908
2920931809684
1460911364500
2852565636516
1804593616292
2904105244068
1546895578532
2646407206308
1821773485476
2921285113252
2835368745316
1478159079780
2577670707556
1753036986724
2852548614500
2903819786596
2628941879652
2577670969684
1546878818644
1753037248852
2852548876628
1821756725588
2629210577236
1804576856404
2835369007444
2852497233576
1477822485860
2852212352360
1752985872980
2852497500756
1460928096852
2560439724628
1735806003796
2835317631572
2628874033560
1477822798232
2577334426008
1752700705176
2852212332952
1546542274968
2646053902744
1478090987940
2835318462824
1752700446372
2852212074148
2646053643940
1821419923108
2920931550884
1460727621972
2560239249748
1735605528916
1735807048356
1478109010596
2577620638372
1752986917540
2852498545316
1529648618148
1529380182692
1546560055656
2646071683432
1752969927320
2852481555096
1821688568168
1477907733096
2577419360872
1752785640040
2852297267816
1546627209832
2646138837608
1821505116776
2921016744552
1735872911016
1529698674072
2629210301848
1804576581016
2904088208792
2835099589028
2904105331304
1752700642660
2852212270436
1546542212452
2646053840228
1821420119396
2920931747172
1460911301988
2852480705892
2560422929764
1735789208932
1460660705960
1735587698020
2835099325796
2628940895588
2903818802532
1477889660260
2577401288036
2646322271576
1460911105636
1529630582372
2629142210148
1804508489316
2904020117092
2646120946084
1821487225252
2920998853028
1460709972388
2835100559956
1821488278100
1804308408916
2903820036692
1546610371156
2646121998932
1477890894420
1821705333140
2646339053972
2560507615912
1546878556568
2646390184344
1821756463512
2921268091288
1478108796520
2577620424296
1752986703464
1478158292584
2577669920360
1753036199528
1460994988440
2560506616216
1735872895384
2835384523160
1529714465176
2629226092952
1804592372120
2904103999896
1478174857624
2560154494312
1478175074980
2577686702756
2921200244376
1546610120344
2646121748120
1821488027288
2920999655064
2852295890264
1460726486360
1529445963096
2628957590872
1460996299112
2560507926888
1460711025240
2646323144280
1546811516504
2835301705304
2560423798360
2560222653016
1735588932184
1529430514072
1460912351896
2560423979672
1460642929060
2560154556836
1735520836004
2835032463780
1529362405796
2628874033572
2903751940516
1478091233700
2577602861476
2904037103012
1752969864532
2852481492308
1546811434324
2646323062100
2921200969044
1477823522132
2577335149908
1460643652952
2560155280728
2835033187672
1529363129688
2628874757464
1546895320408
2646406948184
1460710779556
2921284867432
1752701769108
2852213396884
1460727555476
2560239183252
1735605462420
2835117090196
1529447032212
2628958659988
1477822749284
2577334377060
2852212284004
1821689685352
1752701429092
2852213056868
1546542998884
2646054626660
2920932533604
1460912088420
1460643652964
2560155280740
1735857379672
1477840377172
1821706196308
2921217824084
1478108812628
1752986719572
1804526327124
2904037954900
1460643652968
2560155280744
2921216715416
2577401489768
1460928096856
2560439724632
1735806003800
2835317631576
1529647573592
2629159201368
2904037108312
1478107966040
2577619593816
1546895398568
2646407026344
1821773305512
2921284933288
2920931550888
1529697905060
1821773224552
1460911057512
2560422685288
1735788964456
2835300592232
1821437760856
1752986719576
1735538414936
2835050042712
1529446247064
2628957874840
1804324154008
2903835781784
2560222653028
2835100559972
1529430501988
2628942129764
2577670957668
1804308408932
2903820036708
2646071748968
1821438028136
2920949655912
1821772175960
2646405896792
1478107683224
2577619311000
1752985590168
2852497217944
2835385588376
1546877822568
2646389450344
1821755729512
2921267357288
1752767567208
2852279194984
1546609137000
2646120764776
1821487043944
2920998671720
1804525201748
1460927818068
2560439445844
1735805725012
1460659382612
2560171010388
1735537289556
2629143192980
1460643653012
2628874757524
2903752664468
1477823522196
1821421165204
1460643653016
1735521559960
1529363129752
2628874757528
1804241036696
1460711025256
2560222653032
1752986724776
2904105248360
1477907421524
1804241036708
1460643653028
2560155280804
1735521559972
2835033187748
1529363129764
2628874757540
1460660430244
2646338791768
2835317352792
2852228786520
2921216698712
1478107687256
1821436635480
1460643653032
2560155280808
1735521559976
2835033187752
1477823522216
1546625836452
2646137464228
1821503743396
2921015371172
1546609076564
2646120704340
1460709730644
2560221358420
1529429207380
2628940835156
1804307114324
2903818742100
1735790254676
2835301882452
1529631824468
2629143452244
1804509731412
2904021359188
1821773503080
2921285130856
1460660508004
2560172135780
1735538414948
2835050042724
2577620440420
1752986719588
2852498347364
1804257891684
2577419115156
1460928144792
2560439772568
1460659657300
2560171285076
1735537564244
2835049192020
1529379134036
2628890761812
1804257040980
2903768668756
1477839526484
2577351154260
2560490039912
1529447032216
2628958659992
1804324939160
2903836566936
1477907424664
2577419052440
1752785331608
1753052702052
2852564329828
1546894271844
2646405899620
2921283806564
1804258077284
2903769705060
2646390450596
1821756729764
2921268357540
2920948525736
1529631890024
2629143517800
1804509796968
1460660508008
1735538414952
2835050042728
1529379984744
2628891612520
1804257891688
2903769519464
1477840377192
2577352004968
1546543080792
2646054708568
1478174796136
2577686423912
2852564330856
1752985672280
2852497300056
1460642666084
2560154293860
1735520573028
2835032200804
1529362142820
2628873770596
1804240049764
2629227095384
2921284871512
2835385525592
1804240311636
2903751939412
1529362404692
1460659382628
2560171010404
1735537289572
2835048917348
2903768394084
2577350879588
1478091168420
2577602796196
1478174861992
1735807100500
2835318728276
1529648670292
2629160298068
1804526577236
2904038205012
2577620690516
2852280445608
2921268091284
1804576594324
1460710775188
2560222402964
1735588682132
2835100309908
1804308158868
2835368745640
2921217037736
2852498265512
2646138579284
1821504858452
1460643731032
2560155358808
1529630791316
2629142419092
1804508698260
2904020326036
1735521637976
2835033265752
1529363207768
2628874835544
1529647355304
1460643912344
2560155540120
1735521819288
2835033447064
1804241296024
2903752923800
1477823781528
2577335409304
2835367680596
1529380234840
2628891862616
1804258141784
2903769769560
1477840627288
2577352255064
2577620690520
2852498597464
1821706446424
1460710775192
2560222402968
1735588682136
2835100309912
1821756462680
1529430251928
2628941879704
1804308158872
2903819786648
1529379181972
1804257088916
1477839574420
2577351202196
2577603597720
2852481504664
1752700443240
1529631566164
2629143193940
2904021100884
1546828540328
2646340168104
1752784266664
2852295894440
1546625836456
2646137464232
1821503743400
2921015371176
2560172058260
2835049965204
1529379907220
2628891534996
1477840299668
2577351927444
1752767506776
2852279134552
1546609076568
2646120704344
1821486983512
2920998611288
2920949312088
2921201228376
2903751878036
1477822735764
2577334363540
1752700642708
1460642866580
2560506615192
2835384522136
1478092297556
2903768668760
1477839526488
2577351154264
1752717433432
2852229061208
1546559003224
2646070631000
1821436910168
1529697692072
2629209319848
1804575599016
2904087226792
1804593437076
2904105064852
2646407027092
2560439768404
2835317675348
2629227420072
1529447028052
2628958655828
1477907420500
2577419048276
2852296955220
2903836562772
1546626897236
2646138525012
1735806772820
1529648342612
2629159970388
1804526249556
1460928865876
1478108735060
2577620362836
1735520773528
2835032401304
1529362343320
1477822735768
1477889910356
2577401538132
2629143456408
1460660758116
2560172385892
1735538665060
2835050292836
2628891862628
1477840627300
2577352255076
1529647552872
2629159180648
1546609138344
2646120766120
1821487045288
1460710775204
1735588682148
1529430251940
1546878556580
2646390184356
1821756463524
2921268091300
1529648408164
2629160035940
1804526315108
2904037942884
1752700442216
2852212069992
2577335474520
1460660758120
2560172385896
1735538665064
2835050292840
1529380234856
2628891862632
1804258141800
1753036989800
2852548617576
1529647618728
2629159246504
1804525525672
1529447029416
1460660430420
1735538337364
1529379907156
2628891534932
1804257814100
2903769441876
1477840299604
2577351927380
1478107682392
2903769441880
1477840299608
2646339839576
1546811434584
1752701429336
2852213057112
1546542999128
1546811499928
2646323127704
1821689406872
1546810387048
1529363211940
2628874839716
1804241118884
2903752746660
1477823604388
2577335232164
1752701511332
2852213139108
1546543081124
2629158917800
1752970140312
2852481768088
1752718206564
2852229834340
1546559776356
2646071404132
1821437683300
2920949311076
1529698674276
1804576581220
2577670776488
2560238398036
1735604677204
2835116304980
1821504023124
2921015650900
1546894551636
2646406179412
1821688554916
2921200182692
2646405962148
1529429453416
2628941081192
1804307360360
2903818988136
1752718206616
1546559776408
2646071404184
1821437683352
2920949311128
1735588932244
2835100560020
1529430502036
2628942129812
1804308408980
2903820036756
1477890894484
2577402522260
1477906355556
2577402534308
2852280441252
2852481574500
1529430514084
1546811697828
2646323325604
1821689604772
2903835781720
1477906639448
2852547553880
2646122076568
2920999983512
1460659661476
2560171289252
1735537568420
2835049196196
1529379138212
2628890765988
1804257045156
2903768672932
2904037152088
1529647617368
1546827486552
1821705393496
2835385588120
1460711025304
1735588932248
1529430502040
1804308408984
1477890894488
2577402522264
1529630512472
2629142140248
1546894284440
2646405912216
2921283819160
1460727551320
2560239179096
2835117086040
2577620362840
2852498269784
1752986642008
1546828211800
1821706118744
1529647294868
2629158922644
1804525201812
2904036829588
1478159341924
1753037248868
2560490825364
1735857104532
2835368732308
1529698674324
1804576581268
1478159066772
2577670694548
1460643653272
2560155281048
2835033187992
1529363130008
2628874757784
2903752664728
1546559007064
2646340183444
2921216977508
1529647573604
2852497500772
2921218090388
1821436914008
1460979197604
2560490825380
1735857104548
2835368732324
1529698674340
1804576581284
1478159066788
1752985933204
1460660508052
2560172135828
1735538414996
2835050042772
1804257891732
1460643653288
2852548881000
2629210380628
2904088287572
2646070368916
1821436648084
2920948275860
1546877491624
2646389119400
1821755398568
2921267026344
1546811763352
2646323391128
2921201298072
1529631839592
2629143467368
2628957874788
2903835781732
1477906639460
2904104217188
1546894551652
2646406179428
2835033265556
1546609055400
1529379984792
2628891612568
1804257891736
2577352005016
1529430497940
2628942125716
1804308404884
2903820032660
2560222653092
1529698937508
2629210565284
1804576844452
2904088472228
1546878806692
2646390434468
1460911367592
1460726770280
2560238398056
1735604677224
2835116305000
1529446247016
2628957874792
1804324153960
2903835781736
1477906639464
2577418267240
1529631905448
2629143533224
2904021440168
1460994988456
2560506616232
1478158293652
2577669921428
1753036200596
2852547828372
1529697901204
2629209528980
2577350879636
1478108797588
2577620425364
1752986704532
1546827164052
2646338791828
2921216698772
1752717158804
2904087422568
1546828539496
2646340167272
1821706446440
2921218074216
1752784262504
2852295890280
1546625832296
2646137460072
2921015367016
1460711025320
1735588932264
1478174811560
2577686439336
1546559772244
1460660426324
2560172054100
2920949306964
1460912170600
2560423798376
1735790077544
1529715710308
2629227338084
2835301705320
1460912351912
2560423979688
1735790258856
2835301886632
1529631828648
2629143456424
1804509735592
2904021363368
1478092221096
2577603848872
1529647376980
1460996254100
2560507881876
1735874161044
1804325181028
2903836808804
1460659382680
2560171010456
1735537289624
2835048917400
2628890765992
1804257045160
2903768672936
1477839530664
2577351158440
1752985920932
2852497548708
1804575598184
2921217762984
2920998938280
1460911105448
2560422733224
1735789012392
2835300640168
1460911384916
2560423012692
1478091254100
2852480788820
1546810730836
2646322358612
1804324939172
2903836566948
1546626901412
2646138529188
1821504808356
2921016436132
1735605462436
2835117090212
1478175839828
2646071748264
2577686423208
1460979472744
2560491100520
1735857379688
2835369007464
1752718284196
1460660508068
2560172135844
1735538415012
2835050042788
2921284086376
2646389201512
1821755480680
2921267108456
1460929209752
2560440837528
1735807116696
1529648686488
1804526593432
1546827504280
1460928096872
1477840300696
2577351928472
1752718207640
2560171071060
1735537350228
2835048978004
2646389402280
2560172135848
2835050042792
1804257891752
2903769519528
1477840377256
2577352005032
1753053767012
2904105002340
1529715467620
2629227095396
2852565394788
1546895336804
2646406964580
1460911314324
2577687484840
1804593371752
2904104999528
2628941931860
1529430304084
1546610173268
2646121801044
1529698739540
1804576646484
2629210367316
1478092285608
2646390254248
2921216698788
1546827164068
2646338791844
2577350879652
1752717158820
2852228786596
1804241296036
2903752923812
2629210297684
1804576576852
2904088204628
2577335409316
1752701688484
2852213316260
1460710827352
1735588734296
2835100362072
1529430304088
2628941931864
1804308211032
2903819838808
1477890696536
2577402324312
1546895644072
2646407271848
1821773551016
2921285178792
1460660758164
1735538665108
2628891862676
2903769769620
1546828539540
1735789209960
2835300837736
2560490052248
2835367959192
1529697901208
1804575808152
2904087435928
2560440556184
2835318463128
2646053923224
1821420202392
2629160032920
1460660770404
1735537289640
1735538333272
2835049961048
1529379903064
2628891530840
1804257810008
2903769437784
1477840295512
2577351923288
1546627164500
1529647568296
1460660758168
2560172385944
1735538665112
2835050292888
1529380234904
2628891862680
1804258141848
2903769769624
2646120704356
1477889599844
2577401227620
1752767506788
2852279134564
2903818742116
1460912347748
2560423975524
1735790254692
2835301882468
1460911368872
2560422996648
2835300903592
1478158280084
2577669907860
1753052718740
1546894288532
2646405916308
2921283823252
2852564346516
1821438023060
1460660770196
2560172397972
1735538677140
2835050304916
1477839526500
1752717433444
2903768668772
1546559003236
1804508768600
2646322358616
2921200265560
2904020396376
2852480788824
1546810730840
2646407272808
2577419052456
2629158921812
2904036828756
1546810402472
2646322030248
2921199937192
2852279130536
1529430304100
2920999708004
1529698739556
2629210367332
1804576646500
2904088274276
1546878608740
1821756515684
1529648409000
2629160036776
1529697905064
2629209532840
2646340179284
1804575812008
2904087439784
1478158292392
1460995990888
1529715467624
2629227095400
1477907732884
2904105002344
1821688637028
1546827508312
2646339136088
1821705415256
2921217043032
2835384740504
1546877490792
2646389118568
1821755397736
1460710827368
2560222455144
1735588734312
2835100362088
1529430304104
2628941931880
1804308211048
2903819838824
1477890696552
2852280510036
2646340167332
1735538665124
2835050292900
2628891862692
1752968811944
1546559855272
2646071483048
1821437762216
2920949389992
1821420983912
2920932611688
2921200981672
1460660758184
2560172385960
1735538665128
2835050292904
1529380234920
2628891862696
1804258141864
2903769769640
1477840627368
2577352255144
2577402271076
1804257088932
2903768716708
1477839574436
2577351202212
1752717481380
2852229109156
1546559051172
2646070678948
1460709774932
2628940879444
1460978210388
2560489838164
1752700721492
2852212349268
1477822814548
2646323340696
1460660430500
2560172058276
1735538337444
2835049965220
1529379907236
1477840299684
1477822491284
2577334119060
1752767506792
2646120704360
1821486983528
2920998611304
2646054644308
1821420923476
2835116305044
1477890709156
2577402336932
1477907487384
2577419115160
1752785394328
2852297022104
2629209266792
1460994942616
2560506570392
1529714419352
2629226047128
2904103954072
1460709774936
1546609120856
1529697687128
2629209314904
1804575594072
2646120748632
1546877556312
2835050304920
1529380246936
2628891874712
1804258153880
1477839526504
2577351154280
1804525524324
2904037152100
2577619637604
1529715530148
2629227157924
1529714730392
2629226358168
1804592637336
1460727551332
2560239179108
2835117086052
1529447028068
2628958655844
2903836562788
1477907420516
1821706118756
1752986642020
2852498269796
2646339839588
1546828211812
1735790008984
2835301636760
1752767486548
2852279114324
2629159262888
2903835764072
1478091957860
1752969864804
1478108736088
1460710041188
2560221668964
1477889910372
1752767817316
1546894612888
1821772519832
1478090987112
2577602614888
2852480521832
2646340179288
2921218086232
2577620702552
2852498609496
1546878867096
2646390494872
1821756774040
2921268401816
1546626176664
2646137804440
2921015711384
2577669727592
2852480703144
1477890975320
2920999986776
1529430582872
2628942210648
1752768882264
1753037249192
1821504858456
1821755463268
1546609120868
1821487027812
2920998655588
1546877556324
2646389184100
2921267091044
1529697687140
1546878539412
2646390167188
1546827425368
1753052764772
1821705332312
1821420971412
1477823587732
2577335215508
1752701494676
2920932599188
1460643718548
1460642605668
2560154233444
1460726503060
2560238130836
1460726770340
1735604677284
2628957874852
1546626116260
2646137744036
1821504023204
2921015650980
2852229109160
1546895338136
2646406965912
2921284872856
1546559051176
2646070678952
1821436958120
2920948585896
1460709774952
2560221402728
1821420198232
1477822814552
2577334442328
2920931826008
1460642945368
2560154573144
2560439522708
1735805801876
2835317429652
2646071400104
1821437679272
1735538337448
1529379907240
2628891535016
2903769441960
2852229834408
1752718484820
2852230112596
1460726770344
2560238398120
1735604677288
1529446247080
2852481557844
2904021166744
1529362163364
2628873791140
1804240070308
2903751698084
1804575808104
1460994938452
2560506566228
1735872845396
2835384473172
1477839332692
2577350960468
1821436716372
2646070437204
2920948344148
1460659463508
2560171091284
1735537370452
2835048998228
1529378940244
1460659644820
1529379121556
2628890749332
1804257028500
2903768656276
2577687468440
2852565375384
1477907420520
2577419048296
2852296955240
2921016431976
1478159394216
2577671021992
2560440493672
2835318400616
2629159970408
1804526249576
2904037877352
1478108735080
2577620362856
1752767817320
2852279445096
1546609387112
2646121014888
1821487294056
1546610109096
2646121736872
1821488016040
2920999643816
2921216763560
2577620706724
1752986985892
2852498613668
1546828555684
2646340183460
1821706462628
2921218090404
1753054075220
2852565702996
1529697904232
2629209532008
1804509800788
1804241365332
2903752993108
2577335478612
1477823850836
1546543327572
2646054955348
1529631893844
2852565722792
1735805987156
2835317614932
1546894529944
2646406157720
1821772436888
2921284064664
1735857183384
2921217825384
2646054955352
1546811763032
1821689669976
2921201297752
2920932862296
2852548684392
1477906441556
1529446049108
2628957676884
1804323956052
2903835583828
1546625918292
2560238200148
1752767763860
2646322031208
2835367941480
2560490821272
2835368728216
1804576577176
2904088204952
2577670690456
2903751617128
2920999708052
1546878608788
2646390236564
1460710827412
2560222455188
1735588734356
2835100362132
2628873988708
1804240267876
2903751895652
2921285184168
1821755483816
2628957607576
2903835514520
1477906372248
2852295906968
1546625848984
1460726572376
2560238200152
1529446049112
2628957676888
1804323956056
2903835583832
1477906441560
2921267305124
1529697901220
1546877770404
2646389398180
2629209528996
2904087435940
1821706181284
2577620425380
2852498332324
2560440556196
1529648405156
1804526312100
2921217809060
1546828274340
1478090926676
1460710827416
2560222455192
1735588734360
2835100362136
1753053829720
2852565457496
1529430304152
1804308211096
2560172054116
1735538333284
2835049961060
2628891530852
2903769437796
1477840295524
2577351923300
1529430562132
2628942189908
1804308469076
2903820096852
1752969930072
1529714661716
1804592568660
2835116284244
2629226289492
1529446226260
2628957854036
2904103949912
2577686435416
1753052714584
2852564342360
2646405912152
2921283819096
1460659463512
2560171091288
1735537370456
2835048998232
1529378940248
2628890568024
1804256847192
2903768474968
1752717420952
2852229048728
1821436897688
2920948525464
2920949323176
1752969161060
2852480788836
1546810730852
2921015700116
2646054955364
1752970193252
2852481821028
2920932862308
1546811763044
2646323390820
2921201297764
1460912417124
1460726749528
2921284065624
1546626095448
1478175054168
2904104196440
2835384478376
1821772519000
2560440837544
1735807116712
2835318744488
1804526593448
1752985933208
2852497560984
1752701757800
1546543327592
2646054955368
2921216960856
1460726572388
2560238200164
1735604479332
2835116107108
1529446049124
2628957676900
1804323956068
1546811431576
2646323059352
2921200966296
1529379186260
2628890814036
2920931829416
1753037039012
2852548666788
2920999708068
2560222455204
1735588734372
2835100362148
1821688632744
1460726572392
2560238200168
1735604479336
2835116107112
1529446049128
2628957676904
1804323956072
2903835583848
1477906441576
2577418069352
1529648621992
2629160249768
1804526528936
2904038156712
1752718271832
1752767767896
1546877819240
2646389447016
1821755726184
2921267353960
1460710827432
2560222455208
1529630841428
2629142469204
1804508748372
1804241098068
2903752725844
1752701490516
1546543060308
1546828207720
2646339835496
1821706114664
2921217742440
2852564588900
1546626095460
1460978424488
1735856331432
1804575808168
1478158293672
2835318463144
2577620379288
2852498286232
2646406157928
2835032484264
1529362426280
2628874054056
1529715710312
2629227338088
1752969140824
2852480768600
2560422992472
2835300899416
1735538333288
2835049961064
1529379903080
2628891530856
1804257810024
2903769437800
1477840295528
2628957854056
2903835761000
1477906618728
1478158079636
1753035986580
1546609120916
2646120748692
1821487027860
2920998655636
1804575594132
1529714419364
2629226047140
1546894288548
2646405916324
1529380246948
2628891874724
1804258153892
1477840639396
2852230174116
2577352267172
1529715776168
1821756451480
2629227403944
2904105310888
1477839509844
2577351137620
2646070614356
1735537547604
1460911384936
1752969947800
2646138594712
1821504873880
2921016501656
1546878544488
2646390172264
2921268079208
1546625854056
2646137481832
1821503761000
2921015388776
2577603586472
2852481493416
1460709775000
2560221402776
1735587681944
2835099309720
1477889644184
1460978230868
2560489858644
1752986981732
2852498609508
1546828551524
2646340179300
1821706458468
2921218086244
2629210364584
1546811512488
2852480768612
2921200245348
1477822798436
2577334426212
1752700705380
1752701757028
2852213384804
1460711106148
1821688554920
2903835514200
1460996303512
2560507931288
2835385838232
2646054688088
2920932595032
1477906373224
1752785577560
2852297205336
1821505054296
2646138775128
1546627147352
1753036249768
2903836550804
2577619589476
2560489838244
1478158079652
1753035986596
1546609120932
2646120748708
1546877576596
1735520852324
2835032480100
1529362422116
2628874049892
2903751956836
1477822814564
2577334442340
2852212349284
1460911037096
2560422664872
2835300571816
1753054090644
2852565718420
2852481488536
1752985933460
2852497561236
1821420923492
2920932551268
1460643670628
2560155298404
1735521577572
2835033205348
2628874775140
1753036187032
2852228798104
1478092040808
2577603668584
2852481575528
1546560100776
1821438007720
1460709775016
2560221402792
1735587681960
2835099309736
1529429251752
2628940879528
2903818786472
1477889644200
1529363458392
2628875086168
2903752993112
1804258153896
2903769781672
2921016765080
2577352267176
1752718546344
2852230174120
2646070614360
1546558986584
2646071404884
1821437684052
2920949311828
1460727540052
2835117074772
1529447016788
2628958644564
1478090921300
2577602549076
2629142210984
1546895321432
2904021100888
1529363130712
2628874758488
2560491170216
2921216711256
2629160310120
2560172337556
2646071683476
1821437962644
2920949590420
1546895321444
2646406949220
2921284856164
1477890632036
2577402259812
1752768538980
2852280166756
1821688637032
2921200264808
1460643653992
2646053590360
2921217042772
2629159266644
2646339135828
1460659726676
1529447340692
2628958968468
1804575807844
2904087435620
1735589013096
2577335478676
1821421234580
2920932862356
1546559072600
1821436979544
2920948607320
1752986921300
2852498549076
1546828491092
2646340118868
2646390167204
2921268074148
1460643718564
2560155346340
1735521625508
2835033253284
1546895645268
2646407273044
1804241102244
2903752730020
2852565703252
1821773552212
2921285179988
1460996299348
1752701757848
2852213385624
1546543327640
2646054955416
1821421234584
2920932862360
2560424044952
2835301951896
1735604479380
2835116107156
1804323956116
2903835583892
1752784279204
2852295906980
1460726503076
2560238130852
2646054688152
1821420967320
2920931482216
2560489858456
2835367765400
1752986723944
1478159145384
1753037052328
2920931826024
1546878544276
2646390172052
1821756451220
2921268078996
1529715452308
2629227080084
1804593359252
2904104987028
1460643654036
1529363130776
2628874758552
1804241037720
2903752665496
2577335151000
2560440751464
1735807030632
2835318658408
2852280243880
1546610447764
2560238200216
2835116107160
1529446049176
2628957676952
1804323956120
2903835583896
1752969930084
2852481557860
1529714398616
2629226026392
1804592305560
2904103933336
1804592375464
2904088210088
1478091958692
2577603586468
1735521560996
2835033188772
1752968828260
2852480456036
1546810398052
2577334113636
1753052714596
1546894284388
1821772191332
2921283819108
2835033188776
1529363130792
2628874758568
1460659463524
2560171091300
1735537370468
2835048998244
1804256847204
2903768474980
1477839332708
2852481816148
2560171272612
1735537551780
2835049179556
1529379121572
2628890749348
1804257028516
2903768656292
1477839514020
1460929189544
2560440817320
1546610121300
2646121749076
1460710775380
2560222403156
1735588682324
1804324133268
2903835761044
2852564588948
1752784525716
2852296153492
2921285118360
1478091957864
2577603585640
1752969864808
2852481492584
1529714726228
1752717174376
2852228802152
2577334113640
1460659726692
2560171354468
2835049261412
2646339135844
2921217042788
1752985938276
1546811774612
1546877834664
2646389462440
1821755741608
2577620686184
1821505054360
2921016682136
1460710775384
1735588682328
1529430252120
2628941879896
1804308159064
2920932862372
1460912417188
2921201297828
1752970193316
1460643981732
1735521888676
2835033516452
1529363458468
2577352206744
1460726749592
2560238377368
1735604656536
2835116284312
1529446226328
2628957854104
1804324133272
2903835761048
1477906618776
2577418246552
1752985856356
2852497484132
2921216960868
2852297267864
1546627209880
2646138837656
2921016744600
1460659726696
2560171354472
2835049261416
2629227353512
1804593632680
2904105260456
1546543257944
2920999708008
2852213385640
1546543327656
2646054955432
2646053840468
1821420119636
2920931747412
2835032401492
1529362343508
2628873971284
1804240250452
1477889660308
2577401288084
1752767567252
1529630582420
2629142210196
1804508489364
2904020117140
1478090974868
2577602602644
1753052764776
1546828491096
1821706398040
2646340118872
2560490821288
2835368728232
2904088204968
2577670690472
2852213122472
2920932599208
1460996299352
2560507927128
1735874206296
2835385834072
1804593358420
1529715776088
2629227403864
1546878559912
2646390187688
1804240250456
2903751878232
1477822735960
2577334363736
1546810648152
1821688555096
2921200182872
2920931747416
2835300836952
1460726572456
2560238200232
1804592387672
2904104015448
1804525524392
2835116107176
1735805801880
1460978226516
2560489854292
1735856133460
2835367761236
1529697703252
2629209331028
1804575610196
2904087237972
1821755479380
2921267107156
1529630599592
2629142227368
1529697884564
2629209512340
1804575791508
2904087419284
1546877753748
1546542275220
2646053902996
1460642929300
2560154557076
2835032464020
1529362406036
2628874033812
1478091167144
2904088222308
2577670707812
1477906618788
2577418246564
1752784525732
2852296153508
1753052961188
2852564588964
1804324133284
1752986986904
2852498614680
1546560099944
2646071727720
1821438006888
2920949634664
2560506566248
2835384473192
2629226042984
2904103949928
1478174807656
2577686435432
1546878867816
1478159062440
2577670690216
2646323407512
2835048998248
2628890568040
1752700705432
2852212333208
2646053903000
2920931809944
1460911364760
2560422992536
1752717420968
2852229048744
2577352271512
1752718550680
1546558990760
2646070618536
1821436897704
1460710775400
2560222403176
1735588682344
2835100310120
1529430252136
2628941879912
1804308159080
2903819786856
1477890644584
2577402272360
2560238377384
2835116284328
1529446226344
2628957854120
1804324133288
2903835761064
1477906618792
2577418246568
1821420119652
2920931747428
1821688555108
1478091171428
2577602799204
1752969078372
2852480706148
1460660705620
2560172333396
1529380182356
2628891810132
1804258089300
2903769717076
1477840574804
2577352202580
1546610104932
2921200179816
1821488343656
2628957661780
1752784333396
1529446034004
2921015437908
1477890648724
2577402276500
1546877758104
1460928947796
2560440575572
1735806854740
2835318482516
1460995007848
2560506635624
1735872914792
1735587698072
2835099325848
1529429267864
2628940895640
1804307174808
2903818802584
1477889660312
2577401288088
1752767567256
1804241048980
2903752676756
1478090974872
2577602602648
1752968881816
2852480509592
1546810451608
2646322079384
2560506816936
1735873096104
2835384723880
1546542275236
1460642929316
2560154557092
2835032464036
1529362406052
2628874033828
1478176172708
2577687800484
2852565707428
1752701490532
2852213118308
1546543060324
2646054688100
1821420967268
2920932595044
1529648404136
2560172059220
1735538338388
2835049966164
1529379908180
2628891535956
2577351928404
1821505054308
1477907424868
2577419052644
2577335151192
1478158095704
2577669723480
2852547630424
1804575610200
2904087237976
1821755479384
1546877572440
2646389200216
1753037051496
2852548679272
1546559841940
2646071469716
1821437748884
2920949376660
1460978407832
2560490035608
1546625901992
2646137529768
1821503808936
2921015436712
1735520836264
2835032464040
1529362406056
2577602602344
2852229835364
1546559777380
2646071405156
2920949312100
1478159325864
2577670953640
1478108812884
2577620440660
1752986719828
2852498347604
1821706196564
1460660508244
2560172136020
2835050031704
2835317679528
1752970123944
1804508423592
2904020051368
1821772178836
2921283806612
2560506553748
1735872832916
1546894271892
2904103937428
2646405899668
1460659640676
2560171268452
1735537547620
2835049175396
1821436893540
2646339917400
1821706196568
2921217824344
2577620624792
2852498531736
1753037251944
1546810399144
1821688306088
1529430254948
2628941882724
1804308161892
1752700442260
2852212070036
1546542012052
2646053639828
1821419918996
2920931546772
1804324940120
2577352202584
1546541962920
2646053590696
2920931497640
1477839252052
2903768720984
1735857105556
1529698675348
1804576582292
2904088210068
1546810398100
2646322025876
2852295961176
2646137530968
2835033189016
2646390495832
1460995271272
1804257876392
1804307372456
2903819000232
2628958726808
1546626099560
2646137727336
1735857105572
1529698675364
2852565379748
2577402586452
2852280493396
2852480505428
1546810447444
2646322075220
2921199982164
1529379203476
1546827508116
2646339135892
1821705415060
2921217042836
1478175118756
2577686746532
1478158031256
2577669659032
1460996303528
2560507931304
2835385838248
1529715780264
1821420967272
2629227408040
2629209335400
1460660508260
1735538415204
2903769519716
1477840377444
2577352005220
2577419298408
1460659726744
2560171354520
1735537633688
2835049261464
1804257110424
1478158099876
1753036006820
2646389204388
1821755483556
2921267111332
1460928157348
2560439785124
1735806064292
2835317692068
1804525541028
2904037168804
1478108026532
1478108747348
2577620375124
1478174807400
2577686435176
2852564342120
1804508687016
2904020314792
1546542999892
2646054627668
2920932534612
2852498613848
2852213057876
1821705131416
2921216759192
2560506553752
1529714402712
2629226030488
1804592309656
2904103937432
1478174795160
2577686422936
1821436893544
2560171010660
1735537289828
2835048917604
1529378859620
1804256766564
2903768394340
1477839252068
2577350879844
1478174873256
2577602549156
1804240000420
2903751628196
1477822485924
1752700392868
2852212020644
1546541962660
2646053590436
1821419869604
1546626962772
2646138590548
2852564413096
1804308159124
2903819786900
1477890644628
2577402272404
1821756463764
2629210315412
1804576594580
1478159080084
1477840578980
2577352206756
1752718485924
2852230113700
1546560055716
1821437962660
1478092286312
2852229130600
1546627144084
2646053590440
2835049261476
1529379203492
1546827508132
2920948607396
1546877561240
2646389189016
1821755468184
2921267095960
1477823850088
2577335477864
1752701757032
2852213384808
1821706458536
1460710775448
2560222403224
1735588682392
2835100310168
1529430252184
2628941879960
1804308159128
2903819786904
1477890644632
1546609125016
2646120752792
1821487031960
2920998659736
2560423712104
2560222717272
2835100624216
2646122063192
1821488342360
2835300636248
2577602598488
1804508485208
2904020112984
1529379203496
2628890831272
2903768738216
1477839595944
2921218025828
1752986921316
2577620642148
2852498549092
2646340118884
2629227080088
2904104987032
1735873095272
2852564604328
1821504088744
1804508703400
2904105310820
1546895645284
2646407273060
1821773552228
1546810648212
1821688555156
2921200182932
2852480706196
2646389401172
1546894337384
1477906355604
2560238114196
1735604393364
2835116021140
1460978230696
1735856137640
1478092039828
2577603667604
2904021182100
1735790077588
1478176183704
2577687811480
1753054090648
2852565718424
1478175070824
2904105314644
2577686698600
1753052977768
2852564605544
1546878888360
1821756795304
2921268423080
1752700642968
1546542212760
2646053840536
1821420119704
2920931747480
1460911302296
2560422930072
1735789209240
2835300837016
2646339115672
1546626898584
2646138526360
2921016433304
2903752665432
1477823523160
2852213057880
1546542999896
1546610452136
2646122079912
2920999986856
2921284065704
1753053828520
1460994921812
2560506549588
2835384456532
2921283802452
2560222403236
2560490838692
2903819786916
1546878556836
1821756463780
1478159341972
2577670969748
1753037248916
2852548876692
1529698949524
2629210577300
1804576856468
1752969864856
2921216977556
1752985873044
2852497500820
1546827442836
2646339070612
1546810398312
2646322026088
2921199933032
1460710775464
2560222403240
1735588682408
2835100310184
1529430252200
2628941879976
1804308159144
1477890644648
2577402272424
1529380186536
2628891814312
1804258093480
2646071683496
1804509747796
2629209528680
1804575807848
2904087435624
2577351939688
2903836875432
1477907733160
1546627209896
2852481816232
1804508685988
2904020313764
1821688555172
2921200182948
1460709791140
2560221418916
1735587698084
2835099325860
1529429267876
2628940895652
1804307174820
2903818802596
1477889660324
2577401288100
1460911105700
2560422733476
1735789012644
2835300640420
1546895381908
2646407009684
1460929145192
2560440772968
1735807052136
2835318679912
2629160249704
2904038156648
1546894600808
2646406228584
1821772507752
2921284135528
1460911040852
2560422668628
2835300575572
1477907491412
2835117156948
1529447098964
2628958726740
1804325005908
1821706118548
1546626968148
1478108015016
2577619642792
1752985921960
2852497549736
2903751878312
1477822736040
2577334363816
1752700642984
2852212270760
2646053840552
1477839247012
2577350874788
1477906355608
2577417983384
1752784262552
2852295890328
1546625832344
2646137460120
1821503739288
2921015367064
1460912170648
2560423798424
1735790077592
2835301705368
1529631647384
2629143275160
1804509554328
1753036002660
2852547630436
1546877572452
1804575791524
2904087419300
1546877753764
2646389381540
1821755660708
2835385522856
1752700725848
2646405895512
2921283802456
1753052697944
2852564325720
1735788948136
1460979472792
2560491100568
1735857379736
2835369007512
1529698949528
1804576856472
2904088484248
2577670969752
1460660508308
2560172136084
1735538415252
2835050043028
2628891612820
2903769519764
1477840377492
2577352005268
1546811774616
2904021362004
1478092219732
2577603847508
1821488276824
2560440755544
2577419298136
2835318662488
1735790257496
2628875015768
2629227095444
1804593374612
1546895336852
2646406964628
1460660508312
2560172136088
1735538415256
2835050043032
1546560117416
1478174792360
2560155542888
2835033449832
1529363391848
2628875019624
2903752926568
1460726557284
2560238185060
1735604464228
2835116092004
1529446034020
2628957661796
2646137530980
2921015437924
2852229900648
2577602602392
1752968881560
2852480509336
2852279396712
1460659382932
2560171010708
2835048917652
1460911105704
2560422733480
1735789012648
2835300640424
2920932595300
2560221336980
2835116366436
1752785398360
2852297026136
1821504875096
1804256766616
1477839252120
2577350879896
1529697883816
2629209511592
1804575790760
1460978226536
2560489854312
1735856133480
2835367761256
1529697703272
2629209331048
1804575610216
2904087237992
1478158095720
2577669723496
2921201047124
1752767506836
2852279134612
1735587637652
1735588930964
2835100558740
1546895582612
2646407210388
1735521822100
2835033449876
1460643915160
1529363391896
2628875019672
1804241298840
2903752926616
2577335412120
1546878887528
1460660508324
2560172136100
2835050043044
1821706196644
1478092301736
2835049192084
1529379134100
2628890761876
1804257041044
2903768668820
2577603847588
1752970126756
2852481754532
2904105248164
1460643915172
1460643915176
2560155542952
1804241298856
2903752926632
1477823784360
1478174795172
1753052702116
2577686422948
2852564329892
1546894271908
2646405899684
1821772178852
2921283806628
1478109075796
1478158035284
1804575549780
2904087177556
1821755418964
2921267046740
2628891612840
1478159390056
2577670760020
1477890696788
2577402324564
1821756515924
1546610173524
2646121801300
2904037104212
2646339066452
1752985868884
2852497496660
1478107961940
2577619589716
2629143271764
2921216973396
2577687800228
2646339065240
1821705344408
2921216972184
2903751677604
1477822535332
2577334163108
1752700442276
2852212070052
1546610104936
2835385525656
1529715467672
2629227095448
1804593374616
2904105002392
1478175860120
2577687487896
1752969144984
2852480772760
1477890648728
2577402276504
1752768555672
2852280183448
1460709791316
2560221419092
1735588734552
2835100362328
1529430304344
2628941932120
1804308211288
2903819839064
1821488080472
1529715795348
2629227423124
1804593702292
2904105330068
2835317631396
2852279462568
1735537289896
2835048917672
1529378859688
2628890487464
1460711089508
1735588996452
1529430566244
2628942194020
1804308473188
2903820100964
1477890958692
2835301885604
1821688354404
1735789008484
2835300636260
2646322075236
1478090970724
2577602598500
1752968877668
2852480505444
2921199982180
1529630578276
1529647556264
1753053768040
2852565395816
2577619310180
1546828278168
2646339905944
1821706185112
2921217812888
1546877774232
2646389402008
1821755681176
2921267308952
1478108014184
2577619641960
2852497548904
1546559841944
1821437748888
1546811512408
1478175926952
2835301882520
2904036906408
1752717433496
2852229061272
2835317675412
1529647617428
2577619637652
1546827486612
2852497544596
1752701430116
2852213057892
1546542999908
2646054627684
1821706397268
1546828490324
2646340118100
2646390236772
1478159132260
1753037039204
1460710827620
2560222455396
1735588734564
2835100362340
1529430304356
1752784348564
1460994925992
2560506553768
1546828211860
1752985605480
1804575549784
1478158035288
1546877512024
2646389139800
1753035942232
2903819052692
1529647290712
2629158918488
2646390249832
1460710827624
2560222455400
1735588734568
1529630844264
2835317627480
2629159197272
2904037104216
1478107961944
1546894616232
2646406244008
2921284150952
1735520573096
2835032200872
1529362142888
2904105327016
2628873770664
1804240049832
2903751677608
1477822535336
2577334163112
1752700442280
1752986899796
1735872846440
2835384474216
2646406960468
2921284867412
1529698757032
2629210384808
1804576663976
2904088291752
1821436914020
2904020113060
2629158984344
2904036891288
1546810726760
1478158345812
1753036252756
1546877822548
2646389450324
1821755729492
2921267357268
2646323078484
2904087484008
2560489772372
1735856051540
2835367679316
2920931825256
1478109058708
2577402586472
2852280493416
2920999970152
1478175118760
1753053025704
1460911101544
2560422729320
1735789008488
2835300636264
2629142206056
2904020113000
2577602598504
1460642605716
2560154233492
2835032140436
1529362082452
2628873710228
2903751617172
1477822474900
2577334102676
2629160293992
1546625833640
2646137461416
2921015368360
1821772196440
2921217824424
1752969943380
2852481571156
1460643731796
2560155359572
1735521638740
2560222651988
1821689603668
2921201231444
1735790257752
2835301885528
2629143455320
2904021362264
1478092219992
2577603847768
1478092039844
2577603667620
1752969946788
2852481574564
1529631647396
2629143275172
1804509554340
2646323144356
2629227092328
2904104999272
1546895333736
2646406961512
2560239445592
2646407226968
2921284868456
2646070695332
2920948602276
2646339130788
2921217037732
2560171349412
2577351218596
1752717497764
2852229125540
1460928157092
2560439784868
1546627208868
2646138836644
2921016743588
1735874143844
2835385771620
1735605708388
2835117336164
1529447278180
2628958905956
1804325185124
2903836812900
2646054889060
1546811696740
1804241115480
2903752743256
1477823600984
2577335228760
1546543077720
1735790074200
1735874143848
2629227341416
1821773489768
2921285117544
2921201231464
1478159328872
2577670956648
1821488277096
1529447357076
1477907749524
1753054091924
2852565719700
1546895661716
2646407289492
1460727880340
2560239508116
2577620362904
2852498269848
1546827503016
2646339130792
2560171349416
2835049256360
1529379198376
2628890826152
1804257105320
2903768733096
1477839590824
2852280232276
1460994921828
2560506549604
2835384456548
1546894267748
1735807051108
2835318678884
2904038155620
1478109013348
2921268353444
2903769716120
2835099575960
1529429517976
2628941145752
1804307424920
2903819052696
1529697953108
2629209580884
1804575860052
1546895661720
2646407289496
2921016760984
1478158345556
2577669973332
1753036252500
1804593682020
2904105309796
1752968878436
2852480506212
1460996315800
2560507943576
2835385850520
1529648359080
1804508441188
2904020068964
2852480461412
2852212025956
1735520528996
2835032156772
2646053595748
2920931502692
1460642622052
2560154249828
2903818741096
2852229831332
1735538334372
2835049962148
1821437680292
2904020129108
1546627148116
2921016682836
1735605709140
1529447278932
2628958906708
1804325185876
2903836813652
2921285118292
1460996237652
2560221668696
2646323128728
1821689407896
2852481558936
2921201035672
1529715713684
2629227341460
1804593620628
2904105248404
2646407210644
1546811696788
1821689603732
1460727801492
1735605708436
1529447278228
1460978408020
2560490035796
2577419298456
1478092220056
2577603847832
1460996236952
2560507864728
1529715713688
2629227341464
1804593620632
2904105248408
1753037235864
1460642622056
2560154249832
1735520529000
2835032156776
2646053595752
1529630534248
2629142162024
1804508441192
2904020068968
2920931502696
1546542998872
1477839333784
2852212073896
2628874836324
2903752743268
1477823600996
2646138775204
1753054013092
2629143455396
1804509734564
2904021362340
1735605708452
1546811696804
2646323324580
1821689603748
2921201231524
2835032140440
1529362082456
2628873710232
1477822474904
1752785577640
1546627147432
1821505054376
2921016682152
2560507864744
2629227341480
2904105248424
2629143455400
1821706115684
1478108732004
1821756447064
2646390167896
1821503756632
2921015384408
2921217743460
2920931764580
1460642883940
1735520790884
2835032418660
2629227357800
2904105264744
1546895599208
2646407226984
1821773506152
1752785593960
2852297221736
1546627163752
1821505070696
1460711086760
2560222714536
1752700442004
2852212069780
1752718206356
2852229834132
2852498269588
1546828211604
2646339839380
1821437683092
2920949310868
2835049964948
1529379906964
2835318400404
1804509550952
2904021178728
1478092036456
2903752743272
1477823601000
2577335228776
2577619396952
1752985676120
1804525283672
2904036911448
1546827245912
2646338873688
1460927899992
2560439527768
1821773568676
2921285196452
1460727880356
1529447357092
2628958984868
2903836891812
1477907749540
2577419377316
2835116021160
2629143275176
1460727862952
2560239490728
2646071403928
1821437683096
1546828211608
2646339839384
1821706118552
2921217746328
2920949310872
1460660430232
1735538337176
1529379906968
2577402600024
2852280506968
1477889910116
2852547880292
2921267357028
2921016761000
1546895661736
2646407289512
2921285196456
1752767817060
2646121014628
1460727880360
1529447357096
1460996315816
1478174791016
1752970193492
2577686418792
2852564325736
2560506549608
2835384456552
1529447360168
1735807051112
1546827164248
2646338792024
2921216698968
2835318678888
1529648620904
2629160248680
1804240266580
2903751894356
1477822752084
2835369007528
2577670969768
1753037248936
1460727536212
2628958906724
1804325185892
2903836813668
1529697953128
2629209580904
1804575860072
2904087487848
1546877822312
1821755729256
1546627148132
2560221668712
1735587947880
2835099575656
1821504874068
1735605709460
2835117337236
1529447279252
2628958907028
1477907671700
2577419299476
2577603914328
2852481821272
1821689670232
2646323391064
2921201298008
1546811763288
2646405981780
1460995008084
2560506635860
1735872915028
2835384542804
1460726572628
2560238200404
1735604479572
2835116107348
2852295976532
2629143468632
1804509747800
2835049962152
1546559773352
1821437680296
2920949308072
1529379904168
2628891531944
1804257811112
2903769438888
1477840296616
2577351924392
1460978406820
2560490034596
2921015432872
2560507865448
2835385772392
1804593621352
1478176106856
2577687734632
1753054013800
2852565641576
1460995249812
2560506877588
2835384784532
2921268143764
1752768603796
2852280231572
1821488080532
1735588734612
2835100362388
1821756515988
2646390236820
1477890696852
2577402324628
1804575861412
2904087489188
1477906426200
2577418053976
1752784333144
1804593621588
1460996237908
2560507865684
2646407211604
1529697887572
1735604479576
2835116107352
1529446049368
2628957677144
1804323956312
1804592391768
2904104019544
1546894354008
1821772260952
1529714484824
2628890564948
2903768471892
2560172058020
1735537367380
2577350957396
2646070434132
1821436713300
1546878817688
2560491099544
1735857378712
1804576855448
2904088483224
1478159340952
2577670968728
1478107683240
2577619311016
2921217743464
1735588734616
2835100362392
1529430304408
2628941932184
1804308211352
1460979263128
2560490890904
1735857170072
2835368797848
2835032418664
2628873988456
2903751895400
1546609384040
2646121011816
1460710038120
2560221665896
2903769441704
1546626095700
1460726749780
2560238377556
1735604656724
2835116284500
2577686682196
1753052961364
2629159200408
2904037107352
2904038218148
1546828552612
2646340180388
1752785377620
1460660704612
2560172332388
1735538611556
2646120704420
1821486983588
2920998611364
2835050239332
2560423794276
2835099265444
1477889599908
2577401227684
2628875086436
1804241365604
2646323391076
1735790324324
2835301952100
1529631894116
1804509801060
2904021428836
1477906618968
2577686682200
1546894531160
1821772438104
1546609334676
2560238184036
2628957660772
1529430583972
1804308490916
1477890976420
2577402604196
1546625902932
2646137530708
2921015437652
1804592376148
2904104003924
2921283873108
1477906426196
2835384527188
2560506620244
1735872899412
1821436630676
2920948258452
2904036824724
2560171005588
2835048912532
1529378854548
1804256761492
2903768389268
2577350874772
1460643981928
2560155609704
1735521888872
2835033516648
1529363458664
2628875086440
1804241365608
2903752993384
1477823851112
2920932862568
1821503825508
1752784348772
2852295976548
1478174877284
1753052784228
1460995008100
2560506635876
1735872915044
2835384542820
1460726572644
1735856073060
2835367700836
2629209270628
2904087177572
1478158035300
2577669663076
1546626967128
2903836632664
1546609383000
1546894338392
1821772245336
1546610173604
2646121801380
2577402324644
2835368797860
1478159132324
1753037039268
1529698739876
2629210367652
1546878609060
1529699019364
2629210647140
1804576926308
2904088554084
1460659377816
1735537284760
1529378854552
1804256761496
1477839247000
1529647569508
2629159197284
1804525476452
2904037104228
2921200002644
1546625918568
2646137546344
2921015453288
2835384542824
1460978211496
2560489839272
1821689599636
2921201227412
2628941928788
1804308207956
2903819835732
1546810649236
2646322277012
2921200183956
1546610173608
2646121801384
1460979263144
2560490890920
2835368797864
2629210367656
1804576646824
2904088274600
1804240311652
2903751939428
1804257040020
2903768667796
1478176107096
1546895583832
1753054014040
1460996237912
1735874144856
1529630774868
2629142402644
1804508681812
2904020309588
2629227342424
1477839329624
2577350957400
2904104196708
1752784525924
1460995185252
2560506813028
1735873092196
2835384719972
1753052961380
1478175054436
1821773309540
2903751613016
2904088222356
1546543015252
1460643669332
2560155297108
2835033204052
1529363146068
2628874773844
2921200985428
1478091973972
2577603601748
1804240005780
2903751633556
1529630534292
2629142162068
2904020069012
1478090926740
1546541968020
2646053595796
2646406949460
1821773228628
2921284856404
1529446226536
2628957854312
2560506813032
1752784525928
2835384719976
1478175054440
2577686682216
1753052961384
2852564589160
1804324133480
2904088553044
1752985867860
1546827437652
2646339065428
1821705344596
2921216972372
1735805998676
2835317626452
2629159196244
2904037103188
1752986982824
1460929206696
2560440834472
1735807113640
2835318741416
1529648683432
2629160311208
1804526590376
2904038218152
1546828552616
2852212004456
1804325251476
1460710036820
2560440489300
1735806768468
1821689357656
1529363146072
2628874773848
2903752680792
1477823538520
2577335166296
2852213073240
1546543015256
1804323940708
2903835568484
1804256761508
1821773506196
1546895599252
2646407227028
2835032156824
2903751633560
1477822491288
2920931502744
2852480461464
2921199938200
2852212026008
1460911057560
1529631824552
2560422685336
2560222735016
2852481571220
2904021178772
1735589014184
2835100641960
1529430583976
2628942211752
1804308490920
2903820118696
1477890976424
1821689420180
1460928877988
2560440505764
1735806784932
1753052768616
2852564396392
2646137530728
2921015437672
1546894338408
2646405966184
1821772245352
2921283873128
2835116091752
2852295960936
1478176122520
2577687750296
1753054029464
2852565657240
1804525196968
2646070351528
1821436630696
2920948258472
1529647290024
2646338786984
1529630857556
1478091250004
2577602877780
1477907670376
1546543077784
2646054705560
1821420984728
2920932612504
1529631644056
2904021178776
1478092036504
2577603664280
2904021117524
1460726507860
2903836809812
1477907667540
2577419295316
1546627144276
1752785574484
2835369077352
1804576926312
2852297202260
1821505051220
2852497496680
1529647569512
1804525476456
2904037104232
2835367762264
2560221357464
2835099264408
2560423974552
2835301881496
1529631823512
1804509730456
1478092215960
1529380252260
1735873893732
2835385521508
1529697953172
1804575860116
1546877822356
2646389450132
1546609386900
1752767817108
1821487293844
2852547880340
1460643669348
2560155297124
2835033204068
2852481508708
2560423732580
1477890975384
1460711106200
1821689686356
1752717432472
1546559002264
1821436909208
2835317631400
2920931502756
1546810403492
2560490104420
2646322031268
2921199938212
2852212026020
2560154249892
2835368011364
1460994939556
1529714416292
1478174808740
1735806053016
1804257088920
2852498352724
1478108818004
2577620445780
2577602812584
2577419299220
1752785578388
2852297206164
1529697953176
1804575860120
2904087487896
1821755729304
2921267357080
2560221668760
2835099575704
1529429517720
2628941145496
1478107682408
2577619310184
1460643669352
2560155297128
2835033204072
1529363146088
2852213073256
2920932549992
1735790011752
1460912104808
1821773506212
2921285133988
2903836829348
1477907687076
2577419314852
1546810403496
2921199938216
2560154249896
2835032156840
1529362098856
2628873726632
2903751633576
1477822491304
1753036183956
2904104003940
2577671038552
1460727884372
2560239512148
1735605791316
2835117419092
1460928091736
2560439719512
1735805998680
2835317626456
2646339065432
2921216972376
1752985867864
1546827437656
1478092233384
2577603861160
1752970140328
2852481768104
1460912167332
2560423795108
1735790074276
2921016682904
2835117336984
2903836813720
1477907671448
1478092036516
2577603664292
2577419299224
2852297206168
2560439527780
2835317434724
1804525283684
1478107769188
2577619396964
1821705152868
2921216780644
2628958640484
1478176122536
2577687750312
1753054029480
2852565657256
1529715730088
2629227357864
1804593637032
2904105264808
1546895599272
2646407227048
1821437695332
2920949323108
1546827507284
2646339135060
1821705414228
2921217042004
2835384785576
1460912167336
2560423795112
1735790074280
2835301702056
1821419869780
2920931497556
1460994938516
1529362093652
2628873721428
1804240000596
2903751628372
2577334113876
1460911052372
2560422680148
1804308486756
1460711103076
1735589010020
1529430579812
1477823588964
1752717239700
2852228867476
1478107682200
2577619309976
2903836875092
2921200261464
1752701770068
2852213397844
1546543339860
2560424057172
2835301964116
1529631906132
2629143533908
2904021440852
1804307178856
2921283819176
1546810398296
2646322026072
1529362093656
1460642616920
1735520523864
1804240000600
2835033528664
1529363470680
2628875098456
2903753005400
2577335490904
2852213397848
1529631906136
1477889910440
1546627144280
2646138772056
1478107768148
1546811763348
2646323391124
1477823851156
1460912417428
1478092286612
2577619395924
1752985675092
1460643993956
1477823863140
2852213397860
2904021440868
1478092298596
1546811775332
2920932874596
2903753005412
1460912429412
2629160311140
2852498610536
2628891875688
2903769782632
1821421246824
2920932874600
1546560117096
1821438024040
1477823863144
1477889594708
1804257110616
1546627148196
1546609386920
2646121014696
1821487293864
2920998921640
2646138775972
1821505055140
2560239430052
1821755729320
1752968816212
1546810386004
1821688292948
2921199920724
1546559056472
1821689407912
2577603652008
2852481558952
1478158345832
2577669973608
2852547880552
2629209581160
2904020374932
1460643981976
2560155609752
2835033516696
1529363458712
1477823851160
2577335478936
1529631894168
2904021428888
1546894285480
1546894354068
2921283888788
2577335149928
1477839333800
2577350961576
2852228868520
1821436717480
1821504793236
1804575528548
1753054013864
1460996237736
1735874144680
1529715714472
2629227342248
1804593621416
2904105249192
2852565641640
1821773490600
2921285118376
1477822474920
2628890830168
2560422664532
1752968812884
2852480440660
1546810382676
2646322010452
1477822470484
2577334098260
1804323956376
2903835584152
1804592391832
2646137546392
2921015453336
1546627147092
1460642616932
2560154244708
1735520523876
2835301964180
1529631906196
2629143533972
1804509813140
2904021440916
1478092298644
2577603926420
2835318741396
2560222730644
1735589009812
1752985676136
2577619396968
2852497303912
2646390512024
1752986982808
1460912429464
2560424057240
1735790336408
2835301964184
1529631906200
2629143533976
1478092298648
2577603926424
2903819004520
1529447273812
2628958901588
1804325180756
2903836808532
1821486979432
1546541947224
2646053575000
1821505049940
2921016677716
1529630513496
2646120700264
1529362078040
2852212005208
1460642601304
1529630517864
2629142145640
1804508424808
2904020052584
2560506813076
2835384720020
1735856395620
2835368023396
1478175054484
1752701770148
1546543339940
2646054967716
1821421246884
1460643994020
1735521900964
1529363470756
2628875098532
1546541962856
2646053590632
1460642616936
2560154244712
1478159407528
1753037314472
1477823863208
2577335490984
1821421246888
2577671035304
1529363470760
1804241377704
1735520524708
2560239424856
2852565636440
1546895578456
1821773485400
1529447273816
2920932862628
2835033516708
1735520511640
2835032139416
1478090970452
2921201030484
2629226091860
1804592371028
2904103998804
1460994987348
2560506615124
1735872894292
2835384522068
1529446028632
2628957656408
1804323935576
1477906421080
1821706114660
1546828207716
1529362404708
1546625897828
2646137525604
1804592371048
1460726551912
1735604458856
2835116086632
1529446028648
2628957656424
1804323935592
2903835563368
2921217043048
1804525546088
2629159266920
2904037173864
1752717503080
1546559072872
2646070700648
1821436979816
2920948607592
2903836632676
1477907490404
2577419118180
2646138594916
2921016501860
1460727621220
1735605528164
2560506620308
1735872899476
2835384527252
1460994992532
2577402320276
1752768599444
2852280227220
2835384522132
1460928140696
1735806047640
1529647617432
2629159245208
1804525524376
2904037152152
1546895381912
2921284916632
2835317675428
1529647617444
2629159245220
1804525524388
2904037152164
1735872894376
2835384522152
1460928140712
1735806047656
2921267353000
2646340162984
1478092286632
1460643981992
2560155609768
2835033516712
1752970193576
2904021428904
2628875086504
1821503825572
2921015453348
2921283888804
1460995008164
2560506635940
2835384542884
2560422667624
1477889594712
1752968816216
2852480443992
2904020051544
1460911040088
2560422667864
2835300574808
2629142144600
1804525283732
2904036911508
1478174861720
2577686489496
1753052768664
2852564396440
1460726557080
1735604464024
1821772245400
2921283873176
1804592323240
1804576860500
1546541947236
2646053575012
2920931481956
2629142141284
2904020048228
2904088488276
2629210581332
2921015453352
2629226112680
2904104019624
2921201314136
1546811779416
1546810729876
2646322357652
1752969160084
2852228864356
2852480787860
1460911383956
1821688636820
1460659460452
2560171088228
1735537367396
1821420918356
1460912412244
1735790319188
1752701752916
2920932857428
2560155604564
1735521883732
2835033511508
1821689665108
2903752988244
2835301946964
2646120748628
1821487027796
2920998655572
2852279440980
1546609382996
1460710037080
2560221664856
1821487289944
2646121010776
2920998917720
1546827224664
2646338852440
1821705131608
2577669707364
1753035986532
2852547614308
2903751677540
1821488338536
1477822535268
2577334163044
1752700442212
2852212069988
1460642666088
1735520573032
1477822535272
1478175058536
2577686686312
1753052965480
2852564593256
1546627143012
2646138770788
2921016677732
1529698953560
1804576860504
1804508420456
2904020048232
1460995185316
2560506813092
2629226289828
1804324133540
2904104196772
1478175054500
2629227075928
2904104982872
1546810447508
2646322075284
1821688354452
1478109058712
2577620686488
2560489838232
2835367745176
2921199982228
1460911101588
1735789008536
2835300636312
1821756774052
2835116086948
1821436696228
1804508485284
1546810709672
2646322337448
1546542012068
2646053639844
1460642666152
2560422729384
2835300636328
2629143516760
1804509795928
2904021423704
2560155604568
1529363453528
1804509488532
2904021116308
1478091974036
2903752680852
1477823538580
2577335166356
2646054643092
1821420922260
2920932550036
2646323078548
2852565636456
1546627143016
2646138770792
1460727797096
1735605704040
1804325180776
2903836808552
2852297201000
2629227337064
1478174807700
1529430579860
2628957854376
1477906619048
2577418246824
1752784525992
2852296153768
1753052961448
2577686682280
1460995185320
2560506813096
1735873092264
1529378936148
2628890563924
1821420922264
2920932550040
1804308474260
2903820102036
1529631581592
2629143209368
1804509488536
2904021116312
1529630861736
1477822469716
2577334097492
2852212004436
1546541946452
2646053574228
1460642600532
2560154228308
1735520507476
2835032135252
2577418249880
1546543061416
1821420968360
2852297206440
1477906426280
2577418054056
1752784333224
2852295961000
1735872899496
1804323940776
2577620702628
1752986981796
2852498609572
1546610387300
2646122015076
1529698953572
2904088488292
1546878822756
2646390450532
1529699002708
1460929140372
1735807047316
2835368728916
2560423974564
2835301946980
1529631888996
2629143516772
1752701752932
1546543322724
2646323385956
1529446312276
2835033511524
1529363453540
2628875081316
2577402603172
2852280510116
1753037252968
1735588948328
1804576860520
1546878822760
1821756729704
1478176103060
2577687730836
2920998857300
1752767752788
2852279380564
1752784328020
1804323935572
2629142488472
2904020395416
2835033511528
1529363453544
2628875081320
1478092281448
2577603909224
1752970188392
2852481816168
1529631889000
2629143516776
1804509795944
1735521576356
1529363146148
1546811450788
2921200985508
2852213073316
2628874773924
1804241053092
2903752680868
1821689357732
1735520508520
1529362078312
2629227420244
1804593699412
2904105327188
1546543340116
1752718547540
2903835581096
2852295955800
2577418048856
1804592371032
2835384522072
1752701770328
1460660771416
2560172399192
1735538678360
2835050306136
1477840640600
2852497495652
1735805998692
2835317626468
1529647568484
2629159196260
2904037103204
2577619588708
2577335166376
2903819000404
2560423732648
2835301639592
2904021116328
1478091974056
1460978424404
1821487241812
2920998869588
1478092298852
2577603926628
1752970205796
2852481833572
1753052714644
2628957591960
1752970205800
1529715792488
2629227420264
2904038139220
1821689669272
2921201297048
2560422730324
1529429465688
2628941093464
2852547828312
1821755677272
2921267305048
1460911102616
2560507881060
2852497282472
1546810726756
2835300915556
1529630857572
1477822469720
1460642600536
1821419853400
1735856118440
1752985917780
1546894334292
2646405962068
1821772241236
2920948586840
2921283869012
1529697687892
1478090971476
1460994988376
2560506616152
2577602599256
2852297005400
1460727601496
1821688305300
1735806048612
2835317676388
1804525525348
2904037153124
2921285179752
1478108010856
2577619638632
1821756774760
1478108010852
1735805786472
1460996036968
1735873943912
2835385571688
1546560050772
1546626110824
1821504017768
2577401207396
1821436959124
2920948586900
1546609121688
2920949373336
1735806048660
2835317676436
2560171334040
1735537613208
1735520851348
2835032479124
1752717482404
2852229110180
1460928141732
2560439769508
1735806048676
2560171334056
2835049241000
2628890810792
2560154294696
1735520573864
2835032201640
1477889911400
1529380250964
2628891878740
1804258157908
2903769785684
1478176184980
1460643994260
1546811775636
1546828552852
1821706459796
1752718547604
1546560117396
2646071745172
2577401293144
1804240000664
2903751628440
1477822486168
2577334113944
2560440834712
1546627226264
2646138854040
2835318741656
1804241377944
2903753005720
2852481833624
2560172399256
2852280167060
1546626181464
2628891616616
1804257895784
1735806835284
2835318463060
1821437745748
1804526312020
2904037939796
1460711024980
2560222652756
1735588931924
1477890894164
2577402521940
2577670957396
1753037236564
2852548864340
2628942210728
2628890760872
1804257040040
1477839525544
2903820036440
1546811697496
2646390434136
2835368995160
1529698937176
1804576844120
2921218087588
2904088471896
1477823863460
2577335491236
2852213398180
1546828552868
2646340180644
1752718547620
1546560117412
1752717157716
2852228785492
1460994987368
2560506615144
1735872894312
2835384522088
1546828552872
1821706459816
2921201310376
1478176185000
1477907749544
1546627226280
2646138854056
1478092298920
2577603926696
1478174792084
2577686419860
1753052699028
2852564326804
2646339136152
1821705415320
2921217043096
1752717503128
2852229130904
1546559072920
1821436979864
1735806069400
2835317697176
1478109014420
2577620642196
1752986921364
2852498549140
1821488277860
2920999905636
2835368995172
1546878806372
2646390434148
2921268341092
2904038140260
2577620625764
1752986904932
1752969931172
1478108797528
1460978424420
2560490052196
1735856331364
2835367959140
1804323936852
2921268402776
1821503806040
2921015433816
2560154294868
1529362143828
2920931547732
2646120749656
1546827225688
1546625899108
1821503806052
2646137789032
1821504068200
2921015695976
1821689666152
1546559838824
1804240050792
2903751678568
2835385834132
1478176168596
2577687796372
1546895645336
2646407273112
2921285180056
2629227141784
1804593420952
1460996299416
2560507927192
2835385834136
1460660693352
2921285180068
1752969927336
2852481555112
1804324199080
2903768455848
2646339115688
1529647356584
2629158984360
2560490052200
1735856331368
2835367959144
1478158293608
2577669921384
1460709988968
2560221616744
1735587895912
2835099523688
1477889858152
1804593355176
1821419854228
2920931482004
1529630513556
2629142141332
1804508420500
2628874775208
2903752682152
1477823539880
2577401293156
2852279200100
1460978231652
2560489859428
1735856138596
2835367766372
1804575615332
2904087243108
1478158100836
2646053590692
1546810398372
2646322026148
2921199933092
1752968828580
2852480456356
1478176118100
1529715709332
1804593616276
2852480784744
2577602533784
1460711025044
1735588931988
1529430501780
2628942129556
2646407211412
1821773490580
1529631828372
1546610370964
2646121998740
1478109079972
1460643916184
2835033450904
1529363392920
2628875020696
2903752927640
1477823785368
2577335413144
2629143456152
1529430501784
2903818807656
1477889665384
2577401293160
1752767572328
2852279200104
2835367766376
2629209336168
2904087243112
2646070684244
1546810398376
1821688305320
2903751628456
2852212020904
1460642617000
2560154244776
2835032151720
1529362093736
1821705413976
2921217808996
2852229896804
1546878806436
2646390434212
1546610370980
2646121998756
2629210565028
1804576844196
2904088471972
1460660693412
1804592387476
2904104015252
1478176101784
2577687729560
2852565636504
1477907666328
2904105244056
1546895578520
1460643916200
1735521823144
2628875020712
2903752927656
1477823785384
1460978227620
2560489855396
1735856134564
2646071747944
2920949654888
1529380250984
2628891878760
2646340183400
2921218090344
2577351223976
1460928162472
2560439790248
1735806069416
2835317697192
1529647639208
2629159266984
1804525546152
2904037173928
1804307109220
2903818736996
1477889594724
2577401222500
2852279129444
1478176168292
2646322013796
1804257876584
1529379969640
2646339902056
1477840362088
1752718269032
2577351989864
2646407293332
1821773572500
2921285200276
1546894268824
2560506550680
2629142484312
2904020391256
1821505136276
2921016764052
2577603602008
1752969881176
1821689357912
2920948602452
1735537628756
1735857383828
2835369011604
1529698953620
2904088488340
2577670973844
1735605791320
1529447274072
2628958901848
1804325181016
2903836808792
2904021423764
1478092281492
2577603909268
2852481816212
2903752988308
1477823846036
1546811758228
2646323386004
2921216959892
2577687471528
1529647634008
1529379198552
1546559067736
2560507860388
2835385767332
1752968812968
2852480440744
2903751612840
1821688289704
2921199917480
2646339135064
2921217042008
1821705414232
1735790060968
2835301688744
1478158034516
1804592585044
2904104212820
1460643976856
2560155604632
2835033511576
1529363453592
2628875081368
2903752988312
1477823846040
2646405912232
2629143275864
1804509555032
2835048998312
1529698932308
2629210560084
1804308470104
2903820097880
1477890955608
1477907666344
1529447273896
2628958901672
2903836808616
1546627143080
2646138770856
1804593616296
2904105244072
1478176101800
1821419857576
2920931485352
2903751616168
2852212008616
1478174856532
1460709774676
2560489837908
2835367744852
2646137525592
2852564391256
1460642665816
2577401271640
1546609120600
2646120748376
2835367744856
2921199917412
1460709795240
1460978227624
2560489855400
2904103998820
1478174856548
2577602598244
1477889643876
1752767550820
2560489837924
2835367744868
2577669707108
2852547614052
2903752992360
1546609120616
2629226091880
1460978210152
2560489837928
1735856117096
2835367744872
1735788959060
2835300586836
1752767501672
1752717482324
1821436959060
1529647618388
2629159246164
1546810386024
2920932546132
1477823534676
2577335162452
2921283884436
2904037157220
1752701441620
2646054639188
2628958660964
1735806064228
2835317692004
2629159261796
1804525540964
2904037168740
1478108026468
2577619654244
2560491104676
2835369011620
1477890910628
1752768817572
2852280445348
1735520507492
1804508767652
2904020395428
1478091253156
1752969160100
2852480787876
2921200264612
1460911383972
2560423011748
1735789290916
1529630860708
2646339115352
2852213380772
1460643976868
2560155604644
2852213118372
1752985933416
2852497561192
1460659721832
2628890826344
1546878822824
1821756729768
1735588948392
1735857383848
1752784328084
2852295955860
1804323935636
2903835563412
2646405961108
2560506615188
1477906421140
2577418048916
2560238179732
2835116086676
2835033511592
2903752988328
1735790319272
2835301947048
1753052763540
2852564391316
1529714464148
2629226091924
2577686484372
1752767550868
2903751677336
2560238179736
1529446028696
2628957656472
2577418048920
2577686484376
2903818786200
2577418316392
1546543012456
2646054640232
1821420919400
1529714464152
2629226091928
1821772240280
2921283868056
1821503804824
2921015432600
1529714464164
2629226091940
1804323935652
1804307110504
2646122009940
1804308419924
1460711036244
2560222664020
2629209314728
1821756713556
2904087221672
2577334162856
1529648605780
2629142205864
2646340102740
2835099523732
1546877770388
2646389398164
1460643916376
1460727802456
2560239430232
1735605709400
2835100559960
1477890894424
2577602599588
1752700376676
2852212004452
1546541946468
2646053574244
1821419853412
2920931481188
1460642600548
1546811697764
2646323325540
2577419299428
2921285118564
1804593621604
2646071667300
1753037247832
1735537613156
2835049240932
1546827487588
1821705394532
1735605709416
1804325186152
2852297206376
1735588932200
2852547828376
2560221616792
2835099523736
1529429465752
2577669921432
1821773244056
2921284871832
1529697708436
1546877577620
2646389205396
1821755484564
2921267112340
2628940900756
1477889665428
2577401293204
1478158100884
1753036007828
2904037153128
1804257089896
2903768717672
2852229110120
1821436959080
1477823534680
1752701441624
2921285199444
2560440493656
1804257814104
2920949311064
1460643994280
2560155622056
2835033529000
1735807116692
1821503804836
2921015432612
1529429272984
1529446028708
2835100624276
1460911383976
2560423011752
1735789290920
2835300918696
1529630860712
1477840362132
2629160032916
2904037939860
1478108998292
2646121998996
2835368995476
2560491088532
2921218009752
1821437946520
2920949574296
2628957607272
2903835514216
2646070699412
1821706462616
1821503804840
2921015432616
2921283868072
2560172402072
2852498613656
2628891879000
1804258158168
2903769785944
1529715452324
2903820047716
1477890905444
1460979471716
2560491099492
1460727802532
2560239430308
1735605709476
2835117337252
1477890894500
2852229896856
2577401485988
1478158293668
2646137461160
1804241300136
2903752927912
1460727802536
1477907671720
2577419299496
1821488278184
2904038140584
1478108998312
1546626882132
2646138509908
1821504789076
2921016416852
1804324218196
2903835845972
1546626180436
2646137808212
2852547881620
1460978477716
1804575861396
2904087489172
1735790270888
2646390445416
1821756724584
2921268352360
2852280440168
2646122009960
1821488289128
2920999916904
1460979471720
2560491099496
1735857378664
2628890563944
1752768866728
2852280494504
1546610436520
1821488343464
2560422730408
2835300637352
2646322076328
1460928865892
2560440493668
1735806772836
2577620362852
2921016765096
1460642600552
2560154228328
1821755484580
2577401293220
1752767572388
2852279200164
1821487049124
2920998676900
2577669728676
1735873095076
2835301624148
1477840299624
2577351927400
2852229834344
1460642944420
2560154572196
1735520851364
2835032479140
1529362421156
2628874048932
2629143472808
1804509751976
2904021379752
1821755484584
1529697708456
2921267112360
1546877577640
2560221424040
1529429273000
1477889665448
2577401293224
1752767572392
1460643669668
2560155297444
2835033204388
2560222386516
1460710758740
1529363146404
2628874774180
2903752681124
2577351989924
2835050310228
2629160032932
2904037939876
2646339902116
2835301700968
2835099511400
1460660774312
1752986985896
2852498613672
2646340183464
1752968877720
2852480505496
2835384457636
2646405896612
1821772175780
2921283803556
2577686419876
1753052699044
2852564326820
1460911379812
2560423007588
2835300914532
1804324149864
2903835777640
1546609141076
2646120768852
1821487048020
2835100359316
2920998675796
1546559838888
2629160032936
2904037939880
2577620425384
2903818802516
2577669723476
1546877572436
2646389200212
2852498332328
1752767567188
1460709791060
1735587698004
1529429267796
2852296956584
1460642928292
1529362142804
2628873770580
2903751677524
1752717219412
1460994942632
2560506570408
2835384477352
1735605704292
1804240049752
1821436696152
1529446028888
2628957656664
1804323935832
2903835563608
1460726552152
1460994987608
1735587681880
1477890692712
2904104999320
1752985851224
1546895333784
2646406961560
1529447029076
2903836563796
2921016432980
2646138526036
1546626898260
2921267107160
1804307174744
2903818802520
1477889660248
2577619654292
2629160232280
1529648604504
2628957656676
1804324218200
2903835845976
1477906703704
1529446028904
1546609120872
2646120748648
1821487027816
2920998655592
2904087489176
1478158346904
2577669974680
1546877823640
1821755730584
1529698933144
2629210560920
1804576840088
2904088467864
2835099510360
1529429452376
2628941080152
1804307359320
2903818987096
1477889844824
1546626898264
2560239180120
2835117087064
1529447029080
2852565391704
2577351218840
2577619654296
2577620641172
1804592325992
2577351207524
1752717486692
2852229114468
1546559056484
1460659710564
2560171338340
1735537617508
2835049245284
1529379187300
2628890815076
2577619380840
2852497287784
1821436896596
2646070617428
2920948524372
2852229047636
1529379120468
1546558989652
2646053918120
1821420197288
2903768410456
1477839268184
1460659399000
2560422729364
2560221402772
2577401271956
2560238179988
2835116086932
1477906421396
2577418049172
2560238115428
1735604394596
2835116022372
2629142206104
1478090970776
2577602598552
1546810447512
1529446028952
1804258159192
1752767567204
1546609136996
2646120764772
1460978226532
2560489854308
1546827425112
1821705332056
2646339052888
2560171271512
1821436896600
2920948524376
2852228785496
2835300914516
2920931546788
1460911101604
2560422729380
1735789008548
2577602598564
1752968877732
2852480505508
1546543077972
2646054705748
1821420984916
1529630578344
2629142206120
1804508485288
2904020113064
1529446028968
1804323935912
2904020391272
2560506550696
2835384457640
1460911379816
2921217022356
1529379182996
2628890810772
1804257089940
2903768717716
2629159246228
1804525525396
2904037153172
1460928862868
2560440490644
1735806769812
2577620642216
2921016432996
2921284868452
2560239180132
1753037313684
2835117087076
1529447029092
2628958656868
1460709791080
2560221418856
1735587698024
2560171349668
1804257105572
1477839591076
2577351218852
2646323078760
1752985933476
1546827503268
2646339131044
1529447295572
2628958923348
1804325202516
2646323141208
1821689420376
2921201048152
1460643732056
2560155359832
1735521639000
2835033266776
1804241115736
1752985917848
1546827487640
1821705394584
1752717482392
1460928141720
1735806048664
2577669723556
2835318400420
1478175857000
2577687484776
2852565391720
1546626898280
2646138526056
2921016433000
1529715464552
2560222651816
1460659721896
1529379198632
2628890826408
2852480723284
1460911319380
2560422947156
1735789226324
2835300854100
1477906355560
1821755726420
2921283802520
1546827425124
2646339052900
2921216959844
2560171271524
2835049178468
1460929144216
1735807051160
1529648620952
2629160248728
1804526527896
1546828490136
2646340117912
2835384457620
1477840311972
2852229846692
1529715775128
1478176167576
2921285179032
1735605709396
1735587948120
1804307424856
2903819052632
1804325186132
1460727802452
2560490104408
2835368011352
1460710041176
2852280440212
2560222664084
2920999916948
1546559056488
1529714480536
2852548928852
1546878870868
1821756777812
2921268405588
2577671021912
2852548928856
2646390498648
1546878870872
1821756777816
2921268405592
1735605511512
2852497483112
1546827425128
1804576908644
2904088536420
2577671021924
2852548928868
1804576908648
1529447081316
2628958709092
1804324988264
2852498348712
1752768539220
2852280166996
1460912167588
1546811513508
2646323141284
2852481571428
2920932612708
2835033266788
1804593621592
1546610435476
1546894599572
1478159132056
2577670759832
2577402586520
2852280493464
1546610435480
2646122063256
1821488342424
1546894599576
2646406227352
1821772506520
1546610382232
2646122010008
2904021165476
1735789274536
2921284134312
2560423781800
2903820101032
1735521572452
2835033200228
1752718206612
2852229834388
2629160049304
1752969943656
2852481571432
1460643732072
2560155359848
1735521639016
2835033266792
2628874836584
2835318397592
1752985917864
2852497545640
2629159246248
1546827487656
1821705394600
1477839575464
1752717482408
2577351203240
2852229110184
2560422991460
1735789270628
2835300898404
1752986917220
2852498544996
2577401535128
1546609384088
2646121011864
1529363473832
2628875101608
2921217746584
1460660430488
1735538337432
1529379907224
2628891535000
1804257814168
2903769441944
1477840299672
2904087156376
2577619379796
2852497286740
2646339118676
1821755729496
2646389450328
2921267357272
1804575860312
2835099575908
1529697953380
1804575860324
1478158345828
1753036252772
1460978476648
2560490104424
1735856383592
1529379186276
1804257093220
1546877560424
2628942146148
1804308425316
2852230108564
1735538611604
2628891809172
1478159132308
1735857170068
2835368797844
1753037039252
1477889910424
2577401538200
1752767817368
2852279445144
1546609387160
2646121014936
1821487294104
2920998921880
1460710827672
1735604463252
1529446033044
2852280231588
2835100362404
2628941932196
2903819839140
1752970192552
1460710827688
1735588734632
1735587948200
1529429517992
2628941145768
2904087434596
1804526310756
2646120965796
2920998872740
2920949376676
2921267354200
1529697950296
1752785578596
2852297206372
1546627148388
2646138776164
1477907671652
1478176107108
2577687734884
1753054014052
2852565641828
1460710041192
1735587948136
2852280440228
2904088483236
1753037247908
2852548875684
2835384723044
2628958972324
1804325251492
2903836879268
1460711105944
2646137481876
2560222733720
1460709993064
2560221620840
1477907408212
2577419035988
1735587900008
1804526523732
1478109009236
1752986916180
1546828485972
2646340113748
1478176107112
2577687734888
2852565641832
1804592375380
2904104003156
1735857378728
1529698948520
2629210576296
1804576855464
2904088483240
1546878817704
2646390445480
1821756724648
2921268352424
1546610382248
1752768816724
2852280444500
1546610386516
2577351927460
2903835584868
1735790074536
2835301702312
1529631644328
2629143272104
1804509551272
2904021179048
1546811513512
1821689420456
1529363142248
1804241049192
1752701441640
2852498269864
2646071404200
1546542291284
1460642945364
1529362422100
1460911380820
1460911117976
2560422745752
1735789024920
2835300652696
1752717415844
2629159196328
1821437946468
1752700655956
2852212283732
1546542225748
1821420132692
1460928877908
2835032480088
2852212349272
1460911380824
2560423008600
2835300915544
1529630857560
2629142485336
1478091250008
2835368011108
1735588948584
2835100576360
1529430518376
2628942146152
1804308425320
2903820053096
1546625903188
2646137530964
1546560050584
2835032140196
1546542273876
2920931808596
1752784610660
2852296238436
1546626180452
2646137808228
1460995971736
2835385506456
1546877823652
1821755730596
1753036253860
1460978477732
2560490105508
2835368012452
1529697954468
2629209582244
2628958644904
1529648339284
1460726557272
1735604464216
2835116091992
1478175857044
1804324936084
1477907421588
1735873894804
1460709791128
2560221418904
1546542290340
1821420197284
1529380164948
1804526523736
1529648616792
1529631843736
1529714468440
2629226096216
2904104003160
1546894337624
2560491170456
1735857449624
1529699019416
1804576926360
1478159411864
2577671039640
2646390516376
2921268423320
2646138526104
1804593371544
2577603586404
2646071732564
1821438011732
2920949639508
1752785381720
2921218074968
1546828540248
1529380235608
2628891863384
2903752993124
1546558794088
2646070421864
2629159250280
1529380235624
2628891863400
2852497287576
1529447082388
2835117140376
2628958710168
1477907474840
1735521576532
1752718535076
2835317418408
2904020117928
1546877561256
2646389189032
1821755468200
2921267095976
1804525462932
2904037090708
1529647555988
2629159183764
1546558989716
1804258159204
2903769786980
2577352272484
2852230179428
2646138792532
2920949656164
1477822814568
2577334442344
1821437700760
1477839508904
2577351136680
1529631909224
2629143537000
2628874774104
1546543015512
1821420922456
2646323078744
1821420132696
1752784333412
1752767567268
1546609137060
2646120764836
1821487044004
2920998671780
2646070617496
1546827425176
1804525462936
2904037090712
2904021179028
1460643732116
1735521639060
2921201048212
1460912167572
1735790074516
1478092036756
1752969943700
2560439527828
1735805806996
2835317434772
1529647376788
1821705152916
1529363458648
2628875086424
1804241365592
2903752993368
1821437749848
1460994992728
2560506620504
2903752993380
1477823851108
1529714469480
2629226097256
1804592376424
2904104004200
1752701758056
2646054955624
1546542017128
2646053644904
1460995987876
1735873894820
2835385522596
1546827421032
1529447029156
2577350894932
1821486979476
1478107965848
2577619593624
2921201298068
1460643981972
2852213385880
1546543327896
2646054955672
2920932862616
2560238462312
1546811763364
2646323391140
2921201298084
1546811763368
2921201298088
1546543327908
2646054955684
1529363458728
2629226359464
1546625903272
2921267358376
1460911040152
1821503822500
1821504805544
1546626898344
2646138526120
1821504805288
2921016433064
1821773240744
2629160248740
2904038155684
1546828490148
2646340117924
1821706397092
2921218024868
2629209266516
1804575545684
2904087173460
1821755414868
1460643653972
2835033188692
1529363130708
2628874758484
2903752665428
2904087488148
2560490104468
2920932550244
2646054643300
1804257027492
2903768655268
1821436896676
1460928079268
2646339052964
2646054627672
2920932534616
1529631566168
2629143193944
2577687734932
1753054014100
1821755729560
2921267357336
2852565641876
2560239430292
1460710041240
2560221669016
1735587948184
1735521576552
2577603602024
2577418050152
2852547880600
1460660775528
2560172403304
1735538682472
1804509747812
2904021375588
1804325186200
2577603664228
2577620359844
1735806769828
2835318397604
1546828208804
1821706115748
1477907409256
2577419037032
2921016760724
2835049244260
1460659709540
1460710038180
2560221665956
1735587945124
2835099572900
1752767814308
2852279442084
1546895381924
2646407009700
1821773288868
1529631565144
2629143192920
2904021099864
1478091957592
1460643732136
2560155359912
1546543078056
1821420985000
2920932612776
2560423795368
1478174812836
1477839267160
2577350894936
1752717174104
2852228801880
2921267111336
2921200200036
1804508703076
1752969095524
2852480723300
1804525213092
1546828474708
1460643653988
2560155281764
2835033188708
2903752665444
1529430579864
1804308486808
1529380251224
1546610449048
2921284938340
2852547877476
2577669970532
1529447098008
2835033184612
2852564325800
1735856068952
2835367696728
1529697638744
2852547565912
1529363130728
2628874758504
2903752665448
2920932534632
1477907671716
2577419299492
1752785578660
2852297206436
2577687734948
1753054014116
2852565641892
1529447279268
1804325186212
1460710041256
1752785397396
2903819048596
2560491166296
2835369073240
1478159407704
2560239228312
1735605507480
2904087177636
1735604394600
2835116022376
1478176107176
1753054014120
1821505055400
2577334379860
1529630795092
2629142422868
1804508702036
1735520789844
2835032417620
1529362359636
2628873987412
2560422946132
2921201031572
1804593440340
2904105068116
2560507684436
2560154229332
2904105249428
1735521555796
1529363125588
2628874753364
1460996248916
2560507876692
2560154510680
1478108732072
1752986639016
2852498266792
2629159967400
2904037874344
1460928862888
1735806769832
2835032418728
1529446312532
2628957940308
1804324219476
2577419294292
1821688289880
1477822470744
1752700377688
2921199917656
2560239250088
2560221665960
1821420198292
2835300915604
1529630857620
2560238115224
2835116022168
1735805802836
2646338869588
2577619392852
1752986638680
2852498266456
1478091953508
2577603581284
2852481488228
2560172332452
2835050239396
1529380181412
2628891809188
1804258088356
2904105244248
2835117332056
1735520852376
1804240329112
2903751956888
1752700721560
1546542291352
2646053919128
1821420198296
2920931826072
1821755467160
2921267094936
2577687554664
2852565461608
2835385574740
1478175909204
2577687536980
1753053816148
1529447081300
1804324988244
2903836616020
1477907473748
1477906426516
2628958972308
2852498543972
1735807047012
2835318674788
2629160244580
1804526523748
2904038151524
1478109009252
2577620637028
2646340113764
1529697642916
2629209270692
1804575549860
1460727621272
1735605528216
1460727604568
2577602815332
2920931763556
1753053816152
1804240266596
2903751894372
1477822752100
2577686488676
1804592376472
2904104004248
1546894338712
2646405966488
1821772245656
2921283873432
1529446034072
2852548946596
1478159411876
2577671039652
2629159197348
2646406961832
1529698953812
2560422664804
2629210581588
1752768817748
2852480440932
1752768816740
1821773240728
2921284868504
1529715778900
2629227406676
2904105313620
1477822752104
2577334379880
1752700659048
2852212286824
1735789225320
1478091187560
2577602815336
1546627143268
2646138771044
1477822470760
1477890910808
2577402538584
1460642601576
1821420198308
2904020392356
1546878626196
1546610189652
2646121817428
1529698755924
1477840381268
2577352009044
2577402340696
2852280247640
1529430320472
1546610189656
1529698755928
2835301639828
2904021116564
1478091974292
2560154507620
1477822749028
2577334376804
1752700655972
1460727797352
2628958901864
2903836808808
1477907666536
1460996232808
1460642945448
2560154573224
2628958722660
2835117152868
1477907487332
2577419115108
2852297022052
1477890712932
1546610189668
1821488096612
2560172139876
1735538419044
1529647568532
2629159196308
1804525475476
1821773309288
2921284937064
1529379988840
2852565443940
1546626950500
2646138578276
1821504857444
2921016485220
1821705148760
1460643669656
2835301639832
2920932550296
2921267358360
1546560050600
2646071678376
2920949585320
1752784332456
2852295960232
1546625902248
2646137530024
1821503809192
2921015436968
1529447012772
2628958640548
1477889665624
2577401293400
1752767572568
2852279200344
1804593423720
1804592376488
2629226097320
2904104004264
1529446034088
2628957661864
1804576860772
1546610387556
2577402603924
2560154506580
2835032413524
2835318674792
1804592375400
2852280247700
1821488096660
1460979279252
2560491170472
2835369077416
1804576926376
2904088554152
1546610189720
2646121817496
2560490907032
2921284937112
1529698953832
2629210581608
1804576860776
2904088488552
1546878823016
2646390450792
1460711041640
2560222669416
2904088275304
2577402537576
1804241037716
2577335150996
2577402340772
2852280247716
1821488096676
2920999724452
2628941948324
2903819855268
2921016501668
1477907490212
1752785397156
2577419117988
2560439507284
2629209315668
2904103999828
1460994988372
1821503805780
1804525263188
1735873963432
2835385591208
1460710843816
2560490907048
1735857186216
2835368813992
1478159148456
2577670776232
1753037055400
2852548683176
2852213073572
1546543015588
2646054643364
1752700442968
2560238180696
2577334163800
2852212070744
1821688355160
2921199982936
1752968878424
2577619376472
1735537351000
1804256827736
2904103999844
2577619376484
1821503805796
1546558789988
1821436696932
1477889644900
2852497283428
1752767551844
1804256827748
2560489838948
2560221403496
1477889644904
1546558789992
1752767551848
2904087222632
2646137526632
2921015433576
1821772241256
2560489838952
1478158080360
1529363146408
2628874774184
2903752681128
2852213073576
1735856051556
2835367679332
1821756794520
1735604410024
2835116037800
2920998677076
2921283869076
2646338853268
1821705132436
2921216760212
1460994988436
2560506616212
1735872895380
2835384523156
2835317414296
1821772241304
2921283869080
1804525263256
2904036891032
2835048978840
2628891878996
2560172402260
2835318744660
2835301624228
2921267042660
1460978162020
2560489789796
1735856068964
1804323936676
1478158080420
2577669708196
2852547615140
1529429252516
1804307159460
2835367745956
1735587682724
2835099310500
1804256782696
1529378875752
2629226092968
1804592372136
2628873771432
2903751678376
1477822536104
1460709775784
1460726553000
2560238180776
1735604459944
2835116087720
2852480522836
2577352271448
1546894333544
2646405961320
1752718550616
2646071748184
1821438027352
1735807116888
1546625898088
1821503805032
2921283868264
2852480722324
2646053856660
2646322292116
2921267041620
1478158030164
2577669657940
1546542994772
1821420901716
2920932529492
1529362078356
2628873706132
2903751613076
1546541947540
1529429273188
2628940900964
2646120770148
1460911318424
2560422946200
1529630795160
1460642882968
2560154510744
1752969094552
2852480722328
2903752660312
1546560104788
1529380235604
1752986970452
2629160298836
2646340168020
2921218074964
2560155276632
2835033183576
2920948278632
1804593616532
1478090906264
2577602534040
2852480440984
2920931482264
1460911037080
1460642601624
1477840643684
2835318744676
2920998677096
1478158101096
1753036008040
1460978231912
2560489859688
1735856138856
2646389205608
1821755484776
2921267112552
1529380251240
1804258142552
2852297201304
1546627143320
2646138771096
1821505050264
1529715709592
2629227337368
1804593616536
2904105244312
2577687729816
1752718550632
2852230178408
1546560120424
2852498351700
1821438027368
1546610189908
2646121817684
1804308227668
2903819855444
1477822752164
1546877507944
2646389135720
2921267042664
2920949392984
2628941948504
1804308227672
2903819855448
1752768620120
2852280247896
1546610189912
1821488096856
1460710843992
1735588750936
1752985675160
2852497302936
2577619395992
2835301705316
1529631647332
1804509554276
1546811516516
2646323144292
1460928947812
2560440575588
1735806854756
1546878625384
2646071486056
1821437765224
2628941948520
2903819855464
2577402340968
1546610189928
1821488096872
2646407030376
2920931763620
1460642882980
2560154510756
2835032417700
1529362359716
1804240266660
2903751894436
2560422946212
1529630795172
1804241032548
2903752660324
2921200964964
1546542994788
1821420901732
2920932529508
1460912084324
2560423712100
2921284937316
1529362078372
2628873706148
1529630513828
2629142141604
2904020048548
1529698953876
2577687553636
1478091187624
2577602815400
2852480722344
2560422946216
2835300853160
2646389134680
1478158030168
1753035937112
2903752660328
1477823518056
2646054622568
1478091953512
2852481488232
1460912084328
2646323058024
2920932529512
2629160298852
2921285113508
2903836808868
1735874139812
2577419294372
1735857384088
1478090906280
2577602534056
2852480441000
1477822470824
1460996056724
1529430320788
1735857186452
1460643735192
2560155362968
1478092039832
2577603667608
1752969946776
2852481574552
1804576663192
2904088290968
2577402341016
1752768620184
2646138771112
1821505050280
2921016678056
1821773485736
2629227337384
1478092019092
2577603646868
1752969926036
2852481553812
1821437765284
1752768620196
2852280247972
2646390253220
1821756532388
2852480506452
1546609121876
1546877557332
1546558790228
1821756532392
1735605528232
2835117156008
1529447098024
2628958725800
2835385591464
2646407030440
1477890713256
1529430320808
2835301705384
1460994988632
2560506616408
1735872895576
2835384523352
2629226093144
2921283869272
2577602599512
1804240050776
1735537366420
2835048994196
1529378936212
2628890563988
2921283869284
1477822536296
2560422730344
2835300637288
2835384523368
1478174857832
2577686485608
1460709775976
1735587682920
1546625899112
2560171334228
2835049241172
1752985918036
2852497545812
1478108011092
2560439769684
1735806048852
2835317676628
2577619638868
1546610387620
2646122015396
2904088537492
2835100558676
2920948587096
1752768800084
2629142140500
1804508419668
2904020047444
1546810381908
2835300570708
2852497238420
1546827180436
2646338808212
1821705087380
2921216715156
1735537306004
2835048933780
1529378875796
2628890503572
1804256782740
1735588948648
2835100576424
1477890910888
2577402538664
1752768817832
1460979477160
2560491104936
1735537351316
1735520574104
2835032201880
1752700443288
2852212071064
1546625899160
2646137526936
2646338853528
2628957657752
1804323936920
2903835564696
1821772240536
2921283868312
2577671038628
2646070418084
2920948325028
2629142207140
1460642667172
2560154294948
2577334164132
2577402533460
1752768812628
1478159341140
1753037248084
1460709776040
1529446029992
2577669708456
2835384523432
1478174857896
2852564392616
1546894350952
1529647618660
2629159246436
1804525525604
2904037153380
2577350956440
2835032135320
2852297021028
1460727617124
1735605524068
2835117333156
1752718550676
2852230178452
2852228802984
2560491084116
1735538681496
1546894333608
1821503805096
1752784328360
1546625898152
2560440837784
1735807116952
2835318744728
1529648686744
2646405961384
2835385768548
1804308420196
1477890905700
2646122010212
2835100555608
2628942125400
1804308404568
2560171021652
1529378870612
2628890498388
2577350890836
2852228797780
1460659393876
1735537300820
1821705344680
1529647568552
2577603581332
1546811430292
1460643648916
1546827175256
2560171021656
2646340168084
1821706447252
2921218075028
1529430320488
1735807116964
2835318744740
1735538681508
2835050309284
2560154506600
1735520785768
2835032413544
2577334375784
2577351207572
1752717486740
2852229114516
1546626963048
2835369056596
2646340183720
2852548925780
1546877572692
1821755479636
2852279195220
1529429268052
2628940895828
1804307174996
1752985922132
2852497549908
2646070367588
1821436646756
2852497233252
1460927829348
2560439457124
1735805736292
2835317364068
1460659393892
2560171021668
1478158095960
2577669723736
1821487044184
1477889660504
1752767567448
1753036002904
1460978226776
2560489854552
1735856133720
2835367761496
2852481509016
2852228797800
2560439457128
2835317364072
2904036840808
1460659393896
2560171021672
1735537300840
2835048928616
2903768405352
1529447029336
1529380235684
2628891863460
1804258142628
2904038205860
1460660758952
2921216960084
1804307159380
2835099310420
1529429252436
2835367745876
1546811447908
2646323075684
1529429268068
2628940895844
1804307175012
1477839513176
1460928079448
2560439707224
2835317614168
1752717420120
1546558989912
2903818802788
1460659643992
2560171271768
2835049178712
1735805805992
2835317433768
1478107768232
1752985675176
2577619396008
2921216779688
2852230157652
1546828535124
2646340162900
1546609071528
2646120699304
1529648343384
1804526250328
2921267352916
1529697949012
2629209576788
1804575855956
2560489854568
1735856133736
1804575610472
1478158095976
2577669723752
1753036002920
2852547630696
1804307175016
2921217021272
1821755725144
1546810709336
2835032462680
2904020374872
1460911363416
1460726814040
1546626159960
1460995249496
2560440816984
1752985918104
2920931808612
2646339114340
1735806047588
2835317675364
1546559051108
2646070678884
2835116348772
2628957918564
1460710036840
1529429513576
1460978472296
1753035937128
2920932547240
1460643666600
2560155294376
1735521904980
2835033532756
2577335494996
2852213401940
1460643998036
1529363474772
2835367745892
2852547615076
2577669708132
2920948340132
1752717235620
2852228863396
1546827425384
2646339053160
1821705332328
2921216960104
1529362404756
2629142467988
2628874032532
2560506877332
1529630840212
1804240311700
2903751939476
1460642928020
1804508747156
1735520834968
1546626160024
2646137787800
2921015694744
1529429513624
2628941141400
2577669969304
1529714726296
2629226354072
2560172381540
2835050288484
1804258137444
2903769765220
1477840622948
2560440816996
2835318723940
1804526572900
2904038200676
1478109058404
2903753009496
1529631910232
1460979472024
2560491099800
1752717482660
1460928141988
2629159246500
2904037153444
1478108011172
1735857378968
2835369006744
1529698948760
1752985918116
1821755725220
2921267352996
2920998917540
1529429513636
1804307420580
1529362404772
2628874032548
1804240311716
2646053901732
1821420180900
1821420180904
2629226354088
1546626160040
2646137787816
1821688616360
1804258137448
1477840622952
2577352250728
1546828535144
1477839575720
1752985918120
1460643665560
2560155293336
2646054639256
2920932546200
1821488276836
1821504088484
1460726835620
1804508419684
1752968812132
2560238463396
2835116370340
2852296239524
2852480439908
1477890712984
1821504018772
2921015646548
1529446242644
2628957870420
1804324149588
2903835777364
2577418262868
2646406244708
2921284151652
2904104282468
2835384805732
1529714747748
2852481837412
1477823867236
2577335495012
2852213401956
2560424061284
2835301968228
1477906635096
1752784542040
1735873108312
2903820048036
2904088483492
2852548860312
1529430497688
2628942125464
1546558739860
2646070367636
1821436646804
1804525213076
2904036840852
2646338803092
1529647306132
2629158933908
2852497233300
2646054971752
1546543343976
2921201314152
2904088483496
1546610382504
2646122010280
1804525213080
2560171021720
2835048928664
1804256777624
1477839263128
2577350890904
1804239984296
1478107698584
2903751612072
1546610189736
2646121817512
2920999724456
1804576662952
2904088290728
2560154573396
2835032480340
2835317429608
2629158999400
1478107764072
2577619391848
1546827240808
2646338868584
1752717175188
2852228802964
1821436651924
2920948279700
2835032134996
2904104212836
2577686698340
2577418332584
1752784611752
2852296239528
1478091250264
2577602878040
1804592585064
2904104212840
1460912105124
1460995271016
2560506898792
1529378870692
2628890498468
1546827175332
2646338803108
1546627143332
1804308421204
2920999918164
2835117087380
1477907421844
2560221419160
2577669723800
1546877572760
2646389200536
1477889660568
2921216710056
2835384784468
1753035924820
2852547552596
2577419049624
2835385522840
1821755725400
2921267353176
1529429513816
1478175857304
2577687485080
2835032462948
2577686746724
1546894595684
2903768722084
1477839579812
2904037152360
1546827486824
1821705393768
2577669645656
2852547552600
1460978148696
2560489776472
1753035924824
1460709713240
2560221341016
1477889582424
1478158017880
1753036187224
2835367945816
2577669708180
2560489838996
2852547615124
2560439462232
2629159245460
2921200244372
1804307420820
1460709791400
1478158096040
2577669723816
1460642928280
1460911363736
2921284130456
1529446291096
1546626160280
1529714726552
2904104261272
1546894595736
1477822797464
2920931808920
1546810709668
2577352010068
1460660513108
2903835825828
1460912171348
1735790078292
1821504874836
1477823605076
1752768620884
1477890713940
1529429189988
1735856055652
2904104999592
2560506877608
2835384784552
1460642928296
1460978472616
2646071486808
1546559859032
1529379989848
2628891617624
1529697949352
2920932616536
1546610190680
1529430321496
2628941949272
1804308228440
2903835841876
1821504083284
2921015711060
2852296234324
2852280248676
1752768620900
2904088291684
2628941949284
2921284938084
1529447098724
2628958726500
2646390253928
2835050047848
2560423799144
1529715534184
2560222472552
2646121818472
2920999725416
1821756533096
2835100379496
1804308228456
1460709713256
1529429448276
2628941076052
1804307355220
1752767551908
1529697687972
1804575594916
2835301881252
2646070617768
1821436896936
1546811431252
1529379120808
1529631562068
2629143189844
1821689338196
2852481489236
2921200965972
2560221403560
2920948275540
1460659394900
2560171022676
2835048929620
1529378871636
2628890499412
1804256778580
1529379989908
1804509555092
2852548684180
2629210384788
2904088291732
1804308228500
2903819856276
1460979280280
2560490908056
1804576663960
2835050047896
1460710844824
2560222472600
1477890714008
2577402341784
1752768620952
2852280248728
1546828294564
1477823605156
1478092040612
1821488097700
1460979280292
1477890714020
2629210384804
1478175926696
2577687554472
2629227162024
1546626967976
2646138595752
1804241119656
2903752747432
1804509555112
2646390253992
1821756533160
1804241037924
1546811435620
2646137739668
2577418327384
2852296234328
1460726830424
2560238458200
2904021101160
1735521905060
1529363474852
2628875102628
1804241381796
2903753009572
2920932530584
1529446242712
2628957870488
1804324149656
2903835777432
1477906635160
1546626111896
2646137739672
2560506829208
1478092302760
1804241381800
1477823867304
2560155625896
2835033532840
2835301968296
1546811779496
1821689686440
2903751894612
2904020330068
1460659394904
1546558740824
2646070368600
1821436647768
2852480722520
2903753004372
1478091250324
2852480785044
1460995201444
1804324149668
2903835777444
2852564605348
1735520786836
2835032414612
2628873984404
2560423008920
2835300915864
2904020392600
2835384736168
1478175070632
1529446242728
2628957870504
1804324149672
1546626111912
2835300837716
2921200199268
1735520790116
1735789209944
2835300837720
2646053841240
1735520790120
2835032417896
2852480722536
1477822752360
1460911318632
1460642883176
2577686766948
2646323402084
2921201309028
1478092297572
1752701769060
2852213396836
1546543338852
2646054966628
2920932873572
2921200261796
2920931826340
2560239228260
2903836611940
1529447077220
2628958704996
1804324984164
1460642945700
2560154573476
1460727600484
2852481575508
2577603668564
1477840382548
2577352010324
2835301706324
2629227162196
1804593441364
2904105069140
2629143276120
2904021183064
1546811517528
2646323145304
1821689424472
2921201052248
2628941949528
2903819856472
2646121818712
2629210384984
2904021439848
1460643992936
2835033527656
1529363469672
1529631905128
2852212349608
1460911381160
2560423008936
2835300915880
2835301706340
1529631648356
1478092040804
1752969947748
1460660513380
2646071487076
2577687554660
1546895403620
1821773310564
2628874840676
1460912171624
1529715534440
1460996057704
1546895403624
2852297026152
1821773293156
2646407013988
1804593423972
1752768813668
2852280441444
1460711037540
2560222665316
1735588944484
2835100572260
1529430514276
2628942142052
1804308421220
1529362344296
1529379990164
2629227162260
2904088291988
1478159149716
2577670777492
2835048933972
1460709975720
2560221603496
1477889844904
2577401472680
2835301706392
2560172141208
1735857187480
1753037056664
2852548684440
1821756533400
2835033189012
2921200970388
2852547565972
1460978162068
2560489789844
1735856069012
2835367696788
1529379990180
1460912171684
2560423799460
1529447099044
1735790078628
1735588752036
1460660513448
1478158017960
1753035924904
1804307097000
1546609059240
2646120687016
2920998593960
1735856318056
2852229912916
1460928944468
1478108813652
2921217825108
1735806851412
2577352005972
1804509473432
2904021101208
2852230179496
1546560121512
1529648421208
2628957922644
1529446294868
2903835829588
1821504070996
2921015698772
1546626164052
1546558745188
1546827180644
1821705087588
1821756773732
1546894599512
1804525528676
2628941076068
2903818983012
2852498348388
2560440572260
2835318479204
2629160048996
2835033189032
1529363131048
2628874758824
2920932534952
1478091958952
2904021101224
1478091954532
2577603582308
1546811431268
2921200965988
2852481489252
2629160049000
2904037955944
2577350891876
2852228798820
2852481488468
1477823518292
2577335146068
2646323058260
2577603581524
1735604725092
2835116352868
1529446294884
2904104265060
1752700659352
2852212287128
1735789225624
2835300853400
1477907409240
1460727540056
2560239167832
2835117074776
1529447016792
2628958644568
2920949639764
1546560105044
2629160299092
2560172386900
2646323402132
2852481832340
1821772506472
2921284134248
1460912428440
2629143532952
2646070367572
1821436646740
2920948274516
1752700643732
2852212271508
1460911303060
2560422930836
1735789210004
2835300837780
1460642883236
2560154511012
1735520790180
1478091187876
1735789225636
1804508702372
1460912084580
1735789991524
2835301619300
1752969860708
2904104278696
1460642883240
1735520790184
1477822752424
1546558740840
1752717171048
2852230163044
1460660759140
2560172386916
2628891863652
1804258142820
2903769770596
2629160299108
1821421245860
1478092297636
2577603925412
1752970204580
2852481832356
1460660771432
1477840640616
2577352268392
1546811774376
2560155620776
1529363469736
2628875097512
1529631905192
2629143532968
2921201309096
1546811778388
1460643997012
1529363473748
2920949654868
1529631909204
1529447359828
2628958987604
1460643997016
2629160314200
1546811778392
2921201313112
2560155624792
2560422930852
1478175922788
1804526593380
2904038221156
1478109078884
2577620706660
1460929209700
1735807116644
1529648686436
2629160314212
1529363473764
1460643997032
1529447359848
2628958987624
2903836894568
1529715795304
2577335493992
2852213400936
2920931748264
1460642867624
1477822736808
2577334364584
1735538353492
1546828227924
1529378876052
1821436652180
2577620378968
2920931743060
1735789204820
1529630774612
1735521904020
1752701773204
2646339918228
2921217825172
1821437761940
2629160049044
1804526328212
2904037955988
1460643997080
2560155624856
2646407292312
2921285199256
1752701773220
2577402602916
2646138856868
2835032463700
1529362405716
2628874033492
1529630841172
1804508748116
2921200245076
1460911364436
2852481836456
2577335494056
2852213401000
1460643997096
2628958722728
1529630841176
2629142468952
2904020375896
1546810710360
1821688617304
1460642928984
2903751940452
2835300899172
1529630841188
2629142468964
2904020375908
2577619638628
1804257089892
2903768717668
2577351203172
2903751940456
1477822798184
2920948586856
2852547877224
1546626161000
2646137788776
2921015695720
1804576663124
2904088290900
1529430320724
2628941948500
2920949327204
1478108751204
2577620378980
2577351943524
2835318416740
1804525218468
2921016415588
2835100378712
2852212266340
2852480701796
1460642862436
2560154490212
1735789204836
2835300832612
1478159325780
2903820032596
2560491084372
1477890890324
2577402518100
1752768797268
2903835826580
1735520835988
2835032463764
1804240312724
2904020375956
1529647618452
2903768717720
1477839575448
2835032463768
1529362405784
2646121011608
1460995250584
2560506878360
1735873157528
2835384785304
2577669970328
2835317676452
2852564654500
1821487290788
2646322338212
1821688617380
1478176103064
1753054010008
1821773486744
2903769520552
1735520836008
1460928141736
1735806048680
2835317676456
1735857170772
1478159133012
1529698740564
2629210368340
1477890697556
1529430305108
1752768604500
1804576647508
2560423712404
1478091953812
2646054622868
1546610189924
1460979279460
1460710844004
1529430320740
2628941948516
1460927829592
2560439457368
1804525213272
2904036841048
2628957922724
2560238445988
1529446294948
2629226358180
1460643649176
2560155276952
2835033183896
1529363125912
2835301619352
1478091953816
2577670776424
1821706447512
2646338807144
2921216714088
1821705066836
2835317348692
2904038221416
2577603929752
1460979263844
2560490891620
1735857170788
1804525197656
2646070352216
1735537285464
2628890483032
1804256762200
2852213401176
2629160314456
2646340183640
2921218090584
1546560120408
2903768405608
2920948274792
1460927829608
2560439457384
2560424060516
2560155625060
2852481836644
1752986986084
1460912432744
2560424060520
2560490891624
2921200260436
2904020391252
1478091248980
2852480783700
1529630856536
1529715529044
2629227156820
2628940895572
1804307174740
2903751955800
1460643992920
1478091248996
2646071743844
1821438023012
2920949650788
1478091249000
2560507680104
1804240328084
1460642944404
2852297020824
1752768615832
2835301619044
2852480783780
2835300914596
1529630856612
1804508763556
2904020391332
1477822813608
2577687549352
2904087504212
1753036268884
2852547896660
1477889926484
2577401554260
2835099592020
1529429534036
1752767833428
2628941161812
1529378870628
1804256777572
1460659378532
2560171006308
2904087504216
2852548945560
1529380251288
1804258158232
2903769786008
2560172402328
1477889645144
2577401272920
2577669708376
2921268155988
2903819851348
1752768616024
2921284933208
1529380247128
2835033265764
2852564407908
2921283884644
1529362159204
2835033265768
1529363207784
2628874835560
1804241114728
2852229110356
1529631909544
1460643997352
1529363474088
2852481836712
2852548945576
1529380251304
2629227423400
2577602861656
2904087485016
2852497545816
1460911380116
1529630856852
1735521638040
1477823600280
2577603663512
1460642944664
2629160048280
1546811512472
1477906437796
1752784344740
1546625914532
2646137542308
1460726568616
1529446045352
2628957673128
1804323952296
2903835580072
1477906437800
2577418065576
1546560116392
2903768717924
1529379183204
2628890810980
1804257090148
2852497545828
1546609403236
2646121031012
2560221685092
2852547564884
2560489788756
2921015383384
1529647306072
2629143538260
2560239229332
2835117136276
2921016482196
2921200964968
2835300586852
1546558739812
1460710057320
2560221685096
2835099592040
1460978492776
2904087504232
2852480456040
2920931497320
2560422679912
1460911364756
1529630841492
2629142469268
2852497233256
1735806048916
1735537613460
1477839575700
2835300899480
2904020376216
1478091233944
2577602861720
2852480768664
2646322338456
1460928141976
1735806048920
1752767552104
1478091233956
1477822798500
2577602861732
2852480768676
1460911364772
2560422992548
1460995250852
1804325202280
2903836830056
2904105265512
1821773506920
1478091233960
1477822798504
2577334426280
2560422992552
2835032413604
2628873983396
2903751890340
1546542224804
2835318416804
1478108751268
1752986658212
2628891551140
1752718222756
1546828228004
2646339855780
1460979279512
1460710844056
2646121817752
1821437962836
1529378870676
1804256777620
1477822485912
1752700392856
1546609071512
2835317364120
2629159986600
1804526265768
2904104213076
1529446242900
2904037893544
2921284082260
1529379923368
2628891551144
1804257830312
2903769458088
1546810381976
2921199916696
2835300586916
1804256777636
1546558739876
1478090921384
1735587632552
2628940830120
2920948274600
1735805736360
2835317364136
2577335495268
2920931743144
1804256844116
1546558806356
1821705148756
2921216776532
2629159000404
2904036907348
2852228864344
1546827241816
1821436713304
2646070434136
2920948341080
1821436713316
2920948341092
1529647372644
1804525279588
1546558806376
2646070434152
1460727880040
2560239507816
2835117414760
1529697707608
2629209335384
1478159133076
1477890697620
2577402325396
2852280232340
2560491166100
2560171088276
1529378937236
1804256844180
1546558806420
1821436713364
1478159407512
2646323141028
2921201047972
1478107765156
1529378937252
1460995008856
2560506636632
1529378870936
1804525213336
2904036841112
1804256777880
2560439457432
1460710828440
2560222456216
1529430305176
1804308212120
2921268144536
1460979263896
2560490891672
1478159133080
2577670760856
2628941948584
2921284082276
2560238393956
2628874836564
2903752743508
2921267370584
2920932612692
1477839329876
1752717236820
2577335229016
2628890565208
1804256844376
2903768472152
1821756529252
2903820114532
1529446046360
2646405978776
2852228864660
2560490904216
2646339918488
2921217825432
1478159407780
2577671035556
1735589010084
2904104016552
1529446242920
2628957870696
2852296170088
2646322287976
1460659378580
1529378855316
2628890483092
2629158918548
2904036825492
1821488274088
1821756709544
2921268337320
1546827159960
2921216694680
2835317348760
2560171021992
2835048928936
1804525213352
2904036841128
1752767833492
2852279461268
1546609403284
2646121031060
2629210363220
1821756511572
1529445979732
2628957607508
1735805720996
2629158918564
2577401554328
1546609403288
1804575876504
1804323886680
2903835514456
2835368793432
2577402320216
1752768599384
1804307159704
1735587682968
1752767552152
2577669708440
2852547615384
2903818787480
2646389185176
2835317364324
1460659394148
2903835514468
1546625848932
2646137476708
2629158934120
2904036841064
2921216710248
1546827159976
1752985590184
2852497217960
1821705066920
2921216694696
1529379120728
2628890748504
1478158018148
2577669645924
2835099592100
1460978492836
2903835514516
1460659394200
2560171021976
2560154244760
2835032151704
2920999703908
2903819834724
1460710823268
1735588730212
1546627164580
1546609403304
1546877838760
2646389466536
2921267373480
1821505071524
1529378870952
1804256777896
2835317364392
1529714415272
2629226043048
1753037034856
1821706442404
2921218070180
1477823867544
1546811447976
2646323075752
2921200982696
1546627164584
2646138792360
2921016699304
1735805801892
2835317429668
1529647371684
2629158999460
1804525278628
2904036906404
1478107764132
2577619391908
1546827240868
2646338868644
1477822486868
1460727813460
2560422680920
2835300587864
2852480457048
2646322026840
2835032152408
1804509484696
2904021112472
1546811446936
2646323074712
2921200981656
2577670956388
1753037235556
2852548863332
1460979459428
2560491087204
2920932879012
1735604673176
1821504019096
2646137739928
2921015646872
1546626947492
2904104020372
2646405982612
1477823867560
2577335495336
2852213402280
2646054972072
2920932879016
1460912433832
2560424061608
2646339852628
1460642617700
2560154245476
2835032152420
1529362094436
1477822486884
2577334114660
2835033527892
1821421246036
2920932873812
2903753004628
1735790335572
1529447077268
1804324984212
2646137461348
1821505066340
2560239441252
1529447290212
1804325197156
2577334114664
2852212021608
1546541963624
2920931498344
1752968829288
2835300587880
1546810399080
1804324149924
2903835777700
2904020047528
1529447290216
1804325197160
1821772454568
2560439462292
1735805741460
2921284151720
1460995008936
2577402255700
1460643977556
2560155605332
2835033512276
2560424040788
2835301947732
1752970189140
2852481816916
1546811758932
2577687729828
2577603909976
2852481816920
2835301947736
2628957672788
1477822797476
2577334425252
2921016481176
2835116103000
1477906437464
1752784344408
1477889660516
1546609137252
1478092282212
2852481816932
2852213381476
2921284872804
1821486966436
2921267029668
2920998594212
1529362409828
2628874037604
2903751944548
1477822802276
2577334430052
2852212336996
2835033512296
2852213381480
2904104015204
1477889582760
2577401210536
2577669645992
2904021444948
2921218091348
2852481837396
1529631910228
1477823867220
2560440572500
2835318479444
1529379986004
2852229913172
2921217825364
2646340184408
1546543343960
2835301968216
1529714480488
1460995265876
1529446045032
2904104277332
1735807117668
2629160315236
1546828556644
1821706463588
1529631910248
2629143538024
2904021444968
2920932878696
2852565723496
1546559855192
1821437762136
2577352006232
1752718285400
2560172137048
2835050043992
2904087418452
1546877752916
2921267287636
2560171022740
1735537301908
1529378871700
2628890499476
1804256778644
2577350891924
1477889660520
1821772506708
2921016437416
2629142157716
2646322026900
1477822486932
2628873722260
2903751629204
1546827176276
2835317365076
2921216710996
1804593703316
2904105331092
1478090922392
1804258159000
1477840644504
1460643998104
2560155625880
1477823867288
1821689686424
2646122080664
2835116025508
2629160314196
2904038221140
2921015715156
2921284150616
2629226374488
1478175139160
2903819068776
1529380252068
1804258159012
2646340184484
1821756795300
2921268423076
2921285200292
2577620441700
2852498348644
1821706197604
1804258157972
2646339134868
2921217041812
1821705414040
2629227160984
1821504087460
1735587964324
2629226374564
1546626180520
2646137808296
1821504087464
2628957939112
1460727555736
1546560099684
1804257892968
2903769520744
2560440572520
1735806851688
2904037956200
1460995265880
2560506893656
1753053042008
1529631562136
2921016501844
2921267111508
2904087242324
1804575614552
2646121031256
2577669989976
1821755483748
2921267111524
2903818806884
1477889664612
2835099330148
2628940899940
2852547634792
1460710057576
2560221685352
1735587964520
2835099592296
1460659394968
2920931829400
2629159265940
1804525545108
2904037172884
1546810730136
1529446311576
2628957939352
2921284150948
1460726834852
2628940900008
2646120769192
1546827507368
1477889926824
2560507876772
2628873722280
1460911053224
2560422681000
1735788960168
2835300587944
2629142157736
2904036841816
2646338804056
1529363469976
1529631905432
1478092297880
2646138787240
1478176118184
1460727813544
2560239441320
2835117348264
1529447290280
1546811696468
2852547618132
2577351993752
1529647634772
1478108027220
1546559068500
1460642867864
2560154495640
1821705410904
1478092297892
2835033527972
1460912428708
2560424056484
2835301963428
1752970189208
1752701753752
1821437946196
2646323128916
1821421246120
1478092297896
2577603925672
2852481832616
2852213397160
2629227140452
2904105047396
2577419381332
2835301885284
1752768883288
2628957677908
1804323957076
2903835584852
2904020134228
1546609142100
1478174878040
1477906442584
1460726573400
2852564412760
2577334184280
2852212091224
1478174878052
2646137547108
2921015454052
2921218091364
2646070438248
1460911315352
2560422943128
1735789222296
1735520856468
1821438028180
1460642949528
2560154577304
2577418070420
2921200003476
1821755484568
2921267112344
1752701753764
2903752989092
1735604480420
2852564412836
1477822818728
1752700725672
2560439785832
2646339131752
2921217038696
2560171350376
1460979472996
1529648359000
2629159986776
1529379923544
1735521884584
1546828228184
1546810644052
2560422925908
1735789205076
2835300832852
1477822731860
1752700638804
1529446045092
2628957672868
1804323952036
2577418065316
1546894349732
2646405977508
1546625914276
2560490038952
2628891613844
1460928944788
1735589014168
2835301968536
2904105331352
1546543344280
2852481837720
1546609142356
2646120770132
1529697708628
2577602619988
2920948345432
1752969161300
1546827246180
1821705153124
2628874840680
2903752747624
2629142402648
1804508681816
2646137542056
1821503821224
2921015449000
2646405977512
1821772256680
2921283884456
2852481837732
2560238201496
2835116108440
1546827246232
1546542033560
2646053661336
1821503826584
2921015454360
1460911123096
1529447361192
2628958988968
1546894355108
2628957678248
1804323957416
2903835585192
2646138513812
2628891535700
1477840300372
2577351928148
1752718207316
2852229835092
2835318401364
1546559777108
2903769442644
2560172058964
1546828556968
1735806789220
2560507603284
2904037878104
2852229835096
1546625849684
2904103950676
2577350891860
1821436647764
1546558740820
1546894599832
2646406227608
2921284134552
2835116353176
2835384788632
1529714730648
2629226358424
1804256778584
2903768406360
1477822731876
2577334359652
1804240246372
1752700638820
2852212266596
1752969074276
2852480702052
2852547565924
1804256778596
2646070368612
1752968829284
2852480457060
1546541963620
2920931498340
1477822486888
1478090922344
2629160314520
1752986986136
2904038221464
1546610382488
2646122010264
1821488289432
2835300640100
1752968881508
1478108735844
1752986642788
1735538338148
2904037878116
1529446295204
1529714730660
1804575545748
1735788960152
1546609072536
2646120700312
1752717171096
2577402325592
2577670761048
2646338804068
1529648343400
2629159971176
2628891535720
2852296222376
2904104265384
2903835829928
1821755414952
1477822486952
1460642617768
2560154245544
1478175844696
1753053751640
2835385510232
2628890764628
2903768671572
2921216976212
1546558724692
2646070352468
1546626901672
2628940883284
1804307162452
2629209318740
1804575597908
2904087225684
1821755467092
2921267094868
1821705348440
2629158933844
2921216694872
1477822539112
2577334166888
1460642669928
1478090974568
1546609124712
1460911105384
2560154297704
2835099264596
2577350891944
1460659394984
1477907405140
1529447012692
2628958640468
2903836547412
2577419032916
2852498610792
1529362422356
1478107751832
1752985658776
1804592375192
2904104002968
2646120752536
1460726506856
1529715731028
2629227358804
2921285134932
2577350875748
2629143455140
2904021362084
1735521822116
2835301885348
1477839316388
1752968881576
1821772244392
2921283872168
1804258154136
1460659447208
1529378855528
2903768734120
1477839591848
1546827504040
1821705410984
2852547881300
2852279445844
1821755730260
2921267358036
2646071420568
2920949327512
1804575876708
1478158362212
1529429534308
2560490120804
1529714416216
2629226043992
1753052715608
1804592323172
2646120700516
1477889926760
1752767833704
2852279461480
2560490120808
2904103950952
1821772192360
1529445980776
2628957608552
2629226370724
2646138792552
1804325202536
2646407228008
2560172059028
2577334166936
1460911105432
2577602553252
1752968832420
2852480460196
1460660431256
2560172059032
2921015384724
1546541963924
2628957608600
2903835515544
2852295907992
2921283820184
2835032152728
1477822487192
2577334114968
1477889911140
1735587948900
2835300832932
1821688551076
1546625850020
2646137477796
2921015384740
1460726504100
1821772192424
1460726504104
1529445980840
2628957608616
2646053836456
2560506619476
2920931550804
1477839316564
2560172059044
2835049965988
2577334166952
2921015436888
2921283872344
2852497286756
1546894337636
2904087225956
2560422733412
1735789012580
1821772244580
1752968881764
2852480509540
2628890551912
2903768458856
1752717223528
2852498265428
1821437678932
1546559771988
2646071399764
2560172053844
2560506615464
2904103999144
1460642670228
1477840295256
1478108730712
1752718202200
1804256762520
2903768390296
2629158918808
2904036825752
1752968881832
2852480509608
2577686488744
1821772244648
2629226096296
2560154298024
2904104003240
1753052703380
2852213074260
1546877838996
1546609403540
1529715452264
2577670755924
2577402320468
2577619592612
2904021117272
1460912105816
2921200986456
1529631582552
1546558724772
2852565658260
1460710823512
2560222451288
2629158933860
2904036840804
1821706114408
2852212352664
1546558724776
1460642948760
2921216694952
1460929205860
1735587636836
2835099264612
1735587948948
1477889911188
1478158346644
2577335167332
1546543016292
1460912105828
2560423733604
2835301640548
1804324152724
1821755730328
2629209581976
1804575861144
2904087488920
1821487294872
2920998922648
1546543016296
1460912105832
2835301640552
1804241054056
2903752681832
1477823539560
2904021117288
1546811451752
2646323079528
2921267373736
1546609403560
1529429534376
2628941162152
2852547897000
2560222451304
1753037035112
1804592584020
2646322287956
2921200194900
1735587894612
2628873983316
1804240262484
2903751890260
1477822747988
2577334375764
1735789221204
2835099522392
1735604671832
2835032413528
1460996037012
2560507664788
2629227141524
2904105048468
1478175906196
2646390168148
1821756447316
2921268075092
1735605441876
1804324148584
2903835776360
2921200194920
2835368012196
1529697954212
1804592306772
2904103934548
2577620642388
1546542224788
1546810660244
1546626110872
2835300849048
1460642878872
1546895402324
2646407030100
1821773309268
2921284937044
1546626966868
2903835776420
1460726764964
2921015645604
1460995200420
1477906634152
2577418261928
2835300849064
2835117155672
1477906442904
1546625919640
2646137547416
1821772262040
1460995009176
2560506636952
1804592392856
2904104020632
1804508437092
1460659463780
2560171091556
1735537370724
2835117332820
2628958902612
2852565637460
2835385768276
1804593617236
1477907404120
2852296938840
1460727534936
2560239162712
2835117069656
2646407222884
1804325181784
1477907667288
1752785574232
1753054009688
2560239425880
2835117332824
1529447274840
2560507861336
2577419310696
1804257809812
2921217742228
1821706114452
2646138594660
2921284937060
2835117155684
1735806768536
1821503826600
1546625919656
2646137547432
1804592392872
2921015454376
2646338803028
1546627144040
2646138771816
1821505050984
2921016678760
1546610125140
2646121752916
2629209332328
1478158097000
2577351923112
2852229830056
1478175843684
2577687471460
2852565378404
2921267304020
2646389397076
1460642879060
2560154506836
1804324148824
1477823847012
1477823583844
2921267304036
2852547827300
2646406174308
1804592584292
1529362355816
2852212282984
1546625898836
2560507619992
2629159183960
2904104015460
2852295972452
2852213074340
1752969882020
2835301640612
1546625914472
2646405977704
2921283884648
1529446241940
1821504018068
1546626111124
2646322288276
1821688567444
2921200195220
2646137738904
1735805998744
2835317626520
1460642879128
2628941883736
1460642948776
2560154576552
1821689353556
1546811446612
1752969876820
2852481504596
1477823534420
2577335162196
1460912100696
2560423728472
2835033199960
2852297217684
2835300588184
2577602550424
1460642618008
2904088226152
1821706463576
1804258158936
1546627159704
2646138787480
1821505066648
1529447097752
2628958725528
1546626966936
2852565440932
1529631577444
2629142157988
2904020064932
1477907667348
2835116022436
2835050244772
1529631577448
1821438028132
2629143205224
2904021112168
1546811446632
2921200981352
2835301635432
2577603597672
1460642618024
1752968829608
1478090922664
2852480457384
1546810399400
1546627144088
2646138771864
2577687730584
1753054009752
2852565637528
2904038222184
2903769786728
1546560121192
2852296956568
1529447290536
2628958918312
1546558794084
1735605527972
2577351219796
1477822469460
2577334097236
2646323387028
2904021424788
1478092282516
2646054951572
2920932858516
2852297202084
1529447274916
1821505051044
2921016678820
2577350891928
2921016415592
1546626880872
2646405977748
2903835499176
1529714469204
2646120753492
2903835568468
1529446033748
2628957661524
1735520577876
1478158084452
1753035991396
1821436701028
1460659448164
1735537355108
2577350945124
2921283873124
1804307163496
1478174795092
2835318680168
1804576839012
2904088466788
1735872832856
1477823847076
1529714469268
2852480772452
2628940884388
2904088484180
1804592376232
1752700447144
2904104015528
1753037248856
2852548876632
1821437684308
2560440494676
2629159971412
2904037878356
1821689353620
2835116025192
1477906359656
1478091236692
2577602864468
2646338804116
1546827176340
2629159971416
1478092215716
1752970122660
1546610383204
1821488290148
2560154297956
1460711037288
1735588944232
1546828212836
1821706119780
2921217747556
1546609125972
2646120753748
1804575599188
1821772245588
2921283873364
2921267096148
1821436913240
1546559006296
1821438022996
1735521822360
2835033450136
2646389189224
1821755468392
2835317693080
2835100375444
2629159184724
2904037091668
2628958657192
2903836564136
1546626898600
1804575599256
1735789013656
2628957661848
1804323941016
2903835568792
1546625903256
2646137531032
2560221419876
1460709792100
2646340102484
1529446034084
2628957661860
2628890764904
1804257044072
2903768671848
1546827441768
2646339069544
1821705348712
2629159200360
1546609072724
2852279130708
1804258153832
2628958656152
2903836563096
2852296955544
1546626897560
2646138525336
1821487295060
1821755730516
1529429518932
2628941146708
1804307425876
2903819053652
2646121015892
1546609388116
1546558990692
1821436897636
2629159184740
1460711037332
1735588944276
2835100572052
2560506553764
1735872832932
2835384460708
2577351928468
2646071405208
2628941146724
2903819053668
2646389451364
1753036253796
2921267358308
2904087489124
2921284082004
2646137739604
2577401485656
2904105331028
1460978407076
2852564605284
1735789222244
2921200195940
1529429465444
2921267304804
1460726765924
1821756724888
2577602864484
2852480771428
1735856072020
1735789222292
1460978424216
2560490051992
2560238393752
2904104212904
2560440833428
2835318740372
2904038217108
1752986981780
2904105002664
2560490104148
1477822801236
1460642932056
1529714730328
1478175122776
1477822801240
1478091236696
1546626164056
1477906687320
1546558806616
2646070434392
1821436713560
1478091236712
1752969143656
2904037091732
1546827426196
1735805737384
1460709729640
1735587636584
1460978165096
1735856072040
2577669662056
1477889598824
2835318396516
2629143210584
2577687468372
2852565375316
1460995971412
2560507599188
2835385506132
2921267357076
2852497233304
1477822801316
2577334429092
1529379186084
1477822801320
1752700708264
2921267357096
2835369059672
1546811452008
1821755677268
2921267305044
1478158293588
2628957870676
1804592585300
1752969091668
2852480719444
1804575808084
2904087435860
1477822749272
2577334377048
2628890761816
1752985868888
2921216973400
1821504019044
1821772454500
2646137739876
2835300850276
1478091184744
2577602812520
1752985851220
2646138525352
2921268405604
1752768865636
2628957870744
2903835777688
2904104213144
2921284082328
1546626112152
1821773309524
2646138594900
1821755677348
1460978424484
1735856331428
1477822749348
2577334377124
1546626112168
2628958725720
1821773486676
2921285114452
1460727798356
1735520839272
1821773293908
2904105052500
1804593440356
2835300902552
1478091237016
1735806051992
1546626164376
1752985921176
2852297202276
1529447275108
1804593617508
2835099264420
2577401226660
2852480771748
2852564657832
1546626164392
1752969882260
2852481510036
2904021117592
1546811452056
2921200986776
2920932551320
2629158933924
1821706114728
2852564673876
2921284150612
2904104281428
1529446311252
1478091253400
1460726834520
2835384804696
2921200986788
1478091975332
2904104000088
1546625899096
2904088536472
2835301635668
1460643665492
2852564673892
2904104281444
1478175139176
1460995970388
1546610435496
2646122063272
2560423713108
2835301620052
1460912085332
2903752661332
2920932530516
1546542995796
1546626967192
2646138594968
1477907490456
2628958725784
2904087484052
1529429186900
1735521839444
2646054906196
1752701708628
2852213336404
2852481489240
1546811431256
1478091954520
1752969861464
1460912085336
1821689338200
1735874140824
1546895579800
2646407207576
1546627144344
2646138772120
2577419102616
1546626951576
2904105052568
1460912085348
2835301620068
1529631562084
2629143189860
2904021096804
1477823519076
1546626967208
2646138594984
1735873963688
1478091954536
2560423713128
1477823519080
1529447275176
2628958902952
2835300848980
1804593617576
1546626946388
1821504853332
2646407009620
1529446311320
1735789221220
2646405962392
2629226093208
2904104000152
1529446029976
2852548876884
1529430514260
2628942142036
1821436712548
2835300849000
1460642878824
1735856056676
2921284916564
2646390253908
2904088291668
1804576663892
1546610190676
2646121818452
1735873942872
1752768599396
2560423728792
2835301635736
2835300918952
1529630860968
1478091253416
1529380252312
1821438028440
1546878818916
1821756725860
2629210577508
1804576856676
2904088484452
1477890906724
2577402534500
2921201030548
1735790056852
2835301684628
1821420902804
2560490886564
2835368793508
1735521621412
2835033249188
2852280227240
2921200981668
1529363126680
1804241033624
2646054623640
2560155277720
2835032479396
2835033200296
1546543011496
2646054639272
2921284851044
1529715447140
2629227074916
1460660775592
2646340184744
2852498614952
2921218091688
2577352272552
2560506550948
2835384457892
2835318680228
2835317365092
2921284868760
2904104999576
2852565392024
2560423713188
1804525214056
1529429186916
2628940814692
2646120683876
2920998590820
2852481489320
2852497286484
2560221336916
1735587616084
1546558990936
1821436897880
1804241315156
2852230158676
2921283803816
1477822802260
1752767818072
1477822802264
2904020379992
1478091237720
2852480772440
1546810714456
2646322342232
2628941146468
1804241098324
2903752726100
2852548662872
1752768599656
2560490886760
2835368793704
1460710823528
1546828273256
2646138574232
1546810660260
1529379121768
2921217026452
1478108015000
1477889911192
2577620687204
2577352251748
1477889911204
2852547881380
2560490105252
1460994926248
2628874819236
1460710823592
1735588730536
2629160031912
1477890692776
1804257875624
1546559837864
1821437744808
2560489854632
2835367761576
2646137792852
2921015699796
1529446295892
1529698691432
1804576598376
2921268160936
2628941949352
1477890714024
2646121818536
1460710844840
2560222472616
2835100379560
2577334377044
2646338804132
1546558740900
2904036841892
1804575861332
2904087489108
1477889911384
1752767818328
1821486982756
1477840561492
2835099248984
1735856056664
2577669646680
1529446295896
1460912366996
1460659397972
2629142467924
1460911363412
1735587636568
2903819785556
1752767505768
2921284868776
2920998922900
1477889911448
1529714731672
2577351207576
1546559056536
2646121015960
2835368012440
1804575861400
2629226359448
2904038201752
2835367684452
1529714731688
2835384456868
1753037301332
2903751698772
1804258076004
1752985609624
2904104998552
2560491152984
2560172139928
1546558743976
1460927833512
1735805740456
1460928075348
1735805982292
1460659639892
2852497479252
2835317610068
2577350944084
2835317417300
2560171074900
2920948327764
1477890958952
1752970209704
1460643993940
2646070613608
1804325267796
2646339049064
2903836895572
1546627230036
2646138857812
1804324989524
2903836617300
1529447082580
2628958710356
2921284921940
1804593424980
1753035941480
2852547569256
1752767506024
2646120703592
2921015699812
1529380169108
1804258076052
2904038139284
2629160232340
2835318662548
2903836617316
1529715518052
1804593424996
1821773294180
2904105052772
2646338869848
2921216776792
1529447082596
2560172332712
1460911056536
1477906376360
2852547553700
1804324218456
2921015699816
1735857183140
2852548680100
2852279113044
1460709709140
1752767485268
1546609055060
2646120682836
1821486962004
2920998589780
1477889578324
2577401206100
2628957923668
2903835830612
1546626165076
2921284135252
2921015699800
2577671022248
2852548929192
1804576908968
2904088536744
2629227091624
2577350944152
1460659447192
2560171074968
1735537354136
1735805789592
2628874819924
2904037939540
2852498331992
1752718268760
1804509469268
2835050027364
1529379969380
1804257876324
1735806835044
2835318462820
2577687533924
2921284917608
2852564658532
2577602816664
2852480723608
1460642884248
1752701426264
1477823519320
1477889596072
1529446295912
2835317610152
2852497479336
2904105052756
1821689403796
1804324985236
2577687533972
1753053813140
1821706181016
2577670756760
1753037035928
2852548663704
1735588731288
2835100359064
1804308208024
1735537354152
1477839316392
1752717223336
1735805789608
2835317417384
2921284082072
1477822753448
1460643994024
1735520786004
1735789221460
2835300849236
1529715518116
2646322095444
1546828228948
1821706135892
1460995270292
1804526266712
1460642879076
2560154506852
1735520786020
1804240262756
1477822748260
1752700655204
1546627230056
2903836895592
1735789221480
2852547548564
2904021162580
1546559838808
1821437745752
2577603648088
2628891552100
2921015715492
2646407010916
1529430301288
1821504854632
1529699003032
1529446295960
1735806789992
2920949328232
1752969075044
1460911298916
1529446311592
2628957939368
2903835846312
2904104281768
2629143255700
2852547548580
2903752661652
2835100379748
1804575528360
1460912085656
2560423713432
2835301620376
1460643650200
1529363126936
2629160232356
2904038139300
2921267026260
1821755398484
2921015694676
1529446290772
1735790273956
1735521838500
1546894595416
2921216711272
2835301620392
1752969090712
2852480718488
2835318725204
2852498594392
1804508682644
2835368028516
1460642621780
1529362098516
1477822490968
2835032156504
1460642621796
2852212025700
2852480461160
1460642879144
2560154506920
1477822748328
2577334376104
2852212090280
2852498287012
2835300656552
1478090991016
1752968897960
1752968833428
1752969075108
2852480702884
2835301946712
2628873726372
2629227140776
2904105047720
2921284916904
2852497238440
2629159982420
2904037889364
1529648354644
2921217758548
1735806784852
2904036906600
2903752988072
2921201292712
2920949634472
2628957940392
2920932857256
1529630856868
1478091249316
2646071421288
1804256778920
1477889583700
1735587621460
1735806855576
2835318483352
2852280228184
1478109059732
1477840624276
2577352252052
2577669641556
2852547548500
1821755397460
2921267025236
2852547553896
1735856400804
2835368028580
1478090926744
1460642622104
2560154249880
2852280228196
2835368794468
2629209593172
1804307436884
2646070417828
2646138788180
1821505067348
1804593633620
1804258137764
2903769765540
1821438006948
2920949634724
1460912412324
2921016743592
2852213332324
1460643928420
1735521835364
2577335425380
2904037889428
1804526261652
1546558789012
1804324202900
2835117349220
1804593633636
1460659447396
2560171075172
2903836825960
1546627160424
2646138788200
1821505067368
2921016695144
2904104266068
1477890631000
2577402258776
2852548663700
2921268140436
1753037035924
1752768600468
1477890709160
1752768616104
1529379136852
2852296238760
1546626180776
2560422946148
1735806855592
2835318483368
2629210364324
2628940813908
2903818720852
1821486962260
2852212286888
2835317630376
1546559855012
1821437761956
2628940813924
2920932529812
1478092298900
2921016695204
2835385784740
1529715726756
1529715726760
1804593633704
2646407293268
2852497286824
1821436695972
1529445983572
1477823800936
2835033528996
2921284135268
1478092220772
1477823785316
2852213320036
2628875020648
2903752927592
2577602815640
1804575811236
2904103953768
1546894288232
2835367962280
1752700659368
1460928883288
2577670694312
2560154491476
1460642670932
1529714731368
2628942125652
1477907735892
1529447343444
2904104266392
1546894600856
2646406228632
2921284135576
2560154491492
1735520770660
2577334360676
2852212267620
1735789013348
1735806854568
1546627212644
2646138840420
1529447343460
1735587616424
2920932858200
2904104266408
1546894600872
2646406228648
2921284135592
1529446296232
1460643977572
1546543323492
1460912413028
2852498594148
1478092282216
2835301947752
1546610174292
1752768862616
2577671018904
2852481816984
2835301947800
2577603910040
2629160294820
2577687796132
1753054075300
2852565703076
1529447360932
2904105330004
1529446312600
2628957940376
2835368028772
1804575877732
1460642863768
2835300833944
2560490121832
2577669991016
2560172382808
1477840624216
1752969090660
1735789221476
2835300849252
1804508698212
2852297267812
1735521572180
2835033199956
2835300641192
2904104998244
1460912413332
2903752676712
2577603910292
2903752989332
1477823847060
2921201293972
2920932858520
2560172382872
2560440818328
2577602598228
2852480505172
2646339070356
2921216977300
2629159201172
1529379903828
2629159967060
1546626160276
2921015694996
2852481504676
1804257826212
1529631577512
1752986654120
1477840311720
2903769453992
1804593370536
2904104998312
1804257810788
2628891531620
2903769438564
1821437679972
1529379903844
2646122079588
2852481750424
1821436914004
2904037108052
2629159201108
2921284086116
2852480723304
2835049195880
2904105330020
2852481750440
2904037108116
1529379137940
1529447098708
2628958726484
1804325005652
2903836633428
2646138595668
1821773310292
2921284938068
2835300854180
1529648359780
2646407031128
1460912101032
2835301635752
1460643665576
1821773503076
2921285130852
1529447291492
1546609399400
2852480505236
1460642665876
2560154293652
1735520572820
2646053639572
2903836826216
1821505067624
1529715726952
2629227354728
1460710057300
1804257810836
1529447098728
1477890693784
1821504023128
2835049978212
1477840312676
2577351940452
1546559789412
2646071417188
1821437696356
2920949324132
2904020331156
2629159201432
1735520791192
2560422947480
2921015712424
1460643666260
1546811447640
1460912101720
2577351153064
2646338853284
1804593633944
2904105261720
1529447291544
2560155294052
2835033200996
1804241049956
1477823535460
2577603598692
2852481505636
2903752677732
2646389462692
2852481505640
2835033201000
2921285199524
2904105068968
1529447093588
1735521823336
1478174796120
1477906360664
2921284932964
2628957935268
2903835842212
1477906699940
1821504083620
1460726830756
1529446307492
1529447017112
2577419037336
1804576594260
2904088222036
2921268091220
2852481505624
2921016432984
2560507615576
2904088222052
2921268091236
2903836563812
1546626898276
2646138526052
1546558741160
2904105051476
2921284920660
1804593423700
2646138578260
2629227144548
2904105051492
2852297020840
1546626962856
1821504869800
1477822540440
1529447343768
2577670953556
1546625832276
1529714398548
2629226026324
2904103933268
2904088222292
2835300641448
2835385837220
1821756463716
1821773555368
2921285183144
2646138840744
1529445963108
2628957590884
2903835497828
1821772174692
1477907421848
2904037874264
1804257811032
2903836547684
1752970122904
2560155539096
2835369060708
2560172332372
2835301897556
2560155555156
1546627159396
1529447098980
2646137460136
1460996314452
2921199982248
2921015716180
1546894616916
2921284151636
1529714747732
2629226375508
2904104282452
2835032468120
2920948344212
1546626181476
1477839332776
2577350960552
2852497302952
1460659463592
1735537370536
2628958726824
2577669989716
2904104216168
2646406178408
1821772457576
2921284085352
2646407010644
2921284917588
2646339852644
2904104277652
2903819839848
1460643666584
1477823535768
2577335163544
1460642933416
1477822802600
2577334430376
2904105265492
1460642617684
2560154560152
2835032467096
1477822801560
2921284146532
2921015711076
1753053750612
1478175843668
2852565378388
2628958710372
1460643998376
1546894612132
2835384800932
1529714742948
2904104277396
2903835841940
2921283802728
2628958918996
1804324214184
2852480771412
1460911367508
2835300902228
1460642932052
2904105261416
1529447291240
1460642616660
2560154244436
1477822485844
2903836826020
1460642932068
2835300902244
2646122064468
1546610436692
2904088537684
2921285182804
2560491152724
2835369059668
2852481819992
2904105313636
2921016747364
1821756777880
2921268405656
2835301950884
2835369059748
2904103933592
1460994942312
1821772175012
1460710840740
1735588747684
1821772261716
2921283889492
1804592392532
2560491153000
1752768865896
2646122064536
1546627212952
2903836878504
1546627212968
2904105313960
1529445963092
1821756708180
1477906355544
2852480439652
2560172123476
1529447013032
2852497303208
1477823780436
1460642600616
2560154228392
2835032135336
1478090905256
2835300850260
1477890890072
1546878802516
1529445964452
1460911368856
1546627229028
2904104282792
2646406245032
2921284151976
2903751612068
1752968812200
1477822469800
2560489773476
1529447012004
2646137788756
2921015695700
1529446307432
2629158983060
1546626881192
1477823796564
1546894596452
2903835826532
2904036890020
2646138856856
1735521839720
2835033467496
2921284081252
2835300850344
1752968811860
2852480439636
2835318729128
1460660443492
2560172071268
1546626176676
1478175135396
1529445967192
2904105261396
1735520773720
2835032401496
1460995990868
1529380235928
2835301968552
1478174796116
2628957591892
2903835498836
1546625833300
2646137461076
2921015368020
1460726487400
2852497287780
1460643994276
2852480445092
1804256762260
2835300587876
2628957591976
2904020379288
2852212336280
2852480771736
1460642932376
2835300902568
2852480771752
2560154560168
2835032467112
1477822801576
1804593355416
1546895317656
2646406945432
2921284852376
2835301639848
2921200985768
1477822470808
1546541947560
1752701708904
2852213336680
2560155560552
1529445979816
1460911052132
2560422679908
1804325251412
1546627213652
1735856313688
1752700638552
1753052960088
1735520769368
1735587878232
2921284852392
1460643927636
1735790270036
2835301897812
2852481766996
1546627229336
1529447344468
2852481751384
1752970123608
2835301882200
2921283818836
2904103949652
1546625848676
2646137476452
2921015383396
2921283818852
1546811451748
1477906376040
2904105003368
1478091975016
2577603602792
2852481509736
1460643670376
1529446229592
2921284068952
1804324136536
2904104262308
2920932792724
2852481772136
2835301902952
1477823800984
1752985868696
1460659657112
2646137477460
1478174811496
2577335409236
2852481751636
2904105314968
1546895649432
2921283803476
2904103934292
2852548597416
2835301635412
1529447344808
2852480787796
2835300918612
2904103934308
2835300587176
1478090921640
2852480787812
1477822817636
2560171285092
2852480457368
1752969074260
1529445979492
2628957607268
2903835514212
2646407277208
2921285184152
1460642669976
2646121732436
2903835764312
2628957857368
2904104278356
2904104265368
1804593703592
2904105331368
1546895665832
2921285200552
1546894285156
1821772192100
2835032483496
1529362425512
1477822817960
1477889661544
2904103949668
1735789012376
2646339836244
2921285178724
1460642933400
1477822802584
2577334430360
2835300903576
2852480772776
1477907404456
1460643648852
2835301619028
1529447011668
2560154228052
1477823518376
2835301619368
1529445980500
2577335163236
1460643666276
1477823850152
1460643980968
2560155608744
2835033515688
1546627230376
1460643665236
1546625849700
2921283819876
1529379920228
1546895317332
2646406945108
2921284852052
2921284852068
1477822487208
2835300570452
2835301636452
2835301951144
2852481820328
2577351222952
2852480788136
1546626881876
2904104982868
2904104982884
1529447028392
1477822818984
1546625832292
1460642616676
2852481821336
2835301952152
2904104999268
1460643649876
1477823519060
1529446295192
