297780204884
109079571089
177799047825
109088189076
177807665812
160430459530
92763695768
161483172504
92763761316
161483238052
91621779860
160341256596
97079601553
165799078289
97079663009
165799139745
91630213521
160349690257
91631196561
160350673297
91647977874
160367454610
177874819736
161692916305
91622828452
160342305188
91639618136
160359094872
91643071049
160362547785
92767132257
161486608993
91627067810
160346544546
91643849106
160363325842
97074719128
177790610088
165794195864
92762958228
161482434964
92779747924
161499224660
97074719384
165794196120
92965087656
161684564392
92981864872
161701341608
97277008552
165996485288
177807661732
160358312600
91638835800
92771326290
109075372690
109075372626
177794849362
109087971928
177807448664
91895515782
160614992518
92969257606
161688734342
109087971992
91631262113
160350738849
91630213729
160349690465
91630475681
91643062674
160362539410
92720929441
161440406177
91622103464
160341580200
91638880872
160358357608
92712622696
161432099432
92784630370
161504107106
92784695906
92788890209
161508366945
92717591202
161437067938
91895449990
160614926726
91895507537
160614984273
91647019654
160366496390
91647281801
160366758537
91631196513
160350673249
91647977809
160367454545
92712621720
91630212753
160349689489
92721785505
161441262241
91643020933
160362497669
91908385448
160627862184
91622107480
160341584216
91638884696
160358361432
91710892370
160430369106
91710900618
160430377354
161688734282
109075372642
177794849378
92784658821
161504135557
160358111636
92716738961
161436215697
92717525393
161437002129
92717587041
161437063777
92784695905
91715148386
160434625122
91638897064
160358373800
91638618728
160358095464
91710900873
160430377609
92784642697
161504119433
92982106772
161701583508
110161975956
178881452692
109155342996
177874819732
93032438420
161751915156
109088234132
177807710868
92780452520
161499929256
160349690513
93032376936
161751853672
93036579466
161756056202
91895507618
160614984354
160430369122
91710917002
160430393738
91638884712
91647281734
160366758470
91714390406
160433867142
160358361448
91705993576
93040814738
161760291474
91638638996
160358115732
92720933265
161440410001
92721719697
161441196433
92721781345
161441258081
92712380820
161431857556
165794965928
160342366868
91622890068
160342366804
91622890132
92784634529
161504111265
91908364952
160627841688
93032438424
161751915160
109088234136
92982041176
160362482058
91643070858
160362547594
177807710872
97264212625
160367516050
91648039570
160367516306
91643021897
160362498633
91647265158
160366741894
91648039506
160367516242
91621779876
92779751832
161499228568
92779752088
92772051617
161491528353
91891329432
160610806168
91908106648
160627583384
92772117153
161491593889
97264212385
165983689121
109079571090
91621861784
160341338520
91621862040
160341338776
91643062610
160362539346
91705993560
160425470296
177799047826
91638618516
160358095252
92716734865
161436211601
91638815380
160358292116
161441262178
91715152482
160434629218
91715177098
160434653834
160359143828
177807649380
91899710086
160619186822
92973451910
161692928646
109079566994
177799043730
109087988376
177807465112
109088172708
97079601569
165799078305
91631196578
160350673314
91631262114
92780472996
161499949732
160341584296
91638884968
160358361704
91710892450
160430369186
91710958178
160430434914
91638884776
92712626792
161432103528
109088234152
91643020938
160362497674
91899701842
91638622564
160358099300
160619178578
92973451850
161692928586
109079566946
177799043682
91627068050
160346544786
91644054150
160363530886
91638819224
160358295960
91638884760
160358361496
165794900376
160358378088
91715086754
160434563490
91715111306
161436277137
114524056232
183243532968
160434588042
92721785442
92721785506
161441262242
91715152481
160434629217
165996292516
97276828312
165996305048
92969245282
161688722018
97268406945
110170286737
91647977825
160367454561
178889763473
177807710884
109155343012
177874819748
110212307608
178931784344
92982106788
160362564165
110161975960
178881452696
91975473828
109087976084
177807452820
110170282641
178889759377
91639601560
160359078296
160359082344
92713347432
92780522072
161499998808
110161717864
91639605652
160359082388
91639605908
160359082644
178881194600
110166092450
178885569186
160366729826
92763757204
161483233940
177874823832
92717521570
161436998306
92717783714
161437260450
161432054424
92965071508
161684548244
97260038804
165979515540
91908364968
160627841704
93032438440
161751915176
177807710888
110212307624
178931784360
110161717860
178881194596
97260300964
165979777700
161688988322
97075489432
165794966168
91643783825
160363260561
91644045969
160363522705
109092358790
177811835526
110166088338
178885565074
166000495242
92969249377
92716800417
161436277153
92784642438
161504119174
92784695698
161504172434
161436211617
92767853138
161487329874
92767918482
92784642634
161504119370
92784896594
161504373330
97075505832
165794982568
92973468230
161692944966
92990245446
161709722182
92783937929
161503414665
92783938185
161503414921
92973640353
161693117089
92973705889
161693182625
91706009960
160425486696
91908106664
160627583400
161491589522
91643062689
160362539425
92716804513
161436281249
92788836742
161508366738
92712561252
161432037988
92771326546
160358292132
91643058849
160362535585
92771326609
161490803345
92763740824
161483217560
91643849362
160363326098
91643857482
160363334218
91643857546
97083796114
165803272850
97083861650
165803338386
97281018502
166000495238
92965087908
161684564644
92965345960
161483155860
91643021701
160362498437
92720929361
161440406097
92763679124
91643021957
160362498693
92772047202
161491523938
92772047266
161491524002
91622824280
160342301016
91639601496
160359078232
92779747992
161499224728
161499224664
91643062625
160362539361
91627072146
160346548882
91644070534
160363547270
161436281441
97276815784
91639933604
91643021705
160362498441
92720929362
161440406098
92763679140
161483155876
92763757144
161483233880
92716738977
161436215713
97268410977
165987887713
97268411041
165987887777
91643087433
160362564169
91639617944
160358356628
160358098600
91647019658
160366496394
92712577704
91647215942
160366692678
91647281481
160366758217
161432054440
92771330466
161490807202
92779751848
92779752020
161499228756
92772047201
161491523937
92720999009
161440475745
161487333970
92767918498
161487395234
91647252897
160366729633
92720994721
161440471457
92784658822
161504135558
92784695714
161436997985
97260038824
165979515560
97260300968
92969208389
161688685125
92969273925
161688750661
165803334049
91895507554
160614984290
91908303464
92780730984
161500207720
92780731048
92716804498
161436281234
91895507601
160614984337
91895769745
160615246481
91648240273
160367717009
92716804754
109092358794
177811835530
110166088354
178885565090
91638818392
160358295128
92712359528
161431836264
91638835812
160358312548
92720933281
161440410017
92772051538
161491528274
92772112802
161491589538
93032372888
161751849624
178885569170
91638897236
160358373972
92712626772
161432103508
92784634449
161504111185
92784699985
161504176721
160358361492
91705993620
97260055204
165979531940
161684494740
92965067172
161684543908
92763740776
161483217512
91647216261
160366692997
92720933521
161440410257
92763695764
160345762130
161483172500
92763761300
161768692388
92986288801
161705765537
91648002693
160367479429
91648068229
160367544965
91710888353
160430365089
91710953889
160430430625
91621861992
160341338728
161508629138
92763744872
161483221608
91705993636
160425470372
91710957985
160430434721
91710982793
160430459529
91638897240
160358373976
92712626788
161432103524
91648039522
91631262306
91648051786
160367528522
97083796130
91639863976
160359340712
92713605800
161433082536
165803272866
97083861666
165803338402
92973640338
161693117074
91647216009
160366692745
92720933458
97276828248
161431836056
92712363668
161431840404
165996304984
97281215113
166000691849
91622824296
160342301032
91639601512
160359078248
92780534184
161756097186
91647265413
160366742149
91648248453
160367725189
91648301713
160366496133
92712577428
161432054164
91638819496
160358296232
160358296168
91626023249
160345499985
97268673169
165988149905
92720994962
161440471698
92767852898
161487329634
92767857042
161487333778
91639687768
160359164504
91622894184
160342370920
110166088273
178885565009
91648039330
160367516066
92721781154
161441257890
161440410258
92762958500
110166088289
178885565025
91912489606
160631966342
92986231433
161705708169
92981844568
160350739105
91630213793
160349690529
91630475937
160349952673
97276811688
165996288424
97276832404
165996309140
91706010008
160425486744
92779752024
92965263972
161684740708
92982041188
161701517924
91638835860
160358312596
161499228760
92969208393
161688685129
92969273929
161688750665
160341584280
91638884952
91638897252
160358373988
92712626776
161432103512
92784634450
161504111186
92784699986
161504176722
91908106840
160627583576
92986223186
160615246497
91975490216
160694966952
97268406689
91639617960
160359094696
92713347496
161432824232
165987883425
92767918481
161487395217
92721785250
161441261986
92763675032
161483151768
91639671400
160359148136
91639884440
160359361176
161490807457
92784634514
161504111250
92784896658
92784724617
161504201353
160358361512
91705993640
160425470376
91710957986
92990417554
161709894290
97277029016
165996505752
97264212386
165983689122
97264241286
165983718022
91643845025
160363321761
92969273993
161688750729
97276832168
165996308904
92965001876
161684478612
91626023585
160345500321
91642825353
160362302089
91647986310
160367463046
91648051846
160367528582
160349690514
91630475922
97277024872
92713675432
161433152168
91647265353
160366742089
92771326561
161490803297
97074719144
165794195880
97074719400
91638638228
92762974612
161482451348
165794196136
92973468298
92721715617
161441192353
92721781153
161441257889
160426207908
161692945034
97268435594
110212311716
177807465048
110166092385
178885569121
178931788452
91912505993
160631982729
92981860952
91638835816
160358312552
91638835880
160358312616
161432054168
92771330386
161490807122
92779751768
161499228504
91643062690
160362539426
92767136354
161486613090
92720929442
161440406178
92720994978
161440471714
97260038552
91638835608
160358312344
92712577432
165979515288
97260038808
165979515544
92973402694
161692879430
91895449994
160614926730
91895507538
160614984274
161431857512
91647281802
160366758538
160434625106
91908123224
160627599960
92986223202
161705699938
109087992408
177807469144
110166092386
178885569122
92981865048
161701341784
91647973793
160367450529
93032372820
161751849556
91630217889
160349694625
91638835876
160358312612
92712642968
161432119704
92780718744
161440405905
160349952417
91647253089
160366729825
177799305889
91715095177
160341317016
160434571913
92788837001
161508313737
91715111558
160434588294
92981848664
161701325400
91891263896
160610740632
92716803746
161436280482
92779734696
92772112785
161491589521
92772113041
161491589777
161499211432
91639622056
160359098792
92713363880
161432840616
97285409414
166004886150
97074702744
165794179480
92763679332
161483156068
92763679396
161483156132
161504119173
92784695697
161504172433
91643857477
160363334213
92717521297
161436998033
92717586833
92721977953
161441454689
92721982097
92784634530
161504111266
92784896674
161504373410
91638622612
92788890257
161508366993
92721715601
92788890193
91643857545
160363334281
92717587105
161437063841
92969245345
92973443665
161692920401
92982041192
161504201290
109075376546
177794853282
91638635172
161768696488
91648043425
160367520161
91648043681
160367520417
91638638248
160358114984
91912505990
160631982726
109071215256
177790691992
91643849105
160363325841
91638819412
160358296148
92712364436
161431841172
92783921546
161503398282
92783921802
109092412066
177811888802
91621861780
160341338516
91647977873
160367454609
91648043409
160367520145
91705989540
160425466276
92779731364
161499208100
97079597458
165799074194
97079662994
165799139730
91643845009
110229088936
160359160472
91639683672
160359160408
91638815384
178948565672
160434563425
92965001892
161684478628
92965264036
161684740772
97079601570
165799078306
97079667106
91626022306
160345499042
165799143842
92771330722
161490807458
91648305826
160367782562
91648248454
160367725190
91715160710
160434637446
91638884964
160358361700
92762958244
161482434980
92788824658
161508301394
92789086802
161508563538
91638638244
160358114980
161491524193
91643058530
160350739090
97268406882
165987883618
97277074068
165996550804
92779731540
161499208276
97074698644
165794175380
97079663185
165799139921
97079663249
165799139985
92712359576
161431836312
177807452836
110170282642
91642825286
91639605656
160359082392
91622107540
160341584276
91638897044
160358373780
91715082641
160434559377
91715148177
160434624913
92716800418
161436277154
91639605912
160359082648
91638639208
161701517928
160358115944
91647257186
160366733922
161499224408
161504184969
97074702740
165794179476
97079663201
165799139937
97079663265
165799140001
91706776216
160426252952
92780518040
161499994776
92965087892
161684564628
97260055188
165979531924
91622123924
160341600660
91638901140
160358377876
91715086737
160434563473
91715152273
160434629009
91638901332
160358378068
92982061716
161701538452
177807714984
110212311720
178931788456
109092375177
177811851913
178889759378
91638818404
91630212689
160349689425
91638814308
160358291044
160358295140
92712363620
161431840356
92779748008
161499224744
91622894168
160342370904
91622894232
160342370968
91706005924
160425482660
166000732818
92779747748
161499224484
97079601554
165799078290
91647216010
160366692746
91647281546
160366758282
92973443681
91638901080
160358377816
92973640337
161693117073
97268411025
165987887761
91643779489
160363256225
92973468234
161692944970
92990245450
161709722186
92784630369
161504107105
92783937930
92788132165
161507608901
161503414666
92783938186
161503414922
92973640354
161693117090
92973705890
109092416162
177811892898
110166157986
178885634722
92973443489
91647973777
161692920225
97268410785
165987887521
91638901348
160358378084
92762974628
161482451364
92788828754
161508305490
92789090898
161508567634
92712643160
161432119896
91638618536
160358095272
92716734882
161436211618
160362535586
92973451914
161692928650
91622123944
160341600680
161768696472
93036620434
161487395218
92969245074
92981848724
161701325460
92717521298
161436998034
92969249169
161688725905
91643779474
91714390666
160433867402
92969454214
161688930950
91638819156
92779747944
161499224680
91643070789
160362547525
92716800337
161436277073
91643062626
160362539362
160350742946
160619174306
92981865108
161701341844
92969208198
161688684934
92973443473
161692920209
92717586850
161437063586
92762974548
161482451284
160362535266
92767132002
161486608738
91647265354
160366742090
91639945896
160359422632
91706780072
160426256808
97268410978
165987887714
97268411042
165987887778
92720993938
161440470674
92763695512
161483172248
92780472932
161499949668
91642825290
160362302026
91643087434
92969507474
161688984210
160362564170
92788836938
161508313674
177807468968
161431837076
91642808709
160362285445
91644041825
160363518561
91644070533
160363547269
92720999073
161440475809
160345500242
91626285458
160345762194
161499228772
161688988306
110161980072
178881456808
109092375178
177811851914
110170282658
178889759394
92779735636
161499212372
91630212690
160349689426
97281018506
97285450386
166004927122
92784962209
92965280408
161684757144
92982057624
161701534360
161504438945
92788828498
92981848676
91643783585
160363260321
91643783841
160363260577
91648039314
92721781138
161441257874
92969257610
161688734346
92969257546
91710892449
160430369185
161441192545
92965083748
161684560484
161508301409
92717586834
161437063570
92763761256
161483237992
92763761320
161483238056
92721719698
161441196434
92973402502
161692879238
97259973032
165979449768
97260038568
165979515304
97074719060
165794195796
97074719124
165794195860
97276832344
92712359336
161431836072
91706714516
160426191252
165996309080
92712363672
161431840408
91644111505
160363588241
93032376920
161751853656
97276815768
165996292504
92965083752
161684560488
92965284516
161684761252
91647977810
160367454546
92965017960
161684494696
92973443666
161692920402
97268410962
165987887698
92981844372
161701321108
161499994516
92780517780
91622889876
160342366612
91639667092
97276811668
165996288404
161684740692
92969446033
160342366616
91639667108
160359143844
91891325348
160610802084
91908102564
160627579300
91639863908
160359340644
97260034456
97281215110
166000691846
92712626580
161432103316
109087971924
177807448660
165983689105
91891259796
160610736532
92965001620
161684478356
109071128980
177790605716
109075372433
109087971940
177807448676
110166088274
178885565010
91638634148
91621841496
160341318232
91638815140
92762974872
161482451608
161499228824
91622889880
91639667096
160359143832
91891325336
160610802072
91908102552
160627579288
91639863896
160362285446
91622889896
160342366632
91639667112
160359143848
91891325352
160610802088
91908102568
160627579304
91639863912
160359340648
97276828072
165996304808
97276832420
165996309156
91706010024
160425486760
92779752040
91648051785
160367528521
92965263976
161684740712
91643087238
160362563974
92965018280
161684495016
92717525346
161437002082
92784634210
177790605720
109075372449
177794849185
91895503250
160614979986
161688721810
109075372434
177794849170
109087971736
92969208394
161688685130
92969273930
161688750666
91895769762
160615246498
91642808710
91647281541
160366758277
93032389288
161751866024
92965087844
161684564580
92965280424
91648002633
160367479369
92772051553
161491528289
92965022308
161684499044
166000728737
91626019170
160345495906
91643005258
160362481994
91715177097
160434653833
92788918921
161508395657
110161713768
178881190504
91895503249
160614979985
92969441873
97260034452
92965263956
165979511188
91643792009
160362482310
160363268745
91644054153
160363530889
91626019474
160345496210
92965022104
92772125318
161491602054
92772375186
161491851922
92969273994
161688750730
91639667348
160359144084
91891325588
160610802324
91908102804
160627579540
91639863956
160359340692
91622890136
160342366872
91639667364
160359144100
91891325604
160610802340
91908102820
161504172450
160627579556
91647977826
160367454562
92772051298
161491528034
92965022056
161684498792
92965022312
161684499048
92721719650
161491602053
160434637449
91639667352
160359144088
91891325592
160610802328
91908102808
160627579544
91639863960
160359340696
92779731284
161499208020
92779731348
91622890152
91643873862
160363350598
160342366888
91639667368
160359144104
91891325608
160610802344
91908102824
160627579560
160366732946
177794849426
161688721825
177807448472
91895503265
160614980001
92721719713
161441196449
161688685190
92721785249
161441261985
91639868072
160359344808
92762958232
161482434968
97281215114
166000691850
92969446049
161688922785
93032376996
161751853732
161504201289
91638835624
160358312360
92712577448
161432054184
92982110888
161701587624
91891259816
160610736552
92965001640
161684478376
109071129000
177790605736
109075372450
177794849186
110166088290
91647256209
160366732945
92986288802
161705765538
92982123172
161701599908
93049232036
161768708772
93032372900
161751849636
92784708170
161504184906
160349956513
91647257185
160366733921
91908303528
160627780264
97074698664
165794175400
92720998050
161440474786
92779751080
91642825094
160362301830
91642825350
160362302086
161751865956
92772112801
161491589537
92772113057
161491589793
160349952658
91647265414
160366742150
91710917257
160430393993
92779735656
161499212392
92763679336
161483156072
92763679400
161483156136
92721977954
161441454690
92721982098
161441458834
93040810642
161760287378
93036579465
97277024932
165996501668
97285446305
166004923041
97259985304
165979462040
92783937861
161503414597
92783938117
161503414853
92965018276
161684495012
92973439649
161692916385
91648043426
160367520162
91648043682
160367520418
91895507345
160614984081
92969445969
92965263960
161684740696
161688922705
91630217874
160349694610
91647216262
160366692998
91648002697
160367479433
91648264841
160367741577
109096606370
177816083106
110170348194
178889824930
160358296216
91639683688
160359160424
91639683752
160359160488
91639617956
160359094692
91639683684
92965280420
161684757156
91621845592
160341322328
92779747732
161499224468
92767853153
92965005976
161684482712
161437002386
92965071512
161684548248
91643808390
160363285126
92717525650
93032372904
91648248458
160367725194
91715160714
161482434216
92969245073
161688721809
92969257605
91639601556
160359078292
92763675028
161483151764
97264212370
165983689106
97276811672
165996288408
97276815956
165996292692
97276816020
165996292756
91706780056
160426256792
91622828696
160342305432
92717525602
161437002338
92965005928
161684482664
92965071464
161684548200
91643808394
160363285130
92717525666
161437002402
161482430884
161440475794
91895765666
160615242402
92969507490
161688984226
92780456596
161499933332
92973451845
92780456340
161499933076
97268406673
165987883409
165794900372
97268419205
165987895941
92763679316
91710892434
160341252500
91621775764
160430369170
92784634258
161504110994
97264175494
109092178569
177811655305
92720932450
161440409186
92788837002
161508313738
92780731032
161500207768
93032389220
93032389284
161751866020
160366732962
91706005864
160425482600
92779747688
91643783505
160363260241
91643791945
161499224424
91891260052
160610736788
91895503505
160614980241
91706776232
160426252968
92780518056
92982045288
91908119128
160627595864
91908303524
160627780260
161701522024
92982061720
161701538456
109088254632
177807731368
110212328104
178931804840
91630212705
92780517972
161499994708
166063659688
91643058785
160362535521
92716800609
161436277345
161693125258
161504434850
91630217890
160349694626
91638639272
160358116008
92986247814
161705724550
91639687764
160359164500
92981844584
161701321320
161440475537
91908102760
160627579496
91647256977
160366733713
92720998801
91908106660
160694954648
109096610466
92763675048
161684761240
91638835864
91891325544
161684499032
92965087832
161684564568
91648002694
160367479430
92721719954
92788853317
161508330053
92788853381
161508330117
92784962194
161504438930
97079925410
165799402146
161432824212
91706726804
160426203540
92780468820
161499945556
97259973012
165979449748
91715148178
160434624914
97268406674
165987883410
165803268498
97264216737
165983693473
92788890002
97276815780
97260034660
92767853154
97268419210
91648002634
160367479370
92721719906
161441196642
92965087848
161684564584
92772051554
161491528290
161692916321
92982057572
161701534308
92973402501
161692879237
92973439585
91638819172
160358295908
91638819236
160358295972
161486613137
91643087173
160362563909
92716804433
161436281169
97276816040
165996292776
91639622036
160359098772
92763695508
161483172244
92965022100
161684498836
92973451849
161692928585
92713363860
161432840596
91715086738
160434563474
92788828562
161508305298
97268369798
165987846534
91622894248
160342370984
161692920417
92712380056
110161734248
178881210984
161431856792
92720993954
161440470690
92763695528
161483172264
92780472936
161436210786
92780735144
161500211880
91644041826
160363518562
92982057620
161701534356
93040810641
161760287377
160363260257
91643808329
160363285065
91643783521
91630217809
160349694545
91638639188
160358115924
165983689361
109075372689
177794849425
177795111569
109092162181
177811638917
109092358789
177811835525
91643057810
160362534546
92767131282
161486608018
161436280481
91891329640
160610806376
91908106856
92986247818
91647256225
178889759393
160366732961
91706005160
160425481896
92772116898
91630212706
160349689442
91638818408
160358295144
161491593634
160362539617
92716804705
109071198872
177790675608
92784695953
161504172689
97285212810
166004689546
92717525586
161437002322
91891260056
160610736792
92965001880
161684478616
109071129240
177790605976
91647986053
160367462789
91648039505
160367516241
92965284504
92784724618
161504201354
92784962210
91638618532
160358095268
91647256978
160366733714
92720998802
161440475538
161504111201
160627599976
92788828514
161508305250
97083795810
165803272546
91639687784
91643783586
160363260322
91643783842
160363260578
92965268136
161684744872
91638896296
92780468884
92780731028
161692916386
161701534312
161500207764
92982057640
92973439586
161692916322
165794966180
161487399569
92784904837
91622890072
160342366808
91622828436
160342305172
93040814754
161760291490
93049236136
161768712872
91715082577
160434559313
160346544785
91643857541
160363334277
161436998305
92717521569
160362535570
92767132306
161486609042
97259989416
97074719064
165794195800
91895503521
160614980257
92969441953
91899710090
160619186826
92973648522
165996292520
92788902469
161508379205
92789086865
161508563601
91647977890
160367454626
161436281170
92973402506
92973443682
161692920418
91706731160
160426207896
92767136162
161486612898
92720994706
161440471442
91638622872
160358099608
92721715873
161441192609
92721978017
161441454753
92712364696
161431841432
92789156513
161508633249
92763757220
161483233956
109087988324
177807465060
109096569477
177816046213
161504397962
109075372705
177794849441
161688722081
109092162182
177811638918
91638617688
160358094424
92712359512
161431836248
161688918689
91899697762
160619174498
161441196690
92712364440
161431841176
93049219748
161768696484
160367516258
91643808330
160363285066
92767857250
161487333986
91643061906
160362538642
92767131298
161486608034
91626285474
160345762210
91643087242
160362563978
91891260072
160610736808
92965001896
110229101224
178948577960
92763674968
161483151704
92965018260
161684494996
161441192593
92965083796
161684560532
161684494932
92965083732
161684560468
91647986309
160367463045
92712576664
161432053400
92771329697
161490806433
92784695954
161504172690
97079663250
165799139986
97277012644
165996489380
91643021642
160362498378
97281256097
166000732833
92717783650
161437260386
161684495000
92973439634
161692916370
92965268132
161684744868
92965083736
161684560472
92721715858
161431841444
92717853345
161437330081
92784921225
161504397961
91647253138
160366729874
91899697553
160619174289
92973636177
161693112913
92772141702
161491618438
92772375202
161491851938
161432102568
92780468888
161499945624
92721715857
92788890018
161508366754
161504135754
91643857542
160363334278
91638639256
160358115992
92720933537
91643070853
161440410273
92721719969
161441196705
91643070790
160362547526
92981865124
161701341860
160426191272
91895507617
160614984353
91626019409
160345496145
91639601748
160359078484
160358357332
91638815316
160358292052
160358291796
91639601492
160359078228
91710966409
160430443145
91648039586
160367516322
91715148450
160434625186
91706010264
93032393380
91643779425
92986231429
161705708165
160363256161
165979450008
161436210833
91626019425
160345496161
91643005321
160362482057
160358094484
92716734097
91638621784
160358098520
109075372625
177794849361
92712363608
161431840344
91626019169
160345495905
91638815076
160358291812
91639601508
160359078244
91639618132
160359094868
92763679080
161483155816
92780456296
161499933032
92763740564
161483217300
92965067156
161684543892
92986034757
161705511493
92713408916
161432885652
91647256210
161684499028
92965087828
161684564564
92772051537
161491528273
92721719953
161441196689
92965022356
92784659018
97260038760
165979515496
92784658826
161504135562
91648068170
160367544906
91639687848
160359164584
91627006353
160346483089
91643783569
160363260305
160362534545
91626280593
160345757329
91643057809
92763740580
161483217316
92986051141
161705527877
92713408920
161432885656
91908299432
160362302090
91648002630
160367479366
92721719890
161441196626
92965022296
91638818472
91643779410
160363256146
91630217618
160349694354
91647019398
160366496134
160358295208
91638884008
160358360744
91706010280
160425487016
91715152274
161499228776
97277029032
165996505768
93040773766
161760250502
93040810658
161760287394
97277029028
165996505764
97285450401
160359160404
91706776164
160426252900
165979462056
92783937862
161503414598
91891329684
160610806420
91908106900
160627583636
92783938118
161503414854
160358095192
92973439650
92973640273
161693117009
97260034472
165979511208
91638639252
160358115988
91626285730
160345762466
92763744676
161483221412
92986284690
161705761426
91639601572
160359078308
160358373716
91639601828
160359078564
160349690193
91638831444
160358308180
92780534436
161500011172
91639884436
160359361172
92713626260
161433102996
91622910612
160342387348
91891346068
160610822804
91639622052
160359098788
97281256082
92965022116
161684498852
92965083560
161684560296
92779731624
92779747684
91715111302
160434588038
97259989400
165979466136
92788853318
161508330054
160341317204
91638617684
91908119208
160627595944
91622124180
160341600916
92969257545
161688734281
91643058770
160362535506
91705989528
160425466264
92788836746
161508313482
92788894290
92763740568
161483217304
92965067160
161684543896
92986034758
161705511494
91706796708
160426273444
91908123300
160627600036
92717587106
161437063842
91643873929
160363350665
110229084836
178948561572
97268410770
165987887506
160358098580
92720928401
161440405137
160345496162
91643005322
92788853322
161508330058
92969441954
161688918690
110161717924
178881194660
110166157985
178885634721
92763740584
161483217320
92965067176
161684543912
92986051142
161705527878
92713408936
161432885672
160358291096
91626023313
160345500049
91643783506
160363260242
91643791946
160363268682
91895503506
160614980242
91647019402
160366496138
91647265350
92712560228
161432036964
160358361688
92784904841
161504381577
91643783761
92713626264
91622910616
160342387352
91891346072
160610822808
91908319896
160627796632
91639687832
92780718740
161500195476
160366733729
92720998817
161440475553
161684478360
161432119976
92763679144
91891341928
160610818664
161483155880
92788853321
161508330057
92788853385
161508330121
161705761442
91648039329
160367516065
91715148193
160434624929
91706796712
161504438946
160359164520
97079929506
165799406242
160426273448
91908123304
160627600040
92772051345
161491528081
92772125257
161491601993
91622824340
160342301076
97260034664
165979511400
92965071268
161684548004
92981848484
161701325220
92784634466
161504111202
161432119640
97079597713
91647019334
160366496070
166004923042
91622845096
160342321832
91622910632
160342387368
92713343316
161432820052
161441258129
91638901396
160358378132
92712643220
161432119956
91899964066
160619440802
92716738898
161436215634
92771326305
161490803041
91638818456
160358295192
91626281378
160345758114
97276811944
165996288680
97277074088
165996550824
97075485080
160426252708
165979511192
93032372824
161751849560
92780517796
91706775972
161499994532
93040814737
161760291473
161508305233
92788853386
161508330122
91638617768
160358094504
92712359592
161431836328
91706792552
160426269288
110170352289
178889829025
91626019234
160345495970
91626019490
160345496226
160430377353
91639868004
160359344740
92965268068
161684744804
93032376932
161751853668
92713609828
161433086564
91715087010
160434563746
91647986054
160367462790
92779735444
161499212180
92779735700
92772047505
161491524241
161709890129
92721978001
161441454737
92973636241
161693112977
92990413457
161709890193
91891346024
160610822760
91715148370
92780472980
161499949716
92780735124
161500211860
92713347732
92973451913
161692928649
92973705873
161693182609
161436211793
92716735057
92716800593
91638815124
160358291860
91621841492
92784921221
161504397957
91638618708
160358095444
91622844820
91648236114
160367712850
92721977938
161436276386
110212311704
178931788440
91621844644
160341321380
91638830744
160358307480
91899697825
160619174561
92973636257
161693112993
92788918853
161508395589
92789086881
161508563617
92721781394
161441258130
161441258066
91638635092
160367450705
160358111828
91647973969
91638622804
160358099540
92712364628
161431841364
92788918922
161508395658
92720994722
161440471458
92986219106
161705695842
93032393364
161751870100
92713609816
161433086552
97075489176
165794965912
92788828513
92788828577
161508305313
160426269092
109087992420
177807469156
109096569478
177816046214
92712556884
161432033620
161432820308
91642808645
160362285381
92713605716
161433082452
91642808901
92712561300
161432038036
91642825349
160362302085
91639880296
160359357032
92763756968
161483233704
92965268072
161684744808
92713609832
91715414690
160434891426
91895503441
160614980177
91908299348
160627776084
91642808646
160362285382
92712556888
161432033624
92713343320
91647281797
160366758533
91714390661
91638831716
160362301765
91642825285
160362302021
160358308452
92720929185
161440405921
161491524257
161431840424
109087992484
177807469220
91648264837
160367741573
161441458833
92990417553
161709894289
92789090897
161508567633
92763679064
161693141641
161483155800
92763679128
161483155864
92712576680
161432053416
92771329698
161490806434
92969470597
161688947333
92986247813
161705724549
109071215016
177790691752
109071215272
177790692008
97079663266
165799140002
91647986058
160367462794
91648043602
160367520338
91621845588
160341322324
160363260497
91643849297
160363326033
91638819220
160358295956
91648236130
160367712866
160358295892
161705527882
97075505816
165794982552
91639683492
160359160228
92712642216
92721715809
161432118952
92780472984
161499949720
97083861410
161486612130
165803338146
109088189080
91647257169
160366733905
91648240209
91622844824
160342321560
160367716945
91648248457
160367725193
92772051362
161491528098
92767852897
161487329633
92767852961
161487329697
91715086674
160434563410
91627068066
160346544802
160363334282
92965087912
160358307496
161684564648
92981865128
161701341864
92986051210
161705527946
92720933266
161440410002
92720933522
92713343640
161432820376
91642825029
92712560980
161432037716
161432820056
92713343576
161432820312
178948561560
91647973729
160367450465
91638634132
160358110868
92716738193
161436214929
161692916130
91642825030
160362301766
92712560984
161432037720
91621840536
160341317272
91638617752
91638638168
160358114904
92712379992
161431856728
97260034712
91638901336
91908299368
160627776104
91638901400
160358378136
160358378072
92712561316
92771326354
161490803090
92779747736
165979773592
91895503442
160614980178
91908299352
160627776088
91647281798
160366758534
91714390662
92713429592
161432906328
160433867398
92986219170
161705695906
97268419206
92712556136
161432032872
165987895942
161504110945
160363256402
91706780260
160426256996
160358312532
92981844388
161701321124
91638639000
160358115736
92973443746
161692920482
91630217825
160349694561
97079601825
165799078561
97079667361
165799144097
92780538532
161500015268
91639880360
160359357096
91706792616
160426269352
97074702996
165794179732
161701325208
91643845266
160358292120
160363322002
160358292056
91895507553
160614984289
92784724613
161504201349
91643062866
160362539602
91705993624
92788853130
161508329866
92788894306
161508371042
92788918858
161508395594
91648068233
160367544969
97075440280
165794917016
161491528033
110229084840
178948561576
91639605864
160359082600
92713347688
161432824424
160425470356
109079566945
177799043681
109079567009
177799043745
110161717928
178881194664
92771330402
91627330194
160346806930
91644107410
160363584146
92712364372
161431841108
92713347476
97277078180
165996554916
97276816036
165996292772
92767918690
97276828260
165996304996
91631200673
160350677409
91647977889
160367454625
109092416145
91647265349
160366742085
91710196101
177811892881
110216485537
178935962273
91630474913
160349951649
91647252129
109088189096
91638818452
160358295188
160367712865
165979531928
109071128984
161431841124
92713347428
161432824164
92713347492
161432824228
92712560996
161432037732
161432889956
92712626596
161432103332
97268435590
92716739170
161433086612
165794966164
97277012628
165996489364
97281256081
166000732817
97075489428
91706792596
160426269332
91621795224
160341271960
92784642698
161504119434
92784904842
161504381578
97075489384
165794966120
92986223249
161705699985
91643783762
160363260498
161499208088
92779731608
161499208344
160345495890
160346478945
91642807942
160362284678
91639880344
160359357080
92763757208
91710958162
160430434898
91710966410
160430443146
92973701794
161693178530
92990479010
91643779666
161709955746
91638901352
91622824344
160342301080
91639601752
160359078488
160350677393
160367454801
91647978129
160367454865
91631200657
91626023250
160345499986
97074702756
165794179492
97074703012
165794179748
160341317224
91638638164
160358114900
92965071272
161684548008
92981848488
91638831768
160358308504
92763695464
161483172200
91643058578
160362535314
92767132242
161486608978
92716735137
161436211873
92716800673
161436277409
91622103444
91638880852
160358357588
92712622676
161432099412
92784630353
161504107089
92784695889
161504172625
160425466260
92712577364
92713409128
161432119700
92713409192
161432885928
91899726469
161432885864
160619203205
91899697569
160619174305
97268435593
165987912329
97268673185
91643087497
160362564233
160359164568
92772047442
161491524178
92986223201
161705699937
93032389272
161751866008
92788824418
161508301154
92788824482
160367516321
92721781409
161441258145
91706005908
160425482644
91715160709
160434637445
91638884948
160358361684
92720933202
161440409938
92771330401
161490807137
92712380760
161431857496
161432824168
92712577368
161432054104
91639880356
160359357092
92965268120
161684744856
93032376984
97277012632
161437325970
97276832356
165996309092
109092416146
160366742086
91710196105
160429672841
177811892882
110216485538
178935962274
161491856033
161433103000
91638634152
177790671464
109071194728
91630213458
160349690194
91642825033
160362301769
91621779812
160341256548
97277074072
165996550808
92973648517
91643005318
160362482054
91643070854
160362547590
91706796692
160426273428
109071194520
177790671256
109088168548
177807645284
109087971748
92779735448
161499212184
92779735704
91643087174
160362563910
91643087430
160362564166
91631200658
160350677394
160350738850
92772051601
161491528337
160341272920
91630217569
160349694305
91631200609
160350677345
91630479713
91647252834
160366729570
91621845400
160341322136
91621845656
160341322392
92721781346
161441258082
91715152466
160434629202
160434637450
92965071256
161684547992
109071198616
177790675352
109087988132
177807464868
92965268056
161684744792
91710892433
160430369169
91710958161
160430434897
91638884756
161701337768
92720993953
161440470689
92772141642
161491618378
92788902538
161508379274
91639605844
160359082580
91639671380
92990245510
160358312340
91638638932
91626018466
160345495202
91638901076
160358377812
92716738978
161436215714
92716739234
161436215970
91627068049
91644054149
160363530885
92721781410
161441258146
92784630114
161504106850
92784659014
161504135750
91626022561
160345499297
91626023521
160345500257
91630212498
160349689234
91638621604
91621778852
160426207656
92772047458
161491524194
97264212577
91643058834
91705989784
160425466520
109087971988
177807448724
110166088337
178885565073
92713605720
161433082456
91621796180
160341272916
91630217553
160349694289
160350743202
161500010920
91647019653
92712577684
161432054420
92779751828
161499228564
91638885032
160358361768
160366496389
91643020937
160362497673
91647252818
160366729554
91647253074
160366729810
91642824329
91706005848
97260296856
92784659081
161504135817
91642825289
160362302025
177807452580
110161717668
178881194404
91638814292
160358291028
92712359508
161431836244
92712380072
161431856808
92771330641
91638831508
160358356644
91638897300
160358374036
160358308244
91638896980
160358094500
93036616354
92763675044
161483151780
92716734881
91638621780
160358098516
92712363604
91621844568
160341321304
91638634084
160358110820
91647215941
160366692677
91647216005
160366692741
92973451846
161692928582
92986051145
161705527881
92969511585
161688988321
160350677410
91631266210
160430377610
160358098532
91621844580
160341321316
91638634072
160358110808
91638814376
160358291112
91638879912
160358356648
91626018402
160345495138
92763740772
161483217508
91621844584
160341321320
91638634088
160358110824
161684740776
91647216006
160366692742
91638638180
91630213730
161688918674
92767852962
161487329698
161440405922
91630212769
160349689505
91643020934
160362497670
91643058786
160362535522
92990245514
92788824481
161508301217
92788890017
161508366753
161709722250
92720933282
161440410018
92720933538
160366733649
161440410274
91627072145
160346548881
92712577688
97276816024
165996292760
165996501608
97264216673
165983693409
91630216865
160349693601
91647215238
92780730980
161500207716
91621796184
177807448728
165996571304
97083857554
165803334290
92720932497
161440409233
92771325601
160358098584
97083861665
97276811924
165996288660
160627792488
91621778840
160341255576
91621779096
160341255832
91647281477
160366758213
92771330450
92789086866
161508563602
97260300952
160358360740
91638897304
160358374040
160358373784
160345499233
91638621796
91638831448
91899701666
160358373736
91908303448
160627780184
161432906344
160366496326
110166088353
178885565089
91638814296
160358291032
91706710680
160426187416
92780452504
161499929240
97259969188
165979445924
97264212641
165983689377
91639601816
160359078552
92771326289
161490803025
161499929188
160366741893
92780468628
161499945364
92780452516
161499929252
92720994705
161440471441
92720929378
161440406114
91639687780
160359164516
91626022498
160345499234
91638621800
160358098536
91638835544
160358312280
165979462308
92973701793
161693178529
165987883681
91706714776
160426191512
177874819752
91647265094
160366741830
91626281362
160345758098
92720994642
161440471378
92780456292
161499933028
92780456356
91638835556
91710953873
160430430609
161500273320
161709918857
92763744868
161483221604
92763744932
161483221668
160349694562
92982061732
161701538468
97079601826
165799078562
97079667362
165799144098
92969446034
161688922770
91715152289
160434629025
91715152545
160434629281
91639884456
160359361192
161487333969
92767132001
161486608737
160341317976
97074698920
165794175656
161701341848
160363256482
91643779746
92767852946
161487329682
92712561044
161432037780
91648002629
160367479365
91638634852
160358111588
91647252833
160366729569
91648002437
160367479173
97268669090
165988145826
161441458849
91639671384
160359148120
114524072616
183243549352
92720932498
161440409234
91639618200
160359094936
92965005988
161684482724
92713347748
161432824484
91621795480
160341272216
92780452456
161499929192
92780472724
161499949460
161499228500
92780517800
161499994536
161504106834
177874823848
93036579462
161756056198
160619436706
92772112994
161491589730
97276828264
165996305000
97276828328
165996305064
110216489633
91710196102
160429672838
92713347480
161432824216
91639622296
160359099032
92965022372
161684499108
92713364120
161432840856
91647281478
160366758214
161487329889
91621845332
160341322068
91638634836
160358111572
109071133092
177790609828
109071198820
177790675556
91639868056
160359344792
92788828561
161508305297
161487329890
161684499092
160341322072
92720933474
91630475938
160349952674
91647253154
160366729890
97277029012
165996505748
177807665816
91643873865
160363350601
92982041256
92784634465
92788824466
161508301202
109155347112
91621845352
160341322088
165987895945
92973648521
109088184996
161693125257
160363284873
91643808393
160363285129
161487334049
160358308184
92767856993
93032376980
161751853716
109087988372
177807465108
91647973970
160367450706
92721715794
161441192530
92771326625
161490803361
92763744920
161483221656
109087988328
91710888609
160430365345
91647256929
160366733665
91648002441
160367479177
97074702760
165794179496
97074703016
91638621844
91643061905
160362538641
165794179752
92973468297
92721781137
161441257873
161692945033
91891329688
160610806424
109087988388
177807465124
91638831720
160358308456
91643058594
160362535330
92767132258
161486608994
92716735138
161436211874
92716800674
161436277410
91638831512
160358308248
92712561060
161432037796
91899701665
160619178401
91899726473
91715086994
160619203209
161441454673
91647253073
91642825354
91643087498
160362564234
91638635108
160358111844
91647973985
160367450721
91648039521
160367516257
91638831524
160358308260
160627780200
160349955745
92716800401
161436210834
91638622808
160358099544
92720994898
161440471634
161441454674
92721978002
160341322340
91638635096
160358111832
91630475665
160349952401
92716734098
161436277330
92716799649
161436276385
92779731352
92779730584
161499207320
91621845608
160341322344
92717525409
92982041236
161701517972
92772117090
161491593826
97276832360
165996309096
97276832424
165996309160
92716803745
92779734692
161499211428
92713363864
161432840600
91710196106
160429672842
92780735080
109071133096
177790609832
177799047777
177807661672
109079571105
177799047841
109088185000
177807661736
92717783649
91638621860
160358098596
92720928402
161440405138
92712363684
161431840420
91630213777
91638635156
97083795858
165803272594
177807661720
91908106916
160627583652
109087976100
165979515556
109096606354
91643849121
160363325857
91899701858
160619178594
109079571042
177799047778
109087992424
177807469160
91642824330
160362301066
92712363688
160366729809
91642824325
91643057825
160362534561
91705988772
160425465508
91706006164
160425482900
110166153890
178885630626
97281256098
166000732834
97344187048
166063663784
91891329704
160610806440
92965071528
161684548264
109071198888
177790675624
109087988392
177807465128
92789156498
161508633234
91912293002
160631769738
93036563082
161756039818
161751853720
91626022546
160345499282
91647256913
91642824326
160362301062
161504176545
92973443730
161692920466
97268411026
165987887762
91631262353
160350739089
160358110884
92716738194
161436214930
92716800354
161436277090
92779730600
165983689314
97264212642
165983689378
109087972004
177807448740
91630217554
160349694290
161482435240
92716800402
161436277138
165987895946
92969470602
161688947338
91626285714
160345762450
91643087494
160362564230
92720994658
161440471394
92717525410
161437002146
109088238244
177807714980
91643058514
160362535250
91706776152
160426252888
91706780308
160426257044
161431840340
92982061672
161701538408
97277090472
91643061921
160362538657
160425482648
91706005912
91638618472
160358095208
92716734818
161436211554
92772112993
161491589729
92779731544
161499208280
92973439570
161692916306
91626281314
160345758050
91706710376
160426187112
91705989544
160425466280
92969245281
161688722017
92763740836
161483217572
92965067428
161684544164
97075485336
165794962072
165794962088
92969446050
91647281482
160366758218
91647281738
160366758474
161688922786
92969511586
109092416161
177811892897
161504106897
91626022562
160345499298
91647256914
160366733650
91647257170
160366733906
92763740840
161483217576
160429672778
91638897320
160358374056
161768692376
93036620433
161756097169
161437067874
91639671448
160359148184
92965083812
161684560548
92990413473
161709890209
92713413272
161432890008
91715148194
160434624930
97083792033
165803268769
91895515781
91638815060
91647256930
160366733666
91647256994
160366733730
97083796113
165803272849
92788894113
161508370849
97268406865
165987883601
92784695970
161504172706
91630217633
160349694369
91643005573
160362482309
92789115526
97264216674
165983693410
97264216738
165983693474
92780456548
161499933284
161433086568
109075634850
177795111586
92788902537
92712643224
161432119960
161490802338
91706714468
160426191204
91706714532
160426191268
97276811684
165996288420
97276811940
165996288676
91643857478
160363334214
92717587026
161504135818
160362547589
92788828578
161508305314
91630475618
160349952354
91706726760
160426203496
92990413409
161709890145
91706730916
160426207652
109092375174
177811851910
110170282657
92965071524
161684548260
92986223265
161705700001
92713413284
92780534424
161500011160
97075489444
92712561048
161432037784
161684482408
97281018505
166000495241
97285446290
166004923026
97277090468
165996567204
97344199332
166063676068
92772117089
161491593825
97285450402
166004927138
161693141637
92973664901
92965264024
161684740760
165979511448
92990417569
161709894305
92713429656
161432906392
91710957969
161684740756
92965264020
91643779409
160363256145
92767852881
161487329617
92965001556
92717521489
161436998225
92763744936
161483221672
91643087178
160362563914
97259973028
165979449764
97260038564
165979515300
97074702676
165794179412
160619178641
92973443729
161692920465
91715152290
160434629026
91715152546
160434629282
91647253153
160366729889
161684544088
92717521234
161436997970
92784630098
92717521490
161436998226
92784630354
161504107090
161684478296
92965268116
97268406866
165987883602
97264175750
165983652486
97268419209
91899701906
91647974050
160367450786
92721715874
161441192610
160619178642
97084119713
92784630433
92990442117
161709918853
97075423636
97075423892
165794900628
91642807941
160362284677
160341318228
92720932514
161440409250
97276828068
165996304804
97276828324
165996305060
91706005928
160425482664
91643857481
160363334217
161701337764
92784634194
161504110930
91899701922
160619178658
92990417505
161709894241
161499207336
160358373032
92763756964
161483233700
92717521249
92784634193
161504110929
92965001624
91895515786
160614992522
91895450250
97277008532
160426203796
165996485268
91630480034
160349956770
91647257250
160366733986
91647257233
160366733969
92720999057
161440475793
92982045352
161701522088
109155363496
177874840232
92973443745
161692920481
109096372870
165988149921
109155359400
177874836136
92784695713
161504172449
91643779426
160363256162
92965005656
161684482392
92965005912
161684482648
92717521250
161436997986
97259989352
165979466088
92780731044
161500207780
92767922578
161487399314
92784892514
161504369250
109079571106
161440405153
177799047842
109096569482
177816046218
160631786121
161756056201
91638621848
97259989652
165979466388
92712364632
161431841368
93049219752
91639618216
160359094952
97264212369
91638831528
160358308264
92712561064
161432037800
91912546978
160632023714
93036620450
97075440020
165794916756
97075440276
165794917012
91643087237
160362563973
161436281233
92969511570
160363584161
161431837336
91621841560
160341318296
91638618788
92717849249
161437325985
161701583524
92973664905
109087992472
91630479761
160349956497
177807469208
92712625832
161701517912
92982041240
161701517976
92720998049
160362285702
161440474785
92779746984
161499223720
160358356632
91638831780
161440471713
92722043553
161441520289
92720994977
91648236193
160367712929
160358308516
91626023314
91639933592
160359410328
160358361752
91638885016
91638622616
92717787794
161437264530
97277024916
165996501652
91626023265
160345500001
91643021641
160362498377
97285446289
166004923025
91647257234
160366733970
92720999058
92767131986
92779731288
92716800338
161436277074
161499928920
91643849122
160363325858
91643849378
160363326114
91710916998
160430393734
91638622632
160358099368
91639671208
160359147944
91638622888
160358099624
178889824929
109096606369
177816083105
110170348193
161499223716
91630213522
160349690258
91706780328
91643070794
160362547530
92784630178
161504106914
92780452200
161499928936
92780472916
161499949652
92720998754
161440475490
91908319848
160627796584
91908319912
160627796648
97083795874
165803272610
161487329873
92965329556
161684806292
161684544084
93032377000
161751853736
91638621864
91643061922
160362538658
160627583592
92981848680
161701325416
92713364072
161432840808
97264159110
165983635846
97264216465
165983693201
160362539681
91644045985
160363522721
91644111521
160363588257
92716739233
161436215969
92716804769
161436281505
92717787809
92965280404
161684757140
92767853217
161487329953
161504107169
92712560276
161432037012
91638901092
160358377828
91638901156
91621774680
160341251416
91621778836
160341255572
160434891425
160358377892
92720928354
161440405090
92720928418
161440405154
97083857569
165803334305
91647257249
91715082594
160434559330
160366733985
92981865112
92717853346
161437330082
92973664906
91639622040
160359098776
92721781329
161441258065
91638831764
160358308500
92720929425
161440406161
178885565026
92982045272
161701522008
92982045336
161701522072
161490803026
92779747672
161499933092
109088250536
177807727272
92779752104
161499228840
91705992868
160425469604
109087988136
177807464872
91630217634
160349694370
91638639016
97281252002
166000728738
92716738914
161436215650
97344187044
166063663780
91647265098
160366741834
160627579476
160610802260
91639667284
160359144020
91706776148
160426252884
91912489605
160631966341
92986219089
161705695825
93032372836
161751849572
109096610465
92721715793
92772047441
161491524177
92788824657
161508301393
160610802276
92771325602
92788836933
161508313669
92788836997
161508313733
92784958098
161504434834
160359148132
97079925394
165799402130
92784634274
161504111010
92763740760
161483217496
92780534356
161500011092
92990413393
92990425733
161709902469
91715094921
93049215656
161768692392
97259989396
165979466132
97074698584
165794175320
97074698648
165794175384
91647986249
160367462985
92965018212
161684494948
92772047457
92982041172
161701517908
91643779473
160363256209
92767853137
92969191813
161688668549
160358291876
91638819492
160358296228
161504373346
92784708233
97268406881
165987883617
92788890274
161508367010
91622828708
160342305444
91622894244
91626019489
160342370980
92712560280
161432037016
160363256210
92969191814
161688668550
92969249361
161688726097
92784724554
92780456552
161499933288
91621774696
160341251432
91621795220
160341271956
91626019410
160345496146
91891276452
160610753188
160425487000
92720929426
161440406162
97264216481
165983693217
91908102744
160627579480
92780522068
161499998804
92986223185
92973468233
91627068065
161692944969
160346544801
161701534376
91705992872
97285212806
166004689542
97285446306
165996567208
97344199336
160359160468
91647252882
160366729618
160610802280
97083791714
165803268450
91908123220
92965264040
97260034728
165979511464
165799074209
166000728722
92767918689
161487395425
92717521313
161436998049
92784642441
161504119177
92969245330
161688722066
160434629010
93040814753
161760291489
93049232040
161768708776
91710888337
160430365073
91630479714
92780517988
161499994724
160349956450
97259989412
165979466148
97260050856
165979527592
97074702680
92767922593
161487399329
165794179416
92771330658
161490807394
91899710089
160619186825
93032372840
161751849576
161688922769
160349956434
91643779490
92780522136
161499998872
91643005578
160362482314
109087988308
177807465044
109092375173
177811851909
92713671320
161433148056
161431837016
92712622424
161432099160
91642808902
91621774744
160341251480
160358094420
92767857313
91642807946
160362284682
92712642900
161432119636
92712642964
161432820136
92986284706
160362301065
92712626532
161432103268
91621844388
91643783570
160363260306
92767857249
161487333985
97264216482
91621844392
91638815144
160358291880
92716735074
161436211810
110170348178
178889824914
110229088932
178948565668
91631262369
91631524513
160351001249
161432037028
92767135393
161486612129
91705989796
160425466532
91710954145
160430430881
91711216289
160430693025
91638880920
160358357656
92712622744
161432099480
92780522084
161499998820
92780522148
161499998884
109071198628
177790675364
109071198884
177790675620
92986223266
161705700002
91627072161
92716804706
161436281442
92771326370
161490803106
91895466634
160614943370
91895532170
160615008906
91630213473
160349690209
91643021638
160362498374
160358374052
91706006180
160425482916
91715148449
161499208024
160434625185
91715410593
160434887329
92713347736
161432824472
92712626584
161432103320
92712626840
91891346084
160610822820
97264474786
165983951522
92771326353
161490803089
91621844628
160341321364
92713409172
92784642442
161504119178
91621844632
160341321368
91638830756
92763744856
161483221592
92780534372
161500011108
92767922594
92981848740
161701325476
161487399330
92784896610
91642825098
160362301834
92712364456
161431841192
92788853126
161508329862
91895507602
160614984338
91638818468
160358295204
92716738209
161436214945
91621840488
91621840552
160341317288
160341580436
91621844648
97079663010
165799139746
160341321384
160358110888
161436281250
92720998738
161440475474
92780456616
92762954136
161482430872
92784708166
161504184902
160627595940
91908381348
160627858084
92969245089
92973439377
161692916113
92981844580
161701321316
161508366737
161441192337
160434625105
97264474769
165983951505
161437264529
97259969172
165979445908
97260034708
165979511444
97260296852
165979773588
92713343572
92965001812
161684478548
92990483090
160341256552
91621779880
91621778792
160341255528
91621778856
160341255592
92767857058
161487333794
92767947338
161487424074
92767947402
110220683938
178940160674
92973636193
161693112929
109079566753
177799043489
109087971944
177807448680
92973439393
161692916129
92973468293
161692945029
97074702696
165794179432
160341338708
91638835604
91647978065
177807448744
161688725921
92973439378
161692916114
161688726113
92969249441
161688726177
161508313478
91705993892
160425470628
91710958241
160430434977
91711220385
160430697121
91710892705
160430369441
92986219169
97260034724
97260034468
165979511460
97260296868
165979773604
92713671336
161433148072
92780780200
161500256936
91715152530
160434629266
92789090914
161508567650
92789090978
161508567714
92772141706
161491618442
92788132426
161507609162
91643058513
160362535249
92767853202
160363256401
91899726470
160619203206
91899697570
92973636194
161693112930
109079566754
177799043490
109087976040
177807452776
92973439394
178881211048
91647978082
160367454818
165996292708
110170282578
92990413394
161709890130
97276815972
178889759314
161499945320
91638621592
160358098328
161508305506
161499224488
160341600920
91638901412
160358378148
91715087009
92969208453
161688685189
160434563745
91891259748
160610736484
91638883992
160358360728
91895466373
160614943109
92713413224
161432889960
161432890024
160430430865
91631262354
165979445652
91631200930
160350677666
91648002698
160367479434
92712643156
161432119892
92788894289
161508371025
161499228820
91706010260
160425486996
92779752084
92762974868
161482451604
92788894353
161508371089
165799074449
161692879493
91891276132
160610752868
91899660677
160619137413
161684494692
92973402693
92713691816
161433168552
92713429608
92713364136
161432840872
92713626280
161433103016
92713429416
161432906152
92713429672
110161734296
178881211032
92762958164
161482434900
92779735380
161499212116
92784642633
161504119369
91627002513
160346479249
91626019473
160345496209
91621776020
160341252756
91642808965
160362285701
92788828833
161508305569
92789090977
161508371105
165803338401
97084123809
165803600545
92973402758
91908299412
160627776148
91706776212
160426252948
91912542865
92713605780
166063659672
92784958113
161433082516
165983693218
91626285473
160345762209
91715094918
160434571654
92981844392
161701321128
92969245346
161688722082
92981844648
161701321384
91644045986
97259985300
165979462036
97260051092
165979527828
97259985556
165979462292
110161910360
178881387096
91706776168
160426252904
161487661730
160341579416
91621780116
160341256852
91626023569
160345500305
91630475921
160349952657
160367778449
91631196817
160350673553
91648051845
92982041252
161701517988
93036616353
161756093089
92713605784
161433082520
92973402757
92969208202
161688684938
92969249186
161688725922
92969249378
161688726114
92784921222
161504397958
92969249442
161688726178
97268406929
165987883665
97268669073
160430365090
161440475730
165979527844
97260313252
165979789988
97259985316
165979462052
97260051108
97260050852
165979527588
109096610449
177816087185
91899959969
160619436705
92779747668
161499224404
92780452452
92767852945
161487329681
92767131985
161486608721
92767853201
161487329937
91621778788
160341255524
160341255588
91648068166
92965005668
161684482404
92969208201
161688684937
91891263844
160610740580
91895466377
160614943113
160429656458
92969208457
161431841380
92784630434
161504107170
92965329576
161684806312
161487424134
92767853218
161487329954
161499228836
92788828818
161508305554
92789090962
161508567698
92779752100
91706010276
97276815976
165996292712
91642825093
160362301829
109088172712
177807649448
161437067921
91710958225
161692879494
92780468584
91622828392
160342305128
91639617896
160359094632
91891276136
160610752872
91627006609
160346483345
91626285713
160345762449
91912505989
91638901416
160358378152
92762974888
161482451624
92788828834
161508305570
92712643240
92789156514
93036616338
161756093074
160346479010
91706710420
160426187156
91706710676
160426187412
92762958248
92717586849
161437063585
92767918497
161487395233
92712561236
161432037972
92771326545
161490803281
92767136337
161486613073
177807452760
160358114916
91638830760
92716738962
161436215698
92767857234
92767136338
161486613074
92783937926
161503414662
161701517992
92982106792
161701583528
92721785425
161441262161
160349693585
91621796500
160341273236
91630217873
160349694609
91631200913
160350677649
91631266449
160350743185
161692879498
97268370058
165987846794
160627776168
97344187032
166063663768
92717521553
161436998289
97268410786
165987887522
91912542882
160632019618
161503398534
91975473832
160694950568
91707038376
160426515112
161437002145
92717591137
161437067873
161504135561
161490803282
92767136353
161486613089
91912292998
160631769734
91643071110
160362547846
91621776024
160341252760
91642808966
91643792006
160363268742
91643071113
97079597473
92717590946
161437067682
92717591138
92716804514
161701325224
92784699810
161504176546
91630213778
91648301714
160367778450
91626285729
160345762465
91715095174
160434571910
91899959954
160619436690
160346544737
92783937925
161503414661
91638884004
91638897048
91643808133
160363284869
92965005716
161684482452
92767857041
92965001816
161684478552
161487333777
92784634257
161504110993
160615008902
91626023570
160345500306
91627330210
160346806946
91710982790
160430459526
91647265417
160366742153
91710917254
160619137670
91916503686
160635980422
91648301730
160367778466
91630480018
160349956754
91631266450
92784634209
92784659017
97079601505
165799078241
160425482584
91621796504
160341273240
92990417506
161709894242
92990417570
161709894306
165979511396
109087976020
177807452756
91638815128
92784630418
161504107154
91891259812
161499224420
160610736548
92717525345
161437002081
161487333729
92965018200
161684494936
92767857057
161487333793
92784634273
161504111009
92716738210
91621796248
161436214946
92762957480
92784708230
161504184966
91647986245
160367462981
91648236113
160367712849
92712364648
160342321816
91639622308
160359099044
91891280548
160610757284
91899701921
92717591185
91638814372
160358291108
91638815332
160358292068
91638819476
160358296212
91626019233
160345495969
91638831784
160358308520
161756093090
92772375201
161491851937
92717591186
161437067922
92716739218
161436215954
91644045970
160363522706
91643062930
92767132322
161486609058
93036620449
161756097185
92717525665
161437002401
91643849377
160363326113
92717591201
91643779730
160363256466
91644041874
160363518610
91638815396
92969454217
161688930953
161756039814
92716800658
161436277394
160434571657
97268369797
165987846533
161436281506
91643062946
160362539682
92716804770
92767857314
161487334050
92784659082
92969470601
161688947337
161441192594
161441454738
91638622884
160358099620
92788836998
161508313734
92789099142
161508575878
160363321938
161499208084
91638814356
160358291092
92716799633
161436276369
161486608017
92767132241
161486608977
92767132305
161486609041
165979531944
92969208454
92712561304
161432038040
91638819480
91643783826
160363260562
92784659078
91706005860
160425482596
97079597410
165799074146
97079597474
165799074210
161693141638
160367717010
91648043666
160367520402
91638639268
160358116004
92788853382
161508330118
161508592262
92973468294
97083791778
165803268514
97083857506
92788918918
161508395654
97083857314
165803334050
92779747752
165803334242
92712576660
161432053396
92712621736
161432098472
92712622760
161432099496
161436998290
161441192289
92965001576
161684478312
92771325585
161490802321
92788828497
92767131297
161486608033
92767947337
160627858088
161487424073
92772047265
161491524001
92788836937
161508313673
92969441890
161688918626
160362547529
91710888274
160430365010
161705724553
91710888338
160430365074
91626281313
160345758049
91639683748
97079601506
165799078242
91638814360
91643071046
160362547782
160359160484
92981848728
161701325464
160631786118
92986051205
161705527941
97281018501
166000495237
110161717908
178881194644
92721719649
161441196385
92965018024
161684494760
92772051297
161508305249
92772051361
161491528097
92990413474
161709890210
91648051782
160367528518
91648236178
160367712914
91715148434
160434625170
91643087241
91638814312
160358291048
91638815080
160358291816
91638815336
160358292072
91626019426
160349694353
92716734817
161436211553
161440475489
91891263908
160610740644
92965005924
161684482660
110170286738
178889763474
109075376801
177794853537
160367516305
92721781393
91647974033
160367450769
92986284705
161705761441
92973451909
161692928645
91621845396
160341322132
91715094922
160434571658
91916741281
160636218017
160363268489
91648240274
91648240210
160345500258
91638819240
160358295976
91638819176
160358295912
91638819432
97079667298
165799144034
165996489304
92982110884
161701587620
160362285637
160366728849
92720993937
161440470673
92779731300
161499208036
91638830740
161508301153
160358307476
97268410769
165987887505
92986051209
161705527945
92986247817
92772047506
161491524242
91631266465
160350743201
91631528609
160351005345
92712560296
177811655306
161440405858
97083861602
165803338338
92788894114
161508370850
91908315752
161490802337
91638834836
160358311572
92771326369
161490803105
92767922834
161487399570
92784700050
161504176786
92982110872
161701587608
91639671460
160359148196
91891276180
160610752916
91899697745
160619174481
92973439569
161693125253
92713347668
161432824404
160358094488
91638618520
160358095512
91638617496
161688668806
109071194776
177790671512
91895450246
161440406113
91715414674
160434891410
160345495137
161499933348
91648264838
161705765521
160350739042
91643070857
160362547593
91710179718
160349693346
160429656454
91710900614
160430377350
91710954066
92780468836
161499945572
92990442121
91622828440
160342305176
91639618148
160359094884
91891276196
109075376802
177794853538
92767918737
161487395473
91644107409
160363584145
92712557204
161432033940
91621841556
160341318292
160426257060
91622102680
165803334289
97083857553
91648039585
91647974049
160367450785
160635980421
92969273990
161688750726
92986051206
161705527942
161499945620
97260038820
97264216721
165983693457
97264478865
165983955601
97083791762
91639601764
160359078500
91648236177
160367712913
160358111892
91647253137
160366729873
91648039569
92720929121
161440405857
92721715810
161441192546
160627776100
110161717844
178881194580
177811655301
161705724554
109071133076
92712561256
161432037992
91643808137
91710917001
160430393737
91899697554
160619174290
91899697810
160619174546
92784700002
161504176738
160363522641
92965071460
161684548196
161701325412
92788824722
161508301458
161431841128
160615242386
92969441938
91895765650
97264474785
165983951521
165983689362
97264212626
97259969176
92969445970
161688922706
161693178514
92973636242
161693112978
92780468824
161499945560
91706727064
160426203800
91891276184
160346548898
97281215109
92767930950
161487407686
92784630113
161504106849
97259968856
165979445592
97259968920
91895769746
160615246482
91891264152
160610740888
92763679384
161483156120
92780456600
161499933336
91639618212
109092178566
92767922850
161487399586
92784700066
161504176802
92973705874
161693182610
91899964050
160619440786
109071149720
177790626456
177815849606
92965022360
91710954082
160430430818
91630213537
160349690273
91643021702
160362498438
91643808134
160363284870
91643845218
160363321954
92965018216
161684494952
92780472740
161499949476
92973664902
109071129256
177790605992
109071194792
177790671528
165987887697
110229084824
91908299428
160627776164
161705695905
109088168612
92767857297
161487334033
92767922833
91643062929
160362539665
91621845652
160341322388
91643849361
161693178513
92990478993
161709955729
92713429652
91630479777
91647281737
160366758473
91908315800
160627792536
91916737170
160636213906
91648002438
160367479174
91647281542
92784700001
160345758034
91912546977
160632023713
177807649444
110166092449
178885569185
92982045348
91621862036
160341338772
92771330705
92772117137
161491593873
161490807441
161688734341
91622106776
160341583512
91643845265
160363322001
92767931013
161487407749
91912542866
160632019602
110216485522
178935962258
92981844644
161701321380
97281252001
165983718021
92784708169
161504184905
165803268753
92788824721
161508301457
97083792017
92717787810
92784699793
161504176529
91639683736
91706792600
160358110872
91908303508
160627780244
160627776152
91908299416
160346478994
91643791750
91627067794
160346544530
92716800610
91710888289
160430365025
160614980258
91643021894
160362498630
91647265161
160366741897
91908319892
160627796628
91908106904
161756097170
160627583640
91912546962
160632023698
92990479009
161709955745
161705765522
109088172696
177807649432
161440405841
92767136081
161486612817
91891329624
160610806360
91627330193
160346806929
110220683937
178940160673
93032393368
161751870104
91706796696
160426273432
91908123288
160627600024
91916741266
160636218002
97079667297
165799144033
92784699809
97079667105
165799143841
92779747928
161483151784
160425466216
92779731304
161499208040
160362563977
91908369060
160627845796
91631196562
160350673298
91630475666
161684757160
161684822696
92762957464
91899697826
160619174562
91908319908
160627796644
91631266401
160350743137
91908315816
160627792552
91908381352
160632019601
93036616337
161756093073
91710892385
160430369121
97259972964
165979449700
92767132049
161486608785
161440471697
91630212770
160349689506
91626018386
160345495122
161431841384
91626018450
160345495186
91638884692
160358361428
91638879896
92772125254
161491601990
91715152529
160367528581
91715410577
160434887313
91643087493
160362564229
91715095173
91916737185
160636213921
91908315812
160627792548
92717521314
161436998050
92982057636
161701534372
160359410340
161508592266
92712643176
161432119912
92780534420
161500011156
91638617704
160358094440
91638835540
160358312276
92784700065
161504176801
160425482580
160429673094
91715160713
91648051849
160367528585
91648305809
160367782545
91706710436
160426187172
91706710692
177816087201
166004927137
91630475682
109088189092
92780456536
161499933272
161688668741
92969257541
161688734277
161503398213
92783921733
161503398469
91705988756
160425465492
91638618724
160358095460
92716735058
161436211794
92779730580
92986219154
161705695890
161437063762
160363518546
91644041810
91710888610
160430365346
161751849640
92716739154
161436215890
91644045906
160363522642
92767136146
161486612882
92720994913
92969208197
161688684933
92784699794
161504176530
92784708234
161504184970
160358312356
91639617892
160359094628
92965022120
161684498856
160363326097
160358099556
91643062881
92767136161
161486612897
93032442532
161751919268
92762953368
97259968872
165979445608
97259968936
161482430104
91648240225
160367716961
91638639204
160358115940
92973640289
161693117025
92973636258
161693112994
161440410194
92788853129
161508329865
97083792018
165803268754
91639617940
160359094676
161499212200
161760287393
91908106836
160627583572
161504373329
110170282594
178889759330
97259968868
165979445604
165979511204
91710900617
91710892369
160430369105
91715111305
160434588041
97083795809
165803272545
91715086689
97259985256
165979461992
97259985320
92762973864
161482450600
110170286753
178889763489
160346806945
91644107425
91895765665
160615242401
91912542881
160632019617
91630212754
160349689490
91638634136
91638884708
160358361444
91638884772
160358361508
91638618468
160358095204
161504201350
91643021961
160362498697
91710196361
160429673097
109092412050
177811888786
165979445672
97277024868
165996501604
97285212805
166004689541
92784921226
160342301096
165979527780
160358312292
91638835620
91638830696
160358307432
91638834852
160358311588
91647265418
160366742154
91710196362
160429673098
91648305810
160367782546
91715095178
160434571914
91643791942
160363268678
160367520354
91638879908
161499207332
92783921478
161503398214
92763675304
161483152040
92783921734
161503398470
161487657633
160345500050
160426203812
92788890273
161508367009
160349955746
161692928581
110220679842
91622107476
160341584212
165794179736
97074697896
91643779729
160363256465
91710888593
160430365329
91626281297
165794174632
160362481989
91643779665
160345758033
161482435156
91706731172
160610752932
160358114920
110161975976
110161734292
178881211028
92990245509
161709722245
178881452712
177816083089
161504135753
97260038756
165979515492
91895532166
91643070793
91710179654
160429656390
91643005254
160362481990
91626019154
97264224906
165983701642
91638638184
92716734866
92784695890
161436211602
91643058593
160362535329
161504172626
92762954072
161482430808
91648051850
160367528586
161499208356
97259989656
165979466392
97260055192
160610757028
109071149464
177790626200
91638622628
160351001233
160358099364
92720929170
161440405906
92721715602
161441192338
92721781330
92973701778
160358357672
92780780196
91643845282
160363322018
97277012584
165996489320
91621840280
160341272980
91630217617
91631262305
160350739041
91621796244
165794900644
92969445985
161688922721
91621861976
160610757012
109071149460
177790626196
91891341972
160610818708
92965067352
92768180898
161487657634
92784958114
178948561556
92780468904
161499945640
97264212578
91710888594
160430365330
160350742945
91895503458
160614980194
91626023330
92788894354
161508371090
161499224472
92716799634
161436276370
92969441874
161688918610
109075372641
177794849377
97264212562
97264216466
165983693202
109087992404
177807469140
109087992468
177807469204
92713347672
161432824408
91715082642
160434559378
109087976104
109075376738
177794853474
91710179658
91642808650
160362285386
92717587042
91638634916
160358111652
92717525394
161437002130
161437063778
161504172642
177799043666
109087988312
92973636178
161693112914
109087976036
97264241289
165983718025
160359094680
109088172644
92973443474
161692920210
177807465064
109079567010
177799043746
91639622244
160359098980
92763695524
161483172260
165996550820
91908364964
160627841700
93032438436
161751915172
109088234148
160694950564
93049215652
161432840788
92713364116
161432840852
165983652490
161508313670
91647256993
92771330657
161490807393
91638639012
160358115748
92712380824
161431857560
92788132230
161507608966
91627006305
160346483041
91627006369
160346483105
91627002258
91627067986
183243532964
160346544722
91975477924
160694954660
160341272984
160366758278
91630479762
160349956498
91630217810
160349694546
160362547849
109088184932
177807661668
91621775768
160341252504
110161734228
178881210964
92981844632
91627006354
160346483090
91643808326
160363285062
161504381573
165979511384
92986219090
161705695826
97276811876
165996288612
166000691845
92713413204
161432889940
91639667300
91710982794
91891341924
160610818660
91908119140
160627595876
160359160420
92981860964
161701337700
97285409413
166004886149
92713413208
91621796264
160341273000
91631200674
91630217826
91630479778
160349956514
160614984098
92969445986
161688922722
160358094436
91891280280
160610757016
161487407754
92720929377
161508563553
91643071050
160362547786
91639671396
92713413220
92767918754
161701341796
92763757160
161483233896
92780534376
161500011112
110161734232
178881210968
161500195416
177807665768
177807665832
161693141642
165987912330
91899726474
92982127272
161701604008
92712556184
161432032920
161436210849
91643004550
92716734049
161436210785
92716738897
161436215633
92716739153
161436215889
160362481286
92716734113
160341255828
91630475601
160349952337
91621861016
160341337752
91638638232
160358114968
91647265162
92720994914
91895503457
160614980193
92969208458
161688685194
178948565656
110229101220
178948577956
114524052136
183243528872
109155359396
177874836132
93032454820
92716734050
92720933201
161440409937
92720933457
161440410193
91643004554
160362481290
92716734114
161436210850
178885630609
92712364452
161431841188
91647986246
93032454824
161751931560
160367462982
91631262290
92982123176
161701599912
91626018209
160345494945
165794179428
91706776228
92713409176
92712642904
160363522722
92713609892
161433086628
92788890194
161508366930
92772113042
161491589778
92788890258
161508366994
91899660678
160619137414
91899701857
160619178593
92767136417
161486613153
92981861028
160341256612
91621780132
160341256868
161684560292
92965018020
161684494756
92965083556
92965345956
161684822692
91899959953
160619436689
91631524497
92981861032
92788890210
161508366946
92772113058
161491589794
92982057576
92981860968
161701337704
165996288616
97083857313
92789086817
97277008484
165996485220
97277012580
92965083816
161684560552
92716738145
161436214881
92716738913
161436215649
92716739169
161436215905
92762957476
161482434212
92772125258
161491601994
92772125322
161491602058
91627068002
160346544738
161441192354
161508301218
97277008488
165996485224
97276811880
92713409112
161432885848
160362547781
91627067809
160346544545
161504110946
161684499096
161490807377
92716738146
161688930949
97264224901
165983701637
161436214882
92720933217
161440409953
92720933473
161440410209
109088168596
177807645332
161504434849
97079925409
165799402145
91891329700
160610806436
91891341992
160610818728
97083791761
165803268497
91891604136
165983701638
160611080872
91715082914
160434559650
109088168536
177807645272
110161910420
178881387156
109088172692
110166153873
93032372884
97264241285
92780452440
161499929176
161436210769
91638834856
160358311592
91626018210
160345494946
91638617512
160358094248
160358115668
161483152024
91643005574
92716735122
161436211858
92762954148
92762954392
161482431128
91648043665
160367520401
92772141701
161491618437
91626281361
160345758097
91643071045
91710900613
160430377349
91710954065
160430430801
91710179717
160429656453
91639687844
160359164580
92990483105
161709959841
160619178385
92762954152
92784724553
91710958177
160430434913
97264175497
165983652233
165996489316
91638880660
91626019218
160345495954
91643791753
91630213794
160349690530
109088184980
177807661716
92965022376
161684499112
92965284520
161684761256
160359148116
92767947398
91626281617
160345758353
91643071109
160362547845
91710900869
160430377605
91710966405
160430443141
161432103588
91639671464
92965018004
92789086818
161508563554
97264175498
165983652234
91895466374
160614943110
109075376785
177794853521
109088168600
177807645336
177807649428
92788902533
161508379269
161701321368
91638622552
160358099288
160358099352
160367450513
161684548180
161487661729
91630480017
165979515480
92969470598
161688947334
109087976024
109075376786
177794853522
109087976088
177807452824
109088172632
91621774740
160610802264
97079929505
165799406241
91630212514
160349689250
92764007076
161483483812
91638639192
160358115928
161482435236
91638835560
160358312296
92990417489
161709894225
91631200929
160350677665
160363268486
91643845202
91630480033
160349956769
161688685193
110161910424
178881387160
110166153889
178885630625
97075423640
91705988760
160425465496
92783921542
161503398278
92764007080
161483483816
91643021706
160362498442
91643021962
161483233960
161482434984
92990417490
161709894226
161692945030
91642808714
91638896996
160358373732
92767857298
161487334034
92762958168
161482434904
92767931017
161487407753
91622106788
160341583524
91710196041
160429672777
92783937865
161503414601
92783938121
161503414857
161432885912
161688725906
92969249426
161688726162
161701522068
92969249425
161688726161
92767918674
161487395410
161688722002
91626023522
91626023266
160345500002
160345500066
91638622824
160358099560
91648068230
160367544966
91643792005
160363268741
91638815064
160358291800
97079663186
165799139922
97276811928
165996288664
92784904838
161504381574
91621860968
160341337704
165795224212
97344182932
166063659668
92780780180
161500256916
91630216866
160349693602
91621795240
160341271976
91630216610
91630217570
161684548184
91908119144
160627595880
91916700294
160351005346
91648264842
160367741578
91621796520
160341273256
92780452436
161499929172
92763695784
161483172520
92780473000
161499949736
91638834840
160358311576
161482434200
92779734680
165799139938
161499211416
92783921482
161503398218
110170286754
178889763490
178889763426
91908123240
161499928980
110170286690
91916700298
165996501672
92788918857
161508395593
91622106792
160341583528
91710196042
92783937866
91621779796
160341256532
91626285393
160345762129
91643021637
160362498373
91644041873
160363518609
91647018630
160366495366
97079667345
91643873925
91622844840
160342321576
109071133080
177790609816
91891259752
160610736488
160359078312
92788824401
92784630417
161504107153
97264159365
165983636101
92717849234
92712557208
161432033944
92783921798
91626285409
160345762145
92780538452
161500015188
91643087177
92722043538
161441520274
91621845668
160341322404
92767947401
161487424137
161701522084
92771326610
91621779816
161437260449
161486608802
91621780120
160341256856
91707038372
160426515108
92764002968
161483479704
91891587748
160611064484
161684806308
92772047521
92772125321
161491602057
161508379273
91647973778
160367450514
91621775784
160341252520
91621776040
160341252776
92965005736
161684482472
92789152418
161508629154
92712381080
92772141705
161688722001
92981844564
161701321300
92780538468
161500015204
92780538456
97083857490
165803334226
161500015192
97268406930
165987883666
92767918753
161487395489
161433082472
92764007064
161483483800
92780796580
161500273316
91623156376
160342633112
91639945892
160359422628
91891604132
160611080868
92981860772
161701337508
92965018008
161684494744
160359099028
97268406946
165987883682
161508371026
92789099146
161508575882
165795224216
92788902474
97277024936
160350739026
160619440785
160341251476
91626018193
160345494929
91626019153
160345495889
91626019217
92784700049
161504176785
92981865060
92981860776
161701337512
91975490212
160694966948
91627002210
160346478946
91627002274
91638880932
160358357668
165799074465
91622103704
160341580440
91710954130
92779735716
91627072162
91643873930
160611068580
160363350666
91912309386
160631786122
160434559314
91627067985
160346544721
91643845201
160363321937
91626018194
160345494930
91638622548
160358094232
91626022545
160345499281
92969507473
161688984209
109075634833
109092412049
177811888785
97285450385
166004927121
97344182952
91715082913
160434559649
92788824737
161508301473
91638897316
92762958488
161482435224
160627599956
91908123284
91627006306
160346483042
91627006370
160346483106
160425487012
91626022305
160345499041
160358098340
91638634840
160358111576
91638634904
160358111640
92788824417
91627068001
91643845217
160363321953
91908102756
160627579492
92780784292
161500261028
91891591844
160363321745
91705989476
160425466212
91638831700
160358095508
91638618772
91639683668
91630213457
91638880676
160358357412
91638831460
160358308196
91648301729
160367778465
161500015208
92780538472
97075505768
165794982504
91648240290
160367717026
97260055144
109092412065
177811888801
97074698580
165794175316
97075419540
165794896276
97075419796
165794896532
92780518052
161499994788
92712360340
161432820372
92784695969
161504172705
161432885844
92712622420
161432099156
91638617508
160358094244
92712556952
161432033688
91626023506
160362285638
92772125317
160362302022
161507609221
92779746980
92720994657
161440471393
91623156392
160342633128
161693182626
97268673186
165988149922
177816087202
91621779112
160341255848
160341256616
91621780136
160341256872
92712364692
161431841428
161487395490
161500015252
92767132066
92780452264
161499929000
91643071114
160362547850
109071198808
160358095448
91638618776
92981848472
161701538472
92981865064
161701341800
91648068234
160367544970
92772117154
161491593890
92783921738
161503398474
92762954132
161482430868
92762958420
92763675284
161483152020
92969441937
161688918673
91622824596
160342301332
91639601812
160359078548
161432103576
92780452500
161499929236
91710888273
92717521233
161436997969
161504106833
92784630097
161486608722
92965071444
92720994961
92717525585
161437002321
91891264148
160610740884
97079601810
165799078546
177815849605
91643058529
160362535265
160341317992
97259973016
91908315796
160627792532
91631262289
160350739025
160614926981
92969273926
92771330721
109075634849
177795111585
109155343000
161688750662
91639601576
92784642437
91912292997
160631769733
93036563077
92713413268
161432890004
93036563078
91638638936
160358115672
92717591121
161432906388
92780538516
161487395426
165799144082
91912309382
91891276436
160610753172
91899697809
160619174545
91639618196
91643021958
160362498694
91899697761
160619174497
91648068165
160367544901
91715148385
109092162186
177811638922
109155347096
178881391252
160631786117
110161914516
97075423652
165794900388
110161713752
178881190488
161431857492
92780521892
161499998628
92780534360
161500011096
92772051346
161491528082
91647281733
160366758469
161432053352
92780521896
161499998632
92780538520
161500015256
92767136418
161486613154
92780522152
161499998888
92780784296
161500261032
160349689441
161684744852
91647973794
160367450530
92721715618
92772116882
161491593618
92986288785
97268435589
161487424138
160430377606
91710966406
160430443142
91706714772
160426191508
160359094932
161432824468
91622828692
160342305428
92763679380
161483156116
160358095524
91643845281
160363322017
161486608801
92721719714
161441196450
161692879242
92973443490
161692920226
160341251496
91621840296
160341317032
91621861716
160341338452
91621774760
91638880916
160358357652
91639929492
160359406228
92762958436
161482435172
91639622292
91706731156
160426207892
91899701905
91899964049
92720929122
92720929186
92981861016
161701337752
160362498698
91706792360
160426269096
91639863972
160359340708
91639683732
91639929508
160359406244
161483233944
110161914532
178881391268
110220679826
91706780324
92990413458
161709890194
160426269336
92990478994
161709955730
161440410210
91647215242
160366691978
91647216266
160366693002
92712380008
161504106913
110161914520
178881391256
110220679841
178940156577
91706780312
160426257048
91908303512
93040810657
91891341988
160610818724
92763761304
161483238040
97276832408
165996309144
110161930904
178881407640
178940156578
92780735128
161500211864
92965087896
109079566738
177799043474
109087975844
91621840532
160341317268
91638617748
92712359572
161431836308
92720994641
161440471377
91647265093
160366741829
91647265157
92720994897
161440471633
160358110804
161441192529
91626023505
92716800353
161436277089
161437067857
91621840472
91621861012
160341337748
160358114964
91647265097
160366741833
91648043601
160367520337
92721719889
92712381012
161431857748
160341251412
91638879892
92762953364
161482430100
161499207316
92783921477
92783921541
161503398277
91622102676
91710196037
160429672773
160429672837
92779730596
91710196357
91710179974
160429656710
161432098456
92784634513
160429672774
91705988776
92762953384
161482430120
161504111249
92788828817
161508305553
92716799650
91715152465
92788828753
91644111506
160363588242
91643792010
160363268746
114524052120
183243528856
92780780184
161500256920
91707038360
91639929496
160359406232
97277074084
97344182948
166063659684
91627071905
91639687828
160359164564
160346548641
160346548897
92990483089
161433152164
92713675428
110161980068
178881456804
114524056228
109155347108
177874823844
109071461028
177790937764
161431837080
91643845010
160363321746
91643873861
160363350597
92767918738
161487395474
160363350661
92712557144
92721785489
161441262225
92772116881
161491593617
161432037976
92712561240
91638819416
161751931556
109088250532
177807727268
91707042456
160426519192
160627845784
92780784280
161500261016
110161980056
178881456792
160367463050
91639933608
160359410344
91707042472
160426519208
91908369064
160627845800
91975477928
160694954664
93032442536
161751919272
92717590945
161437067681
92767922785
91638819428
160358296164
92982045284
161701522020
161437067937
91621845412
160341322148
92712622680
109087972008
161432099416
92779731556
161499208292
161504172641
161436277329
92780714644
161500191380
160358357396
165996485272
97277008536
91705989524
92712622484
161432099220
92712622488
161432099224
91638880664
91638880868
91638880856
160358357592
160430430802
92784724550
91638880680
160358357416
91710888354
92712622504
161432099240
161482430888
178931784340
110229084820
93049215636
161768692372
91975473816
161756039813
92784892561
97264159366
165983636102
97281002118
166000478854
92965329572
92767132321
161486609057
109155343016
92784642694
161504119430
160430430866
161499208360
91638880936
91705989800
160425466536
92762954408
109087975848
177807452584
91643058577
160362535313
91621774996
160341251732
91626018449
160345495185
161705695889
92986219153
161751849620
92717587025
161437063761
160430430610
92784892498
161504369234
92784630162
161504106898
165996485208
97277008472
160430430817
91710982789
160434559393
160434625121
91715177093
160434653829
92788918917
161508395653
97079663202
160430393994
91644111522
160363588258
91647215946
160366692682
92720933218
161440409954
160349690466
91627072098
91627071906
160346548642
161709959826
91644045922
160363522658
161508379270
92788902534
92779735460
161499212196
91622107556
97277024920
165996501656
92784896609
161504373345
161504176737
92717783713
92784892577
161504369313
91622123928
160341600664
91715086753
160434563489
97268406690
92788894098
161508370834
165987883426
92789090913
161508567649
91715111562
160434588298
161432906408
92780538536
161500015272
97260055208
92990483106
161709959842
92779731560
161499208296
92713343384
161432820120
92780452248
161499928984
165794896280
92780452260
161499928996
91710953890
160430430626
91626281298
91626281618
160345758354
91626280594
160345757330
97264216658
165983693394
97264216722
91631266466
93032389268
161751866004
160341251752
91626285394
160362539666
91908119188
160627595924
91916737169
160636213905
91622894228
160342370964
92763744916
161483221652
177790626216
92973468229
161692944965
91626018385
160345495121
91639863892
160359340628
160345495953
91630212497
160349689233
91638617700
91638634900
91638617764
91638634068
160610740648
91626018465
160345495201
92712380776
92712380840
161431857576
160345496225
160359144036
91639880340
160359357076
160349690449
91638896292
160358373028
91638897060
160359094948
160349689249
160358373796
160358307492
91639880292
160359357028
160358111908
161432033684
92767930949
161487407685
92784892497
161504369233
91643058769
160362535505
92784642629
161504119365
92780456344
161499933080
92780468644
161499945380
92969249170
161491523985
92772125253
161491601989
92713609876
92982045332
91912546961
160632023697
92789086801
161508563537
97075440024
165794916760
92712622740
161432099476
92712556948
161432820116
92713343380
92713409108
92713343636
161432885908
92713671316
92784962193
161504438929
92965284500
161684761236
160627600020
161483238036
92712360276
161431837012
92712360596
161431837332
92712360344
161432032856
92712360600
92712556120
160362301061
161432033880
92712626836
161432103572
160363268681
91627002273
161433086616
110161713560
178881190296
161432102552
92780714584
165794961816
161433152152
92713609880
161692916369
109079566993
177799043729
93040773765
161760250501
91622893976
160342370712
92986034762
160610818468
91908118948
160627595684
161705511498
92986034826
91621844376
160341321112
160362285450
160627583396
91891329444
160610806180
92780718692
161500195428
91908303460
160363522657
160627595928
92784659013
161504135749
92784724549
161504201285
92767922577
109071198632
177790675368
109088184936
92780718696
161500195432
97075489192
92986051146
109088172648
177790610084
92965018264
97259985560
165979462296
92772047185
161491523921
92772047249
91643062609
160362539345
92788824465
161508301201
92780468900
161499945636
92779747940
91639884452
92716804434
92767136082
161486612818
91643058850
92712360616
161431837352
161503398538
92771326562
161490803298
161440471650
92780468840
161499945576
92780735140
161500211876
165794175636
92762954388
161482431124
91705989780
160425466516
109096606353
110166092433
178885569169
91639671444
160359148180
91908119204
161500195480
92986223250
161705699986
160627780248
92986288786
110166092434
91706792612
160426269348
161432889944
92713413016
92713675416
160635980426
161432889752
91647986057
160367462793
177816083090
109088184984
91891341976
160610818712
91908119192
92965083800
161684560536
92780718756
97079597729
97259985572
97074698904
165794175640
92981848744
161701325480
92713609896
161433086632
161500207784
92780718760
161500195496
97075489448
165794966184
97277012648
109071133352
109092178570
92772047186
161491523922
92772047250
161491523986
92716804449
161436281185
92767136097
161486612833
92779751780
92779752036
161499228516
92780468648
161499945384
92788902473
161508379209
92712561000
161432037736
92716804450
161436281186
92771326306
161490803042
92767136098
161486612834
161503414602
92771326626
161490803362
161431841448
161499949416
161499949672
92780472744
161499949480
161500191332
93036579461
165799074450
92779731620
109075376737
177794853473
92720999074
161440475810
92788132490
92789115530
92712381096
161431857832
161507609226
92784892578
161504369314
97079597730
160345500241
165799074466
160359340632
161684478292
92965067348
160363268677
91643791749
160363268485
92784630161
92716734801
92965005972
161684482708
91643808325
160363285061
92767857233
161487329938
92712360280
92717525649
91639605860
160359082596
161499994520
92981844376
92965001560
92965005908
161684482644
91643808389
160363285125
92717521554
161684806296
161431837032
92712556904
161432033640
91621841256
92965005720
161684482456
92965071448
92965333656
161684810392
92712364708
92712364644
92713347684
161432824420
91639671204
160359147940
92713413028
161432889764
97075489188
165794965924
92969245265
92969245329
161688722065
92767918673
161487395409
161701321304
92717587090
91639622228
160359098964
91639601832
160434563729
160359078568
92969245266
92981848660
161701325396
161487399313
92969249362
161688726098
92717591122
161437067858
91643845026
160363321762
92712360360
161431837096
160363256226
165799139729
92784708165
161504184901
92713605736
91647019589
160366496325
92713364052
92713429588
161432906324
92712577620
161705511562
97281002122
166000478858
92763744664
161483221400
91706792356
92788890001
97083857297
165803334033
161431857752
92713364056
161432840792
92712577624
161432054360
161431857816
91647019590
92712381016
92763744680
161483221416
92713413032
161432889768
92965329560
165979445656
92969257542
161688734278
91643783777
160363260513
91630475602
161705511558
92986034822
110161713816
178881190552
165979449752
92784896593
91643779681
160363256417
161705699921
91711220369
160430697105
91705989464
91647986313
160367463049
91644107426
160363584162
91899701841
160619178577
91705989480
91706730900
160426207636
91647978145
91714390342
91706714788
160426191524
160349952338
160636177030
91715414689
91715111561
160434588297
91899959970
91706726808
160426203560
91706726824
160349952418
91647252898
92768180881
161487657617
91622107544
110161930900
178881407636
92716800594
92712380052
161431856788
92789099145
92789156497
161508633233
161508575881
92767136402
161486613138
92779751764
91638635160
160358111896
161437264545
92721982113
92789115529
161508592265
92722047649
161441524385
92771330706
161490807442
92716804689
91643062865
160362539601
161436281425
160430434722
92779735464
91706010004
160425486740
92789090961
161508567697
92965001636
161684478372
92784630177
161684478632
91643791754
160363268490
161508301137
177807645352
91706726820
160426203556
91899697746
92780456612
92965333668
161684810404
91643808138
160363284874
92965005992
161684482728
109079571041
92762958184
91715414673
160434891409
97268669089
97264159109
165983635845
97264212561
161756056197
91912309381
165983689313
97264175493
92969245090
161688721826
92981865044
161701341780
109087975832
161487399585
161432890020
110161914536
178881391272
160359361188
91908118952
160627595688
93032389224
161751865960
160627780196
110161914468
91912309385
161684498840
178881391204
177807649384
110161914472
178881391208
92721982049
161441458785
91647978081
160367454817
161684757092
177807649368
161436215906
91643062882
161431837272
92712360536
160362539618
160358291864
92783938122
161503414858
160614926982
92969192070
161504201286
92780714596
92780714660
161499224724
161500191396
92779747988
161500256932
92784892562
161504369298
92767931014
92716735073
161436211809
92716734802
92762954088
161482430824
161483151720
161436281490
92973648518
161693125254
92990425734
161709902470
92762958180
161482434916
91643021898
160362498634
161482434920
92762958440
161482435176
160425469592
161436277346
92780714600
161500191336
92789152417
161508629153
91622107800
160341584536
92720998737
97083857298
165803334034
160362563913
92779735396
92779735400
161499212136
161437002385
91638618456
160367716946
92720998994
92721978018
92721785426
160358361748
92762958484
91621861720
160358115684
91644070537
160363547273
92784896673
161504373409
160366496069
161432054100
92713343336
161432820072
92713343592
161432820328
92721715553
91705993876
160425470612
161482435220
161499212436
91622107796
92986231430
161705708166
92780517976
165996485284
92780714648
92986219105
161705695841
91644045905
92969208390
161688685126
91643849298
160363326034
91644045921
92780522088
161499998824
161709918854
92990413410
161709890146
97260051048
165979527784
92717787746
92780714664
161500191400
161440475729
92720998993
91975477912
161499998868
97277078168
165996554904
93032442520
161751919256
110229088920
91707054756
161500195492
97260051096
165979527832
92780534440
161500011176
160359148200
92763757224
92780796584
166063676072
160430434978
92771330642
161490807378
91647986250
160367462986
91647986314
91638638948
92717525601
161437002337
92712381076
161431857812
91638633892
160358110628
110220679825
178940156561
97277012568
91895466378
160614943114
160367479178
161441196386
92721719970
161441196706
161507608902
92721719905
161441196641
160430434962
160425470616
91710958226
91711220370
160430697106
165996489368
161499212456
91622107816
160341584552
91710892706
160430369442
91710958242
160430697122
91644054154
160363530890
160358098344
92712363432
161431840168
160350673250
91647973730
160367450466
178940156562
178935966369
165996489384
110216489634
178935966370
160346478993
91643005317
160362482053
91630213474
91642825034
160362301770
91631200914
160350677650
160614992517
160359160232
91622103448
160341580184
160358357604
165983652229
161688734345
97264216657
165983693393
97264224905
165983701641
91706710424
160426187160
91706775960
160426252696
92767947397
161487424133
92768180897
91706710696
160349690210
91643783522
160363260258
160426187432
91626281634
160345758370
91627006626
92784724614
92717849250
161437325986
161482430804
177811655302
109071194536
110161713576
178881190312
110161717848
178881194584
178881194648
110161717912
177790671272
109087971752
160349694306
91647019338
160366496074
91621796200
160341272936
92789086882
110161717672
178881194408
160425470360
91705993880
91706714520
160426191256
91621775016
91706780248
91705993896
91706714536
160425470632
160425486680
91706730904
160426207640
160426257000
91706780264
91626285410
160345762146
161441196625
160358377880
91638901144
160426257064
160362534562
92779735384
161499212120
160366495370
160425485992
91706796648
160426273384
91630479010
91706730920
91706731176
160426207912
160426203544
91706780068
160426256804
91707042468
91648043617
160367520353
92768184993
91623152276
160342629012
97276828308
165996305044
91706727080
160426203816
91647253090
92990425738
92768184994
92990245445
92780718680
92716804690
160358307428
161490807186
161499949464
92780472920
161499933096
161499949656
92965284456
161684761192
97260054952
165979531688
91908123048
160627599784
93032393320
161751870056
109087992232
110161734312
92965067412
161684544148
92780472728
161483151700
161436211537
92716735121
91621861032
160341337768
161499227816
161500211816
92780472680
161441262162
160362498629
161483156052
161436211538
92763675288
92965067416
161684544152
92720928417
160341317208
92720929105
91643021893
92720929169
92712379988
161431856724
92763679320
161483156056
92762958424
92721982050
91648043618
161441458786
92721982114
161441458850
91710954129
160349693537
91638831464
160358308200
91638897000
92780452244
92712556180
161432032916
161436277393
92779731604
161499208340
92716804497
91643087429
92780452184
161500191384
92767132050
161486608786
92713343656
97259969192
165979445928
160366728850
161751870116
161500191320
92780522132
161486612881
92767136401
160349693538
91638834792
91638900392
160358377128
92712556200
161432032936
91643057826
161499212440
97259985576
165979462312
91639605928
160359082664
91706714792
160426191528
161499933352
97075423912
91705993556
160425470292
91706009956
161508563618
91638617492
160358094228
91638634856
160358295896
91908102740
97281198725
166000675461
178881190484
160346479265
97276811860
165996288596
92713347752
161432824488
97259973288
165979450024
97264478882
165983955618
92973640290
93032393384
161751870120
161693117026
161482435160
97281198726
166000675462
91639622312
165803268513
97260051044
97083791777
92788836745
161508313481
165803272865
165979466404
97259989668
161508305234
165803272609
165979527848
165803268770
97083792034
97074719080
165794195816
161499228520
92779751784
165979466152
161499994792
92767856994
91638622568
91627002514
160346479250
91621861736
92712577384
161432054120
91648002442
161490807138
92767922849
161490803346
160631982725
92981860948
161701337684
97276828244
165996304980
91627002530
91642808970
160346479266
97259989672
165979466408
160434629201
92788894097
161508370833
97083795857
165803272593
97083857570
165803334306
92779751844
161499228580
92762974616
161482451352
92788828769
161508305505
92788894305
161508371041
161491618441
92772379297
92788132486
161507609222
161709902473
97083861409
165803338145
161508379210
92712360532
161431837268
161437260433
92717783697
92712642984
161432119720
161499228584
92788828770
97277028968
165996505704
92780468632
161499945368
92717787793
92784642630
161504119366
92784896657
161504373393
92717783634
161437260370
91638880596
92762954068
92717783698
161437260434
92767132065
161436998242
161705699922
161431837288
91643779682
160363256418
92969192010
165794962004
97260034644
165979511380
97075485268
91639667288
160359144024
92965067364
161684544100
165794962008
91630216849
91647215237
160366691973
91647018629
160366495365
160366728865
160425481892
91706005156
160610822824
161437063569
92717587089
161437063825
92981844628
161701321364
161504434833
91643058833
160362535569
92784642693
92716800657
92783921797
161503398533
160425486692
160366691974
91630474914
160349951650
91647252130
160366728866
92969257609
92969511569
161688988305
91643779745
160363256481
161437063826
161701321112
92982106776
161701583512
91644041889
92969441889
161688918625
92986231434
161705708170
160358292136
92767931018
91644041890
160363518626
91623152280
160342629016
97260034648
92969249185
161499994712
97075485272
160426256984
91706714456
160426191192
92780517992
161499994728
91639667304
160359144040
97276832340
165996309076
92965067368
161684544104
160366729634
160425482920
91706006184
91630479009
91706714472
160426191208
160425470312
161684544168
97075485352
92990442118
91706009256
91647256226
91643873926
160363350662
91621840276
160341317012
109075372706
177794849442
92981861012
91621841240
91621841304
160341318040
160362481285
161436211857
92716734033
91630479698
91706009944
91621779108
160341584292
91622107812
91638885012
91706730856
160426207592
91706796456
160426273192
92713413288
161709918858
92990442122
92779748004
161499224740
165803596449
91648039313
160367516049
161499212132
92965001828
161684478564
91647973713
160367450449
92965018196
91622102696
91622103400
160341580136
91621841512
160341318248
161491589713
91648051781
160367528517
160367450450
92973439633
161701337748
92721715538
161441192274
92788824402
91622107496
160341584232
91621845416
160341322152
91621845672
160341322408
91706006168
160425482904
91622910376
160342387112
92788894369
97264175749
165983652485
92965001572
161684478308
91706710360
161499928932
161483217556
91643005253
92763674964
92965022292
92780468580
161499945316
92780456280
161499933016
92965017956
97259985252
165979461988
161692879429
97075423576
165794900312
160429656709
91711216273
160430693009
92780518036
161499994772
97075485332
165794962068
92763740820
91908364948
91895449989
160614926725
91643791941
91627002257
92965005672
92721715554
91908299364
91715094917
160434571653
91715148369
160345762193
160429673093
91715148433
160434625169
91908119124
161491593874
91908315748
160627792484
91714390405
91715111301
160434588037
91648236129
97264175753
165983652489
91639605604
160359082340
92763679076
161483155812
160426187108
91895466629
91621841576
160341318312
91638618792
160358095528
91638815400
109071194712
177790671448
91891325540
160627595860
91639605608
160358308436
92788836741
161508313477
160358099348
91638635176
160358111912
92712364712
92722043554
161441520290
97281251986
92772112977
91638835796
92788853125
161508329861
92788132229
92779735640
161499212376
161436281426
160349956753
160433867397
177790675544
160430434705
161504369297
91638880612
160358357348
92722047650
161441524386
92780456360
91638885028
160358361764
91891325528
91891329636
160610806372
161508366929
160359344728
161508575877
92772112978
161491589714
92973701777
92789099141
92772375185
161491851921
92789152401
161688918609
177794849169
109087971732
177807448468
97259968916
109088168532
91622103384
91895515785
160614992521
109079566929
177799043665
91891263892
160610740628
91912489610
97083861601
161499933268
177807448484
177807645348
177790609812
91899710085
160619186821
160342321556
91891280276
91622824360
91621775720
160341252456
91622845076
160342321812
91622890088
92780452180
161499928916
92780714580
161500191316
165987912325
92780456532
160627579284
110161713748
110161713812
178881190548
161436281489
160358099604
92716804753
92783938181
92780521880
161499998616
91621845348
160341322084
91622107492
91647252881
160366729617
92767135394
161432037032
92779735720
92780800680
92720998818
161440475554
92720999010
161440475746
160342370728
91622845080
91639605668
160359082404
91622103720
160341580456
91710954146
91639605672
160359082408
165987912326
92716739217
161436215953
92712626856
97074703000
161503414918
97075423896
165794900632
160433867078
161507609158
97075423656
165794900392
161508592261
165794178728
97074701992
160425469608
92788132422
92788132166
97074718376
165794195112
91622123176
160341599912
91714390346
160433867082
92721715537
161441192273
91710917253
160430393989
92784659077
161504135813
97079601809
165799078545
160358111656
91638634920
91711220386
92772051618
161491528354
161432103592
92784658825
92788894370
161508371106
91622124200
160341600936
92763674984
161508633250
91639868052
160359344788
110161910376
178881387112
160434588293
92712381032
97083795873
91622894180
91710900874
91891263848
165794900648
160610756968
91899660682
160619137418
91639621992
92973402762
161491528338
160359098728
92713363816
161432840552
161508305489
97083857505
165803334241
91639601768
160359078504
160367741574
165803338337
91706010020
91638901160
160358377896
92762974632
97259973284
165979450020
92712364388
165979777704
91630216609
160349693345
91638633896
160358110632
91622828456
160342305192
165988145825
97074719380
165794196116
91715086993
160434563730
161508567713
97084119714
165803596450
165987846790
91638622868
97083796129
97344203432
166063680168
97084123810
165803600546
91639868008
160359344744
91648068169
160367712930
91647974034
160367450770
91714390410
160433867146
92779731368
161499208104
160350738834
91891280292
160359098968
160341600616
91638901096
160358377832
91715086690
91631262370
160350739106
91648236194
91710916997
160430393733
91638880600
91710957970
160430434706
91639622232
91715082593
160434559329
92712626520
161432103256
160610757032
91639622248
160359098984
160619178402
97079667346
160631966346
91626023586
160345500322
91705993572
160346483362
91644070538
160363547274
91710917258
91631528610
91916741282
160636218018
91975494312
160694971048
91622123864
160341600600
161433148052
92969192005
160358296152
160619203210
160341252436
91621775700
93049219736
97276811864
97074697880
165996288600
161441454754
92712561320
161432038056
161437264546
161709902474
91644041809
160363518545
91647978146
160367454882
97074702692
92721977937
92767136145
92767930953
161487407689
165794962024
92771330449
161490807185
92788132421
161507609157
91715086673
160434563409
91643062673
160362539409
160346479009
91908102548
178881190292
91891325332
160610802068
97079597457
165799074193
92784708229
161504184965
97079662993
97083857489
165803334225
178948582056
92780517784
92717783633
161437260369
97260051112
160341251736
91621775000
91638618712
92717521505
161436998241
160426515096
165979531880
160434563426
97075751576
165795228312
177807645288
91710196038
91710888290
160430365026
91895503522
161432820392
91622824616
160342305448
109079829154
177799305890
91622828712
160359099048
109096372874
177815849610
91891280552
160610757288
97075751588
92717521506
160359344804
91639605924
160349952402
91643062945
91621779864
160341256600
91630479697
160349956433
91706710440
160426187176
160358095256
91638831704
91647019397
160358312536
91648043410
160367520146
92771330385
161490807121
160366758281
92771330465
161490807201
160366741898
97075751592
165795228328
91626018401
110161713832
178881190568
109088168616
92965067432
91916737186
160636213922
92969192006
161688668742
92712626516
97083791698
91639605848
160359082584
91710892386
92712626536
161432103272
91891325524
92763740756
161483217492
109087992488
177807469224
91891346088
92982061736
92779735652
91622893988
160342370724
91622107560
91638897256
160358373992
91622893992
165988145809
92990425737
97075485288
91621841236
160341317972
91621775704
160341252440
91621779092
160341580120
91621845604
160341255844
160341321124
160341584228
160341584548
161437260385
91621861972
160341579432
91621795476
160341272212
160367544902
92721785490
161441262226
160341321128
110216485521
178935962257
161705761425
97281251985
166000728721
160426252964
97277008548
97259973268
165979450004
91706727060
161688668746
110166153874
178885630610
161440409249
92720932513
161431840360
160345500065
91639868068
91638622820
91626022497
161431856744
161482451368
92762974568
161482451304
91638880616
160358357352
91630212513
177790671508
91630216850
160349693586
91638621608
160358099304
160363518625
93049215640
91647252114
92721785441
161441262177
92712363624
91648240226
160367716962
97075419480
165794896216
92712625828
161432102564
91647252113
161499212452
161499212388
97268410961
161504373394
160362301833
91710179722
97074698600
165794175336
160429656394
97075419496
165794896232
97075419560
165794896296
97075485096
165794961832
97268369802
165987846538
109088168552
109096610450
177816087186
177807665828
161440471649
91638635112
160358111848
161503414917
91626285457
92965333672
161684810408
97260313256
165979789992
91705989460
160425466196
97075423588
165794900324
165794966116
97075423908
97075489380
161483500200
92763761064
161483237800
91630213538
160349690274
97075423592
165794900328
91627002209
91891280532
160610757268
91706775956
161504119429
92969454213
92969192069
161688668805
91623172776
160342649512
97276815960
165996292696
91626280609
160610752920
91891276440
91631196818
91626281377
160345758113
91630475617
160349952353
91643783778
160363260514
91705992856
91626280610
160610753176
91647978066
160367454802
91891280536
160610757272
91891263912
91891329448
160610806184
91630213713
91627072097
160346548833
91626023329
91630213714
160349690450
91643849313
160363326049
91642825097
160366729553
91647252817
91623152296
160342629032
91639929512
160359406248
160430430882
92788918854
161508395590
91715177094
160434653830
91643873866
160363350602
91643849314
160363326050
91706727076
91706726756
160426203492
160426531496
92969454218
161688930954
92969192074
161688668810
97075505812
165794982548
160346548834
109079829137
91908106852
160627583588
165988145810
92965350056
161684826792
93032458920
161751935656
91639949992
92764023464
160619178657
91647281545
161500277416
92717849233
161437325969
91710954081
160342301352
91899701649
160619174482
160610752936
91639884392
160359361128
92772047522
161491524258
92772379298
161491856034
161760250506
91621862056
160341338792
161499224676
97264159114
165983718026
92788824738
161508301474
91715410594
160434887330
92762958504
91895507346
160614984082
91895507362
91621795496
160341272232
91647019594
160366496330
91638638952
160358115688
91631196577
97083791713
165803268449
92965280356
97264241290
177807452840
109088238248
91639618152
160359094888
92965280360
109079570850
177799047586
91891280296
109071149480
160367544905
91908106920
160627583656
160425486756
109088189032
110161930856
178881407592
92712556116
161432032852
92772141641
161491618377
161487407750
92784958097
161508379206
161508629137
161432038052
92712626852
178881387176
110161910440
92712360552
110229105320
92762974552
161482451288
91891276456
160610753192
91715082658
92780538280
161500015016
160434629265
91891259732
160610736468
160426187092
92764002984
161483479720
91891587752
160611064488
165799144081
165996554920
91707054760
161491593633
91908123236
160627599972
92973402698
160636177034
160614943365
91706710372
160611068584
91891591848
161709959825
91647978130
160367454866
161709722246
97260317352
165979794088
160367454881
91648305825
160367782561
93040773770
92788824674
161432054356
177807452568
160358308440
165983652230
92788132170
161507608906
92712560292
160345757345
91626281633
160345758369
91626284705
160345761441
160426519204
160345757346
91626284706
160345761442
91638896984
91630216801
160358111592
161432103252
92712556968
161432033704
92713343400
97074698900
160341338712
92772116897
160350743186
110161930920
178881473192
178881407656
110161996456
91638830692
91647019333
91627330209
92788132485
91627006625
160346483361
91627334305
91631524498
160346811041
91627006610
91711216290
160430693026
160346483346
91916741265
91631524514
160351001250
91895503266
160614980002
160430369425
160430434961
92712560232
161432036968
91638819160
92712364376
161431841112
91621845336
160350738833
160430369426
92965005732
161684482468
91647973714
165983689297
160631982730
97268669074
92772112786
97259968852
165979445588
97079597393
92712364392
97079597394
165799074130
91710179978
160429656714
97079597409
165799074145
160341337512
91638637992
160358114728
160358311528
91647018634
160610822568
91627002194
160346478930
91891259800
91621779800
160341256536
160434559394
91631196514
91623156388
160342633124
160615008901
91895532165
91895532169
160615008905
177807452772
161508301138
92965001832
161684478568
161508301410
160341338456
91643004549
91622844776
160342321512
92716734034
161436210770
91707058856
160426535592
165996485204
92720998753
110170352290
109071456920
177790933656
109071128920
177790605656
109071133028
177790609764
91895466633
160614943369
109071215252
177790691988
91899660933
160619137669
97268370053
165987846789
109071128936
177790605672
92713347416
165799074129
91899660934
109071198824
177790675560
97268370054
161684564632
92772051602
165983635850
165983693458
109079566737
177799043473
91895507361
160614984097
177807448488
92712557224
161432033960
97277008468
91916700293
91627334306
160346811042
91899964065
160619440801
92969273989
161688750725
161483479700
91891587732
160611064468
160627841684
91707038356
160426515092
91975473812
161482431144
92720929106
161440405842
161440405074
92720928338
91622824600
160342301336
97075489368
165794966104
97281198730
166000675466
91706792548
160426269284
97260038744
160342366824
160694950552
91621841320
161433102952
92780452196
92771325586
161490802322
92772117138
160342370916
109071456936
177790933672
109071194772
92784892513
92767930954
161487407690
91710900870
91711216274
160430693010
160636177029
161437264482
97264175754
92969507489
161688984225
161504135814
161487329618
92789152402
161692879434
97075439976
91710196358
160359082660
161684757096
92712625816
160425470308
165803268434
97260296872
165979773608
91715111557
91710953874
160350673313
91631262098
160425466200
160341338472
160341338536
91622910568
160342387304
91622123880
92767852882
165794916776
161701337688
91895466630
160614943366
160358115752
109075376545
177794853281
109079566930
165803338385
91891276200
91710179653
160429656389
177790954152
160350673554
160434559633
109092178565
109071133332
177790610068
177799305873
109071133348
109079829138
177799305874
109079829153
109071133336
177790610072
109075638946
177795115682
177807645268
161705511557
165983689298
160610736536
97264224902
91714390341
160433867077
91715082657
177799047585
91899701650
160619178386
92973640274
161693117010
109079570849
109096372869
91908369048
91622828388
160342305124
92712557160
161432033896
160358099284
91638618452
160358095188
91627002193
160346478929
160430393990
109071194516
177790671252
110161910356
178881387092
92788824673
97075419544
97075419800
165794896536
97075747480
97075419816
165794896552
97277094568
91621861800
92712642920
161432119656
91631196498
160350673234
91627002529
92986284689
92986034821
160426187428
92768180882
161487657618
91631196834
160350673570
91647973986
160367450722
91706710356
160426252692
91891264168
161431857768
91706005844
160426531492
91891341732
91891341736
160610818472
161500010916
97277078184
97075767976
92788836934
92788902470
97268673170
165988149906
160430365009
160358357336
165979445912
97259972952
165979449688
97259973272
160610740568
160358357400
97083861649
92780534180
91630474897
160349951633
91630474898
160349951634
92788132234
161507608970
97075440296
91916503685
109071456916
177790933652
160425465512
91912505994
91631200610
160350677346
91891280232
91706775976
160426252712
91706009940
91622828376
160342305112
91622124184
110170348177
177790675604
109071198868
91639683496
91648240289
160367717025
97075419476
165794896212
109075638945
177795115681
160426187096
97084119698
165803596434
91631196833
160350673569
160362285706
160349956449
161440475473
91631266402
160350743138
92717787745
161437264481
91622103380
160341580116
160341580180
91621841300
97075505576
165794982312
160694950548
97259968932
165979445668
92712359320
92712380756
92767131281
160341318036
91715082898
160434559634
92712363428
161431840164
97075485076
165794961812
92712621716
161432098452
165794174616
91638815320
160341318056
91891259736
160610736472
161432824152
97079597714
160610740584
161504369249
92712626600
161432103336
91630216802
92712576616
110161734056
178881210792
165979777688
97079925393
165799402129
97344182936
97264159370
165983636106
91627067793
160346544529
91621840468
91631262097
109071149736
91621860776
160430459525
91895450245
91895765649
91710179973
160434571909
160341600596
92712360296
161441520273
92722043537
97285409418
166004886154
97264474770
165983951506
92789115525
165803268433
91715082578
91631266209
97075747476
92764002964
165979449704
160615242385
91715082897
109071149716
177790626452
160636218001
92712359316
161431836052
161441192290
161709722181
91710892690
91891263832
91891591832
160610740904
161487333730
160359426728
91891587736
160611064472
97259972968
109071133032
177790609768
109071149416
177790626152
97075440040
178889824913
92712577640
161432054376
165795244712
160351001234
91715410578
97281002117
166000478853
160341584532
91639687592
160359164328
160358373720
110212307604
97075747496
165795224232
92712622440
161432099176
110161713556
160614926986
91891608232
91916503690
91899660938
160619137674
91639605592
160359082328
92712557140
161432033876
97264478866
165983955602
109079833249
177799309985
177790626472
92783938182
91642808906
160362285642
91639671192
160359147928
165794917032
91891345832
160434887314
165794916712
91622103700
109079833250
177799309986
109071194708
177790671444
92969191818
161688668554
91622123860
97264478881
165983955617
97083791697
161507608965
165795228324
91895769761
91710892689
160611068568
161487399521
109075634834
177795111570
91631196497
160350673233
91891264164
160610740900
109071129236
177790605972
160433867141
109071461016
177790937752
178889829026
92712379816
161431856552
92713626216
160342301012
91622824276
109071461032
177790937768
109088238232
177807714968
161487399522
92767922786
109071215208
177790691944
160425486676
91891260068
160610736804
91639867992
160611084968
109071477416
109071128916
177790605652
97084119697
165803596433
91621795176
160341271912
97074701988
165794178724
114524052116
183243528852
160341579412
97074697876
165794174612
