440866089640
440882866856
439589907078
439589972614
439585712792
439589956200
439589972617
439606749734
439589956257
439606745638
370883848849
370883865233
366571329892
366575524196
367650048421
366575524244
366576306597
367645071716
367649266020
367649266068
370871261834
367645006504
367649249954
370888247957
372209445538
372209511074
371962030742
370888313510
371961981578
370888301218
370888252066
370888235682
367666047585
366571334244
366575528596
366508317081
366525045097
366508317077
366508317017
367645076068
371068594840
371085372056
372209519270
370888190629
366576249478
366576511625
367650187941
367650187945
366508337825
366508403361
366508354185
366508419721
366525127305
388319832740
371139963560
366576245394
366576310930
366504077910
366504077926
366508272214
366508272230
366504077914
366504077930
366508272218
366508272234
370883865240
371957607064
369810381481
369810381482
367633263270
367633279654
371072854696
371089631912
372163287718
372163287654
372163287658
372163287722
371956804257
371956820617
371957721750
367628999082
367629015466
367629085270
367629085286
367633197722
367633214106
367633197733
367633214117
367629261466
367629277850
365430216294
365430220390
366571268772
366575512225
367649266082
366508354200
366525131428
367650032230
367650032294
367650032214
367650032233
370883799689
365451384426
365451451049
365451455145
365519346342
365451455142
365451455146
365519350438
365519350442
365434673573
365434673577
440866052774
366508385961
370867067544
370871261848
370883844760
366576503446
366576503462
367650245270
367650245286
366576503398
367650232930
367650245222
366559521369
366559521385
367645006406
367649249814
367645010502
367649253910
367645071894
367649266198
367645075990
367649270294
367650220629
372226284194
370883783074
370888042913
367632475801
367632475817
367632492201
367632475802
366576441942
366576441958
367632476758
367632493142
367632476774
366576441946
366576441962
367632493158
370883865256
371957607080
369796749718
369796753814
369796749722
369796753818
369796749717
369796753813
369796749721
369796753817
367633263254
367633279638
367645797028
367650040481
371139914402
365434657386
365434661482
366559713945
366559730329
371961784857
366559713946
366559730330
366823959142
366823971433
366823971434
366575453850
366575453866
371089566353
371089582737
371089623705
370879929002
366572034598
366572050985
366572050982
366576245286
366572038694
366572055081
366572055078
366576249382
365430150826
365430154922
365430150822
365434611370
365430154918
365434611369
372159113832
371072789096
371089578600
371089566312
372163308136
439586761368
439590955672
439607732888
366525049513
367649266276
367666043489
439607466633
439607532073
439607667349
439607667365
370884111009
370884119209
370871478921
370871511721
439590939297
371957836453
366576474793
440928938660
370888055384
371961784932
367667006057
367667006121
366559451541
366559451557
366559451542
366559451558
366559467925
366559467941
366559467926
366559467942
370866235781
370870479237
370866301317
370883078533
370866219409
370870475141
370866284945
366558684778
366558668377
366558668393
366558684777
366558668378
366558668394
370871478918
370871507626
366572317348
370888231578
370888231594
366576560804
366576511652
366593288868
371089578642
371089623702
371089623718
366559734441
366559734442
372163304070
372163308166
372163353238
372163353242
370871442086
370888219302
366525114786
366525131170
366525188522
367598807446
367598807450
367598807466
370883844776
366576315026
367650056850
440882801304
372226280090
372226280106
372192733849
372192733850
372192733865
372192733866
369814313386
369814317482
367633525402
367633525418
369814575782
369814575786
369814575785
369814317733
369814317737
369814579881
369814297257
369814297258
371135703714
371135720098
371135769250
371135777450
372209461922
371961977478
371961981574
367646050918
371139910278
366508320357
366525048469
366508320421
366525048485
366508320361
366525048473
366508320425
366525048489
371139943078
371085191844
371961784978
366508271194
371085380202
371085380266
372159097450
372159097514
371085372002
371085380250
372159097446
372159097510
367628282265
367628298649
367628282281
367628298665
367628282266
367628298650
367628282282
367628298666
367649200778
367649266314
367666043434
367649204874
367649270410
439809059480
365451388582
366508272293
366508272281
366508272297
366504077973
366504077989
370870458793
370878880166
367646050985
370883062354
366559467930
366559467946
366559521382
366559537766
367632411285
367632411286
367632411301
367632411302
370883078738
366559521366
369814301337
371085318742
371085318758
371085318746
371085318762
371089513046
371089513062
371089513050
371089513066
366575524193
367645788837
365434612389
371085380261
372205251173
372205251174
372205263513
372205263514
372205251237
372205251238
372205316773
372205316774
370883840602
371081194133
370883840666
371081194134
370883840618
371081239209
370883840682
371081239210
439787891300
371085175201
371085183401
439792085604
366571268712
366575463010
367645010536
366558734762
366558751146
366558734761
367628278165
367628278166
367628278181
367628278182
366558751145
370879916714
370888022698
370888034906
371961764454
371961764458
370888022678
370888022682
370867051110
370867051114
370867051178
367649262233
367649262169
366559455641
366559455657
366559455642
366559455658
371085183402
371952626073
370887264678
370887264662
366559472025
366559472041
371957590696
371961785000
366571264649
366575508009
366575524393
366575528489
366572251749
366576446041
439607663258
439607663274
369809336997
369809337001
439607401125
439607401129
439590722149
439590722153
439590722213
439590722217
365430135466
365430139562
371085171298
371085187682
370883795554
366503880274
366503896646
366508135958
366508140054
366503962134
366508156438
440882793113
366508337768
366525127272
370883074437
439792315049
439808993961
370867067480
370883844708
370871261784
370888039012
370883844696
370888055377
370866214538
370866219558
370866235945
370866218634
370866235930
370870430234
372159044245
372163238549
366575528360
366592305570
366525060714
367645075880
367649270184
367666047394
372192668313
372192668329
372192684697
372192684713
372192668314
372192668330
372192684698
372192684714
372205263529
372205263530
366576474725
366576474729
366576474789
366593202837
366593202841
366593202853
366593202857
366558734745
366558734746
366558751129
366558751130
370870463066
371089382049
371148348070
369814301354
369814301353
366840748706
367914490530
366840810150
367914551974
371135720088
371139955354
371139914386
367666948714
367666948710
371085429414
371961965209
366592297573
366592297637
370871462562
367650167461
367650167465
367645973146
367645973158
367645973162
367645989541
367650167446
367650167450
367650167462
367650167466
439787825832
439792069282
440861567626
440865810986
370879601318
370871462568
439792085649
440865827353
366509320873
370888055370
370867071576
370883848792
370871265880
370888043096
370883861092
371957590616
370888055396
371961784920
371085363802
371085363818
369810102933
369810102937
369810102934
369810102938
369810107029
369810107033
369810107030
369810107034
366576314984
367650056808
369813531286
369813531290
366554536361
366554536362
366554552745
366554552746
366554536345
366554536346
372163259033
372163259049
370870462822
370878884201
365430216298
367649987141
367649991237
367650052677
367650056773
367666829845
367666833941
367645858402
370887977633
371085191832
370887994017
371089386130
370888043169
371961784993
370888059553
371961801353
370867006116
370883795608
370883783332
371085187721
370871200420
370887989912
370887977636
371085191817
370866285204
370883062417
370883074708
371068643993
370870479508
371123182250
371123198634
370884057761
371957787273
439607454305
439792323222
439607470737
440681212549
439607470689
439792323238
366504073878
366508268182
366504073882
366508268186
366504073898
366508268202
366503897670
366503963158
366508141078
366508157462
367598791066
367598791082
366575508129
371961981601
371962030757
371962030761
370888239777
370888305313
371961997961
370888256161
370888313513
439775292074
366571264680
366575508130
366508271961
366508271977
366558684821
366558684837
439607790249
440681409193
365434661546
439859448486
370888219301
370888219305
371089578648
370871200162
370887985562
370871216522
370887985578
370871249318
370888026534
370871249322
370888026538
366593223333
372159048342
372163242646
372159048358
372163242662
372159048346
372163242650
372159048362
372163242666
370888235618
370888247958
370888247910
370888247974
371961965142
371961965206
371961965146
366525114977
366525196897
367598938649
366509386385
366509402757
366509431461
366525131409
367598873221
366508333656
366525110872
370884029094
366823959210
366823975594
371089558181
371961784980
370867071636
366576491106
370871265940
367645071713
366571329889
370883865126
366508386921
366525065881
370870463077
370870463141
370878884453
370878884517
370866284968
370870463081
370870463145
370878884454
370878884518
372209461908
370871249494
370871249498
370888026710
370888026714
370871249558
370871249562
370888026774
370888026778
366575458977
367649200801
370867022232
370871216536
370879601065
370879601066
370879605157
370879605158
370879666601
370879666602
370883865236
371957607060
371072789160
371089566376
365451389610
366508336801
366508353161
366508385957
439859391138
439859448490
365431528106
365431532202
372196928166
372196940458
366575520105
366575520169
367649261929
367649261993
366572054948
366575520153
365434350165
365434350166
366525192726
366508419654
366525196822
366508337746
366525127238
366508354118
366525131334
366508403282
366845004457
366571260521
372213697177
367666039381
367666039397
371135781544
371152558760
372209523368
372226300584
371139975848
371156748966
372213717672
372230490790
440882731674
366572313256
366576556712
366576507560
366508333637
366525110805
366508399173
366525127189
366508337733
371148352166
366525114901
365434611354
366508403269
366525065877
366505126486
366505126502
366509320790
366509320806
366505126490
366505126506
366509320794
366509320810
366558730905
366558730921
366558747289
366558747305
366558730906
366558730922
366558747290
366558747306
371085445798
366559468186
366559468202
371952626074
370011445674
370011449770
365435706005
365435706009
366576314980
367650056804
366576315028
367650056852
366593092193
367666834017
366576495249
366576511633
366576552601
366576552617
367629003098
367629003114
367645006405
367649249813
367629003113
367645071893
367649253909
367629019497
439787891304
367633279573
367633279574
367633279589
367633279590
370871446118
370888223334
370871446122
370888223338
370871446182
370888223398
370871446186
370888223402
366572051028
366576294481
366554536341
366554536357
367650036305
366576245329
366576310865
440933182113
370883779233
370884053605
367901911718
371152554661
372226296485
365434657434
365434657433
365451450985
365451450986
365434411606
365434415702
365451451050
365434608234
365434612325
370883783330
371085187752
370883848866
371957590690
366559517349
366559517350
366559472293
366559472294
367633275561
367633275562
366559455850
366559472217
366559472218
366559472233
370866219666
370866236038
367650286229
367650286249
367633263269
367629081238
367629081253
367629081254
367629081241
367629081242
367629081257
367629081258
367633259157
366828149418
366828165802
440681277977
371123186345
371123186346
371123202729
371123202730
366525110881
367598852633
370883840425
371080993430
366525127265
367598856729
371961801368
366525127313
366559521190
366559533482
366559783589
369797540517
369797540521
369797520038
369797520042
366559521430
366559537814
366559533721
367649266072
366571329896
366575524200
366558668442
366558668458
366558684826
366558684842
366558668441
366558668457
367650048425
366558684825
366558684841
371089578641
366571268708
370883861074
370888043141
370866235800
370870479250
370870430086
370870495622
370870479265
370887268742
370870495625
370887272838
370871245414
370871245478
366572055128
367645796952
439787887192
439792020101
366571268692
367645010516
366504225368
366508419672
367633259161
367632476566
367632492950
370887272785
371080980890
367645977189
365434660518
365434660522
365501770410
365501769381
365501769382
365519346278
365519346282
365434411670
365434660517
440844855961
440844855977
440844855962
440844855978
440844839578
366525109858
367598790230
366525122150
367598790234
366525122198
367598790246
366525122214
367598790250
367628216729
367628216745
366572247702
366572247718
366572247706
366572247722
366576442006
366576442022
366576442010
366576442026
366571263592
366572235365
366575453846
366576429669
366572235353
366572235369
366575453862
366576429673
369809316262
366559795878
366559779494
366525064853
366525064857
370870475112
370883074402
367632472666
367632489050
369809332841
369809336937
367629019801
367629019817
367628298602
369814313573
367649987146
367650052682
367666829850
367649991242
366525110882
367598852634
366525127266
367598856730
366525127314
367598856742
366525192802
367598873114
367645792842
367645858330
367650232969
367650237065
367650286233
367666965077
367666965081
367666965093
367666965097
370879605337
370879605401
366554535594
366554551978
371135716004
371139959457
367645788777
367645788841
367645788761
367645788825
371961911894
371961911898
367645993574
366559451798
366559468182
370879867557
370879929001
371089517206
371089517222
370879601321
370879601258
370879601322
370879666793
370879666857
370879666794
370883078482
371080976810
370867268248
370871462552
370884045464
370888239768
370884057764
369810365098
369810369194
369810365097
367632476505
367632476506
367632476521
367632476522
367632492889
367632492890
367632492905
367632492906
367628216998
367628233382
388315572897
388315589257
388315622053
388315622057
388319812246
388319812250
388328221349
388328221350
370884045458
371139947157
370884102810
371139947161
370884061842
371148348073
370884102826
371148348074
439788083880
439842663065
439842663066
439842663081
439842663082
439842679465
439842679466
371085429402
372159158950
370867071592
370883848808
370871265896
370888043112
370883861096
371957590632
370888055400
371961784936
439607470674
440681212486
366572309142
367646050966
366571264650
366571330090
366571268746
371085191842
371961780874
371085175458
370888039074
370888055458
371961784970
367628216938
367628233322
387246041766
387246041770
366525048422
366525048426
366554474905
366554474906
367628298838
367628298901
367628298902
367628216933
367628216934
367628216997
367649261994
370888239713
370888247913
370015644326
367632411226
367632411242
367632427610
367629281898
367632427626
367629265497
366525060777
366525060773
366508336785
366525060757
366554490517
366554490533
366554490518
366554490534
366554474133
366554474149
366554474134
372163308194
372163324554
370866219665
370866285201
370866236037
370866301573
370870475397
370883074693
370870479493
370883078789
367650220697
367650220633
367666948693
366576429733
366576429737
367650220713
371085183593
371953396326
367666948757
367666948761
370883078740
366525192725
366525196821
440681212490
440681277978
366572120744
366576315048
366593092258
367645862568
367650056872
367666834082
440861764246
440861764250
440865958550
440865958554
440861764262
370879863449
370879863450
440861764266
440865958566
440865958570
370866301578
367649266313
367649270409
365430155881
365430155882
369809316245
369809316246
369809316250
369809320341
369809320342
369809320346
439607466642
440844839593
440844839594
371961784977
371961801349
371089574566
372163291738
372163291802
372163291734
372163291798
366525106518
366525106534
366525106598
366559467881
366559467882
366559451481
366559451482
366559451497
366559451498
366559455589
366559455590
367632472730
367628215958
367628215974
366572309145
366572309097
366572309161
367646042721
367646050969
367646050921
370883856985
370883857049
371085421209
439590726246
439607405206
366508403368
370883799458
370888051113
370883848610
370883856810
371957574054
371957574058
372159044249
372159044265
372163238553
372163238569
370888039046
370871265926
370888043142
370871200390
370887977606
370867317414
370883840614
370883840678
370871184022
370871184026
370871245461
370871245462
369796733545
369796737641
366593223254
366593223258
369796733546
369796737642
366593223270
366593223274
366576491146
366576495242
366576544406
366576544410
370878880421
370878880422
371080993193
371080993194
370883074408
370887268706
371123120790
372196862630
372196879014
366526098090
370011445669
370011445673
371068660392
371085437608
371085449896
372159179432
371089644200
372163373736
367645776422
367645780518
439607716514
439607732898
440681409174
440681409178
366575520149
367649261973
367598938712
366508419732
366525196900
366525196888
366593280618
366505122454
366509316758
371068545641
371072739945
366505122458
366509316762
367650187878
367650187862
367650187866
367650187882
367645993562
367645993578
370871265960
370888043176
367897700953
367897700954
367897700969
367897700970
370888239720
366508403345
366508419717
366525192741
366525196837
370866235721
370870479174
370866301257
370883078473
370866219361
370870475078
370866284897
370883074377
367650056745
439590742692
371961014922
371089562258
439788087972
439792282276
367632426666
367632410266
367632426650
367632410282
367632410265
367632426649
365434608281
365452434069
365452434070
365451450965
365451188822
365451192918
365451188826
365451455066
365451455061
365435656806
369809332630
369809336726
369809336729
369809332634
367633263205
366559795881
366559795882
367633525413
366525188693
367598807637
366525188709
367598807641
440916355737
365430417061
365430483561
365430483562
365434673833
365434673834
366559517338
366559517354
366559533722
366559533738
371961801237
371089513125
371089513129
372159097449
372159097513
370887977570
370888043106
370887993954
370888059490
371085191784
371961784930
371089386082
371961801290
367633476201
367632476773
367632493157
366525188773
371085429417
372159158953
372159064746
370888190634
366525110945
367598852649
366525127329
367598856745
366525192865
367598873129
367645792902
367645858342
440865991270
440882719382
440865991334
440882719398
440865991274
440882719386
367633263274
367633279658
367633263257
367633263258
366508337761
366508403297
366525127241
366525192729
366508354121
366508419657
371089611430
366572054945
366572112297
367645796769
367645854121
366571329880
367645071704
453813840552
366575462950
366554540713
366554540714
367628298857
367628282473
367628282474
367628298858
366554540649
366554540650
367628282521
367628282522
370883861154
367598856726
370884053673
371957770921
366593268388
367667010212
370888059537
366525049174
366525049190
366525049178
366525049194
366508321110
366508321174
366508321114
439585712778
369810369193
366504143397
366508337701
366504139289
367628294761
367628294762
366508333593
367628278377
367628278378
440681146970
440681146986
365435644570
365435640469
365435644565
367628278169
367628278170
367650249364
367667026580
367650048614
367650048678
366508287578
366504093274
366558669162
366558669146
369809315493
369809319589
366508287594
366559455834
370888239784
371961981608
439607401109
439607401113
365451192934
365451188842
365451192938
365451450981
365451455081
365451455082
365451187814
365451191910
370867022488
370871216792
370883799704
370887994008
370883799716
370887994020
371089382022
366525109922
367598806614
366525126306
367598806618
366525187750
367598806634
367632411033
367632411049
388319812261
388328233637
366840744598
367914486422
366509386408
370887273042
366526175912
366526163624
367599905448
370887272801
371080980906
370879654490
367633263194
367633279578
367633476266
369810315881
369810315882
369814559401
369814559402
367633459866
367666944678
367666944682
366571264360
367645006184
366575507810
367649249634
366575458658
367649200482
366575524194
367649266018
366525110946
367598852650
366525127330
367598856746
370879588965
367650052712
367666829922
366576310888
366593088098
370879588966
366554536617
366554536618
366558730917
366558730918
366558735013
366558735014
366558751397
366554557077
370883799697
371089382033
367645071914
367649266218
367645076010
367649270314
367645010570
367649253930
367645006474
367649249834
372196879002
372196879018
439590672778
439590722198
439590726038
439607401062
439590676874
365434411610
367897713322
439590722202
439590726042
439607401066
366575524389
366575528485
366592297638
367666039462
370883795593
366571264586
366571268682
366575507994
366575512090
366571330074
366571334170
366575524378
366575528474
366576478806
366576478810
366576507526
367645858326
367650052630
370871216728
370887993944
370883828330
370883828394
371089377882
371953412713
371089377946
371953412777
366572055140
366576298593
367645796964
366559779477
366559779493
366559795877
366559779478
366572251818
366576446122
370867022228
370879601061
370871216532
370879601062
370879666597
370879666598
370867071572
370883861076
370871265876
371961997976
370878880165
372213697193
366525065893
371135720040
372209461864
366571260502
366575507990
371139906154
372213647978
371139906202
372213648026
371139906218
366844938902
439585696162
439585712522
439589955882
366508337738
366508403274
366525114906
366571260566
366571260582
366525131290
439589955881
366575524374
366575528470
366508333642
366571260518
366575512086
371089644196
372163373720
366576314921
366571248225
366571264657
367645006481
366571264609
366571330145
367645071969
370867055205
370867055209
370883832421
370883832425
367629261417
367629277801
367629261418
367629277802
370866268518
370866268522
370871397013
370871397017
370866268582
370866268586
370871397029
370871397033
371085433506
370887993937
370888059473
371085191764
371961784913
371089386065
371961801285
370887977553
370888043089
370883795590
370883799686
366593280682
439590955654
440912210601
440912210602
440912226985
440912226986
367629265509
367629265510
440912210585
367632489114
367632489130
369810057626
369810053525
369810057621
369810053526
369810057622
367632488102
371089582760
372163324584
371139971750
372213713574
366572055204
366576249505
366576298657
366576315041
367649991329
369809332906
369809337002
366575454566
366576474777
366575454630
366593202793
369809332901
366575462033
366575457938
366575503014
366559533737
370883992165
370866268566
370866268570
370883070298
370883070314
366592301610
366575528586
366592305706
366575524490
366572300904
367646042728
366576495208
367650237032
366576495256
367650237080
366593272424
367667014248
367632472746
365451389526
365451389530
365434612309
365434612313
365451385429
367628233129
367628233130
367633259098
367633259114
369814301333
367632426662
370888239764
371961981588
367633259109
372213701272
371089582744
372213697174
367633258905
365501786521
370888059530
371085171362
371085187746
370883795618
371089382050
370871200418
370887977634
370887994018
370883861130
367599856217
365434410666
365434414757
365434414761
365434414758
365434414762
365434410661
365434410665
365434410662
370888284842
367633197718
367633197734
367633263190
367633263206
366559521429
366559521445
367633263253
366571267748
366575462049
367645009572
366508140057
366508156441
367649203873
366575511201
371956820506
370867268242
370867284614
366558747034
366558730665
366558747049
366558730666
366558730649
366558747033
366558730650
366576425625
369814297190
371123182246
371123198630
369796683418
369796687510
369796683413
369796683414
369796687509
366828214933
366828214949
366828231333
366828214934
366828214950
366828231334
367645858325
367650052629
365518559846
365518563942
365518559850
365518563946
366558680725
365518559845
365518563941
367645977241
367650171545
370888235684
367650237089
367650056777
367666833942
367650052681
367666829846
367650253473
370888235681
370888252065
370888301217
370888313509
371961977481
371961981577
371962030741
371962030745
372159130249
372159163049
366525065818
366576487001
367650228825
366576487065
367650228889
366576487017
367650228841
366576487081
367650228905
371139906214
366575458886
366575524425
366575462982
366575528521
366575524422
366592301590
370888055444
439809051305
440882793129
370888055369
370888059465
370870479464
370887268962
371089582730
371089615530
370887989858
370888055394
370883996314
370883996330
370888190618
370883996310
370888190614
370883996326
370888190630
388332411554
439792081512
439808858662
388332423846
370883844649
370883848745
370883996309
370883996313
366526114469
366526114473
370888043049
365430479465
365430479466
370883861129
370883865225
365430479461
365430479462
370867022473
370867088009
371085384344
372159113892
440866024070
367650040402
372213701282
457035066024
371089386145
370888043090
370888059474
370883844645
370883861029
370888038949
370888055333
370883848741
370883865125
370888043045
370888059429
366525131337
366505126501
366509320805
371123120793
371123137177
366572051048
367645792872
366576294498
367633263193
367633263209
370887989650
370888034726
371961764442
439607462294
439607462310
439607462486
440681130598
370871245222
370871245226
371961764506
366508140193
366524929574
367649200786
367649266322
370870495882
370887273098
371068590760
371072785064
371085367976
371089562280
372159109800
372163304104
371068594856
370888034905
370888034969
371081190053
371081190054
371081255589
371081255590
366575520170
371081189990
367649200530
367649266066
367645006232
367649249640
366572055066
366576249370
366572034586
366572038682
366572050970
366576245274
367645006469
367649249829
367645010565
367649253925
367645071909
367649266213
367645076005
367649270309
367650232965
367650282133
366575463073
367645010596
370888038950
370888055334
366572251798
366576446102
372159113889
372159163045
371085437601
371085445801
371085372065
371085388449
366576290469
370867219097
370871413401
370883791258
370888026533
370883791274
370888026537
387246086809
387246090905
366508317285
366508317289
366508317349
366508317353
366525045397
370866281001
370866285097
370866301481
370870475305
370870479401
370870495785
370015640213
370015644309
370015640214
370015644310
370867054997
370883074401
370867055001
370883832217
370866280792
370870475096
370867005833
370883074386
371085191780
371961784914
371089386081
371961801286
367598873110
366525110866
366525127250
365501766245
365501766249
365501770341
365501770345
366554540634
366554557033
365434673770
365501782693
365501782694
370866215302
370866219398
370866284934
370866280841
370866284937
370888252041
370888256137
371957787297
439590955657
371957803657
367650302625
367650310825
371957836457
370867022424
370883799652
366504093290
370887993956
370883799640
371089381958
371089386054
366576478889
366593206953
366576478885
366593206949
366575520362
367632411029
367632411030
440882731610
440882731626
370888039016
371961780840
367645010505
366554557078
366554557093
366554557094
366554540693
366554540694
366554540709
366554540710
371068594852
371085372068
371072789156
371072805510
371072834218
370878880089
370878880153
370871282245
366576511650
367650253474
365430220389
365430220393
365430220394
365434612137
365434612138
365502569130
365502573222
365502573226
366508140136
365502573221
365502573225
365502569125
365502569129
365502569126
439855262376
439859456680
366504094105
366504094121
366508288409
366559455897
366559472281
369809316517
369809320613
366504093334
366508287638
366558751065
366558751081
366558751066
366558751082
370883832422
370883832426
370884029034
370884029098
366508090950
366508156489
366503896664
366508140129
366508140114
366524929558
371961780870
371961784966
370888305320
369796733594
369796737686
369796737690
371085367970
372159109770
372159163030
371085384354
372159113866
372205251161
372205251162
372205251225
366572055188
366576249489
366576298596
366576315025
367645797012
367649991313
367650040420
367650056849
370866219617
370870475334
370866235977
370870479430
370866285153
370883074633
370867268258
370884057738
370884094630
370867284618
370884061834
370867317418
370884094634
366526114389
371135769252
371139963556
372209511076
367645009570
366571267746
366571325098
370887272850
371961014662
370870495640
370887272865
367645066922
370870462806
371961965226
370887269010
371961801241
366559472297
369796754086
369796749973
369796749974
366559455913
366559455914
366559472298
366559718057
366559718058
366559718042
371089513110
371089513126
370888051354
371961768614
370888051370
371961768618
370888051306
371961768554
370883996250
370883996266
370883848841
366575524440
366592301650
367645071960
367649266264
367666043474
366593206870
366525110625
367598790997
366525122917
367598791001
366525122965
367598791013
366593206874
370866219654
366572050850
366572112294
367645854118
367645792674
366571333972
367645075796
371072772709
371072772773
371072772713
371072772777
371089549989
371089549993
367645788822
367645788838
367667022442
367667014242
367667022490
366593272418
366593280666
371085187626
371085191722
366526155370
367599835802
366575458858
371953592997
370871265818
370871265830
370866268837
370866268841
370866268773
370866268777
366559730342
370883795338
370883799434
370883832230
370883832234
370867055014
370867055018
367645989529
367650183833
370867055270
370883832486
439586433686
439590627990
439586433690
439590627994
439586433706
370867022218
372209461912
372213697178
439607536225
365451385449
365451385450
367628298662
367628282261
367628282262
367628282277
367628282278
371961911958
370871397018
369797536422
369797536426
366508403108
366525131172
367598872984
366504159640
369797536421
366508353944
366525131160
366576507544
366593284760
370884057762
371957787274
366592305746
367666047570
370887977569
370888043105
370887993953
370888059489
371085191768
371961784929
371089386066
371961801289
366571259545
366576245270
366571264616
367645006440
366575508066
367649249890
366575458914
367649200738
366575524450
366571330152
366575524456
372213688986
365430151766
365430151770
365430155862
365430155866
365430150745
365430154841
365430216293
365434410597
365434414693
366524933670
366508091014
366508156553
370015640218
370871200353
370871216713
371953412697
371953412698
366593202778
440681392806
439855196834
440928938658
369796732586
369796736682
369796732582
369796736678
370867071656
370883861160
370883848872
370888055464
371072850584
367632411241
367632427625
365519612585
365519612586
367632411225
367632427609
365519608489
365519608490
370883992229
370888186533
370883062309
370883992217
370883992233
370883078693
370887272997
370883992213
366576556705
370867005993
366508272025
366508382629
366525061541
367598791065
366508382617
366525061481
366504077673
367629331097
367629331113
367629347497
365435640425
365435644521
365451450970
365435640426
365435644522
365451455062
365451450969
365451450966
365452438182
366559718038
366559718054
366571260265
366576298517
439585712788
439589956196
439589907077
439589972613
439606745637
439606749733
439590939281
439590984357
366572313192
366576556696
367646055016
367650298520
366576507496
366593284712
367650249320
367667026536
439808862882
365430417002
365430412901
365430412905
365430412902
365430412906
366559713881
366559717989
366559713897
366559730281
366559713882
366559717990
366559713898
366559730282
367632476757
367650052696
367666829906
367649266258
371081259690
365501782677
365501786773
365501786774
372205267621
372205329065
367901907625
367901907626
366508287637
366508287641
366504093337
366504093353
366508287657
367633213845
367633213862
367633213861
367633213846
370867268257
370867284617
370884057737
370884061833
370867317413
370867317417
370884094629
367650036262
367650052646
367645796998
367650040358
367645862438
367650056742
370867006114
370867022474
370883795594
370883799690
366576507553
366576568997
370883799442
370883840426
370888051109
371081239206
371081190038
370888038817
439607400873
370888186534
370888186538
369796749993
369796754085
366525045093
366508333445
366525061461
366508382613
366525061477
371961961046
371961961050
371957738137
366526163617
366526180001
366526237353
367598873225
439590726250
439607405210
367650040417
439590726314
439607405226
366576314977
367650056801
366576249441
367649991265
440882604586
439787891364
439792085668
439808862881
439792282257
439792323241
439787891368
439792085672
439607470740
365430150809
370867022504
370883799720
371089382026
370871216808
370887994024
366508272277
371089386122
367628278422
371085388433
372159130245
439859436194
369814313574
369814313578
440933178018
439591004840
366524930598
366508092038
366508157577
366508141217
366508157574
366559517289
366559533657
366559517290
366559533673
366559533658
367633476245
367633459862
367633476246
367633472154
367633455770
367633459881
366571334308
366575528612
366592305825
439589972358
439606749478
439589906822
439589972361
439589955944
439606745382
370015902373
370015902374
370015902377
370015902378
370015906473
370015906474
439586744996
439590939300
439590955668
439607728792
439607716516
371064482473
366559455845
440681458340
367645010328
367649204626
366525114722
366525122970
366525122922
366525122986
367598791062
367598791078
371081194089
371081194153
371081259689
371081194090
371081194154
367645006470
367649249830
367645010566
367649253926
367645071910
367649266214
367645076006
367649270310
452740098724
370883058250
370883062346
370878880170
370870458730
370878880106
370870458794
370878880105
370870458790
370878880169
370887273121
371961014918
369813527194
369813527190
369813527189
371085417130
370888043108
366554551974
366554535573
366840732258
367914474082
366840744550
367914486374
366840744614
367914486438
371962026661
371962026665
369809332837
369809336933
369809332838
365501782437
365501786533
369809336934
369809332842
369809336938
371085367906
372159097430
366571251361
366571267745
367644993185
367645009569
366571325097
367645066921
367650171494
440681474728
370867071396
370883848612
370871265700
370888042916
371953396133
371953396134
366571268520
366593288865
367667030689
367667088041
365434677925
365434677926
365434673830
365451385193
366554557034
365451385194
365451389289
365451389290
366554540633
371085372008
370883783314
370883848850
370883799698
370883865234
371085187748
371139943065
366558685861
366558685862
366558669461
366558669478
366558685846
366558669462
366558685845
439590677137
439590742673
366576503445
439590939298
439607667350
370011445914
370011450010
365430154662
365430154666
365430150566
365430150570
370867071586
367645796885
366525045082
366525045098
371957803688
370871478952
370888256168
371961997992
367649261930
366526098085
366576491142
366576495238
366593219158
366593219162
366576540310
366576540314
366593219174
366593219178
372213721768
367650171493
370011433382
367632427429
367632427430
367632427413
367632427414
367632411045
367632411046
371072838309
371072838313
367629081001
367629081002
367629068709
367629068710
371089611418
366525114978
366525131410
366525131362
366525196898
367598856802
367598873222
367598873162
367598938650
439607466648
440681196196
370878880101
366576487077
367650052705
371089381986
370883848802
371957590626
370883865186
371957606986
439590693510
439590759046
371085322902
371085322918
371085322906
371089517210
367629261465
367633263189
367633455786
367633472153
367629261477
367629261478
367629277845
367629277846
371957738133
371961932437
371961932441
370866281048
370870475352
370867067529
370883074657
370867006089
370883074642
370867071625
370884053658
371957770918
372159113896
371089578664
372163308200
367649262182
367649262246
370871184041
370887961257
370871184037
370887961253
372163357349
372163357353
366508403226
370888022694
370871245482
366508419610
372205316777
372205316778
366504143402
366508333610
366508337706
370871446121
370888223337
370871446185
370888223401
370888223397
370888223333
370871446181
370866284952
370883062162
370870479256
370883078546
370883074468
371081177750
370887268769
371081239194
367666043430
366576569002
371089611433
439590890138
439590890154
367628298905
367632472469
367632472470
367632488853
367632488854
367632472485
367632472486
367632488869
367632488870
366576478870
366576478874
371957836458
370871216710
370887969366
371080981093
370887969430
371080981157
370887969382
371080981094
370887969446
371080981158
366508321125
366508321129
366508321189
366508321193
366525049237
366525049241
366525049253
371957721749
371961916053
371957721765
371961916069
371957721753
371961916057
371957721769
371961916073
439787825812
439792020113
439792069220
369810119334
369810119338
366524934694
369810119333
369810119337
369810123429
369810123433
366593264229
366593264293
367645075873
366571334182
366525127076
366525114728
367598856552
366504143208
366576315042
367650056866
365430154906
365430150806
365430154902
365430150810
369814313638
369814313642
367645780502
367645796886
372209519274
388319832744
388336618150
367645858345
367645862441
367650052649
367645797001
367650036265
367650040361
367897713317
367897713318
367897696921
367897696922
367901895321
367897701017
367897701018
367901895322
367901891222
367901891225
369809316454
369809316458
365434415705
365430217305
365434395221
365434399317
365434395222
365434399337
365434411605
365434415701
365434411609
365430217306
366525123241
367598791337
367598791317
367629019798
367629019814
366525123161
367629019797
367629019813
366525123225
367598791333
371135769249
372209511073
439607400810
370867071640
370883848856
370871265944
370888043160
370883861156
370887961242
365518559653
365518559654
365518563749
365518563750
372196924053
372196924069
371089640101
372163357337
370867268244
370871462548
370884057748
366504077909
366508272213
366504077925
366508272229
366504077913
367650216553
367666944665
367650216617
366526171814
366525045349
366508317273
366508321177
367666944681
366525045353
367650216549
367599839830
367599839834
366572050852
370866284946
370883074438
371139947174
371139947178
366571252322
366571268754
371085187736
371957590689
366572034722
367645776546
366572051106
367645792930
366572116642
367645858466
371135715944
371139906198
371139906150
372213648022
372213648038
370879666858
371953412761
366840752808
366844996258
367914494632
367918738082
366844947106
366845004458
367918688930
367918746282
366576298594
367650040418
440865810970
366572050792
366575454614
366576474773
366593202789
370870462810
370878884185
370878884186
370870462870
370870462874
370878884249
370878884250
367897717354
370884106904
440882797218
440882858662
371123182233
371123182249
366504159896
366508403304
366508403364
366525192808
366525131416
367598873240
366571252385
366571268769
367644994209
367645010593
366571334305
367645076129
367628294490
366504143464
366508399256
367632471718
366508337816
366525127332
366525114984
367598856808
372209457802
372213688982
372209494694
372222093993
372209461898
372209494698
372222093994
439792085652
370887977554
366508354090
366508317014
366525045078
366508382805
366525061717
366525065834
366508386901
366525065813
366508382806
366525061718
366508321369
366508321433
366508386905
366593088022
372159130264
372163324568
367645989478
367645989482
371089582756
371072834213
370883058214
370883074601
370887268902
370888034985
371961764521
371961764517
369814579882
371089566372
366508333641
366508399177
366525110809
366525127193
366508337737
366508403273
366525114905
366525131289
366575503957
370867022470
370867088006
372222110377
372222110378
366576306790
366576306838
367650048662
366576306854
370883791449
370883791513
370883791465
370883791529
371080993369
371080993433
371080993370
367918684834
367918746278
439607528106
369814313381
369814313385
369814317481
370887989893
370888055429
370888231513
371961961061
370888231529
366593280662
366509365845
366526093909
366509365909
366526093925
366509365849
366526093913
366509365913
366526093929
366555322773
366555322789
366555322774
366555322790
366555339173
366555339174
367628298854
366526098009
366526098025
366526098005
366526098021
370871511718
369796754070
369796749978
369796754074
369796754069
369796749977
369796754073
370888252037
371089517205
371089517221
372209494693
372222093989
453797112474
453797112490
367646116518
370870479268
370883078561
370883074456
371956804001
372154981034
367649254049
439607462554
439607462570
440681130662
440681130666
440681130646
440681130650
371961961066
370879851114
370879867546
370883062370
370883828137
367633459882
366525044310
366525044326
372213684902
366525061529
367628298917
367628282518
367628282534
367628298918
371135715992
370888022614
370888022618
366508332681
366508385941
366508336777
370871245402
366508385945
439586499224
439590742632
439607532136
439590693528
439607470756
439607470744
440681212568
370888239761
371961981585
370888256145
367628278421
367628278437
367628294805
367628294821
371961997957
370888297113
372196928153
372196928154
372196928169
370871511722
371139955353
371139910282
371148368553
371139914378
366828153494
366828153510
371148368554
439589956258
439606745642
366508321429
366525049430
366525049434
366525045354
366508317333
366508317337
366508317274
365451388569
367649204833
372213701288
372226296486
367629261461
367629261462
366508321178
365434345050
365434349146
367667006122
372213648042
367633214041
367633214057
366575528545
371085437602
366508382886
366508382890
367650048677
366576241254
366576290390
366576290406
367649983062
367649983078
367650032213
367650032229
371072785030
369814563494
367633521321
367633275306
367633525414
367633521305
367633537706
369814301349
371085322838
371085322854
371085322842
371085322858
371089517142
371089517158
371089517146
371089517162
367628294822
371961801238
369813526954
369813531050
370867071652
370883861144
370871265956
370888055448
370883848868
371957590692
370888043172
371961784996
370878880426
366571268776
366575463074
367650237092
367667014308
367645010600
367649204898
366575512226
367645788518
367645788582
366575528610
366558735002
366558751386
366558735018
366558751402
366558735017
366558751401
366508336773
366504076885
366504076889
366504076901
366504076905
366504077929
370866301336
366576425562
366572251817
366576446121
366572251813
370883061409
366576446117
370883069609
370866284196
370870478500
439792265890
439792282274
439792331426
439792339626
440866007714
440866024098
440866073250
440866081450
439607462569
440681130661
439607462553
439607462505
439590759045
439607536165
366508135962
366508140070
366503896650
366503962138
439607532069
439607466629
366508140058
366508156442
366525131397
366508399237
366576294422
366576310806
366508333638
366508399174
366508337734
366508403270
366525110806
366525127190
366525114902
366525131286
440681392790
370883865185
371957606985
370871396970
370888235654
370888239750
370871507606
370871507610
370888284822
370888284826
370867268234
370867317402
366526114410
366509382277
366509386373
366526110293
366526110297
366526110294
366526110298
367666944661
367666944677
367650216613
370887973266
366508353926
366525061530
366823959193
370883078808
370867005864
370871200168
370879588777
370879588778
370887273106
369796733606
367633197721
366572051044
366576245345
366576487061
366576294497
366576310881
367650036321
366576486998
366576487014
371953396393
372196862617
372196879017
371953592937
371953593001
371135765160
367649991250
372209506984
440865991338
440882719402
367598786921
366525106533
367598786905
366525106597
366525106517
367598786901
366572235433
366576429717
366576429721
366572038754
366572055186
366572055138
366526110374
366526110358
366526110362
366509386386
366526110378
366509402758
366572120674
366509431462
366509431466
369796749733
369796753829
366571264404
366575458705
367645006228
367649200529
366575507812
366572046693
366572046741
367598790298
367598790314
367629343401
367629343402
367629265558
367629277866
366555327145
366555327146
367632488793
367632488809
367629003430
367629003413
367629003414
367629003429
370870463078
370878884457
369809336981
369809336982
367649987205
367649991301
367650052741
367650056837
372159048341
372163242645
367666829861
366526159457
366526171749
366571264596
366572051041
366575508049
366575524433
366572051089
366572116577
367645792913
367645858401
370867006100
370883795604
370871200404
370887989908
370883783316
370883857001
370883857065
371068594849
371085384329
371068644005
371085421221
371068611209
371085388425
371068644009
371085421225
370866285220
370883062433
370883074712
370870479524
370866285217
366576306842
366571267688
366575453802
366823959141
366823959189
366823959190
366554557098
439607716449
439792327330
439607724697
440681392805
439607724649
439792339622
439607724713
440681392809
439788083864
439792282260
439792278168
439809055384
440866024084
440882797208
370867005994
371072785034
371072789130
371961911961
371961911977
372222106282
372222106281
372213652102
372213688997
372213656198
372213689001
372213684906
366828219049
370867088010
370883865226
366525044330
370867071650
365501716118
365501716122
365501716117
365501720213
365501720214
365501720218
367649245545
370883865192
371957607016
367649245606
366526093977
366526093993
370887973522
370887989906
371085175457
366558668438
366558684822
366558664357
366558680741
366558668453
365434677929
366508157461
365434677930
366503881297
366503897669
366508136981
366508141077
366558734681
366503963157
370883779170
371089566354
371089623706
372163291753
366572235366
366576429670
367599839897
366526171817
367599839913
367645977257
367650171561
366526171753
367599839893
367650171541
367650171557
439590677160
439607466664
371085417126
367644989794
366571264354
367645006178
366571264402
367645006226
366571329890
367645071714
370887272786
370866284900
367666948694
367666948698
370870458726
371961784984
372163324549
372163353257
367650302626
367650310826
371089558185
372163287721
371089558121
366572046997
367645788821
371081243305
371081243306
371081243301
370871183974
370871183978
371081243302
371081177701
371081177702
370883783329
370883848865
372196862613
366508140130
370887977617
370887994001
372163238486
372163238490
367598791017
366504077653
366504077669
366508317269
366508321173
367645071777
367645792905
367649204834
371080993434
439590726230
439590726234
439590726294
439590726298
439607405158
439607405162
366554474153
366554490537
366558685781
367598873161
366508337809
366508354181
366525127301
367632472410
367632488794
367632472425
367632472426
366505122409
370867006090
366558747242
367649991190
440949967526
366575524394
366571334186
366575508005
366571330089
370888252052
388315638440
388332427944
388332415650
389401963177
371135752873
388332423850
389401963178
371085384360
370888239716
370870475142
370883074441
366576491145
366576544405
371148352154
366559517337
370888288922
440681409194
370871200356
370887989848
370871265873
366592297557
366508337748
366504143444
366508399188
366525127252
366525114964
367598856788
366593202838
366593202854
367667010145
367667022437
365435706021
365435710117
365435706022
365435710118
366593272417
367667014241
366593280617
367667022441
366593280665
367667022489
366593280681
440865827369
367629003161
367629019545
367629003162
367629019546
367629003177
367629019561
366571268650
366575462954
367667088038
370871200402
370871216774
370888055430
370888059526
370871265938
367649270161
366575528289
367645075812
367649270164
366571268452
366575511905
367645010324
367649204625
367633521301
367633521318
371068545706
371135699618
372209441442
371135716002
366844996257
440681126298
370883070313
366558685609
369796733589
369796733590
366508272217
366508386902
366525065814
369809332885
366525122981
367628282197
367632489062
367628282453
367628282454
367629003369
366525123221
366525123237
367645797026
370871462534
366571268753
366571268705
366571334241
367644994145
367645010577
367645010529
367645076065
366571264660
366575458961
366575508068
370870458025
370884127400
371957869224
366571263656
367645005480
366575507106
367649248930
366575457954
367649199778
366575519398
367649261222
370883070294
370879605402
367650253449
367666965145
372196944553
372196944554
372196928170
370871196041
365434410645
365434410646
365434414741
365434414742
365434410649
365434410650
365434414745
365434414746
370883783073
370883848609
370883799457
370883856809
371957574053
371957574057
371139943082
371148364458
366525113953
371089386118
440849050266
440849050282
370883779169
370883795553
366525060693
366525060709
366525061733
366558730662
366558747046
367629003350
367629003349
367629019733
370866301272
370883078500
370883078488
366508333705
366508399241
366508337801
366508403337
366525110825
366576298538
366576310826
366576314922
366571263636
366572050981
366575503013
366572038693
366572055077
366576249381
366575503973
365434608282
365434612378
370883832406
370883832470
370883832410
370883832474
370867055194
370867055258
366828169897
366828169898
366593223322
366593223338
366575528292
367649270116
366576306598
367650048422
370883778978
370888034713
367649261989
367645973078
367645973094
367650183770
367650167398
367650187865
367650187881
367650183786
366576495272
366593272488
371953592921
371953592985
371953658521
371953592922
365434414682
371953592986
371953658522
439792315046
439792315050
439808993958
439808993962
439792278154
439792282250
439808993942
439808993946
366554553001
366554553002
366504094057
366508288361
370866989482
370871183785
370883766698
370883766694
370871183781
366592305761
370888043153
371085191828
366572051108
366576245409
367645792932
367649987233
366576294561
366576310945
367650036385
367650052769
367650032218
367650032234
367650032298
366576290410
366576290474
371139955350
371139910290
371139955366
372209457816
372213652114
372213697190
366526175892
366576245382
366576310921
366576310918
366593088038
366576315017
366576315014
366593092134
440916404889
440916404890
440916404905
440916404906
440916421289
440916421290
452740160168
452744354472
370879589017
370879589018
370879588969
370879588970
371089377958
370883844514
371957574038
370883791270
370888022441
370883856806
371957574042
370883778977
370883791461
370871245397
371089386146
439607470497
439775291818
371085191841
367649270342
387246103210
366525122202
366525122218
367598790310
367633275546
366525123226
366525123242
367629068969
367629068970
371068590730
371068594826
371085367946
371085372042
371068643990
371068643994
367633459817
367633476202
367598807386
369813526938
369813531034
367598807402
369813526933
367633459801
369813526934
369813531030
367628278105
367628294489
367628278106
367628278122
367628294506
366554535593
366554551977
367650237025
367650245225
371089566305
371089574553
372163291749
365434346070
372163291813
371089574505
371089574569
372163291817
366571267752
366575462050
367645009576
367649203874
366575511202
366575519402
367649253026
367649261226
370870462826
371089558105
371089558169
372163287653
372163287717
372163287657
371961981544
371089627812
365434594985
365434594986
367629003158
367629019542
367629003174
366504077974
366508272278
366558681498
366504077722
366508272026
367628293798
366554491289
367628277397
367628277413
367628277398
365451385510
365451389606
365451450982
452740098728
452744293026
452744342178
452744350378
453818034850
453818084002
453818092202
370866989670
370883766886
370866989674
370883766890
370866989734
370883766950
370866989738
370883766954
366571325781
367644994069
366571325797
367645010453
366571325861
367645067685
370883799626
370883865162
366576495250
366576511634
372163308178
372163324550
372163353254
372163353258
372163357350
372163357354
371089558122
370871179622
370871183766
370871179626
370871183770
370871179686
370887956902
370871179690
370887956906
370871249301
366571264645
366571268741
366571330085
366571334181
366575512101
387246037658
387246041754
370887989894
370887993990
370871282310
439607462490
370888034922
370888034986
370888034714
439607454050
439607462250
370887985818
367632471706
367632471722
371081177765
371081177766
370883861080
370888190550
370888190554
370883996262
370888190570
369810365093
369810365094
369810369189
369810369190
372209457826
366525049449
367628278102
367628278118
366525045413
366508316329
366525044393
366554536342
366554536358
367628999065
367667022505
367649254050
367649270434
370871216773
370887993989
366571268770
366571334306
367901895273
366575524264
367645071784
367649266088
366592301474
367666043298
367901911657
367901895258
367901895274
372192668249
372192668250
372192668265
367645792841
367645858329
367645796937
367645862425
367650036249
367650052633
367650040345
367650056729
366559472229
370866219362
370870475082
370866235722
370870479178
366571259558
366575462934
366571264585
366571330073
366571268681
366571334169
372226296489
439809038946
439809051286
440866024069
440882731673
439809051238
439809051302
440866052777
440882731689
367632411305
367632411306
367632427690
369810102682
369810106778
367632411289
369810102678
367632427674
388328233641
366572251814
366576429718
366576446118
370888247909
372205267562
372205267626
366559537817
366559537833
366559537818
366559537834
371085175442
371085191826
366558664345
366558664346
366558664361
366558664362
366558680729
366558680730
366558680745
366558680746
366593084070
367666825894
370870479204
370887268690
370883062113
371080980901
370883078497
371080980902
370887993926
370871265874
370888055366
370871282246
370888059462
370883783266
370883799650
367632476821
367632476822
367632493221
367632493222
367632476837
367632493205
367632476838
366558751062
367632493206
370871216778
370887993994
366554536614
366554552998
366554536597
366508382810
366508382874
366525061734
366525061738
366554552981
371956820505
367650282137
370887268678
366508403225
366504225305
366508419609
366572120680
366576315032
369796684181
367645862504
367650056856
366593092194
367666834018
366559521365
366559537749
366559521381
367633197737
369810315926
369810315930
366525064870
366508353162
366525064858
439590935178
439590939274
439590988438
439590988442
439607667302
439590726310
439607405222
366571330146
367645071970
370866301513
367629064854
367629064870
367645071976
367649266328
369813531285
370887264598
370887264614
453801306790
453801319082
365434612329
365434608230
365434612326
365434612330
365435706025
365435710121
365435710122
371961965210
365434394197
365434394198
365434394202
365434398298
372192750250
370884045460
371089562276
366525127249
367645993622
367650187926
367645993638
367650187942
367645993626
367650187930
367645993642
367650187946
371957586453
371957590549
371957606933
371961780757
367667010209
367667026593
370888288937
366509386401
366526114453
439808862758
366593268385
366593284769
366593346213
367667088037
366576507530
366576544422
439607536166
440866052762
366504077738
370883844706
371957586506
366559779498
366559779482
366559783590
366504139352
366508333716
366525110884
367598852696
371957770838
371953412762
371068611224
371072805528
371085388440
371085388452
367645977237
367645977253
370871249578
370883856986
371957574246
439590693258
439607404954
367650048618
366575503958
366575503977
366575503974
366575504038
367649245782
367649245801
366576425626
366576425642
371072768678
439607445862
440681126230
440681126250
440681126234
439607445846
439607445926
370867284632
367645989545
370871478936
370884037226
453801306794
453801323178
453801323177
453801306777
453801306793
365434595734
365434608038
365430413722
365430417818
365434608021
365434608025
365434608026
365434612122
365434612117
370883799713
370883865249
371089382034
370866235978
370866301514
440861747866
366576314906
367666965161
371085417114
366576511622
365434595750
371956804133
371956800022
366509369945
370884061860
366559455833
366559455849
367629265562
367629281962
367629281961
367629265577
370878883497
367629281945
367629265561
367629265578
366508316250
366508316314
367628216662
367628233046
367628216741
367628233125
370883840601
370883840617
370887985813
371080997525
370883840665
370883840681
370887985829
371080997526
365434607269
439585778264
370871196298
370871200394
439589972568
439589972628
439606749793
439606749778
440680491542
367632410969
367632410970
367632427353
367632427354
367632410985
367632410986
367632427369
367632427370
366575458854
371081177770
367650232984
439607466578
371961764522
367645854313
367645854377
366828214937
366828219045
366828214953
366828231337
366505187928
366509382292
366509382232
366526159460
365518559910
365518564006
366559455829
366559472213
370879863401
370879863402
370879863465
370879863466
370879867558
372209441418
372209494678
372222093977
372209445514
372209494682
372222093978
370884045409
370884053657
371957770853
371957770917
370884053609
371957770857
367632472729
367632472745
365430216362
365430220454
365430220458
365430220453
365430220457
367897696857
367897700965
366558734697
366558734698
367897696873
367897713257
366558734677
366558751061
366576446038
366508332677
366508381845
365434673765
370887993993
370888059529
370871282313
370884037289
371085191814
387246041765
366525127316
367598856804
367629019541
371072834217
367667022486
440882801313
440882858665
440882858666
439809051241
440882784866
440882793114
440882784930
439809051289
440882793130
370870459034
370878880410
371135703713
371135720097
366525131401
366525192745
367645010501
367645776406
367649200802
367649266338
439586745000
439590939304
439591000744
439607728808
439607716520
440681458344
439855192744
439859387042
372213705378
440933132946
372154919577
372154985113
439607466402
440681146714
439607527846
440681146730
372154919578
372154985114
439607450018
440681146710
370883791257
370867022217
370883791273
370867055017
366572235354
366576429658
366572235370
370883832233
370883832229
366572235350
366576429654
366575458950
366575463046
366575524489
366575528585
366575524486
366575528582
366592301606
366592305702
371961932442
440865991333
440866073249
440865991337
440866081449
439792331425
439792282273
439792339625
439590955653
439590984361
371085372072
367918688913
367918729894
366575520410
452744350377
365501786729
366559451545
366559451546
366559451561
366559451562
365430221414
370871528088
370015640229
370015644325
370015640230
370866280856
370870475160
370867055253
370883074465
370867055193
370883074450
370867055257
367632492966
370883832473
367649253913
367645075993
367649270297
367645006409
367649249817
367645071897
367649266201
439808989850
370866215306
370866280842
370866219402
439808989866
367632476777
367632476778
367632493161
367632493162
369797520037
369797520041
369797524133
369797524137
371072768614
371089545830
371072768618
366508288602
366504094314
371089545834
371089545894
371072768682
371089545898
367650253446
367650282154
367666961050
367666961066
367650249350
367650282150
367666961046
367666961062
366508320362
366508320426
366525048474
366508316265
366508316325
366525048490
366508320358
366508320422
366572055177
366576298537
366571263640
367645005464
366571252246
366571268633
367649203857
370879670890
370879670954
367628294502
370888055457
371961784969
371085421210
371085421206
371961780873
370884045473
367649249636
367649266065
366575524241
366559521370
366559521386
366559537753
366559537754
366559537769
366559537770
366575528600
367649270424
366575528546
367649270370
366592305762
367666047586
367649266280
372192733861
372192733862
372192746153
372192746154
372192729754
372192729769
372192729770
440928938664
440933132962
372226288290
371089578633
371089615525
370888284837
370888284841
365502835370
365502831274
366525065641
366508386725
366508337569
366525065621
366525065637
366508386729
365502831273
365502835369
366508353929
366525065625
367666944666
366559455637
366559455653
366559472021
366559472037
369797536169
369797540265
369797540266
369797536170
369797536165
369797536166
366571330216
366575524520
367645072040
439607450274
440681191978
370883783265
370883848801
370883799649
371085187672
371957590625
371089381970
370866219618
370870475338
370870479434
370866285154
370870479506
370870495878
370887268998
370887273094
439855196836
439859440289
439859391137
439859448489
440933132961
440933190313
370888034970
371961764518
370883779110
370887973414
370883783206
370887989798
370887993894
370887977510
367650052754
366503876117
366503880213
366503896597
366575508006
366575512102
366575524390
366571268760
367645010584
367649204897
366575463057
367649204881
366525131305
370866285156
370883074648
370870479460
370887268946
370883062369
370888301224
371962043048
371152538278
370866215562
370866281098
370866219658
370866285194
370883058314
370883062410
371085318806
371085318822
371085318810
371085318826
371089513114
371089513130
370887264854
370887264870
366572112470
367645854294
366572112486
367645854310
366572112550
367645854374
367633213850
367633213866
371961911914
369796737638
370866301258
370883078474
370866284898
370883074378
371089566306
371089574554
372163291750
372163291814
371089574506
367629281942
367629281958
366572296808
367646038632
366576491160
372213717668
366575503978
366575504042
366572038753
367645780577
366572055185
367645797009
366572055137
367645796961
366572120673
367645862497
367628277414
370871261737
370871265833
370871282217
370867071529
370867087913
370888026777
371953396389
371953396390
440681409114
440681409130
439809043042
366558730837
366558730838
366558747221
366558747222
366558730853
366558730854
366558747237
366558747238
439809051242
369809332629
369809336725
369809332633
369809336730
366525196825
367650249378
367650310822
369797798565
369797798569
366571268516
367645010340
366575511969
367649253793
366575462817
367649204641
366575528353
367649270177
370888026729
370888186469
366571268745
366571334185
366575512105
367901973162
367629064853
367629064869
367629081237
365430217317
365430217321
365434673749
365434677845
366508337541
365430217318
365430217322
366525061546
366508337554
366525061526
371961961126
371961961130
370888190565
440681196070
440681212442
369796733605
369796737701
367650183845
367650183849
371085372066
372159113890
367632427673
367632411290
367632427689
366508320342
366508320406
366525048406
366558746970
366558746986
366508320346
366508320410
366525048410
366504073641
366508267945
367650228838
367650228902
372159130246
372159158954
366503877141
366503881237
366503897621
366508091925
367649266274
370871458438
372213705377
370883865252
370888059556
366575528340
367629003365
371081190057
371081190058
371081255593
371081255594
369797802665
371081189993
371081189994
371081194149
365430412965
366559451738
366559451754
366559468122
366559468138
365430412966
365430417062
366508288410
365430412969
366559451737
366559451753
366508321381
366525049493
366508321385
366525049497
366508321445
366525049509
366508321449
367650237073
366508321450
367650048665
367633258922
367633275305
439607450194
440681191958
440681196054
439607532114
440681212438
371085372049
371089574549
371085429401
371089574565
370887969385
370887969449
369814514342
369814514346
369814514341
366558734953
366558751337
366558734954
366558751338
366558734949
366508321366
366508321430
366558734933
371123133097
371123133098
439809043105
439809059489
439809116841
440882784929
439809116842
366824024746
366824041130
370879654553
370879588954
370879654554
366508337810
366525127302
366508403346
366525192742
366572050836
366575503717
366576310868
367650052692
439590722150
439607401110
439590722154
439607401114
439590722214
439607401126
439590722218
439607401130
370884045457
370884061841
371072838293
370883070554
371123133081
370883070570
371089386026
370883070618
367629064601
367629064617
367629064602
372213705380
370015885990
370015885994
366503896645
366503896713
366503962153
366503896714
366503962154
366508140073
366508156457
366508140074
366508156458
366503880289
370888034729
366526175905
366526237349
369813527206
369813527205
369813531301
369813527210
366576446053
366572251753
366576446057
369813531302
369813531306
366572251737
370883791509
370883791525
370883795361
366508337572
366525127016
366525114788
366504143192
366508337496
367598856548
366508337512
366508337576
366525114792
366572247638
366572247654
366572247642
366572247658
371072805480
371089582696
367629085337
367629085338
367629085353
367629085354
367629068954
366576495252
366593272420
371085380201
370870495561
366576241238
366576241302
367649983126
366576241318
367649983142
370883857002
370883857066
371957574250
371957574314
370883857050
371957574310
366525048470
366508317029
366508317033
366508317093
366508317097
366525045141
366525045145
366525045157
366525045161
367649983082
367649983146
366576241258
366576241322
370867071400
370883860904
370871265704
370888055208
370883848616
366508333701
366558734937
366558734938
366558751321
366558751322
366558665113
366558681497
366558665129
367649245802
367649262234
366575454890
372196862633
372196862618
372196862634
372196879001
371072789126
371072834202
366525064869
366525064873
366572296802
367646038626
366572309094
366572309158
367646050982
366576491154
367650232978
365501720998
365501721002
370883992150
370883992154
370888186454
370888186458
370883992166
370883992170
370888186470
366508136982
366508141097
366508157481
366508141098
366508157482
366503881298
365434410405
365434410409
370879605145
366559537765
365452438122
365452434021
365452434025
365452434022
365452438121
366571334242
365452434026
369797519786
369797523882
369797519785
372159048345
372159048361
371085433508
370883779234
366525106522
366525106538
366593284776
367645076009
367649270313
439788071592
439792265896
366572235434
366576429738
366575462753
367645010276
367649204577
367649253729
367649270113
366576552597
366576552613
366575528518
371957738134
371961932438
371957738138
370866281112
370870475416
370867317397
370883074721
370867268233
370883074706
370867317401
370884094617
367649987110
370883795560
370887989864
366559734426
366508337762
440844790442
440844790426
440844790425
366508403298
366508354122
366508419658
366525127242
366525192730
366525131338
366505142874
366505142890
366509337194
366509337178
366509337174
371089582738
371089623722
367598791257
366508321365
367598791321
366576552618
367650294442
366576560802
367650253457
371072838310
371089578634
371089615526
371072805514
366508354216
366525131432
366575528581
366554540393
371068660376
365434608022
365434612118
365434612121
371957721690
371961915994
371957721686
371961915990
371957721702
371961916006
366572051092
366576294500
371961965205
453818084001
453818092201
366572247701
366576442005
366572247705
366576442009
366572247717
366509320789
366509320793
366505126505
366509320869
366526171797
366526110313
371139971754
372213713578
366559533670
369796733541
369796733542
369796737637
365501782629
365501782630
365501782633
365501782634
369810381478
369810385578
366525196841
369810381477
366576474710
366576474714
366593219173
366593219177
366576544409
366593206886
371123182229
371123182245
366508156520
366524933730
367598675482
365434594982
365434590885
365434590889
366503962216
366508156568
366572313188
366576507492
366840744597
366840744613
366576556692
366593284708
367650298516
367667026532
366576245346
367633521302
367633537702
367633521317
367633537701
371085171238
371085187625
371085175334
371085191721
371085187622
370870458966
370870458970
370883070361
366525114962
366525131346
367598873158
367598938646
367598856786
370871524008
366571264356
366572046949
366575507809
366572047013
365519346346
372209453674
453797112489
366572050856
367645792680
366575520102
367649261926
366575520150
367649261974
366575520166
367649261990
366554540453
366575512162
367649253986
440861747862
440865942166
370884111010
370884119210
366572296866
367646038690
366572313250
367646055074
366572374694
367629327017
370884090538
366571264612
366572309093
366575508065
366575524449
366572309141
366572309157
367646050965
367646050981
366576491105
366576503397
370866236041
370870479494
371135720104
371139963554
372209461928
372213656226
370870429318
370870458026
372209461894
366593264234
367667006058
365434660506
366576491141
366576495237
366593219157
366593219161
369810119274
369810123370
366576540309
366576540313
370888186474
367628282214
367628298598
367628298582
365434677862
365434677866
367628282198
439585778280
366558730645
366558747029
366558730661
366558747045
366558730646
370866219681
370870475398
370883074697
439590677130
367628216665
367628233049
367628216666
367628233050
367628216681
367628233065
366508333446
366525061462
440861633188
440865827402
440882604570
370888231574
371961961110
367645067690
366571325786
366571325802
370883992230
370883992234
370883992214
370888186518
370883992218
370888186522
371957738153
366576290470
370871245481
370888022697
370871200145
370883791254
366575458706
369814313637
369814317734
369814313641
369814317738
367629064806
367629081189
366525105749
366559451478
367633258917
367633258918
367629081190
371961784906
366508317082
366508386714
366508333449
366508317013
366576294562
367650036386
366555322777
366555326885
366555322778
366555326886
370888043170
371961784994
366504077990
366559521433
366559521434
366559521449
366559521450
370866219426
370866284962
440865827370
370879851113
367628233302
367628233318
370879916713
370879867545
366571263649
366571268645
366571325093
366575462949
366526098074
366571264340
366572046757
367645788565
367645788581
366575524248
370870479521
370870495881
370866236056
370883078552
371956820376
439590988454
439607667366
367646055076
366559517078
366559517094
366559533478
366559517077
366559517093
366559533477
366572050840
367645792664
366575503721
366575503718
367649245542
366575503782
370870458725
365451192933
440849291930
440849291946
440849296038
440849296037
367645792838
367650036246
367645862422
367650056726
370871245221
370888022437
370871216517
370871245225
370015885989
370871200401
367629327001
367629331109
367629327002
367629331110
367629327018
366576314968
366593092178
367650056792
367666834002
366572120664
367645862488
439792265874
440866007698
439792323226
440866065050
439792282258
440866024082
439792323242
440866065066
370888239762
371961981586
370888256146
367629326997
371961997958
370888297114
371962026662
370888297130
371962026666
371085388450
366571264417
367645006241
366571329953
370887268741
370887272837
366509435545
366526114409
366508333706
366525110826
366508403338
365501786777
371085388392
367598791081
366525122969
366525122985
367632489110
367632489126
369809336985
369809336986
367650286234
367644990113
366571264673
367645006497
371072805509
366571330209
367645072033
372196940457
370883783313
367629326998
367629327014
367598791014
367598791018
365434346074
365434350170
367629327013
365434346069
366525110626
365434608214
365434608218
370879605353
370879605354
370879670889
370879605417
370879605418
370879670953
366571333988
365430151849
365430155945
370879605414
371135715978
371135720074
371135752870
371135752874
371139947158
371139947162
371148352169
371148352170
367644994130
367645010514
366576495202
366576503450
367650237026
367650245274
366576503402
366576503466
367650245226
367650245290
366575524504
366592301666
367666043490
439607536170
371957783208
371961977512
371123133082
367650253464
367667030680
367633259094
367633275541
367633275557
366559451734
366559451750
367598791253
366559533718
366559533734
367633275542
440933182114
440916400793
440916400794
440916400809
440916400810
440916404901
440916404902
440916417193
440916417194
367632488874
366593268312
367667010136
366554475161
366554491545
366571263652
366572247653
366575507105
366575519397
366572247641
366572247657
366576441945
366576441961
366526159464
366508399178
366525110810
366525127194
370871261722
367645797025
371081177705
371081194137
371081177769
371081177706
371081194138
370871200137
370871249305
370883774874
370888026517
370883774890
370888026521
439590673034
366503896744
370887268934
370887273030
366558668437
366558668454
367649262230
367897762453
367897762469
367650228890
367650228906
440681130326
440681130342
440681130330
440681130346
439607449954
439607462246
371089627809
367645075800
367645796770
367645854122
366572054946
366572112298
366572051112
366576245410
367645792936
367649987234
366576310946
367650052770
370879605349
440933194408
453801302681
453801302682
453801302698
453801306789
371081177689
371081177753
371081177690
371081177754
366525106773
367598787157
366525106789
367598787161
366525106853
367598787177
366572055144
366576249442
366576314978
367645796968
367649991266
367650056802
367645977238
367645977254
367650171542
367650171558
367645977242
366575507873
366575524257
370883795346
370888022677
370888034917
370888034981
370883828134
366558730585
366558730601
366558730586
366558730602
366558746969
366558746985
388328233642
371957787288
367628294505
367633214101
439607712354
439607724710
440681392746
440681392726
439607724646
371957836454
370884045474
370884061858
371957787298
370883078820
371956820632
366571264676
366575524513
367645006500
370883783250
371085187684
370883848786
371085388421
370883799634
371085417125
370883865170
371085417129
365434590890
366525110821
367632493209
370011445909
370011445910
370011445913
369809320358
369809320362
370871442085
370871442089
367645792806
367645796902
367645792809
367645796905
370867006056
370871200360
366559467929
366559467945
365501766246
366504158888
366508402344
366593288872
367667030696
370866218657
370866235017
370866267813
370866267817
370870458006
370870458010
370871200294
366828153449
366828153450
367901956757
367901956773
367901956758
367628233370
369796737449
366508382822
366525061782
367628233386
366508382630
366525061542
367598807705
366525188777
366508141137
366524930581
367598807721
366503897684
366525188697
366571334232
366575528536
367645076056
367649270360
367632426661
367632471701
367632471702
367632471717
366558750378
366558733977
366558733978
366558733993
367628232358
372230490794
367649266309
367649270405
366571330086
367649266217
367645071913
370871216518
370887985574
370888022438
370888022442
371961784873
370871200161
370871249317
371085318805
371085318821
371080980905
370866284964
369797536406
369797536409
369797536410
369797540505
369797540506
366571330132
367645071956
366575524436
367649266260
366592301649
370871446170
370888223386
366576511592
366593288808
367646059112
367650302616
367650253416
367667030632
370879670938
365430151845
365430155941
365430151846
365430151850
371135703698
371135720082
372209445522
372209461906
371135761066
372209502890
370867005857
370867055013
370883074694
367628294549
367628294565
367628294550
367628294566
366525106777
367598787221
366525106793
367598787225
366525105753
366505142937
366509337241
367650056778
367666833946
367645993621
367650187925
367645993637
367629019498
367645066918
370866268502
370866268506
367633541802
440866024100
369796684197
369796688293
369810315877
369810315878
369810319977
366559455909
370870458710
370870458774
369796749738
366572054936
367645796760
366575503722
367649245546
366575503786
367649245610
370870458986
370883795617
371085187730
370883844769
370867268200
370871462504
367649270372
366571330136
440866007720
366572055202
366572120738
367645862562
367650040424
366592297558
367666039382
366592297574
367666039398
366559517269
366559533653
366559517285
366559533669
366559517270
366559533654
366559517286
371089627816
372163369640
371957803658
370870475290
370870479386
370888190613
370888190617
366504143441
366508399125
366504159813
366508403221
366571268434
367645010258
366576245317
366576310853
439787825828
439792020129
440861567562
440861633050
439792069281
366571248034
367644989858
366571264418
367645006242
366571329954
367645071778
370867001738
440844839513
440844839514
440844839529
440844839530
440844855913
440844855914
372163304073
372163357333
366576425622
366508272294
366508272282
366508272298
366504077978
366525106794
366525106858
370887989857
371085191762
370871462564
370867071626
372205263465
372205263466
372205329066
370883779210
370883844746
370883783306
365430216361
365430216358
370884061848
370883996246
366504077721
457039260298
457039293098
367650282149
367650282153
370883861090
371957590602
366576573096
366593350312
388332432040
389401979561
366571326058
367645067882
370883070358
367897778858
370883992169
366572120614
366576314918
367645797002
367645858346
367645862442
367650036266
367650040362
367650052650
367650056746
366572300968
371081243290
366508271973
366504077657
366508271957
371135769256
371152546466
366572038737
367645780561
366572055121
367645796945
366572120657
367645862481
440882735785
371135720073
367628216725
367628216726
367628216742
367628233109
371953412714
371953412778
370879851098
370879851162
370879916698
366508288601
366504094297
366504094313
366508288617
370879851097
370879851161
366508288597
387258673834
366575520341
367645989465
366576487002
366576487066
366576487018
366576487082
367650228826
367650228842
371080993385
371080993449
371080993386
371080993450
370883791450
370883791514
370867219034
370871413338
388315622054
370871458437
370871507605
366509365862
366509365866
366526093974
366526093978
366509365926
367645075989
370883795602
369797519781
369797519782
367901891177
367901891178
367666944602
367666944618
366558669221
366558685605
366558669222
366558685606
366558685589
366558669206
366558685590
366525114917
366525131301
370883058218
366558747285
366558747286
366559537750
366508386965
366525065829
367632489045
366593219221
366593219225
367645989525
367650183829
371135711898
371135711914
440866056869
440882735781
440849291929
367633197466
371961768553
370871249493
370871249557
370888026773
370871249497
371080993381
371080993382
370870479192
370887268705
370883062098
366571330148
367645071972
366575524500
367649266324
366575524452
366592301665
372205267622
370871196297
370871261833
370871200393
370871265929
370884037222
370888039049
370888305304
370884037286
370888043145
370888252042
370888256138
370888288934
370888288938
370871478922
440866056858
370883799714
370883865250
371957607050
372213656209
440849050265
370883074392
372205263461
372205263525
372205329061
372205263462
372205263526
372205329062
370887263914
371952625321
371952625322
370866300584
366571264401
367645006225
366571247969
366571264353
371085322901
371085322905
369814301334
370887973473
367629081177
367629081178
366508336740
370888022422
370888022426
457035115176
457039309480
457051900586
457051904680
457056094886
369809336681
366559521446
366559537830
369810119317
369810119321
369810123413
369810123417
366571326037
367644994085
366571326053
367645010469
366571326117
367645067941
367649253025
366575519401
367649261225
370884045410
371957770854
370884053610
370884053674
371957770858
371957770922
370870458778
370878880090
370878880154
439590676897
439590693257
440849050217
440849050218
439775292058
370871249509
370888026725
370883844650
370888038954
371957574309
371957574313
371957574245
367650167386
367645973098
367650167402
367645973082
371152554666
372209511080
367628282517
367628282533
370015644330
370015640234
370888059492
371961801304
367666829862
367666833958
370884061857
370883074472
370883062178
371956804002
370870479272
370887268770
370883078562
371956820362
372163308193
372163324553
366508317030
366508317034
366508317094
366508317098
371139971753
369810106793
369810102698
369810106794
370867067433
366525065574
366525065558
366525065562
366525065578
366508333450
366508337546
366508386710
367633197465
366525065878
366525065882
366525065894
366525065898
366508386982
371956820648
370870495912
366593084006
367666825830
367598873172
366508403284
366525192788
366504159828
366593083990
367632488858
366576314949
366508333416
366525110632
367598852456
366504139112
366508333464
371068611220
371085388436
370878884197
370878884261
366593202794
366823975589
366823975573
370878884265
439792020102
439792085638
439792085641
439787887208
366559517098
371089517225
371085322917
371089517209
371085187688
371085175394
371961780810
440882735786
366575528486
366559537813
366559537829
439607528026
367650220649
367666948777
367650220645
367650220709
439607528042
440681147030
440681147034
369814563493
369814559398
369814563497
365435656809
365435660905
365435656810
365435660906
365435656805
371956820564
365434595733
371139959448
371139910305
371139971749
372213713573
365434591657
439585778260
439589972564
366575458890
371961780761
371961784869
367649266246
367666043414
367649204806
367649270345
367666047510
371957606937
366524934737
367649200710
365434612393
367649249698
370867005858
366571264424
366572120740
367645862564
366576315044
367650056868
366593092257
367666834081
370867088024
370871282328
367649262186
370871216714
370871282250
370867006052
370883795544
370871265937
370871282309
370888059525
370887989897
370888055433
370871200417
365430154858
371089640102
372163357338
371089562274
372163304074
366509382296
366526159524
366505187944
371089578658
367650232996
366509382248
367599901288
366572296868
370883766693
370883766697
371957607049
372154985126
370887268754
439590693254
439607400858
439590721962
439607400874
439590676882
439607400854
371961764502
370888034902
366558734682
366559455898
366572374697
366571334225
366572051042
367645792866
366572116578
366572034658
367645776482
372159130216
372163324520
372159130260
371072805524
371089582740
372163324564
371068611240
371085388456
366571268646
366571268649
366509386374
366526110310
367633537705
365434607205
365434607209
365434607206
365434607210
365434611305
439788071588
439792265892
440861813412
440866007716
440866073252
440882801316
366554491562
367599921816
366524933713
367598675477
366558735001
366558751385
371080981098
371080981162
372209494697
372222093990
439792315045
439808993957
439590677138
439607466630
370888235666
370888252050
440861764245
440865958549
372163242661
366525044389
367918750376
367935523494
366576298522
366572051018
366572116506
369810053545
369810057641
365434672809
365434672810
366525064854
366575503962
367632489109
367632472725
367632472726
367632472741
367632472742
367632489125
367628294809
367628294810
367628294825
367628294826
370887973514
370887977610
370870495828
370887273041
365434590870
365434590874
371080981097
365451187813
366558669401
366558669402
366558685801
370887985558
366508333590
366571264537
366575458838
366571247202
366571259542
366508354070
366503877142
366503881238
366503897625
370879605350
370879670886
370879670949
372159048357
366508353930
366508386730
366525065626
366525065642
367632488810
367632472409
367628278121
370883074466
371956803978
439607466538
439607470634
439590984346
439809120936
365430417001
439590738570
372159044186
439590742666
439590984342
365430154917
365430154921
439787891288
366576540326
365451385497
365451389593
370878884458
370878884521
370878884522
370883996265
370888190569
371952626266
370883070550
370883070566
370883996261
371952626345
366525192872
440849230490
440849246874
440849296025
366571268689
367644994129
367645010513
367645076049
367649204817
367649270353
366575512145
371072740010
366508403242
366508419626
366576294425
366576298521
367633459802
367633459818
369810319978
366508156490
366524929562
366524933658
366525048486
366525126305
366525187749
366559713894
366559730278
366554539674
367598807701
366571264646
366571268742
366525045142
366525045146
439607405205
439607405221
439590726249
439590726313
439607405209
439607405225
366525188521
367598807465
367632493225
367632493226
365434612394
366572116648
366576310952
367645858472
367650052776
366593088162
367666829986
370887973538
370887989922
369810320025
369810320026
366571268456
367645010280
366575462754
367649204578
366575511906
367649253730
366575528290
367649270114
367645071780
367649266084
367632493141
366504138328
366504143381
366508332692
366508337685
366504159765
366508354069
370879589034
370879654505
370879654569
367633459861
367633459877
366593268328
367667010152
366576491112
367650232936
367628281514
367628297898
370866215558
370866281097
370866285193
366554551973
366576552614
367650294438
371089562246
371072834198
371089611414
371089566342
371952626265
370887264918
370887264934
371952626329
367645010474
366508141094
367649987206
367650052745
370867333796
370884111012
365434677910
366571264594
366571330130
367644990034
367645006418
367645071954
367645006434
366571248226
366571264658
367644990050
367645006482
370888038818
371961764262
367633521306
367633521322
365430417065
365430412970
365430417066
365434395238
365434395242
365434398309
365434398313
365434398310
365434399333
365434399334
365434399338
365434395237
365434395241
367633213865
371085183594
371953396330
367632426645
367632410277
367632410262
367632426646
367632410278
369814317722
367632427685
367632472665
367632472681
367632472682
370888219238
366504077717
366508272021
366504077733
366508272037
371961764250
365435656857
370888034710
371961764246
366576446058
366576446042
366576491096
367646038616
367650232920
371089513065
366575520106
370883070297
370866268521
370871265817
370871265829
370866268585
370871282201
365434673753
365434677849
365434677846
369810102681
439792278184
439792327336
439809055400
439859391121
439859432102
369810106777
366558685526
366558685542
366576478886
440933190310
366593350308
367650232980
366571259561
370883078548
366504158824
366508402328
366508353128
370883070633
371089517161
366525130344
366525191844
366823971430
370883070553
371085322853
370883070617
366508271257
366508271273
366840744618
367914486442
366508157513
365451454889
366571252130
370879605413
366571268514
370871196328
370887973544
370884106920
365430417817
367649266202
366571330212
366575524516
367645072036
367649266340
366525061466
366508337545
366508386709
366508386713
366525065573
366525065577
366525061478
367666965157
371085191813
370871200408
367650249353
367650286245
367649200774
370887989924
365430134438
365430134442
367633214122
365434661478
366572055114
366593202842
366572120602
367667092136
366572378792
367646120616
367650314920
365430155942
369796748969
369796748970
370883861034
370883848746
370883865130
370888055338
370888043050
370888059434
367598938665
367645006473
367645010569
366575458722
367645006244
367649200545
366571264420
366575458721
367666960986
370870495896
367666961002
367667030690
367667088042
367633197461
366525109928
367598851752
366554557097
370879666841
370879666842
366524933794
366503962280
366508156584
370015639978
370015644074
367633263002
367633263018
367633279402
367633263001
366505142873
366509337177
366503881253
366503897622
366508091926
366503877146
366503881254
365435706026
365434673817
365434673818
439607470726
440866056873
370888297126
371962026650
439775292054
370883078817
370888034982
371961764438
370888034918
372154919589
372154985125
370887973474
371085191778
370888039010
366571329956
367901895317
367901911701
367901895318
367901911702
367901895333
367901911717
367901895334
372159097498
367629064794
366554490522
370888059304
371953412521
371953412522
366592297386
367666039210
366554474154
366554490538
367645862312
367650056616
387258673818
366525061785
370879601317
370879666853
370879601254
370879666790
370879666854
370879601257
370879670950
370879670885
366572055173
366576298533
371085429418
366576491170
366576556706
366840744602
370888297110
371962026646
370871200133
370871245209
370883774886
370888022425
440865827354
366558730901
367632476825
367632476841
366576249506
367633259173
367633259174
367629068885
370870479385
370870495769
367629085269
367629068901
367629085285
367629068886
367629068902
371089574570
372163291818
371085380246
372159097494
371085380198
372159097434
371085380262
371072772778
371089549994
387258686122
387258686117
387258686121
387258690217
387258690218
387258686118
367645796938
369809316502
369809320598
366525131285
366525114921
366525127206
366525131302
366525114922
366525127210
366508337802
366508337797
366508403333
366525131306
367632427606
365501716134
365501716138
365501720230
365501720234
365501786730
365501717157
365501717158
365501717162
365501782698
370866285160
370883074664
371956804194
371956820554
366558669417
366558669418
367649249874
367645006488
440882735702
440882735706
367649249953
367649266337
367649249896
372209457801
440861567625
440861633065
440865810985
366508157608
366524934818
365434410602
366571264344
366572046697
366572046745
366572046761
367645006168
367645788521
367645788569
367645788585
367650220634
367650220698
371957717657
439859432106
370887272866
366504225192
366508419496
366525196712
366571334056
370883078568
371956820392
371085322921
369796754089
369796754090
369796683430
369796687525
369796687526
369796683434
369796749925
369796749929
369809336678
369809336682
366571333992
366575528296
366575528344
366576306602
367645075816
367649270120
367649270168
367650048426
366576306778
366576306794
365451385446
370888239754
366572055192
388332415649
452761127590
452744342177
371152554665
371957852840
371962047144
370871528100
370888305316
365451385189
370867333800
370871528104
367650253450
367666965146
370883073704
370887263910
366575463058
367649204882
370888055442
366508140053
366508156437
366525114721
370867006098
371085183638
371085183654
371961801384
370867088040
370871282344
370888059560
371072789154
371072772774
371089611429
371089582725
371072834214
371089611434
371072789138
371089578630
371089582726
371072789153
366508333720
366525110948
367633214118
371961961114
366508135977
367628298842
367629281946
367628282457
367628282458
371072739993
370870462122
370878883498
365434591654
367633197481
367901895257
367901911658
365434394217
370870462890
365451385509
365451385513
365451389605
365451389609
365451389589
365451385493
365451385494
371139955370
372213697194
371139914385
371139955369
371135720100
372209461924
371139963553
371139914401
372213656225
372213713577
370884106914
371957836438
366575520342
366571329192
370011429546
370011433642
367629064857
370887268945
366558685785
366558685786
366558685802
367645993557
367598791254
367598791270
367650187861
369814301093
369814301094
369814301097
366558685610
369814301098
366508141082
366558669225
366558669226
369810102889
369814297001
439607532070
370878884198
370878884262
370870462821
370870462885
439590726309
457039325864
457056094890
367645071016
367649265320
366558751317
366558751333
365434607258
365434611349
365434607253
365434607254
365434611350
367645977190
372159113880
372163308184
439590627738
370878880346
369809316501
369809320597
369809316506
369809332889
369809332886
369809332890
369809320614
367632410217
367632410218
365434345066
369810315945
369810320041
366504225384
366575512089
366575528473
366575507993
366575524377
366503963161
366508157465
367644989974
365452499626
365501782678
387246037670
371123137193
371123137194
370888190566
370867219094
370867219098
370871413398
370871413402
367646059172
367650302628
369797540518
366558730581
366558730597
366558730582
366558730598
366558746965
366558746981
366558746966
366558746982
366559517082
366559521189
366559517097
366559533481
367649987217
367650052753
367650036306
367649987154
367650052690
370888055365
370888059461
366504143460
367632411034
366571264600
366575458898
370883996325
367633259162
439792278153
439792282249
366572120676
367645862500
367649270376
367632427417
367632427418
365502569109
365502569113
367650253476
367667030692
366558751126
370888051114
371961768362
440681126550
440681126554
367650249362
366576552598
367650294422
366576507538
370888051286
372154935961
372154935962
367666944598
370888051302
366559471977
366559455594
366559471978
366559455577
366559455593
366559455578
367897766565
367897766566
387258669722
366576294437
366576310821
365502556838
365502552742
365502552746
365502556842
370883791446
370883791510
367633259178
367633259177
367633259097
367633259113
367633275481
367633275497
370867329704
367901891237
365430154853
365430150757
365430154854
365430150762
365430150821
365434398373
365434394278
365434398374
367629015446
371080981081
371080981082
371080981145
371080981146
371957590566
371957606938
372205251178
372205267610
371957586458
371961780762
371957590554
371961784858
371961784870
371961801242
370888059430
366575508050
366575524434
367645006424
370883078729
370883848842
439607466594
439607532130
370887969433
366558669158
367628215957
367628215973
367628232357
371135703650
371957590680
371953396394
440866019977
440866024073
366504077718
366508272022
366504077734
366508272038
366508272042
366508321126
366525049238
366508321190
366525049254
366508321130
369796732565
369796732569
369796736665
369796732566
369796732570
369809315494
439585712521
371957586454
371085318809
366844943010
366572300900
366576495204
367646042724
367650237076
367650237028
367667014244
370867268196
370884045412
370871462500
370866267814
370871396966
366576429674
370866218658
370870462102
365434607257
365434611353
365451384470
365451384474
366575528356
366592305569
371085171242
371085175338
371089517226
370870458714
366572046934
366572046950
439590988453
439590988457
439607667353
439607667369
367629064873
367629064858
367629064874
365434608229
366508271210
369796733338
369796737433
369796737434
369796737429
369796737430
369796733333
366525127205
367645792793
367645792790
367649987094
367645796889
366509431445
366509431449
366526110309
367645977177
439775308442
439775308458
366571333970
367628294758
367628294742
367628294757
367628278357
367628278373
367628294741
367628278358
439590726058
439607404970
439590676898
439590726054
370888186473
370883070310
370883070374
365430138202
365430138218
365430134117
365430134118
365430134122
365430134102
365430134106
367667026596
366508271962
366508271978
439607404950
439607404966
366576314901
370871458456
371961977496
366508386726
366525065638
367645006484
367649200785
366575524497
367649249892
370871196293
370871261829
370871200389
370871265925
370883795538
370888039045
367897701014
366572112485
366572112549
367645854293
367645854309
366571248170
367645854373
367649270406
367666047526
370883058018
372196924074
366576446054
366571264554
366571252266
370870458729
370871196230
370871261766
370871413337
370871413353
369810053797
369810053798
369810057893
369810057894
369810053802
369810057898
367628294806
367628298841
367632489061
367632472661
367632472662
366504077994
371139910306
372209457832
366572251750
366572251754
366593206890
367650220694
367666960997
367666961001
367650237061
366571260570
366571260586
372154919590
372154919529
366554556073
366554539686
367645010520
366525061781
366508353925
366508382633
366525061525
366508382889
366525061797
366571260314
366576425637
366571260330
366576425641
366571260262
366575512085
366571260326
366572054888
366823971477
439607454306
439607470738
440681196130
440681212550
439607470690
439607536226
370866301592
367914486426
371085445802
372159163050
370884041378
371957836442
367598791322
370883078545
370867055190
370867055254
370883856805
370871249513
370871249573
370888026789
370888026793
370883856981
370883856997
366571260249
366576294421
366571260313
371085384330
371085388426
371068644010
366525045350
366554540454
366554556821
371089558186
370888043156
372163357334
370871446117
371072834197
371072834201
371089611417
371089574550
366572313240
367646055064
367628298837
367628282469
367628298853
370867005834
370883783050
370867054998
370883832214
370867055002
370883832218
370883778954
439589955940
439606745381
370866268838
370871397030
366823975577
371956804118
370883058213
370883074597
370887268901
370870479442
370870430278
370883078744
371956820568
371961014854
369810365081
369796737445
366508337560
367599856281
370883844705
370883861089
371085187666
371957590601
367650294421
367650294437
366576491153
366576507537
367650232977
367645010470
367649204774
367644989990
367645006377
367644994086
367645010473
367649200678
370883078802
365434394282
365434398378
371085372038
366576310932
371085183658
369810102949
369797540522
369797524138
369814317670
369814317674
369810123365
366525061798
369809332585
369809332586
365452438186
365452434086
365452438181
366575458954
366575463050
366575508010
366575512106
439590721946
371072739994
372163259029
372163258970
372163258986
371085318761
370883070377
372163369624
371068594836
371085384340
371072789140
371089578644
371089566356
372163308180
366840748692
369796736681
439590693514
366572313249
366572374693
367646055073
367646116517
370883074658
439590759050
439607470730
370888059544
439792085656
366555322793
365434410410
365434414506
365501782697
439585712536
439589956001
440844839577
370871249577
439590726245
439775292057
439775308441
366508135957
366592301589
366592305685
439607724694
440882735765
440882735769
440865942170
440865942186
370871462561
440882735718
440882735722
372205251177
365434611365
370883062434
372226296490
372213705384
458121439914
439788087976
439792331432
440861829800
440866073256
439792282280
439809059496
367629085274
367629068905
367629068906
367629085289
367629085290
367629068889
366558685865
365452434074
365452438170
370879666777
370879601305
370879666778
372213684886
367645989526
366823959145
366823975529
366509431465
366526110357
366526110361
366526110373
366526110377
366823959146
366823975530
371152538266
371139963544
372213705368
366840748712
366844992162
367914490536
367918733986
366845004454
371152542370
371152554662
371961916054
365451388586
365451384489
365451384490
365451388585
365451388581
365451384486
366571260505
366576298518
366571260569
366571260585
366576314902
366576245318
366576249414
366576310857
366576314953
366593092118
367666948713
365501782682
365501786778
367650052708
367666829921
365519542950
365519542954
365519547045
365519547046
366505122390
366505122394
366505122410
365519547050
366509316698
366509316714
366509316694
367632492953
367632492969
371139914373
366576306858
366554539689
372192746149
366554491301
366554491302
372192729765
366508336786
365501770342
365501766250
365501770346
366525060758
366508381862
366525060774
366508353158
366525060762
366508381866
366526159528
367599901352
371957574230
371957574234
371961981592
370888252068
367628233366
370888219242
366504093338
366508287642
366508317290
366525045402
367632489113
367632489129
366558669398
366558669414
440849033834
367645858408
439787825816
439792020114
439792069224
439792085650
365434410598
365434414698
365434349162
365430150746
365430154842
365434410586
365434410581
365434414677
365434410585
367632472473
367632472474
367598786969
366525106537
366525106521
367598786965
366525106601
366525065622
366823975593
367650232993
366508336774
366525060698
366508381850
366558669205
367650298529
365434656425
365434660521
366525122921
366504094042
366508288346
366504094058
366508288362
366508272041
367645067606
366571325798
367645067622
366575520165
366572054952
367645796776
366575520154
367897701033
367897701034
367897717401
367897717402
365501786517
365501786518
365501786522
365435660949
365435660953
365434608277
365434608278
365430154601
370867050922
372209457798
372213688981
372213688985
372209490602
372222089898
439590693513
439607470729
367633214105
367633214121
367633197738
369797523877
367629265573
367629281957
367628232341
367628232342
366526179992
367633197482
367628278361
367633213849
370883783320
371952626330
367645067878
366571326054
440681130394
439607462314
440681130410
440681130390
370887969178
370887969194
370879851174
370879916710
370870458981
370870458985
369809316518
369809316522
365434591658
365434595754
365434591653
365434595749
365434595753
365434411686
365434411674
365430155946
365430151782
365430155878
365430151786
370871442074
370871196234
370871442070
365430221413
371135752857
370887269025
371148348058
370870479512
370866285208
370883062418
370883074724
371139947173
371139947177
369814559397
366571252306
366571268690
366571334226
367645076050
365434415782
365434411625
365434415721
365434411626
366508317286
366525045398
366508317350
366525045414
366504072858
366508267162
366504072874
366508267178
366508317270
366525045334
366525123178
366508386906
366508386966
367598872232
366525130408
367901956761
367901960869
370887989666
367632426602
366525123238
366525123222
367598791274
366508321382
366525049494
366508321446
366525049510
366508321386
366508271206
366504094294
366508288598
366504094298
366508288618
366525123162
367598791318
367598791334
366525065817
366554556074
366554535589
366554535590
366558746277
366575520426
367649262250
366575520405
367649262229
366571260522
366575520358
366571326038
367645067862
366559718041
366554552741
366824037029
366828153497
366828153498
366828153513
366828153514
366828169881
366828169882
366828165798
367897762454
370879588773
366505126485
366509320809
366593284772
365434657381
365501782422
365501782426
365434661477
365434657385
365434661481
365501782421
365501782425
452744293025
367650052746
367666829866
367650056842
367666833962
367649987210
367649991306
365434661285
367650249354
370866235752
370870430026
370870479202
370870495562
370887268682
370887272778
371081243289
372154985130
370866280778
369810102890
367629265574
367629064793
370867022440
370871216744
370883799656
370887993960
372205251241
372205251242
371089578657
372163308169
367897696937
366559533674
367598787242
367649244838
370866268517
370866268581
370871261721
366558751077
366558751078
367645796934
367599839833
366526171813
367599839849
367650220693
367666948709
367666948697
366525192801
366558669482
366508337542
366508382618
366508381846
366525060710
371089513113
367897701030
367897717414
367650216538
367650216602
367666944614
367897701013
367897717397
366576310948
369797524134
366508321194
367650052772
367628298597
366559451801
371085183578
371085183642
371953396329
366559451802
366559468185
371956804134
371956820521
371961014810
366525045401
366525045417
366508317354
366525045418
371089623717
372163353241
366593268321
366593280661
367667022485
366593280613
366593223318
366593223334
366576511626
366576544426
371961961129
366593264233
366593264297
371961961065
366554474902
366554474918
370887993938
367629068697
367629068698
367629068713
367629068714
367629085097
367629085098
369809332902
369809332905
367632472677
367632472678
372192729766
370871216552
370879605161
370879605162
370879670697
372196924073
371123120794
370867219033
366559451797
366559468181
366559451813
366559468197
366559451814
366559468198
366576478869
367649245862
367649262170
366575520409
366576425638
366575520425
367649262249
370867333784
370884111000
370884123300
439585777961
439589951785
439585696161
439589972266
439589972265
439585777962
366575462981
366575524421
366575528517
439775308457
370883078504
370887272802
371080997289
371080997290
440680491290
439606749538
366571260506
370883861140
366592301730
367666043554
439607532200
372159130250
440681212584
439590955658
439590988458
439607667354
439607667370
370883078730
370870475402
370883074698
370870479498
370883078794
370883861030
370867022378
367629068965
367629085349
366572112469
371089386058
370867022484
370871216788
370883799700
370887994004
371089382021
370867022420
370871216724
370883799636
370887993940
370011429542
366840744617
370867071588
370871265892
370883848804
371957590628
367914486441
366526171798
367599839846
370867050918
365430216297
369809332581
369809336677
369809332582
371961801354
371085191848
371089582754
366572116580
366576310884
366593088097
371961784905
370888039009
367667022501
370883844646
370883848742
366525105770
366525105834
367598786198
367598786202
366525105754
369809320602
366558751398
439586564696
439590759000
366508090901
366503876118
366503880214
366503880229
366503896601
369814559385
369814563481
371953396121
371089566360
367650249380
371085384356
371072789144
366840748708
366844992161
367914490532
370879867498
370879867562
367645788774
367632476826
366576241242
366576241306
371123198633
370871462537
370884102822
370883828326
439589972584
439589972632
439606749794
439606749857
440680491546
439607716450
439607724650
366593223253
367650282138
370883078804
370887273105
367649253985
370870475289
367628215962
367628215978
367628232346
367628232362
367628215961
367628215977
367628232345
367628232361
370883996329
370888190633
366572051081
366572116521
366572046953
366572047017
365430151829
365430155925
365430151833
365434590869
365434591638
365451385190
365434612074
365434607973
367628294485
367628294486
367628278117
367628294501
366554556838
367632427434
367632411050
371952626281
371952626282
439589972648
439606749858
366844938918
367632489046
366525123157
366525123173
367598791269
367598791273
367598807642
367598807658
370867268264
370884057768
370884045480
371957787304
370888252072
372163308170
366558669142
366558669157
366558685541
366558669141
366558685525
366558669145
366558685529
366558685546
366558669161
366505126549
366509320853
366505126565
366505126553
366509320857
366505126569
367644994070
367645006361
367645010457
365451385253
366508090949
366508156485
439607400870
366508385958
366508354152
366525131368
367650048613
366576306773
366576306837
366576306789
366576306853
367650048597
367650048661
367632427669
367632427670
367632427686
366504094106
366504094122
370883865176
370888059480
367633275545
370867006120
370871200424
370883795624
370887989928
370883783336
370887977640
371085187722
371085191818
440861633049
370870495558
370887272774
370870495576
371068656296
371085433512
372159175336
371072850600
372213656210
371135720084
366504093269
366504093273
366508287573
366508287577
366525064789
366525064805
367598806677
366504093333
366508337752
366525127268
366508336802
365434661526
365434594981
365434590886
365434612374
365434612373
365434608213
365434673813
365434677909
366575528552
367645076072
366508271270
366504076954
366508271258
366504076970
366508271274
366558734693
366554536538
366554540394
366508354089
366525127209
366504143521
366504159881
366508399145
366508403241
366504225321
365430479274
370871265954
370888055434
371085372050
371085388434
372159113874
367628294745
366558669397
366558685782
366558669413
366558685797
366558685798
365434657366
365434657370
365434661462
366509320854
366505126566
370883070630
367645006374
440681278056
365434656421
365434656422
365434673814
366525122918
366525122982
367598791002
366525122966
367598790998
365435640422
367632410281
367632426665
439585778218
367599856214
367599856218
367599835737
367599835753
366526155350
366526155366
370871200338
370887989830
366525049258
365434657174
365434657178
366555343274
367649253736
367645071720
367649266024
366576306601
370883062177
371956820361
366571268504
366575511912
366575462802
439606749537
370866268842
369814297189
369814297253
369814297254
369814301350
369814301286
369814297193
369814297194
370015890086
366571260246
367667006053
367667006117
367667010210
367667026594
366593280678
366593264230
367667022502
366504077977
366504077993
365434394022
365430151785
371068545626
371072739930
366558680742
370015639974
366508337798
366525114918
367649244842
366571267736
367645009560
366575462034
367649203858
366575503018
366559472026
366559472042
369797536425
371085322857
367645792673
366572050849
366572112293
367645854117
367901891241
440882735766
367901960870
367901956777
367901973161
367901956778
370866235018
370870462106
367650216597
367599839894
367599839910
366559730346
366559713961
366559713962
367633472170
367633455769
366559734437
366559734438
366559730345
367629003097
369809316198
369809320294
369809316202
369809320298
369809316197
369809320293
367629019737
367901960874
370871265834
367650056865
366572038817
370871200134
370887969190
370871245206
370871196038
370887969174
366504143401
366508337705
370871245210
369814510246
369814510250
366525130392
366508402340
366525130404
366576511656
367650253480
366828231338
367901907561
367901907562
366828153446
366828149353
366828149354
366572317352
367646059176
371080993189
371080993190
439586433429
439590627733
439586433433
369810119270
369810123369
369814313626
366504143398
366504159770
365501766053
366559472038
365434657446
365434657450
365434661542
365434657445
388315638424
388319832728
388332427940
388336618149
388332407466
389401959082
370883848852
366572046937
366572047001
366575528609
367649270433
366575528594
367649253992
367649270418
366508156504
366524933729
370883865129
370888055337
367897717417
367897717418
366558729894
366508419722
366558746278
439859440290
440933190314
367598807706
367598807722
366575454570
366823971478
366575454618
366575454634
366823971493
366823971494
366824037030
367629019753
366823971498
366572296792
366572300888
366576495192
367650237016
367667014232
366558681514
367649270341
367666047509
367645788826
366572046954
367645788778
366572047018
367645788842
370883775082
371080977002
370883799625
367629085350
370888051301
371961768537
370888051365
371961768601
370888051285
371961768533
370888051349
371961768597
372154985129
371089381925
371089386021
371085171237
371085175333
370887989802
370887993898
371085187621
371085191717
370883779114
370883783210
370883795498
370883791466
370883070634
372196878997
365434612377
367629343397
367629343398
370870479186
371085384296
366559517274
367645858341
367645862437
366559517273
371961981602
371962030758
371139943066
366554535577
366554535578
366554539685
371139943077
371139943081
439792081496
439792085637
371148364453
371148364454
371089386117
439808858661
366508317078
366504093354
366525045094
366508287658
370879588774
370879601049
370879601050
370879654309
370879654310
367649266197
370867005860
370871200164
367645010580
366575512164
367649253988
366575528593
367649270417
370887973458
370888038994
371961780806
371085191777
371961784902
371957770842
370884053654
371957770902
370884053670
371957770906
372205316762
372205316761
440849230489
440849230506
440849246873
370866284888
367628216985
367628217001
367628233369
367628233385
367628216986
367645973142
367645989542
367645989530
367645989546
439607536232
439590759064
439607536292
439590721942
365434673574
365434673578
365451385498
365451389594
365451389590
365451188901
371961932378
371961932394
371957738070
371957738074
371957738090
370884041314
370884053606
371961965158
367650040342
369814317669
367628215913
367628215914
366504076969
367650183830
367666944597
367650216601
367666944613
367666944617
367666944601
367650216533
367650216537
367598938728
367646050970
366572309098
367646050922
366572309162
367646050986
370883062310
367633259158
370884057752
370888252056
387246090906
365435656858
365435660954
367629081173
367629064809
367629081193
367633259110
367633275478
367633259093
365451389546
439607536210
370867268260
370884045476
370888239780
371957787300
367628278362
367628294746
366509402776
366525044374
366525044390
365451188837
365451188838
371152562856
371135785640
371068676776
371085453992
371072871080
371089648296
372159195816
372163390120
366572235414
366554556822
366572235418
366555326890
366593202858
366571251362
367644993186
371123186342
370888034901
370888034965
367645067881
370866285140
370871196312
370883074644
370887973540
370870479444
366525064790
366508336778
366525064794
366508385942
366525064806
366508385946
370887969450
366508332682
365435644566
365434673769
367645796772
367645792676
366575520101
367645010454
367649200662
367649204758
370870479397
366508403222
366508419606
366558664341
366558664342
366558680726
366558665130
366558665114
367632488873
367632472490
366559730341
366558664358
371961981604
439855196840
367650216614
367650216618
370871511705
367650216550
367650216554
367666944662
367632476565
367632476581
367632492949
367632492965
367632476582
371085183641
371085183657
366572116564
366554540442
366554540458
366576245330
366576294482
366576310866
367645792856
370888039000
371961780824
366524934753
439787887272
439792081546
439808858666
439792020106
439792085642
366572051078
366576294438
366572116518
366576310822
366572055174
366576298534
366576294441
366576310825
365501716906
366524933793
366525113954
367598790294
366525122154
367598806681
367598806697
366525114017
366525130401
367649245866
367650220630
367666960985
367666960981
366558681513
366575462818
367649204642
366575528354
367649270178
366575511970
367645010344
367649253794
366571329960
370866235816
370870479266
371961784874
371961801258
365434596005
439590939282
439590984358
439607663254
439607663270
439590984362
370888247973
370888235617
371085445797
370888235665
370888297109
371085384353
370883844772
370888231589
370879863461
370879928997
366504225322
366554536298
366526175896
365434607978
366525188694
367598807638
366525188710
387246041750
366525110692
371123120789
371123137173
371123120805
371123137189
371123137174
366571248033
371089386022
370883070362
370883070378
371085187496
371123133078
440882862760
370867067530
370867001994
366824024745
366508337764
366508399192
370871216521
370871249321
370883783058
370883840410
371081194150
439607528038
439607528102
366508271958
366504072873
366508267177
366504072853
366508267157
366504072857
366508267161
366509382278
366509431450
366526110314
366509431446
366508399242
367632475814
367632488106
367632475813
367632488105
369814317721
366576315018
366593092138
365430150554
365430154650
367649269416
367666038442
366571264610
366505192036
366509386340
366509386388
366526163556
366555326889
370883861153
370867006113
370867071649
370887989921
370871265953
371957590665
370871216777
370884053669
371956800026
370887268997
367629277861
370871200138
371089558106
371089558170
366508353192
370866284200
370883061410
367897778857
371123120742
370870478504
370883069610
371123133034
367897762457
367897762458
440681146778
440681146794
366571259562
366576425578
371957717594
370871249514
371957717610
367650216534
367650216598
371957717590
367629277865
367629261482
367629277849
366559718053
367649266344
370866285224
370883074728
371956804258
370870479528
370887269026
366508156550
366572300898
366572309146
366576442021
366572247721
366576442025
365451451046
372213684905
367628278101
365501785769
365501785770
365501770406
366571252386
366525110690
366525127074
367598807382
366525188518
366525114018
366525130402
366525187754
367598806678
367598806682
367598806698
366525188698
367598807702
387246090918
387246090922
440866052778
366559717993
366559734377
366559717994
370878884442
370878884506
366554539673
439590677154
439607466634
439590742690
439607532074
370888051350
371961768598
370888051366
371961768602
372154919530
372154919594
372154919593
371961801350
367650052742
367650056838
367649991302
367650056841
365434608233
371148364457
371139914374
370879589029
366571247954
367644989778
366571264338
367645006162
366571329874
367645071698
365434611306
366576310809
366576314905
371961977482
440866003594
367632488857
372196862629
372196862614
372196879013
366554556825
366554556826
372159130280
366505122393
366509316697
366554536601
366576474726
440681130665
439792085592
440861633112
440865827416
367897696938
367897713305
367897713306
367897762474
371089381962
370888247977
367628233114
370870495814
366576249425
370866235785
370870479238
370866301321
370883078537
370866219425
365434661529
367650171478
367650171482
365788043942
365788043946
371961916058
370887273093
371956820553
370883078753
439590721961
366525061802
365430417829
367632410201
367632475818
367632492202
366558733994
367632426601
367645006358
370883791526
370888026790
370888026794
370871249510
366571333288
366575527592
366592296618
367645075112
367629003157
367629003173
367629019557
367629019558
367629081194
367598786970
365430417830
366575528490
365434350182
366572120617
370878880345
366593219222
366593219238
366593219226
366576540330
366593219242
366592301729
440916339353
440916339354
440866056854
367629015465
366558747301
366558747302
370878880361
370878880425
370870459050
370878880362
366508157528
366572046938
367645788762
366572047002
369810053546
369810057642
369810053541
369810053542
369810057637
369810057638
365435640421
365435644517
365435644518
439589972618
372205267609
369796733609
369796736677
369796732581
366525192786
367598852630
366508092037
366508157573
366524934693
366554540441
366554540457
367632489065
367632489066
367632489049
440681196074
440681212458
439607466658
371089623721
366554491305
366554491306
366558734678
366558734694
440865958565
440865958569
370011445670
365434673766
367629068966
367629085333
367629085334
367629068949
367629068950
365434673750
371123120809
370870495592
370883078564
371961014666
366571260250
366572055124
367645858392
366504159892
366508403300
370883062114
370883078498
367901973158
366525122201
371961801257
371957606953
365435660965
365435660966
371957586600
370871261864
370888039080
371961780904
370883779240
371085171338
365430150825
440861633128
440865827432
369810119269
369810119273
365434415781
365434415785
365434415786
365434411685
365434411689
372159044246
372163238550
366525188774
366504138344
366508332696
366525109924
366508332648
366525109864
369814559382
370878884266
440882604582
370883078790
365430412954
365430417050
365430412949
365430412953
365430417049
365430412950
365430417833
365430413733
367650294426
367633197477
366572382888
366576577192
371085191718
370871282260
365451385258
365430417834
365430413738
365451389338
365434612134
365430150805
365434595738
365434657369
371956804193
366525060697
366525060713
366554552726
366554552742
367632472489
366508267114
366554474074
366554474090
366554491290
366554474921
366554474922
366554536537
366554536553
366554536554
367628233301
367628216677
367628216678
367628233062
366554474150
366558681493
371961961062
366593264218
370888231514
367633258902
371961764266
439607462298
440681130406
366823959206
366823975590
371068545642
371072739926
370888256148
366572300964
366576495268
366593272484
367646042788
370870462886
370878884202
365434677913
365434677914
439788149416
439792343720
366576245322
366576249418
366576294426
366576310810
366576310858
366576314954
367598786201
367645797016
367649991314
366576298600
366576249490
439607708262
366555343530
366572313252
366576556708
366824024741
366525191848
370888186517
370888186521
370888186537
366576245381
366576249477
366572120488
366508316326
366508316330
366525044394
366508316262
366508316310
366508316266
365451385514
365430479525
365451385445
365451389541
365451389542
439859391122
366504076966
366525064793
367598791338
366558734742
366554552729
366554552730
371085175393
366576310854
366576314950
366526159522
366526175906
366508333672
366525110888
367598852712
366571248289
366504139368
367632411238
367628233317
366558751318
366558751334
366554474137
366554490521
366554474138
366509320870
370887264922
370870459049
366576495241
366504143458
370866268778
370870459046
365434608293
365434608297
371957607000
365434608298
365434608294
365434612390
366504139286
366504143382
366508337686
366572235413
366572235429
366572235417
366576474774
366593202774
366593202790
366575454806
366576478873
366558730857
366558747241
366558730858
366525061722
366508382870
365452434089
365452434090
365452434085
365452438185
439607450210
440681191962
440681196058
367650298532
367599839845
367598787222
367598938645
372163287642
372163287706
366504138408
366508332712
366840814248
367914556072
370871282088
366525122153
367598790297
367914551978
370879605338
370879670874
370888042920
365430150758
365430150761
365430134374
365430138214
365430138213
367629085273
367629068890
440681388650
440681388630
440681388634
439607708246
370888231526
370888231590
370888256133
367650294425
367650294441
439607663253
439607663257
439607663269
439607663273
370871462545
370871478917
439590693509
366503880273
366503962133
366558685594
366558669209
366558669210
366508141218
366508157578
366508337553
366508140132
366525061545
366508091013
366508156549
369796748966
366576511636
365451385257
366508403352
367598873192
366508419688
366525196904
366508419736
366525196964
372163308196
366840748696
366844947089
367914490520
366844942994
366844988070
367918684818
440882797224
370871458442
370888235658
370871511702
370888288918
370871462538
440681392742
440681392730
370879670873
371953396378
367649262166
366575520406
366575520422
367650220710
367650220714
367666948774
367666948778
367666948762
367666948758
371085175202
366593083994
366593084010
367666825818
367666825834
367632492970
439788153512
440861895336
367632476762
366558669481
370888043154
370888059538
370887994002
370887977618
367628298646
367628298661
367628298645
371123120746
366571248210
370866284961
370870429317
370871216681
367633459865
367633476249
367633476250
367633476265
367632493145
367632493146
370883078697
367666047650
370887272998
370011445925
370011450021
367666965142
366508267098
366575524426
366504077654
366504077658
366504077670
366504077674
365452434073
366559455830
366559472214
367650040346
367598787226
366575528530
367629261481
370884102809
371089615509
366572235430
371072838297
370011445926
370011450022
370011445930
367632427433
367633279577
367633279593
367633279594
367633263210
366575507989
370871196042
370871249302
370888026518
440861813416
440882784936
372209445537
372209461921
372209519273
371135777449
366593092122
370879851173
370879916709
367649266310
367649204870
365435726506
371089386129
366575528548
367649270420
440865827401
439808862817
440866065065
439809043041
366504142500
366508353172
366508336804
366525126296
367598856792
370888231530
367633279642
365501766058
365501770154
370887985817
371080997529
370887985753
371080997465
370887985769
371080997466
370887985833
369796733349
369796733353
369809336746
369809332646
369809336742
369809332649
366508332678
366525109857
366525122197
366525122213
366559468118
366559468134
366559468121
366559468137
365434657429
369796749737
369796753833
369796749734
369796753830
369796753834
369796733289
369796737385
366508382614
366592305826
367645076136
366508333702
366508399238
366525110822
366508403334
367645776410
371089566346
372159163046
365451384469
365451384473
367666047530
367628277418
366503897734
366503963162
370871249574
370883861065
370883865161
370867006104
370871507622
370888284838
370888256134
370871462546
370888252038
366508288405
366508288425
371089377702
367633476261
367633459878
367633476262
439590738473
439590742569
366575458962
366575524498
366571264664
366575508072
367645993573
367650187877
365430413989
365430418085
365430413993
365430418089
365430413990
365430418086
370887272849
371961014661
370871442022
370888034921
371961764453
370867251814
370867251818
371961764457
370867251878
370867251882
370884029030
365501766309
365501770405
365501766310
365501786790
365434608041
365434411621
365434415717
371089377878
371089377894
367628999081
370887273057
370866301528
370870495832
369796733610
369796737706
369796684454
369796688550
369796737705
366525064810
367633214058
369796749989
366503880354
366508135978
371123137190
370867001898
366525131361
367598856801
370871200354
370887993930
370888059466
370871183782
367649270440
366558669465
366558685849
366558669466
366558685850
366558685866
366576294442
366554557082
367632476761
367632493210
367632476842
369796733290
369796749994
369796749990
367633197401
369796749926
369796749930
366558664281
366558668389
366558668390
366558664282
366554540697
366554540698
366554491561
366558665386
370887973418
370883799594
370887977514
366572051082
372196862569
372196862570
367645776426
367645780522
366572116522
367633263273
367633279641
367633279657
366828235433
366828219033
366576298578
366576249426
366576314962
366576429734
366576429722
366526241448
370887973282
370887977378
370888042914
370887993762
366504072854
367598675498
370888038986
367650253445
439792020130
440861633066
439792085666
365434394218
366525049257
365434398314
367628215897
367628215898
367628232297
367628232298
370870462117
370884094633
366571268498
366571333986
369810123366
369810102885
367645010322
366571252066
366571268450
367645075810
366508386985
366525065897
367633197478
369814301290
367598786986
367598786966
370866219410
370866235782
370866301318
370870475145
370870479241
370883078534
367649249697
367650237066
366508271253
366508271269
366504076950
366508271254
366504076949
366504076953
369814297241
369814297242
369814301338
366558747030
366508353157
366525060761
366508381861
366508381865
372196924058
367666825814
370878879402
370866235032
369810106982
369810106985
369810106986
367645792916
370870458022
370878879401
367666961061
367666961065
367649204869
367666043429
367666047525
371957590550
371961780758
371961784854
371957606934
367650056725
367650036245
370871196037
370871245205
366509402761
366526114457
366509435557
366509435561
367649249833
370888059433
366576507529
366593223317
366576544421
366593223321
366504076965
366572112553
365430155877
365430151781
366508382809
366508382873
366525061721
366525061737
366508382869
372159044250
372159044266
371957590565
372163238554
366503896649
366503962137
365430150741
366575528616
440849033882
439607732897
440681409177
366554557081
367628278438
367628278441
367628278442
371956820628
371961014917
370866301588
370870495892
440681196114
439607454290
439792265889
440681277974
370888297129
365451384485
365501721253
365501721254
366844947090
367918688914
366504159785
366508333609
367646038692
366593219237
366593219241
440681196200
439586482856
439590738600
439607454376
366508354196
366525131412
367598873236
370870463146
370870495770
370866268762
370866268826
370866268758
370866268774
370871397014
370871397034
365430138277
370870459045
365430134181
365430134182
365430138278
370871245401
370871245465
370883840422
370888022681
370883795362
388315589272
388319783558
366576474794
366571260266
366572251797
366572251801
366576478890
366576446106
366572251802
366576446101
370867264168
370884041384
370871458472
370888235688
366505126489
452744293010
365501782438
365501786534
365501782442
365501786538
367598787178
365501770150
365501770149
367598787158
367598787162
387246086810
366525106774
366525106790
367598852440
370871261770
370871265866
370888043082
367897762473
366508140194
366524929578
366503896660
366508140113
366508156486
366503896709
366508140069
366508156554
366524933674
440929000104
439859452584
366559734378
366571248166
366571252262
366571264550
366571264553
366504139305
367650056786
370888219306
371085421226
371068594850
371068611210
370884037210
370884037274
371085384326
371085388422
370887985754
371080997481
371080997545
370887985770
370887985834
367598873157
370871442090
371123182234
369797523878
365430150550
365430150553
365430154901
365430154905
365434591642
365430413737
365430413717
365430413721
365430413718
367598856866
367598873226
366503963304
371089640106
372159163034
367598676522
367598938666
366525131426
366525115042
439607536289
367645792837
367914486378
367645796933
367650040341
367645862421
367645792901
367645796997
367650036261
366572050969
372163242582
372163242598
366508399000
367598856612
366504143268
366508353940
366525127064
366508337556
372163353253
366525127060
370888059540
370867088020
370871282324
439808862802
440882604581
372163308177
366504159848
367633275498
367633275482
367628281497
367628281513
367628297897
367628281498
365434611366
367914478242
366508382821
366508382885
366554552681
366559799978
366558750377
366554536281
366554536297
366554536282
366559783593
366559799977
366559783577
366576249366
366571251297
366576474790
439775292070
439775308454
366572313236
366576507540
367646055060
366593284756
389401963161
389401963162
371139959464
366503897752
439855258280
388315634344
366508354182
366508419718
366525131398
367650253460
367667026584
366555339177
366555322794
366555339178
372192668325
370866235048
370870462118
370870429322
366575520346
370879867561
370879933097
370879867497
370879933098
366504094362
367628278185
367628278186
367628294553
367628294569
367628294554
367649261978
367628282201
367628298585
367628282217
366504076886
366508271190
369809320618
366559472282
367633258906
366571326122
367633263013
367633263014
367649270293
366571326042
367645067866
370888022633
367633197462
369810102886
369810106981
439590759049
439607536169
366554552937
366554552938
366508317334
366508317338
366571248154
366571264538
366571252250
366571268634
366525045338
365501720229
365434607273
365434607270
365501716133
367650298536
370883058338
371956800138
366503896598
366508157509
366524930602
366503897688
366508141153
366508091974
366508141138
366524930582
366508157510
366503897673
370887973521
370888039057
370887989905
370888055441
371085175441
371085191825
371961784965
369809332650
369809332645
369809336741
367628294570
367633275558
367633279653
367633279637
366504077737
366554474901
366554474917
366554491285
366554491286
366558665109
366558665110
366558665126
366558681494
366524933654
366508354132
366525131348
366504159912
366504159832
366508403348
366508354136
366525131364
366508403288
371957586473
371961780777
371957590569
371957586457
371957590553
440866024104
370887969369
370887969370
370887969386
371080997546
371080997530
370888051290
366508399129
366508403237
366504143457
366504159877
366504159817
388319828648
372209527464
372226304680
372192750249
370866281002
365451455077
366571268500
365451455078
365451389349
365451385254
365451389350
365451389353
370867022469
370867006097
366509451928
366526241444
366509402728
366526179944
367599921768
366505208424
367599921832
371953396325
439585712777
439589956137
439585696417
439585778217
439589972521
439589952041
366571330210
365430151769
367649266250
367666043418
367649270346
367666047514
367649200714
367649204810
367598872216
370870495848
370887273058
371961965222
371961965162
370888239714
370888247962
372205267625
372205333162
366508382825
366525061801
371089578660
365434415769
366525196968
367598938792
365434607274
367628298601
365434594966
365434594969
365434594970
365434657365
365434591637
365434657189
365434657193
365434657190
366508386917
370887973510
370871196294
370871261830
370871200326
370871265862
366575528522
370888038982
366559517353
366559517333
366559533717
366509337173
366505142889
366509337193
366509382281
366509435541
366526114405
367599839829
366509370021
366526098069
367649987142
367650052678
367649991238
367650056774
366525060778
366558751142
370888301220
371962043032
366572300962
367646042786
366572317346
367646059170
367918680678
367918680726
370887961258
366558734758
366558734741
366558751125
366558734757
366558751141
367628216917
367628216918
367629261401
367666965078
367666965082
367666965094
370888043046
365519542949
365434677673
365434411690
365434677674
365501782441
365519350373
365434345045
365434594917
365434594918
365434594922
365430150502
366509365846
366509365850
366509365910
366509365914
366526093914
366526093926
366508419668
370011429285
370011433381
370870479398
366554552725
366559455654
366559455638
366559472022
366559517081
371961014806
365434661545
366558669477
366508385962
366525064874
366508386922
366508386918
366508386986
369810315925
369810315929
367629064618
367633258921
367629015449
367628999066
367629015450
370883070614
367650183834
439607462506
370879605146
371953396137
367645973141
367645973145
367650167445
367650167449
367645973157
367645973161
366593092117
366571326057
366571326121
367645067865
370879588953
365430151830
366575454870
366575454886
366593206885
369797523881
367649262185
439607454369
440681196193
439607470753
440681212553
367629064810
367650171477
367650171481
367598873256
367628216981
367632410261
367628233365
366576290405
367650032293
366576290389
366576306777
366576306857
366576290409
366576306774
453797128874
367650048598
440882731670
453797128873
453797112473
440882731686
366504143524
366508399208
440866019974
440882731690
370866235736
370870479201
370871245413
370888022629
370871245477
370888022693
367628233066
366525061465
367628282213
367628298581
367628282202
367628216746
369810320042
367629003417
367629003418
366558747050
366525061786
366508382826
366508382634
366558729881
366558729893
366558733989
370888231510
371139943062
371953396138
367650310821
366572296865
367650249361
366576503461
366572300897
367646038689
367650245285
366576495201
365430413994
365430418090
365435644586
365434673754
365434677850
365451455065
365430413734
366509316761
366509316777
366505122453
366505122457
366505122473
366509316757
366559451817
366555323050
366555339434
366554540437
366554556837
366554540438
366559455893
366559472277
366559455894
366559472278
370867284584
370884061800
367650036328
371957803624
366572051096
370870462825
370870462889
367897696874
367645977193
367650171497
367897713258
367645977173
367650167382
439607404953
439590726057
371080997477
366575528338
367649270162
370871200146
369810315946
371072789092
371089566308
371085372004
367649253929
366559455910
367629064789
367629068953
366554552985
366554536602
366554552986
369796683429
369796754025
369796754026
366576310882
367650052706
367649987170
367650036322
367901891221
367901907605
367901907606
367901907621
367901907622
371089377942
367901891238
370879654501
370879654565
370879654502
370871413354
366505126550
366505126554
366509320858
366509320874
366505126570
367645796906
366571260329
367901911705
367901911706
367901895337
366508354186
366525131402
366525196842
366509402762
366526114458
367644993953
367645010337
366576544425
366593223337
366828149417
365434394277
367645989466
371953592934
371953592998
367649991206
371953658534
371953609369
371953658537
371953592938
371953593002
370883799685
366525044314
370883865221
366508135961
365435640410
367645973097
365435640405
365435640406
365435640409
370867219030
370867219050
440681392794
439607724714
440681392810
366572317345
367646059169
367646116521
367645010532
366576245290
366572038698
366572055082
366576249386
371068611176
439607470760
371072739989
371072740009
371068545685
371068545689
371068545705
370870458982
371068545686
371068545690
371072739990
367633197674
367633197657
366576310922
366508267158
367666965158
367650286250
367650286246
367666965162
367650220646
367650220650
365434661466
366558751382
369810320037
369810315941
366526171750
366526159458
367599839850
366504073626
366508267930
366504073642
366508267946
366504094101
366508288426
366504094102
366508288406
366504073625
366508267929
365501716902
370866284948
370883074452
371089582729
439590742674
367650237074
367650253458
366576552602
371089615529
371152546465
372226288289
370871265930
388315572898
388315589258
388315622058
388319816342
388328221354
388319816346
370888059476
370866285202
370866301574
370870475401
370870479497
366525113960
366525126308
366576425577
366572046742
367645788566
366576290394
366572055122
367645780562
367645796946
366572120658
367645862482
366576310917
370888256104
366593088037
365501721258
367645788570
367645010338
366571268449
367645010273
366571268497
367645010321
366571333985
367645075809
371956820618
367629080997
372159048282
372163242586
372159048298
372163242602
370883078754
388332423849
367650183782
366508419625
366554536598
366554552982
367646042722
367632471721
369796684453
369796688549
372154915498
366525131333
372154935958
372154935957
370887273122
366504143204
366508337508
366525114724
366571252065
372196928165
370867022248
371135752858
372154919513
439607528022
440681146966
372154919514
369796733354
369796737450
367645854297
366572112489
371131591338
440866056870
439590721957
440882735782
372192684694
366508337745
366504159818
366504225306
366508399130
366575458885
367650286230
367666965098
367644993874
367645075794
367645993558
365434657173
365434657177
365434607974
366572051077
366572116517
365434607977
370888247914
370888247978
369814296982
369814296986
370011433386
370011429286
370011429290
369814563482
369814559386
366508333652
366525110868
366508157466
366508136986
366503897674
371961784916
370888043092
439775292073
439775292053
439775292069
439775308453
371089562210
371089574502
366593268322
366593280614
367667010146
371957586536
367644994146
366571268706
367645010530
367645010578
367645076066
366571252321
367645076130
367644994210
367645010594
370871183786
370887961002
371089566369
371089631905
365451389545
365434657382
365434591909
365434591910
365434596006
365434591914
367650232970
366503896617
366508090906
440680491286
366503880230
366503896602
367628282470
366559468201
366559451818
366555343525
367667014305
367633213802
370871507625
367650298530
366576568998
365435640473
365435644569
370888317608
370884123304
370884111016
370888256164
440866007686
440866052758
365435640470
369810320038
439809051290
366559472234
367629003433
367629003434
367628999321
366593264214
366593264294
371953396313
371953396377
371085183590
371953396314
370879654489
370879589033
370879654506
370879654570
367645862561
366572055201
366508136985
366508141081
366503881242
366503897626
366503897641
366508091930
366503881314
366509365925
371135765154
372209506978
366526093989
366509365865
367629019734
367629019750
367629019749
366555327142
366508354073
366555343526
366504143385
366504159769
366508337689
365434608217
365434612314
365451385430
367667006042
365434612310
366593264298
366504076902
366593223257
366593223273
367645993561
366558681753
366558681754
369809319594
369809315498
367628293802
367628277401
367628281509
367628277417
367628293801
367628277402
369810315942
370011445929
366504142424
366508398228
366558734934
366558734950
366558734997
366558751381
366558734998
367632411222
367632411237
367632427622
366508337826
366525127306
366508403362
366525192746
371156748970
372213684901
372222106277
372213656197
366576507556
372222106278
370888051305
370888051369
371961768617
365452421798
365452417706
365452421797
365452417702
365435644581
365430483370
371085183574
366508386981
366559713878
366525127073
366559718037
366559734421
366559734422
366559717978
439792085608
439808862818
440865827465
365502568874
366555605673
366555589274
367629277862
367629265557
367629281941
367629331098
367629331114
367629347498
366555589290
366572051032
365435640490
365451389354
366508333460
366525110628
366525110616
366504139096
366508333400
439607790246
371953658538
367633197717
367633214102
369809331881
440912210586
370867006050
370867022410
370867087946
370883795530
366525049450
366508321370
366508321434
366525049446
370883861066
366555327129
366555327130
366555343513
366555343514
366555343529
366554556841
366554556842
366576540325
366576511621
366576540329
370883844770
371957586570
371957590666
366572116505
366572120601
366508337828
366525127320
366525131352
366525192868
366525192792
366525115044
367598856868
365434414681
370879601253
370883857061
370866989414
370866989478
370866989418
370871183973
370871183977
365434672805
370883857045
366576503449
370866268822
366559730326
366559713941
366559730325
366559713957
366559713958
366559713942
366593288856
366508386969
366572317336
366576511640
366505208472
367628278374
366509451940
367646059160
387246041749
439586499240
439590693544
439585712426
439589906730
439585696042
370887268753
371080981142
370870479252
370871458441
370871511701
370884057746
370888288917
370871511717
371085384338
370888247961
371961965157
371961965221
371961965161
366576507525
370878880357
367645989462
366593223269
367645993577
366840736418
369814313622
367645977258
367650171562
369814317718
365435706010
365435710106
365435710105
365435706006
367644993889
366508337702
366508354074
367901973157
369796733593
369796737685
369796737689
366558730902
367649266249
371956820502
372159064726
372159064730
372163259030
372163259034
372163259050
371085322922
439589972376
366526098089
439606749601
366509369961
366509370025
366526098073
370871282314
370887989898
366559779481
366559779497
370879654314
370879654313
367645780641
366572120737
369810119318
369810119322
369810123414
369810123418
366593264213
367667006037
372154935977
372155001513
372154935978
372155001514
367628999062
367628999078
367629015462
371957717653
371957717673
371961911957
371961784853
366572046694
439589952042
370888055380
371089513109
371085318825
367645993641
367650187929
370884119206
367645993625
457047714474
457039293094
457047714473
366525196882
366824020633
366824020634
366824020649
366824020650
366824024742
366824037033
366824037034
366823975574
366823959205
365430479273
365430483369
370871507621
365434349222
365434349226
370870495636
371072789137
371089578629
366572034602
366572050986
367628278425
367628278426
366572112490
366526093990
366509365930
366526093994
440861829796
365430138470
365430138469
369814296998
369814297002
370866285098
370870475306
370870479402
370866301482
370870495786
367649204805
366576310929
366576245393
366525049514
369813531029
366525110689
367598807381
367598807385
370883791462
371080993445
366503880234
366503896618
366508090922
366508287574
369796687514
366504093270
366571259497
366572055065
366525113956
370867001768
370871196072
370879588761
370879588762
370879654297
370879654298
366844938854
366840748648
367914490472
439607708266
440681388698
366504139176
366508333480
366525110696
367598852520
439589972357
366840736417
366840752801
365430478501
365430478502
439607667306
370866301524
369813526950
369813526949
366558684838
369796733285
369813531045
369813531046
366558730841
366558747225
371957574298
371961768534
370883856982
370883856998
366504143442
366504159814
366504225302
370883857046
371957574294
365451450789
365451450793
365451450790
365451450794
370888051289
371961768549
365451454890
371089381930
371961780778
370871216666
370883795494
370883799590
370870459030
370878880409
371089381926
370867067434
370879589030
370879654566
366525126292
366504142436
366576249365
367645780501
367649245605
366575503781
366576310805
370867313322
370884057734
370884061830
371085380249
370887989842
371085372001
372159097445
372159097509
370866267818
366508288345
366504094041
367598791061
366525065557
366525188517
366525065561
366525114785
366525131169
371962047140
366559521178
371957852836
372196862553
372196862554
372159048278
439589956138
439589972522
367645005474
366571263650
366571325094
366571247266
367644989090
439607454372
371961014853
367628233110
439607708330
367901956774
367629265498
369814510245
372192668266
367645796890
372192684649
366525115041
367598856865
370867022214
370883795334
370883799430
370867005842
439590677156
366575528532
366592305745
367645076052
367649270356
367666047569
366504225364
366571334228
366508419653
367901960857
367901960873
367901977257
367901960858
367649991249
366576314961
367650056785
367901977258
365434394214
366508337812
366525114980
366525127256
439607445866
439607454113
439607527849
439775291802
439589906821
439606749477
439775308202
439590693253
367649200546
366575507874
367633197673
366508288665
366508288681
366504139290
366559521193
366559521194
366555326874
366576511649
440865827466
387246103205
387246103206
387246103209
371962030746
371957783178
367632476585
370867071585
370867087945
370888055393
366576487078
367650036324
367649200722
366509370010
366526098026
366509369946
366526098010
365434608037
365434608042
367918738081
367918746281
365434410601
365434414697
366571325785
367645067609
366840752804
366844947105
366526159448
367599901272
370883078756
367644989857
367649266081
366571268513
366571252129
370871245418
370888022634
370887264666
370887264618
370887264682
371085191592
371952626089
371089377706
371952626090
367666043553
367649270436
367666047649
367645076132
366503880290
366503896710
367649266321
366571268756
440845101722
440845101738
440845118122
366572251733
366576446037
440845118121
366509435546
366554536613
366554552997
367901891161
367901891162
365430483625
370883865222
366571329876
367645071700
440681126294
366571268436
367645010260
366572046758
370870430090
370870495626
372213652106
372213688998
453801306778
370887961190
370887961254
370871184042
370887961194
440849033881
440849033898
372192729753
372192729750
366508317018
372192746150
367649983141
388328221337
388328221338
367649991330
366576298658
367650040482
366572055208
367645797032
440849296026
440849296042
369813527142
369813527146
370883078793
370883074634
370866215498
370866219594
370866281034
370866285130
366828165737
367897778853
367628216682
372192684650
366572120613
366576314917
366593092133
366576315013
372159044202
372192668326
372159044182
372192684709
372192684710
372192684693
366575454822
366593206889
370871183718
370871183722
366576503465
366576503401
367598790313
365434661530
365434657430
365434661461
365434661465
370870479188
370883078481
370867071530
366572120618
371085175378
371961780809
366572055178
370866301577
370883857062
439809059490
366576474730
366593206934
366593206950
366593206938
366593206954
370888231577
371961961125
366576478826
366823971481
366823971482
366828149397
366828165781
366828149398
366828165782
366828149413
366828165797
366828149414
367598787241
367645780578
366559455846
366559472230
370888059554
366503896728
366554475177
366508398232
366525126248
370883078801
370887269009
371072838298
371089615514
370871282249
371072838294
371089549990
367650245289
371072772714
371089549930
365434414694
365434395306
365434399398
365434399402
367629265513
367629265514
367649261977
370871196202
370871200298
367629281897
365434590873
365434612073
366508272233
367666965141
367650245269
367645796901
370883070569
371089517157
367649245861
366576560808
367650302632
371072805544
369814559381
369814313577
440681147029
440681147033
369796687530
439607528105
367632410202
371089558118
366824024729
367897766553
370867087976
370871282280
370888059496
371961801320
367897766569
367897782953
370867002024
371085175434
366576249482
367645788522
366572046746
370883828138
366572046762
367645788586
366571268440
367645010264
372196940453
372196940454
371123133094
366592296614
367666038438
371953609370
366555327141
371123182230
371123198629
439589956002
366571333976
439589972372
439589972312
365502556837
366575524258
367645006248
439606745386
365434657449
365434661541
365434656426
366503881377
366503963177
366503897737
366508137001
365435656853
439792081545
366824024730
366824041129
366823959194
366823975578
366823959209
369796732585
369796737702
369814317673
439607732904
369810123430
369810123434
369810102677
370887268689
370879863397
365434661525
440681130602
439607462566
370888039050
370888043146
439606749522
371085433496
371089627800
371139955365
366558746281
369810102693
369810102697
369810102694
369810106790
369810106789
366503896724
366559533733
370866284884
370883074388
366559517334
370883062161
370887969445
371080976794
370867055274
370870462121
366571268696
366575512146
367649253970
371068545622
370888252049
369809316266
366575462994
367649204818
367649270354
370866235992
370867055206
370867055210
366508316246
366508381849
366558685530
366558685545
365435656869
365435656873
370878880102
370870458789
367649199762
367645067625
367645067689
370879601242
370879601306
367649245798
371961801300
439586499220
439607532120
439590693524
370866301608
370883078824
439607470630
370884045450
370884094618
370867317398
370867264138
370884041354
370884094614
371961768538
370867329688
370884106916
370871523992
371068656280
370888252008
371139959460
371135777445
371135777446
370884057704
372213652101
388319816361
388319812266
388319812262
453813840536
452740098712
453818034834
452744333994
453818075818
366592301473
366575524260
367666043297
367645788758
366572046998
366572047014
370870430022
366572051017
370888051353
371961768613
366571334052
367649270180
367666047393
367645075876
370888034730
370888051110
366504142504
366508398248
366508336808
367598855848
366525114024
370870474408
370867219049
370870463130
370871413334
370878884441
439590673030
439590677126
439590738566
439590742662
439607466534
440849050201
440849033818
440849050202
440849033833
440849033817
366572112474
370867087956
370883865172
371957606996
371123186341
370878884505
371089582753
366593346217
371961965225
367667026600
365435640486
365435644582
365435640489
365435644585
365430217382
365430221478
365430217386
365430221482
365430479530
365430217381
370887989833
370887993929
366845008548
366861781669
371123120729
371123120730
365430483622
365430483626
365430479529
365430483621
365430479526
370867055269
370883832485
370866284904
370870479208
439607404949
439607404965
439775287978
439775304362
439775287962
439775304346
439607404969
439590726053
439607528025
371089558182
371089558102
372163287638
365501716890
371123120745
371123137129
371123137130
370870430250
370866235946
366572251734
366558733990
366558729882
370870479249
370870495621
367645792920
367649987218
366576294504
439589907082
439606749738
371135699594
371135703690
371135752854
366575528337
367649253732
372159179416
366526180008
366509451944
440866019978
439590677153
439590742689
439792278150
439808989846
440866024074
440882735770
371961997972
370884061844
440866007690
365430154857
365451191909
439607794344
439586761384
439590955688
366840732322
367914474146
439586826920
439591021224
366571325782
366571325862
367645067686
366593288866
453818096296
453834869414
370867067496
370883844712
370871261800
388315622042
372163287702
372159093354
371085363882
365451191973
365451191974
365451192997
365451191978
365451187877
365451451045
365451455141
365451192998
365451193002
367650249368
371148352153
439607470498
439607527850
439607454114
440681146774
366576491172
366571251298
366571259546
366576425574
366576425558
366576425621
365451384425
365451388522
367914490516
366844942993
367918684817
366844988069
367918729893
366526155353
367599835817
366526155369
367897778854
367897762470
372192729749
366525131345
366525114961
369809336745
439607400806
439590672774
365501786794
366509337242
366828214938
366828214954
366828219046
439591004836
439607732900
366525188778
440681474712
370888034966
367649270369
366575463009
365430138474
365430134378
365434345046
365434345062
365434394213
365430134373
365434345061
365434349158
439586564712
439607536216
440681278040
439590742628
440681212564
439586482852
367649991210
366509382282
366526114394
370871261738
372196878953
372196878954
370867219114
370871413418
366503881378
366508137002
366555605674
366555343273
366525049498
366555589273
366525049242
366555589289
366559734425
367650232994
439607708326
366572374698
439607716513
440681409173
440681388714
371068644006
371085421222
439607708250
440681388694
371089566370
367645858404
370884061864
367598791077
366508267925
367598786985
366504073621
366592305701
439607724698
439586564650
439590758954
439590742570
439586482850
439586499210
439590738474
366575523496
365501765989
365434656410
365502572969
365502568870
365435656854
440928996010
365501770089
365501770090
439809043112
440866069160
439855254186
439855180450
371135716008
371139959458
367649983130
371064416937
370871184038
366525105766
366525105830
367598786138
367598786154
366525106854
369814313382
369814296997
367628233126
366508091978
370870495813
370866236008
371957852824
370887273029
370887269002
366575524514
369810123177
369810119078
369810119082
369810123178
369796733337
369810053530
367897696918
367897713302
367897696933
366571334049
370884045416
370887272842
387246086805
367897717413
367897717398
367897701029
372192668309
372192668310
372163238506
366828153509
366828169893
366828169894
366828169877
366828169878
366508403096
366828153493
366576446105
371123120806
366525192612
367628298906
367628282538
367628298921
367628298922
367628282537
367628233306
365501765994
365452438169
367628216922
365501765993
439788087960
387246037654
387246037653
366575458978
367649253969
366575512168
366828219050
366828235434
366504076890
366504076906
439590738536
370888231593
439590742696
366576569001
366509369942
366509370006
366572038818
367645780642
366572300961
371135752869
371148352165
371135715977
367646042785
371089623701
367632476569
367632476570
367632492954
367632476586
367645977178
367645977174
366572251738
366576478822
366576560792
367650249384
366576491108
366593268324
367646055080
366572296804
366576491156
366525126312
366525061482
366525195944
439775554202
439775554217
388315622038
388315572874
366576314792
366840736354
366840744554
365501786537
365501786789
365501786793
453818100392
387246037669
371123137178
371123120810
365430478505
365430478506
365434398117
365434411669
365434411673
365434415765
365434399397
365434395302
365451385237
365451385238
366576507554
366593284770
367645006410
367645010506
367645071898
367645075994
365434590821
367628217002
366525123158
367628282218
367628298586
369814297238
366558729897
367629019802
367629019818
369796733350
366575524373
366575528469
366504225301
366571260310
366508419605
370888317604
371962047128
372159064682
372159064666
365451384421
365451388521
365451384422
367633197418
369814317717
367628233113
367628216730
367629003178
367629019562
439590721958
366554539690
371131591337
367649249818
387246090917
366525196838
367650036250
370888038953
388315654824
388319849128
388336618154
389401979562
366593268392
367667010216
366576491176
367650233000
366526180004
366558730842
366558747226
366558681770
366526098022
365501782681
365434345114
365434346134
365434346138
365434344853
365434344854
365434656406
365434656405
365434656409
367914490529
439586482849
439586499209
370888235624
370867264104
371957787240
370888026730
370888026726
371961768550
371080997482
370887957098
370871179946
370887957162
365434677861
371064416938
371064482474
457051908776
367666960998
367650183766
367650183850
367650232966
367650282134
367650237062
367666960982
366575520357
367645989481
366575520421
366504094361
367633525417
367633541801
367633525401
366504094377
366525188714
372226300580
372230490789
370866236072
367633275302
370870479522
440866024088
439792282264
440882801320
367914478241
367914494625
366840810153
367914551977
370867219113
371072772710
370866235988
370870479441
370870430277
371089549926
372163291754
371072838314
371089562250
367599839914
367599839898
366509435542
367633279401
439792085665
371957721770
371064416874
370883077800
370870494888
370887264858
370887264874
370887264938
371952626346
371953609385
370867055273
370883832489
366559783594
366559783578
366555326873
439607536296
440681278120
439590759080
366508419752
366508337832
366525127336
366525115048
367598856872
366504143528
366508399272
365434398294
365430151765
365430155861
365434410582
365434398293
365434414678
365430150742
366508354117
366840732321
366592301594
366592305690
366509369958
366509369962
366526098070
366526098086
367650183846
367629080998
367598873109
366525192866
367598873130
367598856741
367598873113
372159048294
367598807445
367598807449
440681147050
367645792810
370871282218
371957574249
370883074404
371080976809
370883775066
370883791530
370883775146
371080977001
371080977066
366525060694
366525122149
369796684182
440681409110
439607712418
439607728802
371131525802
371131525801
365501765285
365434661274
370866236042
439585696418
370866219682
370866285218
439586695834
439586695850
367645067626
367645067610
365434350229
365434350230
370870479242
370883078538
370866235786
366571325866
370866280872
366840752802
367914494626
366840810154
370870479448
370883074660
370887268961
370883078694
367644989978
372154935913
367645006362
367649200666
367644994074
367645010458
366503876122
366503880218
370866280808
370867284628
367598856785
370879916697
366572051090
366575524485
366592301605
370883795620
371085187718
371085187717
370883865169
439607462489
439585778008
370883058274
371956800074
371956804170
371131525737
371131525738
367628216982
367628233381
366525064809
366525065830
370871179882
370871179942
370887957158
440681147049
366575511908
366575462801
366526114406
366509365929
366509365861
366526093973
367599835801
366526155433
371072805513
371085380265
370888256162
371961997962
370888305314
370888313514
372213656202
372213689002
440882801314
371089631906
366828165738
370883844520
370888038824
370871261608
370867067304
367633197417
367633213801
367633197658
367633214042
365434661273
365501720986
365501716885
365501716886
365501720982
439792331428
439809059492
370879851110
371953658533
366840736353
366840744553
370883062314
370883078698
370883074602
370887268906
371961932374
370887273002
366575520345
366575520361
365501766054
440916355738
440916339370
366593268386
366593346214
440681130586
365434612133
365501716901
365501720997
367628233321
367628216937
367628216921
367628233305
369796688282
367629003353
367629019754
367629019738
370887985766
370887985830
371080997542
371080997478
371080997541
370887985814
370871183958
370887961238
370870475146
370883074442
370867022377
367666948773
370879666789
370866236052
370870479505
370870430341
370870495877
370867087960
370883865188
370871282264
370888055378
439590759060
439585712808
365501765286
365434398118
365434398122
365501765290
370867284648
367649266245
367666043413
365434415722
366525123174
367598791258
366558746282
367650048617
367650048681
370888239778
366508353176
366504158872
372205251226
370870430342
370888288933
370883861126
370884037290
369809316261
369809320357
366576310696
365501720981
366572055113
366508333594
366508337690
366504143386
371089640105
371080993446
367649270298
370883074598
371961916010
367645862426
367650171546
366575454810
366575454826
365430150549
365451187878
365451187882
370887989834
370871265890
370871200330
366840744601
367914478177
365434594965
366576245386
366593088042
365430154649
370866301322
439792310950
439808989862
439792310954
370883078737
371085175430
370883078818
366508156564
366508090902
366524933653
366508091018
366524929557
367918680742
366525131176
367598873000
366508399016
366525127080
367598856616
366508353960
366508403112
366504139092
366508333396
365430150565
365430150569
365430154661
369796737386
369796733286
367629003370
367629003354
366503877162
366503963224
366524934738
366524934754
367598676506
366503963240
366508157544
366508157592
366503881313
366503897733
371957803672
370867264152
370884041380
370888235672
370888256152
366504143448
366525114968
367598873176
365434673829
365434414505
365501781673
365501781669
365501781670
365501781674
365451191914
366509386404
366526163620
367599905444
366508337570
366559537577
366559537578
369810365082
369814563498
369796753066
369813527141
369813531237
369813531238
366559521177
366525131112
367598872936
366525192616
366504159656
367633275301
369814296981
366525123177
369814297237
366576495266
367649991194
367650171498
367645977194
367897717353
367649204762
369809335977
369809331882
367645792794
439809051306
369797798570
369797802666
369810365078
369810365077
369810369177
369810369178
369810320022
371139975844
370888301208
371135765156
371152542369
372213701284
366526114454
366526114470
366524934698
367645792906
366509386402
366509435558
366509435562
366526114474
367666961049
372163242665
366526171801
367599839909
366526163553
372196924054
372196924070
367650249349
367666961045
370867088005
370883795589
370867071634
370883795529
370871265889
370867006049
370867022409
366504094293
387262880422
370888039058
372213684890
366504073622
366508267926
366508288341
366508271974
366525045158
366525045162
367598786902
367598807401
367598786906
366571247970
366571334050
367645075874
366571252049
367644993873
367644993954
367644993890
367645010274
366571252050
366571264408
366572051105
367645858465
367645776545
367645792929
367914486425
371957787236
371961981540
372159113828
371068594792
371068594788
367629015706
387246086822
366504139306
366504159786
366525196881
366508403281
366504159878
366508403238
366508399126
366525196826
365502568869
365502568873
366571264674
366575512161
366575462993
366575528529
366571252305
366571334248
366571334312
365430155865
366504143522
366504159882
366508399146
366554552682
370866989477
370866989417
370866989481
370866989413
370887960998
371080981161
439586433430
439586433434
367628999061
366593088026
366576249413
366593088021
371957721706
370871462533
370871507609
370884102825
371089615513
440882780834
439809039010
439809055394
366505208488
366509402792
366555323034
366555323033
367649983066
366555339417
366555327125
370871179878
370887957094
369796737446
371064416873
439775554218
439775570602
439585712552
367901907610
366575454874
370870463082
372196924057
367645796962
367645797010
367645862498
370871442026
372196878998
440882793066
439590759016
440861764261
440861764265
440861764249
366576495265
366576560801
367901891226
367901891242
367901895270
366828149350
366828165734
366828149334
366575523492
366592296613
367901907609
367914494628
367918688929
371068660388
371072854692
371085437604
371089631908
372159179428
389401963174
366526163618
366526180002
366524934817
369797798566
370887268746
367650048602
366558729877
366558729878
366524933669
366575507816
366575524242
370870463142
366525114020
367598855844
367667022506
367645067945
370871282202
366571326041
370879851109
366571325801
439792282246
369809336998
370011450025
367633263017
369814575781
371961768358
367666825898
369810102954
369810102953
370866301352
370870495656
370883832490
439775570601
370866301288
372159093418
366525105765
370870463062
370870463126
370887264602
366592297578
366592297642
367666039402
367666039466
367666039386
371962030762
367667014306
366593272482
440866056874
440861633192
365434349142
365434349205
365434349206
365434349210
365434676905
365430482602
365430482601
365434660505
366508271205
366508271209
372154915434
367666825829
372154919525
366593084005
366593084069
371081189989
372154919526
366593083989
366554490473
366554490474
370879601241
371072854680
371089631896
372163373732
367645792914
370866285144
371961932457
371089562273
366504159766
388328237737
365434590822
365434411622
366526245544
367599987368
366504094037
366504094038
366508288342
367598786922
365434399318
365434399322
365434415718
366558729898
365434395226
387246086825
365434415706
371957721754
366575462986
366525105829
366559451494
366559467878
365519350374
365519346277
367598852629
367598856725
366525192785
366525110865
366525196961
370888284821
370888284825
366571248290
367645006498
367645072034
367666043473
370866235028
366575462938
369814313625
370011450026
370015890085
370015890090
367632471705
366572046698
371085183577
370883861138
367629064598
366508316261
366525044373
366525044377
370866215242
370883057994
370866219338
370883058082
371956799882
370883062150
370870430085
370870475176
367629015445
367645067946
371956820522
371956804138
371961014826
371957738154
371961932458
371957586474
371957590570
371957606954
369809320549
366571252261
366575458842
367649204778
367649200682
366575462933
366571247265
366575463045
367649253914
440866003590
440865958553
370870475432
370883074722
370866285190
370870495817
370870495818
370887273034
367897696934
367897713301
366526155429
366526155365
369814313621
366593346218
439586564776
439809043106
367649987114
367644994090
367645006378
370867087914
366504225448
366526114390
452744358568
452761127594
453834869418
453813901992
440861829784
388315638436
440933173930
440928938648
439855196824
371961916070
371957721766
371961916074
367901956762
366526163554
370883062406
366571268433
370011433637
370011433638
370011429541
370011450009
369810107049
370015644314
370883058058
370883062154
370866284938
440681277994
440681196194
440681212554
439607454370
439607470754
366525122217
439607446186
370887969434
439607528041
367646116522
367914560168
367918754472
367935523498
366505274024
366509468328
439607798440
440681540264
389401963173
453813906088
367650048682
367645854298
371953592933
367650048666
367645854314
366593084074
371961911978
371957717658
371957717674
370879670937
371961911962
366504143272
370888055460
367629064790
439590627754
366508336792
366504142440
366508336744
366593206933
372213652130
371152538282
371139979944
372209511064
366572038738
365434345125
365434345126
365434349221
365434344870
365434348966
365434344874
365434348965
365434345130
366828149402
366828165785
366828165786
366828165801
370866280104
387246086821
366503897642
366508091946
366503897738
366503963178
366525106602
367598675478
366503962200
366524933714
366525106778
366525105769
367598790309
366525044378
367598790293
366525105833
366840752744
366844938858
366844938906
366844938922
369813526186
369813530282
369813526181
369813526182
369796748965
369796753065
366525105750
367598786134
367918733985
366845004453
367918746277
366840748644
366844938901
367918680725
366844938853
366844938917
367650048601
370888039076
371961780888
367628281510
367598786218
365430150505
365434344858
365434348954
365434348950
365430154665
365430150506
365434394026
365434394021
365430154602
365434348949
367599835798
367599835818
371957717654
367598676502
366508157588
367666833957
367644989994
366509386378
367629003366
371089615510
370867067560
370871511706
439607790250
371956804234
367650056788
366593092177
367666834001
366572120660
367645862484
366576298577
367650040401
370866281128
439590890134
440929004200
440933198504
439876225706
440949967530
388328221353
367646042792
371957848744
366509447848
367650237096
439775304345
440849312426
366509370022
366526171802
366526171754
367901911722
366526237350
371123186330
367901895338
367901911721
371089627810
439809116838
439607532194
439808862762
387246037606
387246037610
370870479458
370887268938
370870479457
439585778344
440680491562
439606749777
440680491541
366509370026
366526171818
366572116641
366508333736
366505188008
366509382312
366572296872
370870430346
440916355754
367650237090
366526098006
366576491169
367650249377
367667006041
457035131560
367667022438
371081190042
366593264217
367914486377
367918680730
367918680746
372209445474
367599905384
369810102950
369810107045
365501769386
365435722406
370871478888
388315568778
371961997928
366572317288
370871413417
370867219093
370871413397
367649987098
370888043078
366828149401
439586564649
372163308132
370871446102
372209453722
371135711850
372209453738
366526155354
366526155434
370883861033
367650052634
367650056730
366576478825
366593206937
366576478821
367650040357
370888297125
372209461897
371139910277
370887973537
370888039073
367650245273
388319812265
388315589288
388319816358
388319783562
388319816362
388311394921
388311394985
388311460521
388311394922
365519346341
365519350437
371956820501
365430221417
365430217301
371956804117
365430217302
439585778024
439589972328
365430221481
369796733334
369814296985
371953396122
365434676906
365434672806
365434410406
366576314964
439590676870
370871245466
370871245398
439590676881
367645854378
366572112554
366576306793
372159064662
387246107305
387246107306
367599835738
367599835754
367599835733
367599835734
387262880426
387262884522
367897700966
367897696858
366526093930
370871446166
440861891240
366509447832
366526175848
370879851178
366592305686
367650052760
367650052645
372163308165
371961981573
371089558166
388315589268
371135769240
371156748965
366525131425
365434346086
365434346090
365434346085
365434350186
365434350181
365430138534
367599856278
367599856282
366526237354
367599856298
371956800042
367629064614
369810119081
369810119077
369810385577
367629064597
439607536290
366572116568
366576310872
439808862757
439607470725
439809043108
388328233638
440882784932
388319783557
366525049445
439585778088
439589972392
371961801364
439809034842
366861781674
439809034858
440882776682
439809034922
440882776746
367667014312
367629064613
455982357162
455982361258
455982357157
455982357158
370870495557
370887272773
366509370005
366509370009
366509369957
367897766554
366571333969
367645010257
367645075793
366572034721
371085449892
367644990114
366509369941
367645780517
367645858212
366576310692
366592297381
370883078484
371080980889
370870495572
366576306841
367650052689
367645796948
372154935914
367633258901
366554535574
370866301332
371956820372
370866284874
370883062090
372163242649
366575458949
370866301544
371961014858
370883078760
370866281064
370870475368
366828219034
371135781540
372209523364
371152558756
365434349141
365451388570
367598786217
366525127237
366505142933
366504093289
366508287593
367650052756
370871245417
365430135462
440844774058
366508141160
440849296041
440849312425
439607536212
439590758996
440681278036
366508288661
366508386970
366525106857
365435722409
366525065833
365431528102
366509316713
366526155349
370879851177
371953609386
371953674921
371953674922
371953609321
371953609322
366525127012
366525114712
366576241253
366576241301
366572378788
366576573092
367650314916
366508399252
366593280677
366572292714
367646034538
365431528101
365431528105
365435722405
365435726505
366828149338
366828153445
367646038696
366505142938
367649200709
371956820584
370887268933
388328237738
388319816357
366555327126
367599835797
370011429270
370011429274
370011433370
366508156500
367598786197
439589906826
439606749602
439589972362
439606749482
370866301268
439607400857
366509386328
366575504037
370866219562
367645067942
366571326118
371961014805
371956800021
367598852776
366525110952
366504139432
366509386377
366526114393
370878880358
367649983125
366576241317
366576241237
366508398996
367598856536
366525188713
366525187753
367629261402
366558681510
367628216661
370871183962
370887985750
366508336788
730860264106
730860268202
730860264102
730860264101
458121456297
370871249306
370867050921
370867005841
370871179606
367650228822
367650228886
370871446106
370888223382
367645858388
367666829905
365434349157
367629064805
367628999322
367629015705
367628999338
367629015722
367633275494
366576474778
367649262245
366571259498
440849308330
369809331877
369809331878
369809335978
369809319590
366559717977
370871249561
370888022630
371961764505
371961764441
439792347816
370884119205
370888039064
371962026649
387246086826
371089377898
371089377962
366840748705
370866235796
370870430021
366505122474
366509316778
365434345109
365434345110
365435660950
365501765990
367646034602
366572292778
366576487062
372159064725
369796736666
372159064745
369814301082
369797519770
366505142870
366828153433
366828153434
366828169833
366828169834
370871216682
371072739946
365502569114
365502573210
367646034522
366572292698
369810320021
369809320550
369809316453
369809320554
366526175844
367599905368
366526163544
366593272408
366840728154
366840728170
366840728234
367914469978
367914469994
367918684833
458121456298
366572116584
366593088082
367598938536
366508091973
366508157524
366524934677
439607462550
366558685593
370867022213
370883791269
370871179670
372163238570
387258669738
387258669734
387258673830
367650056741
365435644505
365434661289
365434657194
365434661290
365430151834
365430155930
365430155926
365430479270
365430479269
366558680682
365434661286
366505192024
366526175908
367599905380
366509447828
365518563754
365518559658
440882776666
365451450025
365451454121
365451450022
370888321704
371962063528
367629081174
440928922274
365451187818
370011449769
366505192040
365519350378
365502573209
372159093350
366504094358
366572030554
366572030570
366572030634
367599856277
366593272481
365451385242
365451385241
365451389337
365435640474
371956804122
366526163560
367914474145
366555323049
366840810149
366555339433
371957574233
371957574297
366508267094
366504072790
371957836441
370884041377
370884106913
367628293797
439589951786
439585691946
366503897768
439586564692
440844774041
440844774042
440680491306
370888288921
369813531242
365502569110
372159064729
367914551973
365434350246
365451188902
365451188906
365451187626
365451191722
365518558885
365518558886
365518558890
365451187621
369810107046
370015639973
366555339418
370888026522
365430138538
366503896680
366508090954
372163258966
366503881258
366508092042
370011712169
370011712170
367918750372
366844943009
366525196962
365434344869
367649200773
366504159592
371123186329
370883791253
365519608486
365502831270
440866085544
367666039461
365434415766
365434415770
365430221418
367646124712
367650319016
366571325865
439590627737
439590627734
440681277993
371089386053
440849246890
366828149337
367667006038
367667006054
367667006118
367632488101
367645780506
439607462502
440681130582
439586433450
366845008552
366861781670
439775287961
370011429269
369810107050
366503962196
367897713321
387246086806
439606749521
440680491285
366572112473
439607445850
439590758953
369796684198
369796688294
369796684458
369796688554
366508288666
366504094378
366508288682
366508288662
366558664298
366554474089
366554474073
440681126314
366593088081
366509386344
366509386392
451687389866
451687389861
451687389862
370879928998
387258669718
370883865000
370867087784
367632411221
366554475162
365435722410
365452499622
365452503722
365435660970
365435660969
365435656870
439590627753
366823971497
365435644506
366845012648
439585712532
439607536228
439607446106
440681126570
439607446122
439586695830
365435640485
365435656874
367650052516
367650052520
367666039206
366592297382
366572116392
367645858216
366558665370
366554475178
366554491546
366558665369
367666039205
366572116388
366593088161
366572116644
367645858468
371089562257
439809125032
367598807657
366525109921
366823959129
366824020645
366824020646
366576310936
367666829985
371081190041
370870430282
372205267561
372205333161
387262880421
367667092132
365502572970
369796684202
369796688298
367599856234
439607445930
371961977448
370871458408
370871478932
370884041320
371957783144
366508141093
365434350250
365434350245
365430138282
365434346133
440861747882
365452417701
365430221477
365430216357
365452421802
365430217385
371085437592
365502831269
365519608485
439876225702
365434344806
365434344810
367901895269
452740164264
365518564010
366505192100
371957803668
366504072794
366504072810
372154915433
367914478178
365451450026
365451454122
365434590826
365518559914
365434677865
365518559909
365518564005
367633197402
367897696917
370879670698
387246037674
366824020629
366824020630
365451385434
365451385433
369797519765
369797519766
369797519769
366525192804
369797523865
369797523866
369809315482
369809319578
369809315477
369809315478
366503876138
365501766314
369796688277
369796688278
365430155929
365434350234
369814301081
366526155430
366524930597
366503897748
369797536405
367649245786
439775554201
365502552741
370879863462
366526159521
367599856213
367599856233
366593354408
387246090921
370011708073
370011708070
370011708074
365430138533
365430134186
365430134437
370866235732
370870479185
370887268677
367935523493
367646042712
367598852692
366525196884
367598938708
366505192104
370011708069
365434348906
367645772394
367645772458
367645772378
367667010148
367646120612
367897766570
365430221402
439589906986
439585692202
439585696298
439585712682
439590628010
366504094357
440845101737
366524934678
365434344805
371089381957
387258669733
387258673829
439586433449
365430216106
365430216105
365430220201
365430220202
365434348970
366524929573
365451450021
370879863398
370867350184
370871544488
366526093910
365434596010
366503880353
365431532201
366509402772
367914494568
388311394986
388311460522
365434346149
366571329188
366508157514
366503897704
365451187622
367599856297
366840752792
367914494616
365501720170
365501716069
365501716070
387258669717
366503963220
366505142953
366505142954
366509337238
366509337258
366505142934
366509337237
366509337257
367918680682
365452499625
365452503721
365452499621
366508141154
366524930586
366524934682
367598676501
439607712424
440681454248
439586740904
439590935208
370887956886
370871179610
370871179674
370887956890
365430139558
365430135461
365451188821
365451192922
365451192917
367914556068
366508353896
367667096232
365434395301
366504224424
366508418728
367598937768
366592297562
387246041706
366505142869
440845101721
365434346150
365430150501
370083011237
370083011238
370083011242
365430221401
366508141156
367897782954
367666825813
367666825893
365430216101
366840818344
369796684186
366840814244
367914470058
451687393962
370866215466
369796683370
369796687466
439585778004
439589972308
365430216102
365434346154
365501716074
387246037605
369796683366
366823959130
365518562986
366844988074
367918729898
365430139557
365788048042
369796683365
367918680741
366504139348
370083015338
366525110612
367598852436
367599901268
366509382228
366505187924
366526159444
365430134101
365788043941
